[Licensing::Module] Trying to connect to existing licensing client channel...
Built from '6000.5/staging' branch; Version is '6000.5.0f1 (88b47c5e7076) revision 8959100'; Using compiler version '194234433'; Build Type 'Release'
OS: 'Windows 10  (10.0.19045) 64bit Professional' Language: 'en' Physical Memory: 64640 MB
BatchMode: 1, IsHumanControllingUs: 0, StartBugReporterOnCrash: 0, Is64bit: 1
[Licensing::IpcConnector] Successfully connected to: "LicenseClient-Filip" at "2026-08-04T17:31:19.6963428Z"
System  architecture: x64
Process architecture: x64
Date: 2026-08-04T17:31:19Z

COMMAND LINE ARGUMENTS:
D:\Software\Unity Installs\6000.5.0f1\Editor\Unity.exe
-adb2
-batchMode
-noUpm
-name
AssetImportWorkerHW6
-projectPath
D:/Projects/Kobold Collective/CardGameTakeHomeStarter
-logFile
Logs/AssetImportWorkerHW6.log
-srvPort
51719
-parentPid
110012
-analyticsCloudUserId
3573578210267
-analyticsCloudProjectId
1304c6e3-abd4-4b49-8156-dccc98aa1145
-analyticsLocalProjectId
1a724b6c99c414aacad9983827ba13a6
-licensingIpc
LicenseClient-Filip
-noDiagnosticSwitchPersistentStore
-job-worker-count
15
-background-job-worker-count
8
-asset-garbage-collectors
1
-force-d3d12
-name
AssetImport
Successfully changed project path to: D:/Projects/Kobold Collective/CardGameTakeHomeStarter
D:/Projects/Kobold Collective/CardGameTakeHomeStarter
[UnityMemory] Configuration Parameters - Can be set up in boot.config
    "memorysetup-temp-allocator-size-gi-baking-worker=262144"
    "memorysetup-temp-allocator-size-gi-baking-worker=262144"
    "memorysetup-temp-allocator-size-gi-baking-worker=262144"
    "memorysetup-temp-allocator-size-gi-baking-worker=262144"
    "memorysetup-temp-allocator-size-gi-baking-worker=262144"
    "memorysetup-temp-allocator-size-nav-mesh-worker=65536"
    "memorysetup-temp-allocator-size-audio-worker=65536"
    "memorysetup-temp-allocator-size-cloud-worker=32768"
    "memorysetup-temp-allocator-size-gfx=262144"
    "memorysetup-temp-allocator-size-preload-manager=33554432"
    "memorysetup-allocator-temp-initial-block-size-main=262144"
    "memorysetup-allocator-temp-initial-block-size-worker=262144"
    "memorysetup-temp-allocator-size-job-worker=262144"
    "memorysetup-temp-allocator-size-background-worker=32768"
    "memorysetup-bucket-allocator-granularity=16"
    "memorysetup-bucket-allocator-bucket-count=8"
    "memorysetup-bucket-allocator-block-size=33554432"
    "memorysetup-bucket-allocator-block-count=8"
    "memorysetup-main-allocator-block-size=16777216"
    "memorysetup-thread-allocator-block-size=16777216"
    "memorysetup-main-allocator-mimalloc-enabled=0"
    "memorysetup-gfx-main-allocator-block-size=16777216"
    "memorysetup-gfx-thread-allocator-block-size=16777216"
    "memorysetup-cache-allocator-block-size=4194304"
    "memorysetup-typetree-allocator-block-size=2097152"
    "memorysetup-profiler-bucket-allocator-granularity=16"
    "memorysetup-profiler-bucket-allocator-bucket-count=8"
    "memorysetup-profiler-bucket-allocator-block-size=33554432"
    "memorysetup-profiler-bucket-allocator-block-count=8"
    "memorysetup-profiler-allocator-block-size=16777216"
    "memorysetup-profiler-editor-allocator-block-size=1048576"
    "memorysetup-temp-allocator-size-main=16777216"
    "memorysetup-job-temp-allocator-block-size=2097152"
    "memorysetup-job-temp-allocator-block-size-background=1048576"
    "memorysetup-job-temp-allocator-reduction-small-platforms=262144"
Player connection [144600]  Target information:

Player connection [144600]  * "[IP] 10.0.0.10 [Port] 0 [Flags] 2 [Guid] 1639325403 [EditorId] 1639325403 [Version] 1048832 [Id] WindowsEditor(7,DESKTOP-LOE394D) [Debug] 1 [PackageName] WindowsEditor [ProjectName] Editor" 

Player connection [144600]  * "[IP] 172.18.224.1 [Port] 0 [Flags] 2 [Guid] 1639325403 [EditorId] 1639325403 [Version] 1048832 [Id] WindowsEditor(7,DESKTOP-LOE394D) [Debug] 1 [PackageName] WindowsEditor [ProjectName] Editor" 

Player connection [144600] Host joined multi-casting on [225.0.0.222:54997]...
Player connection [144600] Host joined alternative multi-casting on [225.0.0.222:34997]...
JobSystem: Creating JobQueue using job-worker-count value 15
Input System module state changed to: Initialized.
[Physics::Module] Initialized fallback backend.
[Physics::Module] Id: 0xdecafbad
Library Redirect Path: Library/
[Physics::Module] Selected backend.
[Physics::Module] Name: PhysX
[Physics::Module] Id: 0xf2b8ea05
[Physics::Module] SDK Version: 4.1.2
[Physics::Module] Integration Version: 1.0.0
[Physics::Module] Threading Mode: Multi-Threaded
Refreshing native plugins compatible for Editor in 2.03 ms, found 5 plugins.
Initialize engine version: 6000.5.0f1 (88b47c5e7076)
[Subsystems] Discovering subsystems at path D:/Software/Unity Installs/6000.5.0f1/Editor/Data/Resources/UnitySubsystems
[Subsystems] Discovering subsystems at path D:/Projects/Kobold Collective/CardGameTakeHomeStarter/Assets
Forcing GfxDevice: Direct3D 12
GfxDevice: creating device client; kGfxThreadingModeNonThreaded
[Licensing::Client] Error: HandshakeResponse reported an error:
	ResponseCode: 505
	ResponseStatus: Unsupported protocol version '1.18.1'.
[Licensing::Module] Error: Failed to handshake to channel: "LicenseClient-Filip"
[Licensing::IpcConnector] LicenseClient-Filip channel disconnected successfully.
[Licensing::IpcConnector] Successfully connected to: "LicenseClient-Filip-6000.5.0" at "2026-08-04T17:31:20.3014622Z"
[Licensing::Client] Code 10 while verifying Licensing Client signature (process Id: 119488, path: "D:/Software/Unity Installs/6000.5.0f1/Editor/Data/Resources/Licensing/Client/Unity.Licensing.Client.exe")
[Licensing::Module] LicensingClient has failed validation; ignoring
[Licensing::Client] Handshaking with LicensingClient:
  Version:                 1.18.1+9fbee8e
  Session Id:              e6e5af25a695499eac6ee8173cc2f98d
  Correlation Id:          313b0384e4b086877edc58dacf8a6333
  External correlation Id: 515068241732116290
  Machine Id:              WdbJyY1ohjOZjQBbuRdciEBLWqo=
[Licensing::Module] Successfully connected to LicensingClient on channel: "LicenseClient-Filip-6000.5.0" (connect: 0.00s, validation: 0.00s, handshake: 0.00s)
[Licensing::IpcConnector] Successfully connected to: "LicenseClient-Filip-6000.5.0-notifications" at "2026-08-04T17:31:20.3058128Z"
[Licensing::Module] Licensing Background thread has ended after 0.61s
d3d12: failed to query info queue interface (0x80004002).
Direct3D:
    Version:         Direct3D 12 [level 12.2]
    Renderer:        NVIDIA GeForce RTX 4070 Ti SUPER (ID=0x2689)
    Vendor:          NVIDIA
    VRAM:            16061 MB
    App VRAM Budget: 15293 MB
    Driver:          32.0.16.1062
Initialize mono
Mono path[0] = 'D:/Software/Unity Installs/6000.5.0f1/Editor/Data/Managed'
Mono path[1] = 'D:/Software/Unity Installs/6000.5.0f1/Editor/Data/BCLExtensions/runtime/netstandard2.1'
Mono path[2] = 'D:/Software/Unity Installs/6000.5.0f1/Editor/Data/MonoBleedingEdge/lib/mono/unityjit-win32'
Mono config path = 'D:/Software/Unity Installs/6000.5.0f1/Editor/Data/MonoBleedingEdge/etc'
Using monoOptions --debugger-agent=transport=dt_socket,embedding=1,server=y,suspend=n,address=127.0.0.1:56596
CodeReloadManager initialized
Begin MonoManager ReloadAssembly
Registering precompiled unity dll's ...
Register platform support module: D:/Software/Unity Installs/6000.5.0f1/Editor/Data/PlaybackEngines/WindowsStandaloneSupport/UnityEditor.WindowsStandalone.Extensions.dll
Registered in 0.000852 seconds.
Native extension for WindowsStandalone target not found
Package Manager log level set to [2]
[Package Manager] Failed to launch server process. Reason: Unity was launched with the -noUpm command-line argument
[Package Manager] Unable to send message (not connected to server process).
[Package Manager] Cannot connect to Unity Package Manager local server
ScheduleIndexationOnStartup MainProcess:False IndexOnStartup:True
Mono: successfully reloaded assembly
- Finished resetting the current domain, in  0.312 seconds
Domain Reload Profiling: 682ms
	BeginReloadAssembly (93ms)
	RebuildCommonClasses (4ms)
	RebuildNativeTypeToScriptingClass (14ms)
	initialDomainReloadingComplete (46ms)
	LoadAllAssembliesAndSetupDomain (212ms)
		LoadAssemblies (93ms)
		AnalyzeDomain (158ms)
			TypeCache.Refresh (157ms)
				TypeCache.ScanAssembly (145ms)
	FinalizeReload (314ms)
		SetupLoadedEditorAssemblies (0ms)
			BeforeProcessingInitializeOnLoad (79ms)
			ProcessInitializeOnLoadAttributes (81ms)
			ProcessInitializeOnLoadMethodAttributes (86ms)
Initializing Unity extensions:
[Licensing::Client] Successfully resolved entitlement details
[Licensing::Module] License group:
  Id: 3573578210267-UnityPersXXXX
  Product: Unity Personal
  Type: Assigned
  Expiration: Unlimited
========================================================================
Worker process is ready to serve import requests
Import Worker Mode flag is 0x00
Begin MonoManager ReloadAssembly
Native extension for WindowsStandalone target not found
[Package Manager] Failed to launch server process. Reason: Unity was launched with the -noUpm command-line argument
[Package Manager] Unable to send message (not connected to server process).
[Package Manager] Cannot connect to Unity Package Manager local server
[Package Manager] Failed to launch server process. Reason: Unity was launched with the -noUpm command-line argument
[Package Manager] Unable to send message (not connected to server process).
[Package Manager] Cannot connect to Unity Package Manager local server
ScheduleIndexationOnStartup MainProcess:False IndexOnStartup:True
Mono: successfully reloaded assembly
- Finished resetting the current domain, in  0.670 seconds
Domain Reload Profiling: 1295ms
	BeginReloadAssembly (121ms)
		DisableScriptedObjects (3ms)
		CreateAndSetChildDomain (23ms)
	RebuildCommonClasses (6ms)
	RebuildNativeTypeToScriptingClass (12ms)
	initialDomainReloadingComplete (32ms)
	LoadAllAssembliesAndSetupDomain (453ms)
		LoadAssemblies (216ms)
		AnalyzeDomain (216ms)
			TypeCache.Refresh (141ms)
				TypeCache.ScanAssembly (129ms)
			BuildScriptInfoCaches (66ms)
			ResolveRequiredComponents (6ms)
	FinalizeReload (671ms)
		SetupLoadedEditorAssemblies (0ms)
			BeforeProcessingInitializeOnLoad (74ms)
			ProcessInitializeOnLoadAttributes (256ms)
			ProcessInitializeOnLoadMethodAttributes (206ms)
AcceleratorClientConnectionCallback - disconnected - :0
Launched and connected shader compiler UnityShaderCompiler.exe after 0.01 seconds
Unloading 22 Unused Serialized files (Serialized files now loaded: 0)
Curl error 3: URL rejected: Malformed input to a URL function
Unloading 7156 unused Assets / (6.8 MB). Loaded Objects now: 8040.
Memory consumption went from 343.5 MB to 336.7 MB.
Total: 11.008000 ms (FindLiveObjects: 0.751900 ms CreateObjectMapping: 1.683500 ms MarkObjects: 4.734900 ms  DeleteObjects: 3.835800 ms)

========================================================================
Received Import Request.
  Time of request: 2026-08-04T17:31:23.2472489Z
  Time since last request: 662983.67671389994211 seconds.
  importAddress: GUID: c0081f3ec5034f9e989cab19a96d6096 - Path: Packages/com.unity.render-pipelines.core/Runtime/GPUDriven/GPUResidentDrawer.Validator.cs - Importer: ScriptedImporter/UnityEditor.QuickSearchModule:UnityEditor.Search:ASIAI0B
Importing 'GUID: c0081f3ec5034f9e989cab19a96d6096 - Path: Packages/com.unity.render-pipelines.core/Runtime/GPUDriven/GPUResidentDrawer.Validator.cs - Importer: ScriptedImporter/UnityEditor.QuickSearchModule:UnityEditor.Search:ASIAI0B' with importer (ScriptedImporter : UnityEditor.QuickSearchModule:UnityEditor.Search:ASIAI0B)
Imported 'GUID: c0081f3ec5034f9e989cab19a96d6096' -> (Import Result ID: '21a4f40cf10668cb76fad7ab2da17b82') in 0.045 seconds [static and dynamic dependencies]. Details - ImportResultOutputID=5c0bb5a7240ce592e741786afa08126c DependenciesID=6f71e2741d40f3306fe1fdbab79d835b StaticDependenciesID=4e55e89be9526fe661196a48d967ef68 
Number of updated asset objects reloaded before import = 0
Number of asset objects unloaded after import = 0
========================================================================
Received Import Request.
  Time of request: 2026-08-04T17:31:23.3229254Z
  Time since last request: 0.0210034 seconds.
  importAddress: GUID: da922357540ba0d44ba6435efbaa8da4 - Path: Packages/com.unity.render-pipelines.core/Runtime/PathTracing/ShaderProperties.cs - Importer: ScriptedImporter/UnityEditor.QuickSearchModule:UnityEditor.Search:ASIAI0B
Importing 'GUID: da922357540ba0d44ba6435efbaa8da4 - Path: Packages/com.unity.render-pipelines.core/Runtime/PathTracing/ShaderProperties.cs - Importer: ScriptedImporter/UnityEditor.QuickSearchModule:UnityEditor.Search:ASIAI0B' with importer (ScriptedImporter : UnityEditor.QuickSearchModule:UnityEditor.Search:ASIAI0B)
Imported 'GUID: da922357540ba0d44ba6435efbaa8da4' -> (Import Result ID: 'e34948e6c481cb3f417579c210e83daf') in 0.014 seconds [static and dynamic dependencies]. Details - ImportResultOutputID=02d5f707ce2398250ac979eeafcb43a6 DependenciesID=ac93062c1fd86801968259decdb11374 StaticDependenciesID=3570995c4de395ec6fd8a80265d2934b 
Number of updated asset objects reloaded before import = 0
Number of asset objects unloaded after import = 0
========================================================================
Received Import Request.
  Time of request: 2026-08-04T17:31:23.3444672Z
  Time since last request: 0.0004076 seconds.
  importAddress: GUID: 54b4c219a2fd01e439bdc9ef8bc2faf8 - Path: Packages/com.unity.render-pipelines.core/Runtime/PathTracing/LightmapResourceCache.cs - Importer: ScriptedImporter/UnityEditor.QuickSearchModule:UnityEditor.Search:ASIAI0B
Importing 'GUID: 54b4c219a2fd01e439bdc9ef8bc2faf8 - Path: Packages/com.unity.render-pipelines.core/Runtime/PathTracing/LightmapResourceCache.cs - Importer: ScriptedImporter/UnityEditor.QuickSearchModule:UnityEditor.Search:ASIAI0B' with importer (ScriptedImporter : UnityEditor.QuickSearchModule:UnityEditor.Search:ASIAI0B)
Imported 'GUID: 54b4c219a2fd01e439bdc9ef8bc2faf8' -> (Import Result ID: 'f233541e344d23d7c6a0bd0ff668236e') in 0.003 seconds [static and dynamic dependencies]. Details - ImportResultOutputID=f29d4ddf95796fa3e7804a8986ea6a36 DependenciesID=49ae2022e92263ae64e6e4fb3ca310c0 StaticDependenciesID=b4062b940dd574c6d03d7951fdd319d0 
Number of updated asset objects reloaded before import = 0
Number of asset objects unloaded after import = 0
========================================================================
Received Import Request.
  Time of request: 2026-08-04T17:31:23.3547759Z
  Time since last request: 0.0004105 seconds.
  importAddress: GUID: aba42b4aba376bf4da5d008c3a7ed47a - Path: Packages/com.unity.render-pipelines.core/Runtime/PathTracing/UVFallbackBuffer.cs - Importer: ScriptedImporter/UnityEditor.QuickSearchModule:UnityEditor.Search:ASIAI0B
Importing 'GUID: aba42b4aba376bf4da5d008c3a7ed47a - Path: Packages/com.unity.render-pipelines.core/Runtime/PathTracing/UVFallbackBuffer.cs - Importer: ScriptedImporter/UnityEditor.QuickSearchModule:UnityEditor.Search:ASIAI0B' with importer (ScriptedImporter : UnityEditor.QuickSearchModule:UnityEditor.Search:ASIAI0B)
Imported 'GUID: aba42b4aba376bf4da5d008c3a7ed47a' -> (Import Result ID: '96918e8dd69f220764d9e7499f17fc68') in 0.002 seconds [static and dynamic dependencies]. Details - ImportResultOutputID=2b613ee94489ecad56bba0767469c0a6 DependenciesID=06fb5a66edcf9ac3fd3ce3d6018b5709 StaticDependenciesID=196192b82eea2d3cab11a71a8dd464e3 
Number of updated asset objects reloaded before import = 0
Number of asset objects unloaded after import = 0
========================================================================
Received Import Request.
  Time of request: 2026-08-04T17:31:23.3668065Z
  Time since last request: 0.0004017 seconds.
  importAddress: GUID: 250183d182df5b54997e0ec59351e6e4 - Path: Packages/com.unity.render-pipelines.core/Runtime/RenderGraph/RenderGraph.Compiler.cs - Importer: ScriptedImporter/UnityEditor.QuickSearchModule:UnityEditor.Search:ASIAI0B
Importing 'GUID: 250183d182df5b54997e0ec59351e6e4 - Path: Packages/com.unity.render-pipelines.core/Runtime/RenderGraph/RenderGraph.Compiler.cs - Importer: ScriptedImporter/UnityEditor.QuickSearchModule:UnityEditor.Search:ASIAI0B' with importer (ScriptedImporter : UnityEditor.QuickSearchModule:UnityEditor.Search:ASIAI0B)
Imported 'GUID: 250183d182df5b54997e0ec59351e6e4' -> (Import Result ID: '5178fad62f599b59f59cf8e93da5e2aa') in 0.002 seconds [static and dynamic dependencies]. Details - ImportResultOutputID=e1952fbe2e2f870f8c1af887a29665e3 DependenciesID=833d1a88ce40edae1ab403051b954ccf StaticDependenciesID=85a8af2dc489e282941153f199e8a192 
Number of updated asset objects reloaded before import = 0
Number of asset objects unloaded after import = 0
========================================================================
Received Import Request.
  Time of request: 2026-08-04T17:31:23.3769013Z
  Time since last request: 0.0006562 seconds.
  importAddress: GUID: 840428edbe88e5e43bc0849926e87d67 - Path: Packages/com.unity.render-pipelines.core/Runtime/PathTracing/WriteRenderTexture.cs - Importer: ScriptedImporter/UnityEditor.QuickSearchModule:UnityEditor.Search:ASIAI0B
Importing 'GUID: 840428edbe88e5e43bc0849926e87d67 - Path: Packages/com.unity.render-pipelines.core/Runtime/PathTracing/WriteRenderTexture.cs - Importer: ScriptedImporter/UnityEditor.QuickSearchModule:UnityEditor.Search:ASIAI0B' with importer (ScriptedImporter : UnityEditor.QuickSearchModule:UnityEditor.Search:ASIAI0B)
Imported 'GUID: 840428edbe88e5e43bc0849926e87d67' -> (Import Result ID: 'cccb3aa1feccc5ffda9b9d7a7c51edaf') in 0.002 seconds [static and dynamic dependencies]. Details - ImportResultOutputID=ce8eec23dfbe2938171a0848e9f16a15 DependenciesID=68e00d9c0451b3e68b52f2399a4fce1e StaticDependenciesID=80e0c08f8b0e24100a61f67c7f48becb 
Number of updated asset objects reloaded before import = 0
Number of asset objects unloaded after import = 0
========================================================================
Received Import Request.
  Time of request: 2026-08-04T17:31:23.3864307Z
  Time since last request: 0.0003639 seconds.
  importAddress: GUID: a49cc6879c5cd214a835d6a35ea809ce - Path: Packages/com.unity.render-pipelines.core/Runtime/RenderGraph/RenderGraphPassType.cs - Importer: ScriptedImporter/UnityEditor.QuickSearchModule:UnityEditor.Search:ASIAI0B
Importing 'GUID: a49cc6879c5cd214a835d6a35ea809ce - Path: Packages/com.unity.render-pipelines.core/Runtime/RenderGraph/RenderGraphPassType.cs - Importer: ScriptedImporter/UnityEditor.QuickSearchModule:UnityEditor.Search:ASIAI0B' with importer (ScriptedImporter : UnityEditor.QuickSearchModule:UnityEditor.Search:ASIAI0B)
Imported 'GUID: a49cc6879c5cd214a835d6a35ea809ce' -> (Import Result ID: 'a473f9413670b5c886f6aebce91849ef') in 0.003 seconds [static and dynamic dependencies]. Details - ImportResultOutputID=139414d88bc8d05cb033664193727805 DependenciesID=1beea9620238af57efa5f2025a5fa7d4 StaticDependenciesID=036e89ab75a8c4af4b58098012de6a87 
Number of updated asset objects reloaded before import = 0
Number of asset objects unloaded after import = 0
========================================================================
Received Import Request.
  Time of request: 2026-08-04T17:31:23.3985Z
  Time since last request: 0.0003707 seconds.
  importAddress: GUID: 8d87e57545548474c86d357b2d08ee30 - Path: Packages/com.unity.render-pipelines.core/Runtime/PostProcessing/LensFlareCommonSRP.cs - Importer: ScriptedImporter/UnityEditor.QuickSearchModule:UnityEditor.Search:ASIAI0B
Importing 'GUID: 8d87e57545548474c86d357b2d08ee30 - Path: Packages/com.unity.render-pipelines.core/Runtime/PostProcessing/LensFlareCommonSRP.cs - Importer: ScriptedImporter/UnityEditor.QuickSearchModule:UnityEditor.Search:ASIAI0B' with importer (ScriptedImporter : UnityEditor.QuickSearchModule:UnityEditor.Search:ASIAI0B)
Imported 'GUID: 8d87e57545548474c86d357b2d08ee30' -> (Import Result ID: 'b725818d0d134ad55a34753a737e68e8') in 0.002 seconds [static and dynamic dependencies]. Details - ImportResultOutputID=311c37f4bef4f0fbf97a6b9775262fbf DependenciesID=77db1e907801baabc11ac937c7eec45c StaticDependenciesID=54858a92376c1732dd853a96e0ad32a6 
Number of updated asset objects reloaded before import = 0
Number of asset objects unloaded after import = 0
========================================================================
Received Import Request.
  Time of request: 2026-08-04T17:31:23.4082067Z
  Time since last request: 0.0003734 seconds.
  importAddress: GUID: f658c411e0892ba499e17093373f687b - Path: Packages/com.unity.render-pipelines.core/Runtime/RenderGraph/RenderGraph.ExceptionMessages.cs - Importer: ScriptedImporter/UnityEditor.QuickSearchModule:UnityEditor.Search:ASIAI0B
Importing 'GUID: f658c411e0892ba499e17093373f687b - Path: Packages/com.unity.render-pipelines.core/Runtime/RenderGraph/RenderGraph.ExceptionMessages.cs - Importer: ScriptedImporter/UnityEditor.QuickSearchModule:UnityEditor.Search:ASIAI0B' with importer (ScriptedImporter : UnityEditor.QuickSearchModule:UnityEditor.Search:ASIAI0B)
Imported 'GUID: f658c411e0892ba499e17093373f687b' -> (Import Result ID: '8b3f7e3564b3c6c340ca341e6d771004') in 0.002 seconds [static and dynamic dependencies]. Details - ImportResultOutputID=5fffaee76b8873422f4e35c42b5b4e45 DependenciesID=bec763d8849880a071649f6973ec7a55 StaticDependenciesID=0ca353dd003c5d657ebbf443c70c5531 
Number of updated asset objects reloaded before import = 0
Number of asset objects unloaded after import = 0
========================================================================
Received Import Request.
  Time of request: 2026-08-04T17:31:23.4191812Z
  Time since last request: 0.0001966 seconds.
  importAddress: GUID: cc4d76f733087744991913c9d19d5274 - Path: Packages/com.unity.render-pipelines.core/Runtime/PostProcessing/LensFlareComponentSRP.cs - Importer: ScriptedImporter/UnityEditor.QuickSearchModule:UnityEditor.Search:ASIAI0B
Importing 'GUID: cc4d76f733087744991913c9d19d5274 - Path: Packages/com.unity.render-pipelines.core/Runtime/PostProcessing/LensFlareComponentSRP.cs - Importer: ScriptedImporter/UnityEditor.QuickSearchModule:UnityEditor.Search:ASIAI0B' with importer (ScriptedImporter : UnityEditor.QuickSearchModule:UnityEditor.Search:ASIAI0B)
Imported 'GUID: cc4d76f733087744991913c9d19d5274' -> (Import Result ID: '2381e875cf2374ed3437c44cd7950b9b') in 0.004 seconds [static and dynamic dependencies]. Details - ImportResultOutputID=03d12fcb156fed5000877cb32aebf126 DependenciesID=0ae6aa774d6e257758854c81d5b70e52 StaticDependenciesID=f91ead69c9dec289574486d285c32aad 
Number of updated asset objects reloaded before import = 0
Number of asset objects unloaded after import = 1
========================================================================
Received Import Request.
  Time of request: 2026-08-04T17:31:23.434888Z
  Time since last request: 0.0029267 seconds.
  importAddress: GUID: ba9242b5d88ccf2489a51d94185a1300 - Path: Packages/com.unity.render-pipelines.core/Runtime/Sampling/Hashes.hlsl - Importer: ScriptedImporter/UnityEditor.QuickSearchModule:UnityEditor.Search:ASIAI0B
Importing 'GUID: ba9242b5d88ccf2489a51d94185a1300 - Path: Packages/com.unity.render-pipelines.core/Runtime/Sampling/Hashes.hlsl - Importer: ScriptedImporter/UnityEditor.QuickSearchModule:UnityEditor.Search:ASIAI0B' with importer (ScriptedImporter : UnityEditor.QuickSearchModule:UnityEditor.Search:ASIAI0B)
Imported 'GUID: ba9242b5d88ccf2489a51d94185a1300' -> (Import Result ID: '78db333801c69af49a7503fd51546af0') in 0.003 seconds [static and dynamic dependencies]. Details - ImportResultOutputID=3d34879214e6b116c618a5e9b8f7b06c DependenciesID=21d3ba70dff5e36f5dd75c1a87dde28c StaticDependenciesID=bb69018417fd8d365cbff169420c9e14 
Number of updated asset objects reloaded before import = 0
Number of asset objects unloaded after import = 1
========================================================================
Received Import Request.
  Time of request: 2026-08-04T17:31:23.4451311Z
  Time since last request: 0.0007656 seconds.
  importAddress: GUID: a679dba8ec4d9ce45884a270b0e22dda - Path: Packages/com.unity.render-pipelines.core/Runtime/STP/StpPreTaa.compute - Importer: ScriptedImporter/UnityEditor.QuickSearchModule:UnityEditor.Search:ASIAI0B
Importing 'GUID: a679dba8ec4d9ce45884a270b0e22dda - Path: Packages/com.unity.render-pipelines.core/Runtime/STP/StpPreTaa.compute - Importer: ScriptedImporter/UnityEditor.QuickSearchModule:UnityEditor.Search:ASIAI0B' with importer (ScriptedImporter : UnityEditor.QuickSearchModule:UnityEditor.Search:ASIAI0B)
Imported 'GUID: a679dba8ec4d9ce45884a270b0e22dda' -> (Import Result ID: 'bb39b33eea448f048f15e84213cb8f91') in 0.002 seconds [static and dynamic dependencies]. Details - ImportResultOutputID=977cf1decc969c7e24c06992c690a673 DependenciesID=2f951a00ff9b9967d50b835ea053b4d3 StaticDependenciesID=2fd64072a20f67119e7a40cb1cfbfaff 
Number of updated asset objects reloaded before import = 0
Number of asset objects unloaded after import = 1
========================================================================
Received Import Request.
  Time of request: 2026-08-04T17:31:23.4547422Z
  Time since last request: 0.0002317 seconds.
  importAddress: GUID: c55c8d58ea467a449b38deeb15c16906 - Path: Packages/com.unity.render-pipelines.core/Runtime/UnifiedRayTracing/IRayTracingBackend.cs - Importer: ScriptedImporter/UnityEditor.QuickSearchModule:UnityEditor.Search:ASIAI0B
Importing 'GUID: c55c8d58ea467a449b38deeb15c16906 - Path: Packages/com.unity.render-pipelines.core/Runtime/UnifiedRayTracing/IRayTracingBackend.cs - Importer: ScriptedImporter/UnityEditor.QuickSearchModule:UnityEditor.Search:ASIAI0B' with importer (ScriptedImporter : UnityEditor.QuickSearchModule:UnityEditor.Search:ASIAI0B)
Imported 'GUID: c55c8d58ea467a449b38deeb15c16906' -> (Import Result ID: 'f6dc3de2044dca39ae537a049078f995') in 0.002 seconds [static and dynamic dependencies]. Details - ImportResultOutputID=d914a3a61398a75022d078059ac9c97f DependenciesID=e508d062674d17304f3b410c95a8f146 StaticDependenciesID=9f183f6faa7caaf73cb86d3040bf2886 
Number of updated asset objects reloaded before import = 0
Number of asset objects unloaded after import = 0
========================================================================
Received Import Request.
  Time of request: 2026-08-04T17:31:23.4648972Z
  Time since last request: 0.0002737 seconds.
  importAddress: GUID: 89581a153029901419c003d693ca36a6 - Path: Packages/com.unity.render-pipelines.core/Runtime/Upscaling/Upscaling.cs - Importer: ScriptedImporter/UnityEditor.QuickSearchModule:UnityEditor.Search:ASIAI0B
Importing 'GUID: 89581a153029901419c003d693ca36a6 - Path: Packages/com.unity.render-pipelines.core/Runtime/Upscaling/Upscaling.cs - Importer: ScriptedImporter/UnityEditor.QuickSearchModule:UnityEditor.Search:ASIAI0B' with importer (ScriptedImporter : UnityEditor.QuickSearchModule:UnityEditor.Search:ASIAI0B)
Imported 'GUID: 89581a153029901419c003d693ca36a6' -> (Import Result ID: 'ae53506ca2508607b515a6e489756fab') in 0.003 seconds [static and dynamic dependencies]. Details - ImportResultOutputID=c09d38bcdd8f437b694f4dde5c5d217e DependenciesID=dab04d76c00e82e8cc3192d0c488db70 StaticDependenciesID=2afef46c1fefc81a0bf24aa7c0efe607 
Number of updated asset objects reloaded before import = 0
Number of asset objects unloaded after import = 0
========================================================================
Received Import Request.
  Time of request: 2026-08-04T17:31:23.4759356Z
  Time since last request: 0.0002643 seconds.
  importAddress: GUID: d7dc1089d206d5b41896750a9934e1aa - Path: Packages/com.unity.render-pipelines.core/Runtime/UnifiedRayTracing/IRayTracingAccelStruct.cs - Importer: ScriptedImporter/UnityEditor.QuickSearchModule:UnityEditor.Search:ASIAI0B
Importing 'GUID: d7dc1089d206d5b41896750a9934e1aa - Path: Packages/com.unity.render-pipelines.core/Runtime/UnifiedRayTracing/IRayTracingAccelStruct.cs - Importer: ScriptedImporter/UnityEditor.QuickSearchModule:UnityEditor.Search:ASIAI0B' with importer (ScriptedImporter : UnityEditor.QuickSearchModule:UnityEditor.Search:ASIAI0B)
Imported 'GUID: d7dc1089d206d5b41896750a9934e1aa' -> (Import Result ID: 'daf2b82c2e0f8919ec0931e33568156d') in 0.002 seconds [static and dynamic dependencies]. Details - ImportResultOutputID=3cd33b8a73cf0b69b579b712bfa28763 DependenciesID=4839298439afdadf3a108c0f5422cec9 StaticDependenciesID=b1637758c9fcf80a81cbc8ed10d1061f 
Number of updated asset objects reloaded before import = 0
Number of asset objects unloaded after import = 0
========================================================================
Received Import Request.
  Time of request: 2026-08-04T17:31:23.4852718Z
  Time since last request: 0.0002374 seconds.
  importAddress: GUID: dbbd01bbc3815b14fbd52f383653caea - Path: Packages/com.unity.render-pipelines.core/Runtime/Stripping/RenderPipelineGraphicsSettingsStripperFetcher.cs - Importer: ScriptedImporter/UnityEditor.QuickSearchModule:UnityEditor.Search:ASIAI0B
Importing 'GUID: dbbd01bbc3815b14fbd52f383653caea - Path: Packages/com.unity.render-pipelines.core/Runtime/Stripping/RenderPipelineGraphicsSettingsStripperFetcher.cs - Importer: ScriptedImporter/UnityEditor.QuickSearchModule:UnityEditor.Search:ASIAI0B' with importer (ScriptedImporter : UnityEditor.QuickSearchModule:UnityEditor.Search:ASIAI0B)
Imported 'GUID: dbbd01bbc3815b14fbd52f383653caea' -> (Import Result ID: '05b02cea1ce1eb8718ee13a655c5b3f4') in 0.002 seconds [static and dynamic dependencies]. Details - ImportResultOutputID=5b64436abbd9d0ca55cddb2af9c23905 DependenciesID=772d4b11574340ca67ed5605ca864665 StaticDependenciesID=47567402cdd9c90808e954600dc831ce 
Number of updated asset objects reloaded before import = 0
Number of asset objects unloaded after import = 0
========================================================================
Received Import Request.
  Time of request: 2026-08-04T17:31:23.4950228Z
  Time since last request: 0.0002952 seconds.
  importAddress: GUID: 563a0665ce2f07e419c80acd1ad6e1f0 - Path: Packages/com.unity.render-pipelines.core/Runtime/Sampling/SobolBluenoiseSampling.hlsl - Importer: ScriptedImporter/UnityEditor.QuickSearchModule:UnityEditor.Search:ASIAI0B
Importing 'GUID: 563a0665ce2f07e419c80acd1ad6e1f0 - Path: Packages/com.unity.render-pipelines.core/Runtime/Sampling/SobolBluenoiseSampling.hlsl - Importer: ScriptedImporter/UnityEditor.QuickSearchModule:UnityEditor.Search:ASIAI0B' with importer (ScriptedImporter : UnityEditor.QuickSearchModule:UnityEditor.Search:ASIAI0B)
Imported 'GUID: 563a0665ce2f07e419c80acd1ad6e1f0' -> (Import Result ID: 'a85e9d9e4df98d745fb82e00b2ec9da0') in 0.003 seconds [static and dynamic dependencies]. Details - ImportResultOutputID=fa221162bd4b94ac93dffe40123acf84 DependenciesID=54e1cf87de19f7c253ae53f8425bac7d StaticDependenciesID=cd49283de78bbbecaa75c6646b8858e4 
Number of updated asset objects reloaded before import = 0
Number of asset objects unloaded after import = 1
========================================================================
Received Import Request.
  Time of request: 2026-08-04T17:31:23.5067118Z
  Time since last request: 0.0002164 seconds.
  importAddress: GUID: 11eb6b38eb2cd494cb1ccc8742453265 - Path: Packages/com.unity.render-pipelines.core/Runtime/STP/StpCommon.hlsl - Importer: ScriptedImporter/UnityEditor.QuickSearchModule:UnityEditor.Search:ASIAI0B
Importing 'GUID: 11eb6b38eb2cd494cb1ccc8742453265 - Path: Packages/com.unity.render-pipelines.core/Runtime/STP/StpCommon.hlsl - Importer: ScriptedImporter/UnityEditor.QuickSearchModule:UnityEditor.Search:ASIAI0B' with importer (ScriptedImporter : UnityEditor.QuickSearchModule:UnityEditor.Search:ASIAI0B)
Imported 'GUID: 11eb6b38eb2cd494cb1ccc8742453265' -> (Import Result ID: '5452bf05e4177133d95535aacdf78509') in 0.002 seconds [static and dynamic dependencies]. Details - ImportResultOutputID=5edf1fe7a0bab08e99021f3a5628e41e DependenciesID=8f5c068cbbd27d382bdf7626d4889596 StaticDependenciesID=6f3cdc4e24990d6e9fe55ecf090aea8a 
Number of updated asset objects reloaded before import = 0
Number of asset objects unloaded after import = 1
========================================================================
Received Import Request.
  Time of request: 2026-08-04T17:31:23.5174166Z
  Time since last request: 0.000241 seconds.
  importAddress: GUID: e664c9077c60b314a80e696796bfcecb - Path: Packages/com.unity.render-pipelines.core/Runtime/Sampling/SamplingResources.cs - Importer: ScriptedImporter/UnityEditor.QuickSearchModule:UnityEditor.Search:ASIAI0B
Importing 'GUID: e664c9077c60b314a80e696796bfcecb - Path: Packages/com.unity.render-pipelines.core/Runtime/Sampling/SamplingResources.cs - Importer: ScriptedImporter/UnityEditor.QuickSearchModule:UnityEditor.Search:ASIAI0B' with importer (ScriptedImporter : UnityEditor.QuickSearchModule:UnityEditor.Search:ASIAI0B)
Imported 'GUID: e664c9077c60b314a80e696796bfcecb' -> (Import Result ID: '1015e5a48b8e23de121db20ec89b1906') in 0.002 seconds [static and dynamic dependencies]. Details - ImportResultOutputID=146ac8f94217504ad61ce2697731a965 DependenciesID=f4ebcd005c800ac39c0e73ed3840d318 StaticDependenciesID=079121c2cca4e20dc87bafc6b5a02975 
Number of updated asset objects reloaded before import = 0
Number of asset objects unloaded after import = 0
========================================================================
Received Import Request.
  Time of request: 2026-08-04T17:31:23.5368874Z
  Time since last request: 0.0086307 seconds.
  importAddress: GUID: d96647d3fcceac0429f12837ce7e2e3e - Path: Packages/com.unity.render-pipelines.core/Runtime/Utilities/CoreMatrixUtils.cs - Importer: ScriptedImporter/UnityEditor.QuickSearchModule:UnityEditor.Search:ASIAI0B
Importing 'GUID: d96647d3fcceac0429f12837ce7e2e3e - Path: Packages/com.unity.render-pipelines.core/Runtime/Utilities/CoreMatrixUtils.cs - Importer: ScriptedImporter/UnityEditor.QuickSearchModule:UnityEditor.Search:ASIAI0B' with importer (ScriptedImporter : UnityEditor.QuickSearchModule:UnityEditor.Search:ASIAI0B)
Imported 'GUID: d96647d3fcceac0429f12837ce7e2e3e' -> (Import Result ID: '37b79ecc364173021dcfb14e6204a88f') in 0.002 seconds [static and dynamic dependencies]. Details - ImportResultOutputID=c38bfa93e7fedd94b37fcb3a6a71deb0 DependenciesID=aeea6ee49791f093527dfadbafbf2fed StaticDependenciesID=0e469eaf063253ed4aa57c9ab39365e1 
Number of updated asset objects reloaded before import = 0
Number of asset objects unloaded after import = 0
========================================================================
Received Import Request.
  Time of request: 2026-08-04T17:31:23.5462526Z
  Time since last request: 0.0002378 seconds.
  importAddress: GUID: c8920a8121c6f154b97d56f966d3c4d1 - Path: Packages/com.unity.render-pipelines.core/Runtime/XR/XRView.cs - Importer: ScriptedImporter/UnityEditor.QuickSearchModule:UnityEditor.Search:ASIAI0B
Importing 'GUID: c8920a8121c6f154b97d56f966d3c4d1 - Path: Packages/com.unity.render-pipelines.core/Runtime/XR/XRView.cs - Importer: ScriptedImporter/UnityEditor.QuickSearchModule:UnityEditor.Search:ASIAI0B' with importer (ScriptedImporter : UnityEditor.QuickSearchModule:UnityEditor.Search:ASIAI0B)
Imported 'GUID: c8920a8121c6f154b97d56f966d3c4d1' -> (Import Result ID: '21cdbc35d90d752a0abcf9b04a96fbfb') in 0.002 seconds [static and dynamic dependencies]. Details - ImportResultOutputID=8bc31050ed4b6f4f762bf442c294a539 DependenciesID=51bcc3eba56a66f8869594226d13a34a StaticDependenciesID=429efb40c3db744ae68ef7f19526b264 
Number of updated asset objects reloaded before import = 0
Number of asset objects unloaded after import = 0
========================================================================
Received Import Request.
  Time of request: 2026-08-04T17:31:23.5572439Z
  Time since last request: 0.0003153 seconds.
  importAddress: GUID: 4c45974a160f56c4c8d8ed0373c53ef5 - Path: Packages/com.unity.render-pipelines.core/Runtime/Utilities/HaltonSequence.cs - Importer: ScriptedImporter/UnityEditor.QuickSearchModule:UnityEditor.Search:ASIAI0B
Importing 'GUID: 4c45974a160f56c4c8d8ed0373c53ef5 - Path: Packages/com.unity.render-pipelines.core/Runtime/Utilities/HaltonSequence.cs - Importer: ScriptedImporter/UnityEditor.QuickSearchModule:UnityEditor.Search:ASIAI0B' with importer (ScriptedImporter : UnityEditor.QuickSearchModule:UnityEditor.Search:ASIAI0B)
Imported 'GUID: 4c45974a160f56c4c8d8ed0373c53ef5' -> (Import Result ID: 'cf48663b2a292fd056e4fc55ff100211') in 0.003 seconds [static and dynamic dependencies]. Details - ImportResultOutputID=320d7f25216047c3ad57ccc0f1fa6345 DependenciesID=2a0d00b39d1deb4970ff6bce0e6d9859 StaticDependenciesID=ee6988d30f449b29417c6ea1f9c05218 
Number of updated asset objects reloaded before import = 0
Number of asset objects unloaded after import = 0
========================================================================
Received Import Request.
  Time of request: 2026-08-04T17:31:23.5692502Z
  Time since last request: 0.0002358 seconds.
  importAddress: GUID: a359de1dc98b4f1db3fffb9601eb785b - Path: Packages/com.unity.render-pipelines.core/Runtime/Volume/VolumeDebugData.cs - Importer: ScriptedImporter/UnityEditor.QuickSearchModule:UnityEditor.Search:ASIAI0B
Importing 'GUID: a359de1dc98b4f1db3fffb9601eb785b - Path: Packages/com.unity.render-pipelines.core/Runtime/Volume/VolumeDebugData.cs - Importer: ScriptedImporter/UnityEditor.QuickSearchModule:UnityEditor.Search:ASIAI0B' with importer (ScriptedImporter : UnityEditor.QuickSearchModule:UnityEditor.Search:ASIAI0B)
Imported 'GUID: a359de1dc98b4f1db3fffb9601eb785b' -> (Import Result ID: '27be1bdbd34ef8ce6f346ba158596be0') in 0.002 seconds [static and dynamic dependencies]. Details - ImportResultOutputID=8d0cc92681f202883cf0782252f49172 DependenciesID=0aba2cb10b03abffb343c70cd983536c StaticDependenciesID=b87aedd94527e016dc1b3b13be5cc921 
Number of updated asset objects reloaded before import = 0
Number of asset objects unloaded after import = 0
========================================================================
Received Import Request.
  Time of request: 2026-08-04T17:31:23.5799842Z
  Time since last request: 0.000312 seconds.
  importAddress: GUID: 13bcacf4237fb3c4e9b547cc7420a120 - Path: Packages/com.unity.render-pipelines.core/Runtime/Utilities/DelegateUtility.cs - Importer: ScriptedImporter/UnityEditor.QuickSearchModule:UnityEditor.Search:ASIAI0B
Importing 'GUID: 13bcacf4237fb3c4e9b547cc7420a120 - Path: Packages/com.unity.render-pipelines.core/Runtime/Utilities/DelegateUtility.cs - Importer: ScriptedImporter/UnityEditor.QuickSearchModule:UnityEditor.Search:ASIAI0B' with importer (ScriptedImporter : UnityEditor.QuickSearchModule:UnityEditor.Search:ASIAI0B)
Imported 'GUID: 13bcacf4237fb3c4e9b547cc7420a120' -> (Import Result ID: 'c30e0c6b2a459ac59ab7fbdbb37f3979') in 0.003 seconds [static and dynamic dependencies]. Details - ImportResultOutputID=d4875554faf391ddb968f0927598c8f2 DependenciesID=45c89a5ddf3b7a32690aeb24440e5eee StaticDependenciesID=1e364942d43e177cd01e34c2f93d4b8b 
Number of updated asset objects reloaded before import = 0
Number of asset objects unloaded after import = 0
========================================================================
Received Import Request.
  Time of request: 2026-08-04T17:31:23.5910325Z
  Time since last request: 0.0005157 seconds.
  importAddress: GUID: d3562354edd44e76aa9d77b720395854 - Path: Packages/com.unity.render-pipelines.core/Runtime/XR/XRLayoutStack.cs - Importer: ScriptedImporter/UnityEditor.QuickSearchModule:UnityEditor.Search:ASIAI0B
Importing 'GUID: d3562354edd44e76aa9d77b720395854 - Path: Packages/com.unity.render-pipelines.core/Runtime/XR/XRLayoutStack.cs - Importer: ScriptedImporter/UnityEditor.QuickSearchModule:UnityEditor.Search:ASIAI0B' with importer (ScriptedImporter : UnityEditor.QuickSearchModule:UnityEditor.Search:ASIAI0B)
Imported 'GUID: d3562354edd44e76aa9d77b720395854' -> (Import Result ID: '1e98388acbc24c98ac43ac80ea739b79') in 0.002 seconds [static and dynamic dependencies]. Details - ImportResultOutputID=ba923a90fcc7cfb64925697922a14d04 DependenciesID=6cbe889fb19c2b1ee5d8a56288d0ebc5 StaticDependenciesID=065039ce6a3b062f0c90aa8427b2839e 
Number of updated asset objects reloaded before import = 0
Number of asset objects unloaded after import = 0
========================================================================
Received Import Request.
  Time of request: 2026-08-04T17:31:23.6032226Z
  Time since last request: 0.0003701 seconds.
  importAddress: GUID: 4d3b530d53faf114e9c17ced1f0bbbf1 - Path: Packages/com.unity.render-pipelines.core/Runtime/Utilities/HableCurve.cs - Importer: ScriptedImporter/UnityEditor.QuickSearchModule:UnityEditor.Search:ASIAI0B
Importing 'GUID: 4d3b530d53faf114e9c17ced1f0bbbf1 - Path: Packages/com.unity.render-pipelines.core/Runtime/Utilities/HableCurve.cs - Importer: ScriptedImporter/UnityEditor.QuickSearchModule:UnityEditor.Search:ASIAI0B' with importer (ScriptedImporter : UnityEditor.QuickSearchModule:UnityEditor.Search:ASIAI0B)
Imported 'GUID: 4d3b530d53faf114e9c17ced1f0bbbf1' -> (Import Result ID: 'd758159b3681faba602d40a71fd3bf6a') in 0.003 seconds [static and dynamic dependencies]. Details - ImportResultOutputID=6144f656041abdb4f07e6e56b188441e DependenciesID=31fc871d0e804efe1612d74e76843271 StaticDependenciesID=b40f94fba3ec91fcef52a59170c6c4cd 
Number of updated asset objects reloaded before import = 0
Number of asset objects unloaded after import = 0
========================================================================
Received Import Request.
  Time of request: 2026-08-04T17:31:23.615154Z
  Time since last request: 0.0003354 seconds.
  importAddress: GUID: 9b4a00e761b63254eab3f6e8fb135dee - Path: Packages/com.unity.render-pipelines.core/Runtime/XR/XRSRPSettings.cs - Importer: ScriptedImporter/UnityEditor.QuickSearchModule:UnityEditor.Search:ASIAI0B
Importing 'GUID: 9b4a00e761b63254eab3f6e8fb135dee - Path: Packages/com.unity.render-pipelines.core/Runtime/XR/XRSRPSettings.cs - Importer: ScriptedImporter/UnityEditor.QuickSearchModule:UnityEditor.Search:ASIAI0B' with importer (ScriptedImporter : UnityEditor.QuickSearchModule:UnityEditor.Search:ASIAI0B)
Imported 'GUID: 9b4a00e761b63254eab3f6e8fb135dee' -> (Import Result ID: '3a97fe26ce18796e776d35302ffe0dd7') in 0.002 seconds [static and dynamic dependencies]. Details - ImportResultOutputID=d210704d089ac863ae32b5a982de0594 DependenciesID=554e9daab21caca19859785a625f4746 StaticDependenciesID=fa8d515f2651d539fc86c59c4b2f4f1a 
Number of updated asset objects reloaded before import = 0
Number of asset objects unloaded after import = 0
========================================================================
Received Import Request.
  Time of request: 2026-08-04T17:31:23.6247505Z
  Time since last request: 0.0003685 seconds.
  importAddress: GUID: 14221b1c07bee064e8078151055512fc - Path: Packages/com.unity.render-pipelines.core/Runtime/Utilities/MaterialQuality.cs - Importer: ScriptedImporter/UnityEditor.QuickSearchModule:UnityEditor.Search:ASIAI0B
Importing 'GUID: 14221b1c07bee064e8078151055512fc - Path: Packages/com.unity.render-pipelines.core/Runtime/Utilities/MaterialQuality.cs - Importer: ScriptedImporter/UnityEditor.QuickSearchModule:UnityEditor.Search:ASIAI0B' with importer (ScriptedImporter : UnityEditor.QuickSearchModule:UnityEditor.Search:ASIAI0B)
Imported 'GUID: 14221b1c07bee064e8078151055512fc' -> (Import Result ID: '27b295f336df41f75c105815bc75003c') in 0.002 seconds [static and dynamic dependencies]. Details - ImportResultOutputID=6c85f506be82269496304f78f79eed93 DependenciesID=52af2ae65705509126857fe890c87ee0 StaticDependenciesID=977bb40bade38f38dc4bf7f3483383f8 
Number of updated asset objects reloaded before import = 0
Number of asset objects unloaded after import = 0
========================================================================
Received Import Request.
  Time of request: 2026-08-04T17:31:23.6548814Z
  Time since last request: 0.0189373 seconds.
  importAddress: GUID: b1ba908863884e868165e402aeb87de7 - Path: Packages/com.unity.render-pipelines.core/Tests/Runtime/CustomRenderPipelineAsset.cs - Importer: ScriptedImporter/UnityEditor.QuickSearchModule:UnityEditor.Search:ASIAI0B
Importing 'GUID: b1ba908863884e868165e402aeb87de7 - Path: Packages/com.unity.render-pipelines.core/Tests/Runtime/CustomRenderPipelineAsset.cs - Importer: ScriptedImporter/UnityEditor.QuickSearchModule:UnityEditor.Search:ASIAI0B' with importer (ScriptedImporter : UnityEditor.QuickSearchModule:UnityEditor.Search:ASIAI0B)
Imported 'GUID: b1ba908863884e868165e402aeb87de7' -> (Import Result ID: 'ce7edf2739b3698166ad44b28f6375ab') in 0.003 seconds [static and dynamic dependencies]. Details - ImportResultOutputID=4a648954a2954ff188648db9b82b30d7 DependenciesID=70361eb4502723eee16e5288edbf8412 StaticDependenciesID=8e25f62ab95bb195470e5ebec4877a42 
Number of updated asset objects reloaded before import = 0
Number of asset objects unloaded after import = 0
========================================================================
Received Import Request.
  Time of request: 2026-08-04T17:31:23.6648343Z
  Time since last request: 0.0004706 seconds.
  importAddress: GUID: cd9e56dab7f922843a012c6d4bc3f1d2 - Path: Packages/com.unity.render-pipelines.core/Tests/Editor/CoreUnsafeUtilsTests.cs - Importer: ScriptedImporter/UnityEditor.QuickSearchModule:UnityEditor.Search:ASIAI0B
Importing 'GUID: cd9e56dab7f922843a012c6d4bc3f1d2 - Path: Packages/com.unity.render-pipelines.core/Tests/Editor/CoreUnsafeUtilsTests.cs - Importer: ScriptedImporter/UnityEditor.QuickSearchModule:UnityEditor.Search:ASIAI0B' with importer (ScriptedImporter : UnityEditor.QuickSearchModule:UnityEditor.Search:ASIAI0B)
Imported 'GUID: cd9e56dab7f922843a012c6d4bc3f1d2' -> (Import Result ID: 'ed4388830d3d965782e3e749c694b1ff') in 0.002 seconds [static and dynamic dependencies]. Details - ImportResultOutputID=b3e3c8adceaea5d58766211ce478fa7e DependenciesID=65b4440bd73968970937fa68a49d9b01 StaticDependenciesID=17d7b1bf5bf712e3d193fc04e0961934 
Number of updated asset objects reloaded before import = 0
Number of asset objects unloaded after import = 0
========================================================================
Received Import Request.
  Time of request: 2026-08-04T17:31:23.6757985Z
  Time since last request: 0.0002357 seconds.
  importAddress: GUID: 4a99028421222694897393dabe2744fb - Path: Packages/com.unity.render-pipelines.core/Tests/Runtime/RuntimeExampleTest.cs - Importer: ScriptedImporter/UnityEditor.QuickSearchModule:UnityEditor.Search:ASIAI0B
Importing 'GUID: 4a99028421222694897393dabe2744fb - Path: Packages/com.unity.render-pipelines.core/Tests/Runtime/RuntimeExampleTest.cs - Importer: ScriptedImporter/UnityEditor.QuickSearchModule:UnityEditor.Search:ASIAI0B' with importer (ScriptedImporter : UnityEditor.QuickSearchModule:UnityEditor.Search:ASIAI0B)
Imported 'GUID: 4a99028421222694897393dabe2744fb' -> (Import Result ID: '92448a1b306112179dfb3812897491e0') in 0.002 seconds [static and dynamic dependencies]. Details - ImportResultOutputID=5c5c8c5efc3f1eb55c2731e399c658e4 DependenciesID=ea3481ebfe0d831475a44ec7b5ec72e8 StaticDependenciesID=a5777d54ad23624bd313c8116516a801 
Number of updated asset objects reloaded before import = 0
Number of asset objects unloaded after import = 0
========================================================================
Received Import Request.
  Time of request: 2026-08-04T17:31:23.6867431Z
  Time since last request: 0.0002348 seconds.
  importAddress: GUID: 63275e6ba7e477f43a376217dc2e147f - Path: Packages/com.unity.render-pipelines.core/ShaderLibrary/Sampling/Fibonacci.hlsl - Importer: ScriptedImporter/UnityEditor.QuickSearchModule:UnityEditor.Search:ASIAI0B
Importing 'GUID: 63275e6ba7e477f43a376217dc2e147f - Path: Packages/com.unity.render-pipelines.core/ShaderLibrary/Sampling/Fibonacci.hlsl - Importer: ScriptedImporter/UnityEditor.QuickSearchModule:UnityEditor.Search:ASIAI0B' with importer (ScriptedImporter : UnityEditor.QuickSearchModule:UnityEditor.Search:ASIAI0B)
Imported 'GUID: 63275e6ba7e477f43a376217dc2e147f' -> (Import Result ID: 'e227bfaa381f59cb98024d8c9df9b939') in 0.002 seconds [static and dynamic dependencies]. Details - ImportResultOutputID=f60411fe29b05eb35b4ec52e34a04ed3 DependenciesID=a355ef1b0154015ac53de41794fbdba8 StaticDependenciesID=6bc51bc658eafbcc3a40c8b0f1d16e98 
Number of updated asset objects reloaded before import = 0
Number of asset objects unloaded after import = 1
========================================================================
Received Import Request.
  Time of request: 2026-08-04T17:31:23.6976229Z
  Time since last request: 0.0002865 seconds.
  importAddress: GUID: aca45e74fd5117e499180b8f31d39395 - Path: Packages/com.unity.render-pipelines.core/Editor/Icons/MipLevels/d_Volume@64.png - Importer: ScriptedImporter/UnityEditor.QuickSearchModule:UnityEditor.Search:ASIAI0B
Importing 'GUID: aca45e74fd5117e499180b8f31d39395 - Path: Packages/com.unity.render-pipelines.core/Editor/Icons/MipLevels/d_Volume@64.png - Importer: ScriptedImporter/UnityEditor.QuickSearchModule:UnityEditor.Search:ASIAI0B' with importer (ScriptedImporter : UnityEditor.QuickSearchModule:UnityEditor.Search:ASIAI0B)
Imported 'GUID: aca45e74fd5117e499180b8f31d39395' -> (Import Result ID: '07547b7cca98ade8ed6c4d2a709d9540') in 0.031 seconds [static and dynamic dependencies]. Details - ImportResultOutputID=a30035231d50eacbb8f7bf83543d7c4f DependenciesID=93c86dfe08039b8769b3d3732a68f5e8 StaticDependenciesID=e301ebf186a740617e2e4ca13f8250fc 
Number of updated asset objects reloaded before import = 0
Number of asset objects unloaded after import = 1
========================================================================
Received Import Request.
  Time of request: 2026-08-04T17:31:23.7367346Z
  Time since last request: 0.0002295 seconds.
  importAddress: GUID: f4c850bea2c5d45449ba8e228333c82c - Path: Packages/com.unity.render-pipelines.core/ShaderLibrary/Sampling/Sampling.hlsl - Importer: ScriptedImporter/UnityEditor.QuickSearchModule:UnityEditor.Search:ASIAI0B
Importing 'GUID: f4c850bea2c5d45449ba8e228333c82c - Path: Packages/com.unity.render-pipelines.core/ShaderLibrary/Sampling/Sampling.hlsl - Importer: ScriptedImporter/UnityEditor.QuickSearchModule:UnityEditor.Search:ASIAI0B' with importer (ScriptedImporter : UnityEditor.QuickSearchModule:UnityEditor.Search:ASIAI0B)
Imported 'GUID: f4c850bea2c5d45449ba8e228333c82c' -> (Import Result ID: 'faf0e232f30bd5e7bb34c81abac194ea') in 0.003 seconds [static and dynamic dependencies]. Details - ImportResultOutputID=e5e76d3ffc2862e9924afbe7f54811f2 DependenciesID=8b84ffdf5ba766d881d57cc65772d5c7 StaticDependenciesID=33a45d24801bd591838a67e6e1b35f75 
Number of updated asset objects reloaded before import = 0
Number of asset objects unloaded after import = 1
========================================================================
Received Import Request.
  Time of request: 2026-08-04T17:31:23.7478656Z
  Time since last request: 0.0002863 seconds.
  importAddress: GUID: 8f0cdf6a21623f84cad55c1a41d92b16 - Path: Packages/com.unity.render-pipelines.core/Editor/BuildProcessors/SettingsStrippers/RenderingDebuggerRuntimeResourcesStripper.cs - Importer: ScriptedImporter/UnityEditor.QuickSearchModule:UnityEditor.Search:ASIAI0B
Importing 'GUID: 8f0cdf6a21623f84cad55c1a41d92b16 - Path: Packages/com.unity.render-pipelines.core/Editor/BuildProcessors/SettingsStrippers/RenderingDebuggerRuntimeResourcesStripper.cs - Importer: ScriptedImporter/UnityEditor.QuickSearchModule:UnityEditor.Search:ASIAI0B' with importer (ScriptedImporter : UnityEditor.QuickSearchModule:UnityEditor.Search:ASIAI0B)
Imported 'GUID: 8f0cdf6a21623f84cad55c1a41d92b16' -> (Import Result ID: 'b836b86555c1d57d08d54af233515e24') in 0.003 seconds [static and dynamic dependencies]. Details - ImportResultOutputID=638f61aff4865310ae5df7e686e1d965 DependenciesID=33911c1bca91da10220492fd6cd6ec33 StaticDependenciesID=083d5abaef61a1ef022b2a0b9d00037d 
Number of updated asset objects reloaded before import = 0
Number of asset objects unloaded after import = 0
========================================================================
Received Import Request.
  Time of request: 2026-08-04T17:31:23.7867198Z
  Time since last request: 0.0271149 seconds.
  importAddress: GUID: 177b2538515c71b4a86aa1cad939807a - Path: Packages/com.unity.render-pipelines.core/Editor/Icons/Processed/d_Volume Icon.asset - Importer: ScriptedImporter/UnityEditor.QuickSearchModule:UnityEditor.Search:ASIAI0B
Importing 'GUID: 177b2538515c71b4a86aa1cad939807a - Path: Packages/com.unity.render-pipelines.core/Editor/Icons/Processed/d_Volume Icon.asset - Importer: ScriptedImporter/UnityEditor.QuickSearchModule:UnityEditor.Search:ASIAI0B' with importer (ScriptedImporter : UnityEditor.QuickSearchModule:UnityEditor.Search:ASIAI0B)
Imported 'GUID: 177b2538515c71b4a86aa1cad939807a' -> (Import Result ID: '86c001131fecafa69bde27d6127db8b8') in 0.008 seconds [static and dynamic dependencies]. Details - ImportResultOutputID=5dbb8650b5560902d872d90734b9843c DependenciesID=812edd5dfaafe490f3820cf713b462f9 StaticDependenciesID=ea2fceafe057e107b26ac70a28a88e1d 
Number of updated asset objects reloaded before import = 0
Number of asset objects unloaded after import = 1
========================================================================
Received Import Request.
  Time of request: 2026-08-04T17:31:23.8030642Z
  Time since last request: 0.0003073 seconds.
  importAddress: GUID: 9577fdc34c3b03242bf439342d37043b - Path: Packages/com.unity.render-pipelines.core/Editor/Icons/Processed/RenderPipelineResources Icon.asset - Importer: ScriptedImporter/UnityEditor.QuickSearchModule:UnityEditor.Search:ASIAI0B
Importing 'GUID: 9577fdc34c3b03242bf439342d37043b - Path: Packages/com.unity.render-pipelines.core/Editor/Icons/Processed/RenderPipelineResources Icon.asset - Importer: ScriptedImporter/UnityEditor.QuickSearchModule:UnityEditor.Search:ASIAI0B' with importer (ScriptedImporter : UnityEditor.QuickSearchModule:UnityEditor.Search:ASIAI0B)
Imported 'GUID: 9577fdc34c3b03242bf439342d37043b' -> (Import Result ID: 'ab8cf048cabae8ca845d6f0b6fbc20a3') in 0.009 seconds [static and dynamic dependencies]. Details - ImportResultOutputID=c147149eecf8c32f0148ed0c0b9f0dc8 DependenciesID=a73c3f389b4cc5322bfbce6a4d722778 StaticDependenciesID=ad0c2d420f608ad4d4a136b095526c64 
Number of updated asset objects reloaded before import = 0
Number of asset objects unloaded after import = 1
========================================================================
Received Import Request.
  Time of request: 2026-08-04T17:31:23.8221563Z
  Time since last request: 0.0002707 seconds.
  importAddress: GUID: 65d673f04ea8f2f49919cf67d18aaf54 - Path: Packages/com.unity.render-pipelines.core/Editor/Icons/Processed/Volume Icon.asset - Importer: ScriptedImporter/UnityEditor.QuickSearchModule:UnityEditor.Search:ASIAI0B
Importing 'GUID: 65d673f04ea8f2f49919cf67d18aaf54 - Path: Packages/com.unity.render-pipelines.core/Editor/Icons/Processed/Volume Icon.asset - Importer: ScriptedImporter/UnityEditor.QuickSearchModule:UnityEditor.Search:ASIAI0B' with importer (ScriptedImporter : UnityEditor.QuickSearchModule:UnityEditor.Search:ASIAI0B)
Imported 'GUID: 65d673f04ea8f2f49919cf67d18aaf54' -> (Import Result ID: 'f10422b78c54a90619f34844c715a61c') in 0.007 seconds [static and dynamic dependencies]. Details - ImportResultOutputID=58862cf2a03d2f04dde04a3462b3a6d7 DependenciesID=8c745b6245c7f9d6c1d56fc08fc65b78 StaticDependenciesID=72b33c6fe62b3094e480f4d05538ec23 
Number of updated asset objects reloaded before import = 0
Number of asset objects unloaded after import = 1
========================================================================
Received Import Request.
  Time of request: 2026-08-04T17:31:23.8380088Z
  Time since last request: 0.0005776 seconds.
  importAddress: GUID: e813aef83a70543b79d435ef65ec86ee - Path: Packages/com.unity.render-pipelines.core/Editor/Icons/RenderGraphViewer/d_MemorylessTexture@2x.png - Importer: ScriptedImporter/UnityEditor.QuickSearchModule:UnityEditor.Search:ASIAI0B
Importing 'GUID: e813aef83a70543b79d435ef65ec86ee - Path: Packages/com.unity.render-pipelines.core/Editor/Icons/RenderGraphViewer/d_MemorylessTexture@2x.png - Importer: ScriptedImporter/UnityEditor.QuickSearchModule:UnityEditor.Search:ASIAI0B' with importer (ScriptedImporter : UnityEditor.QuickSearchModule:UnityEditor.Search:ASIAI0B)
Imported 'GUID: e813aef83a70543b79d435ef65ec86ee' -> (Import Result ID: '299eab987d7b9b6396ecd3032c339d99') in 0.004 seconds [static and dynamic dependencies]. Details - ImportResultOutputID=17ac4398da308da25190c1ccaddeb9a2 DependenciesID=2cc1a6d409dc74ea1208a4e011e0a06e StaticDependenciesID=fede3e0ab7df8de8b9396cf34e162b80 
Number of updated asset objects reloaded before import = 0
Number of asset objects unloaded after import = 1
========================================================================
Received Import Request.
  Time of request: 2026-08-04T17:31:23.8506027Z
  Time since last request: 0.0002309 seconds.
  importAddress: GUID: 23d6b8595de0e04429daf108638fe785 - Path: Packages/com.unity.render-pipelines.core/Editor/Icons/RenderGraphViewer/Import@2x.png - Importer: ScriptedImporter/UnityEditor.QuickSearchModule:UnityEditor.Search:ASIAI0B
Importing 'GUID: 23d6b8595de0e04429daf108638fe785 - Path: Packages/com.unity.render-pipelines.core/Editor/Icons/RenderGraphViewer/Import@2x.png - Importer: ScriptedImporter/UnityEditor.QuickSearchModule:UnityEditor.Search:ASIAI0B' with importer (ScriptedImporter : UnityEditor.QuickSearchModule:UnityEditor.Search:ASIAI0B)
Imported 'GUID: 23d6b8595de0e04429daf108638fe785' -> (Import Result ID: 'f75dae1e59b1da66d266e46bee1b5390') in 0.006 seconds [static and dynamic dependencies]. Details - ImportResultOutputID=c0506933762bb6cd32fdd72ae9121102 DependenciesID=bdf446a3b6b753832572e97f5945cdeb StaticDependenciesID=8ac80e951f33f4e33d505119c7b78963 
Number of updated asset objects reloaded before import = 0
Number of asset objects unloaded after import = 1
========================================================================
Received Import Request.
  Time of request: 2026-08-04T17:31:23.8668029Z
  Time since last request: 0.0004464 seconds.
  importAddress: GUID: 13d6273ce5597af4f841001aa751c423 - Path: Packages/com.unity.render-pipelines.core/Editor/Icons/MipLevels/VolumeProfile@128.png - Importer: ScriptedImporter/UnityEditor.QuickSearchModule:UnityEditor.Search:ASIAI0B
Importing 'GUID: 13d6273ce5597af4f841001aa751c423 - Path: Packages/com.unity.render-pipelines.core/Editor/Icons/MipLevels/VolumeProfile@128.png - Importer: ScriptedImporter/UnityEditor.QuickSearchModule:UnityEditor.Search:ASIAI0B' with importer (ScriptedImporter : UnityEditor.QuickSearchModule:UnityEditor.Search:ASIAI0B)
Imported 'GUID: 13d6273ce5597af4f841001aa751c423' -> (Import Result ID: '8991e85089fb9d28252303791bbe45fb') in 0.004 seconds [static and dynamic dependencies]. Details - ImportResultOutputID=65e3adb46260843e1901d4cc887cc49e DependenciesID=ec8d588a5f602dfba7f6bea410102035 StaticDependenciesID=9fe9d5a1db21502c6f6f36ef89baabfd 
Number of updated asset objects reloaded before import = 0
Number of asset objects unloaded after import = 1
========================================================================
Received Import Request.
  Time of request: 2026-08-04T17:31:23.8783335Z
  Time since last request: 0.0003212 seconds.
  importAddress: GUID: 60e80b0fa23ea904b92263803d64319c - Path: Packages/com.unity.render-pipelines.core/Editor/Icons/RenderGraphViewer/d_MultipleUsage.png - Importer: ScriptedImporter/UnityEditor.QuickSearchModule:UnityEditor.Search:ASIAI0B
Importing 'GUID: 60e80b0fa23ea904b92263803d64319c - Path: Packages/com.unity.render-pipelines.core/Editor/Icons/RenderGraphViewer/d_MultipleUsage.png - Importer: ScriptedImporter/UnityEditor.QuickSearchModule:UnityEditor.Search:ASIAI0B' with importer (ScriptedImporter : UnityEditor.QuickSearchModule:UnityEditor.Search:ASIAI0B)
Imported 'GUID: 60e80b0fa23ea904b92263803d64319c' -> (Import Result ID: 'd80519ef8e61b8b638445d9cf5679981') in 0.009 seconds [static and dynamic dependencies]. Details - ImportResultOutputID=c5f6b7128f9d4323617129946e019faf DependenciesID=e04789003488d9a6a41155cffbcac6ce StaticDependenciesID=2a8e9f305173d26be217c34ac82960e4 
Number of updated asset objects reloaded before import = 0
Number of asset objects unloaded after import = 3
========================================================================
Received Import Request.
  Time of request: 2026-08-04T17:31:23.8950634Z
  Time since last request: 0.0002776 seconds.
  importAddress: GUID: a51c08ea4f8a47641a38f14eff7be3db - Path: Packages/com.unity.render-pipelines.core/Editor/Icons/Processed/d_LocalVolumetricFog Icon.asset - Importer: ScriptedImporter/UnityEditor.QuickSearchModule:UnityEditor.Search:ASIAI0B
Importing 'GUID: a51c08ea4f8a47641a38f14eff7be3db - Path: Packages/com.unity.render-pipelines.core/Editor/Icons/Processed/d_LocalVolumetricFog Icon.asset - Importer: ScriptedImporter/UnityEditor.QuickSearchModule:UnityEditor.Search:ASIAI0B' with importer (ScriptedImporter : UnityEditor.QuickSearchModule:UnityEditor.Search:ASIAI0B)
Imported 'GUID: a51c08ea4f8a47641a38f14eff7be3db' -> (Import Result ID: 'd109491c98bc6444b26f4f1616b5aab0') in 0.007 seconds [static and dynamic dependencies]. Details - ImportResultOutputID=3185fb83161fe74d4e5438ff71e441c4 DependenciesID=6e49481befa834c7a8ffac097b45127f StaticDependenciesID=f5ffca3f3adb89daa2e9670bea56b47c 
Number of updated asset objects reloaded before import = 0
Number of asset objects unloaded after import = 1
========================================================================
Received Import Request.
  Time of request: 2026-08-04T17:31:23.9227891Z
  Time since last request: 0.012836 seconds.
  importAddress: GUID: 518057398db7dd043928f01f4fbad1b9 - Path: Packages/com.unity.render-pipelines.core/Editor/Lighting/Icons/d_LightPlacement_Icon.png - Importer: ScriptedImporter/UnityEditor.QuickSearchModule:UnityEditor.Search:ASIAI0B
Importing 'GUID: 518057398db7dd043928f01f4fbad1b9 - Path: Packages/com.unity.render-pipelines.core/Editor/Lighting/Icons/d_LightPlacement_Icon.png - Importer: ScriptedImporter/UnityEditor.QuickSearchModule:UnityEditor.Search:ASIAI0B' with importer (ScriptedImporter : UnityEditor.QuickSearchModule:UnityEditor.Search:ASIAI0B)
Imported 'GUID: 518057398db7dd043928f01f4fbad1b9' -> (Import Result ID: '8281dd8db46ec553caccf99d946e17d0') in 0.004 seconds [static and dynamic dependencies]. Details - ImportResultOutputID=8ef1318d99cf25a171381dd23807125a DependenciesID=7e2175751c2f4c7ab5c7bc7a13c2c3e1 StaticDependenciesID=1ef85608b57a27faafb58781b518731c 
Number of updated asset objects reloaded before import = 0
Number of asset objects unloaded after import = 1
========================================================================
Received Import Request.
  Time of request: 2026-08-04T17:31:23.9358567Z
  Time since last request: 0.000219 seconds.
  importAddress: GUID: 607368a9ed90f52428f3c33ecfee10f4 - Path: Packages/com.unity.render-pipelines.core/Editor/Lighting/ProbeVolume/SerializedProbeVolume.cs - Importer: ScriptedImporter/UnityEditor.QuickSearchModule:UnityEditor.Search:ASIAI0B
Importing 'GUID: 607368a9ed90f52428f3c33ecfee10f4 - Path: Packages/com.unity.render-pipelines.core/Editor/Lighting/ProbeVolume/SerializedProbeVolume.cs - Importer: ScriptedImporter/UnityEditor.QuickSearchModule:UnityEditor.Search:ASIAI0B' with importer (ScriptedImporter : UnityEditor.QuickSearchModule:UnityEditor.Search:ASIAI0B)
Imported 'GUID: 607368a9ed90f52428f3c33ecfee10f4' -> (Import Result ID: '6e686c4a0b2f3d3503954e125d37219d') in 0.004 seconds [static and dynamic dependencies]. Details - ImportResultOutputID=b8f58eaaba905dc48049a30cab7c325c DependenciesID=d69214906beac3ed959e1babdf99c185 StaticDependenciesID=af4a4483281807d5b839121049b8dc1d 
Number of updated asset objects reloaded before import = 0
Number of asset objects unloaded after import = 0
========================================================================
Received Import Request.
  Time of request: 2026-08-04T17:31:23.9490515Z
  Time since last request: 0.0002546 seconds.
  importAddress: GUID: 53a7b15acf3ceaf41b7f56dbca27f6c8 - Path: Packages/com.unity.render-pipelines.core/Editor/Lighting/ProbeVolume/ProbePlacement.cs.hlsl - Importer: ScriptedImporter/UnityEditor.QuickSearchModule:UnityEditor.Search:ASIAI0B
Importing 'GUID: 53a7b15acf3ceaf41b7f56dbca27f6c8 - Path: Packages/com.unity.render-pipelines.core/Editor/Lighting/ProbeVolume/ProbePlacement.cs.hlsl - Importer: ScriptedImporter/UnityEditor.QuickSearchModule:UnityEditor.Search:ASIAI0B' with importer (ScriptedImporter : UnityEditor.QuickSearchModule:UnityEditor.Search:ASIAI0B)
Imported 'GUID: 53a7b15acf3ceaf41b7f56dbca27f6c8' -> (Import Result ID: 'd2830f911237506616cbe317efa5f053') in 0.003 seconds [static and dynamic dependencies]. Details - ImportResultOutputID=8c206727995d21ddc1f4c24c4a5d7a3f DependenciesID=fd499ee3fd3fe290be4970c068a651a9 StaticDependenciesID=90d780e5d6d4608e61371bec36d94c33 
Number of updated asset objects reloaded before import = 0
Number of asset objects unloaded after import = 1
========================================================================
Received Import Request.
  Time of request: 2026-08-04T17:31:23.9607822Z
  Time since last request: 0.0003447 seconds.
  importAddress: GUID: c4f74ec1885109d438846c229989bcf9 - Path: Packages/com.unity.render-pipelines.core/Editor/Lighting/Icons/d_LightPlacement_Icon@32.png - Importer: ScriptedImporter/UnityEditor.QuickSearchModule:UnityEditor.Search:ASIAI0B
Importing 'GUID: c4f74ec1885109d438846c229989bcf9 - Path: Packages/com.unity.render-pipelines.core/Editor/Lighting/Icons/d_LightPlacement_Icon@32.png - Importer: ScriptedImporter/UnityEditor.QuickSearchModule:UnityEditor.Search:ASIAI0B' with importer (ScriptedImporter : UnityEditor.QuickSearchModule:UnityEditor.Search:ASIAI0B)
Imported 'GUID: c4f74ec1885109d438846c229989bcf9' -> (Import Result ID: '66cfaf6e4ad287cc9ca26afc288362c7') in 0.005 seconds [static and dynamic dependencies]. Details - ImportResultOutputID=e9b95cd87eb74867dade72e89206d469 DependenciesID=91409be7e408c6032717acf5bbe79c9c StaticDependenciesID=07b40ca7520f093b28cfe277122c6c43 
Number of updated asset objects reloaded before import = 0
Number of asset objects unloaded after import = 1
========================================================================
Received Import Request.
  Time of request: 2026-08-04T17:31:23.9739475Z
  Time since last request: 0.0002173 seconds.
  importAddress: GUID: 5a1695d093636284ca9487c8124775c5 - Path: Packages/com.unity.render-pipelines.core/Editor/Lighting/ProbeVolume/ProbeGIBaking.Dilate.cs.hlsl - Importer: ScriptedImporter/UnityEditor.QuickSearchModule:UnityEditor.Search:ASIAI0B
Importing 'GUID: 5a1695d093636284ca9487c8124775c5 - Path: Packages/com.unity.render-pipelines.core/Editor/Lighting/ProbeVolume/ProbeGIBaking.Dilate.cs.hlsl - Importer: ScriptedImporter/UnityEditor.QuickSearchModule:UnityEditor.Search:ASIAI0B' with importer (ScriptedImporter : UnityEditor.QuickSearchModule:UnityEditor.Search:ASIAI0B)
Imported 'GUID: 5a1695d093636284ca9487c8124775c5' -> (Import Result ID: '030a7051e3d6924b6f88d087bee67417') in 0.002 seconds [static and dynamic dependencies]. Details - ImportResultOutputID=16767a6001f4c41330edae96ca164222 DependenciesID=90e1f1ac7853ab753b0f5d64a4d99e30 StaticDependenciesID=3e87cf6788a3c1bdaa5152677d7d4c20 
Number of updated asset objects reloaded before import = 0
Number of asset objects unloaded after import = 1
========================================================================
Received Import Request.
  Time of request: 2026-08-04T17:31:23.9850916Z
  Time since last request: 0.0002118 seconds.
  importAddress: GUID: 7530ec596e48f41e2bc1cc954be9b805 - Path: Packages/com.unity.render-pipelines.core/Editor/Lighting/ProbeVolume/VoxelizeScene.hlsl - Importer: ScriptedImporter/UnityEditor.QuickSearchModule:UnityEditor.Search:ASIAI0B
Importing 'GUID: 7530ec596e48f41e2bc1cc954be9b805 - Path: Packages/com.unity.render-pipelines.core/Editor/Lighting/ProbeVolume/VoxelizeScene.hlsl - Importer: ScriptedImporter/UnityEditor.QuickSearchModule:UnityEditor.Search:ASIAI0B' with importer (ScriptedImporter : UnityEditor.QuickSearchModule:UnityEditor.Search:ASIAI0B)
Imported 'GUID: 7530ec596e48f41e2bc1cc954be9b805' -> (Import Result ID: '78648b0d81533c1f6b507fecb60db7fd') in 0.003 seconds [static and dynamic dependencies]. Details - ImportResultOutputID=1523589a59d7b36aaa43d71347f8a578 DependenciesID=1720e8e4cbda2862832d3f617bc0e88f StaticDependenciesID=0868251eac8404a951ebe03711b8b06e 
Number of updated asset objects reloaded before import = 0
Number of asset objects unloaded after import = 1
========================================================================
Received Import Request.
  Time of request: 2026-08-04T17:31:23.996109Z
  Time since last request: 0.0001696 seconds.
  importAddress: GUID: c8b6a681c7b4e2e4785ffab093907f9e - Path: Packages/com.unity.render-pipelines.core/Editor/Lighting/ProbeVolume/VoxelizeScene.shader - Importer: ScriptedImporter/UnityEditor.QuickSearchModule:UnityEditor.Search:ASIAI0B
Importing 'GUID: c8b6a681c7b4e2e4785ffab093907f9e - Path: Packages/com.unity.render-pipelines.core/Editor/Lighting/ProbeVolume/VoxelizeScene.shader - Importer: ScriptedImporter/UnityEditor.QuickSearchModule:UnityEditor.Search:ASIAI0B' with importer (ScriptedImporter : UnityEditor.QuickSearchModule:UnityEditor.Search:ASIAI0B)
Imported 'GUID: c8b6a681c7b4e2e4785ffab093907f9e' -> (Import Result ID: 'baa417931edf17f1d1ed7c401fc60374') in 0.005 seconds [static and dynamic dependencies]. Details - ImportResultOutputID=ea1e414609a634c4cf42f296242987d3 DependenciesID=2cb44f650ff975e0939981bf3d523e3d StaticDependenciesID=ccb8e8f524e87357ccacdef8c90f5da3 
Number of updated asset objects reloaded before import = 0
Number of asset objects unloaded after import = 1
========================================================================
Received Import Request.
  Time of request: 2026-08-04T17:31:24.0092611Z
  Time since last request: 0.0002648 seconds.
  importAddress: GUID: 7ae21171395a4ab498dcd45c73375262 - Path: Packages/com.unity.render-pipelines.core/Editor/Lighting/ProbeVolume/ProbeSubdivisionContext.cs - Importer: ScriptedImporter/UnityEditor.QuickSearchModule:UnityEditor.Search:ASIAI0B
Importing 'GUID: 7ae21171395a4ab498dcd45c73375262 - Path: Packages/com.unity.render-pipelines.core/Editor/Lighting/ProbeVolume/ProbeSubdivisionContext.cs - Importer: ScriptedImporter/UnityEditor.QuickSearchModule:UnityEditor.Search:ASIAI0B' with importer (ScriptedImporter : UnityEditor.QuickSearchModule:UnityEditor.Search:ASIAI0B)
Imported 'GUID: 7ae21171395a4ab498dcd45c73375262' -> (Import Result ID: '9a948d08cc10f0538760648caf1f68d1') in 0.003 seconds [static and dynamic dependencies]. Details - ImportResultOutputID=efc2f2a64c98ff49ce8c5aa60e81a5e3 DependenciesID=489a5a22d59187d146bdfe089b83531b StaticDependenciesID=a3139a26695d78aac0aa70b3141e77d4 
Number of updated asset objects reloaded before import = 0
Number of asset objects unloaded after import = 0
========================================================================
Received Import Request.
  Time of request: 2026-08-04T17:31:24.0210691Z
  Time since last request: 0.0004574 seconds.
  importAddress: GUID: f75902f05f887d847bd7573bdac61eca - Path: Packages/com.unity.render-pipelines.core/Editor/Lighting/Icons/d_LightPlacement_Icon@16.png - Importer: ScriptedImporter/UnityEditor.QuickSearchModule:UnityEditor.Search:ASIAI0B
Importing 'GUID: f75902f05f887d847bd7573bdac61eca - Path: Packages/com.unity.render-pipelines.core/Editor/Lighting/Icons/d_LightPlacement_Icon@16.png - Importer: ScriptedImporter/UnityEditor.QuickSearchModule:UnityEditor.Search:ASIAI0B' with importer (ScriptedImporter : UnityEditor.QuickSearchModule:UnityEditor.Search:ASIAI0B)
Imported 'GUID: f75902f05f887d847bd7573bdac61eca' -> (Import Result ID: 'a923c67e9d4780b42e9e241389e2d570') in 0.005 seconds [static and dynamic dependencies]. Details - ImportResultOutputID=0ecd50cac0eaa75970b7685a69d8b249 DependenciesID=39bf0102b862f54a4065528a02462ebc StaticDependenciesID=e220873fbc0d746cf35cffe33559f633 
Number of updated asset objects reloaded before import = 0
Number of asset objects unloaded after import = 1
========================================================================
Received Import Request.
  Time of request: 2026-08-04T17:31:24.0541584Z
  Time since last request: 0.0189482 seconds.
  importAddress: GUID: 245f99d8bedd61c4780fbe93fdee0cb8 - Path: Packages/com.unity.render-pipelines.core/Editor/Tools/MaterialUpgrader/IMaterialUpgradersProvider.cs - Importer: ScriptedImporter/UnityEditor.QuickSearchModule:UnityEditor.Search:ASIAI0B
Importing 'GUID: 245f99d8bedd61c4780fbe93fdee0cb8 - Path: Packages/com.unity.render-pipelines.core/Editor/Tools/MaterialUpgrader/IMaterialUpgradersProvider.cs - Importer: ScriptedImporter/UnityEditor.QuickSearchModule:UnityEditor.Search:ASIAI0B' with importer (ScriptedImporter : UnityEditor.QuickSearchModule:UnityEditor.Search:ASIAI0B)
Imported 'GUID: 245f99d8bedd61c4780fbe93fdee0cb8' -> (Import Result ID: '7e77581c3fb928c6f011071c546b9e95') in 0.003 seconds [static and dynamic dependencies]. Details - ImportResultOutputID=234768b916d74064f58e3f8f2887c0c3 DependenciesID=c1acabe9a6cb8b9e1867c0f15748c25a StaticDependenciesID=474e94386512db44f203b9330e71682c 
Number of updated asset objects reloaded before import = 0
Number of asset objects unloaded after import = 0
========================================================================
Received Import Request.
  Time of request: 2026-08-04T17:31:24.0681153Z
  Time since last request: 0.0003354 seconds.
  importAddress: GUID: 81990f396fa7c0a41be94125220f755a - Path: Packages/com.unity.render-pipelines.core/Editor-PrivateShared/Tools/Converter/RenderSettingsConverter.cs - Importer: ScriptedImporter/UnityEditor.QuickSearchModule:UnityEditor.Search:ASIAI0B
Importing 'GUID: 81990f396fa7c0a41be94125220f755a - Path: Packages/com.unity.render-pipelines.core/Editor-PrivateShared/Tools/Converter/RenderSettingsConverter.cs - Importer: ScriptedImporter/UnityEditor.QuickSearchModule:UnityEditor.Search:ASIAI0B' with importer (ScriptedImporter : UnityEditor.QuickSearchModule:UnityEditor.Search:ASIAI0B)
Imported 'GUID: 81990f396fa7c0a41be94125220f755a' -> (Import Result ID: '2104eab1df7d59b155d15ceb8535285c') in 0.002 seconds [static and dynamic dependencies]. Details - ImportResultOutputID=218657835f2503ad5d1a225250efa0a1 DependenciesID=a8f5ed3705a726dc18d3bfaab29daac3 StaticDependenciesID=ba9368ab9110546fd3144c7231ee851e 
Number of updated asset objects reloaded before import = 0
Number of asset objects unloaded after import = 0
========================================================================
Received Import Request.
  Time of request: 2026-08-04T17:31:24.0789951Z
  Time since last request: 0.000423 seconds.
  importAddress: GUID: a4aff83690b661e4fab719effabef2a9 - Path: Packages/com.unity.render-pipelines.core/Editor/Resources/Gizmos/ProbeVolume.png - Importer: ScriptedImporter/UnityEditor.QuickSearchModule:UnityEditor.Search:ASIAI0B
Importing 'GUID: a4aff83690b661e4fab719effabef2a9 - Path: Packages/com.unity.render-pipelines.core/Editor/Resources/Gizmos/ProbeVolume.png - Importer: ScriptedImporter/UnityEditor.QuickSearchModule:UnityEditor.Search:ASIAI0B' with importer (ScriptedImporter : UnityEditor.QuickSearchModule:UnityEditor.Search:ASIAI0B)
Imported 'GUID: a4aff83690b661e4fab719effabef2a9' -> (Import Result ID: '0b29ad19ccb11f9e2b1c155e008a9484') in 0.005 seconds [static and dynamic dependencies]. Details - ImportResultOutputID=bbdd9cc71d59353fe9b6a520ae26d03d DependenciesID=a8a1341a217543df066e287659bc9fbe StaticDependenciesID=79722e5f34f3bc986c1e1d7aa759b80d 
Number of updated asset objects reloaded before import = 0
Number of asset objects unloaded after import = 1
========================================================================
Received Import Request.
  Time of request: 2026-08-04T17:31:24.0930767Z
  Time since last request: 0.0002333 seconds.
  importAddress: GUID: 3a8aa4d508da46d4dace18b280f064aa - Path: Packages/com.unity.render-pipelines.core/Runtime/Debugging/Runtime UI Resources/RuntimeDebugWindow.uss - Importer: ScriptedImporter/UnityEditor.QuickSearchModule:UnityEditor.Search:ASIAI0B
Importing 'GUID: 3a8aa4d508da46d4dace18b280f064aa - Path: Packages/com.unity.render-pipelines.core/Runtime/Debugging/Runtime UI Resources/RuntimeDebugWindow.uss - Importer: ScriptedImporter/UnityEditor.QuickSearchModule:UnityEditor.Search:ASIAI0B' with importer (ScriptedImporter : UnityEditor.QuickSearchModule:UnityEditor.Search:ASIAI0B)
Imported 'GUID: 3a8aa4d508da46d4dace18b280f064aa' -> (Import Result ID: '9aee5f53fcf2840e5324b27e76d1c0f9') in 0.013 seconds [static and dynamic dependencies]. Details - ImportResultOutputID=0aa34b866a4b18402d3e525fce453f42 DependenciesID=dcd1c66cd6813c91e85e433803a097ea StaticDependenciesID=d0e96b0be0a20cde7f7a61af6ef931cb 
Number of updated asset objects reloaded before import = 0
Number of asset objects unloaded after import = 1
========================================================================
Received Import Request.
  Time of request: 2026-08-04T17:31:24.114453Z
  Time since last request: 0.0002213 seconds.
  importAddress: GUID: a796fe586e0ddba4cae031b0ab585286 - Path: Packages/com.unity.render-pipelines.core/Editor/PostProcessing/LensFlareResource/LensFlareDataDriven.shader - Importer: ScriptedImporter/UnityEditor.QuickSearchModule:UnityEditor.Search:ASIAI0B
Importing 'GUID: a796fe586e0ddba4cae031b0ab585286 - Path: Packages/com.unity.render-pipelines.core/Editor/PostProcessing/LensFlareResource/LensFlareDataDriven.shader - Importer: ScriptedImporter/UnityEditor.QuickSearchModule:UnityEditor.Search:ASIAI0B' with importer (ScriptedImporter : UnityEditor.QuickSearchModule:UnityEditor.Search:ASIAI0B)
Imported 'GUID: a796fe586e0ddba4cae031b0ab585286' -> (Import Result ID: 'cd1a609ad3546216df645fda03acb9ce') in 0.004 seconds [static and dynamic dependencies]. Details - ImportResultOutputID=454e6f2eaa66ff6dcbb083874829de5e DependenciesID=69a53d1e96664c411411c8fc8fffc0cb StaticDependenciesID=a607e144234bdb7bfa1fdf13d79ff378 
Number of updated asset objects reloaded before import = 0
Number of asset objects unloaded after import = 1
========================================================================
Received Import Request.
  Time of request: 2026-08-04T17:31:24.1279482Z
  Time since last request: 0.0002793 seconds.
  importAddress: GUID: a27d8a9d1dff4734cb0e88406d333941 - Path: Packages/com.unity.render-pipelines.core/Runtime/GPUDriven/Batching/InstanceCullingBatcherBurst.cs - Importer: ScriptedImporter/UnityEditor.QuickSearchModule:UnityEditor.Search:ASIAI0B
Importing 'GUID: a27d8a9d1dff4734cb0e88406d333941 - Path: Packages/com.unity.render-pipelines.core/Runtime/GPUDriven/Batching/InstanceCullingBatcherBurst.cs - Importer: ScriptedImporter/UnityEditor.QuickSearchModule:UnityEditor.Search:ASIAI0B' with importer (ScriptedImporter : UnityEditor.QuickSearchModule:UnityEditor.Search:ASIAI0B)
Imported 'GUID: a27d8a9d1dff4734cb0e88406d333941' -> (Import Result ID: 'e39df8ec3a9b221baeb17f7d103c329e') in 0.003 seconds [static and dynamic dependencies]. Details - ImportResultOutputID=a01f697d38bec74cd466d020aa4cb131 DependenciesID=93bf60d9fb28b5ea1b4f65a391157fc1 StaticDependenciesID=75790a89eb2226721ea297715284c17d 
Number of updated asset objects reloaded before import = 0
Number of asset objects unloaded after import = 0
========================================================================
Received Import Request.
  Time of request: 2026-08-04T17:31:24.1400526Z
  Time since last request: 0.0002493 seconds.
  importAddress: GUID: e60eb64f07904667887976b2ec8cffed - Path: Packages/com.unity.render-pipelines.core/Editor/Volume/Drawers/BoolParameterDrawer.cs - Importer: ScriptedImporter/UnityEditor.QuickSearchModule:UnityEditor.Search:ASIAI0B
Importing 'GUID: e60eb64f07904667887976b2ec8cffed - Path: Packages/com.unity.render-pipelines.core/Editor/Volume/Drawers/BoolParameterDrawer.cs - Importer: ScriptedImporter/UnityEditor.QuickSearchModule:UnityEditor.Search:ASIAI0B' with importer (ScriptedImporter : UnityEditor.QuickSearchModule:UnityEditor.Search:ASIAI0B)
Imported 'GUID: e60eb64f07904667887976b2ec8cffed' -> (Import Result ID: '501cd361e1fbd9fcd24ed62127f07b5d') in 0.003 seconds [static and dynamic dependencies]. Details - ImportResultOutputID=90604871df900814c40de61df3d72793 DependenciesID=a6f57435baefc1a2b21decefd6d8f6e5 StaticDependenciesID=4289696e64ee5bf6c4531e5a34a4f85a 
Number of updated asset objects reloaded before import = 0
Number of asset objects unloaded after import = 0
========================================================================
Received Import Request.
  Time of request: 2026-08-04T17:31:24.1521874Z
  Time since last request: 0.0002955 seconds.
  importAddress: GUID: 80b74a073fa3027458f3b3ff5346f10b - Path: Packages/com.unity.render-pipelines.core/Editor/PostProcessing/LensFlareResource/CircleFlareThumbnail.png - Importer: ScriptedImporter/UnityEditor.QuickSearchModule:UnityEditor.Search:ASIAI0B
Importing 'GUID: 80b74a073fa3027458f3b3ff5346f10b - Path: Packages/com.unity.render-pipelines.core/Editor/PostProcessing/LensFlareResource/CircleFlareThumbnail.png - Importer: ScriptedImporter/UnityEditor.QuickSearchModule:UnityEditor.Search:ASIAI0B' with importer (ScriptedImporter : UnityEditor.QuickSearchModule:UnityEditor.Search:ASIAI0B)
Imported 'GUID: 80b74a073fa3027458f3b3ff5346f10b' -> (Import Result ID: 'a0d04ec91577b6fc6fd55ce67d2a238e') in 0.006 seconds [static and dynamic dependencies]. Details - ImportResultOutputID=2ff86503b41e238b86e359b5095ae095 DependenciesID=60831dc76c2fcbb57d846f896ece1746 StaticDependenciesID=fd0addff231d2fa0cb7e590dfe23c106 
Number of updated asset objects reloaded before import = 0
Number of asset objects unloaded after import = 1
========================================================================
Received Import Request.
  Time of request: 2026-08-04T17:31:24.1864888Z
  Time since last request: 0.0180231 seconds.
  importAddress: GUID: a91edae7e71f48b9880e1bda95128cfd - Path: Packages/com.unity.render-pipelines.core/Runtime/Lighting/ProbeVolume/ProbeAdjustmentVolume.deprecated.cs - Importer: ScriptedImporter/UnityEditor.QuickSearchModule:UnityEditor.Search:ASIAI0B
Importing 'GUID: a91edae7e71f48b9880e1bda95128cfd - Path: Packages/com.unity.render-pipelines.core/Runtime/Lighting/ProbeVolume/ProbeAdjustmentVolume.deprecated.cs - Importer: ScriptedImporter/UnityEditor.QuickSearchModule:UnityEditor.Search:ASIAI0B' with importer (ScriptedImporter : UnityEditor.QuickSearchModule:UnityEditor.Search:ASIAI0B)
Imported 'GUID: a91edae7e71f48b9880e1bda95128cfd' -> (Import Result ID: 'af712a610d9644fc63cc78d6a90458ea') in 0.003 seconds [static and dynamic dependencies]. Details - ImportResultOutputID=c0839d9fe70dc3a7c72010b042f2b5c4 DependenciesID=f01e62be7c92d98f762d7617f5a48c2b StaticDependenciesID=1c30dcb64e61c02079fa88007f2f029c 
Number of updated asset objects reloaded before import = 0
Number of asset objects unloaded after import = 0
========================================================================
Received Import Request.
  Time of request: 2026-08-04T17:31:24.1964937Z
  Time since last request: 0.0003566 seconds.
  importAddress: GUID: 55f90731af2ebc94fb7fdaebe2a9a409 - Path: Packages/com.unity.render-pipelines.core/Runtime/Lighting/ProbeVolume/ProbeAdjustmentVolume.cs - Importer: ScriptedImporter/UnityEditor.QuickSearchModule:UnityEditor.Search:ASIAI0B
Importing 'GUID: 55f90731af2ebc94fb7fdaebe2a9a409 - Path: Packages/com.unity.render-pipelines.core/Runtime/Lighting/ProbeVolume/ProbeAdjustmentVolume.cs - Importer: ScriptedImporter/UnityEditor.QuickSearchModule:UnityEditor.Search:ASIAI0B' with importer (ScriptedImporter : UnityEditor.QuickSearchModule:UnityEditor.Search:ASIAI0B)
Imported 'GUID: 55f90731af2ebc94fb7fdaebe2a9a409' -> (Import Result ID: '62a6e5653038216bce485500c7c8b77d') in 0.002 seconds [static and dynamic dependencies]. Details - ImportResultOutputID=70ba7f0dac21b7bbadd0ff8b9565ca18 DependenciesID=84aae2a20adb76eb117af891e175b6b2 StaticDependenciesID=35494161f49a5f079b4920a6a3f7c53f 
Number of updated asset objects reloaded before import = 0
Number of asset objects unloaded after import = 0
========================================================================
Received Import Request.
  Time of request: 2026-08-04T17:31:24.2068107Z
  Time since last request: 0.0004215 seconds.
  importAddress: GUID: 86dce443230a0694d8fedef47e43b707 - Path: Packages/com.unity.render-pipelines.core/Runtime/GPUDriven/Culling/InstanceCullerBurst.cs - Importer: ScriptedImporter/UnityEditor.QuickSearchModule:UnityEditor.Search:ASIAI0B
Importing 'GUID: 86dce443230a0694d8fedef47e43b707 - Path: Packages/com.unity.render-pipelines.core/Runtime/GPUDriven/Culling/InstanceCullerBurst.cs - Importer: ScriptedImporter/UnityEditor.QuickSearchModule:UnityEditor.Search:ASIAI0B' with importer (ScriptedImporter : UnityEditor.QuickSearchModule:UnityEditor.Search:ASIAI0B)
Imported 'GUID: 86dce443230a0694d8fedef47e43b707' -> (Import Result ID: '84e5f3b5e9ce847c34344106f113e8a9') in 0.002 seconds [static and dynamic dependencies]. Details - ImportResultOutputID=43f765c9dc52cf836b1bcb59fe2b2779 DependenciesID=76718fb02b615ecbc382d422293390dc StaticDependenciesID=ffc61d194e52b87e03890927da42bc16 
Number of updated asset objects reloaded before import = 0
Number of asset objects unloaded after import = 0
========================================================================
Received Import Request.
  Time of request: 2026-08-04T17:31:24.217993Z
  Time since last request: 0.0003867 seconds.
  importAddress: GUID: 1ed97a1fe4775544caa75b92f1d8e9ae - Path: Packages/com.unity.render-pipelines.core/Runtime/GPUDriven/Culling/OcclusionCullingCommon.cs.hlsl - Importer: ScriptedImporter/UnityEditor.QuickSearchModule:UnityEditor.Search:ASIAI0B
Importing 'GUID: 1ed97a1fe4775544caa75b92f1d8e9ae - Path: Packages/com.unity.render-pipelines.core/Runtime/GPUDriven/Culling/OcclusionCullingCommon.cs.hlsl - Importer: ScriptedImporter/UnityEditor.QuickSearchModule:UnityEditor.Search:ASIAI0B' with importer (ScriptedImporter : UnityEditor.QuickSearchModule:UnityEditor.Search:ASIAI0B)
Imported 'GUID: 1ed97a1fe4775544caa75b92f1d8e9ae' -> (Import Result ID: 'dde16cddae4ad50efae67157eca62612') in 0.003 seconds [static and dynamic dependencies]. Details - ImportResultOutputID=a5966f14d5ded86c3c3e6aabc9c5b94b DependenciesID=6428540b3912c51f5288aca8ea899d76 StaticDependenciesID=9ecf5c8af42ccb125b1f2d71354cd786 
Number of updated asset objects reloaded before import = 0
Number of asset objects unloaded after import = 1
========================================================================
Received Import Request.
  Time of request: 2026-08-04T17:31:24.2308274Z
  Time since last request: 0.0002774 seconds.
  importAddress: GUID: 66d9341ed4713be40a82b8eac8efe939 - Path: Packages/com.unity.render-pipelines.core/Runtime/Lighting/ProbeVolume/ProbeVolume.Migration.cs - Importer: ScriptedImporter/UnityEditor.QuickSearchModule:UnityEditor.Search:ASIAI0B
Importing 'GUID: 66d9341ed4713be40a82b8eac8efe939 - Path: Packages/com.unity.render-pipelines.core/Runtime/Lighting/ProbeVolume/ProbeVolume.Migration.cs - Importer: ScriptedImporter/UnityEditor.QuickSearchModule:UnityEditor.Search:ASIAI0B' with importer (ScriptedImporter : UnityEditor.QuickSearchModule:UnityEditor.Search:ASIAI0B)
Imported 'GUID: 66d9341ed4713be40a82b8eac8efe939' -> (Import Result ID: '97b7d9cf05a6d12f2febadd6c012f3c2') in 0.003 seconds [static and dynamic dependencies]. Details - ImportResultOutputID=9184f5ca670f91d39cfcb50d089a665a DependenciesID=6626b9844781b2d6d2ae8a99fd27f050 StaticDependenciesID=b112606c059189562daf0fd7edb0c914 
Number of updated asset objects reloaded before import = 0
Number of asset objects unloaded after import = 0
========================================================================
Received Import Request.
  Time of request: 2026-08-04T17:31:24.2417248Z
  Time since last request: 0.0002293 seconds.
  importAddress: GUID: 8ae16c27ed16096458605a6fc56994c8 - Path: Packages/com.unity.render-pipelines.core/Runtime/GPUDriven/Utilities/GeometryUtilities.hlsl - Importer: ScriptedImporter/UnityEditor.QuickSearchModule:UnityEditor.Search:ASIAI0B
Importing 'GUID: 8ae16c27ed16096458605a6fc56994c8 - Path: Packages/com.unity.render-pipelines.core/Runtime/GPUDriven/Utilities/GeometryUtilities.hlsl - Importer: ScriptedImporter/UnityEditor.QuickSearchModule:UnityEditor.Search:ASIAI0B' with importer (ScriptedImporter : UnityEditor.QuickSearchModule:UnityEditor.Search:ASIAI0B)
Imported 'GUID: 8ae16c27ed16096458605a6fc56994c8' -> (Import Result ID: '844847464fbd82e466998dd118c90ff1') in 0.003 seconds [static and dynamic dependencies]. Details - ImportResultOutputID=ac2877bc5fea0af7b777687b147250dc DependenciesID=1708580b11a3d10c393081e0bc323931 StaticDependenciesID=31bda67d454f8c63b9bf9e2cb88d7cbe 
Number of updated asset objects reloaded before import = 0
Number of asset objects unloaded after import = 1
========================================================================
Received Import Request.
  Time of request: 2026-08-04T17:31:24.2514394Z
  Time since last request: 0.000241 seconds.
  importAddress: GUID: a44ea003ea382364d9e18b103d0503cf - Path: Packages/com.unity.render-pipelines.core/Runtime/GPUDriven/CoreDataSystems/LODGroupDataSystemBurst.cs - Importer: ScriptedImporter/UnityEditor.QuickSearchModule:UnityEditor.Search:ASIAI0B
Importing 'GUID: a44ea003ea382364d9e18b103d0503cf - Path: Packages/com.unity.render-pipelines.core/Runtime/GPUDriven/CoreDataSystems/LODGroupDataSystemBurst.cs - Importer: ScriptedImporter/UnityEditor.QuickSearchModule:UnityEditor.Search:ASIAI0B' with importer (ScriptedImporter : UnityEditor.QuickSearchModule:UnityEditor.Search:ASIAI0B)
Imported 'GUID: a44ea003ea382364d9e18b103d0503cf' -> (Import Result ID: '3343da65a9804d1f8e837714d850ed09') in 0.002 seconds [static and dynamic dependencies]. Details - ImportResultOutputID=035883640e06bedc716ec5b72be9dd7e DependenciesID=769ce0c0bd8412ff83d60e18c2d5a7ff StaticDependenciesID=004cc456319cc8194772ebd16354cf9a 
Number of updated asset objects reloaded before import = 0
Number of asset objects unloaded after import = 0
========================================================================
Received Import Request.
  Time of request: 2026-08-04T17:31:24.26059Z
  Time since last request: 0.0002589 seconds.
  importAddress: GUID: f3545fc7afc41164dbfc733522d08386 - Path: Packages/com.unity.render-pipelines.core/Runtime/GPUDriven/CoreDataSystems/LODGroupDataSystem.Jobs.cs - Importer: ScriptedImporter/UnityEditor.QuickSearchModule:UnityEditor.Search:ASIAI0B
Importing 'GUID: f3545fc7afc41164dbfc733522d08386 - Path: Packages/com.unity.render-pipelines.core/Runtime/GPUDriven/CoreDataSystems/LODGroupDataSystem.Jobs.cs - Importer: ScriptedImporter/UnityEditor.QuickSearchModule:UnityEditor.Search:ASIAI0B' with importer (ScriptedImporter : UnityEditor.QuickSearchModule:UnityEditor.Search:ASIAI0B)
Imported 'GUID: f3545fc7afc41164dbfc733522d08386' -> (Import Result ID: 'ddef940f1990c807c5a5ee6db32fb2d5') in 0.002 seconds [static and dynamic dependencies]. Details - ImportResultOutputID=2e802943273d2300391712e746f74d81 DependenciesID=7cec4ef93029e15203554f22ae40a6e4 StaticDependenciesID=99b74d947fe870f38eeb0bd1213ac49e 
Number of updated asset objects reloaded before import = 0
Number of asset objects unloaded after import = 0
========================================================================
Received Import Request.
  Time of request: 2026-08-04T17:31:24.2709177Z
  Time since last request: 0.0002696 seconds.
  importAddress: GUID: 0fd0ea96637f6954bad526ba9c76b16b - Path: Packages/com.unity.render-pipelines.core/Runtime/GPUDriven/Debug/GPUResidentDrawerDebug.cs - Importer: ScriptedImporter/UnityEditor.QuickSearchModule:UnityEditor.Search:ASIAI0B
Importing 'GUID: 0fd0ea96637f6954bad526ba9c76b16b - Path: Packages/com.unity.render-pipelines.core/Runtime/GPUDriven/Debug/GPUResidentDrawerDebug.cs - Importer: ScriptedImporter/UnityEditor.QuickSearchModule:UnityEditor.Search:ASIAI0B' with importer (ScriptedImporter : UnityEditor.QuickSearchModule:UnityEditor.Search:ASIAI0B)
Imported 'GUID: 0fd0ea96637f6954bad526ba9c76b16b' -> (Import Result ID: 'b29aa27de7f11defdf055279d4f5b48a') in 0.002 seconds [static and dynamic dependencies]. Details - ImportResultOutputID=eca291c40bc6ecd073bd118212367676 DependenciesID=5690039824684e21963f4e208d3c9220 StaticDependenciesID=c019486fac0c4f660b6523d126ad08bf 
Number of updated asset objects reloaded before import = 0
Number of asset objects unloaded after import = 0
========================================================================
Received Import Request.
  Time of request: 2026-08-04T17:31:24.2978349Z
  Time since last request: 0.0162021 seconds.
  importAddress: GUID: c23523f04780d754f927b9daf4f975b9 - Path: Packages/com.unity.render-pipelines.core/Runtime/Lighting/SurfaceCache/TemporalFiltering.compute - Importer: ScriptedImporter/UnityEditor.QuickSearchModule:UnityEditor.Search:ASIAI0B
Importing 'GUID: c23523f04780d754f927b9daf4f975b9 - Path: Packages/com.unity.render-pipelines.core/Runtime/Lighting/SurfaceCache/TemporalFiltering.compute - Importer: ScriptedImporter/UnityEditor.QuickSearchModule:UnityEditor.Search:ASIAI0B' with importer (ScriptedImporter : UnityEditor.QuickSearchModule:UnityEditor.Search:ASIAI0B)
Imported 'GUID: c23523f04780d754f927b9daf4f975b9' -> (Import Result ID: '01bc9378bb817df4fd359080339db637') in 0.003 seconds [static and dynamic dependencies]. Details - ImportResultOutputID=efbac06454ccfa55b7e167b3f7b5bcd5 DependenciesID=6d3a2fd34d6734a43b209795664cf88a StaticDependenciesID=32462fb251d78985c33c57f02f50f4c0 
Number of updated asset objects reloaded before import = 0
Number of asset objects unloaded after import = 1
========================================================================
Received Import Request.
  Time of request: 2026-08-04T17:31:24.3088779Z
  Time since last request: 0.0002121 seconds.
  importAddress: GUID: a80925ceebd011741b42509226cefc74 - Path: Packages/com.unity.render-pipelines.core/Runtime/PathTracing/Meshes/6FaceSkyboxMesh.mesh - Importer: ScriptedImporter/UnityEditor.QuickSearchModule:UnityEditor.Search:ASIAI0B
Importing 'GUID: a80925ceebd011741b42509226cefc74 - Path: Packages/com.unity.render-pipelines.core/Runtime/PathTracing/Meshes/6FaceSkyboxMesh.mesh - Importer: ScriptedImporter/UnityEditor.QuickSearchModule:UnityEditor.Search:ASIAI0B' with importer (ScriptedImporter : UnityEditor.QuickSearchModule:UnityEditor.Search:ASIAI0B)
Imported 'GUID: a80925ceebd011741b42509226cefc74' -> (Import Result ID: '7cd4ee44dc95301df7edfc2770adcfa0') in 0.004 seconds [static and dynamic dependencies]. Details - ImportResultOutputID=93226bf8a99381664f5ab773138a8dd0 DependenciesID=621271ebc3701f3159aa38012f670054 StaticDependenciesID=fb275de87553ed844ea5966d018e0f8a 
Number of updated asset objects reloaded before import = 0
Number of asset objects unloaded after import = 1
========================================================================
Received Import Request.
  Time of request: 2026-08-04T17:31:24.32094Z
  Time since last request: 0.0002783 seconds.
  importAddress: GUID: 854554dea0a060645879ba79a3cd6503 - Path: Packages/com.unity.render-pipelines.core/Runtime/Lighting/SurfaceCache/SurfaceCache.cs - Importer: ScriptedImporter/UnityEditor.QuickSearchModule:UnityEditor.Search:ASIAI0B
Importing 'GUID: 854554dea0a060645879ba79a3cd6503 - Path: Packages/com.unity.render-pipelines.core/Runtime/Lighting/SurfaceCache/SurfaceCache.cs - Importer: ScriptedImporter/UnityEditor.QuickSearchModule:UnityEditor.Search:ASIAI0B' with importer (ScriptedImporter : UnityEditor.QuickSearchModule:UnityEditor.Search:ASIAI0B)
Imported 'GUID: 854554dea0a060645879ba79a3cd6503' -> (Import Result ID: '652fdd382a14c00f78f7ec291cccc110') in 0.002 seconds [static and dynamic dependencies]. Details - ImportResultOutputID=776a9c40ca7bb3cbfa8ecb1c427e0428 DependenciesID=cf4d5b5459d674655fa882a2451438cf StaticDependenciesID=9b48b5ed03332dfef953425987d19b2a 
Number of updated asset objects reloaded before import = 0
Number of asset objects unloaded after import = 0
========================================================================
Received Import Request.
  Time of request: 2026-08-04T17:31:24.3299939Z
  Time since last request: 0.0002789 seconds.
  importAddress: GUID: 94a39d12848d8d64ca962a72b74e7c50 - Path: Packages/com.unity.render-pipelines.core/Runtime/Lighting/SurfaceCache/Estimation.urtshader - Importer: ScriptedImporter/UnityEditor.QuickSearchModule:UnityEditor.Search:ASIAI0B
Importing 'GUID: 94a39d12848d8d64ca962a72b74e7c50 - Path: Packages/com.unity.render-pipelines.core/Runtime/Lighting/SurfaceCache/Estimation.urtshader - Importer: ScriptedImporter/UnityEditor.QuickSearchModule:UnityEditor.Search:ASIAI0B' with importer (ScriptedImporter : UnityEditor.QuickSearchModule:UnityEditor.Search:ASIAI0B)
Imported 'GUID: 94a39d12848d8d64ca962a72b74e7c50' -> (Import Result ID: '2fc00c6282a641be5c5fe2b0c7af4997') in 0.004 seconds [static and dynamic dependencies]. Details - ImportResultOutputID=c3e0eb8e4d712afefb2ce34119c8033c DependenciesID=06b9424ff61845f216a030db05e3a83d StaticDependenciesID=30ac384ae69b8e93f42fd2e5e3040e1d 
Number of updated asset objects reloaded before import = 0
Number of asset objects unloaded after import = 2
========================================================================
Received Import Request.
  Time of request: 2026-08-04T17:31:24.3415862Z
  Time since last request: 0.000506 seconds.
  importAddress: GUID: a183a2d0b1da4904fb3bd71c6111ebb1 - Path: Packages/com.unity.render-pipelines.core/Runtime/Lighting/SurfaceCache/Defrag.compute - Importer: ScriptedImporter/UnityEditor.QuickSearchModule:UnityEditor.Search:ASIAI0B
Importing 'GUID: a183a2d0b1da4904fb3bd71c6111ebb1 - Path: Packages/com.unity.render-pipelines.core/Runtime/Lighting/SurfaceCache/Defrag.compute - Importer: ScriptedImporter/UnityEditor.QuickSearchModule:UnityEditor.Search:ASIAI0B' with importer (ScriptedImporter : UnityEditor.QuickSearchModule:UnityEditor.Search:ASIAI0B)
Imported 'GUID: a183a2d0b1da4904fb3bd71c6111ebb1' -> (Import Result ID: 'd7db072817757816a454f34a31630510') in 0.003 seconds [static and dynamic dependencies]. Details - ImportResultOutputID=f505abc3f57336d1580719aa29605d60 DependenciesID=916be124cda60cbbca23e022ca8992ae StaticDependenciesID=6aaf285ed7c9a88b9e50bdeb382e751f 
Number of updated asset objects reloaded before import = 0
Number of asset objects unloaded after import = 1
========================================================================
Received Prepare
AcceleratorClientConnectionCallback - disconnected - :0
Begin MonoManager ReloadAssembly
Native extension for WindowsStandalone target not found
[Package Manager] Failed to launch server process. Reason: Unity was launched with the -noUpm command-line argument
[Package Manager] Unable to send message (not connected to server process).
[Package Manager] Cannot connect to Unity Package Manager local server
[Package Manager] Failed to launch server process. Reason: Unity was launched with the -noUpm command-line argument
[Package Manager] Unable to send message (not connected to server process).
[Package Manager] Cannot connect to Unity Package Manager local server
ScheduleIndexationOnStartup MainProcess:False IndexOnStartup:True
Mono: successfully reloaded assembly
- Finished resetting the current domain, in  0.548 seconds
Domain Reload Profiling: 1067ms
	BeginReloadAssembly (173ms)
		DisableScriptedObjects (8ms)
		CreateAndSetChildDomain (45ms)
	RebuildCommonClasses (6ms)
	RebuildNativeTypeToScriptingClass (12ms)
	initialDomainReloadingComplete (47ms)
	LoadAllAssembliesAndSetupDomain (280ms)
		LoadAssemblies (262ms)
		AnalyzeDomain (15ms)
			TypeCache.Refresh (5ms)
			ResolveRequiredComponents (7ms)
	FinalizeReload (549ms)
		SetupLoadedEditorAssemblies (0ms)
			BeforeProcessingInitializeOnLoad (68ms)
			ProcessInitializeOnLoadAttributes (206ms)
			ProcessInitializeOnLoadMethodAttributes (115ms)
		AwakeInstancesAfterBackupRestoration (14ms)
Unloading 22 Unused Serialized files (Serialized files now loaded: 0)
Unloading 7154 unused Assets / (5.7 MB). Loaded Objects now: 8046.
Memory consumption went from 330.9 MB to 325.2 MB.
Total: 9.610600 ms (FindLiveObjects: 0.708800 ms CreateObjectMapping: 1.551200 ms MarkObjects: 4.576400 ms  DeleteObjects: 2.773300 ms)

Prepare: number of updated asset objects reloaded= 0
Editor requested this worker to shutdown with reason: Scaling down because of idle timeout
AssetImportWorkerClient::OnTransportError - code=2 error=End of file
AcceleratorClientConnectionCallback - disconnected - :0
AssetImportWorker is now disconnected from the server
Process exiting
Exiting without the bug reporter. Application will terminate with return code 0