[Licensing::Module] Trying to connect to existing licensing client channel...
Built from '6000.5/staging' branch; Version is '6000.5.0f1 (88b47c5e7076) revision 8959100'; Using compiler version '194234433'; Build Type 'Release'
OS: 'Windows 10  (10.0.19045) 64bit Professional' Language: 'en' Physical Memory: 64640 MB
[Licensing::IpcConnector] Successfully connected to: "LicenseClient-Filip" at "2026-08-05T18:44:40.1907291Z"
BatchMode: 1, IsHumanControllingUs: 0, StartBugReporterOnCrash: 0, Is64bit: 1
System  architecture: x64
Process architecture: x64
Date: 2026-08-05T18:44:40Z

COMMAND LINE ARGUMENTS:
D:\Software\Unity Installs\6000.5.0f1\Editor\Unity.exe
-adb2
-batchMode
-noUpm
-name
AssetImportWorkerHW5
-projectPath
D:/Projects/Kobold Collective/CardGameTakeHomeStarter
-logFile
Logs/AssetImportWorkerHW5.log
-srvPort
62802
-parentPid
138548
-analyticsCloudUserId
3573578210267
-analyticsCloudProjectId
1304c6e3-abd4-4b49-8156-dccc98aa1145
-analyticsLocalProjectId
1a724b6c99c414aacad9983827ba13a6
-licensingIpc
LicenseClient-Filip
-noDiagnosticSwitchPersistentStore
-job-worker-count
15
-background-job-worker-count
8
-asset-garbage-collectors
1
-force-d3d12
-name
AssetImport
Successfully changed project path to: D:/Projects/Kobold Collective/CardGameTakeHomeStarter
D:/Projects/Kobold Collective/CardGameTakeHomeStarter
[UnityMemory] Configuration Parameters - Can be set up in boot.config
    "memorysetup-temp-allocator-size-gi-baking-worker=262144"
    "memorysetup-temp-allocator-size-gi-baking-worker=262144"
    "memorysetup-temp-allocator-size-gi-baking-worker=262144"
    "memorysetup-temp-allocator-size-gi-baking-worker=262144"
    "memorysetup-temp-allocator-size-gi-baking-worker=262144"
    "memorysetup-temp-allocator-size-nav-mesh-worker=65536"
    "memorysetup-temp-allocator-size-audio-worker=65536"
    "memorysetup-temp-allocator-size-cloud-worker=32768"
    "memorysetup-temp-allocator-size-gfx=262144"
    "memorysetup-temp-allocator-size-preload-manager=33554432"
    "memorysetup-allocator-temp-initial-block-size-main=262144"
    "memorysetup-allocator-temp-initial-block-size-worker=262144"
    "memorysetup-temp-allocator-size-job-worker=262144"
    "memorysetup-temp-allocator-size-background-worker=32768"
    "memorysetup-bucket-allocator-granularity=16"
    "memorysetup-bucket-allocator-bucket-count=8"
    "memorysetup-bucket-allocator-block-size=33554432"
    "memorysetup-bucket-allocator-block-count=8"
    "memorysetup-main-allocator-block-size=16777216"
    "memorysetup-thread-allocator-block-size=16777216"
    "memorysetup-main-allocator-mimalloc-enabled=0"
    "memorysetup-gfx-main-allocator-block-size=16777216"
    "memorysetup-gfx-thread-allocator-block-size=16777216"
    "memorysetup-cache-allocator-block-size=4194304"
    "memorysetup-typetree-allocator-block-size=2097152"
    "memorysetup-profiler-bucket-allocator-granularity=16"
    "memorysetup-profiler-bucket-allocator-bucket-count=8"
    "memorysetup-profiler-bucket-allocator-block-size=33554432"
    "memorysetup-profiler-bucket-allocator-block-count=8"
    "memorysetup-profiler-allocator-block-size=16777216"
    "memorysetup-profiler-editor-allocator-block-size=1048576"
    "memorysetup-temp-allocator-size-main=16777216"
    "memorysetup-job-temp-allocator-block-size=2097152"
    "memorysetup-job-temp-allocator-block-size-background=1048576"
    "memorysetup-job-temp-allocator-reduction-small-platforms=262144"
Player connection [155652]  Target information:

Player connection [155652]  * "[IP] 10.0.0.10 [Port] 0 [Flags] 2 [Guid] 3409837254 [EditorId] 3409837254 [Version] 1048832 [Id] WindowsEditor(7,DESKTOP-LOE394D) [Debug] 1 [PackageName] WindowsEditor [ProjectName] Editor" 

Player connection [155652]  * "[IP] 172.18.224.1 [Port] 0 [Flags] 2 [Guid] 3409837254 [EditorId] 3409837254 [Version] 1048832 [Id] WindowsEditor(7,DESKTOP-LOE394D) [Debug] 1 [PackageName] WindowsEditor [ProjectName] Editor" 

Player connection [155652] Host joined multi-casting on [225.0.0.222:54997]...
Player connection [155652] Host joined alternative multi-casting on [225.0.0.222:34997]...
JobSystem: Creating JobQueue using job-worker-count value 15
Input System module state changed to: Initialized.
[Physics::Module] Initialized fallback backend.
[Physics::Module] Id: 0xdecafbad
Library Redirect Path: Library/
[Physics::Module] Selected backend.
[Physics::Module] Name: PhysX
[Physics::Module] Id: 0xf2b8ea05
[Physics::Module] SDK Version: 4.1.2
[Physics::Module] Integration Version: 1.0.0
[Physics::Module] Threading Mode: Multi-Threaded
Refreshing native plugins compatible for Editor in 2.21 ms, found 5 plugins.
Initialize engine version: 6000.5.0f1 (88b47c5e7076)
[Subsystems] Discovering subsystems at path D:/Software/Unity Installs/6000.5.0f1/Editor/Data/Resources/UnitySubsystems
[Subsystems] Discovering subsystems at path D:/Projects/Kobold Collective/CardGameTakeHomeStarter/Assets
Forcing GfxDevice: Direct3D 12
GfxDevice: creating device client; kGfxThreadingModeNonThreaded
[Licensing::Client] Error: HandshakeResponse reported an error:
	ResponseCode: 505
	ResponseStatus: Unsupported protocol version '1.18.1'.
[Licensing::Module] Error: Failed to handshake to channel: "LicenseClient-Filip"
[Licensing::IpcConnector] LicenseClient-Filip channel disconnected successfully.
[Licensing::IpcConnector] Successfully connected to: "LicenseClient-Filip-6000.5.0" at "2026-08-05T18:44:40.7837205Z"
[Licensing::Client] Code 10 while verifying Licensing Client signature (process Id: 97348, path: "D:/Software/Unity Installs/6000.5.0f1/Editor/Data/Resources/Licensing/Client/Unity.Licensing.Client.exe")
[Licensing::Module] LicensingClient has failed validation; ignoring
[Licensing::Client] Handshaking with LicensingClient:
  Version:                 1.18.1+9fbee8e
  Session Id:              586cfe805ac44a5f990af4b33fca9784
  Correlation Id:          fde53c53c958b2e2a266d78072a0e49e
  External correlation Id: 8296428929788870543
  Machine Id:              WdbJyY1ohjOZjQBbuRdciEBLWqo=
[Licensing::Module] Successfully connected to LicensingClient on channel: "LicenseClient-Filip-6000.5.0" (connect: 0.00s, validation: 0.00s, handshake: 0.00s)
[Licensing::IpcConnector] Successfully connected to: "LicenseClient-Filip-6000.5.0-notifications" at "2026-08-05T18:44:40.788318Z"
[Licensing::Module] Licensing Background thread has ended after 0.60s
d3d12: failed to query info queue interface (0x80004002).
Direct3D:
    Version:         Direct3D 12 [level 12.2]
    Renderer:        NVIDIA GeForce RTX 4070 Ti SUPER (ID=0x2689)
    Vendor:          NVIDIA
    VRAM:            16061 MB
    App VRAM Budget: 15293 MB
    Driver:          32.0.16.1062
Initialize mono
Mono path[0] = 'D:/Software/Unity Installs/6000.5.0f1/Editor/Data/Managed'
Mono path[1] = 'D:/Software/Unity Installs/6000.5.0f1/Editor/Data/BCLExtensions/runtime/netstandard2.1'
Mono path[2] = 'D:/Software/Unity Installs/6000.5.0f1/Editor/Data/MonoBleedingEdge/lib/mono/unityjit-win32'
Mono config path = 'D:/Software/Unity Installs/6000.5.0f1/Editor/Data/MonoBleedingEdge/etc'
Using monoOptions --debugger-agent=transport=dt_socket,embedding=1,server=y,suspend=n,address=127.0.0.1:56196
CodeReloadManager initialized
Begin MonoManager ReloadAssembly
Registering precompiled unity dll's ...
Register platform support module: D:/Software/Unity Installs/6000.5.0f1/Editor/Data/PlaybackEngines/WindowsStandaloneSupport/UnityEditor.WindowsStandalone.Extensions.dll
Registered in 0.000739 seconds.
Native extension for WindowsStandalone target not found
Package Manager log level set to [2]
[Package Manager] Failed to launch server process. Reason: Unity was launched with the -noUpm command-line argument
[Package Manager] Unable to send message (not connected to server process).
[Package Manager] Cannot connect to Unity Package Manager local server
ScheduleIndexationOnStartup MainProcess:False IndexOnStartup:True
Mono: successfully reloaded assembly
- Finished resetting the current domain, in  0.301 seconds
Domain Reload Profiling: 670ms
	BeginReloadAssembly (98ms)
	RebuildCommonClasses (4ms)
	RebuildNativeTypeToScriptingClass (13ms)
	initialDomainReloadingComplete (40ms)
	LoadAllAssembliesAndSetupDomain (212ms)
		LoadAssemblies (97ms)
		AnalyzeDomain (160ms)
			TypeCache.Refresh (159ms)
				TypeCache.ScanAssembly (148ms)
	FinalizeReload (302ms)
		SetupLoadedEditorAssemblies (0ms)
			BeforeProcessingInitializeOnLoad (73ms)
			ProcessInitializeOnLoadAttributes (74ms)
			ProcessInitializeOnLoadMethodAttributes (86ms)
Initializing Unity extensions:
[Licensing::Client] Successfully resolved entitlement details
[Licensing::Module] License group:
  Id: 3573578210267-UnityPersXXXX
  Product: Unity Personal
  Type: Assigned
  Expiration: Unlimited
Curl error 3: URL rejected: Malformed input to a URL function
========================================================================
Worker process is ready to serve import requests
Import Worker Mode flag is 0x00
Begin MonoManager ReloadAssembly
Native extension for WindowsStandalone target not found
[Package Manager] Failed to launch server process. Reason: Unity was launched with the -noUpm command-line argument
[Package Manager] Unable to send message (not connected to server process).
[Package Manager] Cannot connect to Unity Package Manager local server
[Package Manager] Failed to launch server process. Reason: Unity was launched with the -noUpm command-line argument
[Package Manager] Unable to send message (not connected to server process).
[Package Manager] Cannot connect to Unity Package Manager local server
ScheduleIndexationOnStartup MainProcess:False IndexOnStartup:True
Mono: successfully reloaded assembly
- Finished resetting the current domain, in  0.674 seconds
Domain Reload Profiling: 1332ms
	BeginReloadAssembly (131ms)
		DisableScriptedObjects (4ms)
		CreateAndSetChildDomain (27ms)
	RebuildCommonClasses (6ms)
	RebuildNativeTypeToScriptingClass (12ms)
	initialDomainReloadingComplete (35ms)
	LoadAllAssembliesAndSetupDomain (471ms)
		LoadAssemblies (245ms)
		AnalyzeDomain (211ms)
			TypeCache.Refresh (137ms)
				TypeCache.ScanAssembly (126ms)
			BuildScriptInfoCaches (66ms)
			ResolveRequiredComponents (6ms)
	FinalizeReload (675ms)
		SetupLoadedEditorAssemblies (0ms)
			BeforeProcessingInitializeOnLoad (76ms)
			ProcessInitializeOnLoadAttributes (250ms)
			ProcessInitializeOnLoadMethodAttributes (214ms)
			AfterProcessingInitializeOnLoad (3ms)
AcceleratorClientConnectionCallback - disconnected - :0
Launched and connected shader compiler UnityShaderCompiler.exe after 0.01 seconds
Unloading 22 Unused Serialized files (Serialized files now loaded: 0)
Curl error 3: URL rejected: Malformed input to a URL function
Unloading 7156 unused Assets / (6.1 MB). Loaded Objects now: 8041.
Memory consumption went from 345.5 MB to 339.3 MB.
Total: 12.661500 ms (FindLiveObjects: 0.985200 ms CreateObjectMapping: 2.320000 ms MarkObjects: 6.089200 ms  DeleteObjects: 3.264900 ms)

========================================================================
Received Import Request.
  Time of request: 2026-08-05T18:44:43.7771036Z
  Time since last request: 753784.8098610000452 seconds.
  importAddress: GUID: 8b78cdd0ba4454fd69b2be04e825d921 - Path: Packages/com.unity.inputsystem/InputSystem/Controls/Processors/NormalizeVector3Processor.cs - Importer: ScriptedImporter/UnityEditor.QuickSearchModule:UnityEditor.Search:ASIAI0B
Importing 'GUID: 8b78cdd0ba4454fd69b2be04e825d921 - Path: Packages/com.unity.inputsystem/InputSystem/Controls/Processors/NormalizeVector3Processor.cs - Importer: ScriptedImporter/UnityEditor.QuickSearchModule:UnityEditor.Search:ASIAI0B' with importer (ScriptedImporter : UnityEditor.QuickSearchModule:UnityEditor.Search:ASIAI0B)
Imported 'GUID: 8b78cdd0ba4454fd69b2be04e825d921' -> (Import Result ID: '10a185f9f9211da5d09069af152920a9') in 0.058 seconds [static and dynamic dependencies]. Details - ImportResultOutputID=af4c720357bacc67c90e4c7685bc9a86 DependenciesID=d216a6a91f67d984466c7f39f8c8ff2a StaticDependenciesID=74288059bd1366becf6c111a8beedc02 
Number of updated asset objects reloaded before import = 0
Number of asset objects unloaded after import = 0
========================================================================
Received Import Request.
  Time of request: 2026-08-05T18:44:43.8921942Z
  Time since last request: 0.0468456 seconds.
  importAddress: GUID: bb5fa99d6e9434c9ebf101c956021ee1 - Path: Packages/com.unity.inputsystem/InputSystem/Editor/Icons/Add Binding@2x.png - Importer: ScriptedImporter/UnityEditor.QuickSearchModule:UnityEditor.Search:ASIAI0B
Importing 'GUID: bb5fa99d6e9434c9ebf101c956021ee1 - Path: Packages/com.unity.inputsystem/InputSystem/Editor/Icons/Add Binding@2x.png - Importer: ScriptedImporter/UnityEditor.QuickSearchModule:UnityEditor.Search:ASIAI0B' with importer (ScriptedImporter : UnityEditor.QuickSearchModule:UnityEditor.Search:ASIAI0B)
Imported 'GUID: bb5fa99d6e9434c9ebf101c956021ee1' -> (Import Result ID: '07c568efdb7af851aca3c0ed946c6fca') in 0.042 seconds [static and dynamic dependencies]. Details - ImportResultOutputID=6f87ca9192897c5918f930737353a290 DependenciesID=235baf22e4e388b4cc58d276d7b1fb63 StaticDependenciesID=8e554f78b63ed92e9d337f4fe95621db 
Number of updated asset objects reloaded before import = 0
Number of asset objects unloaded after import = 1
========================================================================
Received Import Request.
  Time of request: 2026-08-05T18:44:43.9411261Z
  Time since last request: 0.0002308 seconds.
  importAddress: GUID: a940917cc397643afb071010cb2143d9 - Path: Packages/com.unity.inputsystem/InputSystem/Editor/Icons/Axis@4x.png - Importer: ScriptedImporter/UnityEditor.QuickSearchModule:UnityEditor.Search:ASIAI0B
Importing 'GUID: a940917cc397643afb071010cb2143d9 - Path: Packages/com.unity.inputsystem/InputSystem/Editor/Icons/Axis@4x.png - Importer: ScriptedImporter/UnityEditor.QuickSearchModule:UnityEditor.Search:ASIAI0B' with importer (ScriptedImporter : UnityEditor.QuickSearchModule:UnityEditor.Search:ASIAI0B)
Imported 'GUID: a940917cc397643afb071010cb2143d9' -> (Import Result ID: '0e4ef23f3f252de6a6f0dca45702da6f') in 0.011 seconds [static and dynamic dependencies]. Details - ImportResultOutputID=bec9e541a7a82e018a3514da9208d559 DependenciesID=58a64a5c40ac213b785052f2acf0815a StaticDependenciesID=d5749e13c7bac2e6774d6575f5deab7d 
Number of updated asset objects reloaded before import = 0
Number of asset objects unloaded after import = 1
========================================================================
Received Import Request.
  Time of request: 2026-08-05T18:44:43.9601016Z
  Time since last request: 0.0002107 seconds.
  importAddress: GUID: 7e853779c8fed4ebf917a0de21c79602 - Path: Packages/com.unity.inputsystem/InputSystem/Editor/Icons/Axis.png - Importer: ScriptedImporter/UnityEditor.QuickSearchModule:UnityEditor.Search:ASIAI0B
Importing 'GUID: 7e853779c8fed4ebf917a0de21c79602 - Path: Packages/com.unity.inputsystem/InputSystem/Editor/Icons/Axis.png - Importer: ScriptedImporter/UnityEditor.QuickSearchModule:UnityEditor.Search:ASIAI0B' with importer (ScriptedImporter : UnityEditor.QuickSearchModule:UnityEditor.Search:ASIAI0B)
Imported 'GUID: 7e853779c8fed4ebf917a0de21c79602' -> (Import Result ID: '1f1c7f114bcc5b2177b877a67662fb17') in 0.012 seconds [static and dynamic dependencies]. Details - ImportResultOutputID=d3cfd6b42f40fe2206039dad7666e826 DependenciesID=67666dc0e6858778286412dddff65c4a StaticDependenciesID=ca0a03e39022098da3109df741952a12 
Number of updated asset objects reloaded before import = 0
Number of asset objects unloaded after import = 1
========================================================================
Received Import Request.
  Time of request: 2026-08-05T18:44:43.9791514Z
  Time since last request: 0.0003456 seconds.
  importAddress: GUID: 56bc028967c346c2bd33842d7b252123 - Path: Packages/com.unity.inputsystem/InputSystem/Editor/Analytics/PlayerInputEditorAnalytic.cs - Importer: ScriptedImporter/UnityEditor.QuickSearchModule:UnityEditor.Search:ASIAI0B
Importing 'GUID: 56bc028967c346c2bd33842d7b252123 - Path: Packages/com.unity.inputsystem/InputSystem/Editor/Analytics/PlayerInputEditorAnalytic.cs - Importer: ScriptedImporter/UnityEditor.QuickSearchModule:UnityEditor.Search:ASIAI0B' with importer (ScriptedImporter : UnityEditor.QuickSearchModule:UnityEditor.Search:ASIAI0B)
Imported 'GUID: 56bc028967c346c2bd33842d7b252123' -> (Import Result ID: '6b344bdce429ec6f4a65181c5b9bb522') in 0.003 seconds [static and dynamic dependencies]. Details - ImportResultOutputID=c0770b5665b421e6a7c3c4170fbe5b82 DependenciesID=e2e08308beedc6a6da231591f98dc832 StaticDependenciesID=d7e60260918eec61074a3679daff7e37 
Number of updated asset objects reloaded before import = 0
Number of asset objects unloaded after import = 0
========================================================================
Received Import Request.
  Time of request: 2026-08-05T18:44:43.9894871Z
  Time since last request: 0.0003233 seconds.
  importAddress: GUID: d771fd88f0934b4dbe724b2690a9f330 - Path: Packages/com.unity.inputsystem/InputSystem/Editor/Analytics/InputActionsEditorSessionAnalytic.cs - Importer: ScriptedImporter/UnityEditor.QuickSearchModule:UnityEditor.Search:ASIAI0B
Importing 'GUID: d771fd88f0934b4dbe724b2690a9f330 - Path: Packages/com.unity.inputsystem/InputSystem/Editor/Analytics/InputActionsEditorSessionAnalytic.cs - Importer: ScriptedImporter/UnityEditor.QuickSearchModule:UnityEditor.Search:ASIAI0B' with importer (ScriptedImporter : UnityEditor.QuickSearchModule:UnityEditor.Search:ASIAI0B)
Imported 'GUID: d771fd88f0934b4dbe724b2690a9f330' -> (Import Result ID: '9f666fb4f251d8fb1bd66dfdc1cd8e88') in 0.002 seconds [static and dynamic dependencies]. Details - ImportResultOutputID=9a6441e1296f300e60b041b65b6cf3e7 DependenciesID=c617b8ea36f21c5e69549ae17a8021e7 StaticDependenciesID=f7b5fc3aa8d192948776a421e3185e00 
Number of updated asset objects reloaded before import = 0
Number of asset objects unloaded after import = 0
========================================================================
Received Import Request.
  Time of request: 2026-08-05T18:44:43.9995544Z
  Time since last request: 0.0002849 seconds.
  importAddress: GUID: 58dca4037ed747dba3154af0d815053a - Path: Packages/com.unity.inputsystem/InputSystem/Editor/Debugger/InputLatencyCalculator.cs - Importer: ScriptedImporter/UnityEditor.QuickSearchModule:UnityEditor.Search:ASIAI0B
Importing 'GUID: 58dca4037ed747dba3154af0d815053a - Path: Packages/com.unity.inputsystem/InputSystem/Editor/Debugger/InputLatencyCalculator.cs - Importer: ScriptedImporter/UnityEditor.QuickSearchModule:UnityEditor.Search:ASIAI0B' with importer (ScriptedImporter : UnityEditor.QuickSearchModule:UnityEditor.Search:ASIAI0B)
Imported 'GUID: 58dca4037ed747dba3154af0d815053a' -> (Import Result ID: '1c1a1514e9a426bca1122bf352c16428') in 0.002 seconds [static and dynamic dependencies]. Details - ImportResultOutputID=2d1118f4f2d8f7eab5dd20c9c2767b8e DependenciesID=e5d05afe013c1b3bed0f6184dadd797b StaticDependenciesID=3b9ae4748b13ff7793929ed311ca0711 
Number of updated asset objects reloaded before import = 0
Number of asset objects unloaded after import = 0
========================================================================
Received Import Request.
  Time of request: 2026-08-05T18:44:44.0103259Z
  Time since last request: 0.000332 seconds.
  importAddress: GUID: 015a929bdae646a99b91b756b998233f - Path: Packages/com.unity.inputsystem/InputSystem/Editor/AssetImporter/InputActionAssetIconLoader.cs - Importer: ScriptedImporter/UnityEditor.QuickSearchModule:UnityEditor.Search:ASIAI0B
Importing 'GUID: 015a929bdae646a99b91b756b998233f - Path: Packages/com.unity.inputsystem/InputSystem/Editor/AssetImporter/InputActionAssetIconLoader.cs - Importer: ScriptedImporter/UnityEditor.QuickSearchModule:UnityEditor.Search:ASIAI0B' with importer (ScriptedImporter : UnityEditor.QuickSearchModule:UnityEditor.Search:ASIAI0B)
Imported 'GUID: 015a929bdae646a99b91b756b998233f' -> (Import Result ID: '18aeff1839885914b9bdea97f7186589') in 0.003 seconds [static and dynamic dependencies]. Details - ImportResultOutputID=661f0ba95f9ceacd12cf9db9ab74df03 DependenciesID=94633f73c1261c6195e37c88673c8809 StaticDependenciesID=2fa5f06e6c072cc7d997892ac6a079d2 
Number of updated asset objects reloaded before import = 0
Number of asset objects unloaded after import = 0
========================================================================
Received Import Request.
  Time of request: 2026-08-05T18:44:44.0246595Z
  Time since last request: 0.0035615 seconds.
  importAddress: GUID: ca933a91c81734ddd88b17c8481ec1e9 - Path: Packages/com.unity.inputsystem/InputSystem/Editor/Icons/d_Add Binding@3x.png - Importer: ScriptedImporter/UnityEditor.QuickSearchModule:UnityEditor.Search:ASIAI0B
Importing 'GUID: ca933a91c81734ddd88b17c8481ec1e9 - Path: Packages/com.unity.inputsystem/InputSystem/Editor/Icons/d_Add Binding@3x.png - Importer: ScriptedImporter/UnityEditor.QuickSearchModule:UnityEditor.Search:ASIAI0B' with importer (ScriptedImporter : UnityEditor.QuickSearchModule:UnityEditor.Search:ASIAI0B)
Imported 'GUID: ca933a91c81734ddd88b17c8481ec1e9' -> (Import Result ID: '7714a73c71db4aeebcd71342753e8d82') in 0.009 seconds [static and dynamic dependencies]. Details - ImportResultOutputID=4099bcf6f0a549e8d0b73ce6886cb710 DependenciesID=c50d32b806763ea630977381c0a529a6 StaticDependenciesID=3b56a553d0f858d6c16da3bb0eb6852e 
Number of updated asset objects reloaded before import = 0
Number of asset objects unloaded after import = 1
========================================================================
Received Import Request.
  Time of request: 2026-08-05T18:44:44.0416403Z
  Time since last request: 0.0006699 seconds.
  importAddress: GUID: 2552e303d22424da2ad62552efbd06e8 - Path: Packages/com.unity.inputsystem/InputSystem/Editor/Icons/d_Position@2x.png - Importer: ScriptedImporter/UnityEditor.QuickSearchModule:UnityEditor.Search:ASIAI0B
Importing 'GUID: 2552e303d22424da2ad62552efbd06e8 - Path: Packages/com.unity.inputsystem/InputSystem/Editor/Icons/d_Position@2x.png - Importer: ScriptedImporter/UnityEditor.QuickSearchModule:UnityEditor.Search:ASIAI0B' with importer (ScriptedImporter : UnityEditor.QuickSearchModule:UnityEditor.Search:ASIAI0B)
Imported 'GUID: 2552e303d22424da2ad62552efbd06e8' -> (Import Result ID: '43f5d1624eacac3924ecda82d9bd6d33') in 0.010 seconds [static and dynamic dependencies]. Details - ImportResultOutputID=b2fc36c7061b549e83d629d471ebda9f DependenciesID=53cd4482346e5cffbd8fa7c211cc8cf3 StaticDependenciesID=7a4a86d1dc542e6341cb364ea73e2d26 
Number of updated asset objects reloaded before import = 0
Number of asset objects unloaded after import = 1
========================================================================
Received Import Request.
  Time of request: 2026-08-05T18:44:44.0607405Z
  Time since last request: 0.0002957 seconds.
  importAddress: GUID: e2078613efd9e410c8771cbd2717f4e7 - Path: Packages/com.unity.inputsystem/InputSystem/Editor/Icons/d_InputControl@4x.png - Importer: ScriptedImporter/UnityEditor.QuickSearchModule:UnityEditor.Search:ASIAI0B
Importing 'GUID: e2078613efd9e410c8771cbd2717f4e7 - Path: Packages/com.unity.inputsystem/InputSystem/Editor/Icons/d_InputControl@4x.png - Importer: ScriptedImporter/UnityEditor.QuickSearchModule:UnityEditor.Search:ASIAI0B' with importer (ScriptedImporter : UnityEditor.QuickSearchModule:UnityEditor.Search:ASIAI0B)
Imported 'GUID: e2078613efd9e410c8771cbd2717f4e7' -> (Import Result ID: 'e6aedd8ba7b7b2eead364e8c4038fc92') in 0.010 seconds [static and dynamic dependencies]. Details - ImportResultOutputID=4aca2ef039edfe1dfd493d94efe80ba6 DependenciesID=9a0f3003fd25357f95366a1ee78ad94a StaticDependenciesID=821d930d574890995cb976d081f6a40e 
Number of updated asset objects reloaded before import = 0
Number of asset objects unloaded after import = 1
========================================================================
Received Import Request.
  Time of request: 2026-08-05T18:44:44.0799528Z
  Time since last request: 0.0002226 seconds.
  importAddress: GUID: 83438053370c84456a73f7f95ef821fb - Path: Packages/com.unity.inputsystem/InputSystem/Editor/Icons/d_Gamepad@4x.png - Importer: ScriptedImporter/UnityEditor.QuickSearchModule:UnityEditor.Search:ASIAI0B
Importing 'GUID: 83438053370c84456a73f7f95ef821fb - Path: Packages/com.unity.inputsystem/InputSystem/Editor/Icons/d_Gamepad@4x.png - Importer: ScriptedImporter/UnityEditor.QuickSearchModule:UnityEditor.Search:ASIAI0B' with importer (ScriptedImporter : UnityEditor.QuickSearchModule:UnityEditor.Search:ASIAI0B)
Imported 'GUID: 83438053370c84456a73f7f95ef821fb' -> (Import Result ID: '74fb7e3c34529c8d1d86eecfbc834af9') in 0.010 seconds [static and dynamic dependencies]. Details - ImportResultOutputID=836a9ade6428172a9ce590a92e4018d0 DependenciesID=19ebec2e0189110eb06b27fd1d468131 StaticDependenciesID=c8208db21f1061f0702b260bb45f105f 
Number of updated asset objects reloaded before import = 0
Number of asset objects unloaded after import = 1
========================================================================
Received Import Request.
  Time of request: 2026-08-05T18:44:44.0985058Z
  Time since last request: 0.0002229 seconds.
  importAddress: GUID: daa9ba527d8a34b218224b8287ce11d3 - Path: Packages/com.unity.inputsystem/InputSystem/Editor/Icons/d_Mouse@2x.png - Importer: ScriptedImporter/UnityEditor.QuickSearchModule:UnityEditor.Search:ASIAI0B
Importing 'GUID: daa9ba527d8a34b218224b8287ce11d3 - Path: Packages/com.unity.inputsystem/InputSystem/Editor/Icons/d_Mouse@2x.png - Importer: ScriptedImporter/UnityEditor.QuickSearchModule:UnityEditor.Search:ASIAI0B' with importer (ScriptedImporter : UnityEditor.QuickSearchModule:UnityEditor.Search:ASIAI0B)
Imported 'GUID: daa9ba527d8a34b218224b8287ce11d3' -> (Import Result ID: 'a24d1084971d8d2212f45508e119be45') in 0.009 seconds [static and dynamic dependencies]. Details - ImportResultOutputID=7b956bd61027001495bb940078221401 DependenciesID=d22039ba59891ad6a137d16d19bd0d08 StaticDependenciesID=f3603ea5195ed06a405bfa1090050fef 
Number of updated asset objects reloaded before import = 0
Number of asset objects unloaded after import = 1
========================================================================
Received Import Request.
  Time of request: 2026-08-05T18:44:44.1153518Z
  Time since last request: 0.0002021 seconds.
  importAddress: GUID: 4a0ce0eda6ee74c669b13104649e1313 - Path: Packages/com.unity.inputsystem/InputSystem/Editor/Icons/d_Add Binding@4x.png - Importer: ScriptedImporter/UnityEditor.QuickSearchModule:UnityEditor.Search:ASIAI0B
Importing 'GUID: 4a0ce0eda6ee74c669b13104649e1313 - Path: Packages/com.unity.inputsystem/InputSystem/Editor/Icons/d_Add Binding@4x.png - Importer: ScriptedImporter/UnityEditor.QuickSearchModule:UnityEditor.Search:ASIAI0B' with importer (ScriptedImporter : UnityEditor.QuickSearchModule:UnityEditor.Search:ASIAI0B)
Imported 'GUID: 4a0ce0eda6ee74c669b13104649e1313' -> (Import Result ID: '7f6ccb930d36296bbbaddc8aabfb25d4') in 0.010 seconds [static and dynamic dependencies]. Details - ImportResultOutputID=a0d24596659f3b1cd69a87c6c884cc24 DependenciesID=7553facf0a2e1f34e2d42d2c977ec343 StaticDependenciesID=d78acf22046c06a7cfe5b2978fdc8207 
Number of updated asset objects reloaded before import = 0
Number of asset objects unloaded after import = 1
========================================================================
Received Import Request.
  Time of request: 2026-08-05T18:44:44.1331391Z
  Time since last request: 0.0003156 seconds.
  importAddress: GUID: f4e6ca70dd9734da1a812be882c6364e - Path: Packages/com.unity.inputsystem/InputSystem/Editor/Icons/d_Interactive Binding@4x.png - Importer: ScriptedImporter/UnityEditor.QuickSearchModule:UnityEditor.Search:ASIAI0B
Importing 'GUID: f4e6ca70dd9734da1a812be882c6364e - Path: Packages/com.unity.inputsystem/InputSystem/Editor/Icons/d_Interactive Binding@4x.png - Importer: ScriptedImporter/UnityEditor.QuickSearchModule:UnityEditor.Search:ASIAI0B' with importer (ScriptedImporter : UnityEditor.QuickSearchModule:UnityEditor.Search:ASIAI0B)
Imported 'GUID: f4e6ca70dd9734da1a812be882c6364e' -> (Import Result ID: '08fa0e33aea4fd638b1dd5a6d3b7c9cd') in 0.011 seconds [static and dynamic dependencies]. Details - ImportResultOutputID=bafd4be44c170bd0e9e93b6e7d3fa463 DependenciesID=dfb3f752125c116918be752633f3557c StaticDependenciesID=ea1bcfbd4f136de1f89dae27c1083aa2 
Number of updated asset objects reloaded before import = 0
Number of asset objects unloaded after import = 1
========================================================================
Received Import Request.
  Time of request: 2026-08-05T18:44:44.1515035Z
  Time since last request: 0.0002244 seconds.
  importAddress: GUID: 7d4638131127c4f4382fb36cf16c52fe - Path: Packages/com.unity.inputsystem/InputSystem/Editor/Icons/d_Joystick.png - Importer: ScriptedImporter/UnityEditor.QuickSearchModule:UnityEditor.Search:ASIAI0B
Importing 'GUID: 7d4638131127c4f4382fb36cf16c52fe - Path: Packages/com.unity.inputsystem/InputSystem/Editor/Icons/d_Joystick.png - Importer: ScriptedImporter/UnityEditor.QuickSearchModule:UnityEditor.Search:ASIAI0B' with importer (ScriptedImporter : UnityEditor.QuickSearchModule:UnityEditor.Search:ASIAI0B)
Imported 'GUID: 7d4638131127c4f4382fb36cf16c52fe' -> (Import Result ID: 'aeacd55ea2af45b309dac53dde393443') in 0.010 seconds [static and dynamic dependencies]. Details - ImportResultOutputID=24afffab50957b83570c5ec0ab6619ed DependenciesID=85526106e198e45ecbdfcc55a0bd4cd8 StaticDependenciesID=04c15ef6b60aef690bb82b7b76706caa 
Number of updated asset objects reloaded before import = 0
Number of asset objects unloaded after import = 1
========================================================================
Received Import Request.
  Time of request: 2026-08-05T18:44:44.1697672Z
  Time since last request: 0.0004407 seconds.
  importAddress: GUID: 06ad495fb07444736b59782982d96250 - Path: Packages/com.unity.inputsystem/InputSystem/Editor/Icons/d_ChevronDown.png - Importer: ScriptedImporter/UnityEditor.QuickSearchModule:UnityEditor.Search:ASIAI0B
Importing 'GUID: 06ad495fb07444736b59782982d96250 - Path: Packages/com.unity.inputsystem/InputSystem/Editor/Icons/d_ChevronDown.png - Importer: ScriptedImporter/UnityEditor.QuickSearchModule:UnityEditor.Search:ASIAI0B' with importer (ScriptedImporter : UnityEditor.QuickSearchModule:UnityEditor.Search:ASIAI0B)
Imported 'GUID: 06ad495fb07444736b59782982d96250' -> (Import Result ID: 'c44205c2505cf29670c69035ac0b42bf') in 0.010 seconds [static and dynamic dependencies]. Details - ImportResultOutputID=ffd4ea96e95a770a07bdcce61c3d76e0 DependenciesID=4c7b2862781aa67cf06efcfc255f228d StaticDependenciesID=06e4a2340b737b1b10c1f516e6ae9c6f 
Number of updated asset objects reloaded before import = 0
Number of asset objects unloaded after import = 1
========================================================================
Received Import Request.
  Time of request: 2026-08-05T18:44:44.2098333Z
  Time since last request: 0.0231096 seconds.
  importAddress: GUID: 54ee1a1058dfd4e089fe94a8e880938e - Path: Packages/com.unity.inputsystem/InputSystem/Editor/Internal/GUIHelpers.cs - Importer: ScriptedImporter/UnityEditor.QuickSearchModule:UnityEditor.Search:ASIAI0B
Importing 'GUID: 54ee1a1058dfd4e089fe94a8e880938e - Path: Packages/com.unity.inputsystem/InputSystem/Editor/Internal/GUIHelpers.cs - Importer: ScriptedImporter/UnityEditor.QuickSearchModule:UnityEditor.Search:ASIAI0B' with importer (ScriptedImporter : UnityEditor.QuickSearchModule:UnityEditor.Search:ASIAI0B)
Imported 'GUID: 54ee1a1058dfd4e089fe94a8e880938e' -> (Import Result ID: '73bafb2ba2f92bd9bdfd040112e464d7') in 0.002 seconds [static and dynamic dependencies]. Details - ImportResultOutputID=1a26601025405a26b0fa5db5fbcdc4ba DependenciesID=6b0395b9a325d0d81584f776fa1d9988 StaticDependenciesID=e135664b58e4d63c6c5afb71cceb9817 
Number of updated asset objects reloaded before import = 0
Number of asset objects unloaded after import = 0
========================================================================
Received Import Request.
  Time of request: 2026-08-05T18:44:44.2191934Z
  Time since last request: 0.0004926 seconds.
  importAddress: GUID: ff8479815905ce84e9ef610d926f28c8 - Path: Packages/com.unity.inputsystem/InputSystem/Editor/Icons/TrackedPoseDriver@2x.png - Importer: ScriptedImporter/UnityEditor.QuickSearchModule:UnityEditor.Search:ASIAI0B
Importing 'GUID: ff8479815905ce84e9ef610d926f28c8 - Path: Packages/com.unity.inputsystem/InputSystem/Editor/Icons/TrackedPoseDriver@2x.png - Importer: ScriptedImporter/UnityEditor.QuickSearchModule:UnityEditor.Search:ASIAI0B' with importer (ScriptedImporter : UnityEditor.QuickSearchModule:UnityEditor.Search:ASIAI0B)
Imported 'GUID: ff8479815905ce84e9ef610d926f28c8' -> (Import Result ID: 'e2a380c1358defb72d75a44736a33e39') in 0.010 seconds [static and dynamic dependencies]. Details - ImportResultOutputID=70bc4e3d2a7950115306b9a9c2fe799a DependenciesID=b4b4c7125a0fb97699d8223843495ea6 StaticDependenciesID=c05efa5cc88a569bf8b3b36a395864ad 
Number of updated asset objects reloaded before import = 0
Number of asset objects unloaded after import = 1
========================================================================
Received Import Request.
  Time of request: 2026-08-05T18:44:44.2357556Z
  Time since last request: 0.0001706 seconds.
  importAddress: GUID: ea8b7319643924985a9ee4ca18b8db59 - Path: Packages/com.unity.inputsystem/InputSystem/Editor/Icons/Pen.png - Importer: ScriptedImporter/UnityEditor.QuickSearchModule:UnityEditor.Search:ASIAI0B
Importing 'GUID: ea8b7319643924985a9ee4ca18b8db59 - Path: Packages/com.unity.inputsystem/InputSystem/Editor/Icons/Pen.png - Importer: ScriptedImporter/UnityEditor.QuickSearchModule:UnityEditor.Search:ASIAI0B' with importer (ScriptedImporter : UnityEditor.QuickSearchModule:UnityEditor.Search:ASIAI0B)
Imported 'GUID: ea8b7319643924985a9ee4ca18b8db59' -> (Import Result ID: '9f0c339a31d6d6634c8815333e66086e') in 0.010 seconds [static and dynamic dependencies]. Details - ImportResultOutputID=5b9f8712e5e3448e2986c6349be97f74 DependenciesID=1cb9578971b0dd0f7e7cdfb62704444e StaticDependenciesID=f68fd6aefea023b2e0e0d32eb9c1e87f 
Number of updated asset objects reloaded before import = 0
Number of asset objects unloaded after import = 1
========================================================================
Received Import Request.
  Time of request: 2026-08-05T18:44:44.2533204Z
  Time since last request: 0.0002222 seconds.
  importAddress: GUID: 08c99f7c2a7fa410d8567323e32ad5f5 - Path: Packages/com.unity.inputsystem/InputSystem/Editor/Icons/InputControl@4x.png - Importer: ScriptedImporter/UnityEditor.QuickSearchModule:UnityEditor.Search:ASIAI0B
Importing 'GUID: 08c99f7c2a7fa410d8567323e32ad5f5 - Path: Packages/com.unity.inputsystem/InputSystem/Editor/Icons/InputControl@4x.png - Importer: ScriptedImporter/UnityEditor.QuickSearchModule:UnityEditor.Search:ASIAI0B' with importer (ScriptedImporter : UnityEditor.QuickSearchModule:UnityEditor.Search:ASIAI0B)
Imported 'GUID: 08c99f7c2a7fa410d8567323e32ad5f5' -> (Import Result ID: 'e92cc5be244b7a6acb75821cbc8df8b4') in 0.010 seconds [static and dynamic dependencies]. Details - ImportResultOutputID=df3d788eee575b75b65f07ac31b7208e DependenciesID=0b334263f1d27c90c2b693eae87ea270 StaticDependenciesID=c9b4300d95212911b9563ffc1107dcb4 
Number of updated asset objects reloaded before import = 0
Number of asset objects unloaded after import = 1
========================================================================
Received Import Request.
  Time of request: 2026-08-05T18:44:44.2712027Z
  Time since last request: 0.0003266 seconds.
  importAddress: GUID: 5684eb521fa99491e9061de682d1622e - Path: Packages/com.unity.inputsystem/InputSystem/Editor/Icons/Position.png - Importer: ScriptedImporter/UnityEditor.QuickSearchModule:UnityEditor.Search:ASIAI0B
Importing 'GUID: 5684eb521fa99491e9061de682d1622e - Path: Packages/com.unity.inputsystem/InputSystem/Editor/Icons/Position.png - Importer: ScriptedImporter/UnityEditor.QuickSearchModule:UnityEditor.Search:ASIAI0B' with importer (ScriptedImporter : UnityEditor.QuickSearchModule:UnityEditor.Search:ASIAI0B)
Imported 'GUID: 5684eb521fa99491e9061de682d1622e' -> (Import Result ID: '3cf59ef53eb92eda868df27adc2cdf60') in 0.008 seconds [static and dynamic dependencies]. Details - ImportResultOutputID=00e447ecdd191c6e68f0759849aa9aa7 DependenciesID=332300d8834a2fe859528ea939c25372 StaticDependenciesID=5d92559aa09db3ed7cfa7f125164faaf 
Number of updated asset objects reloaded before import = 0
Number of asset objects unloaded after import = 1
========================================================================
Received Import Request.
  Time of request: 2026-08-05T18:44:44.2888897Z
  Time since last request: 0.0003871 seconds.
  importAddress: GUID: e77ee65b5139048949dc0ac5614efeec - Path: Packages/com.unity.inputsystem/InputSystem/Editor/Icons/d_Touch@3x.png - Importer: ScriptedImporter/UnityEditor.QuickSearchModule:UnityEditor.Search:ASIAI0B
Importing 'GUID: e77ee65b5139048949dc0ac5614efeec - Path: Packages/com.unity.inputsystem/InputSystem/Editor/Icons/d_Touch@3x.png - Importer: ScriptedImporter/UnityEditor.QuickSearchModule:UnityEditor.Search:ASIAI0B' with importer (ScriptedImporter : UnityEditor.QuickSearchModule:UnityEditor.Search:ASIAI0B)
Imported 'GUID: e77ee65b5139048949dc0ac5614efeec' -> (Import Result ID: 'e2be0de9e0686ec09b2e016bd6f3da3d') in 0.010 seconds [static and dynamic dependencies]. Details - ImportResultOutputID=303b107be051589b174951c014663a49 DependenciesID=d9f95d4e0903620c531fb4d97d5a3370 StaticDependenciesID=6e11ada163b021f5c267db02a04d70d6 
Number of updated asset objects reloaded before import = 0
Number of asset objects unloaded after import = 1
========================================================================
Received Import Request.
  Time of request: 2026-08-05T18:44:44.305302Z
  Time since last request: 0.0002369 seconds.
  importAddress: GUID: a3882f27ee264cbfaa87fbdceacfcea1 - Path: Packages/com.unity.inputsystem/InputSystem/Editor/Internal/InputEventTreeView.cs - Importer: ScriptedImporter/UnityEditor.QuickSearchModule:UnityEditor.Search:ASIAI0B
Importing 'GUID: a3882f27ee264cbfaa87fbdceacfcea1 - Path: Packages/com.unity.inputsystem/InputSystem/Editor/Internal/InputEventTreeView.cs - Importer: ScriptedImporter/UnityEditor.QuickSearchModule:UnityEditor.Search:ASIAI0B' with importer (ScriptedImporter : UnityEditor.QuickSearchModule:UnityEditor.Search:ASIAI0B)
Imported 'GUID: a3882f27ee264cbfaa87fbdceacfcea1' -> (Import Result ID: '8613363c3dbe539a9da84625fa7f2a6e') in 0.003 seconds [static and dynamic dependencies]. Details - ImportResultOutputID=61e4d400f213a28d350fd81acc234f33 DependenciesID=e7fe61ec28ae2f149e1af7cb970020da StaticDependenciesID=38251731c6a089a28b30b2bf292a25de 
Number of updated asset objects reloaded before import = 0
Number of asset objects unloaded after import = 0
========================================================================
Received Import Request.
  Time of request: 2026-08-05T18:44:44.315154Z
  Time since last request: 0.0003785 seconds.
  importAddress: GUID: 55040e210fa9b426b861a26909ab4de7 - Path: Packages/com.unity.inputsystem/InputSystem/Editor/Icons/d_Stick.png - Importer: ScriptedImporter/UnityEditor.QuickSearchModule:UnityEditor.Search:ASIAI0B
Importing 'GUID: 55040e210fa9b426b861a26909ab4de7 - Path: Packages/com.unity.inputsystem/InputSystem/Editor/Icons/d_Stick.png - Importer: ScriptedImporter/UnityEditor.QuickSearchModule:UnityEditor.Search:ASIAI0B' with importer (ScriptedImporter : UnityEditor.QuickSearchModule:UnityEditor.Search:ASIAI0B)
Imported 'GUID: 55040e210fa9b426b861a26909ab4de7' -> (Import Result ID: '40bf8da3d58f40437ddc90e265ab97e8') in 0.011 seconds [static and dynamic dependencies]. Details - ImportResultOutputID=bf28c51f62d7dcccc42d374387435070 DependenciesID=0757c5c130a775dbf7b048d876cf959d StaticDependenciesID=a5482453df373c6ef7e939ecfd2cc38d 
Number of updated asset objects reloaded before import = 0
Number of asset objects unloaded after import = 1
========================================================================
Received Import Request.
  Time of request: 2026-08-05T18:44:44.3332169Z
  Time since last request: 0.0001595 seconds.
  importAddress: GUID: 4ae0b2f68c2464272b1b10105262b09b - Path: Packages/com.unity.inputsystem/InputSystem/Editor/Icons/Gamepad@3x.png - Importer: ScriptedImporter/UnityEditor.QuickSearchModule:UnityEditor.Search:ASIAI0B
Importing 'GUID: 4ae0b2f68c2464272b1b10105262b09b - Path: Packages/com.unity.inputsystem/InputSystem/Editor/Icons/Gamepad@3x.png - Importer: ScriptedImporter/UnityEditor.QuickSearchModule:UnityEditor.Search:ASIAI0B' with importer (ScriptedImporter : UnityEditor.QuickSearchModule:UnityEditor.Search:ASIAI0B)
Imported 'GUID: 4ae0b2f68c2464272b1b10105262b09b' -> (Import Result ID: 'c33347c76401eae2e0b0b7d9a46e7f2f') in 0.009 seconds [static and dynamic dependencies]. Details - ImportResultOutputID=1c92967ff3f3a263965d51abaf8d61b4 DependenciesID=013c4046a472d53d30fada60ff719042 StaticDependenciesID=e7eb4463903ffd3b25447d64386b188e 
Number of updated asset objects reloaded before import = 0
Number of asset objects unloaded after import = 1
========================================================================
Received Import Request.
  Time of request: 2026-08-05T18:44:44.3494234Z
  Time since last request: 0.0002392 seconds.
  importAddress: GUID: 2196c18f03faf4184b1aeb2c61d5571d - Path: Packages/com.unity.inputsystem/InputSystem/Editor/Icons/Interactive Binding.png - Importer: ScriptedImporter/UnityEditor.QuickSearchModule:UnityEditor.Search:ASIAI0B
Importing 'GUID: 2196c18f03faf4184b1aeb2c61d5571d - Path: Packages/com.unity.inputsystem/InputSystem/Editor/Icons/Interactive Binding.png - Importer: ScriptedImporter/UnityEditor.QuickSearchModule:UnityEditor.Search:ASIAI0B' with importer (ScriptedImporter : UnityEditor.QuickSearchModule:UnityEditor.Search:ASIAI0B)
Imported 'GUID: 2196c18f03faf4184b1aeb2c61d5571d' -> (Import Result ID: 'a529f4dfe786011a44f3c77a06dd09cb') in 0.012 seconds [static and dynamic dependencies]. Details - ImportResultOutputID=71c41b21288a727018d6f01e408be61f DependenciesID=4bc5565c9ad25e36cbc33ff999084673 StaticDependenciesID=fefbc82e2d65acf1c1c3587d3e5cbc0b 
Number of updated asset objects reloaded before import = 0
Number of asset objects unloaded after import = 1
========================================================================
Received Import Request.
  Time of request: 2026-08-05T18:44:44.3923087Z
  Time since last request: 0.0237191 seconds.
  importAddress: GUID: 6261dd2a83757498188548c57e2492bf - Path: Packages/com.unity.inputsystem/InputSystem/Plugins/EnhancedTouch/Touch.cs - Importer: ScriptedImporter/UnityEditor.QuickSearchModule:UnityEditor.Search:ASIAI0B
Importing 'GUID: 6261dd2a83757498188548c57e2492bf - Path: Packages/com.unity.inputsystem/InputSystem/Plugins/EnhancedTouch/Touch.cs - Importer: ScriptedImporter/UnityEditor.QuickSearchModule:UnityEditor.Search:ASIAI0B' with importer (ScriptedImporter : UnityEditor.QuickSearchModule:UnityEditor.Search:ASIAI0B)
Imported 'GUID: 6261dd2a83757498188548c57e2492bf' -> (Import Result ID: '46cb6df504b630c3f40c741720e2f681') in 0.002 seconds [static and dynamic dependencies]. Details - ImportResultOutputID=24ee2df73448174bec18fa4cd18a2bf7 DependenciesID=293a9adaf4a3f11b4ac5f044cc7f7963 StaticDependenciesID=b471705e4f44753aa20ba500294dff7f 
Number of updated asset objects reloaded before import = 0
Number of asset objects unloaded after import = 0
========================================================================
Received Import Request.
  Time of request: 2026-08-05T18:44:44.4035915Z
  Time since last request: 0.0001865 seconds.
  importAddress: GUID: 60f36b88774fb4ed685661de123d7449 - Path: Packages/com.unity.inputsystem/InputSystem/Editor/Internal/TreeViewHelpers.cs - Importer: ScriptedImporter/UnityEditor.QuickSearchModule:UnityEditor.Search:ASIAI0B
Importing 'GUID: 60f36b88774fb4ed685661de123d7449 - Path: Packages/com.unity.inputsystem/InputSystem/Editor/Internal/TreeViewHelpers.cs - Importer: ScriptedImporter/UnityEditor.QuickSearchModule:UnityEditor.Search:ASIAI0B' with importer (ScriptedImporter : UnityEditor.QuickSearchModule:UnityEditor.Search:ASIAI0B)
Imported 'GUID: 60f36b88774fb4ed685661de123d7449' -> (Import Result ID: '0fc2574a0555c6dae7e01c039844af33') in 0.002 seconds [static and dynamic dependencies]. Details - ImportResultOutputID=ade1c0db5012ec9541c95d9284c9ace6 DependenciesID=b5672fb7faaafc2bc2138606fe452eb0 StaticDependenciesID=505bbe91eefb4f6002517e1105bdd590 
Number of updated asset objects reloaded before import = 0
Number of asset objects unloaded after import = 0
========================================================================
Received Import Request.
  Time of request: 2026-08-05T18:44:44.4136151Z
  Time since last request: 0.0002754 seconds.
  importAddress: GUID: ba2c9cc57fa154716b6f077bf9c1c193 - Path: Packages/com.unity.inputsystem/InputSystem/Editor/PropertyDrawers/InputActionDrawerBase.cs - Importer: ScriptedImporter/UnityEditor.QuickSearchModule:UnityEditor.Search:ASIAI0B
Importing 'GUID: ba2c9cc57fa154716b6f077bf9c1c193 - Path: Packages/com.unity.inputsystem/InputSystem/Editor/PropertyDrawers/InputActionDrawerBase.cs - Importer: ScriptedImporter/UnityEditor.QuickSearchModule:UnityEditor.Search:ASIAI0B' with importer (ScriptedImporter : UnityEditor.QuickSearchModule:UnityEditor.Search:ASIAI0B)
Imported 'GUID: ba2c9cc57fa154716b6f077bf9c1c193' -> (Import Result ID: 'e692bceb38a413c172652437e1f6a080') in 0.003 seconds [static and dynamic dependencies]. Details - ImportResultOutputID=b7b7407031497964e74137525d4c9e47 DependenciesID=5dd153cb377243df0ad02ee426f5dd32 StaticDependenciesID=7c8e67c811fbd303bb756bf072ae94c3 
Number of updated asset objects reloaded before import = 0
Number of asset objects unloaded after import = 0
========================================================================
Received Import Request.
  Time of request: 2026-08-05T18:44:44.4251027Z
  Time since last request: 0.0003992 seconds.
  importAddress: GUID: 32ca74660a65e46c4b2bc0f3e3c327f4 - Path: Packages/com.unity.inputsystem/InputSystem/Editor/Settings/InputEditorUserSettings.cs - Importer: ScriptedImporter/UnityEditor.QuickSearchModule:UnityEditor.Search:ASIAI0B
Importing 'GUID: 32ca74660a65e46c4b2bc0f3e3c327f4 - Path: Packages/com.unity.inputsystem/InputSystem/Editor/Settings/InputEditorUserSettings.cs - Importer: ScriptedImporter/UnityEditor.QuickSearchModule:UnityEditor.Search:ASIAI0B' with importer (ScriptedImporter : UnityEditor.QuickSearchModule:UnityEditor.Search:ASIAI0B)
Imported 'GUID: 32ca74660a65e46c4b2bc0f3e3c327f4' -> (Import Result ID: '6770228e5eb323722663c104d88d347c') in 0.002 seconds [static and dynamic dependencies]. Details - ImportResultOutputID=320ac6ed94a2b2359615e5e612dcbe02 DependenciesID=518a2ad2dbbed96d8acc9c41413d4837 StaticDependenciesID=41bbea8482750f5dffeba700bf27ffba 
Number of updated asset objects reloaded before import = 0
Number of asset objects unloaded after import = 0
========================================================================
Received Import Request.
  Time of request: 2026-08-05T18:44:44.4358595Z
  Time since last request: 0.0002554 seconds.
  importAddress: GUID: 09dcc9c0126b6b34ab2a877b8f2277f5 - Path: Packages/com.unity.inputsystem/InputSystem/Plugins/InputForUI/InputSystemForUI.asmdef - Importer: ScriptedImporter/UnityEditor.QuickSearchModule:UnityEditor.Search:ASIAI0B
Importing 'GUID: 09dcc9c0126b6b34ab2a877b8f2277f5 - Path: Packages/com.unity.inputsystem/InputSystem/Plugins/InputForUI/InputSystemForUI.asmdef - Importer: ScriptedImporter/UnityEditor.QuickSearchModule:UnityEditor.Search:ASIAI0B' with importer (ScriptedImporter : UnityEditor.QuickSearchModule:UnityEditor.Search:ASIAI0B)
Imported 'GUID: 09dcc9c0126b6b34ab2a877b8f2277f5' -> (Import Result ID: 'dde86293735cc2ca1b76fd98ab90dd3c') in 0.009 seconds [static and dynamic dependencies]. Details - ImportResultOutputID=f640afcc8663a22594e98063872db6f7 DependenciesID=e79206f96aa45181522b80fc8375a9fd StaticDependenciesID=e7d731f832dbd20e26bee034f458a32e 
Number of updated asset objects reloaded before import = 0
Number of asset objects unloaded after import = 1
========================================================================
Received Import Request.
  Time of request: 2026-08-05T18:44:44.4525609Z
  Time since last request: 0.0002382 seconds.
  importAddress: GUID: 8806f46699a44c39a6a66c5d07772871 - Path: Packages/com.unity.inputsystem/InputSystem/Plugins/HID/HID.cs - Importer: ScriptedImporter/UnityEditor.QuickSearchModule:UnityEditor.Search:ASIAI0B
Importing 'GUID: 8806f46699a44c39a6a66c5d07772871 - Path: Packages/com.unity.inputsystem/InputSystem/Plugins/HID/HID.cs - Importer: ScriptedImporter/UnityEditor.QuickSearchModule:UnityEditor.Search:ASIAI0B' with importer (ScriptedImporter : UnityEditor.QuickSearchModule:UnityEditor.Search:ASIAI0B)
Imported 'GUID: 8806f46699a44c39a6a66c5d07772871' -> (Import Result ID: 'c0ab3af6dc1548a3265c1d2da7358b6f') in 0.002 seconds [static and dynamic dependencies]. Details - ImportResultOutputID=d42f39daccb7c16b897cc0b8877584dc DependenciesID=7800dcb8b9e0498286f3bbcf6b3f3bdd StaticDependenciesID=179c8379976119e1952ac3f4ec7c11f1 
Number of updated asset objects reloaded before import = 0
Number of asset objects unloaded after import = 0
========================================================================
Received Import Request.
  Time of request: 2026-08-05T18:44:44.4627838Z
  Time since last request: 0.0003079 seconds.
  importAddress: GUID: c0f60c66cb10e104c96c77e03a950843 - Path: Packages/com.unity.inputsystem/InputSystem/Plugins/iOS/InputSettingsiOSProvider.cs - Importer: ScriptedImporter/UnityEditor.QuickSearchModule:UnityEditor.Search:ASIAI0B
Importing 'GUID: c0f60c66cb10e104c96c77e03a950843 - Path: Packages/com.unity.inputsystem/InputSystem/Plugins/iOS/InputSettingsiOSProvider.cs - Importer: ScriptedImporter/UnityEditor.QuickSearchModule:UnityEditor.Search:ASIAI0B' with importer (ScriptedImporter : UnityEditor.QuickSearchModule:UnityEditor.Search:ASIAI0B)
Imported 'GUID: c0f60c66cb10e104c96c77e03a950843' -> (Import Result ID: '912e52da21c10dd2f8fdb5d25ecb3af5') in 0.002 seconds [static and dynamic dependencies]. Details - ImportResultOutputID=095c7a6f0e0bc162a3473d16085d811d DependenciesID=2ec7b350a96219733250d2dcfbf43012 StaticDependenciesID=a17ac76109389a82cab046f3d73d6b0c 
Number of updated asset objects reloaded before import = 0
Number of asset objects unloaded after import = 0
========================================================================
Received Import Request.
  Time of request: 2026-08-05T18:44:44.4738502Z
  Time since last request: 0.0002675 seconds.
  importAddress: GUID: 3b8e35f20292579409c899395e30948f - Path: Packages/com.unity.inputsystem/InputSystem/Editor/UITKAssetEditor/InputActionsEditorWindowUtils.cs - Importer: ScriptedImporter/UnityEditor.QuickSearchModule:UnityEditor.Search:ASIAI0B
Importing 'GUID: 3b8e35f20292579409c899395e30948f - Path: Packages/com.unity.inputsystem/InputSystem/Editor/UITKAssetEditor/InputActionsEditorWindowUtils.cs - Importer: ScriptedImporter/UnityEditor.QuickSearchModule:UnityEditor.Search:ASIAI0B' with importer (ScriptedImporter : UnityEditor.QuickSearchModule:UnityEditor.Search:ASIAI0B)
Imported 'GUID: 3b8e35f20292579409c899395e30948f' -> (Import Result ID: '173e9770de2df8e8272e770f3d0561fa') in 0.003 seconds [static and dynamic dependencies]. Details - ImportResultOutputID=bee5b2c48d03b14616a16a0bcb0e3f41 DependenciesID=d7ca50be1ef2a509c3ed339b98541b9b StaticDependenciesID=11fe25621cae6271afac588e282a49aa 
Number of updated asset objects reloaded before import = 0
Number of asset objects unloaded after import = 0
========================================================================
Received Import Request.
  Time of request: 2026-08-05T18:44:44.4846682Z
  Time since last request: 0.000274 seconds.
  importAddress: GUID: 1fe35221cd5f4ca9b9df947d34e7e1f0 - Path: Packages/com.unity.inputsystem/InputSystem/Plugins/InputForUI/InputActionAssetVerifier.cs - Importer: ScriptedImporter/UnityEditor.QuickSearchModule:UnityEditor.Search:ASIAI0B
Importing 'GUID: 1fe35221cd5f4ca9b9df947d34e7e1f0 - Path: Packages/com.unity.inputsystem/InputSystem/Plugins/InputForUI/InputActionAssetVerifier.cs - Importer: ScriptedImporter/UnityEditor.QuickSearchModule:UnityEditor.Search:ASIAI0B' with importer (ScriptedImporter : UnityEditor.QuickSearchModule:UnityEditor.Search:ASIAI0B)
Imported 'GUID: 1fe35221cd5f4ca9b9df947d34e7e1f0' -> (Import Result ID: '7c035751b48fbcfe86b4995046cab6d5') in 0.002 seconds [static and dynamic dependencies]. Details - ImportResultOutputID=1997b23f5a90046aff86cf15ddfecd7e DependenciesID=647546ab0a2cc1a35787c7669182a414 StaticDependenciesID=1ee5334cb7445a3667bd64e862c0fc5d 
Number of updated asset objects reloaded before import = 0
Number of asset objects unloaded after import = 0
========================================================================
Received Import Request.
  Time of request: 2026-08-05T18:44:44.5115323Z
  Time since last request: 0.0176781 seconds.
  importAddress: GUID: bb4d45fbf0aa84484b251242fdb21800 - Path: Packages/com.unity.inputsystem/InputSystem/Plugins/Steam/SteamIGAConverter.cs - Importer: ScriptedImporter/UnityEditor.QuickSearchModule:UnityEditor.Search:ASIAI0B
Importing 'GUID: bb4d45fbf0aa84484b251242fdb21800 - Path: Packages/com.unity.inputsystem/InputSystem/Plugins/Steam/SteamIGAConverter.cs - Importer: ScriptedImporter/UnityEditor.QuickSearchModule:UnityEditor.Search:ASIAI0B' with importer (ScriptedImporter : UnityEditor.QuickSearchModule:UnityEditor.Search:ASIAI0B)
Imported 'GUID: bb4d45fbf0aa84484b251242fdb21800' -> (Import Result ID: '5f193ba7e1742b99c7e75939897f65c9') in 0.004 seconds [static and dynamic dependencies]. Details - ImportResultOutputID=0d851ec40ab9bb30cb90af0acfff4f20 DependenciesID=c9d3801622d55e8b364f019ee6cc4e82 StaticDependenciesID=b02512a471c052ecdf7a7c3b99fe195e 
Number of updated asset objects reloaded before import = 0
Number of asset objects unloaded after import = 0
========================================================================
Received Import Request.
  Time of request: 2026-08-05T18:44:44.5237637Z
  Time since last request: 0.0013513 seconds.
  importAddress: GUID: 3c197002ad4232e46b0c55f74469fa03 - Path: Packages/com.unity.inputsystem/InputSystem/Plugins/Switch/SwitchProControllerHID.cs - Importer: ScriptedImporter/UnityEditor.QuickSearchModule:UnityEditor.Search:ASIAI0B
Importing 'GUID: 3c197002ad4232e46b0c55f74469fa03 - Path: Packages/com.unity.inputsystem/InputSystem/Plugins/Switch/SwitchProControllerHID.cs - Importer: ScriptedImporter/UnityEditor.QuickSearchModule:UnityEditor.Search:ASIAI0B' with importer (ScriptedImporter : UnityEditor.QuickSearchModule:UnityEditor.Search:ASIAI0B)
Imported 'GUID: 3c197002ad4232e46b0c55f74469fa03' -> (Import Result ID: '7ce6248716cff043215a2aae6406dd22') in 0.002 seconds [static and dynamic dependencies]. Details - ImportResultOutputID=0981bf8809fb2a0bc744e66c68f623d2 DependenciesID=bf6d2c12cea276bf0eadaeb26a9c79bb StaticDependenciesID=9712f298fe9b152b283ab1b1856b5c18 
Number of updated asset objects reloaded before import = 0
Number of asset objects unloaded after import = 0
========================================================================
Received Import Request.
  Time of request: 2026-08-05T18:44:44.5332837Z
  Time since last request: 0.000356 seconds.
  importAddress: GUID: 78dcfd26eada049b0840e276bd029712 - Path: Packages/com.unity.inputsystem/InputSystem/Plugins/PlayerInput/PlayerInputEditor.cs - Importer: ScriptedImporter/UnityEditor.QuickSearchModule:UnityEditor.Search:ASIAI0B
Importing 'GUID: 78dcfd26eada049b0840e276bd029712 - Path: Packages/com.unity.inputsystem/InputSystem/Plugins/PlayerInput/PlayerInputEditor.cs - Importer: ScriptedImporter/UnityEditor.QuickSearchModule:UnityEditor.Search:ASIAI0B' with importer (ScriptedImporter : UnityEditor.QuickSearchModule:UnityEditor.Search:ASIAI0B)
Imported 'GUID: 78dcfd26eada049b0840e276bd029712' -> (Import Result ID: '31e912288f55ac687f5cc0185a9cc556') in 0.003 seconds [static and dynamic dependencies]. Details - ImportResultOutputID=b2a4d5e56e4725b5bb07d6b48f2454b5 DependenciesID=02d77809f61c58ad1fd967be8952b8c6 StaticDependenciesID=61db154a0dd7567eeaabf2ab85296189 
Number of updated asset objects reloaded before import = 0
Number of asset objects unloaded after import = 0
========================================================================
Received Import Request.
  Time of request: 2026-08-05T18:44:44.543799Z
  Time since last request: 0.0004013 seconds.
  importAddress: GUID: 3e12c30fe9774947a81ce7eb7054cfb7 - Path: Packages/com.unity.inputsystem/InputSystem/Utilities/Observables/SelectManyObservable.cs - Importer: ScriptedImporter/UnityEditor.QuickSearchModule:UnityEditor.Search:ASIAI0B
Importing 'GUID: 3e12c30fe9774947a81ce7eb7054cfb7 - Path: Packages/com.unity.inputsystem/InputSystem/Utilities/Observables/SelectManyObservable.cs - Importer: ScriptedImporter/UnityEditor.QuickSearchModule:UnityEditor.Search:ASIAI0B' with importer (ScriptedImporter : UnityEditor.QuickSearchModule:UnityEditor.Search:ASIAI0B)
Imported 'GUID: 3e12c30fe9774947a81ce7eb7054cfb7' -> (Import Result ID: 'b4973fb00e72531d410a1cad44ce2572') in 0.002 seconds [static and dynamic dependencies]. Details - ImportResultOutputID=965e3b2bc010748de7593cc050e95c08 DependenciesID=984a71a4739ee8efc064738e36a60fd0 StaticDependenciesID=9fa271e9fd8071bd6c75c05c0d2ecd96 
Number of updated asset objects reloaded before import = 0
Number of asset objects unloaded after import = 0
========================================================================
Received Import Request.
  Time of request: 2026-08-05T18:44:44.5555922Z
  Time since last request: 0.0004939 seconds.
  importAddress: GUID: b7430542eee4694469709e804d36cbbb - Path: Packages/com.unity.inputsystem/InputSystem/Plugins/UI/ExtendedSubmitCancelEventData.cs - Importer: ScriptedImporter/UnityEditor.QuickSearchModule:UnityEditor.Search:ASIAI0B
Importing 'GUID: b7430542eee4694469709e804d36cbbb - Path: Packages/com.unity.inputsystem/InputSystem/Plugins/UI/ExtendedSubmitCancelEventData.cs - Importer: ScriptedImporter/UnityEditor.QuickSearchModule:UnityEditor.Search:ASIAI0B' with importer (ScriptedImporter : UnityEditor.QuickSearchModule:UnityEditor.Search:ASIAI0B)
Imported 'GUID: b7430542eee4694469709e804d36cbbb' -> (Import Result ID: '90b66dd71e28def58c5b06564f0a0f6e') in 0.003 seconds [static and dynamic dependencies]. Details - ImportResultOutputID=22275642a691eec19144496c1ff1b15a DependenciesID=6023536abc6c216df8d52b7d6cb73608 StaticDependenciesID=3b264b1c3e5b295498102eac12806dad 
Number of updated asset objects reloaded before import = 0
Number of asset objects unloaded after import = 0
========================================================================
Received Import Request.
  Time of request: 2026-08-05T18:44:44.5698135Z
  Time since last request: 0.000503 seconds.
  importAddress: GUID: 01614664b831546d2ae94a42149d80ac - Path: Packages/com.unity.inputsystem/InputSystem/Plugins/UI/InputSystemUIInputModule.cs - Importer: ScriptedImporter/UnityEditor.QuickSearchModule:UnityEditor.Search:ASIAI0B
Importing 'GUID: 01614664b831546d2ae94a42149d80ac - Path: Packages/com.unity.inputsystem/InputSystem/Plugins/UI/InputSystemUIInputModule.cs - Importer: ScriptedImporter/UnityEditor.QuickSearchModule:UnityEditor.Search:ASIAI0B' with importer (ScriptedImporter : UnityEditor.QuickSearchModule:UnityEditor.Search:ASIAI0B)
Imported 'GUID: 01614664b831546d2ae94a42149d80ac' -> (Import Result ID: '60bbb186ca34b5a04e86e7a710ca2819') in 0.004 seconds [static and dynamic dependencies]. Details - ImportResultOutputID=1eb0b9bef67e939814f44699aba97c9d DependenciesID=40c0a5d1d9a034893ed2188cc75f0ffd StaticDependenciesID=0274356043fc88fdd532dc89fc05aaef 
Number of updated asset objects reloaded before import = 0
Number of asset objects unloaded after import = 1
========================================================================
Received Import Request.
  Time of request: 2026-08-05T18:44:44.5836408Z
  Time since last request: 0.0004938 seconds.
  importAddress: GUID: bd4bfc3c0efb44494be7101204897b7e - Path: Packages/com.unity.inputsystem/InputSystem/Plugins/WebGL/WebGLSupport.cs - Importer: ScriptedImporter/UnityEditor.QuickSearchModule:UnityEditor.Search:ASIAI0B
Importing 'GUID: bd4bfc3c0efb44494be7101204897b7e - Path: Packages/com.unity.inputsystem/InputSystem/Plugins/WebGL/WebGLSupport.cs - Importer: ScriptedImporter/UnityEditor.QuickSearchModule:UnityEditor.Search:ASIAI0B' with importer (ScriptedImporter : UnityEditor.QuickSearchModule:UnityEditor.Search:ASIAI0B)
Imported 'GUID: bd4bfc3c0efb44494be7101204897b7e' -> (Import Result ID: 'bce038e227e9ab9b7d1cc68959598cd5') in 0.003 seconds [static and dynamic dependencies]. Details - ImportResultOutputID=18dd68ca53ec3e31d9c10b069d373daf DependenciesID=43cb1737d65a6c150e9b6215db382f73 StaticDependenciesID=878e19e5acbc6188adee57b9e8bf085d 
Number of updated asset objects reloaded before import = 0
Number of asset objects unloaded after import = 0
========================================================================
Received Import Request.
  Time of request: 2026-08-05T18:44:44.5953499Z
  Time since last request: 0.0002757 seconds.
  importAddress: GUID: 6f91aa063fcc645ea8061ce0ae4f6f2b - Path: Packages/com.unity.inputsystem/InputSystem/Plugins/WebGL/WebGLJoystick.cs - Importer: ScriptedImporter/UnityEditor.QuickSearchModule:UnityEditor.Search:ASIAI0B
Importing 'GUID: 6f91aa063fcc645ea8061ce0ae4f6f2b - Path: Packages/com.unity.inputsystem/InputSystem/Plugins/WebGL/WebGLJoystick.cs - Importer: ScriptedImporter/UnityEditor.QuickSearchModule:UnityEditor.Search:ASIAI0B' with importer (ScriptedImporter : UnityEditor.QuickSearchModule:UnityEditor.Search:ASIAI0B)
Imported 'GUID: 6f91aa063fcc645ea8061ce0ae4f6f2b' -> (Import Result ID: '7b8aa2562b44ba0f91ec2e92ea045177') in 0.003 seconds [static and dynamic dependencies]. Details - ImportResultOutputID=8a79d57579136655ac0bb70f2bde5768 DependenciesID=7dbe779a0fe8053973c05bffa7504920 StaticDependenciesID=e1e0c2a988c0fdf3b49cfe132471d7f8 
Number of updated asset objects reloaded before import = 0
Number of asset objects unloaded after import = 0
========================================================================
Received Import Request.
  Time of request: 2026-08-05T18:44:44.6089007Z
  Time since last request: 0.0003436 seconds.
  importAddress: GUID: 6247927155f224aa5a61c15611fcd34a - Path: Packages/com.unity.inputsystem/InputSystem/Plugins/PlayerInput/PlayerInputManagerEditor.cs - Importer: ScriptedImporter/UnityEditor.QuickSearchModule:UnityEditor.Search:ASIAI0B
Importing 'GUID: 6247927155f224aa5a61c15611fcd34a - Path: Packages/com.unity.inputsystem/InputSystem/Plugins/PlayerInput/PlayerInputManagerEditor.cs - Importer: ScriptedImporter/UnityEditor.QuickSearchModule:UnityEditor.Search:ASIAI0B' with importer (ScriptedImporter : UnityEditor.QuickSearchModule:UnityEditor.Search:ASIAI0B)
Imported 'GUID: 6247927155f224aa5a61c15611fcd34a' -> (Import Result ID: 'ef2d1a2e96aeaffad93309e30dfa699c') in 0.003 seconds [static and dynamic dependencies]. Details - ImportResultOutputID=839603965b324386c8d7557b065038d7 DependenciesID=b0e938bc293be3df1ad822bed3c4bb57 StaticDependenciesID=d3ad56387fa76581796eba7763fdeeb8 
Number of updated asset objects reloaded before import = 0
Number of asset objects unloaded after import = 0
========================================================================
Received Import Request.
  Time of request: 2026-08-05T18:44:44.7279039Z
  Time since last request: 0.1077737 seconds.
  importAddress: GUID: c46ed0dd23ba548fd87436e8c89334e9 - Path: Packages/com.unity.inputsystem/InputSystem/Editor/Internal/AdvancedDropdown/AdvancedDropdownWindow.cs - Importer: ScriptedImporter/UnityEditor.QuickSearchModule:UnityEditor.Search:ASIAI0B
Importing 'GUID: c46ed0dd23ba548fd87436e8c89334e9 - Path: Packages/com.unity.inputsystem/InputSystem/Editor/Internal/AdvancedDropdown/AdvancedDropdownWindow.cs - Importer: ScriptedImporter/UnityEditor.QuickSearchModule:UnityEditor.Search:ASIAI0B' with importer (ScriptedImporter : UnityEditor.QuickSearchModule:UnityEditor.Search:ASIAI0B)
Imported 'GUID: c46ed0dd23ba548fd87436e8c89334e9' -> (Import Result ID: '27890a420d9eda7faa7ce0a216745f3e') in 0.006 seconds [static and dynamic dependencies]. Details - ImportResultOutputID=d14eef36c0f5892c403268ffdae3f073 DependenciesID=86a0a8dda092571421b3070956ec4ce2 StaticDependenciesID=12ccf8899c9256dfe8396462d14db013 
Number of updated asset objects reloaded before import = 0
Number of asset objects unloaded after import = 0
========================================================================
Received Import Request.
  Time of request: 2026-08-05T18:44:44.7409713Z
  Time since last request: 0.0002261 seconds.
  importAddress: GUID: 0fb454a124e8649bb9326261b1739032 - Path: Packages/com.unity.inputsystem/InputSystem/Editor/Internal/AdvancedDropdown/AdvancedDropdownDataSource.cs - Importer: ScriptedImporter/UnityEditor.QuickSearchModule:UnityEditor.Search:ASIAI0B
Importing 'GUID: 0fb454a124e8649bb9326261b1739032 - Path: Packages/com.unity.inputsystem/InputSystem/Editor/Internal/AdvancedDropdown/AdvancedDropdownDataSource.cs - Importer: ScriptedImporter/UnityEditor.QuickSearchModule:UnityEditor.Search:ASIAI0B' with importer (ScriptedImporter : UnityEditor.QuickSearchModule:UnityEditor.Search:ASIAI0B)
Imported 'GUID: 0fb454a124e8649bb9326261b1739032' -> (Import Result ID: '7f0518f6771e645d0395ac6e91f7cb48') in 0.002 seconds [static and dynamic dependencies]. Details - ImportResultOutputID=a6998c0d0d17fbbb60cf12dabef7ec44 DependenciesID=2ab5c6fb83cadf2572b2c6433d837bfb StaticDependenciesID=cafde27ac48477c7582e2cd5d3e2acef 
Number of updated asset objects reloaded before import = 0
Number of asset objects unloaded after import = 0
========================================================================
Received Import Request.
  Time of request: 2026-08-05T18:44:44.7774032Z
  Time since last request: 0.0267825 seconds.
  importAddress: GUID: 0226840818c8be84a9d8774a2529fe86 - Path: Packages/com.unity.inputsystem/InputSystem/Editor/UITKAssetEditor/Views/ActionMapsView.cs - Importer: ScriptedImporter/UnityEditor.QuickSearchModule:UnityEditor.Search:ASIAI0B
Importing 'GUID: 0226840818c8be84a9d8774a2529fe86 - Path: Packages/com.unity.inputsystem/InputSystem/Editor/UITKAssetEditor/Views/ActionMapsView.cs - Importer: ScriptedImporter/UnityEditor.QuickSearchModule:UnityEditor.Search:ASIAI0B' with importer (ScriptedImporter : UnityEditor.QuickSearchModule:UnityEditor.Search:ASIAI0B)
Imported 'GUID: 0226840818c8be84a9d8774a2529fe86' -> (Import Result ID: 'a6b352f4363926e012a41e18d94acad5') in 0.002 seconds [static and dynamic dependencies]. Details - ImportResultOutputID=5bcb250eef44ae7617b3ed5a5b785d35 DependenciesID=1342fc472480eccecece8cee90c266ed StaticDependenciesID=7c25b7afdc1982d632a395153039925c 
Number of updated asset objects reloaded before import = 0
Number of asset objects unloaded after import = 0
========================================================================
Received Import Request.
  Time of request: 2026-08-05T18:44:44.7866629Z
  Time since last request: 0.0004034 seconds.
  importAddress: GUID: cca9ce0c8554d5244930f14c21489ac1 - Path: Packages/com.unity.inputsystem/InputSystem/Editor/UITKAssetEditor/PackageResources/InputAssetEditorDark.uss - Importer: ScriptedImporter/UnityEditor.QuickSearchModule:UnityEditor.Search:ASIAI0B
Importing 'GUID: cca9ce0c8554d5244930f14c21489ac1 - Path: Packages/com.unity.inputsystem/InputSystem/Editor/UITKAssetEditor/PackageResources/InputAssetEditorDark.uss - Importer: ScriptedImporter/UnityEditor.QuickSearchModule:UnityEditor.Search:ASIAI0B' with importer (ScriptedImporter : UnityEditor.QuickSearchModule:UnityEditor.Search:ASIAI0B)
Imported 'GUID: cca9ce0c8554d5244930f14c21489ac1' -> (Import Result ID: '326dc3f3da3160c881f281eb51e6bd9d') in 0.018 seconds [static and dynamic dependencies]. Details - ImportResultOutputID=e21410a647006e74b33cb6bf42ac3a77 DependenciesID=9e242b6863705828072866802d8f0bb2 StaticDependenciesID=ebd613c42cdcfd20deea2640cd28dc65 
Number of updated asset objects reloaded before import = 0
Number of asset objects unloaded after import = 1
========================================================================
Received Import Request.
  Time of request: 2026-08-05T18:44:44.812294Z
  Time since last request: 0.0002415 seconds.
  importAddress: GUID: f1e8cf3dc2c11ed47a2666fcf0d3a938 - Path: Packages/com.unity.inputsystem/InputSystem/Plugins/XR/Haptics/BufferedRumble.cs - Importer: ScriptedImporter/UnityEditor.QuickSearchModule:UnityEditor.Search:ASIAI0B
Importing 'GUID: f1e8cf3dc2c11ed47a2666fcf0d3a938 - Path: Packages/com.unity.inputsystem/InputSystem/Plugins/XR/Haptics/BufferedRumble.cs - Importer: ScriptedImporter/UnityEditor.QuickSearchModule:UnityEditor.Search:ASIAI0B' with importer (ScriptedImporter : UnityEditor.QuickSearchModule:UnityEditor.Search:ASIAI0B)
Imported 'GUID: f1e8cf3dc2c11ed47a2666fcf0d3a938' -> (Import Result ID: '6737b735142028f761c7b8f6f6cd7a73') in 0.002 seconds [static and dynamic dependencies]. Details - ImportResultOutputID=f0a93367d7922bd9bec9eaeb5bdfebe8 DependenciesID=906002182b793f4607fc8f9d70aa1e3a StaticDependenciesID=74c601b934e2d2b3f988d798c2652692 
Number of updated asset objects reloaded before import = 0
Number of asset objects unloaded after import = 0
========================================================================
Received Import Request.
  Time of request: 2026-08-05T18:44:44.8230232Z
  Time since last request: 0.0002462 seconds.
  importAddress: GUID: 989e6ef705a83455c81a5d0a22910406 - Path: Packages/com.unity.inputsystem/InputSystem/Editor/UITKAssetEditor/Views/ContextMenu.cs - Importer: ScriptedImporter/UnityEditor.QuickSearchModule:UnityEditor.Search:ASIAI0B
Importing 'GUID: 989e6ef705a83455c81a5d0a22910406 - Path: Packages/com.unity.inputsystem/InputSystem/Editor/UITKAssetEditor/Views/ContextMenu.cs - Importer: ScriptedImporter/UnityEditor.QuickSearchModule:UnityEditor.Search:ASIAI0B' with importer (ScriptedImporter : UnityEditor.QuickSearchModule:UnityEditor.Search:ASIAI0B)
Imported 'GUID: 989e6ef705a83455c81a5d0a22910406' -> (Import Result ID: '0be3178888d18ffac9f81abee4a6ca6d') in 0.002 seconds [static and dynamic dependencies]. Details - ImportResultOutputID=5df2229aaf2a91f3acb9c1dc6113bb61 DependenciesID=359060d4e2fef4ca3078e401267a3bbd StaticDependenciesID=951ec9376054718c3c3c374c5506530c 
Number of updated asset objects reloaded before import = 0
Number of asset objects unloaded after import = 0
========================================================================
Received Import Request.
  Time of request: 2026-08-05T18:44:44.8331281Z
  Time since last request: 0.0003372 seconds.
  importAddress: GUID: 70b768f311ee24d93b61dbdf4169a93f - Path: Packages/com.unity.visualscripting/README.md - Importer: ScriptedImporter/UnityEditor.QuickSearchModule:UnityEditor.Search:ASIAI0B
Importing 'GUID: 70b768f311ee24d93b61dbdf4169a93f - Path: Packages/com.unity.visualscripting/README.md - Importer: ScriptedImporter/UnityEditor.QuickSearchModule:UnityEditor.Search:ASIAI0B' with importer (ScriptedImporter : UnityEditor.QuickSearchModule:UnityEditor.Search:ASIAI0B)
Imported 'GUID: 70b768f311ee24d93b61dbdf4169a93f' -> (Import Result ID: '2c71c8e0fa9a4fdbc715cea5f2e24fb0') in 0.009 seconds [static and dynamic dependencies]. Details - ImportResultOutputID=a7d9477ef3636432a5cade128d70cd0e DependenciesID=4b61ba44c37163282accb67b2e189ecb StaticDependenciesID=1b820701439df0e9c8e1226f0fed68cc 
Number of updated asset objects reloaded before import = 0
Number of asset objects unloaded after import = 1
========================================================================
Received Import Request.
  Time of request: 2026-08-05T18:44:44.8495675Z
  Time since last request: 0.0002681 seconds.
  importAddress: GUID: 545a9d2bc7370224f8d14c22f2f580e0 - Path: Packages/com.unity.visualscripting/package.json - Importer: ScriptedImporter/UnityEditor.QuickSearchModule:UnityEditor.Search:ASIAI0B
Importing 'GUID: 545a9d2bc7370224f8d14c22f2f580e0 - Path: Packages/com.unity.visualscripting/package.json - Importer: ScriptedImporter/UnityEditor.QuickSearchModule:UnityEditor.Search:ASIAI0B' with importer (ScriptedImporter : UnityEditor.QuickSearchModule:UnityEditor.Search:ASIAI0B)
Imported 'GUID: 545a9d2bc7370224f8d14c22f2f580e0' -> (Import Result ID: '6a1c0e65afc630a192183fa02e66ca18') in 0.007 seconds [static and dynamic dependencies]. Details - ImportResultOutputID=2644a3db94f7bd9a68940e4975421d0f DependenciesID=d6197b40982bf64a0f10588c994ba791 StaticDependenciesID=3f3a8ac419bdc13e9050e6775da0588b 
Number of updated asset objects reloaded before import = 0
Number of asset objects unloaded after import = 1
========================================================================
Received Import Request.
  Time of request: 2026-08-05T18:44:44.8644682Z
  Time since last request: 0.0002359 seconds.
  importAddress: GUID: b41189ddfc8d84f22b5023fc1ada4558 - Path: Packages/com.unity.visualscripting/DocCodeExamples/EventBusExamples.cs - Importer: ScriptedImporter/UnityEditor.QuickSearchModule:UnityEditor.Search:ASIAI0B
Importing 'GUID: b41189ddfc8d84f22b5023fc1ada4558 - Path: Packages/com.unity.visualscripting/DocCodeExamples/EventBusExamples.cs - Importer: ScriptedImporter/UnityEditor.QuickSearchModule:UnityEditor.Search:ASIAI0B' with importer (ScriptedImporter : UnityEditor.QuickSearchModule:UnityEditor.Search:ASIAI0B)
Imported 'GUID: b41189ddfc8d84f22b5023fc1ada4558' -> (Import Result ID: '01df55922d814ddcde82fc9701833899') in 0.002 seconds [static and dynamic dependencies]. Details - ImportResultOutputID=72fab5f8a8df441e0968abc7ea0d3fbc DependenciesID=d7266ac7eb364f27a70382eb2d0ff5c0 StaticDependenciesID=883ce9c1517547a574d579d9d7cb84b2 
Number of updated asset objects reloaded before import = 0
Number of asset objects unloaded after import = 0
========================================================================
Received Import Request.
  Time of request: 2026-08-05T18:44:44.8741889Z
  Time since last request: 0.0003018 seconds.
  importAddress: GUID: 31038076760c2c744a116e944e0e18d7 - Path: Packages/com.unity.inputsystem/InputSystem/Plugins/XR/Controls/PoseControl.cs - Importer: ScriptedImporter/UnityEditor.QuickSearchModule:UnityEditor.Search:ASIAI0B
Importing 'GUID: 31038076760c2c744a116e944e0e18d7 - Path: Packages/com.unity.inputsystem/InputSystem/Plugins/XR/Controls/PoseControl.cs - Importer: ScriptedImporter/UnityEditor.QuickSearchModule:UnityEditor.Search:ASIAI0B' with importer (ScriptedImporter : UnityEditor.QuickSearchModule:UnityEditor.Search:ASIAI0B)
Imported 'GUID: 31038076760c2c744a116e944e0e18d7' -> (Import Result ID: '93c3c6fd28052d67e98efdb3e5962417') in 0.002 seconds [static and dynamic dependencies]. Details - ImportResultOutputID=1d84d522724e73a31e2d1ff7257be9f1 DependenciesID=ca7bd2311f767b8d9bb43277460b7685 StaticDependenciesID=bcbd40a56cd2d9772c5d752145480a61 
Number of updated asset objects reloaded before import = 0
Number of asset objects unloaded after import = 0
========================================================================
Received Import Request.
  Time of request: 2026-08-05T18:44:44.8838308Z
  Time since last request: 0.0002506 seconds.
  importAddress: GUID: 36e7567d9504499a8bbe97595096de5e - Path: Packages/com.unity.inputsystem/InputSystem/Editor/UITKAssetEditor/Views/CollectionViewSelectionChangeFilter.cs - Importer: ScriptedImporter/UnityEditor.QuickSearchModule:UnityEditor.Search:ASIAI0B
Importing 'GUID: 36e7567d9504499a8bbe97595096de5e - Path: Packages/com.unity.inputsystem/InputSystem/Editor/UITKAssetEditor/Views/CollectionViewSelectionChangeFilter.cs - Importer: ScriptedImporter/UnityEditor.QuickSearchModule:UnityEditor.Search:ASIAI0B' with importer (ScriptedImporter : UnityEditor.QuickSearchModule:UnityEditor.Search:ASIAI0B)
Imported 'GUID: 36e7567d9504499a8bbe97595096de5e' -> (Import Result ID: '3785985cb21b26d77a8b2dd21bb4ff60') in 0.002 seconds [static and dynamic dependencies]. Details - ImportResultOutputID=3431d4e1f014c3468c080f17afb5eebe DependenciesID=40becd5f449c6127f5a3b21317d63a9e StaticDependenciesID=a594d45d3a2b126c7637721b7ae585cd 
Number of updated asset objects reloaded before import = 0
Number of asset objects unloaded after import = 0
========================================================================
Received Import Request.
  Time of request: 2026-08-05T18:44:44.893073Z
  Time since last request: 0.0003338 seconds.
  importAddress: GUID: e553fed0b97be3349aff36916eb6fefc - Path: Packages/com.unity.inputsystem/InputSystem/Plugins/XR/Haptics/SendBufferedHapticsCommand.cs - Importer: ScriptedImporter/UnityEditor.QuickSearchModule:UnityEditor.Search:ASIAI0B
Importing 'GUID: e553fed0b97be3349aff36916eb6fefc - Path: Packages/com.unity.inputsystem/InputSystem/Plugins/XR/Haptics/SendBufferedHapticsCommand.cs - Importer: ScriptedImporter/UnityEditor.QuickSearchModule:UnityEditor.Search:ASIAI0B' with importer (ScriptedImporter : UnityEditor.QuickSearchModule:UnityEditor.Search:ASIAI0B)
Imported 'GUID: e553fed0b97be3349aff36916eb6fefc' -> (Import Result ID: 'c55d53f8509c70f72a198dded1d9d37c') in 0.002 seconds [static and dynamic dependencies]. Details - ImportResultOutputID=8bdd1fc2a4d6888232c19c49c7928b10 DependenciesID=38e51d190f77fc858aa3bbf232d492a2 StaticDependenciesID=d48534a9ff122c17827889133292b80c 
Number of updated asset objects reloaded before import = 0
Number of asset objects unloaded after import = 0
========================================================================
Received Import Request.
  Time of request: 2026-08-05T18:44:44.9104247Z
  Time since last request: 0.0069113 seconds.
  importAddress: GUID: b73918c69dc7a46a7889cf2a9e4232a8 - Path: Packages/com.unity.visualscripting/Editor/VisualScripting.Flow/FlowGraphContext.cs - Importer: ScriptedImporter/UnityEditor.QuickSearchModule:UnityEditor.Search:ASIAI0B
Importing 'GUID: b73918c69dc7a46a7889cf2a9e4232a8 - Path: Packages/com.unity.visualscripting/Editor/VisualScripting.Flow/FlowGraphContext.cs - Importer: ScriptedImporter/UnityEditor.QuickSearchModule:UnityEditor.Search:ASIAI0B' with importer (ScriptedImporter : UnityEditor.QuickSearchModule:UnityEditor.Search:ASIAI0B)
Imported 'GUID: b73918c69dc7a46a7889cf2a9e4232a8' -> (Import Result ID: 'a989c70601e8543f8bb5ae027998e652') in 0.002 seconds [static and dynamic dependencies]. Details - ImportResultOutputID=e25ed44cbec8d9adad1e867159181ac0 DependenciesID=20ab620d0ab571f26f5bc92d21e92a0a StaticDependenciesID=f4e0fed4457d00dc52d0f42a1d8a18a7 
Number of updated asset objects reloaded before import = 0
Number of asset objects unloaded after import = 0
========================================================================
Received Import Request.
  Time of request: 2026-08-05T18:44:44.9203086Z
  Time since last request: 0.0004787 seconds.
  importAddress: GUID: 54cb1906aeb4e4264bc1d2aa3818a43f - Path: Packages/com.unity.visualscripting/Editor/VisualScripting.Core/Unity.VisualScripting.Core.Editor.asmdef - Importer: ScriptedImporter/UnityEditor.QuickSearchModule:UnityEditor.Search:ASIAI0B
Importing 'GUID: 54cb1906aeb4e4264bc1d2aa3818a43f - Path: Packages/com.unity.visualscripting/Editor/VisualScripting.Core/Unity.VisualScripting.Core.Editor.asmdef - Importer: ScriptedImporter/UnityEditor.QuickSearchModule:UnityEditor.Search:ASIAI0B' with importer (ScriptedImporter : UnityEditor.QuickSearchModule:UnityEditor.Search:ASIAI0B)
Imported 'GUID: 54cb1906aeb4e4264bc1d2aa3818a43f' -> (Import Result ID: '545019aae50c4910cc6bd591fcdfc8ea') in 0.009 seconds [static and dynamic dependencies]. Details - ImportResultOutputID=4301b6072a3aec142ef094ccd6d797a7 DependenciesID=4c2df7ac906190f943da8dd20978a5c9 StaticDependenciesID=555cd2c0ae5d12c3ae4f9f48acc3fcd8 
Number of updated asset objects reloaded before import = 0
Number of asset objects unloaded after import = 1
========================================================================
Received Import Request.
  Time of request: 2026-08-05T18:44:44.936416Z
  Time since last request: 0.0001781 seconds.
  importAddress: GUID: b1b39c71b073f4269acc255452659ff3 - Path: Packages/com.unity.visualscripting/Editor/VisualScripting.Flow/FlowGraphUnitUISample.cs - Importer: ScriptedImporter/UnityEditor.QuickSearchModule:UnityEditor.Search:ASIAI0B
Importing 'GUID: b1b39c71b073f4269acc255452659ff3 - Path: Packages/com.unity.visualscripting/Editor/VisualScripting.Flow/FlowGraphUnitUISample.cs - Importer: ScriptedImporter/UnityEditor.QuickSearchModule:UnityEditor.Search:ASIAI0B' with importer (ScriptedImporter : UnityEditor.QuickSearchModule:UnityEditor.Search:ASIAI0B)
Imported 'GUID: b1b39c71b073f4269acc255452659ff3' -> (Import Result ID: '499eabd9e29382f8d69b1bfa74b3a3de') in 0.002 seconds [static and dynamic dependencies]. Details - ImportResultOutputID=1ccc6fa13ba96ac5393c906e102cc96b DependenciesID=656ec4cb713dc3be46796b2b8edd6ad1 StaticDependenciesID=92b430e5458c5c88d72ce17b58cd3ea0 
Number of updated asset objects reloaded before import = 0
Number of asset objects unloaded after import = 0
========================================================================
Received Import Request.
  Time of request: 2026-08-05T18:44:44.9454435Z
  Time since last request: 0.0003237 seconds.
  importAddress: GUID: a7c2e2ea622d44c91ba4d6117feabf36 - Path: Packages/com.unity.visualscripting/Runtime/VisualScripting.Flow/IUnitDebugData.cs - Importer: ScriptedImporter/UnityEditor.QuickSearchModule:UnityEditor.Search:ASIAI0B
Importing 'GUID: a7c2e2ea622d44c91ba4d6117feabf36 - Path: Packages/com.unity.visualscripting/Runtime/VisualScripting.Flow/IUnitDebugData.cs - Importer: ScriptedImporter/UnityEditor.QuickSearchModule:UnityEditor.Search:ASIAI0B' with importer (ScriptedImporter : UnityEditor.QuickSearchModule:UnityEditor.Search:ASIAI0B)
Imported 'GUID: a7c2e2ea622d44c91ba4d6117feabf36' -> (Import Result ID: '3b70c6c47be6da6c7c6424db421b32f7') in 0.003 seconds [static and dynamic dependencies]. Details - ImportResultOutputID=73171baf8828da6de122f147d60d85c9 DependenciesID=6ffdd7094963be5ffa30cc75b37cf3c2 StaticDependenciesID=f9e4838dbe3af417801859b4c01803e4 
Number of updated asset objects reloaded before import = 0
Number of asset objects unloaded after import = 0
========================================================================
Received Import Request.
  Time of request: 2026-08-05T18:44:44.9565948Z
  Time since last request: 0.0003123 seconds.
  importAddress: GUID: 21e5071c21b124b5ab6885e0b2867feb - Path: Packages/com.unity.visualscripting/Editor/VisualScripting.State/StateGraphEditor.cs - Importer: ScriptedImporter/UnityEditor.QuickSearchModule:UnityEditor.Search:ASIAI0B
Importing 'GUID: 21e5071c21b124b5ab6885e0b2867feb - Path: Packages/com.unity.visualscripting/Editor/VisualScripting.State/StateGraphEditor.cs - Importer: ScriptedImporter/UnityEditor.QuickSearchModule:UnityEditor.Search:ASIAI0B' with importer (ScriptedImporter : UnityEditor.QuickSearchModule:UnityEditor.Search:ASIAI0B)
Imported 'GUID: 21e5071c21b124b5ab6885e0b2867feb' -> (Import Result ID: '47b15059d322ab74580d618f51d3cbca') in 0.002 seconds [static and dynamic dependencies]. Details - ImportResultOutputID=4cc567f183c92482ac138867dad74dcf DependenciesID=881c48648083eeaf41920fdf667363cd StaticDependenciesID=31df32ee66360bdbdfada48c98caa867 
Number of updated asset objects reloaded before import = 0
Number of asset objects unloaded after import = 0
========================================================================
Received Import Request.
  Time of request: 2026-08-05T18:44:44.9669442Z
  Time since last request: 0.0001876 seconds.
  importAddress: GUID: 7ef5652404544c8cab2b662e003e8766 - Path: Packages/com.unity.visualscripting/Editor/VisualScripting.Flow/FlowDragAndDropUtility.cs - Importer: ScriptedImporter/UnityEditor.QuickSearchModule:UnityEditor.Search:ASIAI0B
Importing 'GUID: 7ef5652404544c8cab2b662e003e8766 - Path: Packages/com.unity.visualscripting/Editor/VisualScripting.Flow/FlowDragAndDropUtility.cs - Importer: ScriptedImporter/UnityEditor.QuickSearchModule:UnityEditor.Search:ASIAI0B' with importer (ScriptedImporter : UnityEditor.QuickSearchModule:UnityEditor.Search:ASIAI0B)
Imported 'GUID: 7ef5652404544c8cab2b662e003e8766' -> (Import Result ID: '2819c901f6676610cf7b8708dd112511') in 0.002 seconds [static and dynamic dependencies]. Details - ImportResultOutputID=e4624f4b2478d4e369627a62abe45621 DependenciesID=8beb646b7ff8d2af8e711a53919aa818 StaticDependenciesID=eec1e00187475a7b5d349bb68fb515c6 
Number of updated asset objects reloaded before import = 0
Number of asset objects unloaded after import = 0
========================================================================
Received Import Request.
  Time of request: 2026-08-05T18:44:44.9760984Z
  Time since last request: 0.0002318 seconds.
  importAddress: GUID: ad597e0a189a942b794d0b24eba536f4 - Path: Packages/com.unity.visualscripting/Runtime/VisualScripting.Flow/NesterUnit.cs - Importer: ScriptedImporter/UnityEditor.QuickSearchModule:UnityEditor.Search:ASIAI0B
Importing 'GUID: ad597e0a189a942b794d0b24eba536f4 - Path: Packages/com.unity.visualscripting/Runtime/VisualScripting.Flow/NesterUnit.cs - Importer: ScriptedImporter/UnityEditor.QuickSearchModule:UnityEditor.Search:ASIAI0B' with importer (ScriptedImporter : UnityEditor.QuickSearchModule:UnityEditor.Search:ASIAI0B)
Imported 'GUID: ad597e0a189a942b794d0b24eba536f4' -> (Import Result ID: '1c54cc4e263dfa5cc9a8f207d4835684') in 0.002 seconds [static and dynamic dependencies]. Details - ImportResultOutputID=b472c0b3890a905140c6a4594f8e86af DependenciesID=426a260f6a030edabd0057c596800a93 StaticDependenciesID=7522d597c3a91aae3857e10355bcb20b 
Number of updated asset objects reloaded before import = 0
Number of asset objects unloaded after import = 0
========================================================================
Received Import Request.
  Time of request: 2026-08-05T18:44:44.9856201Z
  Time since last request: 0.0002853 seconds.
  importAddress: GUID: 21b0c8d1703a94250bfac916590cea4f - Path: Packages/com.unity.visualscripting/Runtime/VisualScripting.Core/Unity.VisualScripting.Core.asmdef - Importer: ScriptedImporter/UnityEditor.QuickSearchModule:UnityEditor.Search:ASIAI0B
Importing 'GUID: 21b0c8d1703a94250bfac916590cea4f - Path: Packages/com.unity.visualscripting/Runtime/VisualScripting.Core/Unity.VisualScripting.Core.asmdef - Importer: ScriptedImporter/UnityEditor.QuickSearchModule:UnityEditor.Search:ASIAI0B' with importer (ScriptedImporter : UnityEditor.QuickSearchModule:UnityEditor.Search:ASIAI0B)
Imported 'GUID: 21b0c8d1703a94250bfac916590cea4f' -> (Import Result ID: '2f8fb90229f1808e2b9579440330bdf5') in 0.008 seconds [static and dynamic dependencies]. Details - ImportResultOutputID=bde999287689136edfdf3a742def7b92 DependenciesID=a287801f0ed03aaa79171ca8f45112f4 StaticDependenciesID=6f95929c5e84f4c1908f8ab079637eec 
Number of updated asset objects reloaded before import = 0
Number of asset objects unloaded after import = 1
========================================================================
Received Import Request.
  Time of request: 2026-08-05T18:44:45.0006038Z
  Time since last request: 0.000262 seconds.
  importAddress: GUID: 35a21b8c004950548af9fc81919e1aa9 - Path: Packages/com.unity.visualscripting/Graphics/Icons_32x_72dpi.psd - Importer: ScriptedImporter/UnityEditor.QuickSearchModule:UnityEditor.Search:ASIAI0B
Importing 'GUID: 35a21b8c004950548af9fc81919e1aa9 - Path: Packages/com.unity.visualscripting/Graphics/Icons_32x_72dpi.psd - Importer: ScriptedImporter/UnityEditor.QuickSearchModule:UnityEditor.Search:ASIAI0B' with importer (ScriptedImporter : UnityEditor.QuickSearchModule:UnityEditor.Search:ASIAI0B)
Imported 'GUID: 35a21b8c004950548af9fc81919e1aa9' -> (Import Result ID: 'f3a7247d774b583c870b69b40e9203c5') in 0.010 seconds [static and dynamic dependencies]. Details - ImportResultOutputID=dfd65771bb608d2d553f039c751b1236 DependenciesID=25923beec9eb413302905730758a83ad StaticDependenciesID=8323535db7ab11eb60a6abd21a5647f6 
Number of updated asset objects reloaded before import = 0
Number of asset objects unloaded after import = 1
========================================================================
Received Import Request.
  Time of request: 2026-08-05T18:44:45.0270985Z
  Time since last request: 0.0095092 seconds.
  importAddress: GUID: 0bd6d62c34b19457e82fc142fc1a6093 - Path: Packages/com.unity.visualscripting/Runtime/VisualScripting.State/FlowStateTransition.cs - Importer: ScriptedImporter/UnityEditor.QuickSearchModule:UnityEditor.Search:ASIAI0B
Importing 'GUID: 0bd6d62c34b19457e82fc142fc1a6093 - Path: Packages/com.unity.visualscripting/Runtime/VisualScripting.State/FlowStateTransition.cs - Importer: ScriptedImporter/UnityEditor.QuickSearchModule:UnityEditor.Search:ASIAI0B' with importer (ScriptedImporter : UnityEditor.QuickSearchModule:UnityEditor.Search:ASIAI0B)
Imported 'GUID: 0bd6d62c34b19457e82fc142fc1a6093' -> (Import Result ID: '2169b1ffc4d28e316b2512f1a84c7259') in 0.003 seconds [static and dynamic dependencies]. Details - ImportResultOutputID=06653c2673e944f33810333b925b3404 DependenciesID=70ddfb0cad419be05243f0c526b2b7fc StaticDependenciesID=7876381c0da7c36258f95a2fa164d1e5 
Number of updated asset objects reloaded before import = 0
Number of asset objects unloaded after import = 0
========================================================================
Received Import Request.
  Time of request: 2026-08-05T18:44:45.0370381Z
  Time since last request: 0.0005675 seconds.
  importAddress: GUID: 7b87087bffe3b43618771b432448cd88 - Path: Packages/com.unity.visualscripting/Runtime/VisualScripting.State/StateEnterReason.cs - Importer: ScriptedImporter/UnityEditor.QuickSearchModule:UnityEditor.Search:ASIAI0B
Importing 'GUID: 7b87087bffe3b43618771b432448cd88 - Path: Packages/com.unity.visualscripting/Runtime/VisualScripting.State/StateEnterReason.cs - Importer: ScriptedImporter/UnityEditor.QuickSearchModule:UnityEditor.Search:ASIAI0B' with importer (ScriptedImporter : UnityEditor.QuickSearchModule:UnityEditor.Search:ASIAI0B)
Imported 'GUID: 7b87087bffe3b43618771b432448cd88' -> (Import Result ID: '39a426249ddcbaa2d81bf6d32c6d8a55') in 0.002 seconds [static and dynamic dependencies]. Details - ImportResultOutputID=992a01831e093973aef50de8c9819abe DependenciesID=69f7380318c0218265819324bc10da69 StaticDependenciesID=397171fe45506dcf4f648c870f0a704d 
Number of updated asset objects reloaded before import = 0
Number of asset objects unloaded after import = 0
========================================================================
Received Import Request.
  Time of request: 2026-08-05T18:44:45.0465895Z
  Time since last request: 0.0002573 seconds.
  importAddress: GUID: 115b9acbeb0934c0daf0875f2eb28b61 - Path: Packages/com.unity.visualscripting/Runtime/VisualScripting.State/IStateTransitionDebugData.cs - Importer: ScriptedImporter/UnityEditor.QuickSearchModule:UnityEditor.Search:ASIAI0B
Importing 'GUID: 115b9acbeb0934c0daf0875f2eb28b61 - Path: Packages/com.unity.visualscripting/Runtime/VisualScripting.State/IStateTransitionDebugData.cs - Importer: ScriptedImporter/UnityEditor.QuickSearchModule:UnityEditor.Search:ASIAI0B' with importer (ScriptedImporter : UnityEditor.QuickSearchModule:UnityEditor.Search:ASIAI0B)
Imported 'GUID: 115b9acbeb0934c0daf0875f2eb28b61' -> (Import Result ID: '522e6333331a16415a09a003b4b32407') in 0.003 seconds [static and dynamic dependencies]. Details - ImportResultOutputID=454125574b8a7d4aa96f41c1e6f658bf DependenciesID=0b6da0a2f80f69e29b790c55e6b2a921 StaticDependenciesID=be70da28c7150f63ac0cd072884bed0d 
Number of updated asset objects reloaded before import = 0
Number of asset objects unloaded after import = 0
========================================================================
Received Import Request.
  Time of request: 2026-08-05T18:44:45.0569811Z
  Time since last request: 0.0004495 seconds.
  importAddress: GUID: 505852ed4622a47088bd0f2f07041314 - Path: Packages/com.unity.visualscripting/Editor/VisualScripting.Core/Assignment/Assignment.cs - Importer: ScriptedImporter/UnityEditor.QuickSearchModule:UnityEditor.Search:ASIAI0B
Importing 'GUID: 505852ed4622a47088bd0f2f07041314 - Path: Packages/com.unity.visualscripting/Editor/VisualScripting.Core/Assignment/Assignment.cs - Importer: ScriptedImporter/UnityEditor.QuickSearchModule:UnityEditor.Search:ASIAI0B' with importer (ScriptedImporter : UnityEditor.QuickSearchModule:UnityEditor.Search:ASIAI0B)
Imported 'GUID: 505852ed4622a47088bd0f2f07041314' -> (Import Result ID: '0815807c61a13ed87357656a10b11f32') in 0.002 seconds [static and dynamic dependencies]. Details - ImportResultOutputID=437d721d6360fa4cf87a319d4dd54db1 DependenciesID=a530929607f7c508bfd7986a7ddae3b7 StaticDependenciesID=9d465491a09a0f527b2e6d773937b21f 
Number of updated asset objects reloaded before import = 0
Number of asset objects unloaded after import = 0
========================================================================
Received Import Request.
  Time of request: 2026-08-05T18:44:45.0678351Z
  Time since last request: 0.000269 seconds.
  importAddress: GUID: 7cf3624e65e804bfb9dd35ee9884f519 - Path: Packages/com.unity.visualscripting/Editor/VisualScripting.Core/Analysis/Analyser.cs - Importer: ScriptedImporter/UnityEditor.QuickSearchModule:UnityEditor.Search:ASIAI0B
Importing 'GUID: 7cf3624e65e804bfb9dd35ee9884f519 - Path: Packages/com.unity.visualscripting/Editor/VisualScripting.Core/Analysis/Analyser.cs - Importer: ScriptedImporter/UnityEditor.QuickSearchModule:UnityEditor.Search:ASIAI0B' with importer (ScriptedImporter : UnityEditor.QuickSearchModule:UnityEditor.Search:ASIAI0B)
Imported 'GUID: 7cf3624e65e804bfb9dd35ee9884f519' -> (Import Result ID: '3620d8d2f6f54b56cf9a1ce4728d941a') in 0.002 seconds [static and dynamic dependencies]. Details - ImportResultOutputID=5487c97acdc231c230b073fe9e1b16ee DependenciesID=bcda8647513e602a5b30b7fd9186f0db StaticDependenciesID=b77f35bac6d0e2621fd33485bbabbebd 
Number of updated asset objects reloaded before import = 0
Number of asset objects unloaded after import = 0
========================================================================
Received Import Request.
  Time of request: 2026-08-05T18:44:45.0769695Z
  Time since last request: 0.000239 seconds.
  importAddress: GUID: 5e84744b83a8434ab42fa513f9bf00ad - Path: Packages/com.unity.visualscripting/Editor/VisualScripting.Core/Analytics/HotkeyUsageAnalytics.cs - Importer: ScriptedImporter/UnityEditor.QuickSearchModule:UnityEditor.Search:ASIAI0B
Importing 'GUID: 5e84744b83a8434ab42fa513f9bf00ad - Path: Packages/com.unity.visualscripting/Editor/VisualScripting.Core/Analytics/HotkeyUsageAnalytics.cs - Importer: ScriptedImporter/UnityEditor.QuickSearchModule:UnityEditor.Search:ASIAI0B' with importer (ScriptedImporter : UnityEditor.QuickSearchModule:UnityEditor.Search:ASIAI0B)
Imported 'GUID: 5e84744b83a8434ab42fa513f9bf00ad' -> (Import Result ID: '8de3463070e6162096d2bf2e02bd4e68') in 0.002 seconds [static and dynamic dependencies]. Details - ImportResultOutputID=84842468d4641720aa699c6a0ec54869 DependenciesID=8dbbe2981af4ce18971445b984c701f9 StaticDependenciesID=d90b298cbde1a0bf59a414b40c90cf44 
Number of updated asset objects reloaded before import = 0
Number of asset objects unloaded after import = 0
========================================================================
Received Import Request.
  Time of request: 2026-08-05T18:44:45.0869089Z
  Time since last request: 0.0002421 seconds.
  importAddress: GUID: b1eb0e9411d1e4ed880da3147ac22dc8 - Path: Packages/com.unity.visualscripting/Editor/VisualScripting.Core/Analysis/IAnalyser.cs - Importer: ScriptedImporter/UnityEditor.QuickSearchModule:UnityEditor.Search:ASIAI0B
Importing 'GUID: b1eb0e9411d1e4ed880da3147ac22dc8 - Path: Packages/com.unity.visualscripting/Editor/VisualScripting.Core/Analysis/IAnalyser.cs - Importer: ScriptedImporter/UnityEditor.QuickSearchModule:UnityEditor.Search:ASIAI0B' with importer (ScriptedImporter : UnityEditor.QuickSearchModule:UnityEditor.Search:ASIAI0B)
Imported 'GUID: b1eb0e9411d1e4ed880da3147ac22dc8' -> (Import Result ID: '418b9674df2428682474581dd9d8be7d') in 0.002 seconds [static and dynamic dependencies]. Details - ImportResultOutputID=d1eb1938104a3f11ad47719b19420a3b DependenciesID=3730131087ef41f47c66679b731b7671 StaticDependenciesID=d88f92925742364bf24cda11d3861617 
Number of updated asset objects reloaded before import = 0
Number of asset objects unloaded after import = 0
========================================================================
Received Import Request.
  Time of request: 2026-08-05T18:44:45.0969648Z
  Time since last request: 0.00026 seconds.
  importAddress: GUID: b9937e27525304cf483c1c226a66aace - Path: Packages/com.unity.visualscripting/Runtime/VisualScripting.State/StateExitReason.cs - Importer: ScriptedImporter/UnityEditor.QuickSearchModule:UnityEditor.Search:ASIAI0B
Importing 'GUID: b9937e27525304cf483c1c226a66aace - Path: Packages/com.unity.visualscripting/Runtime/VisualScripting.State/StateExitReason.cs - Importer: ScriptedImporter/UnityEditor.QuickSearchModule:UnityEditor.Search:ASIAI0B' with importer (ScriptedImporter : UnityEditor.QuickSearchModule:UnityEditor.Search:ASIAI0B)
Imported 'GUID: b9937e27525304cf483c1c226a66aace' -> (Import Result ID: 'aad0adca9004ff291bc01dd8cc54434d') in 0.002 seconds [static and dynamic dependencies]. Details - ImportResultOutputID=7695a970c15cc1777d7817a73f6de11c DependenciesID=0ca72172e3ebcaafc9a66a38e1690d1d StaticDependenciesID=10fa9484925fdf7902a5d798e037e534 
Number of updated asset objects reloaded before import = 0
Number of asset objects unloaded after import = 0
========================================================================
Received Import Request.
  Time of request: 2026-08-05T18:44:45.1057921Z
  Time since last request: 0.0002933 seconds.
  importAddress: GUID: 94752097317984586845b054debf8837 - Path: Packages/com.unity.visualscripting/Runtime/VisualScripting.State/TriggerStateTransition.cs - Importer: ScriptedImporter/UnityEditor.QuickSearchModule:UnityEditor.Search:ASIAI0B
Importing 'GUID: 94752097317984586845b054debf8837 - Path: Packages/com.unity.visualscripting/Runtime/VisualScripting.State/TriggerStateTransition.cs - Importer: ScriptedImporter/UnityEditor.QuickSearchModule:UnityEditor.Search:ASIAI0B' with importer (ScriptedImporter : UnityEditor.QuickSearchModule:UnityEditor.Search:ASIAI0B)
Imported 'GUID: 94752097317984586845b054debf8837' -> (Import Result ID: '32501ddfbbb7632a7c652ecfbaec7bd7') in 0.003 seconds [static and dynamic dependencies]. Details - ImportResultOutputID=e251d3f88b46f8603d1e6fd304def72a DependenciesID=590527d1fd1a59c24812c27bc9ae8e32 StaticDependenciesID=a13cf76156f9e391f4b6a21e0b4f1484 
Number of updated asset objects reloaded before import = 0
Number of asset objects unloaded after import = 0
========================================================================
Received Import Request.
  Time of request: 2026-08-05T18:44:45.1175269Z
  Time since last request: 0.000235 seconds.
  importAddress: GUID: 1ac0dd11da2f64fc5b55b1b8a1d36b55 - Path: Packages/com.unity.visualscripting/Editor/VisualScripting.Core/Analysis/GraphElementAnalysis.cs - Importer: ScriptedImporter/UnityEditor.QuickSearchModule:UnityEditor.Search:ASIAI0B
Importing 'GUID: 1ac0dd11da2f64fc5b55b1b8a1d36b55 - Path: Packages/com.unity.visualscripting/Editor/VisualScripting.Core/Analysis/GraphElementAnalysis.cs - Importer: ScriptedImporter/UnityEditor.QuickSearchModule:UnityEditor.Search:ASIAI0B' with importer (ScriptedImporter : UnityEditor.QuickSearchModule:UnityEditor.Search:ASIAI0B)
Imported 'GUID: 1ac0dd11da2f64fc5b55b1b8a1d36b55' -> (Import Result ID: '9708cb81d025408e0b87048c37846d97') in 0.003 seconds [static and dynamic dependencies]. Details - ImportResultOutputID=eca68ff616c428d5b4eab2880016dec3 DependenciesID=8421eaff98d625e84cb56f95007366e7 StaticDependenciesID=5dbeaa69ac1465375b201e707401a28c 
Number of updated asset objects reloaded before import = 0
Number of asset objects unloaded after import = 0
========================================================================
Received Import Request.
  Time of request: 2026-08-05T18:44:45.1440992Z
  Time since last request: 0.0162408 seconds.
  importAddress: GUID: c89d16b46444140d3bbbc42881903a35 - Path: Packages/com.unity.visualscripting/Editor/VisualScripting.Core/Context/GraphClipboard.cs - Importer: ScriptedImporter/UnityEditor.QuickSearchModule:UnityEditor.Search:ASIAI0B
Importing 'GUID: c89d16b46444140d3bbbc42881903a35 - Path: Packages/com.unity.visualscripting/Editor/VisualScripting.Core/Context/GraphClipboard.cs - Importer: ScriptedImporter/UnityEditor.QuickSearchModule:UnityEditor.Search:ASIAI0B' with importer (ScriptedImporter : UnityEditor.QuickSearchModule:UnityEditor.Search:ASIAI0B)
Imported 'GUID: c89d16b46444140d3bbbc42881903a35' -> (Import Result ID: '20fb558c6d8efa88421c67b426612ec0') in 0.003 seconds [static and dynamic dependencies]. Details - ImportResultOutputID=ace3520b20ea014852f940452825bd3e DependenciesID=1e6f5d9bb1a7b8aa4ba11e9593a7e8f8 StaticDependenciesID=f84a2fc762b07d9279dc5827b2b416b8 
Number of updated asset objects reloaded before import = 0
Number of asset objects unloaded after import = 0
========================================================================
Received Import Request.
  Time of request: 2026-08-05T18:44:45.1539812Z
  Time since last request: 0.0006787 seconds.
  importAddress: GUID: 0b79aeb16531149669087509de46a7e3 - Path: Packages/com.unity.visualscripting/Editor/VisualScripting.Core/Inspection/EventMachineEditor.cs - Importer: ScriptedImporter/UnityEditor.QuickSearchModule:UnityEditor.Search:ASIAI0B
Importing 'GUID: 0b79aeb16531149669087509de46a7e3 - Path: Packages/com.unity.visualscripting/Editor/VisualScripting.Core/Inspection/EventMachineEditor.cs - Importer: ScriptedImporter/UnityEditor.QuickSearchModule:UnityEditor.Search:ASIAI0B' with importer (ScriptedImporter : UnityEditor.QuickSearchModule:UnityEditor.Search:ASIAI0B)
Imported 'GUID: 0b79aeb16531149669087509de46a7e3' -> (Import Result ID: 'fea15992640761972705e9a8b39d166b') in 0.002 seconds [static and dynamic dependencies]. Details - ImportResultOutputID=a0e3ce7b2eb2c812f103d2a6835f0ea0 DependenciesID=e722da3d4bc2dac230e2ebd975bab75f StaticDependenciesID=a31f24952702efc7f8cc4f642ba28316 
Number of updated asset objects reloaded before import = 0
Number of asset objects unloaded after import = 0
========================================================================
Received Import Request.
  Time of request: 2026-08-05T18:44:45.1649951Z
  Time since last request: 0.0002662 seconds.
  importAddress: GUID: f93906726e074487793f81e4ade933b1 - Path: Packages/com.unity.visualscripting/Editor/VisualScripting.Core/Description/IGraphDescription.cs - Importer: ScriptedImporter/UnityEditor.QuickSearchModule:UnityEditor.Search:ASIAI0B
Importing 'GUID: f93906726e074487793f81e4ade933b1 - Path: Packages/com.unity.visualscripting/Editor/VisualScripting.Core/Description/IGraphDescription.cs - Importer: ScriptedImporter/UnityEditor.QuickSearchModule:UnityEditor.Search:ASIAI0B' with importer (ScriptedImporter : UnityEditor.QuickSearchModule:UnityEditor.Search:ASIAI0B)
Imported 'GUID: f93906726e074487793f81e4ade933b1' -> (Import Result ID: 'a63da53d457610521bf9d6701780769f') in 0.002 seconds [static and dynamic dependencies]. Details - ImportResultOutputID=518c27f42643769203c5fa8c6f143d3c DependenciesID=d5382b34b1b561ca19ba8a44a5046fe7 StaticDependenciesID=30c12cf5732d8f7e118f902e2f318f2a 
Number of updated asset objects reloaded before import = 0
Number of asset objects unloaded after import = 0
========================================================================
Received Import Request.
  Time of request: 2026-08-05T18:44:45.1751968Z
  Time since last request: 0.0001764 seconds.
  importAddress: GUID: 04c5dfd27e4e94db7bcad5ebb579f54d - Path: Packages/com.unity.visualscripting/Editor/VisualScripting.Core/Description/MachineDescriptor.cs - Importer: ScriptedImporter/UnityEditor.QuickSearchModule:UnityEditor.Search:ASIAI0B
Importing 'GUID: 04c5dfd27e4e94db7bcad5ebb579f54d - Path: Packages/com.unity.visualscripting/Editor/VisualScripting.Core/Description/MachineDescriptor.cs - Importer: ScriptedImporter/UnityEditor.QuickSearchModule:UnityEditor.Search:ASIAI0B' with importer (ScriptedImporter : UnityEditor.QuickSearchModule:UnityEditor.Search:ASIAI0B)
Imported 'GUID: 04c5dfd27e4e94db7bcad5ebb579f54d' -> (Import Result ID: '7be276df31e728a7d146d8810ae3366b') in 0.002 seconds [static and dynamic dependencies]. Details - ImportResultOutputID=958bd8a40010bff2b94a6683133d5bf3 DependenciesID=19e9c1cd321ba1d4773f812333901987 StaticDependenciesID=4fe8c2ba57cd4fdafcdddcb3a4399202 
Number of updated asset objects reloaded before import = 0
Number of asset objects unloaded after import = 0
========================================================================
Received Import Request.
  Time of request: 2026-08-05T18:44:45.1842239Z
  Time since last request: 0.0003335 seconds.
  importAddress: GUID: 08046e59dd24c4408b73ca47233ec083 - Path: Packages/com.unity.visualscripting/Editor/VisualScripting.Core/Description/GraphDescriptor.cs - Importer: ScriptedImporter/UnityEditor.QuickSearchModule:UnityEditor.Search:ASIAI0B
Importing 'GUID: 08046e59dd24c4408b73ca47233ec083 - Path: Packages/com.unity.visualscripting/Editor/VisualScripting.Core/Description/GraphDescriptor.cs - Importer: ScriptedImporter/UnityEditor.QuickSearchModule:UnityEditor.Search:ASIAI0B' with importer (ScriptedImporter : UnityEditor.QuickSearchModule:UnityEditor.Search:ASIAI0B)
Imported 'GUID: 08046e59dd24c4408b73ca47233ec083' -> (Import Result ID: 'cefa53e43eb241112e1a82d4aec4802a') in 0.002 seconds [static and dynamic dependencies]. Details - ImportResultOutputID=6fe0001b776951b4311111b3c9bced30 DependenciesID=3342918f2cdfb1b3cf5868ac2b7ec8f9 StaticDependenciesID=764040f796305c2d5bb50a9fdddbe0db 
Number of updated asset objects reloaded before import = 0
Number of asset objects unloaded after import = 0
========================================================================
Received Import Request.
  Time of request: 2026-08-05T18:44:45.1943073Z
  Time since last request: 0.0003029 seconds.
  importAddress: GUID: 2353beb7f92634ac5b080bc12887c8c6 - Path: Packages/com.unity.visualscripting/Editor/VisualScripting.Core/Context/GraphContextExtensionAttribute.cs - Importer: ScriptedImporter/UnityEditor.QuickSearchModule:UnityEditor.Search:ASIAI0B
Importing 'GUID: 2353beb7f92634ac5b080bc12887c8c6 - Path: Packages/com.unity.visualscripting/Editor/VisualScripting.Core/Context/GraphContextExtensionAttribute.cs - Importer: ScriptedImporter/UnityEditor.QuickSearchModule:UnityEditor.Search:ASIAI0B' with importer (ScriptedImporter : UnityEditor.QuickSearchModule:UnityEditor.Search:ASIAI0B)
Imported 'GUID: 2353beb7f92634ac5b080bc12887c8c6' -> (Import Result ID: '0b3bab58dad591e457e61943569923a1') in 0.002 seconds [static and dynamic dependencies]. Details - ImportResultOutputID=84038f25ae84efdbdda8b22041d9acaa DependenciesID=0fbd271de1f702d36f89c2e748d65d01 StaticDependenciesID=74285adc5f7af5232b0f7e743bfb5e67 
Number of updated asset objects reloaded before import = 0
Number of asset objects unloaded after import = 0
========================================================================
Received Import Request.
  Time of request: 2026-08-05T18:44:45.2040065Z
  Time since last request: 0.0002576 seconds.
  importAddress: GUID: ca981340ac4c94929b5263c2e31a0d6c - Path: Packages/com.unity.visualscripting/Editor/VisualScripting.Core/Context/GraphContext.cs - Importer: ScriptedImporter/UnityEditor.QuickSearchModule:UnityEditor.Search:ASIAI0B
Importing 'GUID: ca981340ac4c94929b5263c2e31a0d6c - Path: Packages/com.unity.visualscripting/Editor/VisualScripting.Core/Context/GraphContext.cs - Importer: ScriptedImporter/UnityEditor.QuickSearchModule:UnityEditor.Search:ASIAI0B' with importer (ScriptedImporter : UnityEditor.QuickSearchModule:UnityEditor.Search:ASIAI0B)
Imported 'GUID: ca981340ac4c94929b5263c2e31a0d6c' -> (Import Result ID: '3305fd247279e515377f929db36748f3') in 0.002 seconds [static and dynamic dependencies]. Details - ImportResultOutputID=976abb96c8a4fa12f51f97c59e416304 DependenciesID=b43cd56fd06f7b250adcdfc5b3c3b12b StaticDependenciesID=a6250528b0de940d24e09da1f65c1bde 
Number of updated asset objects reloaded before import = 0
Number of asset objects unloaded after import = 0
========================================================================
Received Import Request.
  Time of request: 2026-08-05T18:44:45.2136546Z
  Time since last request: 0.0002224 seconds.
  importAddress: GUID: f723b77167d184d4a8ab528db8b55744 - Path: Packages/com.unity.visualscripting/Editor/VisualScripting.Core/IconMap/FlowMachine@32x.png - Importer: ScriptedImporter/UnityEditor.QuickSearchModule:UnityEditor.Search:ASIAI0B
Importing 'GUID: f723b77167d184d4a8ab528db8b55744 - Path: Packages/com.unity.visualscripting/Editor/VisualScripting.Core/IconMap/FlowMachine@32x.png - Importer: ScriptedImporter/UnityEditor.QuickSearchModule:UnityEditor.Search:ASIAI0B' with importer (ScriptedImporter : UnityEditor.QuickSearchModule:UnityEditor.Search:ASIAI0B)
Imported 'GUID: f723b77167d184d4a8ab528db8b55744' -> (Import Result ID: '3de874a49e54ccaa1058b80bb0de0aea') in 0.004 seconds [static and dynamic dependencies]. Details - ImportResultOutputID=089c525566bc29211cecf564e9ef30af DependenciesID=6520d55631c369934f97fe17dc6290fd StaticDependenciesID=d5632a960c862f9501dd399bfe4d63ef 
Number of updated asset objects reloaded before import = 0
Number of asset objects unloaded after import = 1
========================================================================
Received Import Request.
  Time of request: 2026-08-05T18:44:45.2257702Z
  Time since last request: 0.0002426 seconds.
  importAddress: GUID: 7410db072789b435f8a57e56fd4bdcea - Path: Packages/com.unity.visualscripting/Editor/VisualScripting.Core/Description/GraphElementDescription.cs - Importer: ScriptedImporter/UnityEditor.QuickSearchModule:UnityEditor.Search:ASIAI0B
Importing 'GUID: 7410db072789b435f8a57e56fd4bdcea - Path: Packages/com.unity.visualscripting/Editor/VisualScripting.Core/Description/GraphElementDescription.cs - Importer: ScriptedImporter/UnityEditor.QuickSearchModule:UnityEditor.Search:ASIAI0B' with importer (ScriptedImporter : UnityEditor.QuickSearchModule:UnityEditor.Search:ASIAI0B)
Imported 'GUID: 7410db072789b435f8a57e56fd4bdcea' -> (Import Result ID: '384994b3ca7ef3f04eac859608974ca8') in 0.002 seconds [static and dynamic dependencies]. Details - ImportResultOutputID=ac3ab1ffa64ec2db258a85d9d709e8eb DependenciesID=73c65d8951601464a30b56e9e107e596 StaticDependenciesID=d527bfc6db049ca1af51c77f8df0d85e 
Number of updated asset objects reloaded before import = 0
Number of asset objects unloaded after import = 0
========================================================================
Received Import Request.
  Time of request: 2026-08-05T18:44:45.2349975Z
  Time since last request: 0.0002053 seconds.
  importAddress: GUID: 69bdd2cb2fe1e4971b4013934b9098d6 - Path: Packages/com.unity.visualscripting/Editor/VisualScripting.Core/Context/IGraphContext.cs - Importer: ScriptedImporter/UnityEditor.QuickSearchModule:UnityEditor.Search:ASIAI0B
Importing 'GUID: 69bdd2cb2fe1e4971b4013934b9098d6 - Path: Packages/com.unity.visualscripting/Editor/VisualScripting.Core/Context/IGraphContext.cs - Importer: ScriptedImporter/UnityEditor.QuickSearchModule:UnityEditor.Search:ASIAI0B' with importer (ScriptedImporter : UnityEditor.QuickSearchModule:UnityEditor.Search:ASIAI0B)
Imported 'GUID: 69bdd2cb2fe1e4971b4013934b9098d6' -> (Import Result ID: '52b2c054db746746d2c19fbfe31bba4a') in 0.002 seconds [static and dynamic dependencies]. Details - ImportResultOutputID=d99f7b70c3df493da73e7684c7be7210 DependenciesID=0d07cd08b024ec68b8eaafdeb0f737c2 StaticDependenciesID=a9409e7b7b3071e94269f34f0c451538 
Number of updated asset objects reloaded before import = 0
Number of asset objects unloaded after import = 0
========================================================================
Received Import Request.
  Time of request: 2026-08-05T18:44:45.2660594Z
  Time since last request: 0.0215335 seconds.
  importAddress: GUID: 8044dc97be3264a6e8ba601a232dfe46 - Path: Packages/com.unity.visualscripting/Editor/VisualScripting.Core/Platforms/EditorPlatformUtility.cs - Importer: ScriptedImporter/UnityEditor.QuickSearchModule:UnityEditor.Search:ASIAI0B
Importing 'GUID: 8044dc97be3264a6e8ba601a232dfe46 - Path: Packages/com.unity.visualscripting/Editor/VisualScripting.Core/Platforms/EditorPlatformUtility.cs - Importer: ScriptedImporter/UnityEditor.QuickSearchModule:UnityEditor.Search:ASIAI0B' with importer (ScriptedImporter : UnityEditor.QuickSearchModule:UnityEditor.Search:ASIAI0B)
Imported 'GUID: 8044dc97be3264a6e8ba601a232dfe46' -> (Import Result ID: 'fe3df47e5b11fce0e824e7cc599a0652') in 0.002 seconds [static and dynamic dependencies]. Details - ImportResultOutputID=cb1b6162f2118d89d0d9ce52cb0f1152 DependenciesID=43eebfabe6f265851006ebd834cd2efa StaticDependenciesID=fc7f7e7a6fe6dcad0077eaa7e40b4c8b 
Number of updated asset objects reloaded before import = 0
Number of asset objects unloaded after import = 0
========================================================================
Received Import Request.
  Time of request: 2026-08-05T18:44:45.2755791Z
  Time since last request: 0.0005702 seconds.
  importAddress: GUID: 6cb6975cf2ff84a8ca24d8fa384d56f4 - Path: Packages/com.unity.visualscripting/Editor/VisualScripting.Core/Plugins/EditorPrefAttribute.cs - Importer: ScriptedImporter/UnityEditor.QuickSearchModule:UnityEditor.Search:ASIAI0B
Importing 'GUID: 6cb6975cf2ff84a8ca24d8fa384d56f4 - Path: Packages/com.unity.visualscripting/Editor/VisualScripting.Core/Plugins/EditorPrefAttribute.cs - Importer: ScriptedImporter/UnityEditor.QuickSearchModule:UnityEditor.Search:ASIAI0B' with importer (ScriptedImporter : UnityEditor.QuickSearchModule:UnityEditor.Search:ASIAI0B)
Imported 'GUID: 6cb6975cf2ff84a8ca24d8fa384d56f4' -> (Import Result ID: '97b7b99965c65f4ac30ead6123ef2ebe') in 0.002 seconds [static and dynamic dependencies]. Details - ImportResultOutputID=c33669eb4f98e3fb59ded27fb4c0007e DependenciesID=8b262c36b4c865d3cdbb3baec1570ef4 StaticDependenciesID=7a901917bed58830a2c224d64eb314a9 
Number of updated asset objects reloaded before import = 0
Number of asset objects unloaded after import = 0
========================================================================
Received Import Request.
  Time of request: 2026-08-05T18:44:45.2848547Z
  Time since last request: 0.0003224 seconds.
  importAddress: GUID: dc12e75ed945a446c8a7caa10c100132 - Path: Packages/com.unity.visualscripting/Editor/VisualScripting.Core/Platforms/AotStubWriterAttribute.cs - Importer: ScriptedImporter/UnityEditor.QuickSearchModule:UnityEditor.Search:ASIAI0B
Importing 'GUID: dc12e75ed945a446c8a7caa10c100132 - Path: Packages/com.unity.visualscripting/Editor/VisualScripting.Core/Platforms/AotStubWriterAttribute.cs - Importer: ScriptedImporter/UnityEditor.QuickSearchModule:UnityEditor.Search:ASIAI0B' with importer (ScriptedImporter : UnityEditor.QuickSearchModule:UnityEditor.Search:ASIAI0B)
Imported 'GUID: dc12e75ed945a446c8a7caa10c100132' -> (Import Result ID: 'b3c62c910f8a910750a5b407685a487a') in 0.003 seconds [static and dynamic dependencies]. Details - ImportResultOutputID=8cbd3a04f19cd04c3ce181a387fce951 DependenciesID=5eaddd022c5bfca995ad9f94c30aed62 StaticDependenciesID=4bfee595aa9420cde91da4e68a54328f 
Number of updated asset objects reloaded before import = 0
Number of asset objects unloaded after import = 0
========================================================================
Received Import Request.
  Time of request: 2026-08-05T18:44:45.2967107Z
  Time since last request: 0.0003835 seconds.
  importAddress: GUID: dcbece4f25a4343eebda49447d5846fe - Path: Packages/com.unity.visualscripting/Editor/VisualScripting.Core/Inspection/IndividualEditor.cs - Importer: ScriptedImporter/UnityEditor.QuickSearchModule:UnityEditor.Search:ASIAI0B
Importing 'GUID: dcbece4f25a4343eebda49447d5846fe - Path: Packages/com.unity.visualscripting/Editor/VisualScripting.Core/Inspection/IndividualEditor.cs - Importer: ScriptedImporter/UnityEditor.QuickSearchModule:UnityEditor.Search:ASIAI0B' with importer (ScriptedImporter : UnityEditor.QuickSearchModule:UnityEditor.Search:ASIAI0B)
Imported 'GUID: dcbece4f25a4343eebda49447d5846fe' -> (Import Result ID: 'f6ef03553a866ce7cfab1914cc8de21d') in 0.002 seconds [static and dynamic dependencies]. Details - ImportResultOutputID=91ce7dcb5f59eecb4757c3d6873948fe DependenciesID=ab770a2671207b8852278a1cdceec59a StaticDependenciesID=89ea7417b53ca2dc5458bbc61e8f3248 
Number of updated asset objects reloaded before import = 0
Number of asset objects unloaded after import = 0
========================================================================
Received Import Request.
  Time of request: 2026-08-05T18:44:45.3058283Z
  Time since last request: 0.0003932 seconds.
  importAddress: GUID: ee5a6c1210a9847cbb627232abfbe9b9 - Path: Packages/com.unity.visualscripting/Editor/VisualScripting.Core/Plugin/NamingSchemePage.cs - Importer: ScriptedImporter/UnityEditor.QuickSearchModule:UnityEditor.Search:ASIAI0B
Importing 'GUID: ee5a6c1210a9847cbb627232abfbe9b9 - Path: Packages/com.unity.visualscripting/Editor/VisualScripting.Core/Plugin/NamingSchemePage.cs - Importer: ScriptedImporter/UnityEditor.QuickSearchModule:UnityEditor.Search:ASIAI0B' with importer (ScriptedImporter : UnityEditor.QuickSearchModule:UnityEditor.Search:ASIAI0B)
Imported 'GUID: ee5a6c1210a9847cbb627232abfbe9b9' -> (Import Result ID: '8b82fcee4cc611151024a33dd8141037') in 0.003 seconds [static and dynamic dependencies]. Details - ImportResultOutputID=e6b8ef99059acf52c2699274abb30245 DependenciesID=08f478bac8c595e4f577cab425f03985 StaticDependenciesID=8cc40317c2163bd9ce0b6b90a323bc21 
Number of updated asset objects reloaded before import = 0
Number of asset objects unloaded after import = 0
========================================================================
Received Import Request.
  Time of request: 2026-08-05T18:44:45.3153941Z
  Time since last request: 0.0003456 seconds.
  importAddress: GUID: 30e424fcdee064eb39ab9c41d5141d88 - Path: Packages/com.unity.visualscripting/Editor/VisualScripting.Core/Platforms/FieldInfoStubWriter.cs - Importer: ScriptedImporter/UnityEditor.QuickSearchModule:UnityEditor.Search:ASIAI0B
Importing 'GUID: 30e424fcdee064eb39ab9c41d5141d88 - Path: Packages/com.unity.visualscripting/Editor/VisualScripting.Core/Platforms/FieldInfoStubWriter.cs - Importer: ScriptedImporter/UnityEditor.QuickSearchModule:UnityEditor.Search:ASIAI0B' with importer (ScriptedImporter : UnityEditor.QuickSearchModule:UnityEditor.Search:ASIAI0B)
Imported 'GUID: 30e424fcdee064eb39ab9c41d5141d88' -> (Import Result ID: '6b15591ba455605239acdab792c12e39') in 0.002 seconds [static and dynamic dependencies]. Details - ImportResultOutputID=09e16c23e373cd130860ad1c0837e5d2 DependenciesID=542314820f584e9b96b3782de2680b13 StaticDependenciesID=2a160aa261540997325cee4ac3e3ae19 
Number of updated asset objects reloaded before import = 0
Number of asset objects unloaded after import = 0
========================================================================
Received Import Request.
  Time of request: 2026-08-05T18:44:45.3254966Z
  Time since last request: 0.0003158 seconds.
  importAddress: GUID: 3c82b1307400344c98ccd9a518a66745 - Path: Packages/com.unity.visualscripting/Editor/VisualScripting.Core/Interface/Edge.cs - Importer: ScriptedImporter/UnityEditor.QuickSearchModule:UnityEditor.Search:ASIAI0B
Importing 'GUID: 3c82b1307400344c98ccd9a518a66745 - Path: Packages/com.unity.visualscripting/Editor/VisualScripting.Core/Interface/Edge.cs - Importer: ScriptedImporter/UnityEditor.QuickSearchModule:UnityEditor.Search:ASIAI0B' with importer (ScriptedImporter : UnityEditor.QuickSearchModule:UnityEditor.Search:ASIAI0B)
Imported 'GUID: 3c82b1307400344c98ccd9a518a66745' -> (Import Result ID: 'c891284fd8008c099aae825bbae3f520') in 0.002 seconds [static and dynamic dependencies]. Details - ImportResultOutputID=12a2b64d4912d25f8cf8dd16cd6477f1 DependenciesID=c7a1a15241315ae58df5a1b220083bc7 StaticDependenciesID=8d55950a6d9c4b6966b658fe2f0c168a 
Number of updated asset objects reloaded before import = 0
Number of asset objects unloaded after import = 0
========================================================================
Received Import Request.
  Time of request: 2026-08-05T18:44:45.336644Z
  Time since last request: 0.0002148 seconds.
  importAddress: GUID: 9b1d7484aab754b898411c8a7cc88ea4 - Path: Packages/com.unity.visualscripting/Editor/VisualScripting.Core/Inspection/InspectorImplementationOrderAttribute.cs - Importer: ScriptedImporter/UnityEditor.QuickSearchModule:UnityEditor.Search:ASIAI0B
Importing 'GUID: 9b1d7484aab754b898411c8a7cc88ea4 - Path: Packages/com.unity.visualscripting/Editor/VisualScripting.Core/Inspection/InspectorImplementationOrderAttribute.cs - Importer: ScriptedImporter/UnityEditor.QuickSearchModule:UnityEditor.Search:ASIAI0B' with importer (ScriptedImporter : UnityEditor.QuickSearchModule:UnityEditor.Search:ASIAI0B)
Imported 'GUID: 9b1d7484aab754b898411c8a7cc88ea4' -> (Import Result ID: '6777250388dc48d2eec9d4b9c0901e6c') in 0.002 seconds [static and dynamic dependencies]. Details - ImportResultOutputID=8a1e10357f9ef9b8a645b38bc9765c0d DependenciesID=dcafaaf024690363069c22a27156e594 StaticDependenciesID=0dd3e789d72237e354f98b5c2ae11293 
Number of updated asset objects reloaded before import = 0
Number of asset objects unloaded after import = 0
========================================================================
Received Import Request.
  Time of request: 2026-08-05T18:44:45.3476853Z
  Time since last request: 0.0003098 seconds.
  importAddress: GUID: 4b750756c927142e8a8977ac83c7361a - Path: Packages/com.unity.visualscripting/Editor/VisualScripting.Core/Interface/LudiqGUI.cs - Importer: ScriptedImporter/UnityEditor.QuickSearchModule:UnityEditor.Search:ASIAI0B
Importing 'GUID: 4b750756c927142e8a8977ac83c7361a - Path: Packages/com.unity.visualscripting/Editor/VisualScripting.Core/Interface/LudiqGUI.cs - Importer: ScriptedImporter/UnityEditor.QuickSearchModule:UnityEditor.Search:ASIAI0B' with importer (ScriptedImporter : UnityEditor.QuickSearchModule:UnityEditor.Search:ASIAI0B)
Imported 'GUID: 4b750756c927142e8a8977ac83c7361a' -> (Import Result ID: '7aa43b1b8490b9e98e7236f4359d19ab') in 0.003 seconds [static and dynamic dependencies]. Details - ImportResultOutputID=7907779ff775fb965c083f14bf51d642 DependenciesID=82f93d3baa139b1acbd4d35701dd7777 StaticDependenciesID=348fa982b63c38dd65aa568437958d4c 
Number of updated asset objects reloaded before import = 0
Number of asset objects unloaded after import = 0
========================================================================
Received Import Request.
  Time of request: 2026-08-05T18:44:45.375696Z
  Time since last request: 0.0176225 seconds.
  importAddress: GUID: 70b85647b34fd47519233279af9ae46c - Path: Packages/com.unity.visualscripting/Editor/VisualScripting.Core/Reflection/Codebase.cs - Importer: ScriptedImporter/UnityEditor.QuickSearchModule:UnityEditor.Search:ASIAI0B
Importing 'GUID: 70b85647b34fd47519233279af9ae46c - Path: Packages/com.unity.visualscripting/Editor/VisualScripting.Core/Reflection/Codebase.cs - Importer: ScriptedImporter/UnityEditor.QuickSearchModule:UnityEditor.Search:ASIAI0B' with importer (ScriptedImporter : UnityEditor.QuickSearchModule:UnityEditor.Search:ASIAI0B)
Imported 'GUID: 70b85647b34fd47519233279af9ae46c' -> (Import Result ID: '22c7df9dc98698c80fae7e7fcf7dbd56') in 0.002 seconds [static and dynamic dependencies]. Details - ImportResultOutputID=511a8830e19f91fe3fdcc7ee824a4446 DependenciesID=e7f603714aace8713a0b1d366a621fab StaticDependenciesID=ef41fcd7f7d2572b377b13fbbdd40425 
Number of updated asset objects reloaded before import = 0
Number of asset objects unloaded after import = 0
========================================================================
Received Import Request.
  Time of request: 2026-08-05T18:44:45.3858124Z
  Time since last request: 0.0007686 seconds.
  importAddress: GUID: 74f2c853a758b4f8389946c50d690e37 - Path: Packages/com.unity.visualscripting/Editor/VisualScripting.Core/ResourceProviders/CreateTextureOptions.cs - Importer: ScriptedImporter/UnityEditor.QuickSearchModule:UnityEditor.Search:ASIAI0B
Importing 'GUID: 74f2c853a758b4f8389946c50d690e37 - Path: Packages/com.unity.visualscripting/Editor/VisualScripting.Core/ResourceProviders/CreateTextureOptions.cs - Importer: ScriptedImporter/UnityEditor.QuickSearchModule:UnityEditor.Search:ASIAI0B' with importer (ScriptedImporter : UnityEditor.QuickSearchModule:UnityEditor.Search:ASIAI0B)
Imported 'GUID: 74f2c853a758b4f8389946c50d690e37' -> (Import Result ID: 'beff56cf5e73cd7d116d27ee38f9db42') in 0.003 seconds [static and dynamic dependencies]. Details - ImportResultOutputID=387a648aee260534085cc4c42c0a6eb6 DependenciesID=d06db50bed8dd405c9a6a48e23fd7468 StaticDependenciesID=e232a923183fec7f8c2b11a58d317a5b 
Number of updated asset objects reloaded before import = 0
Number of asset objects unloaded after import = 0
========================================================================
Received Import Request.
  Time of request: 2026-08-05T18:44:45.3962427Z
  Time since last request: 0.0001569 seconds.
  importAddress: GUID: c839b1e72d19046a4b955abf6e051740 - Path: Packages/com.unity.visualscripting/Editor/VisualScripting.Core/Plugins/PluginModuleDependencyAttribute.cs - Importer: ScriptedImporter/UnityEditor.QuickSearchModule:UnityEditor.Search:ASIAI0B
Importing 'GUID: c839b1e72d19046a4b955abf6e051740 - Path: Packages/com.unity.visualscripting/Editor/VisualScripting.Core/Plugins/PluginModuleDependencyAttribute.cs - Importer: ScriptedImporter/UnityEditor.QuickSearchModule:UnityEditor.Search:ASIAI0B' with importer (ScriptedImporter : UnityEditor.QuickSearchModule:UnityEditor.Search:ASIAI0B)
Imported 'GUID: c839b1e72d19046a4b955abf6e051740' -> (Import Result ID: 'd363638827c3f692ca25cee60453a5a7') in 0.002 seconds [static and dynamic dependencies]. Details - ImportResultOutputID=1835256458afc0dbe7e4ca49a51b3753 DependenciesID=3bd8ea644a6b686c53b927647a538b06 StaticDependenciesID=28e483144764fba0724a6949371226a6 
Number of updated asset objects reloaded before import = 0
Number of asset objects unloaded after import = 0
========================================================================
Received Import Request.
  Time of request: 2026-08-05T18:44:45.4069658Z
  Time since last request: 0.0002156 seconds.
  importAddress: GUID: 710ead06414b94d41bc48ae70c78e052 - Path: Packages/com.unity.visualscripting/Editor/VisualScripting.Core/Plugins/PluginModuleAttribute.cs - Importer: ScriptedImporter/UnityEditor.QuickSearchModule:UnityEditor.Search:ASIAI0B
Importing 'GUID: 710ead06414b94d41bc48ae70c78e052 - Path: Packages/com.unity.visualscripting/Editor/VisualScripting.Core/Plugins/PluginModuleAttribute.cs - Importer: ScriptedImporter/UnityEditor.QuickSearchModule:UnityEditor.Search:ASIAI0B' with importer (ScriptedImporter : UnityEditor.QuickSearchModule:UnityEditor.Search:ASIAI0B)
Imported 'GUID: 710ead06414b94d41bc48ae70c78e052' -> (Import Result ID: '2811b64d8b73f16c4ca9f39234e9de5b') in 0.002 seconds [static and dynamic dependencies]. Details - ImportResultOutputID=fb81dca376f045b605cb854b3d6ccab3 DependenciesID=4baaf4069a9d3db2811703d3b68128b4 StaticDependenciesID=d55307c0328b27e7f6f25f17a1b1a2d1 
Number of updated asset objects reloaded before import = 0
Number of asset objects unloaded after import = 0
========================================================================
Received Import Request.
  Time of request: 2026-08-05T18:44:45.4174616Z
  Time since last request: 0.0003325 seconds.
  importAddress: GUID: 1e02b1481079d4cb19c4662c04961330 - Path: Packages/com.unity.visualscripting/Editor/VisualScripting.Core/Plugins/ProjectSettingAttribute.cs - Importer: ScriptedImporter/UnityEditor.QuickSearchModule:UnityEditor.Search:ASIAI0B
Importing 'GUID: 1e02b1481079d4cb19c4662c04961330 - Path: Packages/com.unity.visualscripting/Editor/VisualScripting.Core/Plugins/ProjectSettingAttribute.cs - Importer: ScriptedImporter/UnityEditor.QuickSearchModule:UnityEditor.Search:ASIAI0B' with importer (ScriptedImporter : UnityEditor.QuickSearchModule:UnityEditor.Search:ASIAI0B)
Imported 'GUID: 1e02b1481079d4cb19c4662c04961330' -> (Import Result ID: '5f6298a8f293a2f593a500dddedefb80') in 0.003 seconds [static and dynamic dependencies]. Details - ImportResultOutputID=74145c1534e04a5df782e55b18a44832 DependenciesID=4efc81c8069474165e7bcbe3d87666fb StaticDependenciesID=8e1676807f17245be69bb550e691522d 
Number of updated asset objects reloaded before import = 0
Number of asset objects unloaded after import = 0
========================================================================
Received Import Request.
  Time of request: 2026-08-05T18:44:45.4291852Z
  Time since last request: 0.0001782 seconds.
  importAddress: GUID: b36dae2ecc3ef413ab42c5e298c2d783 - Path: Packages/com.unity.visualscripting/Editor/VisualScripting.Core/ResourceProviders/AssemblyResourceProvider.cs - Importer: ScriptedImporter/UnityEditor.QuickSearchModule:UnityEditor.Search:ASIAI0B
Importing 'GUID: b36dae2ecc3ef413ab42c5e298c2d783 - Path: Packages/com.unity.visualscripting/Editor/VisualScripting.Core/ResourceProviders/AssemblyResourceProvider.cs - Importer: ScriptedImporter/UnityEditor.QuickSearchModule:UnityEditor.Search:ASIAI0B' with importer (ScriptedImporter : UnityEditor.QuickSearchModule:UnityEditor.Search:ASIAI0B)
Imported 'GUID: b36dae2ecc3ef413ab42c5e298c2d783' -> (Import Result ID: 'fcc6761cba905606cbcd0238316058bc') in 0.002 seconds [static and dynamic dependencies]. Details - ImportResultOutputID=b06b030ee89a2e3d5de3578915f3f66b DependenciesID=8ff63a0951178d3267c93145db75d9a3 StaticDependenciesID=4f5a67c436b7440f24a188dbdaa486bd 
Number of updated asset objects reloaded before import = 0
Number of asset objects unloaded after import = 0
========================================================================
Received Import Request.
  Time of request: 2026-08-05T18:44:45.4396434Z
  Time since last request: 0.0002434 seconds.
  importAddress: GUID: d827d55b7ad8e4381949472e81ad55a4 - Path: Packages/com.unity.visualscripting/Editor/VisualScripting.Core/Reflection/LooseAssemblyNameOption.cs - Importer: ScriptedImporter/UnityEditor.QuickSearchModule:UnityEditor.Search:ASIAI0B
Importing 'GUID: d827d55b7ad8e4381949472e81ad55a4 - Path: Packages/com.unity.visualscripting/Editor/VisualScripting.Core/Reflection/LooseAssemblyNameOption.cs - Importer: ScriptedImporter/UnityEditor.QuickSearchModule:UnityEditor.Search:ASIAI0B' with importer (ScriptedImporter : UnityEditor.QuickSearchModule:UnityEditor.Search:ASIAI0B)
Imported 'GUID: d827d55b7ad8e4381949472e81ad55a4' -> (Import Result ID: '2342d09450d425e8c970b5f0abe6fcee') in 0.002 seconds [static and dynamic dependencies]. Details - ImportResultOutputID=4dd6ecd6e1c39b95975f127313ff9369 DependenciesID=d6344ea89e5a9c00845bfd7249279ec5 StaticDependenciesID=2471a12b6eed9416e80c3287b4e50430 
Number of updated asset objects reloaded before import = 0
Number of asset objects unloaded after import = 0
========================================================================
Received Import Request.
  Time of request: 2026-08-05T18:44:45.4510304Z
  Time since last request: 0.000329 seconds.
  importAddress: GUID: 7e75690ae4464491ba4b599cd9fc1c4b - Path: Packages/com.unity.visualscripting/Editor/VisualScripting.Core/Utilities/EditorApplicationUtility.cs - Importer: ScriptedImporter/UnityEditor.QuickSearchModule:UnityEditor.Search:ASIAI0B
Importing 'GUID: 7e75690ae4464491ba4b599cd9fc1c4b - Path: Packages/com.unity.visualscripting/Editor/VisualScripting.Core/Utilities/EditorApplicationUtility.cs - Importer: ScriptedImporter/UnityEditor.QuickSearchModule:UnityEditor.Search:ASIAI0B' with importer (ScriptedImporter : UnityEditor.QuickSearchModule:UnityEditor.Search:ASIAI0B)
Imported 'GUID: 7e75690ae4464491ba4b599cd9fc1c4b' -> (Import Result ID: 'e60db72937b0d62d1cc5d80880eaa016') in 0.003 seconds [static and dynamic dependencies]. Details - ImportResultOutputID=95fc4d8895f8b69d91c855967470542b DependenciesID=cfd986955202a6800c685889f725d2ad StaticDependenciesID=33b4c1618dc6acaa1cc8ad76a073f17e 
Number of updated asset objects reloaded before import = 0
Number of asset objects unloaded after import = 0
========================================================================
Received Import Request.
  Time of request: 2026-08-05T18:44:45.4626345Z
  Time since last request: 0.0002375 seconds.
  importAddress: GUID: 30afe544a75504d709c5ee91062345a1 - Path: Packages/com.unity.visualscripting/Editor/VisualScripting.Core/Products/ProductAttribute.cs - Importer: ScriptedImporter/UnityEditor.QuickSearchModule:UnityEditor.Search:ASIAI0B
Importing 'GUID: 30afe544a75504d709c5ee91062345a1 - Path: Packages/com.unity.visualscripting/Editor/VisualScripting.Core/Products/ProductAttribute.cs - Importer: ScriptedImporter/UnityEditor.QuickSearchModule:UnityEditor.Search:ASIAI0B' with importer (ScriptedImporter : UnityEditor.QuickSearchModule:UnityEditor.Search:ASIAI0B)
Imported 'GUID: 30afe544a75504d709c5ee91062345a1' -> (Import Result ID: 'e215f50eef97aaa53980280916dd2d47') in 0.002 seconds [static and dynamic dependencies]. Details - ImportResultOutputID=87490e742f50ee924cf342cab4e6e952 DependenciesID=776ffb87c8a25c3be9ff00619c2161bd StaticDependenciesID=ee7efc881196107019b3e43518968bdd 
Number of updated asset objects reloaded before import = 0
Number of asset objects unloaded after import = 0
========================================================================
Received Import Request.
  Time of request: 2026-08-05T18:44:45.4900481Z
  Time since last request: 0.0188377 seconds.
  importAddress: GUID: 33cd476471f734ebc99e2c006a65ce91 - Path: Packages/com.unity.visualscripting/Editor/VisualScripting.Core/Variables/VariablesPanel.cs - Importer: ScriptedImporter/UnityEditor.QuickSearchModule:UnityEditor.Search:ASIAI0B
Importing 'GUID: 33cd476471f734ebc99e2c006a65ce91 - Path: Packages/com.unity.visualscripting/Editor/VisualScripting.Core/Variables/VariablesPanel.cs - Importer: ScriptedImporter/UnityEditor.QuickSearchModule:UnityEditor.Search:ASIAI0B' with importer (ScriptedImporter : UnityEditor.QuickSearchModule:UnityEditor.Search:ASIAI0B)
Imported 'GUID: 33cd476471f734ebc99e2c006a65ce91' -> (Import Result ID: 'f40145eb1d032fe8d2d8d32c64f794e5') in 0.002 seconds [static and dynamic dependencies]. Details - ImportResultOutputID=8d88da9376d4daec54b16c4de1fb4d25 DependenciesID=defbc31182683f450682d7f5cce34436 StaticDependenciesID=4c9f5289d61618a5200cd20ab22ebec1 
Number of updated asset objects reloaded before import = 0
Number of asset objects unloaded after import = 0
========================================================================
Received Import Request.
  Time of request: 2026-08-05T18:44:45.5020515Z
  Time since last request: 0.0002699 seconds.
  importAddress: GUID: 904096dd6e1a34e8f998b4aff2c7bbf1 - Path: Packages/com.unity.visualscripting/Editor/VisualScripting.Core/Windows/WindowClose.cs - Importer: ScriptedImporter/UnityEditor.QuickSearchModule:UnityEditor.Search:ASIAI0B
Importing 'GUID: 904096dd6e1a34e8f998b4aff2c7bbf1 - Path: Packages/com.unity.visualscripting/Editor/VisualScripting.Core/Windows/WindowClose.cs - Importer: ScriptedImporter/UnityEditor.QuickSearchModule:UnityEditor.Search:ASIAI0B' with importer (ScriptedImporter : UnityEditor.QuickSearchModule:UnityEditor.Search:ASIAI0B)
Imported 'GUID: 904096dd6e1a34e8f998b4aff2c7bbf1' -> (Import Result ID: '157cecdb88614d69fdbbf012e386ffe3') in 0.002 seconds [static and dynamic dependencies]. Details - ImportResultOutputID=0dd1874c73b272a13ea7a70189752f54 DependenciesID=405fd863845a405386f810d0bdda9d62 StaticDependenciesID=7b55b776e8bf767ca70016aaed2058fb 
Number of updated asset objects reloaded before import = 0
Number of asset objects unloaded after import = 0
========================================================================
Received Import Request.
  Time of request: 2026-08-05T18:44:45.5140689Z
  Time since last request: 0.0002189 seconds.
  importAddress: GUID: 4a6d9ebe72d701944afc5cea4248880a - Path: Packages/com.unity.visualscripting/Editor/VisualScripting.Core/Utilities/ScriptUtility.cs - Importer: ScriptedImporter/UnityEditor.QuickSearchModule:UnityEditor.Search:ASIAI0B
Importing 'GUID: 4a6d9ebe72d701944afc5cea4248880a - Path: Packages/com.unity.visualscripting/Editor/VisualScripting.Core/Utilities/ScriptUtility.cs - Importer: ScriptedImporter/UnityEditor.QuickSearchModule:UnityEditor.Search:ASIAI0B' with importer (ScriptedImporter : UnityEditor.QuickSearchModule:UnityEditor.Search:ASIAI0B)
Imported 'GUID: 4a6d9ebe72d701944afc5cea4248880a' -> (Import Result ID: 'e528a5f4ab5145533efb8c74b3c12b7e') in 0.002 seconds [static and dynamic dependencies]. Details - ImportResultOutputID=b8df9fefd777bd84f6bb62e0df9fb294 DependenciesID=572d507883b7b84e76acffd95dcc6cd4 StaticDependenciesID=98f081771742a95905d7fd644dc81276 
Number of updated asset objects reloaded before import = 0
Number of asset objects unloaded after import = 0
========================================================================
Received Import Request.
  Time of request: 2026-08-05T18:44:45.5236896Z
  Time since last request: 0.0002291 seconds.
  importAddress: GUID: 4deba91afdf784ad39d54372fbd81bad - Path: Packages/com.unity.visualscripting/Editor/VisualScripting.Core/Utilities/Warning.cs - Importer: ScriptedImporter/UnityEditor.QuickSearchModule:UnityEditor.Search:ASIAI0B
Importing 'GUID: 4deba91afdf784ad39d54372fbd81bad - Path: Packages/com.unity.visualscripting/Editor/VisualScripting.Core/Utilities/Warning.cs - Importer: ScriptedImporter/UnityEditor.QuickSearchModule:UnityEditor.Search:ASIAI0B' with importer (ScriptedImporter : UnityEditor.QuickSearchModule:UnityEditor.Search:ASIAI0B)
Imported 'GUID: 4deba91afdf784ad39d54372fbd81bad' -> (Import Result ID: 'b5a30ad123362160277ab4ff09553ea9') in 0.002 seconds [static and dynamic dependencies]. Details - ImportResultOutputID=7965b41d938296654d7b0463754dbe08 DependenciesID=5d49570cf6a851ff6a331f61c58a5b49 StaticDependenciesID=055184d86c5bbaeff7ee5832a1dd3dd6 
Number of updated asset objects reloaded before import = 0
Number of asset objects unloaded after import = 0
========================================================================
Received Import Request.
  Time of request: 2026-08-05T18:44:45.5345007Z
  Time since last request: 0.0004137 seconds.
  importAddress: GUID: eaf45340dd5ff4caeaa025a033708354 - Path: Packages/com.unity.visualscripting/Editor/VisualScripting.Core/Utilities/UndoUtility.cs - Importer: ScriptedImporter/UnityEditor.QuickSearchModule:UnityEditor.Search:ASIAI0B
Importing 'GUID: eaf45340dd5ff4caeaa025a033708354 - Path: Packages/com.unity.visualscripting/Editor/VisualScripting.Core/Utilities/UndoUtility.cs - Importer: ScriptedImporter/UnityEditor.QuickSearchModule:UnityEditor.Search:ASIAI0B' with importer (ScriptedImporter : UnityEditor.QuickSearchModule:UnityEditor.Search:ASIAI0B)
Imported 'GUID: eaf45340dd5ff4caeaa025a033708354' -> (Import Result ID: 'dd99552a95343aa08de99890235f9687') in 0.003 seconds [static and dynamic dependencies]. Details - ImportResultOutputID=eba3bf97bb5604ab88123ae6ad268a6e DependenciesID=e909a941084fa5d0fd1abeb6232a7330 StaticDependenciesID=8c28bae9bc0f3310b972b349c9821705 
Number of updated asset objects reloaded before import = 0
Number of asset objects unloaded after import = 0
========================================================================
Received Import Request.
  Time of request: 2026-08-05T18:44:45.5450536Z
  Time since last request: 0.0002514 seconds.
  importAddress: GUID: efa956a87d6a74c3e9b8e36e2350d140 - Path: Packages/com.unity.visualscripting/Editor/VisualScripting.Core/Utilities/LudiqEditorUtility.cs - Importer: ScriptedImporter/UnityEditor.QuickSearchModule:UnityEditor.Search:ASIAI0B
Importing 'GUID: efa956a87d6a74c3e9b8e36e2350d140 - Path: Packages/com.unity.visualscripting/Editor/VisualScripting.Core/Utilities/LudiqEditorUtility.cs - Importer: ScriptedImporter/UnityEditor.QuickSearchModule:UnityEditor.Search:ASIAI0B' with importer (ScriptedImporter : UnityEditor.QuickSearchModule:UnityEditor.Search:ASIAI0B)
Imported 'GUID: efa956a87d6a74c3e9b8e36e2350d140' -> (Import Result ID: '5e7dfc79a44e8be1ec7d1852d45544ab') in 0.002 seconds [static and dynamic dependencies]. Details - ImportResultOutputID=cc8ebfa2c64fe98bd692715d5e5a4987 DependenciesID=1e55b108b819dbbb78b238d879e1ac00 StaticDependenciesID=dee72d4263f4c42904f841c1a7df2eb1 
Number of updated asset objects reloaded before import = 0
Number of asset objects unloaded after import = 0
========================================================================
Received Import Request.
  Time of request: 2026-08-05T18:44:45.5569295Z
  Time since last request: 0.0003918 seconds.
  importAddress: GUID: 77929a85e47b040f98305209898d8e05 - Path: Packages/com.unity.visualscripting/Editor/VisualScripting.Core/Windows/WebWindow.cs - Importer: ScriptedImporter/UnityEditor.QuickSearchModule:UnityEditor.Search:ASIAI0B
Importing 'GUID: 77929a85e47b040f98305209898d8e05 - Path: Packages/com.unity.visualscripting/Editor/VisualScripting.Core/Windows/WebWindow.cs - Importer: ScriptedImporter/UnityEditor.QuickSearchModule:UnityEditor.Search:ASIAI0B' with importer (ScriptedImporter : UnityEditor.QuickSearchModule:UnityEditor.Search:ASIAI0B)
Imported 'GUID: 77929a85e47b040f98305209898d8e05' -> (Import Result ID: '836e2587771477b1d6c9569d1feed879') in 0.002 seconds [static and dynamic dependencies]. Details - ImportResultOutputID=5597fa28c0f71ba3562f9f8500a21bd9 DependenciesID=aca6f7ef149b1c88a3276220bdc6fbe0 StaticDependenciesID=59ae826908e1f76fc347190a57fc6635 
Number of updated asset objects reloaded before import = 0
Number of asset objects unloaded after import = 0
========================================================================
Received Import Request.
  Time of request: 2026-08-05T18:44:45.5791701Z
  Time since last request: 0.0126159 seconds.
  importAddress: GUID: 7f42d0d167a7f4de598875889223bdd6 - Path: Packages/com.unity.visualscripting/Editor/VisualScripting.Core/Variables/VariablesAssetEditor.cs - Importer: ScriptedImporter/UnityEditor.QuickSearchModule:UnityEditor.Search:ASIAI0B
Importing 'GUID: 7f42d0d167a7f4de598875889223bdd6 - Path: Packages/com.unity.visualscripting/Editor/VisualScripting.Core/Variables/VariablesAssetEditor.cs - Importer: ScriptedImporter/UnityEditor.QuickSearchModule:UnityEditor.Search:ASIAI0B' with importer (ScriptedImporter : UnityEditor.QuickSearchModule:UnityEditor.Search:ASIAI0B)
Imported 'GUID: 7f42d0d167a7f4de598875889223bdd6' -> (Import Result ID: 'b9d3c25bbf9f0f53a415fe13bbf0242b') in 0.002 seconds [static and dynamic dependencies]. Details - ImportResultOutputID=87ea3fdaa4684712edc4ce4f7bd34bd0 DependenciesID=82be942d4d4a6cebe0667fae8612ac09 StaticDependenciesID=87d31370f9cf9d78306e437d1376ab04 
Number of updated asset objects reloaded before import = 0
Number of asset objects unloaded after import = 0
========================================================================
Received Import Request.
  Time of request: 2026-08-05T18:44:45.588423Z
  Time since last request: 0.0004768 seconds.
  importAddress: GUID: 126c86684d04b4a04a339a951dbadc2c - Path: Packages/com.unity.visualscripting/Editor/VisualScripting.Core/Windows/ICanvasWindow.cs - Importer: ScriptedImporter/UnityEditor.QuickSearchModule:UnityEditor.Search:ASIAI0B
Importing 'GUID: 126c86684d04b4a04a339a951dbadc2c - Path: Packages/com.unity.visualscripting/Editor/VisualScripting.Core/Windows/ICanvasWindow.cs - Importer: ScriptedImporter/UnityEditor.QuickSearchModule:UnityEditor.Search:ASIAI0B' with importer (ScriptedImporter : UnityEditor.QuickSearchModule:UnityEditor.Search:ASIAI0B)
Imported 'GUID: 126c86684d04b4a04a339a951dbadc2c' -> (Import Result ID: '3c186a1e392ec0aa7c5b990ca29f79fe') in 0.002 seconds [static and dynamic dependencies]. Details - ImportResultOutputID=e740040583190946faeb791e1f28c796 DependenciesID=2917235d5a6d33bddb208ad33cd6f883 StaticDependenciesID=0b916143f53c6ec4544b4a386b96c005 
Number of updated asset objects reloaded before import = 0
Number of asset objects unloaded after import = 0
========================================================================
Received Import Request.
  Time of request: 2026-08-05T18:44:45.6210348Z
  Time since last request: 0.0221245 seconds.
  importAddress: GUID: f8e71549dfa4c490293edb249f48fccb - Path: Packages/com.unity.visualscripting/Editor/VisualScripting.Flow/Ports/UnitOutputPortWidget.cs - Importer: ScriptedImporter/UnityEditor.QuickSearchModule:UnityEditor.Search:ASIAI0B
Importing 'GUID: f8e71549dfa4c490293edb249f48fccb - Path: Packages/com.unity.visualscripting/Editor/VisualScripting.Flow/Ports/UnitOutputPortWidget.cs - Importer: ScriptedImporter/UnityEditor.QuickSearchModule:UnityEditor.Search:ASIAI0B' with importer (ScriptedImporter : UnityEditor.QuickSearchModule:UnityEditor.Search:ASIAI0B)
Imported 'GUID: f8e71549dfa4c490293edb249f48fccb' -> (Import Result ID: '2e20a6ce5fd659db5e3b42b914f79e3f') in 0.003 seconds [static and dynamic dependencies]. Details - ImportResultOutputID=5ee121583937f8406f5ba7bb8e795412 DependenciesID=ea72fb9a5bbd910357b11cd79ec7a6c2 StaticDependenciesID=2a4d28e87a98464b426444e502558652 
Number of updated asset objects reloaded before import = 0
Number of asset objects unloaded after import = 0
========================================================================
Received Import Request.
  Time of request: 2026-08-05T18:44:45.6311995Z
  Time since last request: 0.0007551 seconds.
  importAddress: GUID: 32950f866b53a45b7b44696721d28303 - Path: Packages/com.unity.visualscripting/Editor/VisualScripting.State/Flow/UnitBaseStateExtensions.cs - Importer: ScriptedImporter/UnityEditor.QuickSearchModule:UnityEditor.Search:ASIAI0B
Importing 'GUID: 32950f866b53a45b7b44696721d28303 - Path: Packages/com.unity.visualscripting/Editor/VisualScripting.State/Flow/UnitBaseStateExtensions.cs - Importer: ScriptedImporter/UnityEditor.QuickSearchModule:UnityEditor.Search:ASIAI0B' with importer (ScriptedImporter : UnityEditor.QuickSearchModule:UnityEditor.Search:ASIAI0B)
Imported 'GUID: 32950f866b53a45b7b44696721d28303' -> (Import Result ID: '41976c480f0d12805ee1d4f0c5eaa409') in 0.010 seconds [static and dynamic dependencies]. Details - ImportResultOutputID=192f8e114bc82d22bff84dd74d9bf9e1 DependenciesID=7f5db73738f6626e50720ddc8f7919ec StaticDependenciesID=2270117b0152a152819fd830e246981b 
Number of updated asset objects reloaded before import = 0
Number of asset objects unloaded after import = 0
========================================================================
Received Import Request.
  Time of request: 2026-08-05T18:44:45.6503345Z
  Time since last request: 0.000793 seconds.
  importAddress: GUID: b04c1e280ff6e45de9c1ee0c405a5711 - Path: Packages/com.unity.visualscripting/Editor/VisualScripting.State/Description/StateMachineDescriptor.cs - Importer: ScriptedImporter/UnityEditor.QuickSearchModule:UnityEditor.Search:ASIAI0B
Importing 'GUID: b04c1e280ff6e45de9c1ee0c405a5711 - Path: Packages/com.unity.visualscripting/Editor/VisualScripting.State/Description/StateMachineDescriptor.cs - Importer: ScriptedImporter/UnityEditor.QuickSearchModule:UnityEditor.Search:ASIAI0B' with importer (ScriptedImporter : UnityEditor.QuickSearchModule:UnityEditor.Search:ASIAI0B)
Imported 'GUID: b04c1e280ff6e45de9c1ee0c405a5711' -> (Import Result ID: '5cbd6aeec0a74934803442f9fc1abcc9') in 0.002 seconds [static and dynamic dependencies]. Details - ImportResultOutputID=8808c6b65f601289b0569b6c10bb9eff DependenciesID=ec149c0ca60333d58b3ecde9ced43e90 StaticDependenciesID=c47315d21a20cf51438a1ba91dcaf8e9 
Number of updated asset objects reloaded before import = 0
Number of asset objects unloaded after import = 0
========================================================================
Received Import Request.
  Time of request: 2026-08-05T18:44:45.6600759Z
  Time since last request: 0.0006641 seconds.
  importAddress: GUID: 5f22a86a3605947029c82ebdf322c9f2 - Path: Packages/com.unity.visualscripting/Editor/VisualScripting.Flow/Options/UnitOptionFilter.cs - Importer: ScriptedImporter/UnityEditor.QuickSearchModule:UnityEditor.Search:ASIAI0B
Importing 'GUID: 5f22a86a3605947029c82ebdf322c9f2 - Path: Packages/com.unity.visualscripting/Editor/VisualScripting.Flow/Options/UnitOptionFilter.cs - Importer: ScriptedImporter/UnityEditor.QuickSearchModule:UnityEditor.Search:ASIAI0B' with importer (ScriptedImporter : UnityEditor.QuickSearchModule:UnityEditor.Search:ASIAI0B)
Imported 'GUID: 5f22a86a3605947029c82ebdf322c9f2' -> (Import Result ID: '8b5cef5698572d77baf5de6289e57831') in 0.002 seconds [static and dynamic dependencies]. Details - ImportResultOutputID=50bb485f3b8be20aa816800bee420ad0 DependenciesID=bd16ff4315c7f6f32fcad408674dfd6e StaticDependenciesID=c3104cd0dbc432d45d62da89f20ae8ca 
Number of updated asset objects reloaded before import = 0
Number of asset objects unloaded after import = 0
========================================================================
Received Import Request.
  Time of request: 2026-08-05T18:44:45.6710114Z
  Time since last request: 0.0003825 seconds.
  importAddress: GUID: 4c90d0005ae1847a3a4d1c83f45c0ffe - Path: Packages/com.unity.visualscripting/Editor/VisualScripting.Flow/Units/UnitEditor.cs - Importer: ScriptedImporter/UnityEditor.QuickSearchModule:UnityEditor.Search:ASIAI0B
Importing 'GUID: 4c90d0005ae1847a3a4d1c83f45c0ffe - Path: Packages/com.unity.visualscripting/Editor/VisualScripting.Flow/Units/UnitEditor.cs - Importer: ScriptedImporter/UnityEditor.QuickSearchModule:UnityEditor.Search:ASIAI0B' with importer (ScriptedImporter : UnityEditor.QuickSearchModule:UnityEditor.Search:ASIAI0B)
Imported 'GUID: 4c90d0005ae1847a3a4d1c83f45c0ffe' -> (Import Result ID: '0cbbbe0c5cffdab673b507cb762fa395') in 0.002 seconds [static and dynamic dependencies]. Details - ImportResultOutputID=bfa99490ce55f3ef78c18c16155ccd0d DependenciesID=f56a3a89404a6bacf58feab84b028241 StaticDependenciesID=3b20f5471c7a9982bee0b78bc040d05c 
Number of updated asset objects reloaded before import = 0
Number of asset objects unloaded after import = 0
========================================================================
Received Import Request.
  Time of request: 2026-08-05T18:44:45.6815905Z
  Time since last request: 0.0002661 seconds.
  importAddress: GUID: fd6fd6310ecb2405fae7d988941661de - Path: Packages/com.unity.visualscripting/Editor/VisualScripting.Flow/Options/IUnitOption.cs - Importer: ScriptedImporter/UnityEditor.QuickSearchModule:UnityEditor.Search:ASIAI0B
Importing 'GUID: fd6fd6310ecb2405fae7d988941661de - Path: Packages/com.unity.visualscripting/Editor/VisualScripting.Flow/Options/IUnitOption.cs - Importer: ScriptedImporter/UnityEditor.QuickSearchModule:UnityEditor.Search:ASIAI0B' with importer (ScriptedImporter : UnityEditor.QuickSearchModule:UnityEditor.Search:ASIAI0B)
Imported 'GUID: fd6fd6310ecb2405fae7d988941661de' -> (Import Result ID: 'a9f665b35c17aab38b42868adcc7cd06') in 0.002 seconds [static and dynamic dependencies]. Details - ImportResultOutputID=c4d6fd7e81e2fce923f1957893f4ab25 DependenciesID=b0be68235c7b2a5de73a926b8c92b99a StaticDependenciesID=dae1d3d46f9761931a6bc7224edd0be2 
Number of updated asset objects reloaded before import = 0
Number of asset objects unloaded after import = 0
========================================================================
Received Import Request.
  Time of request: 2026-08-05T18:44:45.6910587Z
  Time since last request: 0.0003159 seconds.
  importAddress: GUID: 2c1bdc9069f004a5f96a18d68a450d49 - Path: Packages/com.unity.visualscripting/Editor/VisualScripting.Flow/Description/UnitAnalysis.cs - Importer: ScriptedImporter/UnityEditor.QuickSearchModule:UnityEditor.Search:ASIAI0B
Importing 'GUID: 2c1bdc9069f004a5f96a18d68a450d49 - Path: Packages/com.unity.visualscripting/Editor/VisualScripting.Flow/Description/UnitAnalysis.cs - Importer: ScriptedImporter/UnityEditor.QuickSearchModule:UnityEditor.Search:ASIAI0B' with importer (ScriptedImporter : UnityEditor.QuickSearchModule:UnityEditor.Search:ASIAI0B)
Imported 'GUID: 2c1bdc9069f004a5f96a18d68a450d49' -> (Import Result ID: '28eddfe9ae76ccc48ded8640f07d2cbd') in 0.002 seconds [static and dynamic dependencies]. Details - ImportResultOutputID=da56165e6919980f003a31a7b91d6dbc DependenciesID=39a0e576f471421548f6304b2ecb5513 StaticDependenciesID=55c0cf6789ad82e9dc2f8d98f1d592fb 
Number of updated asset objects reloaded before import = 0
Number of asset objects unloaded after import = 0
========================================================================
Received Import Request.
  Time of request: 2026-08-05T18:44:45.7027405Z
  Time since last request: 0.000527 seconds.
  importAddress: GUID: 046d84976aadf4fa58001515d8167521 - Path: Packages/com.unity.visualscripting/Editor/VisualScripting.Flow/Description/UnitDescription.cs - Importer: ScriptedImporter/UnityEditor.QuickSearchModule:UnityEditor.Search:ASIAI0B
Importing 'GUID: 046d84976aadf4fa58001515d8167521 - Path: Packages/com.unity.visualscripting/Editor/VisualScripting.Flow/Description/UnitDescription.cs - Importer: ScriptedImporter/UnityEditor.QuickSearchModule:UnityEditor.Search:ASIAI0B' with importer (ScriptedImporter : UnityEditor.QuickSearchModule:UnityEditor.Search:ASIAI0B)
Imported 'GUID: 046d84976aadf4fa58001515d8167521' -> (Import Result ID: 'ecbc6a1dcabdd733eef6fc4815e37c96') in 0.002 seconds [static and dynamic dependencies]. Details - ImportResultOutputID=1cac678a335f8c8ddc47cdba45e371c4 DependenciesID=4dfcff6f6ef6fe1f887779366b49a55f StaticDependenciesID=9b06bafdb68d07952180ebb4fe2af6e5 
Number of updated asset objects reloaded before import = 0
Number of asset objects unloaded after import = 0
========================================================================
Received Import Request.
  Time of request: 2026-08-05T18:44:45.7142898Z
  Time since last request: 0.0003477 seconds.
  importAddress: GUID: 0a272fe91f6be43dfb94b0c752db3a9c - Path: Packages/com.unity.visualscripting/Editor/VisualScripting.Flow/Description/UnitPortDescriptor.cs - Importer: ScriptedImporter/UnityEditor.QuickSearchModule:UnityEditor.Search:ASIAI0B
Importing 'GUID: 0a272fe91f6be43dfb94b0c752db3a9c - Path: Packages/com.unity.visualscripting/Editor/VisualScripting.Flow/Description/UnitPortDescriptor.cs - Importer: ScriptedImporter/UnityEditor.QuickSearchModule:UnityEditor.Search:ASIAI0B' with importer (ScriptedImporter : UnityEditor.QuickSearchModule:UnityEditor.Search:ASIAI0B)
Imported 'GUID: 0a272fe91f6be43dfb94b0c752db3a9c' -> (Import Result ID: 'fade65ceeb93346da5943252a5cc31ca') in 0.002 seconds [static and dynamic dependencies]. Details - ImportResultOutputID=d0ec43154061d0114de98d5677ee2863 DependenciesID=f8770fc93ead6f1f8e1da9e578e1b4c8 StaticDependenciesID=f83b61febea29b1a1cf77eb3c2ee3f5b 
Number of updated asset objects reloaded before import = 0
Number of asset objects unloaded after import = 0
========================================================================
Received Import Request.
  Time of request: 2026-08-05T18:44:45.7480452Z
  Time since last request: 0.0231383 seconds.
  importAddress: GUID: 0423634313e0049ed831dc5e3c8c0589 - Path: Packages/com.unity.visualscripting/Editor/VisualScripting.State/Graph/StateCanvas.cs - Importer: ScriptedImporter/UnityEditor.QuickSearchModule:UnityEditor.Search:ASIAI0B
Importing 'GUID: 0423634313e0049ed831dc5e3c8c0589 - Path: Packages/com.unity.visualscripting/Editor/VisualScripting.State/Graph/StateCanvas.cs - Importer: ScriptedImporter/UnityEditor.QuickSearchModule:UnityEditor.Search:ASIAI0B' with importer (ScriptedImporter : UnityEditor.QuickSearchModule:UnityEditor.Search:ASIAI0B)
Imported 'GUID: 0423634313e0049ed831dc5e3c8c0589' -> (Import Result ID: '2edd34ba9afc4892e3f3e36668f13c3b') in 0.003 seconds [static and dynamic dependencies]. Details - ImportResultOutputID=ff68c958e7ab2c839a59b0628c8f4551 DependenciesID=0f73479cddc11b814067ec795d7b7561 StaticDependenciesID=e70963f82a7db75f9326a9ddd803b48b 
Number of updated asset objects reloaded before import = 0
Number of asset objects unloaded after import = 0
========================================================================
Received Import Request.
  Time of request: 2026-08-05T18:44:45.7583851Z
  Time since last request: 0.0009951 seconds.
  importAddress: GUID: 50985218b7f8c4670b61869830f5ff7f - Path: Packages/com.unity.visualscripting/Runtime/VisualScripting.Core/Cloning/Cloner.cs - Importer: ScriptedImporter/UnityEditor.QuickSearchModule:UnityEditor.Search:ASIAI0B
Importing 'GUID: 50985218b7f8c4670b61869830f5ff7f - Path: Packages/com.unity.visualscripting/Runtime/VisualScripting.Core/Cloning/Cloner.cs - Importer: ScriptedImporter/UnityEditor.QuickSearchModule:UnityEditor.Search:ASIAI0B' with importer (ScriptedImporter : UnityEditor.QuickSearchModule:UnityEditor.Search:ASIAI0B)
Imported 'GUID: 50985218b7f8c4670b61869830f5ff7f' -> (Import Result ID: '3fae36b4be6c362e2eab7c3f0a77b530') in 0.003 seconds [static and dynamic dependencies]. Details - ImportResultOutputID=a60c2ad2fb201c8d7240b76718b24690 DependenciesID=6a1e7cd5648e2ed045b5695d2a3f5f05 StaticDependenciesID=64981f8740c2fa10be77746bff56febf 
Number of updated asset objects reloaded before import = 0
Number of asset objects unloaded after import = 0
========================================================================
Received Import Request.
  Time of request: 2026-08-05T18:44:45.7706768Z
  Time since last request: 0.0003908 seconds.
  importAddress: GUID: 85de3188858c04b94957f45995108f1a - Path: Packages/com.unity.visualscripting/Editor/VisualScripting.State/Graph/StateGraphContext.cs - Importer: ScriptedImporter/UnityEditor.QuickSearchModule:UnityEditor.Search:ASIAI0B
Importing 'GUID: 85de3188858c04b94957f45995108f1a - Path: Packages/com.unity.visualscripting/Editor/VisualScripting.State/Graph/StateGraphContext.cs - Importer: ScriptedImporter/UnityEditor.QuickSearchModule:UnityEditor.Search:ASIAI0B' with importer (ScriptedImporter : UnityEditor.QuickSearchModule:UnityEditor.Search:ASIAI0B)
Imported 'GUID: 85de3188858c04b94957f45995108f1a' -> (Import Result ID: 'df7ad8f67a1817415b572db0da495a73') in 0.002 seconds [static and dynamic dependencies]. Details - ImportResultOutputID=00a4323f00ab91a0651f65386d8292bb DependenciesID=c00ffaacdca29867efd573989e723ea0 StaticDependenciesID=8ac6e192be88d556879cc0057c36d5f7 
Number of updated asset objects reloaded before import = 0
Number of asset objects unloaded after import = 0
========================================================================
Received Import Request.
  Time of request: 2026-08-05T18:44:45.7802308Z
  Time since last request: 0.000206 seconds.
  importAddress: GUID: af7367866b51441ce9687566c007cb62 - Path: Packages/com.unity.visualscripting/Editor/VisualScripting.State/States/StateEditor.cs - Importer: ScriptedImporter/UnityEditor.QuickSearchModule:UnityEditor.Search:ASIAI0B
Importing 'GUID: af7367866b51441ce9687566c007cb62 - Path: Packages/com.unity.visualscripting/Editor/VisualScripting.State/States/StateEditor.cs - Importer: ScriptedImporter/UnityEditor.QuickSearchModule:UnityEditor.Search:ASIAI0B' with importer (ScriptedImporter : UnityEditor.QuickSearchModule:UnityEditor.Search:ASIAI0B)
Imported 'GUID: af7367866b51441ce9687566c007cb62' -> (Import Result ID: 'cd683234973dbfc37102dc50e5c88ab2') in 0.002 seconds [static and dynamic dependencies]. Details - ImportResultOutputID=ad7a316d396746e80506339aeec9d53e DependenciesID=73f64442d72afd6c97ea012fc51b93c6 StaticDependenciesID=a3293a77f983d99ff45027ce7affbd24 
Number of updated asset objects reloaded before import = 0
Number of asset objects unloaded after import = 0
========================================================================
Received Import Request.
  Time of request: 2026-08-05T18:44:45.7901651Z
  Time since last request: 0.0003847 seconds.
  importAddress: GUID: 78c6207d792514839993cf7f713d79e2 - Path: Packages/com.unity.visualscripting/Editor/VisualScripting.State/Transitions/FlowStateTransitionWidget.cs - Importer: ScriptedImporter/UnityEditor.QuickSearchModule:UnityEditor.Search:ASIAI0B
Importing 'GUID: 78c6207d792514839993cf7f713d79e2 - Path: Packages/com.unity.visualscripting/Editor/VisualScripting.State/Transitions/FlowStateTransitionWidget.cs - Importer: ScriptedImporter/UnityEditor.QuickSearchModule:UnityEditor.Search:ASIAI0B' with importer (ScriptedImporter : UnityEditor.QuickSearchModule:UnityEditor.Search:ASIAI0B)
Imported 'GUID: 78c6207d792514839993cf7f713d79e2' -> (Import Result ID: '09172d55c81da94a2e487421e109f330') in 0.003 seconds [static and dynamic dependencies]. Details - ImportResultOutputID=ae080c7b7c19f2556d66f302ec8f5327 DependenciesID=c570b4c0086ee0e0e97079f4f8021938 StaticDependenciesID=86d9d7462c13542997f2aed3d9813a48 
Number of updated asset objects reloaded before import = 0
Number of asset objects unloaded after import = 0
========================================================================
Received Import Request.
  Time of request: 2026-08-05T18:44:45.8007526Z
  Time since last request: 0.0003006 seconds.
  importAddress: GUID: a560e5c5437a44f2db6a4291e7ea9182 - Path: Packages/com.unity.visualscripting/Editor/VisualScripting.State/States/IStateWidget.cs - Importer: ScriptedImporter/UnityEditor.QuickSearchModule:UnityEditor.Search:ASIAI0B
Importing 'GUID: a560e5c5437a44f2db6a4291e7ea9182 - Path: Packages/com.unity.visualscripting/Editor/VisualScripting.State/States/IStateWidget.cs - Importer: ScriptedImporter/UnityEditor.QuickSearchModule:UnityEditor.Search:ASIAI0B' with importer (ScriptedImporter : UnityEditor.QuickSearchModule:UnityEditor.Search:ASIAI0B)
Imported 'GUID: a560e5c5437a44f2db6a4291e7ea9182' -> (Import Result ID: '0baf0bcef957d51e99bd60f9d9888fd9') in 0.002 seconds [static and dynamic dependencies]. Details - ImportResultOutputID=988d3282f0ad55491bfc2d0dde2112d4 DependenciesID=53cc2c83fa7db7b8b368f3aa3b7cac0f StaticDependenciesID=139600c6678a0d73a90c48dc1cb91681 
Number of updated asset objects reloaded before import = 0
Number of asset objects unloaded after import = 0
========================================================================
Received Import Request.
  Time of request: 2026-08-05T18:44:45.8111387Z
  Time since last request: 0.0003023 seconds.
  importAddress: GUID: 1275e89e45fac4c26b82fda27d2d9647 - Path: Packages/com.unity.visualscripting/Editor/VisualScripting.State/Transitions/FlowStateTransitionAnalyser.cs - Importer: ScriptedImporter/UnityEditor.QuickSearchModule:UnityEditor.Search:ASIAI0B
Importing 'GUID: 1275e89e45fac4c26b82fda27d2d9647 - Path: Packages/com.unity.visualscripting/Editor/VisualScripting.State/Transitions/FlowStateTransitionAnalyser.cs - Importer: ScriptedImporter/UnityEditor.QuickSearchModule:UnityEditor.Search:ASIAI0B' with importer (ScriptedImporter : UnityEditor.QuickSearchModule:UnityEditor.Search:ASIAI0B)
Imported 'GUID: 1275e89e45fac4c26b82fda27d2d9647' -> (Import Result ID: '6811e2fcbe532e9f73df0c03a55923b8') in 0.003 seconds [static and dynamic dependencies]. Details - ImportResultOutputID=7407333a79b7d2b8867ddb3009a28a27 DependenciesID=e9e6012a9132aa50374e3ac9d66c2a27 StaticDependenciesID=6ddb60d87211aef897189619e8a7d4ab 
Number of updated asset objects reloaded before import = 0
Number of asset objects unloaded after import = 0
========================================================================
Received Import Request.
  Time of request: 2026-08-05T18:44:45.8233155Z
  Time since last request: 0.0004412 seconds.
  importAddress: GUID: 3ef8f00bbef6a4ceaaaa090c41d2cf23 - Path: Packages/com.unity.visualscripting/Editor/VisualScripting.State/Transitions/NesterStateTransitionDescriptor.cs - Importer: ScriptedImporter/UnityEditor.QuickSearchModule:UnityEditor.Search:ASIAI0B
Importing 'GUID: 3ef8f00bbef6a4ceaaaa090c41d2cf23 - Path: Packages/com.unity.visualscripting/Editor/VisualScripting.State/Transitions/NesterStateTransitionDescriptor.cs - Importer: ScriptedImporter/UnityEditor.QuickSearchModule:UnityEditor.Search:ASIAI0B' with importer (ScriptedImporter : UnityEditor.QuickSearchModule:UnityEditor.Search:ASIAI0B)
Imported 'GUID: 3ef8f00bbef6a4ceaaaa090c41d2cf23' -> (Import Result ID: '427fe9e219da0ade70af63053ed2114b') in 0.002 seconds [static and dynamic dependencies]. Details - ImportResultOutputID=09174e800d0137a42d79e0cc0398d92f DependenciesID=93f35f0873969a796a8dba0b2fb28369 StaticDependenciesID=e6a7e9425a3283ea6db88349e8b5e511 
Number of updated asset objects reloaded before import = 0
Number of asset objects unloaded after import = 0
========================================================================
Received Import Request.
  Time of request: 2026-08-05T18:44:45.8340415Z
  Time since last request: 0.0002093 seconds.
  importAddress: GUID: 174d73813488e4011b9b46d8a59ae9d9 - Path: Packages/com.unity.visualscripting/Runtime/VisualScripting.Core/Collections/NoAllocEnumerator.cs - Importer: ScriptedImporter/UnityEditor.QuickSearchModule:UnityEditor.Search:ASIAI0B
Importing 'GUID: 174d73813488e4011b9b46d8a59ae9d9 - Path: Packages/com.unity.visualscripting/Runtime/VisualScripting.Core/Collections/NoAllocEnumerator.cs - Importer: ScriptedImporter/UnityEditor.QuickSearchModule:UnityEditor.Search:ASIAI0B' with importer (ScriptedImporter : UnityEditor.QuickSearchModule:UnityEditor.Search:ASIAI0B)
Imported 'GUID: 174d73813488e4011b9b46d8a59ae9d9' -> (Import Result ID: 'd4dbe1b64d24d4a015c3794cad750a52') in 0.002 seconds [static and dynamic dependencies]. Details - ImportResultOutputID=e3e48a7cf4313e8179b6fe00d0d77ff8 DependenciesID=91f6befaafd90000cb5ae7d4c89dcda1 StaticDependenciesID=89c4f045efe8121b095ce1b1d613a574 
Number of updated asset objects reloaded before import = 0
Number of asset objects unloaded after import = 0
========================================================================
Received Import Request.
  Time of request: 2026-08-05T18:44:45.8648303Z
  Time since last request: 0.0223324 seconds.
  importAddress: GUID: d7ac3e0fd71474c3bafe0e8003358660 - Path: Packages/com.unity.visualscripting/Runtime/VisualScripting.Core/Ensure/EnsureThat.Comparables.cs - Importer: ScriptedImporter/UnityEditor.QuickSearchModule:UnityEditor.Search:ASIAI0B
Importing 'GUID: d7ac3e0fd71474c3bafe0e8003358660 - Path: Packages/com.unity.visualscripting/Runtime/VisualScripting.Core/Ensure/EnsureThat.Comparables.cs - Importer: ScriptedImporter/UnityEditor.QuickSearchModule:UnityEditor.Search:ASIAI0B' with importer (ScriptedImporter : UnityEditor.QuickSearchModule:UnityEditor.Search:ASIAI0B)
Imported 'GUID: d7ac3e0fd71474c3bafe0e8003358660' -> (Import Result ID: 'e13ab849f3caf2e3f614e7e0d8d40491') in 0.002 seconds [static and dynamic dependencies]. Details - ImportResultOutputID=ef9b4950439322fd86723b5dba0d3b77 DependenciesID=48ae9838ab6dcbd6eb6f237bff885aea StaticDependenciesID=181d9b1ecb3e218216ae8d7ce46570f8 
Number of updated asset objects reloaded before import = 0
Number of asset objects unloaded after import = 0
========================================================================
Received Import Request.
  Time of request: 2026-08-05T18:44:45.8744361Z
  Time since last request: 0.0005477 seconds.
  importAddress: GUID: 277a312e1d9d94cc58e488fc4f29619b - Path: Packages/com.unity.visualscripting/Runtime/VisualScripting.Core/Ensure/EnsureThat.cs - Importer: ScriptedImporter/UnityEditor.QuickSearchModule:UnityEditor.Search:ASIAI0B
Importing 'GUID: 277a312e1d9d94cc58e488fc4f29619b - Path: Packages/com.unity.visualscripting/Runtime/VisualScripting.Core/Ensure/EnsureThat.cs - Importer: ScriptedImporter/UnityEditor.QuickSearchModule:UnityEditor.Search:ASIAI0B' with importer (ScriptedImporter : UnityEditor.QuickSearchModule:UnityEditor.Search:ASIAI0B)
Imported 'GUID: 277a312e1d9d94cc58e488fc4f29619b' -> (Import Result ID: '283a0328e01bd18e7fb8b799aa4c35f8') in 0.002 seconds [static and dynamic dependencies]. Details - ImportResultOutputID=b950d84f6364f0844545a079fa4d6e27 DependenciesID=6107c7089090758cb6a800d0ffc47b46 StaticDependenciesID=0d57c790864a975e0a4d221fe16a503b 
Number of updated asset objects reloaded before import = 0
Number of asset objects unloaded after import = 0
========================================================================
Received Import Request.
  Time of request: 2026-08-05T18:44:45.8854793Z
  Time since last request: 0.0001944 seconds.
  importAddress: GUID: 368daf4a364944876be0fc2560e3b6ca - Path: Packages/com.unity.visualscripting/Runtime/VisualScripting.Core/EditorBinding/WarnBeforeRemovingAttribute.cs - Importer: ScriptedImporter/UnityEditor.QuickSearchModule:UnityEditor.Search:ASIAI0B
Importing 'GUID: 368daf4a364944876be0fc2560e3b6ca - Path: Packages/com.unity.visualscripting/Runtime/VisualScripting.Core/EditorBinding/WarnBeforeRemovingAttribute.cs - Importer: ScriptedImporter/UnityEditor.QuickSearchModule:UnityEditor.Search:ASIAI0B' with importer (ScriptedImporter : UnityEditor.QuickSearchModule:UnityEditor.Search:ASIAI0B)
Imported 'GUID: 368daf4a364944876be0fc2560e3b6ca' -> (Import Result ID: 'e1e36bda050ca7f68f7737b95e05a96f') in 0.002 seconds [static and dynamic dependencies]. Details - ImportResultOutputID=6e5f8edb36c0cf425cbc7cb2130e8c4f DependenciesID=02dfc307f2bb51bb25e9ba6569e4882d StaticDependenciesID=08599ddf0e599ee2923efd5eefcebc94 
Number of updated asset objects reloaded before import = 0
Number of asset objects unloaded after import = 0
========================================================================
Received Import Request.
  Time of request: 2026-08-05T18:44:45.8945807Z
  Time since last request: 0.0001935 seconds.
  importAddress: GUID: 151f0a13a53cb44ae83db5361508f233 - Path: Packages/com.unity.visualscripting/Runtime/VisualScripting.Core/Collections/VariantCollection.cs - Importer: ScriptedImporter/UnityEditor.QuickSearchModule:UnityEditor.Search:ASIAI0B
Importing 'GUID: 151f0a13a53cb44ae83db5361508f233 - Path: Packages/com.unity.visualscripting/Runtime/VisualScripting.Core/Collections/VariantCollection.cs - Importer: ScriptedImporter/UnityEditor.QuickSearchModule:UnityEditor.Search:ASIAI0B' with importer (ScriptedImporter : UnityEditor.QuickSearchModule:UnityEditor.Search:ASIAI0B)
Imported 'GUID: 151f0a13a53cb44ae83db5361508f233' -> (Import Result ID: 'b3d182add2cae37a29ce8b5c11a71bf1') in 0.002 seconds [static and dynamic dependencies]. Details - ImportResultOutputID=7064805071756f48ab182e3a3cb5df67 DependenciesID=8f92fd39bc39a667022ff4343c9d9bf9 StaticDependenciesID=fc70c8c01c1cc8343ad712cccc03f376 
Number of updated asset objects reloaded before import = 0
Number of asset objects unloaded after import = 0
========================================================================
Received Import Request.
  Time of request: 2026-08-05T18:44:45.9041553Z
  Time since last request: 0.0002746 seconds.
  importAddress: GUID: c992c99fb037a4d95b03cd290f6c3856 - Path: Packages/com.unity.visualscripting/Runtime/VisualScripting.Core/EditorBinding/ExpectedTypeAttribute.cs - Importer: ScriptedImporter/UnityEditor.QuickSearchModule:UnityEditor.Search:ASIAI0B
Importing 'GUID: c992c99fb037a4d95b03cd290f6c3856 - Path: Packages/com.unity.visualscripting/Runtime/VisualScripting.Core/EditorBinding/ExpectedTypeAttribute.cs - Importer: ScriptedImporter/UnityEditor.QuickSearchModule:UnityEditor.Search:ASIAI0B' with importer (ScriptedImporter : UnityEditor.QuickSearchModule:UnityEditor.Search:ASIAI0B)
Imported 'GUID: c992c99fb037a4d95b03cd290f6c3856' -> (Import Result ID: '0c42fdf3469f03330e3bcfd00796aed8') in 0.003 seconds [static and dynamic dependencies]. Details - ImportResultOutputID=6544638d07a496159aee3b70a8988d6e DependenciesID=5ec6c4732610c7202960d79517799b50 StaticDependenciesID=e9ede04cc9f5837da7d4e55752cb15f3 
Number of updated asset objects reloaded before import = 0
Number of asset objects unloaded after import = 0
========================================================================
Received Import Request.
  Time of request: 2026-08-05T18:44:45.9149534Z
  Time since last request: 0.0003463 seconds.
  importAddress: GUID: f63e64e83be93471eb84fcc9606ebff1 - Path: Packages/com.unity.visualscripting/Runtime/VisualScripting.Core/EditorBinding/NullMeansSelfAttribute.cs - Importer: ScriptedImporter/UnityEditor.QuickSearchModule:UnityEditor.Search:ASIAI0B
Importing 'GUID: f63e64e83be93471eb84fcc9606ebff1 - Path: Packages/com.unity.visualscripting/Runtime/VisualScripting.Core/EditorBinding/NullMeansSelfAttribute.cs - Importer: ScriptedImporter/UnityEditor.QuickSearchModule:UnityEditor.Search:ASIAI0B' with importer (ScriptedImporter : UnityEditor.QuickSearchModule:UnityEditor.Search:ASIAI0B)
Imported 'GUID: f63e64e83be93471eb84fcc9606ebff1' -> (Import Result ID: 'da0b8209ce620f45b3e70ee22fc3c0f8') in 0.002 seconds [static and dynamic dependencies]. Details - ImportResultOutputID=a50ed623db528287fde843153f4baf48 DependenciesID=8c7447e488270e49b6930f51d4969a3e StaticDependenciesID=2ef13b5716b06f5f6235a4bb40a45b9a 
Number of updated asset objects reloaded before import = 0
Number of asset objects unloaded after import = 0
========================================================================
Received Import Request.
  Time of request: 2026-08-05T18:44:45.9255289Z
  Time since last request: 0.0002498 seconds.
  importAddress: GUID: 3af658b760ac04b8ea3f040f301bbc1d - Path: Packages/com.unity.visualscripting/Runtime/VisualScripting.Core/Graphs/Graph.cs - Importer: ScriptedImporter/UnityEditor.QuickSearchModule:UnityEditor.Search:ASIAI0B
Importing 'GUID: 3af658b760ac04b8ea3f040f301bbc1d - Path: Packages/com.unity.visualscripting/Runtime/VisualScripting.Core/Graphs/Graph.cs - Importer: ScriptedImporter/UnityEditor.QuickSearchModule:UnityEditor.Search:ASIAI0B' with importer (ScriptedImporter : UnityEditor.QuickSearchModule:UnityEditor.Search:ASIAI0B)
Imported 'GUID: 3af658b760ac04b8ea3f040f301bbc1d' -> (Import Result ID: 'd6858a3109367e45ad111e9dc0bbabd4') in 0.003 seconds [static and dynamic dependencies]. Details - ImportResultOutputID=e40567033333cf4d242559f3b2a292c9 DependenciesID=d02ee90a91788ab7df444b7ea908e194 StaticDependenciesID=803bbd41badb7b1135e0cf02c294301c 
Number of updated asset objects reloaded before import = 0
Number of asset objects unloaded after import = 0
========================================================================
Received Import Request.
  Time of request: 2026-08-05T18:44:45.937431Z
  Time since last request: 0.0002545 seconds.
  importAddress: GUID: 247e67bb172ec4f9ca3abe6ad0f6057c - Path: Packages/com.unity.visualscripting/Runtime/VisualScripting.Core/EditorBinding/Typeset.cs - Importer: ScriptedImporter/UnityEditor.QuickSearchModule:UnityEditor.Search:ASIAI0B
Importing 'GUID: 247e67bb172ec4f9ca3abe6ad0f6057c - Path: Packages/com.unity.visualscripting/Runtime/VisualScripting.Core/EditorBinding/Typeset.cs - Importer: ScriptedImporter/UnityEditor.QuickSearchModule:UnityEditor.Search:ASIAI0B' with importer (ScriptedImporter : UnityEditor.QuickSearchModule:UnityEditor.Search:ASIAI0B)
Imported 'GUID: 247e67bb172ec4f9ca3abe6ad0f6057c' -> (Import Result ID: '95fb20a4989bd677524e8baa257656ac') in 0.003 seconds [static and dynamic dependencies]. Details - ImportResultOutputID=44c763750c8f5b8fb49d729ac150fe0a DependenciesID=0f31bf409be145afd974218eaf9cd1e0 StaticDependenciesID=381fdf5364ac8c8ca4b212d436b36f2b 
Number of updated asset objects reloaded before import = 0
Number of asset objects unloaded after import = 0
========================================================================
Received Import Request.
  Time of request: 2026-08-05T18:44:45.9493946Z
  Time since last request: 0.0002828 seconds.
  importAddress: GUID: 7ccb3a0de46a0487fa26d56aeec5f659 - Path: Packages/com.unity.visualscripting/Runtime/VisualScripting.Core/Events/IEventMachine.cs - Importer: ScriptedImporter/UnityEditor.QuickSearchModule:UnityEditor.Search:ASIAI0B
Importing 'GUID: 7ccb3a0de46a0487fa26d56aeec5f659 - Path: Packages/com.unity.visualscripting/Runtime/VisualScripting.Core/Events/IEventMachine.cs - Importer: ScriptedImporter/UnityEditor.QuickSearchModule:UnityEditor.Search:ASIAI0B' with importer (ScriptedImporter : UnityEditor.QuickSearchModule:UnityEditor.Search:ASIAI0B)
Imported 'GUID: 7ccb3a0de46a0487fa26d56aeec5f659' -> (Import Result ID: '08bebadfd90b98d8595dfc277bee4aba') in 0.003 seconds [static and dynamic dependencies]. Details - ImportResultOutputID=255c58057ef7a1b528c3f945431ef589 DependenciesID=66e26ad3d2184f5bfd283419b947a79e StaticDependenciesID=f5cd97af20259b70e428e4d3bc7b5174 
Number of updated asset objects reloaded before import = 0
Number of asset objects unloaded after import = 0
========================================================================
Received Import Request.
  Time of request: 2026-08-05T18:44:45.9778745Z
  Time since last request: 0.0180368 seconds.
  importAddress: GUID: b2c3a553ebf314f6d9f657be31dfffcb - Path: Packages/com.unity.visualscripting/Runtime/VisualScripting.Core/Pooling/DictionaryPool.cs - Importer: ScriptedImporter/UnityEditor.QuickSearchModule:UnityEditor.Search:ASIAI0B
Importing 'GUID: b2c3a553ebf314f6d9f657be31dfffcb - Path: Packages/com.unity.visualscripting/Runtime/VisualScripting.Core/Pooling/DictionaryPool.cs - Importer: ScriptedImporter/UnityEditor.QuickSearchModule:UnityEditor.Search:ASIAI0B' with importer (ScriptedImporter : UnityEditor.QuickSearchModule:UnityEditor.Search:ASIAI0B)
Imported 'GUID: b2c3a553ebf314f6d9f657be31dfffcb' -> (Import Result ID: 'c7bc939697ac1c418e8605ab0bf0de1d') in 0.003 seconds [static and dynamic dependencies]. Details - ImportResultOutputID=40d7c7fadc87f19229e6a383268dcba9 DependenciesID=aa8b612dd50087bac887e1129ec0b15f StaticDependenciesID=67abc909ee2e5115c71368cf30c7c0c0 
Number of updated asset objects reloaded before import = 0
Number of asset objects unloaded after import = 0
========================================================================
Received Import Request.
  Time of request: 2026-08-05T18:44:45.9879664Z
  Time since last request: 0.0008242 seconds.
  importAddress: GUID: e3ac3da4f4ae1479a860034ee83b9463 - Path: Packages/com.unity.visualscripting/Runtime/VisualScripting.Core/Graphs/IGraph.cs - Importer: ScriptedImporter/UnityEditor.QuickSearchModule:UnityEditor.Search:ASIAI0B
Importing 'GUID: e3ac3da4f4ae1479a860034ee83b9463 - Path: Packages/com.unity.visualscripting/Runtime/VisualScripting.Core/Graphs/IGraph.cs - Importer: ScriptedImporter/UnityEditor.QuickSearchModule:UnityEditor.Search:ASIAI0B' with importer (ScriptedImporter : UnityEditor.QuickSearchModule:UnityEditor.Search:ASIAI0B)
Imported 'GUID: e3ac3da4f4ae1479a860034ee83b9463' -> (Import Result ID: '5a2a40addcfa157213032dc80bb6b36a') in 0.002 seconds [static and dynamic dependencies]. Details - ImportResultOutputID=7dce03c3c17c628ba4f94920816ddccd DependenciesID=31079c7b3b23177072175c7ba98d4958 StaticDependenciesID=99c2522ce807d3a7b63b652fbb9e233c 
Number of updated asset objects reloaded before import = 0
Number of asset objects unloaded after import = 0
========================================================================
Received Import Request.
  Time of request: 2026-08-05T18:44:45.9987847Z
  Time since last request: 0.0004381 seconds.
  importAddress: GUID: 848222a3967b845b48a00d1f58aaae70 - Path: Packages/com.unity.visualscripting/Runtime/VisualScripting.Core/Reflection/MemberFilter.cs - Importer: ScriptedImporter/UnityEditor.QuickSearchModule:UnityEditor.Search:ASIAI0B
Importing 'GUID: 848222a3967b845b48a00d1f58aaae70 - Path: Packages/com.unity.visualscripting/Runtime/VisualScripting.Core/Reflection/MemberFilter.cs - Importer: ScriptedImporter/UnityEditor.QuickSearchModule:UnityEditor.Search:ASIAI0B' with importer (ScriptedImporter : UnityEditor.QuickSearchModule:UnityEditor.Search:ASIAI0B)
Imported 'GUID: 848222a3967b845b48a00d1f58aaae70' -> (Import Result ID: 'ecfb267ee6a151919ab1b59d854ea283') in 0.002 seconds [static and dynamic dependencies]. Details - ImportResultOutputID=0d4c848d8d7252eada06dce3ae827030 DependenciesID=4bf7c34a924089cb8b4960b09de27338 StaticDependenciesID=d1625ead0480ad3f88b7dcda1b8e6ab9 
Number of updated asset objects reloaded before import = 0
Number of asset objects unloaded after import = 0
========================================================================
Received Import Request.
  Time of request: 2026-08-05T18:44:46.0089112Z
  Time since last request: 0.0005426 seconds.
  importAddress: GUID: aac53a58d9e78493d916ada4ed9e309e - Path: Packages/com.unity.visualscripting/Runtime/VisualScripting.Core/Graphs/IGraphElementData.cs - Importer: ScriptedImporter/UnityEditor.QuickSearchModule:UnityEditor.Search:ASIAI0B
Importing 'GUID: aac53a58d9e78493d916ada4ed9e309e - Path: Packages/com.unity.visualscripting/Runtime/VisualScripting.Core/Graphs/IGraphElementData.cs - Importer: ScriptedImporter/UnityEditor.QuickSearchModule:UnityEditor.Search:ASIAI0B' with importer (ScriptedImporter : UnityEditor.QuickSearchModule:UnityEditor.Search:ASIAI0B)
Imported 'GUID: aac53a58d9e78493d916ada4ed9e309e' -> (Import Result ID: 'd26de49b212ccdf35253afa264b1327e') in 0.002 seconds [static and dynamic dependencies]. Details - ImportResultOutputID=e65760c1bdc855e8b2f695a7424c448e DependenciesID=c722c7ff82945ee39dff2cfec89e48c1 StaticDependenciesID=2294e83f9b273d2846f4dcab8005e5cf 
Number of updated asset objects reloaded before import = 0
Number of asset objects unloaded after import = 0
========================================================================
Received Import Request.
  Time of request: 2026-08-05T18:44:46.0198481Z
  Time since last request: 0.0002464 seconds.
  importAddress: GUID: 823de046c493643b397faa358568303a - Path: Packages/com.unity.visualscripting/Runtime/VisualScripting.Core/Reflection/IAttributeProvider.cs - Importer: ScriptedImporter/UnityEditor.QuickSearchModule:UnityEditor.Search:ASIAI0B
Importing 'GUID: 823de046c493643b397faa358568303a - Path: Packages/com.unity.visualscripting/Runtime/VisualScripting.Core/Reflection/IAttributeProvider.cs - Importer: ScriptedImporter/UnityEditor.QuickSearchModule:UnityEditor.Search:ASIAI0B' with importer (ScriptedImporter : UnityEditor.QuickSearchModule:UnityEditor.Search:ASIAI0B)
Imported 'GUID: 823de046c493643b397faa358568303a' -> (Import Result ID: '313cb2fbfbc48d4a8287443d3b7b7e74') in 0.002 seconds [static and dynamic dependencies]. Details - ImportResultOutputID=88e5d287a89498c08a6524559ea28d14 DependenciesID=95de273acedbe85cd9aee70094ced636 StaticDependenciesID=1188b3e4ed01e87e06ce200fbbf751a0 
Number of updated asset objects reloaded before import = 0
Number of asset objects unloaded after import = 0
========================================================================
Received Import Request.
  Time of request: 2026-08-05T18:44:46.031158Z
  Time since last request: 0.0002421 seconds.
  importAddress: GUID: 870079fb53f614f1e97e352a303047d4 - Path: Packages/com.unity.visualscripting/Runtime/VisualScripting.Core/Graphs/IGraphNesterElement.cs - Importer: ScriptedImporter/UnityEditor.QuickSearchModule:UnityEditor.Search:ASIAI0B
Importing 'GUID: 870079fb53f614f1e97e352a303047d4 - Path: Packages/com.unity.visualscripting/Runtime/VisualScripting.Core/Graphs/IGraphNesterElement.cs - Importer: ScriptedImporter/UnityEditor.QuickSearchModule:UnityEditor.Search:ASIAI0B' with importer (ScriptedImporter : UnityEditor.QuickSearchModule:UnityEditor.Search:ASIAI0B)
Imported 'GUID: 870079fb53f614f1e97e352a303047d4' -> (Import Result ID: 'a9803840543f2aaab2f25b6f05a6db3f') in 0.003 seconds [static and dynamic dependencies]. Details - ImportResultOutputID=4dfff3224c7d5503b4a8a1da7b0a147a DependenciesID=6cdc97760e8c716471eb9136efe78cdf StaticDependenciesID=675a23d8d8b9a8c644c8ebe9d77f293a 
Number of updated asset objects reloaded before import = 0
Number of asset objects unloaded after import = 0
========================================================================
Received Import Request.
  Time of request: 2026-08-05T18:44:46.0419538Z
  Time since last request: 0.0002842 seconds.
  importAddress: GUID: e8107ffb6540d4965a7e91dc321d9c3c - Path: Packages/com.unity.visualscripting/Runtime/VisualScripting.Core/Graphs/IGraphElementWithData.cs - Importer: ScriptedImporter/UnityEditor.QuickSearchModule:UnityEditor.Search:ASIAI0B
Importing 'GUID: e8107ffb6540d4965a7e91dc321d9c3c - Path: Packages/com.unity.visualscripting/Runtime/VisualScripting.Core/Graphs/IGraphElementWithData.cs - Importer: ScriptedImporter/UnityEditor.QuickSearchModule:UnityEditor.Search:ASIAI0B' with importer (ScriptedImporter : UnityEditor.QuickSearchModule:UnityEditor.Search:ASIAI0B)
Imported 'GUID: e8107ffb6540d4965a7e91dc321d9c3c' -> (Import Result ID: '49a83b5da83a9ba4e3dcd848e613bb03') in 0.003 seconds [static and dynamic dependencies]. Details - ImportResultOutputID=488203f5729cde2808ecd467cd82be36 DependenciesID=e3ea279beafd0c46a4d70589f1ca5c4a StaticDependenciesID=7d74e8a875fbbef7ee5762dcab97bc69 
Number of updated asset objects reloaded before import = 0
Number of asset objects unloaded after import = 0
========================================================================
Received Import Request.
  Time of request: 2026-08-05T18:44:46.0532322Z
  Time since last request: 0.0001959 seconds.
  importAddress: GUID: 77db300ad10574dcb968a20561f8b147 - Path: Packages/com.unity.visualscripting/Runtime/VisualScripting.Core/Reflection/IPrewarmable.cs - Importer: ScriptedImporter/UnityEditor.QuickSearchModule:UnityEditor.Search:ASIAI0B
Importing 'GUID: 77db300ad10574dcb968a20561f8b147 - Path: Packages/com.unity.visualscripting/Runtime/VisualScripting.Core/Reflection/IPrewarmable.cs - Importer: ScriptedImporter/UnityEditor.QuickSearchModule:UnityEditor.Search:ASIAI0B' with importer (ScriptedImporter : UnityEditor.QuickSearchModule:UnityEditor.Search:ASIAI0B)
Imported 'GUID: 77db300ad10574dcb968a20561f8b147' -> (Import Result ID: '3b71507db897a40121968a2b950f2ac8') in 0.003 seconds [static and dynamic dependencies]. Details - ImportResultOutputID=57333c185267347ab0112ac83558670e DependenciesID=53f24c1c89bfb20c61fdee398a110864 StaticDependenciesID=73a7c4a93c400a59a215e5aafc4b60db 
Number of updated asset objects reloaded before import = 0
Number of asset objects unloaded after import = 0
========================================================================
Received Import Request.
  Time of request: 2026-08-05T18:44:46.064919Z
  Time since last request: 0.0002812 seconds.
  importAddress: GUID: 9cabf1f594a6040b5b185332031bb80e - Path: Packages/com.unity.visualscripting/Runtime/VisualScripting.Core/Machines/Machine.cs - Importer: ScriptedImporter/UnityEditor.QuickSearchModule:UnityEditor.Search:ASIAI0B
Importing 'GUID: 9cabf1f594a6040b5b185332031bb80e - Path: Packages/com.unity.visualscripting/Runtime/VisualScripting.Core/Machines/Machine.cs - Importer: ScriptedImporter/UnityEditor.QuickSearchModule:UnityEditor.Search:ASIAI0B' with importer (ScriptedImporter : UnityEditor.QuickSearchModule:UnityEditor.Search:ASIAI0B)
Imported 'GUID: 9cabf1f594a6040b5b185332031bb80e' -> (Import Result ID: 'c6ab6c04cfea3751fc7023ef7fa142f0') in 0.002 seconds [static and dynamic dependencies]. Details - ImportResultOutputID=e0ebd06355c1c92ed816915e44c8801a DependenciesID=e4650573ea25f6189e4e19d5b7006af5 StaticDependenciesID=7942a1e25a03981b32a53c302ea71501 
Number of updated asset objects reloaded before import = 0
Number of asset objects unloaded after import = 0
========================================================================
Received Import Request.
  Time of request: 2026-08-05T18:44:46.0948446Z
  Time since last request: 0.0214802 seconds.
  importAddress: GUID: 38c7f6215a1b2469a877eed0cd55cf3d - Path: Packages/com.unity.visualscripting/Runtime/VisualScripting.Core/Utilities/HashUtility.cs - Importer: ScriptedImporter/UnityEditor.QuickSearchModule:UnityEditor.Search:ASIAI0B
Importing 'GUID: 38c7f6215a1b2469a877eed0cd55cf3d - Path: Packages/com.unity.visualscripting/Runtime/VisualScripting.Core/Utilities/HashUtility.cs - Importer: ScriptedImporter/UnityEditor.QuickSearchModule:UnityEditor.Search:ASIAI0B' with importer (ScriptedImporter : UnityEditor.QuickSearchModule:UnityEditor.Search:ASIAI0B)
Imported 'GUID: 38c7f6215a1b2469a877eed0cd55cf3d' -> (Import Result ID: 'dd0e0f56cfb1fd9d61458648f4f099d1') in 0.003 seconds [static and dynamic dependencies]. Details - ImportResultOutputID=aa5438b40d226e6083d2cefdf07fb65b DependenciesID=f63a0b0fd419f1a71ea238c12764ed3e StaticDependenciesID=c103111689d9a7fe848888754f4169ac 
Number of updated asset objects reloaded before import = 0
Number of asset objects unloaded after import = 0
========================================================================
Received Import Request.
  Time of request: 2026-08-05T18:44:46.1049624Z
  Time since last request: 0.000722 seconds.
  importAddress: GUID: 6641aaf2964f14d2ca96abe794c52929 - Path: Packages/com.unity.visualscripting/Runtime/VisualScripting.Core/Utilities/ReferenceCollector.cs - Importer: ScriptedImporter/UnityEditor.QuickSearchModule:UnityEditor.Search:ASIAI0B
Importing 'GUID: 6641aaf2964f14d2ca96abe794c52929 - Path: Packages/com.unity.visualscripting/Runtime/VisualScripting.Core/Utilities/ReferenceCollector.cs - Importer: ScriptedImporter/UnityEditor.QuickSearchModule:UnityEditor.Search:ASIAI0B' with importer (ScriptedImporter : UnityEditor.QuickSearchModule:UnityEditor.Search:ASIAI0B)
Imported 'GUID: 6641aaf2964f14d2ca96abe794c52929' -> (Import Result ID: '66b3d050378b6402d0594ebf134567d8') in 0.003 seconds [static and dynamic dependencies]. Details - ImportResultOutputID=b59b39ec957dc6b1a59b8816670719ce DependenciesID=11b209371ea7c2cf195b63857fb38274 StaticDependenciesID=fba0a774da7fab4ff0baf2d4f95658e9 
Number of updated asset objects reloaded before import = 0
Number of asset objects unloaded after import = 0
========================================================================
Received Import Request.
  Time of request: 2026-08-05T18:44:46.1171574Z
  Time since last request: 0.0003107 seconds.
  importAddress: GUID: 09c9e2e5152e0495f86ddb8484d7e1bc - Path: Packages/com.unity.visualscripting/Runtime/VisualScripting.Core/Utilities/CSharpNameUtility.cs - Importer: ScriptedImporter/UnityEditor.QuickSearchModule:UnityEditor.Search:ASIAI0B
Importing 'GUID: 09c9e2e5152e0495f86ddb8484d7e1bc - Path: Packages/com.unity.visualscripting/Runtime/VisualScripting.Core/Utilities/CSharpNameUtility.cs - Importer: ScriptedImporter/UnityEditor.QuickSearchModule:UnityEditor.Search:ASIAI0B' with importer (ScriptedImporter : UnityEditor.QuickSearchModule:UnityEditor.Search:ASIAI0B)
Imported 'GUID: 09c9e2e5152e0495f86ddb8484d7e1bc' -> (Import Result ID: 'd7fa9ed8a822237bd06dc3f1915b7554') in 0.002 seconds [static and dynamic dependencies]. Details - ImportResultOutputID=6af87a891b6a2e259423e98b77fdd570 DependenciesID=3e427c73ad8ede587376dd1931617a53 StaticDependenciesID=2980aff80411a731cf297274212fa3e1 
Number of updated asset objects reloaded before import = 0
Number of asset objects unloaded after import = 0
========================================================================
Received Import Request.
  Time of request: 2026-08-05T18:44:46.1264702Z
  Time since last request: 0.0001822 seconds.
  importAddress: GUID: 7e7b6aa81e10049eba9951e435a66298 - Path: Packages/com.unity.visualscripting/Runtime/VisualScripting.Core/SerializedProperties/ISerializedPropertyProvider.cs - Importer: ScriptedImporter/UnityEditor.QuickSearchModule:UnityEditor.Search:ASIAI0B
Importing 'GUID: 7e7b6aa81e10049eba9951e435a66298 - Path: Packages/com.unity.visualscripting/Runtime/VisualScripting.Core/SerializedProperties/ISerializedPropertyProvider.cs - Importer: ScriptedImporter/UnityEditor.QuickSearchModule:UnityEditor.Search:ASIAI0B' with importer (ScriptedImporter : UnityEditor.QuickSearchModule:UnityEditor.Search:ASIAI0B)
Imported 'GUID: 7e7b6aa81e10049eba9951e435a66298' -> (Import Result ID: 'dce20549a60c8c2c0fdff156dd6f3b58') in 0.002 seconds [static and dynamic dependencies]. Details - ImportResultOutputID=9dff753907bd2d241c14b85c2a711fea DependenciesID=db5b41c252cd3a7dd746cf8a02fa4093 StaticDependenciesID=2adbdf4baaa179c994dae1e7a2425447 
Number of updated asset objects reloaded before import = 0
Number of asset objects unloaded after import = 0
========================================================================
Received Import Request.
  Time of request: 2026-08-05T18:44:46.1363647Z
  Time since last request: 0.000365 seconds.
  importAddress: GUID: 4e87565dfd6f14a4ba52932102776550 - Path: Packages/com.unity.visualscripting/Runtime/VisualScripting.Core/Reflection/TypeNameDetail.cs - Importer: ScriptedImporter/UnityEditor.QuickSearchModule:UnityEditor.Search:ASIAI0B
Importing 'GUID: 4e87565dfd6f14a4ba52932102776550 - Path: Packages/com.unity.visualscripting/Runtime/VisualScripting.Core/Reflection/TypeNameDetail.cs - Importer: ScriptedImporter/UnityEditor.QuickSearchModule:UnityEditor.Search:ASIAI0B' with importer (ScriptedImporter : UnityEditor.QuickSearchModule:UnityEditor.Search:ASIAI0B)
Imported 'GUID: 4e87565dfd6f14a4ba52932102776550' -> (Import Result ID: '4522040de9154a52820940df0067dec2') in 0.002 seconds [static and dynamic dependencies]. Details - ImportResultOutputID=637ec9d4e5675754822b04f4d09a51bd DependenciesID=ec55470234ac5e435daa504f0bfa893a StaticDependenciesID=e7168c4cabd2d34842a953999f704316 
Number of updated asset objects reloaded before import = 0
Number of asset objects unloaded after import = 0
========================================================================
Received Import Request.
  Time of request: 2026-08-05T18:44:46.1478052Z
  Time since last request: 0.0005761 seconds.
  importAddress: GUID: 6097e4b0631b2461e97752db2131ffee - Path: Packages/com.unity.visualscripting/Runtime/VisualScripting.Core/Reflection/RenamedFromAttribute.cs - Importer: ScriptedImporter/UnityEditor.QuickSearchModule:UnityEditor.Search:ASIAI0B
Importing 'GUID: 6097e4b0631b2461e97752db2131ffee - Path: Packages/com.unity.visualscripting/Runtime/VisualScripting.Core/Reflection/RenamedFromAttribute.cs - Importer: ScriptedImporter/UnityEditor.QuickSearchModule:UnityEditor.Search:ASIAI0B' with importer (ScriptedImporter : UnityEditor.QuickSearchModule:UnityEditor.Search:ASIAI0B)
Imported 'GUID: 6097e4b0631b2461e97752db2131ffee' -> (Import Result ID: 'f915673f486eee5c371e357a451de8b2') in 0.002 seconds [static and dynamic dependencies]. Details - ImportResultOutputID=b96e984bf4df02e8ef5f9697c63fe85c DependenciesID=f0b2bd0074d12ca22905aebdd1ffed2e StaticDependenciesID=a71bdfb83a97f6e0f01c7b85a924103a 
Number of updated asset objects reloaded before import = 0
Number of asset objects unloaded after import = 0
========================================================================
Received Import Request.
  Time of request: 2026-08-05T18:44:46.1571882Z
  Time since last request: 0.0003929 seconds.
  importAddress: GUID: 16062f0adc1124e87806f87c109ad3ec - Path: Packages/com.unity.visualscripting/Runtime/VisualScripting.Core/SerializedProperties/SerializedPropertyProvider.cs - Importer: ScriptedImporter/UnityEditor.QuickSearchModule:UnityEditor.Search:ASIAI0B
Importing 'GUID: 16062f0adc1124e87806f87c109ad3ec - Path: Packages/com.unity.visualscripting/Runtime/VisualScripting.Core/SerializedProperties/SerializedPropertyProvider.cs - Importer: ScriptedImporter/UnityEditor.QuickSearchModule:UnityEditor.Search:ASIAI0B' with importer (ScriptedImporter : UnityEditor.QuickSearchModule:UnityEditor.Search:ASIAI0B)
Imported 'GUID: 16062f0adc1124e87806f87c109ad3ec' -> (Import Result ID: '5ab0cb778873d27e43d5770df79fa8c6') in 0.002 seconds [static and dynamic dependencies]. Details - ImportResultOutputID=f577ba0f09005d4f21df33340a25936d DependenciesID=e214badfc9c4fe9bb83814cac634df29 StaticDependenciesID=565ee20deba3743b561f6724495bfb35 
Number of updated asset objects reloaded before import = 0
Number of asset objects unloaded after import = 0
========================================================================
Received Import Request.
  Time of request: 2026-08-05T18:44:46.1667473Z
  Time since last request: 0.0002851 seconds.
  importAddress: GUID: 8f0e86da875e743bab78f0094f19b1f7 - Path: Packages/com.unity.visualscripting/Runtime/VisualScripting.Core/Serialization/SerializeAttribute.cs - Importer: ScriptedImporter/UnityEditor.QuickSearchModule:UnityEditor.Search:ASIAI0B
Importing 'GUID: 8f0e86da875e743bab78f0094f19b1f7 - Path: Packages/com.unity.visualscripting/Runtime/VisualScripting.Core/Serialization/SerializeAttribute.cs - Importer: ScriptedImporter/UnityEditor.QuickSearchModule:UnityEditor.Search:ASIAI0B' with importer (ScriptedImporter : UnityEditor.QuickSearchModule:UnityEditor.Search:ASIAI0B)
Imported 'GUID: 8f0e86da875e743bab78f0094f19b1f7' -> (Import Result ID: '3d6f98b824166115f2ed0be5a1c64936') in 0.002 seconds [static and dynamic dependencies]. Details - ImportResultOutputID=80893b18266017c1edd1b87dbd4b8664 DependenciesID=1889d6e25943df0d050bcedc18049426 StaticDependenciesID=77bcdf1a1e594e9ff9f0b8144f17e548 
Number of updated asset objects reloaded before import = 0
Number of asset objects unloaded after import = 0
========================================================================
Received Import Request.
  Time of request: 2026-08-05T18:44:46.1770384Z
  Time since last request: 0.0002751 seconds.
  importAddress: GUID: ce4f0beaed75f4949a8bab86dd9acba7 - Path: Packages/com.unity.visualscripting/Runtime/VisualScripting.Core/StickyNote/StickyNote.cs - Importer: ScriptedImporter/UnityEditor.QuickSearchModule:UnityEditor.Search:ASIAI0B
Importing 'GUID: ce4f0beaed75f4949a8bab86dd9acba7 - Path: Packages/com.unity.visualscripting/Runtime/VisualScripting.Core/StickyNote/StickyNote.cs - Importer: ScriptedImporter/UnityEditor.QuickSearchModule:UnityEditor.Search:ASIAI0B' with importer (ScriptedImporter : UnityEditor.QuickSearchModule:UnityEditor.Search:ASIAI0B)
Imported 'GUID: ce4f0beaed75f4949a8bab86dd9acba7' -> (Import Result ID: '50c67719f4402dfd05c42afbd0628025') in 0.002 seconds [static and dynamic dependencies]. Details - ImportResultOutputID=aaa5454ba3db6e258208bfe2a310decf DependenciesID=d8785235772b505f2a0f4222758483b9 StaticDependenciesID=cf71d75a109b4439b5008a916a712eb3 
Number of updated asset objects reloaded before import = 0
Number of asset objects unloaded after import = 0
========================================================================
Received Import Request.
  Time of request: 2026-08-05T18:44:46.1864003Z
  Time since last request: 0.0002593 seconds.
  importAddress: GUID: 201917f07bb3e466db9940011e75d45d - Path: Packages/com.unity.visualscripting/Runtime/VisualScripting.Core/Reflection/TypeUtility.cs - Importer: ScriptedImporter/UnityEditor.QuickSearchModule:UnityEditor.Search:ASIAI0B
Importing 'GUID: 201917f07bb3e466db9940011e75d45d - Path: Packages/com.unity.visualscripting/Runtime/VisualScripting.Core/Reflection/TypeUtility.cs - Importer: ScriptedImporter/UnityEditor.QuickSearchModule:UnityEditor.Search:ASIAI0B' with importer (ScriptedImporter : UnityEditor.QuickSearchModule:UnityEditor.Search:ASIAI0B)
Imported 'GUID: 201917f07bb3e466db9940011e75d45d' -> (Import Result ID: '14c04fa4e8aa60637621489ce422e685') in 0.002 seconds [static and dynamic dependencies]. Details - ImportResultOutputID=1b1a123f35ac57f7f83994fe41c0e239 DependenciesID=5b469c13d2260f88cf3ce2b7e8291047 StaticDependenciesID=8c21a67f587deb012f2dcfc320266562 
Number of updated asset objects reloaded before import = 0
Number of asset objects unloaded after import = 0
========================================================================
Received Import Request.
  Time of request: 2026-08-05T18:44:46.2138545Z
  Time since last request: 0.018496 seconds.
  importAddress: GUID: 75ea31011c3384cc1b2a331c903c71e8 - Path: Packages/com.unity.visualscripting/Runtime/VisualScripting.Core/Variables/VariableKindAttribute.cs - Importer: ScriptedImporter/UnityEditor.QuickSearchModule:UnityEditor.Search:ASIAI0B
Importing 'GUID: 75ea31011c3384cc1b2a331c903c71e8 - Path: Packages/com.unity.visualscripting/Runtime/VisualScripting.Core/Variables/VariableKindAttribute.cs - Importer: ScriptedImporter/UnityEditor.QuickSearchModule:UnityEditor.Search:ASIAI0B' with importer (ScriptedImporter : UnityEditor.QuickSearchModule:UnityEditor.Search:ASIAI0B)
Imported 'GUID: 75ea31011c3384cc1b2a331c903c71e8' -> (Import Result ID: 'e45c35f46ffe0acb9fa400ecb908c312') in 0.003 seconds [static and dynamic dependencies]. Details - ImportResultOutputID=a9d7504ff58b0bb6e9d9aac0f1854612 DependenciesID=f46c7a6d6e7725b2d39ebcfc3509b9ca StaticDependenciesID=2c459f78ede10e614325fb2ec31e8170 
Number of updated asset objects reloaded before import = 0
Number of asset objects unloaded after import = 0
========================================================================
Received Import Request.
  Time of request: 2026-08-05T18:44:46.2235621Z
  Time since last request: 0.0006122 seconds.
  importAddress: GUID: 1c63e9930078442aa987ca9a1511ae44 - Path: Packages/com.unity.visualscripting/Runtime/VisualScripting.Core/Variables/VariablesAsset.cs - Importer: ScriptedImporter/UnityEditor.QuickSearchModule:UnityEditor.Search:ASIAI0B
Importing 'GUID: 1c63e9930078442aa987ca9a1511ae44 - Path: Packages/com.unity.visualscripting/Runtime/VisualScripting.Core/Variables/VariablesAsset.cs - Importer: ScriptedImporter/UnityEditor.QuickSearchModule:UnityEditor.Search:ASIAI0B' with importer (ScriptedImporter : UnityEditor.QuickSearchModule:UnityEditor.Search:ASIAI0B)
Imported 'GUID: 1c63e9930078442aa987ca9a1511ae44' -> (Import Result ID: 'eb567304e3713778dbc2f9bcfcd64530') in 0.003 seconds [static and dynamic dependencies]. Details - ImportResultOutputID=d67b04bd21747c4331d8b8c58dca2973 DependenciesID=e39a1262d9c8a80cb3796a8755b1faf0 StaticDependenciesID=41507abf0b36608b69cc887c6f9fe7d9 
Number of updated asset objects reloaded before import = 0
Number of asset objects unloaded after import = 1
========================================================================
Received Import Request.
  Time of request: 2026-08-05T18:44:46.2334417Z
  Time since last request: 0.0001967 seconds.
  importAddress: GUID: 0f1343d6c8d3242ec84a6409f537028c - Path: Packages/com.unity.visualscripting/Runtime/VisualScripting.Flow/Ports/IUnitValuePortDefinition.cs - Importer: ScriptedImporter/UnityEditor.QuickSearchModule:UnityEditor.Search:ASIAI0B
Importing 'GUID: 0f1343d6c8d3242ec84a6409f537028c - Path: Packages/com.unity.visualscripting/Runtime/VisualScripting.Flow/Ports/IUnitValuePortDefinition.cs - Importer: ScriptedImporter/UnityEditor.QuickSearchModule:UnityEditor.Search:ASIAI0B' with importer (ScriptedImporter : UnityEditor.QuickSearchModule:UnityEditor.Search:ASIAI0B)
Imported 'GUID: 0f1343d6c8d3242ec84a6409f537028c' -> (Import Result ID: '20f9c45ca954790ae048ad57a704d84d') in 0.002 seconds [static and dynamic dependencies]. Details - ImportResultOutputID=11273c22aa56b27fa9564990b091df91 DependenciesID=a825fe2e316f35355fe5f35ae7b7e44e StaticDependenciesID=d2c7e1e1d3daf081fd14c41eefcb560c 
Number of updated asset objects reloaded before import = 0
Number of asset objects unloaded after import = 0
========================================================================
Received Import Request.
  Time of request: 2026-08-05T18:44:46.24374Z
  Time since last request: 0.0002089 seconds.
  importAddress: GUID: 3dc65ac6712541c586dbafa60214e23e - Path: Packages/com.unity.visualscripting/Runtime/VisualScripting.Flow/Framework/MissingType.cs - Importer: ScriptedImporter/UnityEditor.QuickSearchModule:UnityEditor.Search:ASIAI0B
Importing 'GUID: 3dc65ac6712541c586dbafa60214e23e - Path: Packages/com.unity.visualscripting/Runtime/VisualScripting.Flow/Framework/MissingType.cs - Importer: ScriptedImporter/UnityEditor.QuickSearchModule:UnityEditor.Search:ASIAI0B' with importer (ScriptedImporter : UnityEditor.QuickSearchModule:UnityEditor.Search:ASIAI0B)
Imported 'GUID: 3dc65ac6712541c586dbafa60214e23e' -> (Import Result ID: '03c99b9c7125b51ec6cfdc522438b3b6') in 0.002 seconds [static and dynamic dependencies]. Details - ImportResultOutputID=c4b6d0004842f57586dde4af7f1d5b9f DependenciesID=9b36b17d51923480cb0f47035d5e6b07 StaticDependenciesID=cf864f38c82755677383da4724192089 
Number of updated asset objects reloaded before import = 0
Number of asset objects unloaded after import = 0
========================================================================
Received Import Request.
  Time of request: 2026-08-05T18:44:46.2542685Z
  Time since last request: 0.0003232 seconds.
  importAddress: GUID: 9239efc28f45f4c848294b936db9bfa0 - Path: Packages/com.unity.visualscripting/Runtime/VisualScripting.Flow/Connections/IUnitConnectionDebugData.cs - Importer: ScriptedImporter/UnityEditor.QuickSearchModule:UnityEditor.Search:ASIAI0B
Importing 'GUID: 9239efc28f45f4c848294b936db9bfa0 - Path: Packages/com.unity.visualscripting/Runtime/VisualScripting.Flow/Connections/IUnitConnectionDebugData.cs - Importer: ScriptedImporter/UnityEditor.QuickSearchModule:UnityEditor.Search:ASIAI0B' with importer (ScriptedImporter : UnityEditor.QuickSearchModule:UnityEditor.Search:ASIAI0B)
Imported 'GUID: 9239efc28f45f4c848294b936db9bfa0' -> (Import Result ID: 'ff64b94934cae255621523d73717ffd5') in 0.002 seconds [static and dynamic dependencies]. Details - ImportResultOutputID=5ecbdebb61e824bb9c146c6b50ba025c DependenciesID=872320921b5b3374bc2a951ca0e35de0 StaticDependenciesID=3ba1057f524493eeef03721cb281c505 
Number of updated asset objects reloaded before import = 0
Number of asset objects unloaded after import = 0
========================================================================
Received Import Request.
  Time of request: 2026-08-05T18:44:46.263786Z
  Time since last request: 0.0003892 seconds.
  importAddress: GUID: 9e785d5d13e7445c59a02007dd2d9880 - Path: Packages/com.unity.visualscripting/Runtime/VisualScripting.Flow/Ports/IUnitControlPort.cs - Importer: ScriptedImporter/UnityEditor.QuickSearchModule:UnityEditor.Search:ASIAI0B
Importing 'GUID: 9e785d5d13e7445c59a02007dd2d9880 - Path: Packages/com.unity.visualscripting/Runtime/VisualScripting.Flow/Ports/IUnitControlPort.cs - Importer: ScriptedImporter/UnityEditor.QuickSearchModule:UnityEditor.Search:ASIAI0B' with importer (ScriptedImporter : UnityEditor.QuickSearchModule:UnityEditor.Search:ASIAI0B)
Imported 'GUID: 9e785d5d13e7445c59a02007dd2d9880' -> (Import Result ID: '2e14508ff0fea0298c4834f7727ff67f') in 0.002 seconds [static and dynamic dependencies]. Details - ImportResultOutputID=01e6b6412e1bc606320076265a06f7ce DependenciesID=554a8d0896092d1d4e52effec1a4a9bc StaticDependenciesID=e8609481bbcdc1bb8808fff577a17bed 
Number of updated asset objects reloaded before import = 0
Number of asset objects unloaded after import = 0
========================================================================
Received Import Request.
  Time of request: 2026-08-05T18:44:46.2728826Z
  Time since last request: 0.0002716 seconds.
  importAddress: GUID: 8b277cd84c6a344269542f249c6feafc - Path: Packages/com.unity.visualscripting/Runtime/VisualScripting.Flow/EditorBinding/PortLabelAttribute.cs - Importer: ScriptedImporter/UnityEditor.QuickSearchModule:UnityEditor.Search:ASIAI0B
Importing 'GUID: 8b277cd84c6a344269542f249c6feafc - Path: Packages/com.unity.visualscripting/Runtime/VisualScripting.Flow/EditorBinding/PortLabelAttribute.cs - Importer: ScriptedImporter/UnityEditor.QuickSearchModule:UnityEditor.Search:ASIAI0B' with importer (ScriptedImporter : UnityEditor.QuickSearchModule:UnityEditor.Search:ASIAI0B)
Imported 'GUID: 8b277cd84c6a344269542f249c6feafc' -> (Import Result ID: 'cf32570d58db986952a4f0f5284a5eda') in 0.002 seconds [static and dynamic dependencies]. Details - ImportResultOutputID=beab9289b410b6c1ca2bb7126d3b8d1c DependenciesID=cc18a9dee54809e23ac5b27eaffb719b StaticDependenciesID=50d5a1f01220f1e3dcd333c02eef6f95 
Number of updated asset objects reloaded before import = 0
Number of asset objects unloaded after import = 0
========================================================================
Received Import Request.
  Time of request: 2026-08-05T18:44:46.2824503Z
  Time since last request: 0.000251 seconds.
  importAddress: GUID: 37555ce9c5e6b4629a515670c9f64bef - Path: Packages/com.unity.visualscripting/Runtime/VisualScripting.Core/Variables/VariableDeclarationCollection.cs - Importer: ScriptedImporter/UnityEditor.QuickSearchModule:UnityEditor.Search:ASIAI0B
Importing 'GUID: 37555ce9c5e6b4629a515670c9f64bef - Path: Packages/com.unity.visualscripting/Runtime/VisualScripting.Core/Variables/VariableDeclarationCollection.cs - Importer: ScriptedImporter/UnityEditor.QuickSearchModule:UnityEditor.Search:ASIAI0B' with importer (ScriptedImporter : UnityEditor.QuickSearchModule:UnityEditor.Search:ASIAI0B)
Imported 'GUID: 37555ce9c5e6b4629a515670c9f64bef' -> (Import Result ID: '856e634ea63bf7760766274772e583b4') in 0.002 seconds [static and dynamic dependencies]. Details - ImportResultOutputID=009751ee5277b99ddc06b242f4d7770d DependenciesID=5c6ba214876a26a1a5f41eb9dd4dd631 StaticDependenciesID=ec6390c5cff7162662faae0a65c68f6e 
Number of updated asset objects reloaded before import = 0
Number of asset objects unloaded after import = 0
========================================================================
Received Import Request.
  Time of request: 2026-08-05T18:44:46.2917083Z
  Time since last request: 0.0002911 seconds.
  importAddress: GUID: 1bcc11c3be8a14cf18829115e5bf90b9 - Path: Packages/com.unity.visualscripting/Runtime/VisualScripting.Flow/Ports/ControlOutput.cs - Importer: ScriptedImporter/UnityEditor.QuickSearchModule:UnityEditor.Search:ASIAI0B
Importing 'GUID: 1bcc11c3be8a14cf18829115e5bf90b9 - Path: Packages/com.unity.visualscripting/Runtime/VisualScripting.Flow/Ports/ControlOutput.cs - Importer: ScriptedImporter/UnityEditor.QuickSearchModule:UnityEditor.Search:ASIAI0B' with importer (ScriptedImporter : UnityEditor.QuickSearchModule:UnityEditor.Search:ASIAI0B)
Imported 'GUID: 1bcc11c3be8a14cf18829115e5bf90b9' -> (Import Result ID: 'fdfd06b50deeb5c3dafbdd03ae3e77e7') in 0.002 seconds [static and dynamic dependencies]. Details - ImportResultOutputID=11d179549907e30a2293f9183b09f7b8 DependenciesID=4f2e278a2603a958c7f33cbbe678d0ba StaticDependenciesID=7a8aa979f17232343e5b316181f7a3f4 
Number of updated asset objects reloaded before import = 0
Number of asset objects unloaded after import = 0
========================================================================
Received Import Request.
  Time of request: 2026-08-05T18:44:46.3128403Z
  Time since last request: 0.0106205 seconds.
  importAddress: GUID: b918288aea8fd4431aa7bad5e41cb582 - Path: Packages/com.unity.visualscripting/Editor/VisualScripting.Core/Inspection/Primitives/CharInspector.cs - Importer: ScriptedImporter/UnityEditor.QuickSearchModule:UnityEditor.Search:ASIAI0B
Importing 'GUID: b918288aea8fd4431aa7bad5e41cb582 - Path: Packages/com.unity.visualscripting/Editor/VisualScripting.Core/Inspection/Primitives/CharInspector.cs - Importer: ScriptedImporter/UnityEditor.QuickSearchModule:UnityEditor.Search:ASIAI0B' with importer (ScriptedImporter : UnityEditor.QuickSearchModule:UnityEditor.Search:ASIAI0B)
Imported 'GUID: b918288aea8fd4431aa7bad5e41cb582' -> (Import Result ID: '50c2b5234c7ebd3ab21dc184166231b2') in 0.003 seconds [static and dynamic dependencies]. Details - ImportResultOutputID=7c0021b5e4b57466fd3395f46f218a20 DependenciesID=1120f8f1c78a859ee033196381fddabf StaticDependenciesID=5eb5a9e2965270baf63af62741836c91 
Number of updated asset objects reloaded before import = 0
Number of asset objects unloaded after import = 0
========================================================================
Received Import Request.
  Time of request: 2026-08-05T18:44:46.3231644Z
  Time since last request: 0.0004139 seconds.
  importAddress: GUID: 6e74deccaa2a24680b5734ca4ce92f8a - Path: Packages/com.unity.visualscripting/Editor/VisualScripting.Core/Inspection/Special/ReflectedInspector.cs - Importer: ScriptedImporter/UnityEditor.QuickSearchModule:UnityEditor.Search:ASIAI0B
Importing 'GUID: 6e74deccaa2a24680b5734ca4ce92f8a - Path: Packages/com.unity.visualscripting/Editor/VisualScripting.Core/Inspection/Special/ReflectedInspector.cs - Importer: ScriptedImporter/UnityEditor.QuickSearchModule:UnityEditor.Search:ASIAI0B' with importer (ScriptedImporter : UnityEditor.QuickSearchModule:UnityEditor.Search:ASIAI0B)
Imported 'GUID: 6e74deccaa2a24680b5734ca4ce92f8a' -> (Import Result ID: '1fc3b028ea9dd76e4fa13f40f1bf97bc') in 0.002 seconds [static and dynamic dependencies]. Details - ImportResultOutputID=a82f53736c51f8bf9e3c6f760cd0766a DependenciesID=9e57e692573ff52d23a5dfa8788fabe1 StaticDependenciesID=c26e4bae2086ecf932ed1c69d36c086b 
Number of updated asset objects reloaded before import = 0
Number of asset objects unloaded after import = 0
========================================================================
Received Import Request.
  Time of request: 2026-08-05T18:44:46.3328221Z
  Time since last request: 0.0002511 seconds.
  importAddress: GUID: a11d31e32a7a548efb97931180aa2523 - Path: Packages/com.unity.visualscripting/Editor/VisualScripting.Core/Inspection/Other/DictionaryAssetEditor.cs - Importer: ScriptedImporter/UnityEditor.QuickSearchModule:UnityEditor.Search:ASIAI0B
Importing 'GUID: a11d31e32a7a548efb97931180aa2523 - Path: Packages/com.unity.visualscripting/Editor/VisualScripting.Core/Inspection/Other/DictionaryAssetEditor.cs - Importer: ScriptedImporter/UnityEditor.QuickSearchModule:UnityEditor.Search:ASIAI0B' with importer (ScriptedImporter : UnityEditor.QuickSearchModule:UnityEditor.Search:ASIAI0B)
Imported 'GUID: a11d31e32a7a548efb97931180aa2523' -> (Import Result ID: '092ebdb0732a5c511631a45d9fcdd907') in 0.002 seconds [static and dynamic dependencies]. Details - ImportResultOutputID=a6aaf42ed1b076aa183d897e5c45acf1 DependenciesID=34979c4161a7180f25b6f9e1fad02fbf StaticDependenciesID=17adae7b3f771523c3c88bfe0baded00 
Number of updated asset objects reloaded before import = 0
Number of asset objects unloaded after import = 0
========================================================================
Received Import Request.
  Time of request: 2026-08-05T18:44:46.3431879Z
  Time since last request: 0.0002333 seconds.
  importAddress: GUID: 1827561248e74afe92bbcc68ec2c5615 - Path: Packages/com.unity.visualscripting/Editor/VisualScripting.Core/Inspection/Special/TypeHandleInspector.cs - Importer: ScriptedImporter/UnityEditor.QuickSearchModule:UnityEditor.Search:ASIAI0B
Importing 'GUID: 1827561248e74afe92bbcc68ec2c5615 - Path: Packages/com.unity.visualscripting/Editor/VisualScripting.Core/Inspection/Special/TypeHandleInspector.cs - Importer: ScriptedImporter/UnityEditor.QuickSearchModule:UnityEditor.Search:ASIAI0B' with importer (ScriptedImporter : UnityEditor.QuickSearchModule:UnityEditor.Search:ASIAI0B)
Imported 'GUID: 1827561248e74afe92bbcc68ec2c5615' -> (Import Result ID: '7b6fc5a78e3fe3f1b9bf108a41d812a8') in 0.002 seconds [static and dynamic dependencies]. Details - ImportResultOutputID=bcf0cb29a29d96fa15102bc1d2b69f9c DependenciesID=b049a0f76f165ed0c49b79ce9f19ab90 StaticDependenciesID=fe7ac3b32a06f416fb488643e3eaf8be 
Number of updated asset objects reloaded before import = 0
Number of asset objects unloaded after import = 0
========================================================================
Received Import Request.
  Time of request: 2026-08-05T18:44:46.3522644Z
  Time since last request: 0.0003882 seconds.
  importAddress: GUID: bd0ff5dee24964acaa3b0a7f63a98511 - Path: Packages/com.unity.visualscripting/Editor/VisualScripting.Core/Inspection/Unity/RectInspector.cs - Importer: ScriptedImporter/UnityEditor.QuickSearchModule:UnityEditor.Search:ASIAI0B
Importing 'GUID: bd0ff5dee24964acaa3b0a7f63a98511 - Path: Packages/com.unity.visualscripting/Editor/VisualScripting.Core/Inspection/Unity/RectInspector.cs - Importer: ScriptedImporter/UnityEditor.QuickSearchModule:UnityEditor.Search:ASIAI0B' with importer (ScriptedImporter : UnityEditor.QuickSearchModule:UnityEditor.Search:ASIAI0B)
Imported 'GUID: bd0ff5dee24964acaa3b0a7f63a98511' -> (Import Result ID: 'd56827470ba5c1afd0ca862e3564ab71') in 0.003 seconds [static and dynamic dependencies]. Details - ImportResultOutputID=54982e9c17632ccd1dedf49efe5bbd02 DependenciesID=fb0eb51f8dc4b50c6afc386563b7344b StaticDependenciesID=d2a9f4b05e9c43ed2beed5f18847d521 
Number of updated asset objects reloaded before import = 0
Number of asset objects unloaded after import = 0
========================================================================
Received Import Request.
  Time of request: 2026-08-05T18:44:46.3639447Z
  Time since last request: 0.0003238 seconds.
  importAddress: GUID: 7bd1a4340f988427c9760c4824afb566 - Path: Packages/com.unity.visualscripting/Editor/VisualScripting.Core/Inspection/Primitives/StringInspector.cs - Importer: ScriptedImporter/UnityEditor.QuickSearchModule:UnityEditor.Search:ASIAI0B
Importing 'GUID: 7bd1a4340f988427c9760c4824afb566 - Path: Packages/com.unity.visualscripting/Editor/VisualScripting.Core/Inspection/Primitives/StringInspector.cs - Importer: ScriptedImporter/UnityEditor.QuickSearchModule:UnityEditor.Search:ASIAI0B' with importer (ScriptedImporter : UnityEditor.QuickSearchModule:UnityEditor.Search:ASIAI0B)
Imported 'GUID: 7bd1a4340f988427c9760c4824afb566' -> (Import Result ID: 'd708a7e74c7e5eac297a60454ed97ddf') in 0.002 seconds [static and dynamic dependencies]. Details - ImportResultOutputID=a79fd7a7c5590935fb13681b3d2210d4 DependenciesID=09c23eba260893b43640525b7ea237dc StaticDependenciesID=ab13aaca18e5f31aff4e7a5989b4e77d 
Number of updated asset objects reloaded before import = 0
Number of asset objects unloaded after import = 0
========================================================================
Received Import Request.
  Time of request: 2026-08-05T18:44:46.3725573Z
  Time since last request: 0.0002618 seconds.
  importAddress: GUID: 54fbb90ddd9054f6193d3f4846fce13c - Path: Packages/com.unity.visualscripting/Editor/VisualScripting.Core/Inspection/Reflection/MemberInspector.cs - Importer: ScriptedImporter/UnityEditor.QuickSearchModule:UnityEditor.Search:ASIAI0B
Importing 'GUID: 54fbb90ddd9054f6193d3f4846fce13c - Path: Packages/com.unity.visualscripting/Editor/VisualScripting.Core/Inspection/Reflection/MemberInspector.cs - Importer: ScriptedImporter/UnityEditor.QuickSearchModule:UnityEditor.Search:ASIAI0B' with importer (ScriptedImporter : UnityEditor.QuickSearchModule:UnityEditor.Search:ASIAI0B)
Imported 'GUID: 54fbb90ddd9054f6193d3f4846fce13c' -> (Import Result ID: 'a60c6c38c49ff7b0f943110c6607bb46') in 0.002 seconds [static and dynamic dependencies]. Details - ImportResultOutputID=c559034a32642a35f1d1a4f522ca3e0f DependenciesID=66f5a19de6cb27156a883492b67e53a6 StaticDependenciesID=4aff10b6543992e9e29834e90836f0b9 
Number of updated asset objects reloaded before import = 0
Number of asset objects unloaded after import = 0
========================================================================
Received Import Request.
  Time of request: 2026-08-05T18:44:46.3816668Z
  Time since last request: 0.0002197 seconds.
  importAddress: GUID: b68375bac6f5348a0ae791cda5291b6d - Path: Packages/com.unity.visualscripting/Editor/VisualScripting.Core/Inspection/Primitives/DoubleInspector.cs - Importer: ScriptedImporter/UnityEditor.QuickSearchModule:UnityEditor.Search:ASIAI0B
Importing 'GUID: b68375bac6f5348a0ae791cda5291b6d - Path: Packages/com.unity.visualscripting/Editor/VisualScripting.Core/Inspection/Primitives/DoubleInspector.cs - Importer: ScriptedImporter/UnityEditor.QuickSearchModule:UnityEditor.Search:ASIAI0B' with importer (ScriptedImporter : UnityEditor.QuickSearchModule:UnityEditor.Search:ASIAI0B)
Imported 'GUID: b68375bac6f5348a0ae791cda5291b6d' -> (Import Result ID: '246e1cf172cc0c068105be3cad3c6c6b') in 0.002 seconds [static and dynamic dependencies]. Details - ImportResultOutputID=eee76f4b25b2348b464fe281cda8212e DependenciesID=03cab64a4bfb9053840dbfccf52589ac StaticDependenciesID=2dc1467f2f6e6fbe602f33872443c8f1 
Number of updated asset objects reloaded before import = 0
Number of asset objects unloaded after import = 0
========================================================================
Received Import Request.
  Time of request: 2026-08-05T18:44:46.3911433Z
  Time since last request: 0.0004277 seconds.
  importAddress: GUID: a42c30a36c1b94fb5a195f8db82a8f39 - Path: Packages/com.unity.visualscripting/Editor/VisualScripting.Core/Dependencies/ReorderableList/ReorderableListFlags.cs - Importer: ScriptedImporter/UnityEditor.QuickSearchModule:UnityEditor.Search:ASIAI0B
Importing 'GUID: a42c30a36c1b94fb5a195f8db82a8f39 - Path: Packages/com.unity.visualscripting/Editor/VisualScripting.Core/Dependencies/ReorderableList/ReorderableListFlags.cs - Importer: ScriptedImporter/UnityEditor.QuickSearchModule:UnityEditor.Search:ASIAI0B' with importer (ScriptedImporter : UnityEditor.QuickSearchModule:UnityEditor.Search:ASIAI0B)
Imported 'GUID: a42c30a36c1b94fb5a195f8db82a8f39' -> (Import Result ID: 'd9d267414cbad48289b94b93a82d7130') in 0.002 seconds [static and dynamic dependencies]. Details - ImportResultOutputID=f821dad273547965e69fa6b85a82e011 DependenciesID=0101f028232ff9ee37c946c39ed3889b StaticDependenciesID=a061f79bfd20926d885e7db86006117f 
Number of updated asset objects reloaded before import = 0
Number of asset objects unloaded after import = 0
========================================================================
Received Import Request.
  Time of request: 2026-08-05T18:44:46.400799Z
  Time since last request: 0.0001844 seconds.
  importAddress: GUID: 2730d662254047048aa9f746e34a579f - Path: Packages/com.unity.visualscripting/Editor/VisualScripting.Core/Dependencies/DotNetZip/Unity.VisualScripting.IonicZip.dll - Importer: ScriptedImporter/UnityEditor.QuickSearchModule:UnityEditor.Search:ASIAI0B
Importing 'GUID: 2730d662254047048aa9f746e34a579f - Path: Packages/com.unity.visualscripting/Editor/VisualScripting.Core/Dependencies/DotNetZip/Unity.VisualScripting.IonicZip.dll - Importer: ScriptedImporter/UnityEditor.QuickSearchModule:UnityEditor.Search:ASIAI0B' with importer (ScriptedImporter : UnityEditor.QuickSearchModule:UnityEditor.Search:ASIAI0B)
Imported 'GUID: 2730d662254047048aa9f746e34a579f' -> (Import Result ID: '56bc82f152c004209e3851c3870bc6d4') in 0.003 seconds [static and dynamic dependencies]. Details - ImportResultOutputID=5ad9d735f41987b2210e200113175c02 DependenciesID=0dfad9423e81ce7c24b9e5087fcf1001 StaticDependenciesID=c6b486e8cbb774efd9bcb752c175388c 
Number of updated asset objects reloaded before import = 0
Number of asset objects unloaded after import = 0
========================================================================
Received Import Request.
  Time of request: 2026-08-05T18:44:46.4298973Z
  Time since last request: 0.0194045 seconds.
  importAddress: GUID: a6fb76c72b5d847cba0072c4c58c2106 - Path: Packages/com.unity.visualscripting/Editor/VisualScripting.Core/Plugin/Changelogs/Changelog_1_3_0.cs - Importer: ScriptedImporter/UnityEditor.QuickSearchModule:UnityEditor.Search:ASIAI0B
Importing 'GUID: a6fb76c72b5d847cba0072c4c58c2106 - Path: Packages/com.unity.visualscripting/Editor/VisualScripting.Core/Plugin/Changelogs/Changelog_1_3_0.cs - Importer: ScriptedImporter/UnityEditor.QuickSearchModule:UnityEditor.Search:ASIAI0B' with importer (ScriptedImporter : UnityEditor.QuickSearchModule:UnityEditor.Search:ASIAI0B)
Imported 'GUID: a6fb76c72b5d847cba0072c4c58c2106' -> (Import Result ID: 'b84094493400a85355490e73d55d276a') in 0.003 seconds [static and dynamic dependencies]. Details - ImportResultOutputID=26ea8fbe9b1a66dcedc76ae55dd840e2 DependenciesID=89fe8f814e20c44edf68d31e87ed17de StaticDependenciesID=6a79dc1ab6982f13da33e1e58df2da5a 
Number of updated asset objects reloaded before import = 0
Number of asset objects unloaded after import = 0
========================================================================
Received Import Request.
  Time of request: 2026-08-05T18:44:46.4399452Z
  Time since last request: 0.0008705 seconds.
  importAddress: GUID: db9daf0f78ef94c7081a513c1b2bf5cb - Path: Packages/com.unity.visualscripting/Editor/VisualScripting.Core/Interface/Fuzzy/FuzzyOptionProvider.cs - Importer: ScriptedImporter/UnityEditor.QuickSearchModule:UnityEditor.Search:ASIAI0B
Importing 'GUID: db9daf0f78ef94c7081a513c1b2bf5cb - Path: Packages/com.unity.visualscripting/Editor/VisualScripting.Core/Interface/Fuzzy/FuzzyOptionProvider.cs - Importer: ScriptedImporter/UnityEditor.QuickSearchModule:UnityEditor.Search:ASIAI0B' with importer (ScriptedImporter : UnityEditor.QuickSearchModule:UnityEditor.Search:ASIAI0B)
Imported 'GUID: db9daf0f78ef94c7081a513c1b2bf5cb' -> (Import Result ID: 'f049ea594f579cb612935fe25fe93b96') in 0.003 seconds [static and dynamic dependencies]. Details - ImportResultOutputID=0da23db8cf40c05ccfcef82255906634 DependenciesID=86643fa93b3199de3d37ef2164bdfa11 StaticDependenciesID=1c57e45e2f240a5a68b0b930b1ad93c1 
Number of updated asset objects reloaded before import = 0
Number of asset objects unloaded after import = 0
========================================================================
Received Import Request.
  Time of request: 2026-08-05T18:44:46.449763Z
  Time since last request: 0.0004572 seconds.
  importAddress: GUID: 7ff9815f6ce364959b700cfc1be6bb43 - Path: Packages/com.unity.visualscripting/Editor/VisualScripting.Core/Interface/Fuzzy/FuzzyOption.cs - Importer: ScriptedImporter/UnityEditor.QuickSearchModule:UnityEditor.Search:ASIAI0B
Importing 'GUID: 7ff9815f6ce364959b700cfc1be6bb43 - Path: Packages/com.unity.visualscripting/Editor/VisualScripting.Core/Interface/Fuzzy/FuzzyOption.cs - Importer: ScriptedImporter/UnityEditor.QuickSearchModule:UnityEditor.Search:ASIAI0B' with importer (ScriptedImporter : UnityEditor.QuickSearchModule:UnityEditor.Search:ASIAI0B)
Imported 'GUID: 7ff9815f6ce364959b700cfc1be6bb43' -> (Import Result ID: '799013d7d55ff78e545f34f5839605ef') in 0.002 seconds [static and dynamic dependencies]. Details - ImportResultOutputID=65f3d80bf243253cf638f2dc77633afe DependenciesID=898e9a118a525edf352a6296cfc47e7e StaticDependenciesID=12f5193717c95c2b237dc3ce065a9ebc 
Number of updated asset objects reloaded before import = 0
Number of asset objects unloaded after import = 0
========================================================================
Received Import Request.
  Time of request: 2026-08-05T18:44:46.4600223Z
  Time since last request: 0.0004996 seconds.
  importAddress: GUID: 85cf2bd01a22a4999b46ab6cd587ce89 - Path: Packages/com.unity.visualscripting/Editor/VisualScripting.Core/Interface/Icons/Icons.cs - Importer: ScriptedImporter/UnityEditor.QuickSearchModule:UnityEditor.Search:ASIAI0B
Importing 'GUID: 85cf2bd01a22a4999b46ab6cd587ce89 - Path: Packages/com.unity.visualscripting/Editor/VisualScripting.Core/Interface/Icons/Icons.cs - Importer: ScriptedImporter/UnityEditor.QuickSearchModule:UnityEditor.Search:ASIAI0B' with importer (ScriptedImporter : UnityEditor.QuickSearchModule:UnityEditor.Search:ASIAI0B)
Imported 'GUID: 85cf2bd01a22a4999b46ab6cd587ce89' -> (Import Result ID: 'fb40572543598a8dd8996f6417d3cebf') in 0.002 seconds [static and dynamic dependencies]. Details - ImportResultOutputID=5bd25dd18590f53cbdb62b8aa0655e55 DependenciesID=1dea3dd8ef30f722d1c8206e19ea1e3a StaticDependenciesID=37ae3b2f55dba32dcf1b259e00e1ac3b 
Number of updated asset objects reloaded before import = 0
Number of asset objects unloaded after import = 0
========================================================================
Received Import Request.
  Time of request: 2026-08-05T18:44:46.4708209Z
  Time since last request: 0.000317 seconds.
  importAddress: GUID: bb972bdab79214531b8b1aa2e5cf2780 - Path: Packages/com.unity.visualscripting/Editor/VisualScripting.Core/Plugin/Migrations/Migration_1_4_0_f5_to_1_4_0_f6.cs - Importer: ScriptedImporter/UnityEditor.QuickSearchModule:UnityEditor.Search:ASIAI0B
Importing 'GUID: bb972bdab79214531b8b1aa2e5cf2780 - Path: Packages/com.unity.visualscripting/Editor/VisualScripting.Core/Plugin/Migrations/Migration_1_4_0_f5_to_1_4_0_f6.cs - Importer: ScriptedImporter/UnityEditor.QuickSearchModule:UnityEditor.Search:ASIAI0B' with importer (ScriptedImporter : UnityEditor.QuickSearchModule:UnityEditor.Search:ASIAI0B)
Imported 'GUID: bb972bdab79214531b8b1aa2e5cf2780' -> (Import Result ID: '2437c5c9cb072af5e599aa00724029f9') in 0.002 seconds [static and dynamic dependencies]. Details - ImportResultOutputID=68203346ce13ec91ea140b2dbbbe85f8 DependenciesID=650274bd623e28a225a5e7c0b97cbabe StaticDependenciesID=7695824cb654e67f4f0fc8ce825cd971 
Number of updated asset objects reloaded before import = 0
Number of asset objects unloaded after import = 0
========================================================================
Received Import Request.
  Time of request: 2026-08-05T18:44:46.4804486Z
  Time since last request: 0.0004088 seconds.
  importAddress: GUID: eb9647afc6f6d44debd0af3ef5828b88 - Path: Packages/com.unity.visualscripting/Editor/VisualScripting.Core/Plugin/Migrations/Migration_1_0_5_to_1_0_6.cs - Importer: ScriptedImporter/UnityEditor.QuickSearchModule:UnityEditor.Search:ASIAI0B
Importing 'GUID: eb9647afc6f6d44debd0af3ef5828b88 - Path: Packages/com.unity.visualscripting/Editor/VisualScripting.Core/Plugin/Migrations/Migration_1_0_5_to_1_0_6.cs - Importer: ScriptedImporter/UnityEditor.QuickSearchModule:UnityEditor.Search:ASIAI0B' with importer (ScriptedImporter : UnityEditor.QuickSearchModule:UnityEditor.Search:ASIAI0B)
Imported 'GUID: eb9647afc6f6d44debd0af3ef5828b88' -> (Import Result ID: 'ea90f8a000648187c4d50e7582c511bd') in 0.003 seconds [static and dynamic dependencies]. Details - ImportResultOutputID=3ee8ea515f0ab5ad9e62c9f68fce7574 DependenciesID=39601926fd8181042e70d381ec150b86 StaticDependenciesID=fd71ac6b58cdc2ea9fefc6b9f5ddd869 
Number of updated asset objects reloaded before import = 0
Number of asset objects unloaded after import = 0
========================================================================
Received Import Request.
  Time of request: 2026-08-05T18:44:46.491861Z
  Time since last request: 0.0003711 seconds.
  importAddress: GUID: c650029e689f843618f21c6f08c00f66 - Path: Packages/com.unity.visualscripting/Editor/VisualScripting.Core/Interface/Fuzzy/ExtensibleFuzzyOptionTree.cs - Importer: ScriptedImporter/UnityEditor.QuickSearchModule:UnityEditor.Search:ASIAI0B
Importing 'GUID: c650029e689f843618f21c6f08c00f66 - Path: Packages/com.unity.visualscripting/Editor/VisualScripting.Core/Interface/Fuzzy/ExtensibleFuzzyOptionTree.cs - Importer: ScriptedImporter/UnityEditor.QuickSearchModule:UnityEditor.Search:ASIAI0B' with importer (ScriptedImporter : UnityEditor.QuickSearchModule:UnityEditor.Search:ASIAI0B)
Imported 'GUID: c650029e689f843618f21c6f08c00f66' -> (Import Result ID: 'e3da5beb29924b1d9eeb9ceac65ecfd3') in 0.002 seconds [static and dynamic dependencies]. Details - ImportResultOutputID=926d5c1a72add0b2b6f247fa85e75a0f DependenciesID=766b49491a2918d65d819ce860bbe331 StaticDependenciesID=cbbcd63b4a1cac492fa8429fb14b46bc 
Number of updated asset objects reloaded before import = 0
Number of asset objects unloaded after import = 0
========================================================================
Received Import Request.
  Time of request: 2026-08-05T18:44:46.5009783Z
  Time since last request: 0.0003668 seconds.
  importAddress: GUID: 3ccf7c963ed3144518e774dd9b70457a - Path: Packages/com.unity.visualscripting/Editor/VisualScripting.Core/Interface/Licenses/License.MIT.cs - Importer: ScriptedImporter/UnityEditor.QuickSearchModule:UnityEditor.Search:ASIAI0B
Importing 'GUID: 3ccf7c963ed3144518e774dd9b70457a - Path: Packages/com.unity.visualscripting/Editor/VisualScripting.Core/Interface/Licenses/License.MIT.cs - Importer: ScriptedImporter/UnityEditor.QuickSearchModule:UnityEditor.Search:ASIAI0B' with importer (ScriptedImporter : UnityEditor.QuickSearchModule:UnityEditor.Search:ASIAI0B)
Imported 'GUID: 3ccf7c963ed3144518e774dd9b70457a' -> (Import Result ID: '97e844abb441fd7c903cdadba2c17eeb') in 0.002 seconds [static and dynamic dependencies]. Details - ImportResultOutputID=6991569ad128f8d8af1da2e851e702cf DependenciesID=24987c138ab3aa73c19b65671604a8b2 StaticDependenciesID=f9bb5a863858a84e7e8bf70e92d8a1ce 
Number of updated asset objects reloaded before import = 0
Number of asset objects unloaded after import = 0
========================================================================
Received Import Request.
  Time of request: 2026-08-05T18:44:46.5104489Z
  Time since last request: 0.0002868 seconds.
  importAddress: GUID: c7efae351707f4343824711d8c31f2af - Path: Packages/com.unity.visualscripting/Editor/VisualScripting.Core/Plugin/Acknowledgements/Acknowledgement_FullSerializer.cs - Importer: ScriptedImporter/UnityEditor.QuickSearchModule:UnityEditor.Search:ASIAI0B
Importing 'GUID: c7efae351707f4343824711d8c31f2af - Path: Packages/com.unity.visualscripting/Editor/VisualScripting.Core/Plugin/Acknowledgements/Acknowledgement_FullSerializer.cs - Importer: ScriptedImporter/UnityEditor.QuickSearchModule:UnityEditor.Search:ASIAI0B' with importer (ScriptedImporter : UnityEditor.QuickSearchModule:UnityEditor.Search:ASIAI0B)
Imported 'GUID: c7efae351707f4343824711d8c31f2af' -> (Import Result ID: '0dbe6f656d0359a936fae4f22e45b16c') in 0.003 seconds [static and dynamic dependencies]. Details - ImportResultOutputID=189b2402c94629225ab6f916a2f21a9d DependenciesID=5aaebf33a81890bf7a7b22c5520e4a96 StaticDependenciesID=8722590d4057285ab3f3d1b1b97e964a 
Number of updated asset objects reloaded before import = 0
Number of asset objects unloaded after import = 0
========================================================================
Received Import Request.
  Time of request: 2026-08-05T18:44:46.5423671Z
  Time since last request: 0.0197057 seconds.
  importAddress: GUID: cbba72664e24a4752a7ca4a3352735a5 - Path: Packages/com.unity.visualscripting/Editor/VisualScripting.Flow/Framework/Codebase/MemberUnitDescriptor.cs - Importer: ScriptedImporter/UnityEditor.QuickSearchModule:UnityEditor.Search:ASIAI0B
Importing 'GUID: cbba72664e24a4752a7ca4a3352735a5 - Path: Packages/com.unity.visualscripting/Editor/VisualScripting.Flow/Framework/Codebase/MemberUnitDescriptor.cs - Importer: ScriptedImporter/UnityEditor.QuickSearchModule:UnityEditor.Search:ASIAI0B' with importer (ScriptedImporter : UnityEditor.QuickSearchModule:UnityEditor.Search:ASIAI0B)
Imported 'GUID: cbba72664e24a4752a7ca4a3352735a5' -> (Import Result ID: 'e88cebbbc889cc94dcceed5a5481c0c7') in 0.003 seconds [static and dynamic dependencies]. Details - ImportResultOutputID=f4499b6e3bff2235d79f983e3106e3ff DependenciesID=63e24f9088d01bbfef9022e4f3cbfd87 StaticDependenciesID=c772bfed2fc7df7db35e29a5ff3aa95b 
Number of updated asset objects reloaded before import = 0
Number of asset objects unloaded after import = 0
========================================================================
Received Import Request.
  Time of request: 2026-08-05T18:44:46.5527873Z
  Time since last request: 0.0009673 seconds.
  importAddress: GUID: efe957c61ae624ee2bfbcccad6c40b02 - Path: Packages/com.unity.visualscripting/Editor/VisualScripting.Flow/Framework/Codebase/InvokeMemberDescriptor.cs - Importer: ScriptedImporter/UnityEditor.QuickSearchModule:UnityEditor.Search:ASIAI0B
Importing 'GUID: efe957c61ae624ee2bfbcccad6c40b02 - Path: Packages/com.unity.visualscripting/Editor/VisualScripting.Flow/Framework/Codebase/InvokeMemberDescriptor.cs - Importer: ScriptedImporter/UnityEditor.QuickSearchModule:UnityEditor.Search:ASIAI0B' with importer (ScriptedImporter : UnityEditor.QuickSearchModule:UnityEditor.Search:ASIAI0B)
Imported 'GUID: efe957c61ae624ee2bfbcccad6c40b02' -> (Import Result ID: '0183bd654bc0231196e5c6b4ba8a1bce') in 0.002 seconds [static and dynamic dependencies]. Details - ImportResultOutputID=b999ac4cfb2ea0d097c09d1021709508 DependenciesID=1a494564052bad77246da5fed81ac6ae StaticDependenciesID=560fca51b73ab6e6e056904a8f766e1e 
Number of updated asset objects reloaded before import = 0
Number of asset objects unloaded after import = 0
========================================================================
Received Import Request.
  Time of request: 2026-08-05T18:44:46.5626218Z
  Time since last request: 0.0002553 seconds.
  importAddress: GUID: 219311327f63045b68b424f66c8738e5 - Path: Packages/com.unity.visualscripting/Editor/VisualScripting.Flow/Framework/Control/SelectOnIntegerDescriptor.cs - Importer: ScriptedImporter/UnityEditor.QuickSearchModule:UnityEditor.Search:ASIAI0B
Importing 'GUID: 219311327f63045b68b424f66c8738e5 - Path: Packages/com.unity.visualscripting/Editor/VisualScripting.Flow/Framework/Control/SelectOnIntegerDescriptor.cs - Importer: ScriptedImporter/UnityEditor.QuickSearchModule:UnityEditor.Search:ASIAI0B' with importer (ScriptedImporter : UnityEditor.QuickSearchModule:UnityEditor.Search:ASIAI0B)
Imported 'GUID: 219311327f63045b68b424f66c8738e5' -> (Import Result ID: '489e095232f07e1a3459fee111603bbf') in 0.002 seconds [static and dynamic dependencies]. Details - ImportResultOutputID=5cb68660d982664cce41f3d516d44fd8 DependenciesID=c5e2427f2573c4ed0d6aca91b7601399 StaticDependenciesID=e716fbaaf554635160d501bb243987cb 
Number of updated asset objects reloaded before import = 0
Number of asset objects unloaded after import = 0
========================================================================
Received Import Request.
  Time of request: 2026-08-05T18:44:46.5730651Z
  Time since last request: 0.0007145 seconds.
  importAddress: GUID: 864d86c69db0b4ea58f2cce27af5efc5 - Path: Packages/com.unity.visualscripting/Editor/VisualScripting.Core/Windows/UpdateWizard/UpdateBackupPage.cs - Importer: ScriptedImporter/UnityEditor.QuickSearchModule:UnityEditor.Search:ASIAI0B
Importing 'GUID: 864d86c69db0b4ea58f2cce27af5efc5 - Path: Packages/com.unity.visualscripting/Editor/VisualScripting.Core/Windows/UpdateWizard/UpdateBackupPage.cs - Importer: ScriptedImporter/UnityEditor.QuickSearchModule:UnityEditor.Search:ASIAI0B' with importer (ScriptedImporter : UnityEditor.QuickSearchModule:UnityEditor.Search:ASIAI0B)
Imported 'GUID: 864d86c69db0b4ea58f2cce27af5efc5' -> (Import Result ID: '3a7396521bc0fa29284ee23019bf4c40') in 0.002 seconds [static and dynamic dependencies]. Details - ImportResultOutputID=7d767652e491eff3999eaf0fe0c79b3f DependenciesID=eb995ebaf7de8f48926988d6aaa5659d StaticDependenciesID=0c75b8591621c39ae63ea435380bb145 
Number of updated asset objects reloaded before import = 0
Number of asset objects unloaded after import = 0
========================================================================
Received Import Request.
  Time of request: 2026-08-05T18:44:46.5832096Z
  Time since last request: 0.0002055 seconds.
  importAddress: GUID: 3b771a374985f491095b3fc2ffdd1c72 - Path: Packages/com.unity.visualscripting/Editor/VisualScripting.Core/Windows/AboutWindow/AboutablePage.cs - Importer: ScriptedImporter/UnityEditor.QuickSearchModule:UnityEditor.Search:ASIAI0B
Importing 'GUID: 3b771a374985f491095b3fc2ffdd1c72 - Path: Packages/com.unity.visualscripting/Editor/VisualScripting.Core/Windows/AboutWindow/AboutablePage.cs - Importer: ScriptedImporter/UnityEditor.QuickSearchModule:UnityEditor.Search:ASIAI0B' with importer (ScriptedImporter : UnityEditor.QuickSearchModule:UnityEditor.Search:ASIAI0B)
Imported 'GUID: 3b771a374985f491095b3fc2ffdd1c72' -> (Import Result ID: 'fbf2c5efd9f71eb1e4208a1a409b57a1') in 0.003 seconds [static and dynamic dependencies]. Details - ImportResultOutputID=0c0203173f8142c3b5936ff9c7ec07c1 DependenciesID=8897ef16bcc5f220e1168e6f19c83ff1 StaticDependenciesID=c5a40da9a9bbf1fa8145f6e76cbd4c2b 
Number of updated asset objects reloaded before import = 0
Number of asset objects unloaded after import = 0
========================================================================
Received Import Request.
  Time of request: 2026-08-05T18:44:46.5947944Z
  Time since last request: 0.0004683 seconds.
  importAddress: GUID: be8bdd9b815a74b98927b0f862dfd0b2 - Path: Packages/com.unity.visualscripting/Editor/VisualScripting.Flow/Framework/Codebase/MemberUnitAnalyser.cs - Importer: ScriptedImporter/UnityEditor.QuickSearchModule:UnityEditor.Search:ASIAI0B
Importing 'GUID: be8bdd9b815a74b98927b0f862dfd0b2 - Path: Packages/com.unity.visualscripting/Editor/VisualScripting.Flow/Framework/Codebase/MemberUnitAnalyser.cs - Importer: ScriptedImporter/UnityEditor.QuickSearchModule:UnityEditor.Search:ASIAI0B' with importer (ScriptedImporter : UnityEditor.QuickSearchModule:UnityEditor.Search:ASIAI0B)
Imported 'GUID: be8bdd9b815a74b98927b0f862dfd0b2' -> (Import Result ID: '38cabbd52a4b1c737b29c6e4c1359b74') in 0.002 seconds [static and dynamic dependencies]. Details - ImportResultOutputID=3c6e8f8d335bd3c771222ad09cd985ed DependenciesID=73f35ca56ea004e804995dc438420f10 StaticDependenciesID=53ba0216ca76568e87225140ae9bcffa 
Number of updated asset objects reloaded before import = 0
Number of asset objects unloaded after import = 0
========================================================================
Received Import Request.
  Time of request: 2026-08-05T18:44:46.6039475Z
  Time since last request: 0.000224 seconds.
  importAddress: GUID: 1b3cccc8cd40a4a1f8d96eace91116a2 - Path: Packages/com.unity.visualscripting/Editor/VisualScripting.Flow/Framework/Codebase/SetMemberDescriptor.cs - Importer: ScriptedImporter/UnityEditor.QuickSearchModule:UnityEditor.Search:ASIAI0B
Importing 'GUID: 1b3cccc8cd40a4a1f8d96eace91116a2 - Path: Packages/com.unity.visualscripting/Editor/VisualScripting.Flow/Framework/Codebase/SetMemberDescriptor.cs - Importer: ScriptedImporter/UnityEditor.QuickSearchModule:UnityEditor.Search:ASIAI0B' with importer (ScriptedImporter : UnityEditor.QuickSearchModule:UnityEditor.Search:ASIAI0B)
Imported 'GUID: 1b3cccc8cd40a4a1f8d96eace91116a2' -> (Import Result ID: 'c5f11c2bd7dc6eb6bd52639c4705fa18') in 0.002 seconds [static and dynamic dependencies]. Details - ImportResultOutputID=e533940e5dd3a27d1cfdf5b0b2f2c9a9 DependenciesID=952bcfe8e00f7377dbf00535d2e937c6 StaticDependenciesID=603e89a56486c1db2e173deea500f75d 
Number of updated asset objects reloaded before import = 0
Number of asset objects unloaded after import = 0
========================================================================
Received Import Request.
  Time of request: 2026-08-05T18:44:46.6132312Z
  Time since last request: 0.0001869 seconds.
  importAddress: GUID: 436db86b55e024205af707a121fe083c - Path: Packages/com.unity.visualscripting/Editor/VisualScripting.Core/Windows/Sidebars/SidebarAnchor.cs - Importer: ScriptedImporter/UnityEditor.QuickSearchModule:UnityEditor.Search:ASIAI0B
Importing 'GUID: 436db86b55e024205af707a121fe083c - Path: Packages/com.unity.visualscripting/Editor/VisualScripting.Core/Windows/Sidebars/SidebarAnchor.cs - Importer: ScriptedImporter/UnityEditor.QuickSearchModule:UnityEditor.Search:ASIAI0B' with importer (ScriptedImporter : UnityEditor.QuickSearchModule:UnityEditor.Search:ASIAI0B)
Imported 'GUID: 436db86b55e024205af707a121fe083c' -> (Import Result ID: '3f7e69cca004ed6e38b1b06d22e95631') in 0.003 seconds [static and dynamic dependencies]. Details - ImportResultOutputID=0334dbe8327610c48df9c59fee2c9df5 DependenciesID=d16302fa3eb3ca9a218012062c9122e2 StaticDependenciesID=5c6662cf04137e0ec9024826714ef373 
Number of updated asset objects reloaded before import = 0
Number of asset objects unloaded after import = 0
========================================================================
Received Import Request.
  Time of request: 2026-08-05T18:44:46.6264447Z
  Time since last request: 0.0003618 seconds.
  importAddress: GUID: 06b8f93aa2ba64eac9ee9a125109551b - Path: Packages/com.unity.visualscripting/Editor/VisualScripting.Core/Windows/Sidebars/Sidebars.cs - Importer: ScriptedImporter/UnityEditor.QuickSearchModule:UnityEditor.Search:ASIAI0B
Importing 'GUID: 06b8f93aa2ba64eac9ee9a125109551b - Path: Packages/com.unity.visualscripting/Editor/VisualScripting.Core/Windows/Sidebars/Sidebars.cs - Importer: ScriptedImporter/UnityEditor.QuickSearchModule:UnityEditor.Search:ASIAI0B' with importer (ScriptedImporter : UnityEditor.QuickSearchModule:UnityEditor.Search:ASIAI0B)
Imported 'GUID: 06b8f93aa2ba64eac9ee9a125109551b' -> (Import Result ID: 'c7cbfad7f23f7536a05f5c29b90b8681') in 0.002 seconds [static and dynamic dependencies]. Details - ImportResultOutputID=c38daa42107319e0499476c20e1c7c84 DependenciesID=f8cf03e6fd1ae29e890a203bc3d36433 StaticDependenciesID=89618ceb1303bc435c0766a73e9ea2c4 
Number of updated asset objects reloaded before import = 0
Number of asset objects unloaded after import = 0
========================================================================
Received Import Request.
  Time of request: 2026-08-05T18:44:46.6566386Z
  Time since last request: 0.020245 seconds.
  importAddress: GUID: 60fc7941912584779820b794c8661bca - Path: Packages/com.unity.visualscripting/Editor/VisualScripting.Flow/Plugin/Changelogs/Changelog_1_2_0.cs - Importer: ScriptedImporter/UnityEditor.QuickSearchModule:UnityEditor.Search:ASIAI0B
Importing 'GUID: 60fc7941912584779820b794c8661bca - Path: Packages/com.unity.visualscripting/Editor/VisualScripting.Flow/Plugin/Changelogs/Changelog_1_2_0.cs - Importer: ScriptedImporter/UnityEditor.QuickSearchModule:UnityEditor.Search:ASIAI0B' with importer (ScriptedImporter : UnityEditor.QuickSearchModule:UnityEditor.Search:ASIAI0B)
Imported 'GUID: 60fc7941912584779820b794c8661bca' -> (Import Result ID: '237c68d131f1c405b341eb77b1b695ff') in 0.002 seconds [static and dynamic dependencies]. Details - ImportResultOutputID=a21b1b3defeb25069faed6f8cc46c180 DependenciesID=308ec8dee9b37dfd095c1260a6be299a StaticDependenciesID=ba80d9075a0e1811d6a069ce9af729ac 
Number of updated asset objects reloaded before import = 0
Number of asset objects unloaded after import = 0
========================================================================
Received Import Request.
  Time of request: 2026-08-05T18:44:46.6664344Z
  Time since last request: 0.0005049 seconds.
  importAddress: GUID: 9da5e47993cc143868fbaceb76639261 - Path: Packages/com.unity.visualscripting/Editor/VisualScripting.State/Plugin/Changelogs/Changelog_1_2_2.cs - Importer: ScriptedImporter/UnityEditor.QuickSearchModule:UnityEditor.Search:ASIAI0B
Importing 'GUID: 9da5e47993cc143868fbaceb76639261 - Path: Packages/com.unity.visualscripting/Editor/VisualScripting.State/Plugin/Changelogs/Changelog_1_2_2.cs - Importer: ScriptedImporter/UnityEditor.QuickSearchModule:UnityEditor.Search:ASIAI0B' with importer (ScriptedImporter : UnityEditor.QuickSearchModule:UnityEditor.Search:ASIAI0B)
Imported 'GUID: 9da5e47993cc143868fbaceb76639261' -> (Import Result ID: 'b7a98aa02247f6bf6a80d312671ef3f6') in 0.002 seconds [static and dynamic dependencies]. Details - ImportResultOutputID=788ffa5dad35b393085a52eeeaca64bd DependenciesID=af0d04283990fbd1802cd8309f49733b StaticDependenciesID=d248917b903d0e47c39f269775e0749d 
Number of updated asset objects reloaded before import = 0
Number of asset objects unloaded after import = 0
========================================================================
Received Import Request.
  Time of request: 2026-08-05T18:44:46.6771332Z
  Time since last request: 0.0004022 seconds.
  importAddress: GUID: 08be229f18d1b43f7a1bcf8db4bcb6f1 - Path: Packages/com.unity.visualscripting/Editor/VisualScripting.Flow/Plugin/Changelogs/Changelog_1_1_0..cs - Importer: ScriptedImporter/UnityEditor.QuickSearchModule:UnityEditor.Search:ASIAI0B
Importing 'GUID: 08be229f18d1b43f7a1bcf8db4bcb6f1 - Path: Packages/com.unity.visualscripting/Editor/VisualScripting.Flow/Plugin/Changelogs/Changelog_1_1_0..cs - Importer: ScriptedImporter/UnityEditor.QuickSearchModule:UnityEditor.Search:ASIAI0B' with importer (ScriptedImporter : UnityEditor.QuickSearchModule:UnityEditor.Search:ASIAI0B)
Imported 'GUID: 08be229f18d1b43f7a1bcf8db4bcb6f1' -> (Import Result ID: '45c12bbbfb21098ebd1e7343b24f64ff') in 0.002 seconds [static and dynamic dependencies]. Details - ImportResultOutputID=349653905654f29e2e8a101d32bead3d DependenciesID=9dd5c9d2f48a83a19d55c356c6aa4d7a StaticDependenciesID=38e362fe4a4637d7076b4460a7f4791c 
Number of updated asset objects reloaded before import = 0
Number of asset objects unloaded after import = 0
========================================================================
Received Import Request.
  Time of request: 2026-08-05T18:44:46.6875099Z
  Time since last request: 0.0002853 seconds.
  importAddress: GUID: 4ae4d3f2430124e44bd5968e7d4994cf - Path: Packages/com.unity.visualscripting/Editor/VisualScripting.Flow/Plugin/Migrations/Migration_1_1_2_to_1_1_3.cs - Importer: ScriptedImporter/UnityEditor.QuickSearchModule:UnityEditor.Search:ASIAI0B
Importing 'GUID: 4ae4d3f2430124e44bd5968e7d4994cf - Path: Packages/com.unity.visualscripting/Editor/VisualScripting.Flow/Plugin/Migrations/Migration_1_1_2_to_1_1_3.cs - Importer: ScriptedImporter/UnityEditor.QuickSearchModule:UnityEditor.Search:ASIAI0B' with importer (ScriptedImporter : UnityEditor.QuickSearchModule:UnityEditor.Search:ASIAI0B)
Imported 'GUID: 4ae4d3f2430124e44bd5968e7d4994cf' -> (Import Result ID: 'db8aeb2a1021e61887c65c2691b4fbb2') in 0.003 seconds [static and dynamic dependencies]. Details - ImportResultOutputID=39c61ace356091eba0b0bf28d97325a1 DependenciesID=a369f4f70f6222a422fd6919b2ac9947 StaticDependenciesID=67226328658142b3e60f64d33932c6d2 
Number of updated asset objects reloaded before import = 0
Number of asset objects unloaded after import = 0
========================================================================
Received Import Request.
  Time of request: 2026-08-05T18:44:46.6985228Z
  Time since last request: 0.000249 seconds.
  importAddress: GUID: 559c12ac10f9d41c59ecddd2f183d7d3 - Path: Packages/com.unity.visualscripting/Editor/VisualScripting.Flow/Plugin/Changelogs/Changelog_1_4_1.cs - Importer: ScriptedImporter/UnityEditor.QuickSearchModule:UnityEditor.Search:ASIAI0B
Importing 'GUID: 559c12ac10f9d41c59ecddd2f183d7d3 - Path: Packages/com.unity.visualscripting/Editor/VisualScripting.Flow/Plugin/Changelogs/Changelog_1_4_1.cs - Importer: ScriptedImporter/UnityEditor.QuickSearchModule:UnityEditor.Search:ASIAI0B' with importer (ScriptedImporter : UnityEditor.QuickSearchModule:UnityEditor.Search:ASIAI0B)
Imported 'GUID: 559c12ac10f9d41c59ecddd2f183d7d3' -> (Import Result ID: '256c0effe3fb40bc142a571b0f1b7594') in 0.002 seconds [static and dynamic dependencies]. Details - ImportResultOutputID=9cf77047916ca22f7245b13c49a6cb21 DependenciesID=1b8db36eded6ba953096611c0b130a44 StaticDependenciesID=df8eb372c2d5b92b369c0ceb05c7ba56 
Number of updated asset objects reloaded before import = 0
Number of asset objects unloaded after import = 0
========================================================================
Received Import Request.
  Time of request: 2026-08-05T18:44:46.709276Z
  Time since last request: 0.0002813 seconds.
  importAddress: GUID: cd9648444f40f4191982915f5289e6cc - Path: Packages/com.unity.visualscripting/Editor/VisualScripting.Flow/Framework/Nesting/NesterUnitEditor.cs - Importer: ScriptedImporter/UnityEditor.QuickSearchModule:UnityEditor.Search:ASIAI0B
Importing 'GUID: cd9648444f40f4191982915f5289e6cc - Path: Packages/com.unity.visualscripting/Editor/VisualScripting.Flow/Framework/Nesting/NesterUnitEditor.cs - Importer: ScriptedImporter/UnityEditor.QuickSearchModule:UnityEditor.Search:ASIAI0B' with importer (ScriptedImporter : UnityEditor.QuickSearchModule:UnityEditor.Search:ASIAI0B)
Imported 'GUID: cd9648444f40f4191982915f5289e6cc' -> (Import Result ID: '5bba11be732e6bf37f006bd2720c3491') in 0.002 seconds [static and dynamic dependencies]. Details - ImportResultOutputID=e1792f84215391537fc11810e570e95f DependenciesID=215e6ccff210ceae14bc6a88daa33664 StaticDependenciesID=ea2bfed7f304f98662a48fae4d624fd3 
Number of updated asset objects reloaded before import = 0
Number of asset objects unloaded after import = 0
========================================================================
Received Import Request.
  Time of request: 2026-08-05T18:44:46.7207526Z
  Time since last request: 0.0002836 seconds.
  importAddress: GUID: 08967dce54aef4d0d8e4e8e367f28cd5 - Path: Packages/com.unity.visualscripting/Editor/VisualScripting.Flow/Plugin/Changelogs/Changelog_1_1_1.cs - Importer: ScriptedImporter/UnityEditor.QuickSearchModule:UnityEditor.Search:ASIAI0B
Importing 'GUID: 08967dce54aef4d0d8e4e8e367f28cd5 - Path: Packages/com.unity.visualscripting/Editor/VisualScripting.Flow/Plugin/Changelogs/Changelog_1_1_1.cs - Importer: ScriptedImporter/UnityEditor.QuickSearchModule:UnityEditor.Search:ASIAI0B' with importer (ScriptedImporter : UnityEditor.QuickSearchModule:UnityEditor.Search:ASIAI0B)
Imported 'GUID: 08967dce54aef4d0d8e4e8e367f28cd5' -> (Import Result ID: 'f3b9ce7cbf9782207421a5fccdfdd05a') in 0.002 seconds [static and dynamic dependencies]. Details - ImportResultOutputID=f88f4140151e04dafeccad252c3f7f0d DependenciesID=2105236be0b6ecea79365ab4d4740a46 StaticDependenciesID=da0a9fc0c3de53a9d82d4cb97640a42e 
Number of updated asset objects reloaded before import = 0
Number of asset objects unloaded after import = 0
========================================================================
Received Import Request.
  Time of request: 2026-08-05T18:44:46.732154Z
  Time since last request: 0.0003258 seconds.
  importAddress: GUID: 8e8cdb556e8ed4b8e919d6d39e165125 - Path: Packages/com.unity.visualscripting/Editor/VisualScripting.State/Plugin/Changelogs/Changelog_1_4_1.cs - Importer: ScriptedImporter/UnityEditor.QuickSearchModule:UnityEditor.Search:ASIAI0B
Importing 'GUID: 8e8cdb556e8ed4b8e919d6d39e165125 - Path: Packages/com.unity.visualscripting/Editor/VisualScripting.State/Plugin/Changelogs/Changelog_1_4_1.cs - Importer: ScriptedImporter/UnityEditor.QuickSearchModule:UnityEditor.Search:ASIAI0B' with importer (ScriptedImporter : UnityEditor.QuickSearchModule:UnityEditor.Search:ASIAI0B)
Imported 'GUID: 8e8cdb556e8ed4b8e919d6d39e165125' -> (Import Result ID: '63469fea0f69d216e340c9ca5f1cdcc9') in 0.003 seconds [static and dynamic dependencies]. Details - ImportResultOutputID=d3f4811202ee92f8e1974e8d41f3dea0 DependenciesID=e0c4e274209d7dc7f314c6512cd3cde6 StaticDependenciesID=b399087d6700db753695d8cb914ca587 
Number of updated asset objects reloaded before import = 0
Number of asset objects unloaded after import = 0
========================================================================
Received Import Request.
  Time of request: 2026-08-05T18:44:46.7420268Z
  Time since last request: 0.0002637 seconds.
  importAddress: GUID: 2c693a7ac04049709a5412015f4be985 - Path: Packages/com.unity.visualscripting/Editor/VisualScripting.Flow/Plugin/Migrations/Migration_1_5_1_to_1_5_2.cs - Importer: ScriptedImporter/UnityEditor.QuickSearchModule:UnityEditor.Search:ASIAI0B
Importing 'GUID: 2c693a7ac04049709a5412015f4be985 - Path: Packages/com.unity.visualscripting/Editor/VisualScripting.Flow/Plugin/Migrations/Migration_1_5_1_to_1_5_2.cs - Importer: ScriptedImporter/UnityEditor.QuickSearchModule:UnityEditor.Search:ASIAI0B' with importer (ScriptedImporter : UnityEditor.QuickSearchModule:UnityEditor.Search:ASIAI0B)
Imported 'GUID: 2c693a7ac04049709a5412015f4be985' -> (Import Result ID: 'b96798270a2574be21b9d7adf202de24') in 0.003 seconds [static and dynamic dependencies]. Details - ImportResultOutputID=38646428665fd4f7523935b7576a1ea8 DependenciesID=8053fb11b0601306f5b8fd3518ed8ef6 StaticDependenciesID=5ccad65353869b52d25ddcc77d505f0a 
Number of updated asset objects reloaded before import = 0
Number of asset objects unloaded after import = 0
========================================================================
Received Import Request.
  Time of request: 2026-08-05T18:44:46.7736038Z
  Time since last request: 0.0197705 seconds.
  importAddress: GUID: b0c8cf2ada4fd4eb6b1a8960abf537f1 - Path: Packages/com.unity.visualscripting/Runtime/VisualScripting.Core/Dependencies/FullSerializer/fsJsonParser.cs - Importer: ScriptedImporter/UnityEditor.QuickSearchModule:UnityEditor.Search:ASIAI0B
Importing 'GUID: b0c8cf2ada4fd4eb6b1a8960abf537f1 - Path: Packages/com.unity.visualscripting/Runtime/VisualScripting.Core/Dependencies/FullSerializer/fsJsonParser.cs - Importer: ScriptedImporter/UnityEditor.QuickSearchModule:UnityEditor.Search:ASIAI0B' with importer (ScriptedImporter : UnityEditor.QuickSearchModule:UnityEditor.Search:ASIAI0B)
Imported 'GUID: b0c8cf2ada4fd4eb6b1a8960abf537f1' -> (Import Result ID: '8094ae172b995e503d20952eb090a177') in 0.003 seconds [static and dynamic dependencies]. Details - ImportResultOutputID=097abd29ced210aae47a77ca073f954a DependenciesID=9ac177fbe8670d9e1b8093b1321f1272 StaticDependenciesID=81c22cc4b5b1af8284a867bd1c9a0a0d 
Number of updated asset objects reloaded before import = 0
Number of asset objects unloaded after import = 0
========================================================================
Received Import Request.
  Time of request: 2026-08-05T18:44:46.7835157Z
  Time since last request: 0.0008027 seconds.
  importAddress: GUID: c8a633166309f436d921608f87c8ce45 - Path: Packages/com.unity.visualscripting/Runtime/VisualScripting.Core/EditorBinding/Inspector/InspectorActionDirectionAttribute.cs - Importer: ScriptedImporter/UnityEditor.QuickSearchModule:UnityEditor.Search:ASIAI0B
Importing 'GUID: c8a633166309f436d921608f87c8ce45 - Path: Packages/com.unity.visualscripting/Runtime/VisualScripting.Core/EditorBinding/Inspector/InspectorActionDirectionAttribute.cs - Importer: ScriptedImporter/UnityEditor.QuickSearchModule:UnityEditor.Search:ASIAI0B' with importer (ScriptedImporter : UnityEditor.QuickSearchModule:UnityEditor.Search:ASIAI0B)
Imported 'GUID: c8a633166309f436d921608f87c8ce45' -> (Import Result ID: '6743e354deb69298da2ec82af5494730') in 0.003 seconds [static and dynamic dependencies]. Details - ImportResultOutputID=2f352e9c0e11da2487382291a38aff71 DependenciesID=06493e9c14c679699b1b3487c578616b StaticDependenciesID=35f30b02cad837d33694226770b87aee 
Number of updated asset objects reloaded before import = 0
Number of asset objects unloaded after import = 0
========================================================================
Received Import Request.
  Time of request: 2026-08-05T18:44:46.7952328Z
  Time since last request: 0.0003225 seconds.
  importAddress: GUID: bb2273f662a444114949392f30936c92 - Path: Packages/com.unity.visualscripting/Runtime/VisualScripting.Core/Cloning/Cloners/DictionaryCloner.cs - Importer: ScriptedImporter/UnityEditor.QuickSearchModule:UnityEditor.Search:ASIAI0B
Importing 'GUID: bb2273f662a444114949392f30936c92 - Path: Packages/com.unity.visualscripting/Runtime/VisualScripting.Core/Cloning/Cloners/DictionaryCloner.cs - Importer: ScriptedImporter/UnityEditor.QuickSearchModule:UnityEditor.Search:ASIAI0B' with importer (ScriptedImporter : UnityEditor.QuickSearchModule:UnityEditor.Search:ASIAI0B)
Imported 'GUID: bb2273f662a444114949392f30936c92' -> (Import Result ID: '1d8bff28f3471fc4db018c8de35a3e1c') in 0.002 seconds [static and dynamic dependencies]. Details - ImportResultOutputID=eb50b0115f2c5e9aa28d5267f5beae2e DependenciesID=b53e24f797a0792b44128259fb9a0fb3 StaticDependenciesID=5c156732959b3baea1bc29b30eb781e3 
Number of updated asset objects reloaded before import = 0
Number of asset objects unloaded after import = 0
========================================================================
Received Import Request.
  Time of request: 2026-08-05T18:44:46.8058066Z
  Time since last request: 0.000211 seconds.
  importAddress: GUID: 515c7425ebc8472799a73080610d89c7 - Path: Packages/com.unity.visualscripting/Runtime/VisualScripting.Core/Listeners/MonoBehaviour/UnityOnMouseExitMessageListener.cs - Importer: ScriptedImporter/UnityEditor.QuickSearchModule:UnityEditor.Search:ASIAI0B
Importing 'GUID: 515c7425ebc8472799a73080610d89c7 - Path: Packages/com.unity.visualscripting/Runtime/VisualScripting.Core/Listeners/MonoBehaviour/UnityOnMouseExitMessageListener.cs - Importer: ScriptedImporter/UnityEditor.QuickSearchModule:UnityEditor.Search:ASIAI0B' with importer (ScriptedImporter : UnityEditor.QuickSearchModule:UnityEditor.Search:ASIAI0B)
Imported 'GUID: 515c7425ebc8472799a73080610d89c7' -> (Import Result ID: '0ba39cf19df9dcc61d4ac56b055ca663') in 0.002 seconds [static and dynamic dependencies]. Details - ImportResultOutputID=f1f4bb3f4bf2a76ee5cf862578747778 DependenciesID=ee2c4677330e36db762719eaf8b29d58 StaticDependenciesID=33951572b8dd4eca45a2e81acb2cef4a 
Number of updated asset objects reloaded before import = 0
Number of asset objects unloaded after import = 0
========================================================================
Received Import Request.
  Time of request: 2026-08-05T18:44:46.8150399Z
  Time since last request: 0.0002041 seconds.
  importAddress: GUID: cbda48de6424242dcbc9f142e5a80c40 - Path: Packages/com.unity.visualscripting/Runtime/VisualScripting.Core/Dependencies/FullSerializer/fsConverterRegistrar.cs - Importer: ScriptedImporter/UnityEditor.QuickSearchModule:UnityEditor.Search:ASIAI0B
Importing 'GUID: cbda48de6424242dcbc9f142e5a80c40 - Path: Packages/com.unity.visualscripting/Runtime/VisualScripting.Core/Dependencies/FullSerializer/fsConverterRegistrar.cs - Importer: ScriptedImporter/UnityEditor.QuickSearchModule:UnityEditor.Search:ASIAI0B' with importer (ScriptedImporter : UnityEditor.QuickSearchModule:UnityEditor.Search:ASIAI0B)
Imported 'GUID: cbda48de6424242dcbc9f142e5a80c40' -> (Import Result ID: 'b08b80a31d270c9cb274312df3dce7b9') in 0.002 seconds [static and dynamic dependencies]. Details - ImportResultOutputID=e44841e2703f77fbe1c5ca968abd67cc DependenciesID=7f66ae2f1c296c44cd6e1393d5786de6 StaticDependenciesID=db79500c812ab8f4ccdd5466a4998501 
Number of updated asset objects reloaded before import = 0
Number of asset objects unloaded after import = 0
========================================================================
Received Import Request.
  Time of request: 2026-08-05T18:44:46.8267521Z
  Time since last request: 0.0004297 seconds.
  importAddress: GUID: cfddb429b323a4b0eb5bbfb7c5ef6ac0 - Path: Packages/com.unity.visualscripting/Runtime/VisualScripting.Core/Cloning/Cloners/ListCloner.cs - Importer: ScriptedImporter/UnityEditor.QuickSearchModule:UnityEditor.Search:ASIAI0B
Importing 'GUID: cfddb429b323a4b0eb5bbfb7c5ef6ac0 - Path: Packages/com.unity.visualscripting/Runtime/VisualScripting.Core/Cloning/Cloners/ListCloner.cs - Importer: ScriptedImporter/UnityEditor.QuickSearchModule:UnityEditor.Search:ASIAI0B' with importer (ScriptedImporter : UnityEditor.QuickSearchModule:UnityEditor.Search:ASIAI0B)
Imported 'GUID: cfddb429b323a4b0eb5bbfb7c5ef6ac0' -> (Import Result ID: '23dbebb04ed45c41db21c903027c2de4') in 0.003 seconds [static and dynamic dependencies]. Details - ImportResultOutputID=e94c54c820439900480afaf772efb68c DependenciesID=c68ca490c7085382418aeb4b51ed2378 StaticDependenciesID=03d2d13f65dc47d708ce1053d9227ac0 
Number of updated asset objects reloaded before import = 0
Number of asset objects unloaded after import = 0
========================================================================
Received Import Request.
  Time of request: 2026-08-05T18:44:46.8369147Z
  Time since last request: 0.0002912 seconds.
  importAddress: GUID: e7dbda2fa1cf4475bb59c8c2a8058ace - Path: Packages/com.unity.visualscripting/Runtime/VisualScripting.Core/Ensure/Extensions/XComparable.cs - Importer: ScriptedImporter/UnityEditor.QuickSearchModule:UnityEditor.Search:ASIAI0B
Importing 'GUID: e7dbda2fa1cf4475bb59c8c2a8058ace - Path: Packages/com.unity.visualscripting/Runtime/VisualScripting.Core/Ensure/Extensions/XComparable.cs - Importer: ScriptedImporter/UnityEditor.QuickSearchModule:UnityEditor.Search:ASIAI0B' with importer (ScriptedImporter : UnityEditor.QuickSearchModule:UnityEditor.Search:ASIAI0B)
Imported 'GUID: e7dbda2fa1cf4475bb59c8c2a8058ace' -> (Import Result ID: '1491e860033878ee47a0aca4252533ab') in 0.002 seconds [static and dynamic dependencies]. Details - ImportResultOutputID=54cc78a98fa476dc71da28c9fb47637d DependenciesID=5e99ab162796d3bbdcba28db6627409b StaticDependenciesID=1d56a5c996180a49d3f61801190abc83 
Number of updated asset objects reloaded before import = 0
Number of asset objects unloaded after import = 0
========================================================================
Received Import Request.
  Time of request: 2026-08-05T18:44:46.8467928Z
  Time since last request: 0.0002192 seconds.
  importAddress: GUID: a89fd4e4b0f57420abbbed9404306b32 - Path: Packages/com.unity.visualscripting/Runtime/VisualScripting.Core/Dependencies/FullSerializer/fsObjectAttribute.cs - Importer: ScriptedImporter/UnityEditor.QuickSearchModule:UnityEditor.Search:ASIAI0B
Importing 'GUID: a89fd4e4b0f57420abbbed9404306b32 - Path: Packages/com.unity.visualscripting/Runtime/VisualScripting.Core/Dependencies/FullSerializer/fsObjectAttribute.cs - Importer: ScriptedImporter/UnityEditor.QuickSearchModule:UnityEditor.Search:ASIAI0B' with importer (ScriptedImporter : UnityEditor.QuickSearchModule:UnityEditor.Search:ASIAI0B)
Imported 'GUID: a89fd4e4b0f57420abbbed9404306b32' -> (Import Result ID: '1b231c22e68145da69aff7e33ca4e803') in 0.002 seconds [static and dynamic dependencies]. Details - ImportResultOutputID=753449a1edcd2f6d1f528c1867a95fac DependenciesID=38f08819369ce82bb35330765c7f5d8d StaticDependenciesID=57af458a5d23669c2307ef2a958e807d 
Number of updated asset objects reloaded before import = 0
Number of asset objects unloaded after import = 0
========================================================================
Received Import Request.
  Time of request: 2026-08-05T18:44:46.855648Z
  Time since last request: 0.0002162 seconds.
  importAddress: GUID: 90b15a896e1b468b9e634bb9b49bcb9e - Path: Packages/com.unity.visualscripting/Runtime/VisualScripting.Core/Listeners/MonoBehaviour/UnityOnTransformChildrenChangedMListener.cs - Importer: ScriptedImporter/UnityEditor.QuickSearchModule:UnityEditor.Search:ASIAI0B
Importing 'GUID: 90b15a896e1b468b9e634bb9b49bcb9e - Path: Packages/com.unity.visualscripting/Runtime/VisualScripting.Core/Listeners/MonoBehaviour/UnityOnTransformChildrenChangedMListener.cs - Importer: ScriptedImporter/UnityEditor.QuickSearchModule:UnityEditor.Search:ASIAI0B' with importer (ScriptedImporter : UnityEditor.QuickSearchModule:UnityEditor.Search:ASIAI0B)
Imported 'GUID: 90b15a896e1b468b9e634bb9b49bcb9e' -> (Import Result ID: '575fb1da8c68120e2bdd6750da625476') in 0.002 seconds [static and dynamic dependencies]. Details - ImportResultOutputID=ae53f6bbe2eff4b1457a3af03a6f6cc0 DependenciesID=273ac130e9165c910da412e2c0955e2f StaticDependenciesID=95f529af6fff5438ec99280a03ed2db8 
Number of updated asset objects reloaded before import = 0
Number of asset objects unloaded after import = 0
========================================================================
Received Import Request.
  Time of request: 2026-08-05T18:44:46.8757192Z
  Time since last request: 0.0104034 seconds.
  importAddress: GUID: 6ac39bd0abb61457399c6377fe2cdcc2 - Path: Packages/com.unity.visualscripting/Runtime/VisualScripting.Core/Reflection/Operators/NumericNegationHandler.cs - Importer: ScriptedImporter/UnityEditor.QuickSearchModule:UnityEditor.Search:ASIAI0B
Importing 'GUID: 6ac39bd0abb61457399c6377fe2cdcc2 - Path: Packages/com.unity.visualscripting/Runtime/VisualScripting.Core/Reflection/Operators/NumericNegationHandler.cs - Importer: ScriptedImporter/UnityEditor.QuickSearchModule:UnityEditor.Search:ASIAI0B' with importer (ScriptedImporter : UnityEditor.QuickSearchModule:UnityEditor.Search:ASIAI0B)
Imported 'GUID: 6ac39bd0abb61457399c6377fe2cdcc2' -> (Import Result ID: 'a950eb2cc6bf1d127f784d75875c8412') in 0.002 seconds [static and dynamic dependencies]. Details - ImportResultOutputID=4b41750344f433d53f67954ed4bd0039 DependenciesID=3640c281161698c68253a2ed9ced9568 StaticDependenciesID=a1fc7512d9ee19e7e9fdd7de0affc2ec 
Number of updated asset objects reloaded before import = 0
Number of asset objects unloaded after import = 0
========================================================================
Received Import Request.
  Time of request: 2026-08-05T18:44:46.8853137Z
  Time since last request: 0.0006611 seconds.
  importAddress: GUID: be80c21df4be46ceb5784af3bea6aea7 - Path: Packages/com.unity.visualscripting/Runtime/VisualScripting.Core/Listeners/UIInterfaces/UnityOnScrollMessageListener.cs - Importer: ScriptedImporter/UnityEditor.QuickSearchModule:UnityEditor.Search:ASIAI0B
Importing 'GUID: be80c21df4be46ceb5784af3bea6aea7 - Path: Packages/com.unity.visualscripting/Runtime/VisualScripting.Core/Listeners/UIInterfaces/UnityOnScrollMessageListener.cs - Importer: ScriptedImporter/UnityEditor.QuickSearchModule:UnityEditor.Search:ASIAI0B' with importer (ScriptedImporter : UnityEditor.QuickSearchModule:UnityEditor.Search:ASIAI0B)
Imported 'GUID: be80c21df4be46ceb5784af3bea6aea7' -> (Import Result ID: '683ecf27d4594b85140d3dafa6ade555') in 0.002 seconds [static and dynamic dependencies]. Details - ImportResultOutputID=69f7381de2ea641657667aaddd8103f3 DependenciesID=e8e31c1eb3ad691c44185dec73835eaa StaticDependenciesID=e1d215e5a85bb7da620840242bccce86 
Number of updated asset objects reloaded before import = 0
Number of asset objects unloaded after import = 0
========================================================================
Received Import Request.
  Time of request: 2026-08-05T18:44:46.8958546Z
  Time since last request: 0.0005915 seconds.
  importAddress: GUID: 08201d8f66454a09a1c1ea0c55eb778d - Path: Packages/com.unity.visualscripting/Runtime/VisualScripting.Core/Listeners/UIInterfaces/UnityOnPointerUpMessageListener.cs - Importer: ScriptedImporter/UnityEditor.QuickSearchModule:UnityEditor.Search:ASIAI0B
Importing 'GUID: 08201d8f66454a09a1c1ea0c55eb778d - Path: Packages/com.unity.visualscripting/Runtime/VisualScripting.Core/Listeners/UIInterfaces/UnityOnPointerUpMessageListener.cs - Importer: ScriptedImporter/UnityEditor.QuickSearchModule:UnityEditor.Search:ASIAI0B' with importer (ScriptedImporter : UnityEditor.QuickSearchModule:UnityEditor.Search:ASIAI0B)
Imported 'GUID: 08201d8f66454a09a1c1ea0c55eb778d' -> (Import Result ID: 'd029ff5867758b098c3652db795a819f') in 0.002 seconds [static and dynamic dependencies]. Details - ImportResultOutputID=fe13644c23f4b2b7f3e2ed1dce7f3b13 DependenciesID=dde03da1baf7a1cb9f938b3c2fef3080 StaticDependenciesID=732d4d414a3d46b532463278ee7701af 
Number of updated asset objects reloaded before import = 0
Number of asset objects unloaded after import = 0
========================================================================
Received Import Request.
  Time of request: 2026-08-05T18:44:46.9065601Z
  Time since last request: 0.0002479 seconds.
  importAddress: GUID: 90b8d0fe19604808aba0b0d4ae2b0c12 - Path: Packages/com.unity.visualscripting/Runtime/VisualScripting.Core/Listeners/UI/UnityOnSliderValueChangedMessageListener.cs - Importer: ScriptedImporter/UnityEditor.QuickSearchModule:UnityEditor.Search:ASIAI0B
Importing 'GUID: 90b8d0fe19604808aba0b0d4ae2b0c12 - Path: Packages/com.unity.visualscripting/Runtime/VisualScripting.Core/Listeners/UI/UnityOnSliderValueChangedMessageListener.cs - Importer: ScriptedImporter/UnityEditor.QuickSearchModule:UnityEditor.Search:ASIAI0B' with importer (ScriptedImporter : UnityEditor.QuickSearchModule:UnityEditor.Search:ASIAI0B)
Imported 'GUID: 90b8d0fe19604808aba0b0d4ae2b0c12' -> (Import Result ID: '1bb1d55ba89ccbfa4f4623aba4a9b52f') in 0.002 seconds [static and dynamic dependencies]. Details - ImportResultOutputID=6bc86f8a322ebdc1d2e235dc593de9fa DependenciesID=d26d5981c18000a01998aca70aa53e0d StaticDependenciesID=017f7901bdb5638509b9a58789771680 
Number of updated asset objects reloaded before import = 0
Number of asset objects unloaded after import = 0
========================================================================
Received Import Request.
  Time of request: 2026-08-05T18:44:46.9157881Z
  Time since last request: 0.0004414 seconds.
  importAddress: GUID: da2f29c1022a493897ccb5e5e3cfa8e6 - Path: Packages/com.unity.visualscripting/Runtime/VisualScripting.Core/Listeners/MonoBehaviour/UnityOnTriggerStayMListener.cs - Importer: ScriptedImporter/UnityEditor.QuickSearchModule:UnityEditor.Search:ASIAI0B
Importing 'GUID: da2f29c1022a493897ccb5e5e3cfa8e6 - Path: Packages/com.unity.visualscripting/Runtime/VisualScripting.Core/Listeners/MonoBehaviour/UnityOnTriggerStayMListener.cs - Importer: ScriptedImporter/UnityEditor.QuickSearchModule:UnityEditor.Search:ASIAI0B' with importer (ScriptedImporter : UnityEditor.QuickSearchModule:UnityEditor.Search:ASIAI0B)
Imported 'GUID: da2f29c1022a493897ccb5e5e3cfa8e6' -> (Import Result ID: '0116f771afc03453ccd933fc583e044e') in 0.003 seconds [static and dynamic dependencies]. Details - ImportResultOutputID=2ffc3ab1ff3789ad753a08e3f36b4baf DependenciesID=cf25b6f5df7d0d1b242ad350cc530a03 StaticDependenciesID=d261510c782a6513d2e967505832e00e 
Number of updated asset objects reloaded before import = 0
Number of asset objects unloaded after import = 0
========================================================================
Received Import Request.
  Time of request: 2026-08-05T18:44:46.9278316Z
  Time since last request: 0.0003682 seconds.
  importAddress: GUID: b7e750bab85614562acb6c17af1874fa - Path: Packages/com.unity.visualscripting/Runtime/VisualScripting.Core/Reflection/Operators/MultiplicationHandler.cs - Importer: ScriptedImporter/UnityEditor.QuickSearchModule:UnityEditor.Search:ASIAI0B
Importing 'GUID: b7e750bab85614562acb6c17af1874fa - Path: Packages/com.unity.visualscripting/Runtime/VisualScripting.Core/Reflection/Operators/MultiplicationHandler.cs - Importer: ScriptedImporter/UnityEditor.QuickSearchModule:UnityEditor.Search:ASIAI0B' with importer (ScriptedImporter : UnityEditor.QuickSearchModule:UnityEditor.Search:ASIAI0B)
Imported 'GUID: b7e750bab85614562acb6c17af1874fa' -> (Import Result ID: 'ae1b783c5b4253be02ecbde96741edb2') in 0.003 seconds [static and dynamic dependencies]. Details - ImportResultOutputID=7c912110827b829a09121df2a3db8ec9 DependenciesID=c8377645f2a1acd80348780b1c40cc76 StaticDependenciesID=1777e0d51fb643ad902e9c694a9c46ee 
Number of updated asset objects reloaded before import = 0
Number of asset objects unloaded after import = 0
========================================================================
Received Import Request.
  Time of request: 2026-08-05T18:44:46.9385066Z
  Time since last request: 0.0002265 seconds.
  importAddress: GUID: be0be1dccfccc4cef9ffc756df949339 - Path: Packages/com.unity.visualscripting/Runtime/VisualScripting.Core/Reflection/Operators/LessThanHandler.cs - Importer: ScriptedImporter/UnityEditor.QuickSearchModule:UnityEditor.Search:ASIAI0B
Importing 'GUID: be0be1dccfccc4cef9ffc756df949339 - Path: Packages/com.unity.visualscripting/Runtime/VisualScripting.Core/Reflection/Operators/LessThanHandler.cs - Importer: ScriptedImporter/UnityEditor.QuickSearchModule:UnityEditor.Search:ASIAI0B' with importer (ScriptedImporter : UnityEditor.QuickSearchModule:UnityEditor.Search:ASIAI0B)
Imported 'GUID: be0be1dccfccc4cef9ffc756df949339' -> (Import Result ID: '15f4e47de5526a83c59584d4007e2119') in 0.002 seconds [static and dynamic dependencies]. Details - ImportResultOutputID=c53842e8b36060caf130113b26160c48 DependenciesID=0608cb29b3dd1aab2089d34d508cc794 StaticDependenciesID=9d169fe9fecf13e27f92953ca522db2f 
Number of updated asset objects reloaded before import = 0
Number of asset objects unloaded after import = 0
========================================================================
Received Import Request.
  Time of request: 2026-08-05T18:44:46.94961Z
  Time since last request: 0.0003082 seconds.
  importAddress: GUID: 43c48baefc484ce080c9eac92934e309 - Path: Packages/com.unity.visualscripting/Runtime/VisualScripting.Core/Listeners/UIInterfaces/UnityOnPointerExitMessageListener.cs - Importer: ScriptedImporter/UnityEditor.QuickSearchModule:UnityEditor.Search:ASIAI0B
Importing 'GUID: 43c48baefc484ce080c9eac92934e309 - Path: Packages/com.unity.visualscripting/Runtime/VisualScripting.Core/Listeners/UIInterfaces/UnityOnPointerExitMessageListener.cs - Importer: ScriptedImporter/UnityEditor.QuickSearchModule:UnityEditor.Search:ASIAI0B' with importer (ScriptedImporter : UnityEditor.QuickSearchModule:UnityEditor.Search:ASIAI0B)
Imported 'GUID: 43c48baefc484ce080c9eac92934e309' -> (Import Result ID: '2649de8b21aeafd4dcd75e7b17ee5a11') in 0.002 seconds [static and dynamic dependencies]. Details - ImportResultOutputID=dcfa8ad05835e2af3b5b804403b8b486 DependenciesID=b72be5290e3388a1cef5abee0d7b05f1 StaticDependenciesID=15ec2186c381c548dd7e0106a41aa7c4 
Number of updated asset objects reloaded before import = 0
Number of asset objects unloaded after import = 0
========================================================================
Received Import Request.
  Time of request: 2026-08-05T18:44:46.9597778Z
  Time since last request: 0.0002626 seconds.
  importAddress: GUID: 9af27143956b4fc69a21afea18eb1a30 - Path: Packages/com.unity.visualscripting/Runtime/VisualScripting.Core/Listeners/MonoBehaviour/UnityOnTriggerExitMListener.cs - Importer: ScriptedImporter/UnityEditor.QuickSearchModule:UnityEditor.Search:ASIAI0B
Importing 'GUID: 9af27143956b4fc69a21afea18eb1a30 - Path: Packages/com.unity.visualscripting/Runtime/VisualScripting.Core/Listeners/MonoBehaviour/UnityOnTriggerExitMListener.cs - Importer: ScriptedImporter/UnityEditor.QuickSearchModule:UnityEditor.Search:ASIAI0B' with importer (ScriptedImporter : UnityEditor.QuickSearchModule:UnityEditor.Search:ASIAI0B)
Imported 'GUID: 9af27143956b4fc69a21afea18eb1a30' -> (Import Result ID: '1a2929a6ef90e510883ed89138245c9f') in 0.002 seconds [static and dynamic dependencies]. Details - ImportResultOutputID=4353feaa5970fcfb8e23133266395851 DependenciesID=ee3870620f4c7667246bec8fc0ccc9ff StaticDependenciesID=6671522eb552b1f2e613d74f218dc153 
Number of updated asset objects reloaded before import = 0
Number of asset objects unloaded after import = 0
========================================================================
Received Import Request.
  Time of request: 2026-08-05T18:44:46.9752644Z
  Time since last request: 0.0061178 seconds.
  importAddress: GUID: 85a593e3a5d094d33b2bd1ca335d4a4f - Path: Packages/com.unity.visualscripting/Runtime/VisualScripting.Core/Reflection/Optimization/InstanceFunctionInvoker_5.cs - Importer: ScriptedImporter/UnityEditor.QuickSearchModule:UnityEditor.Search:ASIAI0B
Importing 'GUID: 85a593e3a5d094d33b2bd1ca335d4a4f - Path: Packages/com.unity.visualscripting/Runtime/VisualScripting.Core/Reflection/Optimization/InstanceFunctionInvoker_5.cs - Importer: ScriptedImporter/UnityEditor.QuickSearchModule:UnityEditor.Search:ASIAI0B' with importer (ScriptedImporter : UnityEditor.QuickSearchModule:UnityEditor.Search:ASIAI0B)
Imported 'GUID: 85a593e3a5d094d33b2bd1ca335d4a4f' -> (Import Result ID: '520067cb47315c75a67641c336818265') in 0.002 seconds [static and dynamic dependencies]. Details - ImportResultOutputID=d996d8c5dd3b96382535f66475c51853 DependenciesID=ad90d21d948e514e889e34a2247d31ef StaticDependenciesID=8a2934ee14a0f8e6bb51b5209699fd50 
Number of updated asset objects reloaded before import = 0
Number of asset objects unloaded after import = 0
========================================================================
Received Import Request.
  Time of request: 2026-08-05T18:44:46.986451Z
  Time since last request: 0.0002875 seconds.
  importAddress: GUID: b546fea2e0eea4ab98c47948cb30b03c - Path: Packages/com.unity.visualscripting/Runtime/VisualScripting.Flow/Dependencies/NCalc/EvaluationOption.cs - Importer: ScriptedImporter/UnityEditor.QuickSearchModule:UnityEditor.Search:ASIAI0B
Importing 'GUID: b546fea2e0eea4ab98c47948cb30b03c - Path: Packages/com.unity.visualscripting/Runtime/VisualScripting.Flow/Dependencies/NCalc/EvaluationOption.cs - Importer: ScriptedImporter/UnityEditor.QuickSearchModule:UnityEditor.Search:ASIAI0B' with importer (ScriptedImporter : UnityEditor.QuickSearchModule:UnityEditor.Search:ASIAI0B)
Imported 'GUID: b546fea2e0eea4ab98c47948cb30b03c' -> (Import Result ID: 'abb32f02249183f4be627c31de32774f') in 0.002 seconds [static and dynamic dependencies]. Details - ImportResultOutputID=922ec31bab99eb0cace43652b7c62966 DependenciesID=3c1ede5eb2c0a4f6c4472e796e29049b StaticDependenciesID=4df25538d0ac9acc94b1b9c18c082625 
Number of updated asset objects reloaded before import = 0
Number of asset objects unloaded after import = 0
========================================================================
Received Import Request.
  Time of request: 2026-08-05T18:44:46.9964858Z
  Time since last request: 0.0001756 seconds.
  importAddress: GUID: e7fd49b5fad854cb09974df4282ea2d9 - Path: Packages/com.unity.visualscripting/Runtime/VisualScripting.Core/Reflection/Optimization/StaticActionInvoker_4.cs - Importer: ScriptedImporter/UnityEditor.QuickSearchModule:UnityEditor.Search:ASIAI0B
Importing 'GUID: e7fd49b5fad854cb09974df4282ea2d9 - Path: Packages/com.unity.visualscripting/Runtime/VisualScripting.Core/Reflection/Optimization/StaticActionInvoker_4.cs - Importer: ScriptedImporter/UnityEditor.QuickSearchModule:UnityEditor.Search:ASIAI0B' with importer (ScriptedImporter : UnityEditor.QuickSearchModule:UnityEditor.Search:ASIAI0B)
Imported 'GUID: e7fd49b5fad854cb09974df4282ea2d9' -> (Import Result ID: '44fcd0bada20b1e6cf9ecdbdd29fdef0') in 0.002 seconds [static and dynamic dependencies]. Details - ImportResultOutputID=79e416f7afae2ee2febdded553c68be4 DependenciesID=fdfbd17e1f52a859f59b94fc2ea99933 StaticDependenciesID=07fd1c51fb24825aff23d1dc18c5a166 
Number of updated asset objects reloaded before import = 0
Number of asset objects unloaded after import = 0
========================================================================
Received Import Request.
  Time of request: 2026-08-05T18:44:47.0056395Z
  Time since last request: 0.0001871 seconds.
  importAddress: GUID: b8f7508a4a08049a7a925984b8e5dae2 - Path: Packages/com.unity.visualscripting/Runtime/VisualScripting.Core/Reflection/Optimization/StaticPropertyAccessor.cs - Importer: ScriptedImporter/UnityEditor.QuickSearchModule:UnityEditor.Search:ASIAI0B
Importing 'GUID: b8f7508a4a08049a7a925984b8e5dae2 - Path: Packages/com.unity.visualscripting/Runtime/VisualScripting.Core/Reflection/Optimization/StaticPropertyAccessor.cs - Importer: ScriptedImporter/UnityEditor.QuickSearchModule:UnityEditor.Search:ASIAI0B' with importer (ScriptedImporter : UnityEditor.QuickSearchModule:UnityEditor.Search:ASIAI0B)
Imported 'GUID: b8f7508a4a08049a7a925984b8e5dae2' -> (Import Result ID: '89c1159f4ce4c7c521ad2c9978c45dc0') in 0.002 seconds [static and dynamic dependencies]. Details - ImportResultOutputID=44839262fedf8ea400a988e3f75d58c6 DependenciesID=cfc7b4b2ed5ab9bc698b129bd909a4dc StaticDependenciesID=2040fcff4848ae9cad8c1d9dba526c6d 
Number of updated asset objects reloaded before import = 0
Number of asset objects unloaded after import = 0
========================================================================
Received Import Request.
  Time of request: 2026-08-05T18:44:47.0145295Z
  Time since last request: 0.0002969 seconds.
  importAddress: GUID: 9e4f622436c3c477bb484bd0114b74cb - Path: Packages/com.unity.visualscripting/Runtime/VisualScripting.Flow/Dependencies/NCalc/FunctionExpression.cs - Importer: ScriptedImporter/UnityEditor.QuickSearchModule:UnityEditor.Search:ASIAI0B
Importing 'GUID: 9e4f622436c3c477bb484bd0114b74cb - Path: Packages/com.unity.visualscripting/Runtime/VisualScripting.Flow/Dependencies/NCalc/FunctionExpression.cs - Importer: ScriptedImporter/UnityEditor.QuickSearchModule:UnityEditor.Search:ASIAI0B' with importer (ScriptedImporter : UnityEditor.QuickSearchModule:UnityEditor.Search:ASIAI0B)
Imported 'GUID: 9e4f622436c3c477bb484bd0114b74cb' -> (Import Result ID: '8ee1c5580ad1ef75136bb322bd1c3e70') in 0.002 seconds [static and dynamic dependencies]. Details - ImportResultOutputID=a85aa70bf3e7830bb0c321e194c411ee DependenciesID=487144f36f500fb1ae9ff9db8aa1b64d StaticDependenciesID=c4fa8ede871c31539897dd376376269e 
Number of updated asset objects reloaded before import = 0
Number of asset objects unloaded after import = 0
========================================================================
Received Import Request.
  Time of request: 2026-08-05T18:44:47.0238806Z
  Time since last request: 0.0002553 seconds.
  importAddress: GUID: 6499d38cb236f4d369ab2ce0e0585ecc - Path: Packages/com.unity.visualscripting/Runtime/VisualScripting.Flow/Dependencies/NCalc/EvaluationException.cs - Importer: ScriptedImporter/UnityEditor.QuickSearchModule:UnityEditor.Search:ASIAI0B
Importing 'GUID: 6499d38cb236f4d369ab2ce0e0585ecc - Path: Packages/com.unity.visualscripting/Runtime/VisualScripting.Flow/Dependencies/NCalc/EvaluationException.cs - Importer: ScriptedImporter/UnityEditor.QuickSearchModule:UnityEditor.Search:ASIAI0B' with importer (ScriptedImporter : UnityEditor.QuickSearchModule:UnityEditor.Search:ASIAI0B)
Imported 'GUID: 6499d38cb236f4d369ab2ce0e0585ecc' -> (Import Result ID: '92488cc2dc85a2606905bb7c577ca781') in 0.002 seconds [static and dynamic dependencies]. Details - ImportResultOutputID=0ee71c2e8c4e4208b36c5b0d002906cc DependenciesID=c44d3eb6ba710fdfe579eed6886059f5 StaticDependenciesID=5cccf4f66b37a946c4706e89d44202e1 
Number of updated asset objects reloaded before import = 0
Number of asset objects unloaded after import = 0
========================================================================
Received Import Request.
  Time of request: 2026-08-05T18:44:47.0332218Z
  Time since last request: 0.0002716 seconds.
  importAddress: GUID: 6180c9bbe40b44d45980f2b1a0325e58 - Path: Packages/com.unity.visualscripting/Runtime/VisualScripting.Flow/Dependencies/NCalc/EvaluateParameterHandler.cs - Importer: ScriptedImporter/UnityEditor.QuickSearchModule:UnityEditor.Search:ASIAI0B
Importing 'GUID: 6180c9bbe40b44d45980f2b1a0325e58 - Path: Packages/com.unity.visualscripting/Runtime/VisualScripting.Flow/Dependencies/NCalc/EvaluateParameterHandler.cs - Importer: ScriptedImporter/UnityEditor.QuickSearchModule:UnityEditor.Search:ASIAI0B' with importer (ScriptedImporter : UnityEditor.QuickSearchModule:UnityEditor.Search:ASIAI0B)
Imported 'GUID: 6180c9bbe40b44d45980f2b1a0325e58' -> (Import Result ID: 'c821f74b1ec0470d52cfe6acc6603e39') in 0.002 seconds [static and dynamic dependencies]. Details - ImportResultOutputID=9475ee1f1d036329585fb872a6f9b58a DependenciesID=22bbe312d403cfa32f17bec4bd88a34d StaticDependenciesID=6f56fbb501aada040d4c776c079348a6 
Number of updated asset objects reloaded before import = 0
Number of asset objects unloaded after import = 0
========================================================================
Received Import Request.
  Time of request: 2026-08-05T18:44:47.0425884Z
  Time since last request: 0.0002979 seconds.
  importAddress: GUID: 7ba5f39821e844d3bb87e953543d2572 - Path: Packages/com.unity.visualscripting/Runtime/VisualScripting.Core/Reflection/Optimization/StaticFunctionInvoker_0.cs - Importer: ScriptedImporter/UnityEditor.QuickSearchModule:UnityEditor.Search:ASIAI0B
Importing 'GUID: 7ba5f39821e844d3bb87e953543d2572 - Path: Packages/com.unity.visualscripting/Runtime/VisualScripting.Core/Reflection/Optimization/StaticFunctionInvoker_0.cs - Importer: ScriptedImporter/UnityEditor.QuickSearchModule:UnityEditor.Search:ASIAI0B' with importer (ScriptedImporter : UnityEditor.QuickSearchModule:UnityEditor.Search:ASIAI0B)
Imported 'GUID: 7ba5f39821e844d3bb87e953543d2572' -> (Import Result ID: 'bc399afcb04b1d8ed22f1fbc0bf26ead') in 0.002 seconds [static and dynamic dependencies]. Details - ImportResultOutputID=3c404a7afc556a2ac80e4debe3785df2 DependenciesID=28e6b121890108f91197859503ad5f8e StaticDependenciesID=03760de5eddcefeaf8e60ea6202e0e79 
Number of updated asset objects reloaded before import = 0
Number of asset objects unloaded after import = 0
========================================================================
Received Import Request.
  Time of request: 2026-08-05T18:44:47.0520184Z
  Time since last request: 0.000299 seconds.
  importAddress: GUID: 90b09c7efb168429cb528186a44accbf - Path: Packages/com.unity.visualscripting/Runtime/VisualScripting.Core/Reflection/Optimization/StaticFunctionInvoker_2.cs - Importer: ScriptedImporter/UnityEditor.QuickSearchModule:UnityEditor.Search:ASIAI0B
Importing 'GUID: 90b09c7efb168429cb528186a44accbf - Path: Packages/com.unity.visualscripting/Runtime/VisualScripting.Core/Reflection/Optimization/StaticFunctionInvoker_2.cs - Importer: ScriptedImporter/UnityEditor.QuickSearchModule:UnityEditor.Search:ASIAI0B' with importer (ScriptedImporter : UnityEditor.QuickSearchModule:UnityEditor.Search:ASIAI0B)
Imported 'GUID: 90b09c7efb168429cb528186a44accbf' -> (Import Result ID: '36cd22835f2db1bad04419229b718066') in 0.003 seconds [static and dynamic dependencies]. Details - ImportResultOutputID=2be8143e77d98061291857372376d02e DependenciesID=74f0b03173630c4029d33157defa51eb StaticDependenciesID=fda0465050a1be4fbef44856c349c6e6 
Number of updated asset objects reloaded before import = 0
Number of asset objects unloaded after import = 0
========================================================================
Received Import Request.
  Time of request: 2026-08-05T18:44:47.0627794Z
  Time since last request: 0.0002156 seconds.
  importAddress: GUID: d81700b95c8e3471584ffa94fd06b03f - Path: Packages/com.unity.visualscripting/Runtime/VisualScripting.Flow/Dependencies/NCalc/NCalcLexer.cs - Importer: ScriptedImporter/UnityEditor.QuickSearchModule:UnityEditor.Search:ASIAI0B
Importing 'GUID: d81700b95c8e3471584ffa94fd06b03f - Path: Packages/com.unity.visualscripting/Runtime/VisualScripting.Flow/Dependencies/NCalc/NCalcLexer.cs - Importer: ScriptedImporter/UnityEditor.QuickSearchModule:UnityEditor.Search:ASIAI0B' with importer (ScriptedImporter : UnityEditor.QuickSearchModule:UnityEditor.Search:ASIAI0B)
Imported 'GUID: d81700b95c8e3471584ffa94fd06b03f' -> (Import Result ID: '9ae7fbb6f76427f4fd76fb1996cd9b04') in 0.003 seconds [static and dynamic dependencies]. Details - ImportResultOutputID=f8a5ff2148cf80a9806366ca15084126 DependenciesID=f3108bc046c9ed3efd5e9cc261657129 StaticDependenciesID=6d1e6ff4511210b36d8d5327dd1fe4f2 
Number of updated asset objects reloaded before import = 0
Number of asset objects unloaded after import = 0
========================================================================
Received Import Request.
  Time of request: 2026-08-05T18:44:47.0901973Z
  Time since last request: 0.0163618 seconds.
  importAddress: GUID: ef0a26fd5986a47e9810fdb3621ecc23 - Path: Packages/com.unity.visualscripting/Runtime/VisualScripting.Flow/Framework/Logic/Greater.cs - Importer: ScriptedImporter/UnityEditor.QuickSearchModule:UnityEditor.Search:ASIAI0B
Importing 'GUID: ef0a26fd5986a47e9810fdb3621ecc23 - Path: Packages/com.unity.visualscripting/Runtime/VisualScripting.Flow/Framework/Logic/Greater.cs - Importer: ScriptedImporter/UnityEditor.QuickSearchModule:UnityEditor.Search:ASIAI0B' with importer (ScriptedImporter : UnityEditor.QuickSearchModule:UnityEditor.Search:ASIAI0B)
Imported 'GUID: ef0a26fd5986a47e9810fdb3621ecc23' -> (Import Result ID: 'ac03a9e04f4a85589b3e86afaa7b6c11') in 0.002 seconds [static and dynamic dependencies]. Details - ImportResultOutputID=656e8aca868ec2cb38ccee89fea12c01 DependenciesID=84a9e40bc4171ae7c573215d385f1237 StaticDependenciesID=507441aa52da438554f0eba8fb8fee27 
Number of updated asset objects reloaded before import = 0
Number of asset objects unloaded after import = 0
========================================================================
Received Import Request.
  Time of request: 2026-08-05T18:44:47.1004806Z
  Time since last request: 0.0008844 seconds.
  importAddress: GUID: cc799370020064779b996a885f88819b - Path: Packages/com.unity.visualscripting/Runtime/VisualScripting.Flow/Framework/Control/ISelectUnit.cs - Importer: ScriptedImporter/UnityEditor.QuickSearchModule:UnityEditor.Search:ASIAI0B
Importing 'GUID: cc799370020064779b996a885f88819b - Path: Packages/com.unity.visualscripting/Runtime/VisualScripting.Flow/Framework/Control/ISelectUnit.cs - Importer: ScriptedImporter/UnityEditor.QuickSearchModule:UnityEditor.Search:ASIAI0B' with importer (ScriptedImporter : UnityEditor.QuickSearchModule:UnityEditor.Search:ASIAI0B)
Imported 'GUID: cc799370020064779b996a885f88819b' -> (Import Result ID: 'cf722b2e7f12c0062d870fc8d836efe3') in 0.002 seconds [static and dynamic dependencies]. Details - ImportResultOutputID=defc005a54b256cc3a6c72c11476fe6e DependenciesID=c96356c0bb3080172a9a22be940e57f8 StaticDependenciesID=3deede0ea294856ff415455db09040cf 
Number of updated asset objects reloaded before import = 0
Number of asset objects unloaded after import = 0
========================================================================
Received Import Request.
  Time of request: 2026-08-05T18:44:47.1105118Z
  Time since last request: 0.0008367 seconds.
  importAddress: GUID: 9b892089634d44ff589ed38e55688715 - Path: Packages/com.unity.visualscripting/Runtime/VisualScripting.Flow/Framework/Control/SelectOnInteger.cs - Importer: ScriptedImporter/UnityEditor.QuickSearchModule:UnityEditor.Search:ASIAI0B
Importing 'GUID: 9b892089634d44ff589ed38e55688715 - Path: Packages/com.unity.visualscripting/Runtime/VisualScripting.Flow/Framework/Control/SelectOnInteger.cs - Importer: ScriptedImporter/UnityEditor.QuickSearchModule:UnityEditor.Search:ASIAI0B' with importer (ScriptedImporter : UnityEditor.QuickSearchModule:UnityEditor.Search:ASIAI0B)
Imported 'GUID: 9b892089634d44ff589ed38e55688715' -> (Import Result ID: 'a6648375e328bbe9d0da5f953c4a3550') in 0.002 seconds [static and dynamic dependencies]. Details - ImportResultOutputID=feaa149c1ed3b565ecc8d458b64f5e9b DependenciesID=bb6160a4926c6dc8792eb1f33fb0bcab StaticDependenciesID=afcc3fb0f3fd37ad4e9aad99131b816d 
Number of updated asset objects reloaded before import = 0
Number of asset objects unloaded after import = 0
========================================================================
Received Import Request.
  Time of request: 2026-08-05T18:44:47.1218121Z
  Time since last request: 0.0002512 seconds.
  importAddress: GUID: b468d76c18c2a410aa40c222a91eebb3 - Path: Packages/com.unity.visualscripting/Runtime/VisualScripting.Flow/Framework/Control/ToggleFlow.cs - Importer: ScriptedImporter/UnityEditor.QuickSearchModule:UnityEditor.Search:ASIAI0B
Importing 'GUID: b468d76c18c2a410aa40c222a91eebb3 - Path: Packages/com.unity.visualscripting/Runtime/VisualScripting.Flow/Framework/Control/ToggleFlow.cs - Importer: ScriptedImporter/UnityEditor.QuickSearchModule:UnityEditor.Search:ASIAI0B' with importer (ScriptedImporter : UnityEditor.QuickSearchModule:UnityEditor.Search:ASIAI0B)
Imported 'GUID: b468d76c18c2a410aa40c222a91eebb3' -> (Import Result ID: '3be864a902ca7df6a97575207e4bed58') in 0.002 seconds [static and dynamic dependencies]. Details - ImportResultOutputID=0a486fa488d5d6eee46286c79e7abbe8 DependenciesID=a1f2a0b61d94981d0c13e2cbecf0a73a StaticDependenciesID=2cabc186003b3273df0646482a6afadf 
Number of updated asset objects reloaded before import = 0
Number of asset objects unloaded after import = 0
========================================================================
Received Import Request.
  Time of request: 2026-08-05T18:44:47.1330494Z
  Time since last request: 0.0002141 seconds.
  importAddress: GUID: 25116eac09c45452aa611bfda069d229 - Path: Packages/com.unity.visualscripting/Runtime/VisualScripting.Flow/Framework/Control/Cache.cs - Importer: ScriptedImporter/UnityEditor.QuickSearchModule:UnityEditor.Search:ASIAI0B
Importing 'GUID: 25116eac09c45452aa611bfda069d229 - Path: Packages/com.unity.visualscripting/Runtime/VisualScripting.Flow/Framework/Control/Cache.cs - Importer: ScriptedImporter/UnityEditor.QuickSearchModule:UnityEditor.Search:ASIAI0B' with importer (ScriptedImporter : UnityEditor.QuickSearchModule:UnityEditor.Search:ASIAI0B)
Imported 'GUID: 25116eac09c45452aa611bfda069d229' -> (Import Result ID: '4a25793c0b870e5a8c71d22caddbce1f') in 0.002 seconds [static and dynamic dependencies]. Details - ImportResultOutputID=a455f029fc82ac22a3d31f60d3930f85 DependenciesID=15c7e7fbc1ca08d4603bfe8c615057ef StaticDependenciesID=2d33115ca7d2b894e527e51c73472842 
Number of updated asset objects reloaded before import = 0
Number of asset objects unloaded after import = 0
========================================================================
Received Import Request.
  Time of request: 2026-08-05T18:44:47.1424697Z
  Time since last request: 0.0002867 seconds.
  importAddress: GUID: 0ee6f6e4db91f45afbbfa24798d7b346 - Path: Packages/com.unity.visualscripting/Runtime/VisualScripting.Flow/Framework/Control/LoopUnit.cs - Importer: ScriptedImporter/UnityEditor.QuickSearchModule:UnityEditor.Search:ASIAI0B
Importing 'GUID: 0ee6f6e4db91f45afbbfa24798d7b346 - Path: Packages/com.unity.visualscripting/Runtime/VisualScripting.Flow/Framework/Control/LoopUnit.cs - Importer: ScriptedImporter/UnityEditor.QuickSearchModule:UnityEditor.Search:ASIAI0B' with importer (ScriptedImporter : UnityEditor.QuickSearchModule:UnityEditor.Search:ASIAI0B)
Imported 'GUID: 0ee6f6e4db91f45afbbfa24798d7b346' -> (Import Result ID: '8e08233b84be63cd295afb190e2ae14f') in 0.002 seconds [static and dynamic dependencies]. Details - ImportResultOutputID=a25e54d5a4f0f84fa13ad12cb210a721 DependenciesID=e04a10814fa61002ce89a06465298c52 StaticDependenciesID=c6791cd97d55ee9d8da04c05facdbd21 
Number of updated asset objects reloaded before import = 0
Number of asset objects unloaded after import = 0
========================================================================
Received Import Request.
  Time of request: 2026-08-05T18:44:47.151961Z
  Time since last request: 0.0002807 seconds.
  importAddress: GUID: 6295459a9bebe40f8bbd550549091410 - Path: Packages/com.unity.visualscripting/Runtime/VisualScripting.Flow/Framework/Events/TriggerCustomEvent.cs - Importer: ScriptedImporter/UnityEditor.QuickSearchModule:UnityEditor.Search:ASIAI0B
Importing 'GUID: 6295459a9bebe40f8bbd550549091410 - Path: Packages/com.unity.visualscripting/Runtime/VisualScripting.Flow/Framework/Events/TriggerCustomEvent.cs - Importer: ScriptedImporter/UnityEditor.QuickSearchModule:UnityEditor.Search:ASIAI0B' with importer (ScriptedImporter : UnityEditor.QuickSearchModule:UnityEditor.Search:ASIAI0B)
Imported 'GUID: 6295459a9bebe40f8bbd550549091410' -> (Import Result ID: '6142965485a3d41183cc7a27aedebd78') in 0.003 seconds [static and dynamic dependencies]. Details - ImportResultOutputID=823c8f4d0f36123e2f00fb2b62c7887f DependenciesID=44db8e94d4bd1be8fde4e39a3f66715c StaticDependenciesID=c3fb3ac6461cadeabfaec3cda97073a5 
Number of updated asset objects reloaded before import = 0
Number of asset objects unloaded after import = 0
========================================================================
Received Import Request.
  Time of request: 2026-08-05T18:44:47.1635595Z
  Time since last request: 0.000226 seconds.
  importAddress: GUID: d81baa29b4461445b815939d80f9c3ec - Path: Packages/com.unity.visualscripting/Runtime/VisualScripting.Flow/Framework/Codebase/Expose.cs - Importer: ScriptedImporter/UnityEditor.QuickSearchModule:UnityEditor.Search:ASIAI0B
Importing 'GUID: d81baa29b4461445b815939d80f9c3ec - Path: Packages/com.unity.visualscripting/Runtime/VisualScripting.Flow/Framework/Codebase/Expose.cs - Importer: ScriptedImporter/UnityEditor.QuickSearchModule:UnityEditor.Search:ASIAI0B' with importer (ScriptedImporter : UnityEditor.QuickSearchModule:UnityEditor.Search:ASIAI0B)
Imported 'GUID: d81baa29b4461445b815939d80f9c3ec' -> (Import Result ID: 'e78a97dd2581fff4a0cf5cdca8f0cb87') in 0.002 seconds [static and dynamic dependencies]. Details - ImportResultOutputID=7e4063c5da7b52c24ab002db9d9eb54b DependenciesID=301e60c17e66d37d01d2fbec1a9ca746 StaticDependenciesID=e723b07d064c790bc7b1285d8b8b4d07 
Number of updated asset objects reloaded before import = 0
Number of asset objects unloaded after import = 0
========================================================================
Received Import Request.
  Time of request: 2026-08-05T18:44:47.1731523Z
  Time since last request: 0.0004469 seconds.
  importAddress: GUID: bf595eee981c54462b9b709712dd098f - Path: Packages/com.unity.visualscripting/Runtime/VisualScripting.Flow/Framework/Control/ToggleValue.cs - Importer: ScriptedImporter/UnityEditor.QuickSearchModule:UnityEditor.Search:ASIAI0B
Importing 'GUID: bf595eee981c54462b9b709712dd098f - Path: Packages/com.unity.visualscripting/Runtime/VisualScripting.Flow/Framework/Control/ToggleValue.cs - Importer: ScriptedImporter/UnityEditor.QuickSearchModule:UnityEditor.Search:ASIAI0B' with importer (ScriptedImporter : UnityEditor.QuickSearchModule:UnityEditor.Search:ASIAI0B)
Imported 'GUID: bf595eee981c54462b9b709712dd098f' -> (Import Result ID: '2867ae0cccfca2d41bf6d4dfa54f0e64') in 0.003 seconds [static and dynamic dependencies]. Details - ImportResultOutputID=4d782de56235cf2d98c7cd90efb11c98 DependenciesID=a46cb7f174cf70bd3cc36df975ec0f1c StaticDependenciesID=e2e9c686e4bea89b6ef1326c57111268 
Number of updated asset objects reloaded before import = 0
Number of asset objects unloaded after import = 0
========================================================================
Received Import Request.
  Time of request: 2026-08-05T18:44:47.1927648Z
  Time since last request: 0.0085058 seconds.
  importAddress: GUID: 32dca6adb07ad4626be264766bb6bb52 - Path: Packages/com.unity.visualscripting/Runtime/VisualScripting.Flow/Framework/Math/Maximum.cs - Importer: ScriptedImporter/UnityEditor.QuickSearchModule:UnityEditor.Search:ASIAI0B
Importing 'GUID: 32dca6adb07ad4626be264766bb6bb52 - Path: Packages/com.unity.visualscripting/Runtime/VisualScripting.Flow/Framework/Math/Maximum.cs - Importer: ScriptedImporter/UnityEditor.QuickSearchModule:UnityEditor.Search:ASIAI0B' with importer (ScriptedImporter : UnityEditor.QuickSearchModule:UnityEditor.Search:ASIAI0B)
Imported 'GUID: 32dca6adb07ad4626be264766bb6bb52' -> (Import Result ID: '774edc53dbd3e603dd298d9be6a3631a') in 0.002 seconds [static and dynamic dependencies]. Details - ImportResultOutputID=9fa18d12abdf425f4f1553314c059438 DependenciesID=5cd5ef33d10430b3ba1102e61bf9dd4b StaticDependenciesID=a434fbdb3b62ece070a3b3c884a94579 
Number of updated asset objects reloaded before import = 0
Number of asset objects unloaded after import = 0
========================================================================
Received Import Request.
  Time of request: 2026-08-05T18:44:47.202428Z
  Time since last request: 0.0006068 seconds.
  importAddress: GUID: 9ff592532ebe14369b3bca09ee600108 - Path: Packages/com.unity.visualscripting/Editor/VisualScripting.Core/Dependencies/Assemblies/WINx64/Unity.VisualScripting.sqlite3.dll - Importer: ScriptedImporter/UnityEditor.QuickSearchModule:UnityEditor.Search:ASIAI0B
Importing 'GUID: 9ff592532ebe14369b3bca09ee600108 - Path: Packages/com.unity.visualscripting/Editor/VisualScripting.Core/Dependencies/Assemblies/WINx64/Unity.VisualScripting.sqlite3.dll - Importer: ScriptedImporter/UnityEditor.QuickSearchModule:UnityEditor.Search:ASIAI0B' with importer (ScriptedImporter : UnityEditor.QuickSearchModule:UnityEditor.Search:ASIAI0B)
Imported 'GUID: 9ff592532ebe14369b3bca09ee600108' -> (Import Result ID: '079d158831047bdce1776a171452c897') in 0.003 seconds [static and dynamic dependencies]. Details - ImportResultOutputID=c17b911374312dfc48fac0327043ce27 DependenciesID=9ded33a645bed1a20a77a0ecf7b98423 StaticDependenciesID=aa008fbb8f516135ac3989a48eacaae0 
Number of updated asset objects reloaded before import = 0
Number of asset objects unloaded after import = 0
========================================================================
Received Import Request.
  Time of request: 2026-08-05T18:44:47.213157Z
  Time since last request: 0.0002025 seconds.
  importAddress: GUID: fafc0ba4e24ff411697e06cb5daf09b8 - Path: Packages/com.unity.visualscripting/Runtime/VisualScripting.Flow/Framework/Nulls/NullCoalesce.cs - Importer: ScriptedImporter/UnityEditor.QuickSearchModule:UnityEditor.Search:ASIAI0B
Importing 'GUID: fafc0ba4e24ff411697e06cb5daf09b8 - Path: Packages/com.unity.visualscripting/Runtime/VisualScripting.Flow/Framework/Nulls/NullCoalesce.cs - Importer: ScriptedImporter/UnityEditor.QuickSearchModule:UnityEditor.Search:ASIAI0B' with importer (ScriptedImporter : UnityEditor.QuickSearchModule:UnityEditor.Search:ASIAI0B)
Imported 'GUID: fafc0ba4e24ff411697e06cb5daf09b8' -> (Import Result ID: 'e7a68a36488ff43edebbee6ff4343ad4') in 0.002 seconds [static and dynamic dependencies]. Details - ImportResultOutputID=7194d850e0611f36d87eeedee43e87e1 DependenciesID=6b10f6ac13a160e45a63227fc037f989 StaticDependenciesID=51a6f16eed0df7927d895d02e76f64c1 
Number of updated asset objects reloaded before import = 0
Number of asset objects unloaded after import = 0
========================================================================
Received Import Request.
  Time of request: 2026-08-05T18:44:47.2235308Z
  Time since last request: 0.0002061 seconds.
  importAddress: GUID: bae6ebd8aa394436e8efe2a5f32d9912 - Path: Packages/com.unity.visualscripting/Editor/VisualScripting.Core/Dependencies/ReorderableList/ElementAdderMenu/IElementAdder.cs - Importer: ScriptedImporter/UnityEditor.QuickSearchModule:UnityEditor.Search:ASIAI0B
Importing 'GUID: bae6ebd8aa394436e8efe2a5f32d9912 - Path: Packages/com.unity.visualscripting/Editor/VisualScripting.Core/Dependencies/ReorderableList/ElementAdderMenu/IElementAdder.cs - Importer: ScriptedImporter/UnityEditor.QuickSearchModule:UnityEditor.Search:ASIAI0B' with importer (ScriptedImporter : UnityEditor.QuickSearchModule:UnityEditor.Search:ASIAI0B)
Imported 'GUID: bae6ebd8aa394436e8efe2a5f32d9912' -> (Import Result ID: '2c8a38fea8ab8766d078f76df5a0ca6c') in 0.002 seconds [static and dynamic dependencies]. Details - ImportResultOutputID=b9e351827f1dbad4a6f165242f04953a DependenciesID=0fc0e0ade39b174c466768d407cdbb3f StaticDependenciesID=02129bfd2e064f977ce3d04429d54cb1 
Number of updated asset objects reloaded before import = 0
Number of asset objects unloaded after import = 0
========================================================================
Received Import Request.
  Time of request: 2026-08-05T18:44:47.2325593Z
  Time since last request: 0.0002778 seconds.
  importAddress: GUID: 9d0aa9041a7ab49c7a011932cbf111ac - Path: Packages/com.unity.visualscripting/Runtime/VisualScripting.Flow/Framework/Math/DotProduct.cs - Importer: ScriptedImporter/UnityEditor.QuickSearchModule:UnityEditor.Search:ASIAI0B
Importing 'GUID: 9d0aa9041a7ab49c7a011932cbf111ac - Path: Packages/com.unity.visualscripting/Runtime/VisualScripting.Flow/Framework/Math/DotProduct.cs - Importer: ScriptedImporter/UnityEditor.QuickSearchModule:UnityEditor.Search:ASIAI0B' with importer (ScriptedImporter : UnityEditor.QuickSearchModule:UnityEditor.Search:ASIAI0B)
Imported 'GUID: 9d0aa9041a7ab49c7a011932cbf111ac' -> (Import Result ID: '1a9c0fae6b090cb0bc86069fc4014e68') in 0.002 seconds [static and dynamic dependencies]. Details - ImportResultOutputID=13007a3b6da96a277135100353acb93b DependenciesID=a3155d560941110fdceae039a038e810 StaticDependenciesID=5b74f3766df15d84e2feb497d9e7b7a6 
Number of updated asset objects reloaded before import = 0
Number of asset objects unloaded after import = 0
========================================================================
Received Import Request.
  Time of request: 2026-08-05T18:44:47.2446918Z
  Time since last request: 0.0002419 seconds.
  importAddress: GUID: 88625867c6f324d3c8afee297a904beb - Path: Packages/com.unity.visualscripting/Editor/VisualScripting.Core/Dependencies/ReorderableList/ElementAdderMenu/GenericElementAdderMenuBuilder.cs - Importer: ScriptedImporter/UnityEditor.QuickSearchModule:UnityEditor.Search:ASIAI0B
Importing 'GUID: 88625867c6f324d3c8afee297a904beb - Path: Packages/com.unity.visualscripting/Editor/VisualScripting.Core/Dependencies/ReorderableList/ElementAdderMenu/GenericElementAdderMenuBuilder.cs - Importer: ScriptedImporter/UnityEditor.QuickSearchModule:UnityEditor.Search:ASIAI0B' with importer (ScriptedImporter : UnityEditor.QuickSearchModule:UnityEditor.Search:ASIAI0B)
Imported 'GUID: 88625867c6f324d3c8afee297a904beb' -> (Import Result ID: 'f587a271e4ceb291c29054e0d3f5fc76') in 0.003 seconds [static and dynamic dependencies]. Details - ImportResultOutputID=62c8873cf7ee229ef797a8ba239574d0 DependenciesID=1aabd2b864b3cf142f0026726c922f14 StaticDependenciesID=04cf3f2c3fc860305f597a4e065d0162 
Number of updated asset objects reloaded before import = 0
Number of asset objects unloaded after import = 0
========================================================================
Received Import Request.
  Time of request: 2026-08-05T18:44:47.2558681Z
  Time since last request: 0.0002866 seconds.
  importAddress: GUID: f1ce51feaceca405daca97b5a2789be9 - Path: Packages/com.unity.visualscripting/Runtime/VisualScripting.Flow/Framework/Time/WaitForFlow.cs - Importer: ScriptedImporter/UnityEditor.QuickSearchModule:UnityEditor.Search:ASIAI0B
Importing 'GUID: f1ce51feaceca405daca97b5a2789be9 - Path: Packages/com.unity.visualscripting/Runtime/VisualScripting.Flow/Framework/Time/WaitForFlow.cs - Importer: ScriptedImporter/UnityEditor.QuickSearchModule:UnityEditor.Search:ASIAI0B' with importer (ScriptedImporter : UnityEditor.QuickSearchModule:UnityEditor.Search:ASIAI0B)
Imported 'GUID: f1ce51feaceca405daca97b5a2789be9' -> (Import Result ID: 'c363372ad906cf77feae9c8511e2884d') in 0.003 seconds [static and dynamic dependencies]. Details - ImportResultOutputID=2ebae02a5509b16eb1c54f19bc047dcf DependenciesID=64771f529be025099a1f1bbb47cb1f32 StaticDependenciesID=8666ed3c34082c75461196e15b9704af 
Number of updated asset objects reloaded before import = 0
Number of asset objects unloaded after import = 0
========================================================================
Received Import Request.
  Time of request: 2026-08-05T18:44:47.2658662Z
  Time since last request: 0.0002239 seconds.
  importAddress: GUID: 38896f6eca9ec4ba19dbc1d2bcd46aef - Path: Packages/com.unity.visualscripting/Runtime/VisualScripting.Flow/Framework/Logic/NotEqual.cs - Importer: ScriptedImporter/UnityEditor.QuickSearchModule:UnityEditor.Search:ASIAI0B
Importing 'GUID: 38896f6eca9ec4ba19dbc1d2bcd46aef - Path: Packages/com.unity.visualscripting/Runtime/VisualScripting.Flow/Framework/Logic/NotEqual.cs - Importer: ScriptedImporter/UnityEditor.QuickSearchModule:UnityEditor.Search:ASIAI0B' with importer (ScriptedImporter : UnityEditor.QuickSearchModule:UnityEditor.Search:ASIAI0B)
Imported 'GUID: 38896f6eca9ec4ba19dbc1d2bcd46aef' -> (Import Result ID: '5ee6e6c3181131b86be341df86f2377f') in 0.002 seconds [static and dynamic dependencies]. Details - ImportResultOutputID=6bbfd8f77dc96f2351849c481afe8ad9 DependenciesID=52225b4d3edfd3857ac6de49010804ee StaticDependenciesID=6a1f76f012fb9978d03d4610138428c8 
Number of updated asset objects reloaded before import = 0
Number of asset objects unloaded after import = 0
========================================================================
Received Import Request.
  Time of request: 2026-08-05T18:44:47.2754424Z
  Time since last request: 0.0002709 seconds.
  importAddress: GUID: fbd7b60c4f4a7497584ee8214f088e6e - Path: Packages/com.unity.visualscripting/Runtime/VisualScripting.State/Framework/Graph/HasStateGraph.cs - Importer: ScriptedImporter/UnityEditor.QuickSearchModule:UnityEditor.Search:ASIAI0B
Importing 'GUID: fbd7b60c4f4a7497584ee8214f088e6e - Path: Packages/com.unity.visualscripting/Runtime/VisualScripting.State/Framework/Graph/HasStateGraph.cs - Importer: ScriptedImporter/UnityEditor.QuickSearchModule:UnityEditor.Search:ASIAI0B' with importer (ScriptedImporter : UnityEditor.QuickSearchModule:UnityEditor.Search:ASIAI0B)
Imported 'GUID: fbd7b60c4f4a7497584ee8214f088e6e' -> (Import Result ID: '3595b7e8721340761a003e1101cbe6bf') in 0.002 seconds [static and dynamic dependencies]. Details - ImportResultOutputID=013c1720ab1c289600b4353fbe28c354 DependenciesID=08e4db8f02dba4d835b7c7ffd932159c StaticDependenciesID=217f164ec7d3948808e8e800f0ef6104 
Number of updated asset objects reloaded before import = 0
Number of asset objects unloaded after import = 0
========================================================================
Received Import Request.
  Time of request: 2026-08-05T18:44:47.2930381Z
  Time since last request: 0.0067744 seconds.
  importAddress: GUID: ba7b5d9cf997049849f07ae938ee8b78 - Path: Packages/com.unity.visualscripting/Editor/VisualScripting.Core/Plugin/Changelogs/LegacyLudiqCore/Changelog_1_2_2.cs - Importer: ScriptedImporter/UnityEditor.QuickSearchModule:UnityEditor.Search:ASIAI0B
Importing 'GUID: ba7b5d9cf997049849f07ae938ee8b78 - Path: Packages/com.unity.visualscripting/Editor/VisualScripting.Core/Plugin/Changelogs/LegacyLudiqCore/Changelog_1_2_2.cs - Importer: ScriptedImporter/UnityEditor.QuickSearchModule:UnityEditor.Search:ASIAI0B' with importer (ScriptedImporter : UnityEditor.QuickSearchModule:UnityEditor.Search:ASIAI0B)
Imported 'GUID: ba7b5d9cf997049849f07ae938ee8b78' -> (Import Result ID: 'e8834ee13a6f02e1976d157a0824bba4') in 0.002 seconds [static and dynamic dependencies]. Details - ImportResultOutputID=ac9d387932880254cd52165931e81ab3 DependenciesID=d41847781582a85a9a975cb8f28db198 StaticDependenciesID=d514f542166684fd04e49a15c3c424e0 
Number of updated asset objects reloaded before import = 0
Number of asset objects unloaded after import = 0
========================================================================
Received Import Request.
  Time of request: 2026-08-05T18:44:47.30262Z
  Time since last request: 0.0005863 seconds.
  importAddress: GUID: 70176689297954e0e894c4e82a8c63df - Path: Packages/com.unity.visualscripting/Editor/VisualScripting.Core/Plugin/Changelogs/LegacyLudiqCore/Changelog_1_4_8.cs - Importer: ScriptedImporter/UnityEditor.QuickSearchModule:UnityEditor.Search:ASIAI0B
Importing 'GUID: 70176689297954e0e894c4e82a8c63df - Path: Packages/com.unity.visualscripting/Editor/VisualScripting.Core/Plugin/Changelogs/LegacyLudiqCore/Changelog_1_4_8.cs - Importer: ScriptedImporter/UnityEditor.QuickSearchModule:UnityEditor.Search:ASIAI0B' with importer (ScriptedImporter : UnityEditor.QuickSearchModule:UnityEditor.Search:ASIAI0B)
Imported 'GUID: 70176689297954e0e894c4e82a8c63df' -> (Import Result ID: '58d6c688d7da41e0259962873b2182e6') in 0.003 seconds [static and dynamic dependencies]. Details - ImportResultOutputID=d302c3e68226f36a5628357c31bf5712 DependenciesID=f220a2467cad3b3a5136a8b577bb7eeb StaticDependenciesID=bfca9dcae69a0c60324894947964ec1a 
Number of updated asset objects reloaded before import = 0
Number of asset objects unloaded after import = 0
========================================================================
Received Import Request.
  Time of request: 2026-08-05T18:44:47.314108Z
  Time since last request: 0.0002079 seconds.
  importAddress: GUID: 5f4c650178b4b4b79a3b5cabd17c9307 - Path: Packages/com.unity.visualscripting/Runtime/VisualScripting.Core/Dependencies/FullSerializer/Converters/fsArrayConverter.cs - Importer: ScriptedImporter/UnityEditor.QuickSearchModule:UnityEditor.Search:ASIAI0B
Importing 'GUID: 5f4c650178b4b4b79a3b5cabd17c9307 - Path: Packages/com.unity.visualscripting/Runtime/VisualScripting.Core/Dependencies/FullSerializer/Converters/fsArrayConverter.cs - Importer: ScriptedImporter/UnityEditor.QuickSearchModule:UnityEditor.Search:ASIAI0B' with importer (ScriptedImporter : UnityEditor.QuickSearchModule:UnityEditor.Search:ASIAI0B)
Imported 'GUID: 5f4c650178b4b4b79a3b5cabd17c9307' -> (Import Result ID: 'c8870b3bb02cac8717ffa6fdddcb4698') in 0.003 seconds [static and dynamic dependencies]. Details - ImportResultOutputID=dbe1145f9c5838d3c121913def18596c DependenciesID=5673cb0a4628825bc34f6072c2110f77 StaticDependenciesID=f0561283262130643e873dae450caeeb 
Number of updated asset objects reloaded before import = 0
Number of asset objects unloaded after import = 0
========================================================================
Received Import Request.
  Time of request: 2026-08-05T18:44:47.324505Z
  Time since last request: 0.0002373 seconds.
  importAddress: GUID: 933ec220647f64dcebdddbef91ba0074 - Path: Packages/com.unity.visualscripting/Editor/VisualScripting.Core/Plugin/Changelogs/LegacyLudiqCore/Changelog_1_4_5.cs - Importer: ScriptedImporter/UnityEditor.QuickSearchModule:UnityEditor.Search:ASIAI0B
Importing 'GUID: 933ec220647f64dcebdddbef91ba0074 - Path: Packages/com.unity.visualscripting/Editor/VisualScripting.Core/Plugin/Changelogs/LegacyLudiqCore/Changelog_1_4_5.cs - Importer: ScriptedImporter/UnityEditor.QuickSearchModule:UnityEditor.Search:ASIAI0B' with importer (ScriptedImporter : UnityEditor.QuickSearchModule:UnityEditor.Search:ASIAI0B)
Imported 'GUID: 933ec220647f64dcebdddbef91ba0074' -> (Import Result ID: 'da97d2e0a52c541c4f08540fa0a1a171') in 0.003 seconds [static and dynamic dependencies]. Details - ImportResultOutputID=526b6cf268b136d285b3762eb5c0ed9d DependenciesID=ae2a74da21088ab010c980ecb6b273e7 StaticDependenciesID=ea22077d29a8d753bf16da27b9f2b241 
Number of updated asset objects reloaded before import = 0
Number of asset objects unloaded after import = 0
========================================================================
Received Import Request.
  Time of request: 2026-08-05T18:44:47.3354622Z
  Time since last request: 0.0005271 seconds.
  importAddress: GUID: 8d35773964af148639b8eadf97586c79 - Path: Packages/com.unity.visualscripting/Editor/VisualScripting.Core/Plugin/Changelogs/LegacyLudiqCore/Changelog_1_0_5.cs - Importer: ScriptedImporter/UnityEditor.QuickSearchModule:UnityEditor.Search:ASIAI0B
Importing 'GUID: 8d35773964af148639b8eadf97586c79 - Path: Packages/com.unity.visualscripting/Editor/VisualScripting.Core/Plugin/Changelogs/LegacyLudiqCore/Changelog_1_0_5.cs - Importer: ScriptedImporter/UnityEditor.QuickSearchModule:UnityEditor.Search:ASIAI0B' with importer (ScriptedImporter : UnityEditor.QuickSearchModule:UnityEditor.Search:ASIAI0B)
Imported 'GUID: 8d35773964af148639b8eadf97586c79' -> (Import Result ID: '1f4b3944c45b4b120d78a17706dfb0d8') in 0.002 seconds [static and dynamic dependencies]. Details - ImportResultOutputID=51936c3f8bca15f0833ce9ea970f0ac7 DependenciesID=9773fc10d8216094ec151b63d9e26927 StaticDependenciesID=ad17611479c356f3c634286addddac0a 
Number of updated asset objects reloaded before import = 0
Number of asset objects unloaded after import = 0
========================================================================
Received Import Request.
  Time of request: 2026-08-05T18:44:47.3449632Z
  Time since last request: 0.0003747 seconds.
  importAddress: GUID: ad616a949437546f69bf983d1694c021 - Path: Packages/com.unity.visualscripting/Editor/VisualScripting.Flow/Framework/Variables/Obsolete/IsVariableDefinedUnitOption.cs - Importer: ScriptedImporter/UnityEditor.QuickSearchModule:UnityEditor.Search:ASIAI0B
Importing 'GUID: ad616a949437546f69bf983d1694c021 - Path: Packages/com.unity.visualscripting/Editor/VisualScripting.Flow/Framework/Variables/Obsolete/IsVariableDefinedUnitOption.cs - Importer: ScriptedImporter/UnityEditor.QuickSearchModule:UnityEditor.Search:ASIAI0B' with importer (ScriptedImporter : UnityEditor.QuickSearchModule:UnityEditor.Search:ASIAI0B)
Imported 'GUID: ad616a949437546f69bf983d1694c021' -> (Import Result ID: '1e1bd2b16d831e2fe875e4b939a4daad') in 0.003 seconds [static and dynamic dependencies]. Details - ImportResultOutputID=04bb628cac4afc36b3b16dc068c53506 DependenciesID=506739e987713f95c001376d2df869e8 StaticDependenciesID=7a548861dea5d9d60443093fd67d9ef9 
Number of updated asset objects reloaded before import = 0
Number of asset objects unloaded after import = 0
========================================================================
Received Import Request.
  Time of request: 2026-08-05T18:44:47.3550978Z
  Time since last request: 0.0003579 seconds.
  importAddress: GUID: 36959c1c145e243148cb214c7ada2bdd - Path: Packages/com.unity.visualscripting/Editor/VisualScripting.Core/Plugin/Changelogs/LegacyLudiqCore/Changelog_1_4_12.cs - Importer: ScriptedImporter/UnityEditor.QuickSearchModule:UnityEditor.Search:ASIAI0B
Importing 'GUID: 36959c1c145e243148cb214c7ada2bdd - Path: Packages/com.unity.visualscripting/Editor/VisualScripting.Core/Plugin/Changelogs/LegacyLudiqCore/Changelog_1_4_12.cs - Importer: ScriptedImporter/UnityEditor.QuickSearchModule:UnityEditor.Search:ASIAI0B' with importer (ScriptedImporter : UnityEditor.QuickSearchModule:UnityEditor.Search:ASIAI0B)
Imported 'GUID: 36959c1c145e243148cb214c7ada2bdd' -> (Import Result ID: '47c7dd833778992467b390223195a406') in 0.002 seconds [static and dynamic dependencies]. Details - ImportResultOutputID=d2eb2a1159458806a61fb15599896890 DependenciesID=048cc7131daa06311b5d56ca4f81da63 StaticDependenciesID=a8c969a1fa7882de68ac1e54b5f84fc4 
Number of updated asset objects reloaded before import = 0
Number of asset objects unloaded after import = 0
========================================================================
Received Import Request.
  Time of request: 2026-08-05T18:44:47.365225Z
  Time since last request: 0.0002247 seconds.
  importAddress: GUID: 82cef948c57f54216b22112983b79d47 - Path: Packages/com.unity.visualscripting/Editor/VisualScripting.Core/Plugin/Changelogs/LegacyLudiqGraphs/Changelog_1_4_4.cs - Importer: ScriptedImporter/UnityEditor.QuickSearchModule:UnityEditor.Search:ASIAI0B
Importing 'GUID: 82cef948c57f54216b22112983b79d47 - Path: Packages/com.unity.visualscripting/Editor/VisualScripting.Core/Plugin/Changelogs/LegacyLudiqGraphs/Changelog_1_4_4.cs - Importer: ScriptedImporter/UnityEditor.QuickSearchModule:UnityEditor.Search:ASIAI0B' with importer (ScriptedImporter : UnityEditor.QuickSearchModule:UnityEditor.Search:ASIAI0B)
Imported 'GUID: 82cef948c57f54216b22112983b79d47' -> (Import Result ID: 'fa4b2b3abd1a0a1a4f5a1a3ad3d442c6') in 0.002 seconds [static and dynamic dependencies]. Details - ImportResultOutputID=42678cf921ba04cc41184a7cca91c906 DependenciesID=b3a794a3477c5a655c9e9494309ac032 StaticDependenciesID=e75736c4556eda2895b3b5af86c47b96 
Number of updated asset objects reloaded before import = 0
Number of asset objects unloaded after import = 0
========================================================================
Received Import Request.
  Time of request: 2026-08-05T18:44:47.3759927Z
  Time since last request: 0.0002945 seconds.
  importAddress: GUID: 1ac45c1c3f7324e629346851dd170487 - Path: Packages/com.unity.visualscripting/Editor/VisualScripting.Core/Plugin/Changelogs/LegacyLudiqGraphs/Changelog_1_1_3.cs - Importer: ScriptedImporter/UnityEditor.QuickSearchModule:UnityEditor.Search:ASIAI0B
Importing 'GUID: 1ac45c1c3f7324e629346851dd170487 - Path: Packages/com.unity.visualscripting/Editor/VisualScripting.Core/Plugin/Changelogs/LegacyLudiqGraphs/Changelog_1_1_3.cs - Importer: ScriptedImporter/UnityEditor.QuickSearchModule:UnityEditor.Search:ASIAI0B' with importer (ScriptedImporter : UnityEditor.QuickSearchModule:UnityEditor.Search:ASIAI0B)
Imported 'GUID: 1ac45c1c3f7324e629346851dd170487' -> (Import Result ID: '1c6154c754e90cfa0dda9c24f0295771') in 0.002 seconds [static and dynamic dependencies]. Details - ImportResultOutputID=a295293b5a93655ab0e89fd7e8622423 DependenciesID=68b76124fcab1803cc1862885607c648 StaticDependenciesID=52887101d82602711dde695ca65933a3 
Number of updated asset objects reloaded before import = 0
Number of asset objects unloaded after import = 0
========================================================================
Received Import Request.
  Time of request: 2026-08-05T18:44:47.4088118Z
  Time since last request: 0.0221574 seconds.
  importAddress: GUID: 37c4fa51049d34219bcc2cc1ec7bea50 - Path: Packages/com.unity.visualscripting/Runtime/VisualScripting.Flow/Framework/Events/GUI/OnDrag.cs - Importer: ScriptedImporter/UnityEditor.QuickSearchModule:UnityEditor.Search:ASIAI0B
Importing 'GUID: 37c4fa51049d34219bcc2cc1ec7bea50 - Path: Packages/com.unity.visualscripting/Runtime/VisualScripting.Flow/Framework/Events/GUI/OnDrag.cs - Importer: ScriptedImporter/UnityEditor.QuickSearchModule:UnityEditor.Search:ASIAI0B' with importer (ScriptedImporter : UnityEditor.QuickSearchModule:UnityEditor.Search:ASIAI0B)
Imported 'GUID: 37c4fa51049d34219bcc2cc1ec7bea50' -> (Import Result ID: '0b94a19dc255d46d1c123a0e859b7907') in 0.002 seconds [static and dynamic dependencies]. Details - ImportResultOutputID=a6cf8a11d69f51fd0de4b4cadf083947 DependenciesID=4b1048eea3238d54931b6dd59c4844dd StaticDependenciesID=4d06d27237650cce4c0c446bab225f93 
Number of updated asset objects reloaded before import = 0
Number of asset objects unloaded after import = 0
========================================================================
Received Import Request.
  Time of request: 2026-08-05T18:44:47.4184145Z
  Time since last request: 0.0006031 seconds.
  importAddress: GUID: a0274e2d9504747689564e43b42b2525 - Path: Packages/com.unity.visualscripting/Runtime/VisualScripting.Flow/Framework/Events/Application/OnApplicationFocus.cs - Importer: ScriptedImporter/UnityEditor.QuickSearchModule:UnityEditor.Search:ASIAI0B
Importing 'GUID: a0274e2d9504747689564e43b42b2525 - Path: Packages/com.unity.visualscripting/Runtime/VisualScripting.Flow/Framework/Events/Application/OnApplicationFocus.cs - Importer: ScriptedImporter/UnityEditor.QuickSearchModule:UnityEditor.Search:ASIAI0B' with importer (ScriptedImporter : UnityEditor.QuickSearchModule:UnityEditor.Search:ASIAI0B)
Imported 'GUID: a0274e2d9504747689564e43b42b2525' -> (Import Result ID: 'a5f9d8fcdb7315b3c709ae09985919a2') in 0.002 seconds [static and dynamic dependencies]. Details - ImportResultOutputID=303badab9b7bb8dbf23e7239f2a90e4d DependenciesID=9ab22a1429d494340f74e0bb399136b2 StaticDependenciesID=193b0b30bba0473a4da1c0b99f53f53c 
Number of updated asset objects reloaded before import = 0
Number of asset objects unloaded after import = 0
========================================================================
Received Import Request.
  Time of request: 2026-08-05T18:44:47.4274261Z
  Time since last request: 0.0003228 seconds.
  importAddress: GUID: 6b91e5dc5313d448996aa5a5ef3879f5 - Path: Packages/com.unity.visualscripting/Runtime/VisualScripting.Flow/Framework/Collections/Lists/GetListItem.cs - Importer: ScriptedImporter/UnityEditor.QuickSearchModule:UnityEditor.Search:ASIAI0B
Importing 'GUID: 6b91e5dc5313d448996aa5a5ef3879f5 - Path: Packages/com.unity.visualscripting/Runtime/VisualScripting.Flow/Framework/Collections/Lists/GetListItem.cs - Importer: ScriptedImporter/UnityEditor.QuickSearchModule:UnityEditor.Search:ASIAI0B' with importer (ScriptedImporter : UnityEditor.QuickSearchModule:UnityEditor.Search:ASIAI0B)
Imported 'GUID: 6b91e5dc5313d448996aa5a5ef3879f5' -> (Import Result ID: 'ce417b0a35935c94e458b4941a98cb1e') in 0.002 seconds [static and dynamic dependencies]. Details - ImportResultOutputID=5a61eecac0aa118afe960aeb7fdc4b95 DependenciesID=d9cbc8a8d50ddf929617d3a7cef349ac StaticDependenciesID=e112358c6edec6ff1b4d6e84fc6c9795 
Number of updated asset objects reloaded before import = 0
Number of asset objects unloaded after import = 0
========================================================================
Received Import Request.
  Time of request: 2026-08-05T18:44:47.439256Z
  Time since last request: 0.0004273 seconds.
  importAddress: GUID: 0304625fd852e4c1a88e3a6367245d13 - Path: Packages/com.unity.visualscripting/Runtime/VisualScripting.Core/Dependencies/FullSerializer/Internal/fsCyclicReferenceManager.cs - Importer: ScriptedImporter/UnityEditor.QuickSearchModule:UnityEditor.Search:ASIAI0B
Importing 'GUID: 0304625fd852e4c1a88e3a6367245d13 - Path: Packages/com.unity.visualscripting/Runtime/VisualScripting.Core/Dependencies/FullSerializer/Internal/fsCyclicReferenceManager.cs - Importer: ScriptedImporter/UnityEditor.QuickSearchModule:UnityEditor.Search:ASIAI0B' with importer (ScriptedImporter : UnityEditor.QuickSearchModule:UnityEditor.Search:ASIAI0B)
Imported 'GUID: 0304625fd852e4c1a88e3a6367245d13' -> (Import Result ID: '1fd42ebbc448927e7303628ecc04fae2') in 0.003 seconds [static and dynamic dependencies]. Details - ImportResultOutputID=3d70fc941e0ab0fc825ce2fdf0be4430 DependenciesID=3f506c7e7e5a2bca02579841fc1e9c1e StaticDependenciesID=05b67c7394bc3da9c5e5348896469da3 
Number of updated asset objects reloaded before import = 0
Number of asset objects unloaded after import = 0
========================================================================
Received Import Request.
  Time of request: 2026-08-05T18:44:47.451066Z
  Time since last request: 0.0005269 seconds.
  importAddress: GUID: b2c6916dd07ed47b7b77ccd07eea9fbe - Path: Packages/com.unity.visualscripting/Runtime/VisualScripting.Flow/Framework/Collections/Dictionaries/SetDictionaryItem.cs - Importer: ScriptedImporter/UnityEditor.QuickSearchModule:UnityEditor.Search:ASIAI0B
Importing 'GUID: b2c6916dd07ed47b7b77ccd07eea9fbe - Path: Packages/com.unity.visualscripting/Runtime/VisualScripting.Flow/Framework/Collections/Dictionaries/SetDictionaryItem.cs - Importer: ScriptedImporter/UnityEditor.QuickSearchModule:UnityEditor.Search:ASIAI0B' with importer (ScriptedImporter : UnityEditor.QuickSearchModule:UnityEditor.Search:ASIAI0B)
Imported 'GUID: b2c6916dd07ed47b7b77ccd07eea9fbe' -> (Import Result ID: '8e6740b68c93c5b3626268573af8f9c5') in 0.002 seconds [static and dynamic dependencies]. Details - ImportResultOutputID=cd72a53bf98683e419a0a1c5fddfde13 DependenciesID=64a7ed2f1cc6ede641633d0658e9403f StaticDependenciesID=e62553176886e4e767c64db5f7e48156 
Number of updated asset objects reloaded before import = 0
Number of asset objects unloaded after import = 0
========================================================================
Received Import Request.
  Time of request: 2026-08-05T18:44:47.4616315Z
  Time since last request: 0.0006345 seconds.
  importAddress: GUID: 0a8e3e47147a543cfbfa969532386942 - Path: Packages/com.unity.visualscripting/Runtime/VisualScripting.Flow/Framework/Collections/Dictionaries/GetDictionaryItem.cs - Importer: ScriptedImporter/UnityEditor.QuickSearchModule:UnityEditor.Search:ASIAI0B
Importing 'GUID: 0a8e3e47147a543cfbfa969532386942 - Path: Packages/com.unity.visualscripting/Runtime/VisualScripting.Flow/Framework/Collections/Dictionaries/GetDictionaryItem.cs - Importer: ScriptedImporter/UnityEditor.QuickSearchModule:UnityEditor.Search:ASIAI0B' with importer (ScriptedImporter : UnityEditor.QuickSearchModule:UnityEditor.Search:ASIAI0B)
Imported 'GUID: 0a8e3e47147a543cfbfa969532386942' -> (Import Result ID: '50e02b9bf2d4ecb37560aa90ab133a38') in 0.002 seconds [static and dynamic dependencies]. Details - ImportResultOutputID=5b6dadd5ba1aa154519fe8f91ac79943 DependenciesID=c90700bd3e03350caf35468962a62dee StaticDependenciesID=c9369ffa908878a76c056f114f15e358 
Number of updated asset objects reloaded before import = 0
Number of asset objects unloaded after import = 0
========================================================================
Received Import Request.
  Time of request: 2026-08-05T18:44:47.4719118Z
  Time since last request: 0.0003722 seconds.
  importAddress: GUID: 573496a789db44e01b6f7798f8b3f1f3 - Path: Packages/com.unity.visualscripting/Runtime/VisualScripting.Flow/Framework/Collections/Lists/ClearList.cs - Importer: ScriptedImporter/UnityEditor.QuickSearchModule:UnityEditor.Search:ASIAI0B
Importing 'GUID: 573496a789db44e01b6f7798f8b3f1f3 - Path: Packages/com.unity.visualscripting/Runtime/VisualScripting.Flow/Framework/Collections/Lists/ClearList.cs - Importer: ScriptedImporter/UnityEditor.QuickSearchModule:UnityEditor.Search:ASIAI0B' with importer (ScriptedImporter : UnityEditor.QuickSearchModule:UnityEditor.Search:ASIAI0B)
Imported 'GUID: 573496a789db44e01b6f7798f8b3f1f3' -> (Import Result ID: 'd2c54e25ef377fee505ec5000e44284d') in 0.002 seconds [static and dynamic dependencies]. Details - ImportResultOutputID=977ff79fd879e679ac41f46323bca160 DependenciesID=8b5507fedc42611c0c3ee517a40b0d34 StaticDependenciesID=ecfec03a2fe665f89619a1ffdefbbeba 
Number of updated asset objects reloaded before import = 0
Number of asset objects unloaded after import = 0
========================================================================
Received Import Request.
  Time of request: 2026-08-05T18:44:47.4823931Z
  Time since last request: 0.000417 seconds.
  importAddress: GUID: 4540a76c964184c6885d7ff930a19d72 - Path: Packages/com.unity.visualscripting/Runtime/VisualScripting.Flow/Framework/Events/GUI/OnSelect.cs - Importer: ScriptedImporter/UnityEditor.QuickSearchModule:UnityEditor.Search:ASIAI0B
Importing 'GUID: 4540a76c964184c6885d7ff930a19d72 - Path: Packages/com.unity.visualscripting/Runtime/VisualScripting.Flow/Framework/Events/GUI/OnSelect.cs - Importer: ScriptedImporter/UnityEditor.QuickSearchModule:UnityEditor.Search:ASIAI0B' with importer (ScriptedImporter : UnityEditor.QuickSearchModule:UnityEditor.Search:ASIAI0B)
Imported 'GUID: 4540a76c964184c6885d7ff930a19d72' -> (Import Result ID: 'fc2406d5d44ec34bfffd8ac478bb2109') in 0.002 seconds [static and dynamic dependencies]. Details - ImportResultOutputID=bec109e7d40ecd20400c9b6865a668f2 DependenciesID=30c5e0f11ddc98a33d1aa3b22586e106 StaticDependenciesID=f23ebe415f65f985f51d110f7cd2d791 
Number of updated asset objects reloaded before import = 0
Number of asset objects unloaded after import = 0
========================================================================
Received Import Request.
  Time of request: 2026-08-05T18:44:47.4925814Z
  Time since last request: 0.0003864 seconds.
  importAddress: GUID: 0c820b13261c044f2b847e5f8f454400 - Path: Packages/com.unity.visualscripting/Runtime/VisualScripting.Flow/Framework/Events/Application/OnApplicationLostFocus.cs - Importer: ScriptedImporter/UnityEditor.QuickSearchModule:UnityEditor.Search:ASIAI0B
Importing 'GUID: 0c820b13261c044f2b847e5f8f454400 - Path: Packages/com.unity.visualscripting/Runtime/VisualScripting.Flow/Framework/Events/Application/OnApplicationLostFocus.cs - Importer: ScriptedImporter/UnityEditor.QuickSearchModule:UnityEditor.Search:ASIAI0B' with importer (ScriptedImporter : UnityEditor.QuickSearchModule:UnityEditor.Search:ASIAI0B)
Imported 'GUID: 0c820b13261c044f2b847e5f8f454400' -> (Import Result ID: 'a43db41bd2ece53479fd1bb9e9278d75') in 0.003 seconds [static and dynamic dependencies]. Details - ImportResultOutputID=8141931958d2c1dddecf3cb44b544eed DependenciesID=5c751fde45a3b2d7b72914e1951c3372 StaticDependenciesID=b280509f515da157aba2699e83b2e3b8 
Number of updated asset objects reloaded before import = 0
Number of asset objects unloaded after import = 0
========================================================================
Received Import Request.
  Time of request: 2026-08-05T18:44:47.5253723Z
  Time since last request: 0.0202627 seconds.
  importAddress: GUID: 273c8eb9f78f34ac7b137c54a0583e00 - Path: Packages/com.unity.visualscripting/Runtime/VisualScripting.Flow/Framework/Events/Physics2D/OnTriggerEnter2D.cs - Importer: ScriptedImporter/UnityEditor.QuickSearchModule:UnityEditor.Search:ASIAI0B
Importing 'GUID: 273c8eb9f78f34ac7b137c54a0583e00 - Path: Packages/com.unity.visualscripting/Runtime/VisualScripting.Flow/Framework/Events/Physics2D/OnTriggerEnter2D.cs - Importer: ScriptedImporter/UnityEditor.QuickSearchModule:UnityEditor.Search:ASIAI0B' with importer (ScriptedImporter : UnityEditor.QuickSearchModule:UnityEditor.Search:ASIAI0B)
Imported 'GUID: 273c8eb9f78f34ac7b137c54a0583e00' -> (Import Result ID: '5de311eaee9fc8924b8d42c4066a54a4') in 0.003 seconds [static and dynamic dependencies]. Details - ImportResultOutputID=c3200e8fbe3d4ef5ba2a43ff8b244147 DependenciesID=918a498a7829576fa87ed57b67600d57 StaticDependenciesID=e274851a6efa6cc61e763e8dc3cfcc50 
Number of updated asset objects reloaded before import = 0
Number of asset objects unloaded after import = 0
========================================================================
Received Import Request.
  Time of request: 2026-08-05T18:44:47.5356642Z
  Time since last request: 0.0002934 seconds.
  importAddress: GUID: 6113e090580a245c3be6c24bf1d72116 - Path: Packages/com.unity.visualscripting/Runtime/VisualScripting.Flow/Framework/Events/Physics/OnTriggerEnter.cs - Importer: ScriptedImporter/UnityEditor.QuickSearchModule:UnityEditor.Search:ASIAI0B
Importing 'GUID: 6113e090580a245c3be6c24bf1d72116 - Path: Packages/com.unity.visualscripting/Runtime/VisualScripting.Flow/Framework/Events/Physics/OnTriggerEnter.cs - Importer: ScriptedImporter/UnityEditor.QuickSearchModule:UnityEditor.Search:ASIAI0B' with importer (ScriptedImporter : UnityEditor.QuickSearchModule:UnityEditor.Search:ASIAI0B)
Imported 'GUID: 6113e090580a245c3be6c24bf1d72116' -> (Import Result ID: '1952c6ce1aa9271d5fe9733c27c46fcc') in 0.002 seconds [static and dynamic dependencies]. Details - ImportResultOutputID=04cda1b6aaab05bc27ab7c8892f5b0c3 DependenciesID=e2bcec06a3a652e29f7f236f67010e91 StaticDependenciesID=94f0a45eebc2dbec0151b863ec3235d7 
Number of updated asset objects reloaded before import = 0
Number of asset objects unloaded after import = 0
========================================================================
Received Import Request.
  Time of request: 2026-08-05T18:44:47.5459079Z
  Time since last request: 0.0007285 seconds.
  importAddress: GUID: cc271ee33d067424a8d0a485c0f9d81a - Path: Packages/com.unity.visualscripting/Runtime/VisualScripting.Flow/Framework/Events/Lifecycle/Start.cs - Importer: ScriptedImporter/UnityEditor.QuickSearchModule:UnityEditor.Search:ASIAI0B
Importing 'GUID: cc271ee33d067424a8d0a485c0f9d81a - Path: Packages/com.unity.visualscripting/Runtime/VisualScripting.Flow/Framework/Events/Lifecycle/Start.cs - Importer: ScriptedImporter/UnityEditor.QuickSearchModule:UnityEditor.Search:ASIAI0B' with importer (ScriptedImporter : UnityEditor.QuickSearchModule:UnityEditor.Search:ASIAI0B)
Imported 'GUID: cc271ee33d067424a8d0a485c0f9d81a' -> (Import Result ID: '3d1fa7b07cda7fa58afefe212e7fa876') in 0.002 seconds [static and dynamic dependencies]. Details - ImportResultOutputID=3aa122e54a152655bacd301d0a79ba2a DependenciesID=31ffbe738a7e4a586e2d729b4de329ea StaticDependenciesID=0af5e6ff4ac3d1a0208449651652fa0e 
Number of updated asset objects reloaded before import = 0
Number of asset objects unloaded after import = 0
========================================================================
Received Import Request.
  Time of request: 2026-08-05T18:44:47.5561429Z
  Time since last request: 0.0002723 seconds.
  importAddress: GUID: 9541b23dd8d1d46db9fe9a8d0741ffbc - Path: Packages/com.unity.visualscripting/Runtime/VisualScripting.Flow/Framework/Math/Scalar/ScalarMinimum.cs - Importer: ScriptedImporter/UnityEditor.QuickSearchModule:UnityEditor.Search:ASIAI0B
Importing 'GUID: 9541b23dd8d1d46db9fe9a8d0741ffbc - Path: Packages/com.unity.visualscripting/Runtime/VisualScripting.Flow/Framework/Math/Scalar/ScalarMinimum.cs - Importer: ScriptedImporter/UnityEditor.QuickSearchModule:UnityEditor.Search:ASIAI0B' with importer (ScriptedImporter : UnityEditor.QuickSearchModule:UnityEditor.Search:ASIAI0B)
Imported 'GUID: 9541b23dd8d1d46db9fe9a8d0741ffbc' -> (Import Result ID: 'c45dcbc4fda1d4737a1faf3046e6b7f4') in 0.002 seconds [static and dynamic dependencies]. Details - ImportResultOutputID=e66eb75b45842cdb994e9430d086513a DependenciesID=2300bda4df846ebf8a964be1659c0931 StaticDependenciesID=3f6ea067688270ccd702cc3c94fe0597 
Number of updated asset objects reloaded before import = 0
Number of asset objects unloaded after import = 0
========================================================================
Received Import Request.
  Time of request: 2026-08-05T18:44:47.5657887Z
  Time since last request: 0.0003958 seconds.
  importAddress: GUID: e3b8e59920a774b3d89b873db0df5ae7 - Path: Packages/com.unity.visualscripting/Runtime/VisualScripting.Flow/Framework/Math/Scalar/ScalarModulo.cs - Importer: ScriptedImporter/UnityEditor.QuickSearchModule:UnityEditor.Search:ASIAI0B
Importing 'GUID: e3b8e59920a774b3d89b873db0df5ae7 - Path: Packages/com.unity.visualscripting/Runtime/VisualScripting.Flow/Framework/Math/Scalar/ScalarModulo.cs - Importer: ScriptedImporter/UnityEditor.QuickSearchModule:UnityEditor.Search:ASIAI0B' with importer (ScriptedImporter : UnityEditor.QuickSearchModule:UnityEditor.Search:ASIAI0B)
Imported 'GUID: e3b8e59920a774b3d89b873db0df5ae7' -> (Import Result ID: '14c27f7772f0334845abdbdaf997ac4b') in 0.002 seconds [static and dynamic dependencies]. Details - ImportResultOutputID=8eb95c6a141771037c23280578267c0e DependenciesID=f48c7e6e23896311863e4c6c9c3faaf3 StaticDependenciesID=1d9a27e698429c4bf7cde24107e6aa1a 
Number of updated asset objects reloaded before import = 0
Number of asset objects unloaded after import = 0
========================================================================
Received Import Request.
  Time of request: 2026-08-05T18:44:47.5761745Z
  Time since last request: 0.0003927 seconds.
  importAddress: GUID: cbd776ebe9edf4b5ea0af4c0cf57fbe8 - Path: Packages/com.unity.visualscripting/Runtime/VisualScripting.Flow/Framework/Events/Input/OnKeyboardInput.cs - Importer: ScriptedImporter/UnityEditor.QuickSearchModule:UnityEditor.Search:ASIAI0B
Importing 'GUID: cbd776ebe9edf4b5ea0af4c0cf57fbe8 - Path: Packages/com.unity.visualscripting/Runtime/VisualScripting.Flow/Framework/Events/Input/OnKeyboardInput.cs - Importer: ScriptedImporter/UnityEditor.QuickSearchModule:UnityEditor.Search:ASIAI0B' with importer (ScriptedImporter : UnityEditor.QuickSearchModule:UnityEditor.Search:ASIAI0B)
Imported 'GUID: cbd776ebe9edf4b5ea0af4c0cf57fbe8' -> (Import Result ID: '86cab075fe2452ffbdf783e7b8b717b9') in 0.003 seconds [static and dynamic dependencies]. Details - ImportResultOutputID=5997699fa673cd0b2186b414b8fdf084 DependenciesID=0d76d9ce98198ad8075c10b2528979d9 StaticDependenciesID=028ed29d2244e420e26c286c8f9cf199 
Number of updated asset objects reloaded before import = 0
Number of asset objects unloaded after import = 0
========================================================================
Received Import Request.
  Time of request: 2026-08-05T18:44:47.5885856Z
  Time since last request: 0.0003983 seconds.
  importAddress: GUID: c41ddb0fe579545b29cb230755e69630 - Path: Packages/com.unity.visualscripting/Runtime/VisualScripting.Flow/Framework/Events/Input/OnMouseDown.cs - Importer: ScriptedImporter/UnityEditor.QuickSearchModule:UnityEditor.Search:ASIAI0B
Importing 'GUID: c41ddb0fe579545b29cb230755e69630 - Path: Packages/com.unity.visualscripting/Runtime/VisualScripting.Flow/Framework/Events/Input/OnMouseDown.cs - Importer: ScriptedImporter/UnityEditor.QuickSearchModule:UnityEditor.Search:ASIAI0B' with importer (ScriptedImporter : UnityEditor.QuickSearchModule:UnityEditor.Search:ASIAI0B)
Imported 'GUID: c41ddb0fe579545b29cb230755e69630' -> (Import Result ID: 'd341aa882f098592c826a75bb21fee04') in 0.002 seconds [static and dynamic dependencies]. Details - ImportResultOutputID=5ef5abe687c2bada911104d30a21e51f DependenciesID=54a180c6928eb803794084d1db15ca3d StaticDependenciesID=3bbae0f3cf6909827b9b79d45518e7f4 
Number of updated asset objects reloaded before import = 0
Number of asset objects unloaded after import = 0
========================================================================
Received Import Request.
  Time of request: 2026-08-05T18:44:47.5982397Z
  Time since last request: 0.0005066 seconds.
  importAddress: GUID: fe6d0df2486084697962131451743478 - Path: Packages/com.unity.visualscripting/Runtime/VisualScripting.Flow/Framework/Events/Physics2D/OnJointBreak2D.cs - Importer: ScriptedImporter/UnityEditor.QuickSearchModule:UnityEditor.Search:ASIAI0B
Importing 'GUID: fe6d0df2486084697962131451743478 - Path: Packages/com.unity.visualscripting/Runtime/VisualScripting.Flow/Framework/Events/Physics2D/OnJointBreak2D.cs - Importer: ScriptedImporter/UnityEditor.QuickSearchModule:UnityEditor.Search:ASIAI0B' with importer (ScriptedImporter : UnityEditor.QuickSearchModule:UnityEditor.Search:ASIAI0B)
Imported 'GUID: fe6d0df2486084697962131451743478' -> (Import Result ID: '2b5738c0a6d6785f6a1cce46c9fbd28c') in 0.003 seconds [static and dynamic dependencies]. Details - ImportResultOutputID=75be04778cd0e5be8a1135db292f7871 DependenciesID=9db95f146043babe2241701cf264a8fe StaticDependenciesID=f0fdd20aa7b5783115cb569eaed46ede 
Number of updated asset objects reloaded before import = 0
Number of asset objects unloaded after import = 0
========================================================================
Received Import Request.
  Time of request: 2026-08-05T18:44:47.6086832Z
  Time since last request: 0.0002697 seconds.
  importAddress: GUID: 20201b41647ec4033b5afa3b7d6d8619 - Path: Packages/com.unity.visualscripting/Runtime/VisualScripting.Flow/Framework/Events/Lifecycle/OnEnable.cs - Importer: ScriptedImporter/UnityEditor.QuickSearchModule:UnityEditor.Search:ASIAI0B
Importing 'GUID: 20201b41647ec4033b5afa3b7d6d8619 - Path: Packages/com.unity.visualscripting/Runtime/VisualScripting.Flow/Framework/Events/Lifecycle/OnEnable.cs - Importer: ScriptedImporter/UnityEditor.QuickSearchModule:UnityEditor.Search:ASIAI0B' with importer (ScriptedImporter : UnityEditor.QuickSearchModule:UnityEditor.Search:ASIAI0B)
Imported 'GUID: 20201b41647ec4033b5afa3b7d6d8619' -> (Import Result ID: 'a252142068f64f0e8ef1d613f74362c2') in 0.003 seconds [static and dynamic dependencies]. Details - ImportResultOutputID=5131bbc09db3c18e83576a38c712fc76 DependenciesID=aa17705f4892b3c0bab131cf4b5924fc StaticDependenciesID=bddb8ba672805f03dd20409d3d3b2fe9 
Number of updated asset objects reloaded before import = 0
Number of asset objects unloaded after import = 0
========================================================================
Received Import Request.
  Time of request: 2026-08-05T18:44:47.6261613Z
  Time since last request: 0.0068716 seconds.
  importAddress: GUID: e60cebb24d0ad4159a42397d8682886b - Path: Packages/com.unity.visualscripting/Runtime/VisualScripting.Flow/Framework/Math/Vector3/DeprecatedVector3Add.cs - Importer: ScriptedImporter/UnityEditor.QuickSearchModule:UnityEditor.Search:ASIAI0B
Importing 'GUID: e60cebb24d0ad4159a42397d8682886b - Path: Packages/com.unity.visualscripting/Runtime/VisualScripting.Flow/Framework/Math/Vector3/DeprecatedVector3Add.cs - Importer: ScriptedImporter/UnityEditor.QuickSearchModule:UnityEditor.Search:ASIAI0B' with importer (ScriptedImporter : UnityEditor.QuickSearchModule:UnityEditor.Search:ASIAI0B)
Imported 'GUID: e60cebb24d0ad4159a42397d8682886b' -> (Import Result ID: 'd0a9dd874cbf86a1d7437879cd132bb2') in 0.002 seconds [static and dynamic dependencies]. Details - ImportResultOutputID=d9394329c2114b5c605f9a26afb8536d DependenciesID=561e3e15032722d7ddbaf4dd67fd0504 StaticDependenciesID=3a4e817609f3e16642e142bdb73ef5b9 
Number of updated asset objects reloaded before import = 0
Number of asset objects unloaded after import = 0
========================================================================
Received Import Request.
  Time of request: 2026-08-05T18:44:47.6355965Z
  Time since last request: 0.0005397 seconds.
  importAddress: GUID: ae8e1ac0798924f26954987bc3784d62 - Path: Packages/com.unity.visualscripting/Runtime/VisualScripting.Flow/Framework/Math/Vector4/Vector4Normalize.cs - Importer: ScriptedImporter/UnityEditor.QuickSearchModule:UnityEditor.Search:ASIAI0B
Importing 'GUID: ae8e1ac0798924f26954987bc3784d62 - Path: Packages/com.unity.visualscripting/Runtime/VisualScripting.Flow/Framework/Math/Vector4/Vector4Normalize.cs - Importer: ScriptedImporter/UnityEditor.QuickSearchModule:UnityEditor.Search:ASIAI0B' with importer (ScriptedImporter : UnityEditor.QuickSearchModule:UnityEditor.Search:ASIAI0B)
Imported 'GUID: ae8e1ac0798924f26954987bc3784d62' -> (Import Result ID: '1c0b8503d2ab3ce3e193bf2245e2c109') in 0.002 seconds [static and dynamic dependencies]. Details - ImportResultOutputID=3d321476598982aa3074708b8e28a401 DependenciesID=bf2a5977af4678371329c3ac50557880 StaticDependenciesID=8d36e55c61efe9aa87e077ce31c25ceb 
Number of updated asset objects reloaded before import = 0
Number of asset objects unloaded after import = 0
========================================================================
Received Import Request.
  Time of request: 2026-08-05T18:44:47.6458836Z
  Time since last request: 0.0004327 seconds.
  importAddress: GUID: 554e19cd08bdc451492e26e4b230ca92 - Path: Packages/com.unity.visualscripting/Runtime/VisualScripting.Flow/Framework/Math/Vector2/Vector2DotProduct.cs - Importer: ScriptedImporter/UnityEditor.QuickSearchModule:UnityEditor.Search:ASIAI0B
Importing 'GUID: 554e19cd08bdc451492e26e4b230ca92 - Path: Packages/com.unity.visualscripting/Runtime/VisualScripting.Flow/Framework/Math/Vector2/Vector2DotProduct.cs - Importer: ScriptedImporter/UnityEditor.QuickSearchModule:UnityEditor.Search:ASIAI0B' with importer (ScriptedImporter : UnityEditor.QuickSearchModule:UnityEditor.Search:ASIAI0B)
Imported 'GUID: 554e19cd08bdc451492e26e4b230ca92' -> (Import Result ID: '9bb128e448d58651e9f2f7b890d33b54') in 0.002 seconds [static and dynamic dependencies]. Details - ImportResultOutputID=3c273d2c949128da65954f72ef86adc8 DependenciesID=7452fe1b77eb5ea2faa1dd9b7fd74fb5 StaticDependenciesID=fd0f4b27046fa41f4ea46fdb315467b4 
Number of updated asset objects reloaded before import = 0
Number of asset objects unloaded after import = 0
========================================================================
Received Import Request.
  Time of request: 2026-08-05T18:44:47.656882Z
  Time since last request: 0.0004269 seconds.
  importAddress: GUID: df00c99de947d4266aad40a0136a1034 - Path: Packages/com.unity.visualscripting/Runtime/VisualScripting.Flow/Framework/Math/Vector4/Vector4PerSecond.cs - Importer: ScriptedImporter/UnityEditor.QuickSearchModule:UnityEditor.Search:ASIAI0B
Importing 'GUID: df00c99de947d4266aad40a0136a1034 - Path: Packages/com.unity.visualscripting/Runtime/VisualScripting.Flow/Framework/Math/Vector4/Vector4PerSecond.cs - Importer: ScriptedImporter/UnityEditor.QuickSearchModule:UnityEditor.Search:ASIAI0B' with importer (ScriptedImporter : UnityEditor.QuickSearchModule:UnityEditor.Search:ASIAI0B)
Imported 'GUID: df00c99de947d4266aad40a0136a1034' -> (Import Result ID: 'e8cf22403625ea30443db5dc995dcd49') in 0.003 seconds [static and dynamic dependencies]. Details - ImportResultOutputID=92bc737e083197953f6532a9507f7b96 DependenciesID=bcb68186ceca1baa6c97da9dc2ab3e64 StaticDependenciesID=aa7c4146c10f7d6582ac716d15da3a3d 
Number of updated asset objects reloaded before import = 0
Number of asset objects unloaded after import = 0
========================================================================
Received Import Request.
  Time of request: 2026-08-05T18:44:47.6667926Z
  Time since last request: 0.0002925 seconds.
  importAddress: GUID: 5f551070dc51d44388d6962425c3cb16 - Path: Packages/com.unity.visualscripting/Runtime/VisualScripting.Flow/Framework/Math/Vector2/Vector2Normalize.cs - Importer: ScriptedImporter/UnityEditor.QuickSearchModule:UnityEditor.Search:ASIAI0B
Importing 'GUID: 5f551070dc51d44388d6962425c3cb16 - Path: Packages/com.unity.visualscripting/Runtime/VisualScripting.Flow/Framework/Math/Vector2/Vector2Normalize.cs - Importer: ScriptedImporter/UnityEditor.QuickSearchModule:UnityEditor.Search:ASIAI0B' with importer (ScriptedImporter : UnityEditor.QuickSearchModule:UnityEditor.Search:ASIAI0B)
Imported 'GUID: 5f551070dc51d44388d6962425c3cb16' -> (Import Result ID: '8a9f138379b063ff2c0fa47a0d0b91de') in 0.003 seconds [static and dynamic dependencies]. Details - ImportResultOutputID=34c356f9e5ef91779015025615815345 DependenciesID=b42293cf1b211f780f2ea4ab7d6ad7a2 StaticDependenciesID=d68a6b6f39518b2547b079a607915f5a 
Number of updated asset objects reloaded before import = 0
Number of asset objects unloaded after import = 0
========================================================================
Received Import Request.
  Time of request: 2026-08-05T18:44:47.6777052Z
  Time since last request: 0.00044 seconds.
  importAddress: GUID: 3ca4d2c91d4b1441ab77f87de783a75d - Path: Packages/com.unity.visualscripting/Runtime/VisualScripting.Flow/Framework/Math/Vector4/Vector4Lerp.cs - Importer: ScriptedImporter/UnityEditor.QuickSearchModule:UnityEditor.Search:ASIAI0B
Importing 'GUID: 3ca4d2c91d4b1441ab77f87de783a75d - Path: Packages/com.unity.visualscripting/Runtime/VisualScripting.Flow/Framework/Math/Vector4/Vector4Lerp.cs - Importer: ScriptedImporter/UnityEditor.QuickSearchModule:UnityEditor.Search:ASIAI0B' with importer (ScriptedImporter : UnityEditor.QuickSearchModule:UnityEditor.Search:ASIAI0B)
Imported 'GUID: 3ca4d2c91d4b1441ab77f87de783a75d' -> (Import Result ID: '110371a927eb5237e9d474417701ddef') in 0.003 seconds [static and dynamic dependencies]. Details - ImportResultOutputID=da3a6a5b3c06a890f0afaba42fb190ca DependenciesID=67b55e44ece7670b683314391c1644e2 StaticDependenciesID=2acc86ce48413dab48f07d739955b9fd 
Number of updated asset objects reloaded before import = 0
Number of asset objects unloaded after import = 0
========================================================================
Received Import Request.
  Time of request: 2026-08-05T18:44:47.688761Z
  Time since last request: 0.0007061 seconds.
  importAddress: GUID: 099ac312981094335b1b4d700559bc04 - Path: Packages/com.unity.visualscripting/Runtime/VisualScripting.Flow/Framework/Math/Vector4/Vector4Modulo.cs - Importer: ScriptedImporter/UnityEditor.QuickSearchModule:UnityEditor.Search:ASIAI0B
Importing 'GUID: 099ac312981094335b1b4d700559bc04 - Path: Packages/com.unity.visualscripting/Runtime/VisualScripting.Flow/Framework/Math/Vector4/Vector4Modulo.cs - Importer: ScriptedImporter/UnityEditor.QuickSearchModule:UnityEditor.Search:ASIAI0B' with importer (ScriptedImporter : UnityEditor.QuickSearchModule:UnityEditor.Search:ASIAI0B)
Imported 'GUID: 099ac312981094335b1b4d700559bc04' -> (Import Result ID: 'f01262dd9e79bd61e511cdfa955f8d5f') in 0.002 seconds [static and dynamic dependencies]. Details - ImportResultOutputID=6908e64614904357201a7e83b94feda3 DependenciesID=247bf62186b3ca74acc1b229e6706b6a StaticDependenciesID=50c30cc733074a8d241c788cf95bb9dc 
Number of updated asset objects reloaded before import = 0
Number of asset objects unloaded after import = 0
========================================================================
Received Import Request.
  Time of request: 2026-08-05T18:44:47.6986563Z
  Time since last request: 0.0003354 seconds.
  importAddress: GUID: 0bb12f33e0821422990be6c0080e2a4c - Path: Packages/com.unity.visualscripting/Runtime/VisualScripting.Flow/Framework/Math/Vector4/Vector4Multiply.cs - Importer: ScriptedImporter/UnityEditor.QuickSearchModule:UnityEditor.Search:ASIAI0B
Importing 'GUID: 0bb12f33e0821422990be6c0080e2a4c - Path: Packages/com.unity.visualscripting/Runtime/VisualScripting.Flow/Framework/Math/Vector4/Vector4Multiply.cs - Importer: ScriptedImporter/UnityEditor.QuickSearchModule:UnityEditor.Search:ASIAI0B' with importer (ScriptedImporter : UnityEditor.QuickSearchModule:UnityEditor.Search:ASIAI0B)
Imported 'GUID: 0bb12f33e0821422990be6c0080e2a4c' -> (Import Result ID: '329cf7855630070ec9b6a90e5d0e549c') in 0.003 seconds [static and dynamic dependencies]. Details - ImportResultOutputID=baac6d5f20f98436b8bcad7dd561d944 DependenciesID=cc89538184676d759aa80fed2260d43f StaticDependenciesID=b1eaed1d9800c9e53e28df1f9b520004 
Number of updated asset objects reloaded before import = 0
Number of asset objects unloaded after import = 0
========================================================================
Received Import Request.
  Time of request: 2026-08-05T18:44:47.7269209Z
  Time since last request: 0.0164012 seconds.
  importAddress: GUID: 68722b07db4a4ab5ba1b05964a1ed856 - Path: Packages/com.unity.2d.aseprite/Editor/BackgroundImport.cs - Importer: ScriptedImporter/UnityEditor.QuickSearchModule:UnityEditor.Search:ASIAI0B
Importing 'GUID: 68722b07db4a4ab5ba1b05964a1ed856 - Path: Packages/com.unity.2d.aseprite/Editor/BackgroundImport.cs - Importer: ScriptedImporter/UnityEditor.QuickSearchModule:UnityEditor.Search:ASIAI0B' with importer (ScriptedImporter : UnityEditor.QuickSearchModule:UnityEditor.Search:ASIAI0B)
Imported 'GUID: 68722b07db4a4ab5ba1b05964a1ed856' -> (Import Result ID: '9a63463c5e15333c5bb6a8f657d88682') in 0.003 seconds [static and dynamic dependencies]. Details - ImportResultOutputID=894c09c9f521caec3ce7389f4951518f DependenciesID=260230938ae72c0e62ae9d384618f071 StaticDependenciesID=eefdd2a80f3535ac25067fea04373f6d 
Number of updated asset objects reloaded before import = 0
Number of asset objects unloaded after import = 0
========================================================================
Received Import Request.
  Time of request: 2026-08-05T18:44:47.7380045Z
  Time since last request: 0.0013085 seconds.
  importAddress: GUID: c375abf85cf9e42a0b84b8a8449cdeae - Path: Packages/com.unity.visualscripting/Runtime/VisualScripting.Core/Dependencies/FullSerializer/Converters/Unity/Gradient_DirectConverter.cs - Importer: ScriptedImporter/UnityEditor.QuickSearchModule:UnityEditor.Search:ASIAI0B
Importing 'GUID: c375abf85cf9e42a0b84b8a8449cdeae - Path: Packages/com.unity.visualscripting/Runtime/VisualScripting.Core/Dependencies/FullSerializer/Converters/Unity/Gradient_DirectConverter.cs - Importer: ScriptedImporter/UnityEditor.QuickSearchModule:UnityEditor.Search:ASIAI0B' with importer (ScriptedImporter : UnityEditor.QuickSearchModule:UnityEditor.Search:ASIAI0B)
Imported 'GUID: c375abf85cf9e42a0b84b8a8449cdeae' -> (Import Result ID: 'a4c100b5cac48ed3e5d580d5c9109bba') in 0.002 seconds [static and dynamic dependencies]. Details - ImportResultOutputID=a7f4348102657d597eb163015b6d48f9 DependenciesID=63e640833e128a5d4f243893dbe36992 StaticDependenciesID=6250561b2f458a15470a444831e0b396 
Number of updated asset objects reloaded before import = 0
Number of asset objects unloaded after import = 0
========================================================================
Received Import Request.
  Time of request: 2026-08-05T18:44:47.748055Z
  Time since last request: 0.0001946 seconds.
  importAddress: GUID: ec4e06b12f3f74e0790d1dd9a31937de - Path: Packages/com.unity.visualscripting/Runtime/VisualScripting.Flow/Framework/Variables/Obsolete/IObjectVariableUnit.cs - Importer: ScriptedImporter/UnityEditor.QuickSearchModule:UnityEditor.Search:ASIAI0B
Importing 'GUID: ec4e06b12f3f74e0790d1dd9a31937de - Path: Packages/com.unity.visualscripting/Runtime/VisualScripting.Flow/Framework/Variables/Obsolete/IObjectVariableUnit.cs - Importer: ScriptedImporter/UnityEditor.QuickSearchModule:UnityEditor.Search:ASIAI0B' with importer (ScriptedImporter : UnityEditor.QuickSearchModule:UnityEditor.Search:ASIAI0B)
Imported 'GUID: ec4e06b12f3f74e0790d1dd9a31937de' -> (Import Result ID: '575d3aa4e4f49a46f11efd158238f014') in 0.002 seconds [static and dynamic dependencies]. Details - ImportResultOutputID=f4ab3ddc24d4e78f83ad7c9b92fcc38e DependenciesID=1a14c1b2fe1d54299780e111d062db8e StaticDependenciesID=c3f78e1127409ef20e94ca6592fbf91b 
Number of updated asset objects reloaded before import = 0
Number of asset objects unloaded after import = 0
========================================================================
Received Import Request.
  Time of request: 2026-08-05T18:44:47.7577138Z
  Time since last request: 0.0001872 seconds.
  importAddress: GUID: d1e6a8865d4b048aa99eb62f57e8cd10 - Path: Packages/com.unity.2d.aseprite/CHANGELOG.md - Importer: ScriptedImporter/UnityEditor.QuickSearchModule:UnityEditor.Search:ASIAI0B
Importing 'GUID: d1e6a8865d4b048aa99eb62f57e8cd10 - Path: Packages/com.unity.2d.aseprite/CHANGELOG.md - Importer: ScriptedImporter/UnityEditor.QuickSearchModule:UnityEditor.Search:ASIAI0B' with importer (ScriptedImporter : UnityEditor.QuickSearchModule:UnityEditor.Search:ASIAI0B)
Imported 'GUID: d1e6a8865d4b048aa99eb62f57e8cd10' -> (Import Result ID: '29f3ab0844b33c9735b87a02d351122a') in 0.007 seconds [static and dynamic dependencies]. Details - ImportResultOutputID=fca2206a9e73227afcef40ab929bd149 DependenciesID=05ec3dbbd5299a5c2b580ebe47107672 StaticDependenciesID=73c7da8be28ba5d464de0b5bb5188986 
Number of updated asset objects reloaded before import = 0
Number of asset objects unloaded after import = 1
========================================================================
Received Import Request.
  Time of request: 2026-08-05T18:44:47.7740739Z
  Time since last request: 0.0002226 seconds.
  importAddress: GUID: 830a36a23cf3ab1e61fa47940a6dc35e - Path: Packages/com.unity.modules.imageconversion/package.ModuleCompilationTrigger - Importer: ScriptedImporter/UnityEditor.QuickSearchModule:UnityEditor.Search:ASIAI0B
Importing 'GUID: 830a36a23cf3ab1e61fa47940a6dc35e - Path: Packages/com.unity.modules.imageconversion/package.ModuleCompilationTrigger - Importer: ScriptedImporter/UnityEditor.QuickSearchModule:UnityEditor.Search:ASIAI0B' with importer (ScriptedImporter : UnityEditor.QuickSearchModule:UnityEditor.Search:ASIAI0B)
Imported 'GUID: 830a36a23cf3ab1e61fa47940a6dc35e' -> (Import Result ID: '825af14d3c42d8ad39784fbbd49699cd') in 0.002 seconds [static and dynamic dependencies]. Details - ImportResultOutputID=ef03ab4eba053d59ede28472cc8303e2 DependenciesID=a278298040a2916a56c9b41170be5210 StaticDependenciesID=3b9ee5531ac2f847fc383679976b6cdb 
Number of updated asset objects reloaded before import = 0
Number of asset objects unloaded after import = 1
========================================================================
Received Import Request.
  Time of request: 2026-08-05T18:44:47.784465Z
  Time since last request: 0.0002299 seconds.
  importAddress: GUID: fcf2f4964f64c4a0fa8c994d677d8bd9 - Path: Packages/com.unity.2d.aseprite/package.json - Importer: ScriptedImporter/UnityEditor.QuickSearchModule:UnityEditor.Search:ASIAI0B
Importing 'GUID: fcf2f4964f64c4a0fa8c994d677d8bd9 - Path: Packages/com.unity.2d.aseprite/package.json - Importer: ScriptedImporter/UnityEditor.QuickSearchModule:UnityEditor.Search:ASIAI0B' with importer (ScriptedImporter : UnityEditor.QuickSearchModule:UnityEditor.Search:ASIAI0B)
Imported 'GUID: fcf2f4964f64c4a0fa8c994d677d8bd9' -> (Import Result ID: '7b49bb91151a61ead37b226e595b1847') in 0.007 seconds [static and dynamic dependencies]. Details - ImportResultOutputID=583c231ff21963f7cf444df2a4a9e9bc DependenciesID=3885a10330158162783c4066eee89d2d StaticDependenciesID=9a180677ee65365004901bed94097d48 
Number of updated asset objects reloaded before import = 0
Number of asset objects unloaded after import = 1
========================================================================
Received Import Request.
  Time of request: 2026-08-05T18:44:47.7989244Z
  Time since last request: 0.0001878 seconds.
  importAddress: GUID: 873ea06b20de94a23919101fb93913b5 - Path: Packages/com.unity.visualscripting/Runtime/VisualScripting.Flow/Framework/Variables/Obsolete/IGraphVariableUnit.cs - Importer: ScriptedImporter/UnityEditor.QuickSearchModule:UnityEditor.Search:ASIAI0B
Importing 'GUID: 873ea06b20de94a23919101fb93913b5 - Path: Packages/com.unity.visualscripting/Runtime/VisualScripting.Flow/Framework/Variables/Obsolete/IGraphVariableUnit.cs - Importer: ScriptedImporter/UnityEditor.QuickSearchModule:UnityEditor.Search:ASIAI0B' with importer (ScriptedImporter : UnityEditor.QuickSearchModule:UnityEditor.Search:ASIAI0B)
Imported 'GUID: 873ea06b20de94a23919101fb93913b5' -> (Import Result ID: '38d8b4c4d9975e677c860cc203ba8c7f') in 0.002 seconds [static and dynamic dependencies]. Details - ImportResultOutputID=b8eaa6974e5057e55b663a0406f8b5e2 DependenciesID=83bd5e71781d84ae11df0332e81815fb StaticDependenciesID=3c2bbb64b1816545851abbb787718a78 
Number of updated asset objects reloaded before import = 0
Number of asset objects unloaded after import = 0
========================================================================
Received Import Request.
  Time of request: 2026-08-05T18:44:47.8279303Z
  Time since last request: 0.0199433 seconds.
  importAddress: GUID: 91a1cc1231c549079ea8e113ba9637f0 - Path: Packages/com.unity.2d.aseprite/Editor/Aseprite/Chunks/OldPaletteChunk2.cs - Importer: ScriptedImporter/UnityEditor.QuickSearchModule:UnityEditor.Search:ASIAI0B
Importing 'GUID: 91a1cc1231c549079ea8e113ba9637f0 - Path: Packages/com.unity.2d.aseprite/Editor/Aseprite/Chunks/OldPaletteChunk2.cs - Importer: ScriptedImporter/UnityEditor.QuickSearchModule:UnityEditor.Search:ASIAI0B' with importer (ScriptedImporter : UnityEditor.QuickSearchModule:UnityEditor.Search:ASIAI0B)
Imported 'GUID: 91a1cc1231c549079ea8e113ba9637f0' -> (Import Result ID: 'c4004192fc3319a2ae8fa4b6c6c34898') in 0.003 seconds [static and dynamic dependencies]. Details - ImportResultOutputID=d5a58ae803db40695eed8f8d607a3f04 DependenciesID=8f479083a1b883e65508074e9c4f9f60 StaticDependenciesID=39bc3cd5ebdf6768e4307c5d6ea8ee62 
Number of updated asset objects reloaded before import = 0
Number of asset objects unloaded after import = 0
========================================================================
Received Import Request.
  Time of request: 2026-08-05T18:44:47.8378986Z
  Time since last request: 0.0007663 seconds.
  importAddress: GUID: 85a51339245d4c48bad2e2d97f9fa389 - Path: Packages/com.unity.2d.aseprite/Editor/Aseprite/Chunks/OldPaletteChunk.cs - Importer: ScriptedImporter/UnityEditor.QuickSearchModule:UnityEditor.Search:ASIAI0B
Importing 'GUID: 85a51339245d4c48bad2e2d97f9fa389 - Path: Packages/com.unity.2d.aseprite/Editor/Aseprite/Chunks/OldPaletteChunk.cs - Importer: ScriptedImporter/UnityEditor.QuickSearchModule:UnityEditor.Search:ASIAI0B' with importer (ScriptedImporter : UnityEditor.QuickSearchModule:UnityEditor.Search:ASIAI0B)
Imported 'GUID: 85a51339245d4c48bad2e2d97f9fa389' -> (Import Result ID: 'cdfc2ec76a27bd53d3688de372b8d6ba') in 0.002 seconds [static and dynamic dependencies]. Details - ImportResultOutputID=379c4cbfc2ac17282b3b8676f0dcea27 DependenciesID=3712c918329e7cd5f249ae645c54e210 StaticDependenciesID=b0abf34570244b54083cd0daf2986adf 
Number of updated asset objects reloaded before import = 0
Number of asset objects unloaded after import = 0
========================================================================
Received Import Request.
  Time of request: 2026-08-05T18:44:47.8483682Z
  Time since last request: 0.0002402 seconds.
  importAddress: GUID: ca9f5813d8a94e5ebf3941ca57e04d85 - Path: Packages/com.unity.2d.aseprite/Editor/Common/InternalBridge/AnimatorControllerHelper.cs - Importer: ScriptedImporter/UnityEditor.QuickSearchModule:UnityEditor.Search:ASIAI0B
Importing 'GUID: ca9f5813d8a94e5ebf3941ca57e04d85 - Path: Packages/com.unity.2d.aseprite/Editor/Common/InternalBridge/AnimatorControllerHelper.cs - Importer: ScriptedImporter/UnityEditor.QuickSearchModule:UnityEditor.Search:ASIAI0B' with importer (ScriptedImporter : UnityEditor.QuickSearchModule:UnityEditor.Search:ASIAI0B)
Imported 'GUID: ca9f5813d8a94e5ebf3941ca57e04d85' -> (Import Result ID: '6cc4d2bd0ecb21fcbaf5c4dd83f6f4a2') in 0.002 seconds [static and dynamic dependencies]. Details - ImportResultOutputID=17b9216023f75b53232dfb1da0c4f06b DependenciesID=644f5eb4aea96fe90cfaf776d14512dd StaticDependenciesID=aec534e1ae4a17b6371d125f4d718d46 
Number of updated asset objects reloaded before import = 0
Number of asset objects unloaded after import = 0
========================================================================
Received Import Request.
  Time of request: 2026-08-05T18:44:47.857047Z
  Time since last request: 0.0002224 seconds.
  importAddress: GUID: 3eaae332f5b546b586f9346fd2df4c2b - Path: Packages/com.unity.2d.aseprite/Editor/Aseprite/Chunks/UserDataChunk.cs - Importer: ScriptedImporter/UnityEditor.QuickSearchModule:UnityEditor.Search:ASIAI0B
Importing 'GUID: 3eaae332f5b546b586f9346fd2df4c2b - Path: Packages/com.unity.2d.aseprite/Editor/Aseprite/Chunks/UserDataChunk.cs - Importer: ScriptedImporter/UnityEditor.QuickSearchModule:UnityEditor.Search:ASIAI0B' with importer (ScriptedImporter : UnityEditor.QuickSearchModule:UnityEditor.Search:ASIAI0B)
Imported 'GUID: 3eaae332f5b546b586f9346fd2df4c2b' -> (Import Result ID: 'b82919c4de91e2bc6980b5b3414e3168') in 0.002 seconds [static and dynamic dependencies]. Details - ImportResultOutputID=f28dbb5c97158b7bbd8ac88f755ce4f1 DependenciesID=42f7225717fc63430fb6d4a3a8a281ab StaticDependenciesID=0316f1efd01a894475a8b70fc3f21622 
Number of updated asset objects reloaded before import = 0
Number of asset objects unloaded after import = 0
========================================================================
Received Import Request.
  Time of request: 2026-08-05T18:44:47.8673675Z
  Time since last request: 0.0002421 seconds.
  importAddress: GUID: 402c4dd21b2d45c2850b429170b6a888 - Path: Packages/com.unity.2d.aseprite/Editor/Tasks/TextureTasks.cs - Importer: ScriptedImporter/UnityEditor.QuickSearchModule:UnityEditor.Search:ASIAI0B
Importing 'GUID: 402c4dd21b2d45c2850b429170b6a888 - Path: Packages/com.unity.2d.aseprite/Editor/Tasks/TextureTasks.cs - Importer: ScriptedImporter/UnityEditor.QuickSearchModule:UnityEditor.Search:ASIAI0B' with importer (ScriptedImporter : UnityEditor.QuickSearchModule:UnityEditor.Search:ASIAI0B)
Imported 'GUID: 402c4dd21b2d45c2850b429170b6a888' -> (Import Result ID: 'a56a201920fe88f737d3b644576e0022') in 0.003 seconds [static and dynamic dependencies]. Details - ImportResultOutputID=bb50de1dddacda53929df3ab78aa06a7 DependenciesID=417ff41e87b86b3ae7cd44d0a916560a StaticDependenciesID=6a0ab5c56e6b3f0ec1994d140d5a4125 
Number of updated asset objects reloaded before import = 0
Number of asset objects unloaded after import = 0
========================================================================
Received Import Request.
  Time of request: 2026-08-05T18:44:47.8786837Z
  Time since last request: 0.0002671 seconds.
  importAddress: GUID: 1976aafe957f4d7ea3f2605fe9349798 - Path: Packages/com.unity.2d.aseprite/Editor/Common/InternalBridge/ModelPreviewer.cs - Importer: ScriptedImporter/UnityEditor.QuickSearchModule:UnityEditor.Search:ASIAI0B
Importing 'GUID: 1976aafe957f4d7ea3f2605fe9349798 - Path: Packages/com.unity.2d.aseprite/Editor/Common/InternalBridge/ModelPreviewer.cs - Importer: ScriptedImporter/UnityEditor.QuickSearchModule:UnityEditor.Search:ASIAI0B' with importer (ScriptedImporter : UnityEditor.QuickSearchModule:UnityEditor.Search:ASIAI0B)
Imported 'GUID: 1976aafe957f4d7ea3f2605fe9349798' -> (Import Result ID: 'd4975307bee117ca1bd38139ef5e462b') in 0.003 seconds [static and dynamic dependencies]. Details - ImportResultOutputID=80618dcb4583414fdd8691900602b7e6 DependenciesID=c23e87b48148c24f04803744bfaf3779 StaticDependenciesID=75a7400f647e1670c835d71e22ea646d 
Number of updated asset objects reloaded before import = 0
Number of asset objects unloaded after import = 0
========================================================================
Received Import Request.
  Time of request: 2026-08-05T18:44:47.8905207Z
  Time since last request: 0.0004926 seconds.
  importAddress: GUID: d6405e31298a4b1eaa6517249f02bd8f - Path: Packages/com.unity.2d.aseprite/Editor/AssetGeneration/PrefabGeneration.cs - Importer: ScriptedImporter/UnityEditor.QuickSearchModule:UnityEditor.Search:ASIAI0B
Importing 'GUID: d6405e31298a4b1eaa6517249f02bd8f - Path: Packages/com.unity.2d.aseprite/Editor/AssetGeneration/PrefabGeneration.cs - Importer: ScriptedImporter/UnityEditor.QuickSearchModule:UnityEditor.Search:ASIAI0B' with importer (ScriptedImporter : UnityEditor.QuickSearchModule:UnityEditor.Search:ASIAI0B)
Imported 'GUID: d6405e31298a4b1eaa6517249f02bd8f' -> (Import Result ID: '2ffc4074203190c5a513e88517583dd7') in 0.002 seconds [static and dynamic dependencies]. Details - ImportResultOutputID=59cdaafac85f16e86fc56aeeb5cdb291 DependenciesID=3ee8b4b092b97f804bc62cb2eb1472d5 StaticDependenciesID=53e8b552828a28de08268155238d31e7 
Number of updated asset objects reloaded before import = 0
Number of asset objects unloaded after import = 0
========================================================================
Received Import Request.
  Time of request: 2026-08-05T18:44:47.9009634Z
  Time since last request: 0.0001883 seconds.
  importAddress: GUID: 8c7c7e69d9574cd6994b42e64fb32db2 - Path: Packages/com.unity.2d.aseprite/Editor/Aseprite/Chunks/TilesetChunk.cs - Importer: ScriptedImporter/UnityEditor.QuickSearchModule:UnityEditor.Search:ASIAI0B
Importing 'GUID: 8c7c7e69d9574cd6994b42e64fb32db2 - Path: Packages/com.unity.2d.aseprite/Editor/Aseprite/Chunks/TilesetChunk.cs - Importer: ScriptedImporter/UnityEditor.QuickSearchModule:UnityEditor.Search:ASIAI0B' with importer (ScriptedImporter : UnityEditor.QuickSearchModule:UnityEditor.Search:ASIAI0B)
Imported 'GUID: 8c7c7e69d9574cd6994b42e64fb32db2' -> (Import Result ID: '873796d1106450037e347acc8def0214') in 0.002 seconds [static and dynamic dependencies]. Details - ImportResultOutputID=34d1af99f15254f65e2cadf1331c0fa4 DependenciesID=6b77f1a5929c65cd22196d4e90a55660 StaticDependenciesID=bcb4380adf4111cecaa6997862ede58d 
Number of updated asset objects reloaded before import = 0
Number of asset objects unloaded after import = 0
========================================================================
Received Import Request.
  Time of request: 2026-08-05T18:44:47.9281248Z
  Time since last request: 0.0171352 seconds.
  importAddress: GUID: 3e99141cd5dbef844a4338bb87930b89 - Path: Packages/com.unity.timeline/Runtime/TimelineAttributes.cs - Importer: ScriptedImporter/UnityEditor.QuickSearchModule:UnityEditor.Search:ASIAI0B
Importing 'GUID: 3e99141cd5dbef844a4338bb87930b89 - Path: Packages/com.unity.timeline/Runtime/TimelineAttributes.cs - Importer: ScriptedImporter/UnityEditor.QuickSearchModule:UnityEditor.Search:ASIAI0B' with importer (ScriptedImporter : UnityEditor.QuickSearchModule:UnityEditor.Search:ASIAI0B)
Imported 'GUID: 3e99141cd5dbef844a4338bb87930b89' -> (Import Result ID: 'eb4d40b8adbd97930414757e71e13d9d') in 0.003 seconds [static and dynamic dependencies]. Details - ImportResultOutputID=1e55a39f1a6bed16f19ca623a8b8fe34 DependenciesID=e5659e9372b708c4b15bb5afad71bb10 StaticDependenciesID=04e92d0c73a0058bc1fb95d0a9cc32cc 
Number of updated asset objects reloaded before import = 0
Number of asset objects unloaded after import = 0
========================================================================
Received Import Request.
  Time of request: 2026-08-05T18:44:47.9381907Z
  Time since last request: 0.0009182 seconds.
  importAddress: GUID: 5da77d4d078922b4c8466e9e35fb3f5e - Path: Packages/com.unity.timeline/Editor/Actions/MarkerActions.cs - Importer: ScriptedImporter/UnityEditor.QuickSearchModule:UnityEditor.Search:ASIAI0B
Importing 'GUID: 5da77d4d078922b4c8466e9e35fb3f5e - Path: Packages/com.unity.timeline/Editor/Actions/MarkerActions.cs - Importer: ScriptedImporter/UnityEditor.QuickSearchModule:UnityEditor.Search:ASIAI0B' with importer (ScriptedImporter : UnityEditor.QuickSearchModule:UnityEditor.Search:ASIAI0B)
Imported 'GUID: 5da77d4d078922b4c8466e9e35fb3f5e' -> (Import Result ID: '0f458adc261300044349ce707af9b7d9') in 0.002 seconds [static and dynamic dependencies]. Details - ImportResultOutputID=15880e2f4b54150c473322f12f898020 DependenciesID=ccca434665b9a64b1c09afc437cfcee8 StaticDependenciesID=e5986137f656c3dd613eea8337232ff7 
Number of updated asset objects reloaded before import = 0
Number of asset objects unloaded after import = 0
========================================================================
Received Import Request.
  Time of request: 2026-08-05T18:44:47.9482013Z
  Time since last request: 0.0003483 seconds.
  importAddress: GUID: 07a967d2fca95324f8922df8394a5655 - Path: Packages/com.unity.timeline/Editor/Animation/AnimationClipCurveCache.cs - Importer: ScriptedImporter/UnityEditor.QuickSearchModule:UnityEditor.Search:ASIAI0B
Importing 'GUID: 07a967d2fca95324f8922df8394a5655 - Path: Packages/com.unity.timeline/Editor/Animation/AnimationClipCurveCache.cs - Importer: ScriptedImporter/UnityEditor.QuickSearchModule:UnityEditor.Search:ASIAI0B' with importer (ScriptedImporter : UnityEditor.QuickSearchModule:UnityEditor.Search:ASIAI0B)
Imported 'GUID: 07a967d2fca95324f8922df8394a5655' -> (Import Result ID: '4490ba75194b080eb7c1016bb429cec5') in 0.002 seconds [static and dynamic dependencies]. Details - ImportResultOutputID=907ff563ff0df64008cf3aeefa7064a3 DependenciesID=b609226dec9500d3c67d6a9f3fd20c72 StaticDependenciesID=9b05c665196fe409ce1bd75f9a0a9ddd 
Number of updated asset objects reloaded before import = 0
Number of asset objects unloaded after import = 0
========================================================================
Received Import Request.
  Time of request: 2026-08-05T18:44:47.9585733Z
  Time since last request: 0.0003075 seconds.
  importAddress: GUID: d0fc6f5187a81dc47999eefade6f0935 - Path: Packages/com.unity.timeline/Runtime/GroupTrack.cs - Importer: ScriptedImporter/UnityEditor.QuickSearchModule:UnityEditor.Search:ASIAI0B
Importing 'GUID: d0fc6f5187a81dc47999eefade6f0935 - Path: Packages/com.unity.timeline/Runtime/GroupTrack.cs - Importer: ScriptedImporter/UnityEditor.QuickSearchModule:UnityEditor.Search:ASIAI0B' with importer (ScriptedImporter : UnityEditor.QuickSearchModule:UnityEditor.Search:ASIAI0B)
Imported 'GUID: d0fc6f5187a81dc47999eefade6f0935' -> (Import Result ID: 'c14992a6e75031caea56ab02318e3ca3') in 0.002 seconds [static and dynamic dependencies]. Details - ImportResultOutputID=ede34934008c725eb6f66f15e8ab4148 DependenciesID=e5f9a799537133faaf5cd1f6c79c729a StaticDependenciesID=e07b2a1a666b9d1c080e988af1bea18e 
Number of updated asset objects reloaded before import = 0
Number of asset objects unloaded after import = 0
========================================================================
Received Import Request.
  Time of request: 2026-08-05T18:44:47.9677369Z
  Time since last request: 0.0002377 seconds.
  importAddress: GUID: 38eaad816666dfb428c3f123a09413c6 - Path: Packages/com.unity.timeline/Editor/Actions/TimelineAction.cs - Importer: ScriptedImporter/UnityEditor.QuickSearchModule:UnityEditor.Search:ASIAI0B
Importing 'GUID: 38eaad816666dfb428c3f123a09413c6 - Path: Packages/com.unity.timeline/Editor/Actions/TimelineAction.cs - Importer: ScriptedImporter/UnityEditor.QuickSearchModule:UnityEditor.Search:ASIAI0B' with importer (ScriptedImporter : UnityEditor.QuickSearchModule:UnityEditor.Search:ASIAI0B)
Imported 'GUID: 38eaad816666dfb428c3f123a09413c6' -> (Import Result ID: 'ff27928316ec730097418432c2a9b8d4') in 0.003 seconds [static and dynamic dependencies]. Details - ImportResultOutputID=256b61bcb5cf4e7599495b8d2f732ba8 DependenciesID=a5c8fc410d316f4f3f11e8f1a8ae276f StaticDependenciesID=7b814f4a1911f9fc736986042a9a427c 
Number of updated asset objects reloaded before import = 0
Number of asset objects unloaded after import = 0
========================================================================
Received Import Request.
  Time of request: 2026-08-05T18:44:47.9795815Z
  Time since last request: 0.0003012 seconds.
  importAddress: GUID: 55a8539917657b14baf6c6a051a7df22 - Path: Packages/com.unity.timeline/Editor/Tooltip.cs - Importer: ScriptedImporter/UnityEditor.QuickSearchModule:UnityEditor.Search:ASIAI0B
Importing 'GUID: 55a8539917657b14baf6c6a051a7df22 - Path: Packages/com.unity.timeline/Editor/Tooltip.cs - Importer: ScriptedImporter/UnityEditor.QuickSearchModule:UnityEditor.Search:ASIAI0B' with importer (ScriptedImporter : UnityEditor.QuickSearchModule:UnityEditor.Search:ASIAI0B)
Imported 'GUID: 55a8539917657b14baf6c6a051a7df22' -> (Import Result ID: '95f390de98ae2e5395354605fce91add') in 0.002 seconds [static and dynamic dependencies]. Details - ImportResultOutputID=f5fcf182466747323f5dc2935acce415 DependenciesID=6d3dec51ec2cecfd8aa201f0963c381e StaticDependenciesID=2b8ad7ca07ca1a6d89645c96a09646ee 
Number of updated asset objects reloaded before import = 0
Number of asset objects unloaded after import = 0
========================================================================
Received Import Request.
  Time of request: 2026-08-05T18:44:47.9897733Z
  Time since last request: 0.0002301 seconds.
  importAddress: GUID: 3ad53269c7421084ab67f804591994e0 - Path: Packages/com.unity.timeline/Runtime/TrackAsset.cs - Importer: ScriptedImporter/UnityEditor.QuickSearchModule:UnityEditor.Search:ASIAI0B
Importing 'GUID: 3ad53269c7421084ab67f804591994e0 - Path: Packages/com.unity.timeline/Runtime/TrackAsset.cs - Importer: ScriptedImporter/UnityEditor.QuickSearchModule:UnityEditor.Search:ASIAI0B' with importer (ScriptedImporter : UnityEditor.QuickSearchModule:UnityEditor.Search:ASIAI0B)
Imported 'GUID: 3ad53269c7421084ab67f804591994e0' -> (Import Result ID: '56bcf5e98f4c1efaf2f3a1a34735acbf') in 0.002 seconds [static and dynamic dependencies]. Details - ImportResultOutputID=c979e5baad4db802f7269823e1e3e72a DependenciesID=434dd44e2efead9690ffee08cde11a15 StaticDependenciesID=4e2ec16e858badb235d13e43524d5e71 
Number of updated asset objects reloaded before import = 0
Number of asset objects unloaded after import = 0
========================================================================
Received Import Request.
  Time of request: 2026-08-05T18:44:48.0001817Z
  Time since last request: 0.0003275 seconds.
  importAddress: GUID: b1c789407b55e3a4c9cc86135a714e33 - Path: Packages/com.unity.timeline/Editor/Actions/TimelineActions.cs - Importer: ScriptedImporter/UnityEditor.QuickSearchModule:UnityEditor.Search:ASIAI0B
Importing 'GUID: b1c789407b55e3a4c9cc86135a714e33 - Path: Packages/com.unity.timeline/Editor/Actions/TimelineActions.cs - Importer: ScriptedImporter/UnityEditor.QuickSearchModule:UnityEditor.Search:ASIAI0B' with importer (ScriptedImporter : UnityEditor.QuickSearchModule:UnityEditor.Search:ASIAI0B)
Imported 'GUID: b1c789407b55e3a4c9cc86135a714e33' -> (Import Result ID: '77afca3f9e2ce16bc20eeaf4f473425b') in 0.002 seconds [static and dynamic dependencies]. Details - ImportResultOutputID=4d94c48f3ba4e64f679fe1617702e607 DependenciesID=595ade7c52e91249323839875d38f1c0 StaticDependenciesID=6284935ae2232f62f479baa9b9c2c1f3 
Number of updated asset objects reloaded before import = 0
Number of asset objects unloaded after import = 0
========================================================================
Received Import Request.
  Time of request: 2026-08-05T18:44:48.0376973Z
  Time since last request: 0.0285735 seconds.
  importAddress: GUID: f6ba30c492ac73742bc0cfee6817045a - Path: Packages/com.unity.timeline/Editor/inspectors/EditorClipFactory.cs - Importer: ScriptedImporter/UnityEditor.QuickSearchModule:UnityEditor.Search:ASIAI0B
Importing 'GUID: f6ba30c492ac73742bc0cfee6817045a - Path: Packages/com.unity.timeline/Editor/inspectors/EditorClipFactory.cs - Importer: ScriptedImporter/UnityEditor.QuickSearchModule:UnityEditor.Search:ASIAI0B' with importer (ScriptedImporter : UnityEditor.QuickSearchModule:UnityEditor.Search:ASIAI0B)
Imported 'GUID: f6ba30c492ac73742bc0cfee6817045a' -> (Import Result ID: '70acf765d3d760cbf5178702e81ff1f1') in 0.003 seconds [static and dynamic dependencies]. Details - ImportResultOutputID=cfeba094829f4b264cb960dbb5bd1e20 DependenciesID=2bc74923ccd5b4c6e1b25a988ae6a6f6 StaticDependenciesID=ba835787da2136a7549b3e6fce36e4d1 
Number of updated asset objects reloaded before import = 0
Number of asset objects unloaded after import = 0
========================================================================
Received Import Request.
  Time of request: 2026-08-05T18:44:48.0503783Z
  Time since last request: 0.0003095 seconds.
  importAddress: GUID: 35cb34351b19cf44ba78afbd58746610 - Path: Packages/com.unity.timeline/Editor/CustomEditors/TrackEditor.cs - Importer: ScriptedImporter/UnityEditor.QuickSearchModule:UnityEditor.Search:ASIAI0B
Importing 'GUID: 35cb34351b19cf44ba78afbd58746610 - Path: Packages/com.unity.timeline/Editor/CustomEditors/TrackEditor.cs - Importer: ScriptedImporter/UnityEditor.QuickSearchModule:UnityEditor.Search:ASIAI0B' with importer (ScriptedImporter : UnityEditor.QuickSearchModule:UnityEditor.Search:ASIAI0B)
Imported 'GUID: 35cb34351b19cf44ba78afbd58746610' -> (Import Result ID: 'ea269f37ba40e3372ba5da6d5472dfec') in 0.002 seconds [static and dynamic dependencies]. Details - ImportResultOutputID=ec5595c4ddf3825d045f690ca04fa387 DependenciesID=8241a6e00a218f30bc1b42c519c483ba StaticDependenciesID=45c87706013d075dab0991b96d0c3b58 
Number of updated asset objects reloaded before import = 0
Number of asset objects unloaded after import = 0
========================================================================
Received Import Request.
  Time of request: 2026-08-05T18:44:48.0600349Z
  Time since last request: 0.00032 seconds.
  importAddress: GUID: 99c5970046bb263469514e56eb6aa519 - Path: Packages/com.unity.timeline/Editor/CustomEditors/MarkerEditor.cs - Importer: ScriptedImporter/UnityEditor.QuickSearchModule:UnityEditor.Search:ASIAI0B
Importing 'GUID: 99c5970046bb263469514e56eb6aa519 - Path: Packages/com.unity.timeline/Editor/CustomEditors/MarkerEditor.cs - Importer: ScriptedImporter/UnityEditor.QuickSearchModule:UnityEditor.Search:ASIAI0B' with importer (ScriptedImporter : UnityEditor.QuickSearchModule:UnityEditor.Search:ASIAI0B)
Imported 'GUID: 99c5970046bb263469514e56eb6aa519' -> (Import Result ID: '6797161d34b742adc8063715b6d05797') in 0.003 seconds [static and dynamic dependencies]. Details - ImportResultOutputID=b0c047c45d328023c77545bd17805b6f DependenciesID=930895f475c9fe8aec38b91edd23a3cb StaticDependenciesID=874142f6ab2e4fd67e0dcdef73603ee8 
Number of updated asset objects reloaded before import = 0
Number of asset objects unloaded after import = 0
========================================================================
Received Import Request.
  Time of request: 2026-08-05T18:44:48.0708257Z
  Time since last request: 0.0002643 seconds.
  importAddress: GUID: 51a7878f6c989394782db73339e90e46 - Path: Packages/com.unity.timeline/Editor/Signals/SignalEmitterEditor.cs - Importer: ScriptedImporter/UnityEditor.QuickSearchModule:UnityEditor.Search:ASIAI0B
Importing 'GUID: 51a7878f6c989394782db73339e90e46 - Path: Packages/com.unity.timeline/Editor/Signals/SignalEmitterEditor.cs - Importer: ScriptedImporter/UnityEditor.QuickSearchModule:UnityEditor.Search:ASIAI0B' with importer (ScriptedImporter : UnityEditor.QuickSearchModule:UnityEditor.Search:ASIAI0B)
Imported 'GUID: 51a7878f6c989394782db73339e90e46' -> (Import Result ID: '152677a840bbcffa87268dffff0eefd5') in 0.003 seconds [static and dynamic dependencies]. Details - ImportResultOutputID=98289c6a434d0c8580a92101e677f58a DependenciesID=8e3f8e3a1f4361f57182afa79be99c3c StaticDependenciesID=5047784a04bb59d84462f0a4710fe6bf 
Number of updated asset objects reloaded before import = 0
Number of asset objects unloaded after import = 0
========================================================================
Received Import Request.
  Time of request: 2026-08-05T18:44:48.081147Z
  Time since last request: 0.0002379 seconds.
  importAddress: GUID: f7852b99951997645ae7adaac5f0b083 - Path: Packages/com.unity.timeline/Editor/inspectors/AnimationPlayableAssetInspector.cs - Importer: ScriptedImporter/UnityEditor.QuickSearchModule:UnityEditor.Search:ASIAI0B
Importing 'GUID: f7852b99951997645ae7adaac5f0b083 - Path: Packages/com.unity.timeline/Editor/inspectors/AnimationPlayableAssetInspector.cs - Importer: ScriptedImporter/UnityEditor.QuickSearchModule:UnityEditor.Search:ASIAI0B' with importer (ScriptedImporter : UnityEditor.QuickSearchModule:UnityEditor.Search:ASIAI0B)
Imported 'GUID: f7852b99951997645ae7adaac5f0b083' -> (Import Result ID: 'e1170edbe3c7a9cc7905ac2e9b8108cd') in 0.002 seconds [static and dynamic dependencies]. Details - ImportResultOutputID=0827fdf4f16b85bb03d6da3a5d594a74 DependenciesID=2810da2eaa17f2322c134ec574c6bdd2 StaticDependenciesID=998f12b0e02c328ebddbd554a47092e6 
Number of updated asset objects reloaded before import = 0
Number of asset objects unloaded after import = 0
========================================================================
Received Import Request.
  Time of request: 2026-08-05T18:44:48.0908233Z
  Time since last request: 0.0002362 seconds.
  importAddress: GUID: 9805855c8e379ed4cad77f639aaddb73 - Path: Packages/com.unity.timeline/Editor/Recording/TimelineRecording_Monobehaviour.cs - Importer: ScriptedImporter/UnityEditor.QuickSearchModule:UnityEditor.Search:ASIAI0B
Importing 'GUID: 9805855c8e379ed4cad77f639aaddb73 - Path: Packages/com.unity.timeline/Editor/Recording/TimelineRecording_Monobehaviour.cs - Importer: ScriptedImporter/UnityEditor.QuickSearchModule:UnityEditor.Search:ASIAI0B' with importer (ScriptedImporter : UnityEditor.QuickSearchModule:UnityEditor.Search:ASIAI0B)
Imported 'GUID: 9805855c8e379ed4cad77f639aaddb73' -> (Import Result ID: '70aed3dfd1e155dd6951056773d1933f') in 0.002 seconds [static and dynamic dependencies]. Details - ImportResultOutputID=0950fb687d42ad8085627c15614336ca DependenciesID=09fba9015cc4886805c112fb8696c865 StaticDependenciesID=b5fff0c2248f2f5bf476fa48b8b3dc1b 
Number of updated asset objects reloaded before import = 0
Number of asset objects unloaded after import = 0
========================================================================
Received Import Request.
  Time of request: 2026-08-05T18:44:48.1021508Z
  Time since last request: 0.00023 seconds.
  importAddress: GUID: 452534715106564439d2240d82999d88 - Path: Packages/com.unity.timeline/Editor/Items/MarkerItem.cs - Importer: ScriptedImporter/UnityEditor.QuickSearchModule:UnityEditor.Search:ASIAI0B
Importing 'GUID: 452534715106564439d2240d82999d88 - Path: Packages/com.unity.timeline/Editor/Items/MarkerItem.cs - Importer: ScriptedImporter/UnityEditor.QuickSearchModule:UnityEditor.Search:ASIAI0B' with importer (ScriptedImporter : UnityEditor.QuickSearchModule:UnityEditor.Search:ASIAI0B)
Imported 'GUID: 452534715106564439d2240d82999d88' -> (Import Result ID: 'e6f9e4387419a30f9397f510aaf1a0a1') in 0.002 seconds [static and dynamic dependencies]. Details - ImportResultOutputID=24562ee0be1bce4d226c37bfa26a9ca6 DependenciesID=622bf64911dbeceed9ca5282f02dee28 StaticDependenciesID=42140ca240ae30376af2aa2b7d4d91fd 
Number of updated asset objects reloaded before import = 0
Number of asset objects unloaded after import = 0
========================================================================
Received Import Request.
  Time of request: 2026-08-05T18:44:48.1121115Z
  Time since last request: 0.000176 seconds.
  importAddress: GUID: 423cd382a7804414d9bfdb2e7fb7bb62 - Path: Packages/com.unity.timeline/Editor/Signals/SignalReceiverHeader.cs - Importer: ScriptedImporter/UnityEditor.QuickSearchModule:UnityEditor.Search:ASIAI0B
Importing 'GUID: 423cd382a7804414d9bfdb2e7fb7bb62 - Path: Packages/com.unity.timeline/Editor/Signals/SignalReceiverHeader.cs - Importer: ScriptedImporter/UnityEditor.QuickSearchModule:UnityEditor.Search:ASIAI0B' with importer (ScriptedImporter : UnityEditor.QuickSearchModule:UnityEditor.Search:ASIAI0B)
Imported 'GUID: 423cd382a7804414d9bfdb2e7fb7bb62' -> (Import Result ID: '215a7e8644929637b25083c8b1934664') in 0.002 seconds [static and dynamic dependencies]. Details - ImportResultOutputID=e6ccea006b453b4aef07638ded1c79c5 DependenciesID=b6d4c11722c48776bc619215dbdc9c14 StaticDependenciesID=d9a9ebba2734b53d995693c7ee3c7987 
Number of updated asset objects reloaded before import = 0
Number of asset objects unloaded after import = 0
========================================================================
Received Import Request.
  Time of request: 2026-08-05T18:44:48.1374518Z
  Time since last request: 0.0164247 seconds.
  importAddress: GUID: e801faa3b0dd2478dbe801a2441b679e - Path: Packages/com.unity.timeline/Editor/Utilities/ControlPlayableUtility.cs - Importer: ScriptedImporter/UnityEditor.QuickSearchModule:UnityEditor.Search:ASIAI0B
Importing 'GUID: e801faa3b0dd2478dbe801a2441b679e - Path: Packages/com.unity.timeline/Editor/Utilities/ControlPlayableUtility.cs - Importer: ScriptedImporter/UnityEditor.QuickSearchModule:UnityEditor.Search:ASIAI0B' with importer (ScriptedImporter : UnityEditor.QuickSearchModule:UnityEditor.Search:ASIAI0B)
Imported 'GUID: e801faa3b0dd2478dbe801a2441b679e' -> (Import Result ID: 'caab6a9f1a9d98c0ac2d3e3623476a5f') in 0.003 seconds [static and dynamic dependencies]. Details - ImportResultOutputID=73b0e2a1b485b597f33a9d9d8369ea7d DependenciesID=6644f70ffa29291b95709a8a95ed84c8 StaticDependenciesID=49ffcb256771915b525a181e7a7c9fac 
Number of updated asset objects reloaded before import = 0
Number of asset objects unloaded after import = 0
========================================================================
Received Import Request.
  Time of request: 2026-08-05T18:44:48.1480751Z
  Time since last request: 0.0009514 seconds.
  importAddress: GUID: 5f31f28cc64c91042976555c016ffd5f - Path: Packages/com.unity.timeline/Editor/Utilities/StyleManager.cs - Importer: ScriptedImporter/UnityEditor.QuickSearchModule:UnityEditor.Search:ASIAI0B
Importing 'GUID: 5f31f28cc64c91042976555c016ffd5f - Path: Packages/com.unity.timeline/Editor/Utilities/StyleManager.cs - Importer: ScriptedImporter/UnityEditor.QuickSearchModule:UnityEditor.Search:ASIAI0B' with importer (ScriptedImporter : UnityEditor.QuickSearchModule:UnityEditor.Search:ASIAI0B)
Imported 'GUID: 5f31f28cc64c91042976555c016ffd5f' -> (Import Result ID: 'fbae6e9d790ca48175c532283d4cc4c0') in 0.003 seconds [static and dynamic dependencies]. Details - ImportResultOutputID=3424eed6341ca922ced738dbf8e8bc5a DependenciesID=4229980fb1741845d9e8824e85dee315 StaticDependenciesID=f938a79ab23c1568adb8e65025105570 
Number of updated asset objects reloaded before import = 0
Number of asset objects unloaded after import = 0
========================================================================
Received Import Request.
  Time of request: 2026-08-05T18:44:48.1590046Z
  Time since last request: 0.0002237 seconds.
  importAddress: GUID: 4f4398a10f384dacb37698e5b1f8fede - Path: Packages/com.unity.timeline/Editor/Window/OverlayDrawer.cs - Importer: ScriptedImporter/UnityEditor.QuickSearchModule:UnityEditor.Search:ASIAI0B
Importing 'GUID: 4f4398a10f384dacb37698e5b1f8fede - Path: Packages/com.unity.timeline/Editor/Window/OverlayDrawer.cs - Importer: ScriptedImporter/UnityEditor.QuickSearchModule:UnityEditor.Search:ASIAI0B' with importer (ScriptedImporter : UnityEditor.QuickSearchModule:UnityEditor.Search:ASIAI0B)
Imported 'GUID: 4f4398a10f384dacb37698e5b1f8fede' -> (Import Result ID: 'e5abccfb851d255d3a2bb8c9bbd86de3') in 0.003 seconds [static and dynamic dependencies]. Details - ImportResultOutputID=cc53d6bd378c331b48921809be9fc7b2 DependenciesID=d9898b26146efa05504bfd3804d73ad3 StaticDependenciesID=4fbb5b3b72abe5c3361c9e127810bda4 
Number of updated asset objects reloaded before import = 0
Number of asset objects unloaded after import = 0
========================================================================
Received Import Request.
  Time of request: 2026-08-05T18:44:48.1706058Z
  Time since last request: 0.0003165 seconds.
  importAddress: GUID: 7cfaad4e53832d94c9421d2dd1ad82f7 - Path: Packages/com.unity.timeline/Editor/Utilities/MarkerModifier.cs - Importer: ScriptedImporter/UnityEditor.QuickSearchModule:UnityEditor.Search:ASIAI0B
Importing 'GUID: 7cfaad4e53832d94c9421d2dd1ad82f7 - Path: Packages/com.unity.timeline/Editor/Utilities/MarkerModifier.cs - Importer: ScriptedImporter/UnityEditor.QuickSearchModule:UnityEditor.Search:ASIAI0B' with importer (ScriptedImporter : UnityEditor.QuickSearchModule:UnityEditor.Search:ASIAI0B)
Imported 'GUID: 7cfaad4e53832d94c9421d2dd1ad82f7' -> (Import Result ID: 'd3202b5dd48ff5ccdc5dea6542874463') in 0.003 seconds [static and dynamic dependencies]. Details - ImportResultOutputID=289155c9c140544ef3195c19d2db7187 DependenciesID=1c8f47b36a04d86d0213a1652530959d StaticDependenciesID=2cc7f2ad8942d5e2c347254b305516f5 
Number of updated asset objects reloaded before import = 0
Number of asset objects unloaded after import = 0
========================================================================
Received Import Request.
  Time of request: 2026-08-05T18:44:48.1826006Z
  Time since last request: 0.0002302 seconds.
  importAddress: GUID: 3e29cdd1646803545b8fb18908666ec4 - Path: Packages/com.unity.timeline/Editor/treeview/TimelineClipHandle.cs - Importer: ScriptedImporter/UnityEditor.QuickSearchModule:UnityEditor.Search:ASIAI0B
Importing 'GUID: 3e29cdd1646803545b8fb18908666ec4 - Path: Packages/com.unity.timeline/Editor/treeview/TimelineClipHandle.cs - Importer: ScriptedImporter/UnityEditor.QuickSearchModule:UnityEditor.Search:ASIAI0B' with importer (ScriptedImporter : UnityEditor.QuickSearchModule:UnityEditor.Search:ASIAI0B)
Imported 'GUID: 3e29cdd1646803545b8fb18908666ec4' -> (Import Result ID: '3ab7cd3bae8ccb1e1c6ce30681f81b35') in 0.002 seconds [static and dynamic dependencies]. Details - ImportResultOutputID=bf0370d74281c847c5e636c169b529f7 DependenciesID=a9d7bd2fb7990ab11f8180fd58b62b55 StaticDependenciesID=a184ade116010dbc55bcf554fe374c2b 
Number of updated asset objects reloaded before import = 0
Number of asset objects unloaded after import = 0
========================================================================
Received Import Request.
  Time of request: 2026-08-05T18:44:48.1917561Z
  Time since last request: 0.000411 seconds.
  importAddress: GUID: 0303d12aca9843d3bd68adf722d9c9fd - Path: Packages/com.unity.timeline/Editor/Utilities/FileUtility.cs - Importer: ScriptedImporter/UnityEditor.QuickSearchModule:UnityEditor.Search:ASIAI0B
Importing 'GUID: 0303d12aca9843d3bd68adf722d9c9fd - Path: Packages/com.unity.timeline/Editor/Utilities/FileUtility.cs - Importer: ScriptedImporter/UnityEditor.QuickSearchModule:UnityEditor.Search:ASIAI0B' with importer (ScriptedImporter : UnityEditor.QuickSearchModule:UnityEditor.Search:ASIAI0B)
Imported 'GUID: 0303d12aca9843d3bd68adf722d9c9fd' -> (Import Result ID: '1a95310f2dc3641f28fdff0db85a3530') in 0.002 seconds [static and dynamic dependencies]. Details - ImportResultOutputID=4a5c7b83b9ff67977b09f7bc32882210 DependenciesID=9e1771d909fde98cb404ae8c6642301b StaticDependenciesID=ffe845dae1161f6a86f7ef3db2d7c5a7 
Number of updated asset objects reloaded before import = 0
Number of asset objects unloaded after import = 0
========================================================================
Received Import Request.
  Time of request: 2026-08-05T18:44:48.2026193Z
  Time since last request: 0.0004124 seconds.
  importAddress: GUID: 29bf1d4ec1012bc45967ce95b729b8b3 - Path: Packages/com.unity.timeline/Editor/Utilities/ObjectReferenceField.cs - Importer: ScriptedImporter/UnityEditor.QuickSearchModule:UnityEditor.Search:ASIAI0B
Importing 'GUID: 29bf1d4ec1012bc45967ce95b729b8b3 - Path: Packages/com.unity.timeline/Editor/Utilities/ObjectReferenceField.cs - Importer: ScriptedImporter/UnityEditor.QuickSearchModule:UnityEditor.Search:ASIAI0B' with importer (ScriptedImporter : UnityEditor.QuickSearchModule:UnityEditor.Search:ASIAI0B)
Imported 'GUID: 29bf1d4ec1012bc45967ce95b729b8b3' -> (Import Result ID: '23b286a10534a4f07ba9b07dd9f35552') in 0.003 seconds [static and dynamic dependencies]. Details - ImportResultOutputID=6a24c911d5074db61e4243c86083e248 DependenciesID=f14560bc59b6f908da93817586394f30 StaticDependenciesID=a691b93c19d77be44f1d697225c9505b 
Number of updated asset objects reloaded before import = 0
Number of asset objects unloaded after import = 0
========================================================================
Received Import Request.
  Time of request: 2026-08-05T18:44:48.2139741Z
  Time since last request: 0.0002256 seconds.
  importAddress: GUID: e6372298ccbe45b9a771c50dd0293b6e - Path: Packages/com.unity.timeline/Editor/Utilities/FrameRateDisplayUtility.cs - Importer: ScriptedImporter/UnityEditor.QuickSearchModule:UnityEditor.Search:ASIAI0B
Importing 'GUID: e6372298ccbe45b9a771c50dd0293b6e - Path: Packages/com.unity.timeline/Editor/Utilities/FrameRateDisplayUtility.cs - Importer: ScriptedImporter/UnityEditor.QuickSearchModule:UnityEditor.Search:ASIAI0B' with importer (ScriptedImporter : UnityEditor.QuickSearchModule:UnityEditor.Search:ASIAI0B)
Imported 'GUID: e6372298ccbe45b9a771c50dd0293b6e' -> (Import Result ID: '8558fd64f524c48e0fb6bcd9ff865045') in 0.002 seconds [static and dynamic dependencies]. Details - ImportResultOutputID=347b5f0273539ab154cb5c5d0125bb5f DependenciesID=4cbddec35f0084311ada95ebb2725ebf StaticDependenciesID=ae4988f3bf9fb6e4c0541dd7f22ab517 
Number of updated asset objects reloaded before import = 0
Number of asset objects unloaded after import = 0
========================================================================
Received Import Request.
  Time of request: 2026-08-05T18:44:48.2367401Z
  Time since last request: 0.0141841 seconds.
  importAddress: GUID: 0949a3b7ed32e8744a07b31328a66567 - Path: Packages/com.unity.timeline/Runtime/Utilities/FrameRate.cs - Importer: ScriptedImporter/UnityEditor.QuickSearchModule:UnityEditor.Search:ASIAI0B
Importing 'GUID: 0949a3b7ed32e8744a07b31328a66567 - Path: Packages/com.unity.timeline/Runtime/Utilities/FrameRate.cs - Importer: ScriptedImporter/UnityEditor.QuickSearchModule:UnityEditor.Search:ASIAI0B' with importer (ScriptedImporter : UnityEditor.QuickSearchModule:UnityEditor.Search:ASIAI0B)
Imported 'GUID: 0949a3b7ed32e8744a07b31328a66567' -> (Import Result ID: '8a48f753d600b1183c96ce05bb3d7cfd') in 0.003 seconds [static and dynamic dependencies]. Details - ImportResultOutputID=2106985ce37acb6f95c98478654abc12 DependenciesID=830d8b3dd5525b44ab6f0f0cdca15cf0 StaticDependenciesID=7de4f8b8e0851a5bd41af68889bb7292 
Number of updated asset objects reloaded before import = 0
Number of asset objects unloaded after import = 0
========================================================================
Received Import Request.
  Time of request: 2026-08-05T18:44:48.2470589Z
  Time since last request: 0.0008559 seconds.
  importAddress: GUID: e165a99d845c10e4ea0f546e542e8684 - Path: Packages/com.unity.timeline/Runtime/Activation/ActivationMixerPlayable.cs - Importer: ScriptedImporter/UnityEditor.QuickSearchModule:UnityEditor.Search:ASIAI0B
Importing 'GUID: e165a99d845c10e4ea0f546e542e8684 - Path: Packages/com.unity.timeline/Runtime/Activation/ActivationMixerPlayable.cs - Importer: ScriptedImporter/UnityEditor.QuickSearchModule:UnityEditor.Search:ASIAI0B' with importer (ScriptedImporter : UnityEditor.QuickSearchModule:UnityEditor.Search:ASIAI0B)
Imported 'GUID: e165a99d845c10e4ea0f546e542e8684' -> (Import Result ID: 'c35ac4eb3b17ab21ecf106a134a1dc89') in 0.002 seconds [static and dynamic dependencies]. Details - ImportResultOutputID=b4d7ab9c74c95438e5e3f86d56eaf3a7 DependenciesID=88b21c67305a95c883ee5f11df116c64 StaticDependenciesID=6add4df82939e6172726d299f27d7e4e 
Number of updated asset objects reloaded before import = 0
Number of asset objects unloaded after import = 0
========================================================================
Received Import Request.
  Time of request: 2026-08-05T18:44:48.2568249Z
  Time since last request: 0.0006503 seconds.
  importAddress: GUID: 1db879070d9a45f4c86cdf5e59616df5 - Path: Packages/com.unity.timeline/Runtime/Playables/TimeControlPlayable.cs - Importer: ScriptedImporter/UnityEditor.QuickSearchModule:UnityEditor.Search:ASIAI0B
Importing 'GUID: 1db879070d9a45f4c86cdf5e59616df5 - Path: Packages/com.unity.timeline/Runtime/Playables/TimeControlPlayable.cs - Importer: ScriptedImporter/UnityEditor.QuickSearchModule:UnityEditor.Search:ASIAI0B' with importer (ScriptedImporter : UnityEditor.QuickSearchModule:UnityEditor.Search:ASIAI0B)
Imported 'GUID: 1db879070d9a45f4c86cdf5e59616df5' -> (Import Result ID: 'd9e762c951cfe91a3adad959ac0f260e') in 0.002 seconds [static and dynamic dependencies]. Details - ImportResultOutputID=d1fcbe0d799a884d6b829ec6c412d13e DependenciesID=736e1261b69477e9e7477577d1cbccc1 StaticDependenciesID=3bc47bc3d02eafdf62987db3704fad08 
Number of updated asset objects reloaded before import = 0
Number of asset objects unloaded after import = 0
========================================================================
Received Import Request.
  Time of request: 2026-08-05T18:44:48.2663433Z
  Time since last request: 0.0003167 seconds.
  importAddress: GUID: 89b48a03f6f43e94e87cc8d2104d3d4d - Path: Packages/com.unity.timeline/Runtime/Events/Marker.cs - Importer: ScriptedImporter/UnityEditor.QuickSearchModule:UnityEditor.Search:ASIAI0B
Importing 'GUID: 89b48a03f6f43e94e87cc8d2104d3d4d - Path: Packages/com.unity.timeline/Runtime/Events/Marker.cs - Importer: ScriptedImporter/UnityEditor.QuickSearchModule:UnityEditor.Search:ASIAI0B' with importer (ScriptedImporter : UnityEditor.QuickSearchModule:UnityEditor.Search:ASIAI0B)
Imported 'GUID: 89b48a03f6f43e94e87cc8d2104d3d4d' -> (Import Result ID: '70339df0f87b20c9b0f021c78e64cf70') in 0.002 seconds [static and dynamic dependencies]. Details - ImportResultOutputID=5002da1090f15c043ea4cfdf45a591e7 DependenciesID=fce1398832d19d4941a98cc29eea40c2 StaticDependenciesID=442d987ae3e4dc14fa4c2d8d74569bcd 
Number of updated asset objects reloaded before import = 0
Number of asset objects unloaded after import = 0
========================================================================
Received Import Request.
  Time of request: 2026-08-05T18:44:48.275876Z
  Time since last request: 0.0003036 seconds.
  importAddress: GUID: 3168bf9e060ff4b46be4bf08e308ce97 - Path: Packages/com.unity.timeline/Editor/Window/TimelineWindow_PlayableLookup.cs - Importer: ScriptedImporter/UnityEditor.QuickSearchModule:UnityEditor.Search:ASIAI0B
Importing 'GUID: 3168bf9e060ff4b46be4bf08e308ce97 - Path: Packages/com.unity.timeline/Editor/Window/TimelineWindow_PlayableLookup.cs - Importer: ScriptedImporter/UnityEditor.QuickSearchModule:UnityEditor.Search:ASIAI0B' with importer (ScriptedImporter : UnityEditor.QuickSearchModule:UnityEditor.Search:ASIAI0B)
Imported 'GUID: 3168bf9e060ff4b46be4bf08e308ce97' -> (Import Result ID: '5a97717cf50f8de050c69dd6f93f64dc') in 0.002 seconds [static and dynamic dependencies]. Details - ImportResultOutputID=1abe4b41e032e5e30f6774cd6230ab03 DependenciesID=cca4456b9cf679d21677701fd093d036 StaticDependenciesID=d96d851df4dfad76b5b51bdde583f422 
Number of updated asset objects reloaded before import = 0
Number of asset objects unloaded after import = 0
========================================================================
Received Import Request.
  Time of request: 2026-08-05T18:44:48.2866187Z
  Time since last request: 0.0003455 seconds.
  importAddress: GUID: eb2f3c5bf79e22046b2e3866dc3acb99 - Path: Packages/com.unity.timeline/Editor/Window/TimelineWindow_PlaybackControls.cs - Importer: ScriptedImporter/UnityEditor.QuickSearchModule:UnityEditor.Search:ASIAI0B
Importing 'GUID: eb2f3c5bf79e22046b2e3866dc3acb99 - Path: Packages/com.unity.timeline/Editor/Window/TimelineWindow_PlaybackControls.cs - Importer: ScriptedImporter/UnityEditor.QuickSearchModule:UnityEditor.Search:ASIAI0B' with importer (ScriptedImporter : UnityEditor.QuickSearchModule:UnityEditor.Search:ASIAI0B)
Imported 'GUID: eb2f3c5bf79e22046b2e3866dc3acb99' -> (Import Result ID: 'b63babf70548f5bfc86922c3efc53cb1') in 0.002 seconds [static and dynamic dependencies]. Details - ImportResultOutputID=1713b67476bf33463871ffe78b568c45 DependenciesID=c541d23fa8a27dfd258d66575409df6c StaticDependenciesID=3d075f75484d8e28e7bb5151942df7ee 
Number of updated asset objects reloaded before import = 0
Number of asset objects unloaded after import = 0
========================================================================
Received Import Request.
  Time of request: 2026-08-05T18:44:48.296875Z
  Time since last request: 0.0002995 seconds.
  importAddress: GUID: 8716cfd7a46000048acf638abe28c9fa - Path: Packages/com.unity.timeline/Editor/Window/TimelineWindow_Navigator.cs - Importer: ScriptedImporter/UnityEditor.QuickSearchModule:UnityEditor.Search:ASIAI0B
Importing 'GUID: 8716cfd7a46000048acf638abe28c9fa - Path: Packages/com.unity.timeline/Editor/Window/TimelineWindow_Navigator.cs - Importer: ScriptedImporter/UnityEditor.QuickSearchModule:UnityEditor.Search:ASIAI0B' with importer (ScriptedImporter : UnityEditor.QuickSearchModule:UnityEditor.Search:ASIAI0B)
Imported 'GUID: 8716cfd7a46000048acf638abe28c9fa' -> (Import Result ID: '626264923dd7d782cb2ed4966afe7692') in 0.003 seconds [static and dynamic dependencies]. Details - ImportResultOutputID=1c2b589c5bb00e96075055ca39762536 DependenciesID=4fb6db686a9fa5081a8a4c2990ded789 StaticDependenciesID=27e7fe5236e2ceff3aa37ac414053bba 
Number of updated asset objects reloaded before import = 0
Number of asset objects unloaded after import = 0
========================================================================
Received Import Request.
  Time of request: 2026-08-05T18:44:48.3088276Z
  Time since last request: 0.0002314 seconds.
  importAddress: GUID: 6a4f0c91a28ece04198b200dd55145d0 - Path: Packages/com.unity.timeline/Runtime/AssetUpgrade/ClipUpgrade.cs - Importer: ScriptedImporter/UnityEditor.QuickSearchModule:UnityEditor.Search:ASIAI0B
Importing 'GUID: 6a4f0c91a28ece04198b200dd55145d0 - Path: Packages/com.unity.timeline/Runtime/AssetUpgrade/ClipUpgrade.cs - Importer: ScriptedImporter/UnityEditor.QuickSearchModule:UnityEditor.Search:ASIAI0B' with importer (ScriptedImporter : UnityEditor.QuickSearchModule:UnityEditor.Search:ASIAI0B)
Imported 'GUID: 6a4f0c91a28ece04198b200dd55145d0' -> (Import Result ID: 'd735ba9e6f2a65e32e6f633b404a0729') in 0.002 seconds [static and dynamic dependencies]. Details - ImportResultOutputID=7d961b677bb51d4b8ec91872acf81337 DependenciesID=b068a6d518c894cdf93a2d08d15c9d02 StaticDependenciesID=448facf4300f6ad3c4a6dd5a7e80a31a 
Number of updated asset objects reloaded before import = 0
Number of asset objects unloaded after import = 0
========================================================================
Received Import Request.
  Time of request: 2026-08-05T18:44:48.3368995Z
  Time since last request: 0.0180245 seconds.
  importAddress: GUID: b4a5ce78107bc38409a3bb5e8b3289ac - Path: Packages/com.unity.timeline/Editor/Manipulators/Trim/ITrimItemMode.cs - Importer: ScriptedImporter/UnityEditor.QuickSearchModule:UnityEditor.Search:ASIAI0B
Importing 'GUID: b4a5ce78107bc38409a3bb5e8b3289ac - Path: Packages/com.unity.timeline/Editor/Manipulators/Trim/ITrimItemMode.cs - Importer: ScriptedImporter/UnityEditor.QuickSearchModule:UnityEditor.Search:ASIAI0B' with importer (ScriptedImporter : UnityEditor.QuickSearchModule:UnityEditor.Search:ASIAI0B)
Imported 'GUID: b4a5ce78107bc38409a3bb5e8b3289ac' -> (Import Result ID: '303682f1688ce19dd9da7b4a08959d95') in 0.003 seconds [static and dynamic dependencies]. Details - ImportResultOutputID=6586e6560f0b741b0de2d97d69132648 DependenciesID=27eb987e098c399c069547678bcd9e42 StaticDependenciesID=bfab0be541a3ae17a3e14e9fd130a1ff 
Number of updated asset objects reloaded before import = 0
Number of asset objects unloaded after import = 0
========================================================================
Received Import Request.
  Time of request: 2026-08-05T18:44:48.3472436Z
  Time since last request: 0.00032 seconds.
  importAddress: GUID: de86b4ed8106fd84a8bc2f5d69798d53 - Path: Packages/com.unity.timeline/Editor/Actions/Menus/TimelineContextMenu.cs - Importer: ScriptedImporter/UnityEditor.QuickSearchModule:UnityEditor.Search:ASIAI0B
Importing 'GUID: de86b4ed8106fd84a8bc2f5d69798d53 - Path: Packages/com.unity.timeline/Editor/Actions/Menus/TimelineContextMenu.cs - Importer: ScriptedImporter/UnityEditor.QuickSearchModule:UnityEditor.Search:ASIAI0B' with importer (ScriptedImporter : UnityEditor.QuickSearchModule:UnityEditor.Search:ASIAI0B)
Imported 'GUID: de86b4ed8106fd84a8bc2f5d69798d53' -> (Import Result ID: 'd905df6dcc8349c3565b93b2229b60b9') in 0.002 seconds [static and dynamic dependencies]. Details - ImportResultOutputID=bbeb11b1d9ff38adcb3e0a9a4b3cb7e7 DependenciesID=144da2d48c4ee5f51759995ada0a7c5a StaticDependenciesID=3e1ef3d75a25d5948f1873943c2748bf 
Number of updated asset objects reloaded before import = 0
Number of asset objects unloaded after import = 0
========================================================================
Received Import Request.
  Time of request: 2026-08-05T18:44:48.3567402Z
  Time since last request: 0.0003856 seconds.
  importAddress: GUID: 88338eb35defad644a48718188e8f219 - Path: Packages/com.unity.timeline/Editor/Manipulators/AddDelete/AddDeleteItemModeRipple.cs - Importer: ScriptedImporter/UnityEditor.QuickSearchModule:UnityEditor.Search:ASIAI0B
Importing 'GUID: 88338eb35defad644a48718188e8f219 - Path: Packages/com.unity.timeline/Editor/Manipulators/AddDelete/AddDeleteItemModeRipple.cs - Importer: ScriptedImporter/UnityEditor.QuickSearchModule:UnityEditor.Search:ASIAI0B' with importer (ScriptedImporter : UnityEditor.QuickSearchModule:UnityEditor.Search:ASIAI0B)
Imported 'GUID: 88338eb35defad644a48718188e8f219' -> (Import Result ID: '394bfbd1b341ef936876dfcca5b7ded7') in 0.003 seconds [static and dynamic dependencies]. Details - ImportResultOutputID=39c36fe27dedc4fb5a2898cfce0232cd DependenciesID=ceb514e7c9031fc3c79cf8f3cec0d050 StaticDependenciesID=fd3049412558d57ec68eeafe3757a1bd 
Number of updated asset objects reloaded before import = 0
Number of asset objects unloaded after import = 0
========================================================================
Received Import Request.
  Time of request: 2026-08-05T18:44:48.3684755Z
  Time since last request: 0.0002316 seconds.
  importAddress: GUID: 9a0f991b6c2f45b44b92e163f9969e8e - Path: Packages/com.unity.timeline/Editor/treeview/Drawers/TrackDrawer.cs - Importer: ScriptedImporter/UnityEditor.QuickSearchModule:UnityEditor.Search:ASIAI0B
Importing 'GUID: 9a0f991b6c2f45b44b92e163f9969e8e - Path: Packages/com.unity.timeline/Editor/treeview/Drawers/TrackDrawer.cs - Importer: ScriptedImporter/UnityEditor.QuickSearchModule:UnityEditor.Search:ASIAI0B' with importer (ScriptedImporter : UnityEditor.QuickSearchModule:UnityEditor.Search:ASIAI0B)
Imported 'GUID: 9a0f991b6c2f45b44b92e163f9969e8e' -> (Import Result ID: '659d0e02972171427197adb6247f57bb') in 0.003 seconds [static and dynamic dependencies]. Details - ImportResultOutputID=69a6bd2c21e4996551498744ccbca691 DependenciesID=9a4446cab6ef7e45fe7d708c9e4e2693 StaticDependenciesID=e1401e72a918e043b10df1a7e0c3abd5 
Number of updated asset objects reloaded before import = 0
Number of asset objects unloaded after import = 0
========================================================================
Received Import Request.
  Time of request: 2026-08-05T18:44:48.3801103Z
  Time since last request: 0.0002296 seconds.
  importAddress: GUID: 3ff3d24ea34f9f74cb138e435f5f491e - Path: Packages/com.unity.timeline/Editor/Manipulators/Move/IMoveItemMode.cs - Importer: ScriptedImporter/UnityEditor.QuickSearchModule:UnityEditor.Search:ASIAI0B
Importing 'GUID: 3ff3d24ea34f9f74cb138e435f5f491e - Path: Packages/com.unity.timeline/Editor/Manipulators/Move/IMoveItemMode.cs - Importer: ScriptedImporter/UnityEditor.QuickSearchModule:UnityEditor.Search:ASIAI0B' with importer (ScriptedImporter : UnityEditor.QuickSearchModule:UnityEditor.Search:ASIAI0B)
Imported 'GUID: 3ff3d24ea34f9f74cb138e435f5f491e' -> (Import Result ID: '6d03d7c6bc835992096a276f2dc8c23b') in 0.002 seconds [static and dynamic dependencies]. Details - ImportResultOutputID=6d9b9583576391775f0f04532377b536 DependenciesID=103fa010ca34a1787a7b5e12023d60c5 StaticDependenciesID=4b3a3c3b0a5de25be906c37c555677b5 
Number of updated asset objects reloaded before import = 0
Number of asset objects unloaded after import = 0
========================================================================
Received Import Request.
  Time of request: 2026-08-05T18:44:48.3916538Z
  Time since last request: 0.0002507 seconds.
  importAddress: GUID: 57a39be2178cca94ab21e15c082e3ab6 - Path: Packages/com.unity.timeline/Editor/inspectors/ClipInspector/ClipInspectorSelectionInfo.cs - Importer: ScriptedImporter/UnityEditor.QuickSearchModule:UnityEditor.Search:ASIAI0B
Importing 'GUID: 57a39be2178cca94ab21e15c082e3ab6 - Path: Packages/com.unity.timeline/Editor/inspectors/ClipInspector/ClipInspectorSelectionInfo.cs - Importer: ScriptedImporter/UnityEditor.QuickSearchModule:UnityEditor.Search:ASIAI0B' with importer (ScriptedImporter : UnityEditor.QuickSearchModule:UnityEditor.Search:ASIAI0B)
Imported 'GUID: 57a39be2178cca94ab21e15c082e3ab6' -> (Import Result ID: '32c585593c88a5e1036cb78a2a4a5a38') in 0.002 seconds [static and dynamic dependencies]. Details - ImportResultOutputID=e2a55f186cee6c9bc1e7fd4836490f69 DependenciesID=ab5ce7ab384974907750b9044cb67ef7 StaticDependenciesID=c97080342c01ee47c6b3e8dfc20979ca 
Number of updated asset objects reloaded before import = 0
Number of asset objects unloaded after import = 0
========================================================================
Received Import Request.
  Time of request: 2026-08-05T18:44:48.4009569Z
  Time since last request: 0.0002829 seconds.
  importAddress: GUID: f4f988528bbbb0846a4cb50efb4587a5 - Path: Packages/com.unity.timeline/Editor/Manipulators/Sequence/SelectAndMoveItem.cs - Importer: ScriptedImporter/UnityEditor.QuickSearchModule:UnityEditor.Search:ASIAI0B
Importing 'GUID: f4f988528bbbb0846a4cb50efb4587a5 - Path: Packages/com.unity.timeline/Editor/Manipulators/Sequence/SelectAndMoveItem.cs - Importer: ScriptedImporter/UnityEditor.QuickSearchModule:UnityEditor.Search:ASIAI0B' with importer (ScriptedImporter : UnityEditor.QuickSearchModule:UnityEditor.Search:ASIAI0B)
Imported 'GUID: f4f988528bbbb0846a4cb50efb4587a5' -> (Import Result ID: '287a2d1de0918a05db9f2301e3e1c408') in 0.002 seconds [static and dynamic dependencies]. Details - ImportResultOutputID=94ae6cb85ba226efc834b81d67bfd0b2 DependenciesID=945a78ef436b0bbd8a22fd19d175a1c1 StaticDependenciesID=07f97bd16c194f20aa60d5d0b8c96fa4 
Number of updated asset objects reloaded before import = 0
Number of asset objects unloaded after import = 0
========================================================================
Received Import Request.
  Time of request: 2026-08-05T18:44:48.4110548Z
  Time since last request: 0.0002265 seconds.
  importAddress: GUID: edd4f4b395430604d935bcf0b14c7d42 - Path: Packages/com.unity.timeline/Editor/Manipulators/Sequence/RectangleSelect.cs - Importer: ScriptedImporter/UnityEditor.QuickSearchModule:UnityEditor.Search:ASIAI0B
Importing 'GUID: edd4f4b395430604d935bcf0b14c7d42 - Path: Packages/com.unity.timeline/Editor/Manipulators/Sequence/RectangleSelect.cs - Importer: ScriptedImporter/UnityEditor.QuickSearchModule:UnityEditor.Search:ASIAI0B' with importer (ScriptedImporter : UnityEditor.QuickSearchModule:UnityEditor.Search:ASIAI0B)
Imported 'GUID: edd4f4b395430604d935bcf0b14c7d42' -> (Import Result ID: 'b1904a408fe6bb97e155053b927e61f1') in 0.002 seconds [static and dynamic dependencies]. Details - ImportResultOutputID=2467421fafb454c1a78bc73993e0c5b3 DependenciesID=ee434b4caecfc7fbb66999427c7e0e91 StaticDependenciesID=fb0ad32a6d9708d60defbd9d40011fe5 
Number of updated asset objects reloaded before import = 0
Number of asset objects unloaded after import = 0
========================================================================
Received Import Request.
  Time of request: 2026-08-05T18:44:48.4537525Z
  Time since last request: 0.0314874 seconds.
  importAddress: GUID: d6fa2d92fc1b3f34da284357edf89c3b - Path: Packages/com.unity.timeline/Runtime/Events/Signals/SignalAsset.cs - Importer: ScriptedImporter/UnityEditor.QuickSearchModule:UnityEditor.Search:ASIAI0B
Importing 'GUID: d6fa2d92fc1b3f34da284357edf89c3b - Path: Packages/com.unity.timeline/Runtime/Events/Signals/SignalAsset.cs - Importer: ScriptedImporter/UnityEditor.QuickSearchModule:UnityEditor.Search:ASIAI0B' with importer (ScriptedImporter : UnityEditor.QuickSearchModule:UnityEditor.Search:ASIAI0B)
Imported 'GUID: d6fa2d92fc1b3f34da284357edf89c3b' -> (Import Result ID: 'f1348a45e2f13e9b12e2c8f94526571e') in 0.002 seconds [static and dynamic dependencies]. Details - ImportResultOutputID=5e15f7274bcea514b4baa246d5e49557 DependenciesID=2c7b50f11a154a198fdee11ace5f30c7 StaticDependenciesID=f39ef86ea4b234747dcad9e31fac2cee 
Number of updated asset objects reloaded before import = 0
Number of asset objects unloaded after import = 0
========================================================================
Received Import Request.
  Time of request: 2026-08-05T18:44:48.4640591Z
  Time since last request: 0.0002012 seconds.
  importAddress: GUID: a2cb43d6b0c226443be7e176590837a5 - Path: Packages/com.unity.timeline/Editor/Window/Modes/TimelineMode.cs - Importer: ScriptedImporter/UnityEditor.QuickSearchModule:UnityEditor.Search:ASIAI0B
Importing 'GUID: a2cb43d6b0c226443be7e176590837a5 - Path: Packages/com.unity.timeline/Editor/Window/Modes/TimelineMode.cs - Importer: ScriptedImporter/UnityEditor.QuickSearchModule:UnityEditor.Search:ASIAI0B' with importer (ScriptedImporter : UnityEditor.QuickSearchModule:UnityEditor.Search:ASIAI0B)
Imported 'GUID: a2cb43d6b0c226443be7e176590837a5' -> (Import Result ID: '5453027bbd22d30efb5121f8e1a6b0ea') in 0.002 seconds [static and dynamic dependencies]. Details - ImportResultOutputID=2b21681f142315f02b6e1aee5f883fe2 DependenciesID=c39adc2552ed1734d6063311eea68048 StaticDependenciesID=ce76a42a319c48b38c16d0d7914be79e 
Number of updated asset objects reloaded before import = 0
Number of asset objects unloaded after import = 0
========================================================================
Received Import Request.
  Time of request: 2026-08-05T18:44:48.4740197Z
  Time since last request: 0.0002679 seconds.
  importAddress: GUID: 0ccfd55dae664bbcb54c8457acffdbf8 - Path: Packages/com.unity.timeline/Editor/Utilities/Scopes/PropertyScope.cs - Importer: ScriptedImporter/UnityEditor.QuickSearchModule:UnityEditor.Search:ASIAI0B
Importing 'GUID: 0ccfd55dae664bbcb54c8457acffdbf8 - Path: Packages/com.unity.timeline/Editor/Utilities/Scopes/PropertyScope.cs - Importer: ScriptedImporter/UnityEditor.QuickSearchModule:UnityEditor.Search:ASIAI0B' with importer (ScriptedImporter : UnityEditor.QuickSearchModule:UnityEditor.Search:ASIAI0B)
Imported 'GUID: 0ccfd55dae664bbcb54c8457acffdbf8' -> (Import Result ID: 'fa6a7f0c0eefaed242233b5dc0220219') in 0.002 seconds [static and dynamic dependencies]. Details - ImportResultOutputID=9380e951ac4b86458b61e527f39e6996 DependenciesID=44888a410b90d5961e54d6d3a2acf259 StaticDependenciesID=210d24c0cc582a9d4aec38ef1d0336dc 
Number of updated asset objects reloaded before import = 0
Number of asset objects unloaded after import = 0
========================================================================
Received Import Request.
  Time of request: 2026-08-05T18:44:48.4847958Z
  Time since last request: 0.0004431 seconds.
  importAddress: GUID: 6f515f8ecd3b6a546b90abaae2553f99 - Path: Packages/com.unity.timeline/Editor/treeview/ItemGui/TimelineItemGUI.cs - Importer: ScriptedImporter/UnityEditor.QuickSearchModule:UnityEditor.Search:ASIAI0B
Importing 'GUID: 6f515f8ecd3b6a546b90abaae2553f99 - Path: Packages/com.unity.timeline/Editor/treeview/ItemGui/TimelineItemGUI.cs - Importer: ScriptedImporter/UnityEditor.QuickSearchModule:UnityEditor.Search:ASIAI0B' with importer (ScriptedImporter : UnityEditor.QuickSearchModule:UnityEditor.Search:ASIAI0B)
Imported 'GUID: 6f515f8ecd3b6a546b90abaae2553f99' -> (Import Result ID: '25f2f46d52f0acd8d2455e10e9ee566d') in 0.002 seconds [static and dynamic dependencies]. Details - ImportResultOutputID=b656c7cffa5b939630b17a6f4e189723 DependenciesID=0fe0cbcc50a1a63caab13811063dfbcc StaticDependenciesID=b06be4dd30a8ce73943f12de5b611400 
Number of updated asset objects reloaded before import = 0
Number of asset objects unloaded after import = 0
========================================================================
Received Import Request.
  Time of request: 2026-08-05T18:44:48.5194213Z
  Time since last request: 0.0246548 seconds.
  importAddress: GUID: ddbd45249a133a846b2f20e39b537565 - Path: Packages/com.unity.timeline/Editor/StyleSheets/Images/DarkSkin/TimelineHold.png - Importer: ScriptedImporter/UnityEditor.QuickSearchModule:UnityEditor.Search:ASIAI0B
Importing 'GUID: ddbd45249a133a846b2f20e39b537565 - Path: Packages/com.unity.timeline/Editor/StyleSheets/Images/DarkSkin/TimelineHold.png - Importer: ScriptedImporter/UnityEditor.QuickSearchModule:UnityEditor.Search:ASIAI0B' with importer (ScriptedImporter : UnityEditor.QuickSearchModule:UnityEditor.Search:ASIAI0B)
Imported 'GUID: ddbd45249a133a846b2f20e39b537565' -> (Import Result ID: '0caf5b451fb918a19f1c423e15bc8e11') in 0.011 seconds [static and dynamic dependencies]. Details - ImportResultOutputID=6422383f63ef2e536fb3282a9400b727 DependenciesID=025a6ca09b3b9d3071f96c853a9bed17 StaticDependenciesID=149520cea02dc1953518e5b640427fcd 
Number of updated asset objects reloaded before import = 0
Number of asset objects unloaded after import = 1
========================================================================
Received Import Request.
  Time of request: 2026-08-05T18:44:48.5370311Z
  Time since last request: 0.0002603 seconds.
  importAddress: GUID: 40947ddc2dd4f0d499a92d0f3675c4e8 - Path: Packages/com.unity.timeline/Editor/StyleSheets/Images/Icons/d_TimelineCollapseMarkerButtonDisabled.png - Importer: ScriptedImporter/UnityEditor.QuickSearchModule:UnityEditor.Search:ASIAI0B
Importing 'GUID: 40947ddc2dd4f0d499a92d0f3675c4e8 - Path: Packages/com.unity.timeline/Editor/StyleSheets/Images/Icons/d_TimelineCollapseMarkerButtonDisabled.png - Importer: ScriptedImporter/UnityEditor.QuickSearchModule:UnityEditor.Search:ASIAI0B' with importer (ScriptedImporter : UnityEditor.QuickSearchModule:UnityEditor.Search:ASIAI0B)
Imported 'GUID: 40947ddc2dd4f0d499a92d0f3675c4e8' -> (Import Result ID: 'ecfd09e422bd1d9d9539dd0421aa4d44') in 0.009 seconds [static and dynamic dependencies]. Details - ImportResultOutputID=71c86b2712f4e3190c9fe67aa5d7a84f DependenciesID=e6bf42dda2b4d070bc72b805abdf372e StaticDependenciesID=3b3fc2f3b9aac01b7e76be02b459bf5c 
Number of updated asset objects reloaded before import = 0
Number of asset objects unloaded after import = 1
========================================================================
Received Import Request.
  Time of request: 2026-08-05T18:44:48.5556086Z
  Time since last request: 0.0004439 seconds.
  importAddress: GUID: c133595e3c100774496e03e66fa69259 - Path: Packages/com.unity.timeline/Editor/StyleSheets/Images/DarkSkin/TimelineMarkerItem.png - Importer: ScriptedImporter/UnityEditor.QuickSearchModule:UnityEditor.Search:ASIAI0B
Importing 'GUID: c133595e3c100774496e03e66fa69259 - Path: Packages/com.unity.timeline/Editor/StyleSheets/Images/DarkSkin/TimelineMarkerItem.png - Importer: ScriptedImporter/UnityEditor.QuickSearchModule:UnityEditor.Search:ASIAI0B' with importer (ScriptedImporter : UnityEditor.QuickSearchModule:UnityEditor.Search:ASIAI0B)
Imported 'GUID: c133595e3c100774496e03e66fa69259' -> (Import Result ID: 'dcade5de7faa7ea87385e992262c0c39') in 0.010 seconds [static and dynamic dependencies]. Details - ImportResultOutputID=957b3ec84ac771c8401d46c0aae7c9d5 DependenciesID=e8a87f3b64217971b319186020372c75 StaticDependenciesID=3240811a3e8fc96e2529e4a6020fffcc 
Number of updated asset objects reloaded before import = 0
Number of asset objects unloaded after import = 1
========================================================================
Received Import Request.
  Time of request: 2026-08-05T18:44:48.6016248Z
  Time since last request: 0.0272563 seconds.
  importAddress: GUID: 193dae938a3136440b693b45a2494737 - Path: Packages/com.unity.timeline/Editor/StyleSheets/Images/Icons/TrackMarkerButtonDisabled@2x.png - Importer: ScriptedImporter/UnityEditor.QuickSearchModule:UnityEditor.Search:ASIAI0B
Importing 'GUID: 193dae938a3136440b693b45a2494737 - Path: Packages/com.unity.timeline/Editor/StyleSheets/Images/Icons/TrackMarkerButtonDisabled@2x.png - Importer: ScriptedImporter/UnityEditor.QuickSearchModule:UnityEditor.Search:ASIAI0B' with importer (ScriptedImporter : UnityEditor.QuickSearchModule:UnityEditor.Search:ASIAI0B)
Imported 'GUID: 193dae938a3136440b693b45a2494737' -> (Import Result ID: 'a34b68f5437905f79e9b6207cac14035') in 0.010 seconds [static and dynamic dependencies]. Details - ImportResultOutputID=4643406cf81a56c4a94c1102dc7e8650 DependenciesID=ab6cd1e4a6cf4fdcd8f5dd2c3fde7e4b StaticDependenciesID=74f88805a997081e42bc3663d0c91089 
Number of updated asset objects reloaded before import = 0
Number of asset objects unloaded after import = 1
========================================================================
Received Import Request.
  Time of request: 2026-08-05T18:44:48.6199722Z
  Time since last request: 0.0002075 seconds.
  importAddress: GUID: 6f0b77e050cdb12478ed9514b3a0e40e - Path: Packages/com.unity.timeline/Editor/StyleSheets/Images/Icons/d_TrackLockButtonDisabled@2x.png - Importer: ScriptedImporter/UnityEditor.QuickSearchModule:UnityEditor.Search:ASIAI0B
Importing 'GUID: 6f0b77e050cdb12478ed9514b3a0e40e - Path: Packages/com.unity.timeline/Editor/StyleSheets/Images/Icons/d_TrackLockButtonDisabled@2x.png - Importer: ScriptedImporter/UnityEditor.QuickSearchModule:UnityEditor.Search:ASIAI0B' with importer (ScriptedImporter : UnityEditor.QuickSearchModule:UnityEditor.Search:ASIAI0B)
Imported 'GUID: 6f0b77e050cdb12478ed9514b3a0e40e' -> (Import Result ID: '5729a35c0868efac06b8ececd1daaf32') in 0.010 seconds [static and dynamic dependencies]. Details - ImportResultOutputID=a2974063f06bf75c9c0310cced8b774f DependenciesID=c131ae9bf424bd27461ba4d2ba9526b7 StaticDependenciesID=d43a1d9be4567173eb0f969012f0db10 
Number of updated asset objects reloaded before import = 0
Number of asset objects unloaded after import = 1
========================================================================
Received Import Request.
  Time of request: 2026-08-05T18:44:48.6367684Z
  Time since last request: 0.0002475 seconds.
  importAddress: GUID: b8c531b4e51e4994a81837c4e9b0d649 - Path: Packages/com.unity.timeline/Editor/StyleSheets/Images/Icons/TrackLockButtonEnabled@2x.png - Importer: ScriptedImporter/UnityEditor.QuickSearchModule:UnityEditor.Search:ASIAI0B
Importing 'GUID: b8c531b4e51e4994a81837c4e9b0d649 - Path: Packages/com.unity.timeline/Editor/StyleSheets/Images/Icons/TrackLockButtonEnabled@2x.png - Importer: ScriptedImporter/UnityEditor.QuickSearchModule:UnityEditor.Search:ASIAI0B' with importer (ScriptedImporter : UnityEditor.QuickSearchModule:UnityEditor.Search:ASIAI0B)
Imported 'GUID: b8c531b4e51e4994a81837c4e9b0d649' -> (Import Result ID: '80fbf9505c89fcdc507d78abb75b0882') in 0.011 seconds [static and dynamic dependencies]. Details - ImportResultOutputID=6fc5fbcb96942a4346f504cced002ed6 DependenciesID=d7d9d264de4aeeb4713a99a7ad223ad7 StaticDependenciesID=bf0d24602e7b48f0cd7f2e08b0ec7919 
Number of updated asset objects reloaded before import = 0
Number of asset objects unloaded after import = 1
========================================================================
Received Import Request.
  Time of request: 2026-08-05T18:44:48.6554162Z
  Time since last request: 0.0003835 seconds.
  importAddress: GUID: b3644a971cca0bd4eb357cb9aca4dde1 - Path: Packages/com.unity.timeline/Editor/StyleSheets/Images/Icons/d_TrackMarkerButtonDisabled.png - Importer: ScriptedImporter/UnityEditor.QuickSearchModule:UnityEditor.Search:ASIAI0B
Importing 'GUID: b3644a971cca0bd4eb357cb9aca4dde1 - Path: Packages/com.unity.timeline/Editor/StyleSheets/Images/Icons/d_TrackMarkerButtonDisabled.png - Importer: ScriptedImporter/UnityEditor.QuickSearchModule:UnityEditor.Search:ASIAI0B' with importer (ScriptedImporter : UnityEditor.QuickSearchModule:UnityEditor.Search:ASIAI0B)
Imported 'GUID: b3644a971cca0bd4eb357cb9aca4dde1' -> (Import Result ID: '2e32c9b6e3eb30a0015d1f94fa1e4841') in 0.010 seconds [static and dynamic dependencies]. Details - ImportResultOutputID=a06ea850ac13a74b79d5b4631beea29c DependenciesID=104869b211305ff0f27338e3f1d68223 StaticDependenciesID=2587e263d62c08690084d65613372f1c 
Number of updated asset objects reloaded before import = 0
Number of asset objects unloaded after import = 1
========================================================================
Received Import Request.
  Time of request: 2026-08-05T18:44:48.6736503Z
  Time since last request: 0.0002708 seconds.
  importAddress: GUID: d1eccbb425fdacc4ba53ce4223f4ea30 - Path: Packages/com.unity.timeline/Editor/StyleSheets/Images/Icons/TrackMarkerButtonEnabled.png - Importer: ScriptedImporter/UnityEditor.QuickSearchModule:UnityEditor.Search:ASIAI0B
Importing 'GUID: d1eccbb425fdacc4ba53ce4223f4ea30 - Path: Packages/com.unity.timeline/Editor/StyleSheets/Images/Icons/TrackMarkerButtonEnabled.png - Importer: ScriptedImporter/UnityEditor.QuickSearchModule:UnityEditor.Search:ASIAI0B' with importer (ScriptedImporter : UnityEditor.QuickSearchModule:UnityEditor.Search:ASIAI0B)
Imported 'GUID: d1eccbb425fdacc4ba53ce4223f4ea30' -> (Import Result ID: '95b93ff299d96839912467ce88bc74be') in 0.009 seconds [static and dynamic dependencies]. Details - ImportResultOutputID=d673f9c09c78a4c54139d1a40b633b01 DependenciesID=16b32c29ac5afc22b0cd3583c5871a8a StaticDependenciesID=6db969441b096cb95d5fee7d6f4ac9a5 
Number of updated asset objects reloaded before import = 0
Number of asset objects unloaded after import = 1
========================================================================
Received Import Request.
  Time of request: 2026-08-05T18:44:48.6906054Z
  Time since last request: 0.0001314 seconds.
  importAddress: GUID: 09ae14686a02d484ab41e76fd1efba14 - Path: Packages/com.unity.timeline/Editor/StyleSheets/Images/Icons/TimelineEditModeReplaceOFF.png - Importer: ScriptedImporter/UnityEditor.QuickSearchModule:UnityEditor.Search:ASIAI0B
Importing 'GUID: 09ae14686a02d484ab41e76fd1efba14 - Path: Packages/com.unity.timeline/Editor/StyleSheets/Images/Icons/TimelineEditModeReplaceOFF.png - Importer: ScriptedImporter/UnityEditor.QuickSearchModule:UnityEditor.Search:ASIAI0B' with importer (ScriptedImporter : UnityEditor.QuickSearchModule:UnityEditor.Search:ASIAI0B)
Imported 'GUID: 09ae14686a02d484ab41e76fd1efba14' -> (Import Result ID: 'cf95921567b9dcc7a9baa0ae83fd0bc8') in 0.009 seconds [static and dynamic dependencies]. Details - ImportResultOutputID=5f6d9cc6b2325c0a22f14f2c76c13502 DependenciesID=a2935cd52ceae20d1e49b9b76e63b6a2 StaticDependenciesID=ab9b3476e878fab19acb21bbb7746a28 
Number of updated asset objects reloaded before import = 0
Number of asset objects unloaded after import = 1
========================================================================
Received Import Request.
  Time of request: 2026-08-05T18:44:48.7078063Z
  Time since last request: 0.0004777 seconds.
  importAddress: GUID: a82846d41464fcf4b962ebdc815963f5 - Path: Packages/com.unity.timeline/Editor/StyleSheets/Images/Icons/TimelineEditModeMixON.png - Importer: ScriptedImporter/UnityEditor.QuickSearchModule:UnityEditor.Search:ASIAI0B
Importing 'GUID: a82846d41464fcf4b962ebdc815963f5 - Path: Packages/com.unity.timeline/Editor/StyleSheets/Images/Icons/TimelineEditModeMixON.png - Importer: ScriptedImporter/UnityEditor.QuickSearchModule:UnityEditor.Search:ASIAI0B' with importer (ScriptedImporter : UnityEditor.QuickSearchModule:UnityEditor.Search:ASIAI0B)
Imported 'GUID: a82846d41464fcf4b962ebdc815963f5' -> (Import Result ID: '51ee3559f7a3e5eef81addc0af9278a0') in 0.009 seconds [static and dynamic dependencies]. Details - ImportResultOutputID=67d27430475094e81638b7bf2af2b383 DependenciesID=83e83c15d0f8b100307d75fc66f31060 StaticDependenciesID=1cfd3f62c7301eb35f59f4a6f821823d 
Number of updated asset objects reloaded before import = 0
Number of asset objects unloaded after import = 1
========================================================================
Received Import Request.
  Time of request: 2026-08-05T18:44:48.7256697Z
  Time since last request: 0.0003521 seconds.
  importAddress: GUID: 912fd71cbf4cbe140b4f240bedbc1f3e - Path: Packages/com.unity.timeline/Editor/StyleSheets/Images/Icons/d_TimelineEditModeReplaceOFF.png - Importer: ScriptedImporter/UnityEditor.QuickSearchModule:UnityEditor.Search:ASIAI0B
Importing 'GUID: 912fd71cbf4cbe140b4f240bedbc1f3e - Path: Packages/com.unity.timeline/Editor/StyleSheets/Images/Icons/d_TimelineEditModeReplaceOFF.png - Importer: ScriptedImporter/UnityEditor.QuickSearchModule:UnityEditor.Search:ASIAI0B' with importer (ScriptedImporter : UnityEditor.QuickSearchModule:UnityEditor.Search:ASIAI0B)
Imported 'GUID: 912fd71cbf4cbe140b4f240bedbc1f3e' -> (Import Result ID: '9e62a866d05ed03f66fe293a393a4ecf') in 0.009 seconds [static and dynamic dependencies]. Details - ImportResultOutputID=8760bff8994a0a5ac52df963c2d456ac DependenciesID=9e4c9a2fbfabe8857863f082fa5384a9 StaticDependenciesID=95d92eb6120c4201dd2931a4466ea688 
Number of updated asset objects reloaded before import = 0
Number of asset objects unloaded after import = 1
========================================================================
Received Import Request.
  Time of request: 2026-08-05T18:44:48.7568253Z
  Time since last request: 0.0115778 seconds.
  importAddress: GUID: 2887294cc7f1fe840bff6e349409648d - Path: Packages/com.unity.timeline/Editor/StyleSheets/Images/LightSkin/TimelineActivation.png - Importer: ScriptedImporter/UnityEditor.QuickSearchModule:UnityEditor.Search:ASIAI0B
Importing 'GUID: 2887294cc7f1fe840bff6e349409648d - Path: Packages/com.unity.timeline/Editor/StyleSheets/Images/LightSkin/TimelineActivation.png - Importer: ScriptedImporter/UnityEditor.QuickSearchModule:UnityEditor.Search:ASIAI0B' with importer (ScriptedImporter : UnityEditor.QuickSearchModule:UnityEditor.Search:ASIAI0B)
Imported 'GUID: 2887294cc7f1fe840bff6e349409648d' -> (Import Result ID: 'cd55e729596f0546c66ddc9f0f330aec') in 0.010 seconds [static and dynamic dependencies]. Details - ImportResultOutputID=559bc52bf8434d473571d36042c55cd4 DependenciesID=09d2a5c6fe275c7e8ce5a3cad0aa7751 StaticDependenciesID=d72218e705838771384c46b134308e60 
Number of updated asset objects reloaded before import = 0
Number of asset objects unloaded after import = 1
========================================================================
Received Import Request.
  Time of request: 2026-08-05T18:44:48.7739674Z
  Time since last request: 0.0002316 seconds.
  importAddress: GUID: 0304baf8d224f3e47b22d872c8dcd412 - Path: Packages/com.unity.timeline/Editor/StyleSheets/Images/LightSkin/TimelineDisabledBackground.png - Importer: ScriptedImporter/UnityEditor.QuickSearchModule:UnityEditor.Search:ASIAI0B
Importing 'GUID: 0304baf8d224f3e47b22d872c8dcd412 - Path: Packages/com.unity.timeline/Editor/StyleSheets/Images/LightSkin/TimelineDisabledBackground.png - Importer: ScriptedImporter/UnityEditor.QuickSearchModule:UnityEditor.Search:ASIAI0B' with importer (ScriptedImporter : UnityEditor.QuickSearchModule:UnityEditor.Search:ASIAI0B)
Imported 'GUID: 0304baf8d224f3e47b22d872c8dcd412' -> (Import Result ID: 'eab12926fd158579f229a9dfdc7121eb') in 0.010 seconds [static and dynamic dependencies]. Details - ImportResultOutputID=9ca5d957d6785a5210b8ac84179831a5 DependenciesID=ef0259b562ddb2c664beeb5379ea79f3 StaticDependenciesID=ecaf94935d17c7e6b0db00ad6e4bf89a 
Number of updated asset objects reloaded before import = 0
Number of asset objects unloaded after import = 1
========================================================================
Received Import Request.
  Time of request: 2026-08-05T18:44:48.7920886Z
  Time since last request: 0.0004946 seconds.
  importAddress: GUID: 495998c718a094540bbe57ae5ab07647 - Path: Packages/com.unity.timeline/Editor/StyleSheets/Images/Icons/TrackRecordButtonDisabled.png - Importer: ScriptedImporter/UnityEditor.QuickSearchModule:UnityEditor.Search:ASIAI0B
Importing 'GUID: 495998c718a094540bbe57ae5ab07647 - Path: Packages/com.unity.timeline/Editor/StyleSheets/Images/Icons/TrackRecordButtonDisabled.png - Importer: ScriptedImporter/UnityEditor.QuickSearchModule:UnityEditor.Search:ASIAI0B' with importer (ScriptedImporter : UnityEditor.QuickSearchModule:UnityEditor.Search:ASIAI0B)
Imported 'GUID: 495998c718a094540bbe57ae5ab07647' -> (Import Result ID: '48e0d3cb2c72c066305c9c4f0cd28bb9') in 0.010 seconds [static and dynamic dependencies]. Details - ImportResultOutputID=5a2e589271ce5ebf2388f7485f565598 DependenciesID=373781f43f21c1c5f1b1758c48b6d08f StaticDependenciesID=c7628d0e4fcbe2348c9cb898811e933a 
Number of updated asset objects reloaded before import = 0
Number of asset objects unloaded after import = 1
========================================================================
Received Import Request.
  Time of request: 2026-08-05T18:44:48.8103752Z
  Time since last request: 0.0003736 seconds.
  importAddress: GUID: 0a5e3e063c4e1ab45999cf6e40c13c07 - Path: Packages/com.unity.timeline/Editor/StyleSheets/Images/LightSkin/TimelineAutokey_active.png - Importer: ScriptedImporter/UnityEditor.QuickSearchModule:UnityEditor.Search:ASIAI0B
Importing 'GUID: 0a5e3e063c4e1ab45999cf6e40c13c07 - Path: Packages/com.unity.timeline/Editor/StyleSheets/Images/LightSkin/TimelineAutokey_active.png - Importer: ScriptedImporter/UnityEditor.QuickSearchModule:UnityEditor.Search:ASIAI0B' with importer (ScriptedImporter : UnityEditor.QuickSearchModule:UnityEditor.Search:ASIAI0B)
Imported 'GUID: 0a5e3e063c4e1ab45999cf6e40c13c07' -> (Import Result ID: '4f3add0cdd7634dbf59eb27204f10bdf') in 0.010 seconds [static and dynamic dependencies]. Details - ImportResultOutputID=b5d3bbfd5aab50e5dc12e4af338622a1 DependenciesID=0ea15f819c3a51271b805802d97b0152 StaticDependenciesID=5317a37c50a0a85c7730d651994a9987 
Number of updated asset objects reloaded before import = 0
Number of asset objects unloaded after import = 1
========================================================================
Received Import Request.
  Time of request: 2026-08-05T18:44:48.8281117Z
  Time since last request: 0.0003864 seconds.
  importAddress: GUID: db66ea47c76423f4a881937d34495801 - Path: Packages/com.unity.timeline/Editor/StyleSheets/Images/Shared/TimelineBottomShadow.png - Importer: ScriptedImporter/UnityEditor.QuickSearchModule:UnityEditor.Search:ASIAI0B
Importing 'GUID: db66ea47c76423f4a881937d34495801 - Path: Packages/com.unity.timeline/Editor/StyleSheets/Images/Shared/TimelineBottomShadow.png - Importer: ScriptedImporter/UnityEditor.QuickSearchModule:UnityEditor.Search:ASIAI0B' with importer (ScriptedImporter : UnityEditor.QuickSearchModule:UnityEditor.Search:ASIAI0B)
Imported 'GUID: db66ea47c76423f4a881937d34495801' -> (Import Result ID: '42ad0e9a504659df1ebf299ade2c76ff') in 0.009 seconds [static and dynamic dependencies]. Details - ImportResultOutputID=44553acdae7f7ff691f0946c5ee96abf DependenciesID=76ab3df5023e3d1d4ffcd53474b74c5a StaticDependenciesID=1b6bc74f4acad2e35d1013ae221a071f 
Number of updated asset objects reloaded before import = 0
Number of asset objects unloaded after import = 1
========================================================================
Received Import Request.
  Time of request: 2026-08-05T18:44:48.8742615Z
  Time since last request: 0.0278841 seconds.
  importAddress: GUID: a65122cb60c266746acf35e0e5c8ac96 - Path: Packages/com.unity.shadergraph/ValidationConfig.json - Importer: ScriptedImporter/UnityEditor.QuickSearchModule:UnityEditor.Search:ASIAI0B
Importing 'GUID: a65122cb60c266746acf35e0e5c8ac96 - Path: Packages/com.unity.shadergraph/ValidationConfig.json - Importer: ScriptedImporter/UnityEditor.QuickSearchModule:UnityEditor.Search:ASIAI0B' with importer (ScriptedImporter : UnityEditor.QuickSearchModule:UnityEditor.Search:ASIAI0B)
Imported 'GUID: a65122cb60c266746acf35e0e5c8ac96' -> (Import Result ID: '0a2fd492885517f56bd2c3b099eb794f') in 0.008 seconds [static and dynamic dependencies]. Details - ImportResultOutputID=b84ea0f88735cfbd20438b4d724765ea DependenciesID=e7966c99e5a41a7dc8801635dca05f11 StaticDependenciesID=035c23c57c66bccc20d25d47f4906b3e 
Number of updated asset objects reloaded before import = 0
Number of asset objects unloaded after import = 1
========================================================================
Received Import Request.
  Time of request: 2026-08-05T18:44:48.8894255Z
  Time since last request: 0.0002258 seconds.
  importAddress: GUID: 08534868baca5cc4092711da8c94e981 - Path: Packages/com.unity.shadergraph/README.md - Importer: ScriptedImporter/UnityEditor.QuickSearchModule:UnityEditor.Search:ASIAI0B
Importing 'GUID: 08534868baca5cc4092711da8c94e981 - Path: Packages/com.unity.shadergraph/README.md - Importer: ScriptedImporter/UnityEditor.QuickSearchModule:UnityEditor.Search:ASIAI0B' with importer (ScriptedImporter : UnityEditor.QuickSearchModule:UnityEditor.Search:ASIAI0B)
Imported 'GUID: 08534868baca5cc4092711da8c94e981' -> (Import Result ID: '29291eec55187a2750411387fcbbabb1') in 0.009 seconds [static and dynamic dependencies]. Details - ImportResultOutputID=d75b91f8ff39f02d3176f502820e18ba DependenciesID=aa40b146bd20167dec109d12046b1090 StaticDependenciesID=05f1d47ebe08aa62d72bffeb91e41f33 
Number of updated asset objects reloaded before import = 0
Number of asset objects unloaded after import = 1
========================================================================
Received Import Request.
  Time of request: 2026-08-05T18:44:48.9387444Z
  Time since last request: 0.031684 seconds.
  importAddress: GUID: c32b02309f04b344ca1c4fad2f488866 - Path: Packages/com.unity.shadergraph/Editor/InternalBridge/AssemblyInfo.cs - Importer: ScriptedImporter/UnityEditor.QuickSearchModule:UnityEditor.Search:ASIAI0B
Importing 'GUID: c32b02309f04b344ca1c4fad2f488866 - Path: Packages/com.unity.shadergraph/Editor/InternalBridge/AssemblyInfo.cs - Importer: ScriptedImporter/UnityEditor.QuickSearchModule:UnityEditor.Search:ASIAI0B' with importer (ScriptedImporter : UnityEditor.QuickSearchModule:UnityEditor.Search:ASIAI0B)
Imported 'GUID: c32b02309f04b344ca1c4fad2f488866' -> (Import Result ID: '259550fb439971b32f14cdf8d6e2c136') in 0.003 seconds [static and dynamic dependencies]. Details - ImportResultOutputID=e574175b449e1fc1935338d8d75dfdcb DependenciesID=97907313b7b12b25e01ac8e70299f502 StaticDependenciesID=d662de8fd7910e05bb2ec37ee82b496e 
Number of updated asset objects reloaded before import = 0
Number of asset objects unloaded after import = 0
========================================================================
Received Import Request.
  Time of request: 2026-08-05T18:44:48.9514802Z
  Time since last request: 0.0002413 seconds.
  importAddress: GUID: 8dfa4982c4e3ac6429fc1c375d3ceea2 - Path: Packages/com.unity.shadergraph/Editor/Data/ContextData.cs - Importer: ScriptedImporter/UnityEditor.QuickSearchModule:UnityEditor.Search:ASIAI0B
Importing 'GUID: 8dfa4982c4e3ac6429fc1c375d3ceea2 - Path: Packages/com.unity.shadergraph/Editor/Data/ContextData.cs - Importer: ScriptedImporter/UnityEditor.QuickSearchModule:UnityEditor.Search:ASIAI0B' with importer (ScriptedImporter : UnityEditor.QuickSearchModule:UnityEditor.Search:ASIAI0B)
Imported 'GUID: 8dfa4982c4e3ac6429fc1c375d3ceea2' -> (Import Result ID: 'ff081757692540e6189b6ef853b2d167') in 0.002 seconds [static and dynamic dependencies]. Details - ImportResultOutputID=d493e0592fa3550e15b305ac7b0a211f DependenciesID=39c4f6128e3802f804d35a0b70325e8d StaticDependenciesID=239f220bd85a0fda1683bb890eb148fd 
Number of updated asset objects reloaded before import = 0
Number of asset objects unloaded after import = 0
========================================================================
Received Import Request.
  Time of request: 2026-08-05T18:44:48.9605357Z
  Time since last request: 0.0002571 seconds.
  importAddress: GUID: 575791f1eb8b54602829004c8bcbe802 - Path: Packages/com.unity.shadergraph/Editor/Importers/ShaderGraphImporterEditor.cs - Importer: ScriptedImporter/UnityEditor.QuickSearchModule:UnityEditor.Search:ASIAI0B
Importing 'GUID: 575791f1eb8b54602829004c8bcbe802 - Path: Packages/com.unity.shadergraph/Editor/Importers/ShaderGraphImporterEditor.cs - Importer: ScriptedImporter/UnityEditor.QuickSearchModule:UnityEditor.Search:ASIAI0B' with importer (ScriptedImporter : UnityEditor.QuickSearchModule:UnityEditor.Search:ASIAI0B)
Imported 'GUID: 575791f1eb8b54602829004c8bcbe802' -> (Import Result ID: '921350bf926fa52d5b4f650a3c2d1d62') in 0.002 seconds [static and dynamic dependencies]. Details - ImportResultOutputID=d45721a837503cf20509de9d1c135bf1 DependenciesID=bfc5f1af94c8d2359eb0578b12447ac4 StaticDependenciesID=33d0c0a0bbd78c7156e6adf7aadf9658 
Number of updated asset objects reloaded before import = 0
Number of asset objects unloaded after import = 0
========================================================================
Received Import Request.
  Time of request: 2026-08-05T18:44:48.9723749Z
  Time since last request: 0.0002538 seconds.
  importAddress: GUID: 089885f17bac7464a80c68e81d8538a1 - Path: Packages/com.unity.shadergraph/Editor/Resources/DefaultHeatmapValues.asset - Importer: ScriptedImporter/UnityEditor.QuickSearchModule:UnityEditor.Search:ASIAI0B
Importing 'GUID: 089885f17bac7464a80c68e81d8538a1 - Path: Packages/com.unity.shadergraph/Editor/Resources/DefaultHeatmapValues.asset - Importer: ScriptedImporter/UnityEditor.QuickSearchModule:UnityEditor.Search:ASIAI0B' with importer (ScriptedImporter : UnityEditor.QuickSearchModule:UnityEditor.Search:ASIAI0B)
Imported 'GUID: 089885f17bac7464a80c68e81d8538a1' -> (Import Result ID: '05456e9388c9b2d09fe92c010cf88eac') in 0.013 seconds [static and dynamic dependencies]. Details - ImportResultOutputID=4dac84c18b88ddc04636b7e326119fee DependenciesID=b92eaa1cc4dfe0da6df5279cf8772eec StaticDependenciesID=64184f2e613de71332be484ca73de0d1 
Number of updated asset objects reloaded before import = 0
Number of asset objects unloaded after import = 1
========================================================================
Received Import Request.
  Time of request: 2026-08-05T18:44:48.9950618Z
  Time since last request: 0.0002782 seconds.
  importAddress: GUID: 1a9e721432c3e5048950da7f3cf524e7 - Path: Packages/com.unity.shadergraph/Editor/InternalBridge/Unity.InternalAPIEditorBridge.ShaderGraph.Editor.asmdef - Importer: ScriptedImporter/UnityEditor.QuickSearchModule:UnityEditor.Search:ASIAI0B
Importing 'GUID: 1a9e721432c3e5048950da7f3cf524e7 - Path: Packages/com.unity.shadergraph/Editor/InternalBridge/Unity.InternalAPIEditorBridge.ShaderGraph.Editor.asmdef - Importer: ScriptedImporter/UnityEditor.QuickSearchModule:UnityEditor.Search:ASIAI0B' with importer (ScriptedImporter : UnityEditor.QuickSearchModule:UnityEditor.Search:ASIAI0B)
Imported 'GUID: 1a9e721432c3e5048950da7f3cf524e7' -> (Import Result ID: '3f86f76fafda4d445696423c7a5da8ef') in 0.008 seconds [static and dynamic dependencies]. Details - ImportResultOutputID=f98e0ee6e1bce09fe87979d3bad10cd9 DependenciesID=c0ed69d64716a4e6306906de763f32db StaticDependenciesID=d0cb38fec6cf6c2ed0d689c940fe81bd 
Number of updated asset objects reloaded before import = 0
Number of asset objects unloaded after import = 1
========================================================================
Received Import Request.
  Time of request: 2026-08-05T18:44:49.0112981Z
  Time since last request: 0.0002032 seconds.
  importAddress: GUID: b7e9b48c3a9534782bdc85af295da963 - Path: Packages/com.unity.shadergraph/Editor/Importers/_.sgsubgraphdb - Importer: ScriptedImporter/UnityEditor.QuickSearchModule:UnityEditor.Search:ASIAI0B
Importing 'GUID: b7e9b48c3a9534782bdc85af295da963 - Path: Packages/com.unity.shadergraph/Editor/Importers/_.sgsubgraphdb - Importer: ScriptedImporter/UnityEditor.QuickSearchModule:UnityEditor.Search:ASIAI0B' with importer (ScriptedImporter : UnityEditor.QuickSearchModule:UnityEditor.Search:ASIAI0B)
Imported 'GUID: b7e9b48c3a9534782bdc85af295da963' -> (Import Result ID: '97117bc7bdb7b39b4049a536093943f5') in 0.003 seconds [static and dynamic dependencies]. Details - ImportResultOutputID=4b4d1bb77f0e40ee88876899a67b314f DependenciesID=0b8e41727c5ffdc5917dddd51ba42cf7 StaticDependenciesID=0899f7ee6b5bed3477511c357f8677c6 
Number of updated asset objects reloaded before import = 0
Number of asset objects unloaded after import = 1
========================================================================
Received Import Request.
  Time of request: 2026-08-05T18:44:49.0220643Z
  Time since last request: 0.000196 seconds.
  importAddress: GUID: 07d3f5482ecfe425f91b12cd32be4cbe - Path: Packages/com.unity.shadergraph/ShaderGraphLibrary/GeometricTools.hlsl - Importer: ScriptedImporter/UnityEditor.QuickSearchModule:UnityEditor.Search:ASIAI0B
Importing 'GUID: 07d3f5482ecfe425f91b12cd32be4cbe - Path: Packages/com.unity.shadergraph/ShaderGraphLibrary/GeometricTools.hlsl - Importer: ScriptedImporter/UnityEditor.QuickSearchModule:UnityEditor.Search:ASIAI0B' with importer (ScriptedImporter : UnityEditor.QuickSearchModule:UnityEditor.Search:ASIAI0B)
Imported 'GUID: 07d3f5482ecfe425f91b12cd32be4cbe' -> (Import Result ID: 'fa5be9c9638b745580be22850f602d69') in 0.008 seconds [static and dynamic dependencies]. Details - ImportResultOutputID=bf174bc70a873fd4a3120524cf9b5713 DependenciesID=54162f8ca01dc5c01d662292dc461c5f StaticDependenciesID=350b4c2be67ea5cc599bb5aa1eacb761 
Number of updated asset objects reloaded before import = 0
Number of asset objects unloaded after import = 1
========================================================================
Received Import Request.
  Time of request: 2026-08-05T18:44:49.0560775Z
  Time since last request: 0.0181183 seconds.
  importAddress: GUID: 75d8197dfa5346abaacd62fc929e67e0 - Path: Packages/com.unity.shadergraph/Editor/Serialization/SerializationExtensions.cs - Importer: ScriptedImporter/UnityEditor.QuickSearchModule:UnityEditor.Search:ASIAI0B
Importing 'GUID: 75d8197dfa5346abaacd62fc929e67e0 - Path: Packages/com.unity.shadergraph/Editor/Serialization/SerializationExtensions.cs - Importer: ScriptedImporter/UnityEditor.QuickSearchModule:UnityEditor.Search:ASIAI0B' with importer (ScriptedImporter : UnityEditor.QuickSearchModule:UnityEditor.Search:ASIAI0B)
Imported 'GUID: 75d8197dfa5346abaacd62fc929e67e0' -> (Import Result ID: '83d0a919020cb3c7f8d125150bf7a713') in 0.002 seconds [static and dynamic dependencies]. Details - ImportResultOutputID=fb48d5194006236686f1ca5d4908930f DependenciesID=a9f62534243cda8cf721f22d42ed8448 StaticDependenciesID=2bd9459f41d5dc9f1b124556b0ef0727 
Number of updated asset objects reloaded before import = 0
Number of asset objects unloaded after import = 0
========================================================================
Received Import Request.
  Time of request: 2026-08-05T18:44:49.0655647Z
  Time since last request: 0.0004459 seconds.
  importAddress: GUID: 73df811908489f1408d1bec44aab3a80 - Path: Packages/com.unity.shadergraph/GraphTemplates/Cross Pipeline/DecalSimpleTemplateThumbnail.png - Importer: ScriptedImporter/UnityEditor.QuickSearchModule:UnityEditor.Search:ASIAI0B
Importing 'GUID: 73df811908489f1408d1bec44aab3a80 - Path: Packages/com.unity.shadergraph/GraphTemplates/Cross Pipeline/DecalSimpleTemplateThumbnail.png - Importer: ScriptedImporter/UnityEditor.QuickSearchModule:UnityEditor.Search:ASIAI0B' with importer (ScriptedImporter : UnityEditor.QuickSearchModule:UnityEditor.Search:ASIAI0B)
Imported 'GUID: 73df811908489f1408d1bec44aab3a80' -> (Import Result ID: '5e95e50fbde80dfd80779769022a0402') in 0.012 seconds [static and dynamic dependencies]. Details - ImportResultOutputID=db85f973b9fa0a7257c6009f05c8b5e5 DependenciesID=bbb733d6620d67ae44b873a81cce78aa StaticDependenciesID=933d82426d699498bc3cfa1078078895 
Number of updated asset objects reloaded before import = 0
Number of asset objects unloaded after import = 1
========================================================================
Received Import Request.
  Time of request: 2026-08-05T18:44:49.0846511Z
  Time since last request: 0.0005118 seconds.
  importAddress: GUID: 6df296665d3d1403ea55bcc9c40cfabf - Path: Packages/com.unity.shadergraph/Editor/Utilities/AssemblyInfo.cs - Importer: ScriptedImporter/UnityEditor.QuickSearchModule:UnityEditor.Search:ASIAI0B
Importing 'GUID: 6df296665d3d1403ea55bcc9c40cfabf - Path: Packages/com.unity.shadergraph/Editor/Utilities/AssemblyInfo.cs - Importer: ScriptedImporter/UnityEditor.QuickSearchModule:UnityEditor.Search:ASIAI0B' with importer (ScriptedImporter : UnityEditor.QuickSearchModule:UnityEditor.Search:ASIAI0B)
Imported 'GUID: 6df296665d3d1403ea55bcc9c40cfabf' -> (Import Result ID: '194afce6885bf6203d78a4fb91b4dce5') in 0.002 seconds [static and dynamic dependencies]. Details - ImportResultOutputID=bc1140c4136f13a775358a647989f7eb DependenciesID=309ea4c71566261d601334c21ce16ae6 StaticDependenciesID=af705e6dc3f4daca1d17fcec92a2b193 
Number of updated asset objects reloaded before import = 0
Number of asset objects unloaded after import = 0
========================================================================
Received Import Request.
  Time of request: 2026-08-05T18:44:49.0954335Z
  Time since last request: 0.0003264 seconds.
  importAddress: GUID: 67a39d09a4be41f686550822af7da95e - Path: Packages/com.unity.shadergraph/Editor/Util/AssertHelpers.cs - Importer: ScriptedImporter/UnityEditor.QuickSearchModule:UnityEditor.Search:ASIAI0B
Importing 'GUID: 67a39d09a4be41f686550822af7da95e - Path: Packages/com.unity.shadergraph/Editor/Util/AssertHelpers.cs - Importer: ScriptedImporter/UnityEditor.QuickSearchModule:UnityEditor.Search:ASIAI0B' with importer (ScriptedImporter : UnityEditor.QuickSearchModule:UnityEditor.Search:ASIAI0B)
Imported 'GUID: 67a39d09a4be41f686550822af7da95e' -> (Import Result ID: '3eea6f612e4c9196c98bacb483515881') in 0.002 seconds [static and dynamic dependencies]. Details - ImportResultOutputID=347261fceeedfca0f27b3920c83e27dc DependenciesID=d5265a477c340d0de22bbcd5aef8d83e StaticDependenciesID=cf87aa0a648d44320967b5a47520c16f 
Number of updated asset objects reloaded before import = 0
Number of asset objects unloaded after import = 0
========================================================================
Received Import Request.
  Time of request: 2026-08-05T18:44:49.1059631Z
  Time since last request: 0.0002704 seconds.
  importAddress: GUID: 8c48f9c41990b0242bcf63d2db521237 - Path: Packages/com.unity.shadergraph/Editor/Util/ListUtilities.cs - Importer: ScriptedImporter/UnityEditor.QuickSearchModule:UnityEditor.Search:ASIAI0B
Importing 'GUID: 8c48f9c41990b0242bcf63d2db521237 - Path: Packages/com.unity.shadergraph/Editor/Util/ListUtilities.cs - Importer: ScriptedImporter/UnityEditor.QuickSearchModule:UnityEditor.Search:ASIAI0B' with importer (ScriptedImporter : UnityEditor.QuickSearchModule:UnityEditor.Search:ASIAI0B)
Imported 'GUID: 8c48f9c41990b0242bcf63d2db521237' -> (Import Result ID: 'c76ff9199abc9c0890e6c92a2e37561a') in 0.002 seconds [static and dynamic dependencies]. Details - ImportResultOutputID=4f5fa1e41d6617fdaa2aef68076f604c DependenciesID=fb3597810c7e74d8bac947e682207491 StaticDependenciesID=8b9b417f88a05574c1aa6012edf9b83e 
Number of updated asset objects reloaded before import = 0
Number of asset objects unloaded after import = 0
========================================================================
Received Import Request.
  Time of request: 2026-08-05T18:44:49.1160119Z
  Time since last request: 0.0002367 seconds.
  importAddress: GUID: ea87914f38f4183408f6ec6cb547ed94 - Path: Packages/com.unity.shadergraph/GraphTemplates/Subgraphs/ParticleFlipbookBlending.shadersubgraph - Importer: ScriptedImporter/UnityEditor.QuickSearchModule:UnityEditor.Search:ASIAI0B
Importing 'GUID: ea87914f38f4183408f6ec6cb547ed94 - Path: Packages/com.unity.shadergraph/GraphTemplates/Subgraphs/ParticleFlipbookBlending.shadersubgraph - Importer: ScriptedImporter/UnityEditor.QuickSearchModule:UnityEditor.Search:ASIAI0B' with importer (ScriptedImporter : UnityEditor.QuickSearchModule:UnityEditor.Search:ASIAI0B)
Imported 'GUID: ea87914f38f4183408f6ec6cb547ed94' -> (Import Result ID: 'a708cdb45d64b73dfa5cf949b7f4a375') in 0.010 seconds [static and dynamic dependencies]. Details - ImportResultOutputID=0962c43ecabb63983c1c1c4fc054408b DependenciesID=93efe10d13d569e39ad540b2cdef0b54 StaticDependenciesID=594d2a3fee27e80a1fcbfa0025562d15 
Number of updated asset objects reloaded before import = 0
Number of asset objects unloaded after import = 1
========================================================================
Received Import Request.
  Time of request: 2026-08-05T18:44:49.13383Z
  Time since last request: 0.0002078 seconds.
  importAddress: GUID: 70e6da54cdf71264da5954a5fe327e3a - Path: Packages/com.unity.shadergraph/GraphTemplates/Cross Pipeline/UnlitParticleTemplateThumbnail.png - Importer: ScriptedImporter/UnityEditor.QuickSearchModule:UnityEditor.Search:ASIAI0B
Importing 'GUID: 70e6da54cdf71264da5954a5fe327e3a - Path: Packages/com.unity.shadergraph/GraphTemplates/Cross Pipeline/UnlitParticleTemplateThumbnail.png - Importer: ScriptedImporter/UnityEditor.QuickSearchModule:UnityEditor.Search:ASIAI0B' with importer (ScriptedImporter : UnityEditor.QuickSearchModule:UnityEditor.Search:ASIAI0B)
Imported 'GUID: 70e6da54cdf71264da5954a5fe327e3a' -> (Import Result ID: 'b436755bca4a321b0dffbdc1f70d0ac5') in 0.005 seconds [static and dynamic dependencies]. Details - ImportResultOutputID=9730b28a65ad490e7e4cefaf04a6455b DependenciesID=2005eb68aba6e2e5511964aa2a59d955 StaticDependenciesID=39e2b78771ab83f43d49f8fe25919add 
Number of updated asset objects reloaded before import = 0
Number of asset objects unloaded after import = 1
========================================================================
Received Import Request.
  Time of request: 2026-08-05T18:44:49.1463665Z
  Time since last request: 0.0002317 seconds.
  importAddress: GUID: dd4e180f1d31c4c4e9d4909d27e6761c - Path: Packages/com.unity.shadergraph/GraphTemplates/Subgraphs/FlowMap Sample Texture.shadersubgraph - Importer: ScriptedImporter/UnityEditor.QuickSearchModule:UnityEditor.Search:ASIAI0B
Importing 'GUID: dd4e180f1d31c4c4e9d4909d27e6761c - Path: Packages/com.unity.shadergraph/GraphTemplates/Subgraphs/FlowMap Sample Texture.shadersubgraph - Importer: ScriptedImporter/UnityEditor.QuickSearchModule:UnityEditor.Search:ASIAI0B' with importer (ScriptedImporter : UnityEditor.QuickSearchModule:UnityEditor.Search:ASIAI0B)
Imported 'GUID: dd4e180f1d31c4c4e9d4909d27e6761c' -> (Import Result ID: '261a04cd05516a3cd56c208d1408e251') in 0.009 seconds [static and dynamic dependencies]. Details - ImportResultOutputID=9daccc67ed3c55eec63f7f63ddc0cc16 DependenciesID=1ee098d87c6098b9d980e005729a2abe StaticDependenciesID=515ce0f1fb9e09d2a504c6fa9f31dc27 
Number of updated asset objects reloaded before import = 0
Number of asset objects unloaded after import = 1
========================================================================
Received Import Request.
  Time of request: 2026-08-05T18:44:49.1624416Z
  Time since last request: 0.0002629 seconds.
  importAddress: GUID: e98ef91f2346c4c57a3cfbb4347ff978 - Path: Packages/com.unity.shadergraph/GraphTemplates/Subgraphs/Sample Flipbook Motion Vector.shadersubgraph - Importer: ScriptedImporter/UnityEditor.QuickSearchModule:UnityEditor.Search:ASIAI0B
Importing 'GUID: e98ef91f2346c4c57a3cfbb4347ff978 - Path: Packages/com.unity.shadergraph/GraphTemplates/Subgraphs/Sample Flipbook Motion Vector.shadersubgraph - Importer: ScriptedImporter/UnityEditor.QuickSearchModule:UnityEditor.Search:ASIAI0B' with importer (ScriptedImporter : UnityEditor.QuickSearchModule:UnityEditor.Search:ASIAI0B)
Imported 'GUID: e98ef91f2346c4c57a3cfbb4347ff978' -> (Import Result ID: '116f1cf86a4027e7cf752c19c93b29e3') in 0.010 seconds [static and dynamic dependencies]. Details - ImportResultOutputID=cfb763c1db25f0503541d9091b2556cb DependenciesID=180b757c01d51e44800de853bf76d5d0 StaticDependenciesID=1b991a599c3826e5bbb86097675a2693 
Number of updated asset objects reloaded before import = 0
Number of asset objects unloaded after import = 1
========================================================================
Received Import Request.
  Time of request: 2026-08-05T18:44:49.1802996Z
  Time since last request: 0.000228 seconds.
  importAddress: GUID: 2fe31a8312ab8524ebd8601be367f0c8 - Path: Packages/com.unity.shadergraph/GraphTemplates/Subgraphs/SmallNoiseMask.tga - Importer: ScriptedImporter/UnityEditor.QuickSearchModule:UnityEditor.Search:ASIAI0B
Importing 'GUID: 2fe31a8312ab8524ebd8601be367f0c8 - Path: Packages/com.unity.shadergraph/GraphTemplates/Subgraphs/SmallNoiseMask.tga - Importer: ScriptedImporter/UnityEditor.QuickSearchModule:UnityEditor.Search:ASIAI0B' with importer (ScriptedImporter : UnityEditor.QuickSearchModule:UnityEditor.Search:ASIAI0B)
Imported 'GUID: 2fe31a8312ab8524ebd8601be367f0c8' -> (Import Result ID: '6b03b164a63ff63111dface0aabd9128') in 0.010 seconds [static and dynamic dependencies]. Details - ImportResultOutputID=de01e042aa5bc05bad5f38e68cb639ed DependenciesID=7fa63cacebfd3dc4370837819b2874f3 StaticDependenciesID=5fb1a1255ee794b648a62c642fe012e5 
Number of updated asset objects reloaded before import = 0
Number of asset objects unloaded after import = 1
========================================================================
Received Import Request.
  Time of request: 2026-08-05T18:44:49.5140803Z
  Time since last request: 0.3165908 seconds.
  importAddress: GUID: 2c583d077fd8e8e479fe6e4e74df4bee - Path: Packages/com.unity.shadergraph/Editor/Data/Attributes/NeverAllowedByTargetAttribute.cs - Importer: ScriptedImporter/UnityEditor.QuickSearchModule:UnityEditor.Search:ASIAI0B
Importing 'GUID: 2c583d077fd8e8e479fe6e4e74df4bee - Path: Packages/com.unity.shadergraph/Editor/Data/Attributes/NeverAllowedByTargetAttribute.cs - Importer: ScriptedImporter/UnityEditor.QuickSearchModule:UnityEditor.Search:ASIAI0B' with importer (ScriptedImporter : UnityEditor.QuickSearchModule:UnityEditor.Search:ASIAI0B)
Imported 'GUID: 2c583d077fd8e8e479fe6e4e74df4bee' -> (Import Result ID: '948a9ab776d665fdca029be163f9906e') in 0.003 seconds [static and dynamic dependencies]. Details - ImportResultOutputID=2a5591cf82122ab1f2f5299904c95e73 DependenciesID=3ca26e99c0adc892262f0140efbe6abd StaticDependenciesID=018822e48a9e65237a24650cb968fed4 
Number of updated asset objects reloaded before import = 0
Number of asset objects unloaded after import = 0
========================================================================
Received Import Request.
  Time of request: 2026-08-05T18:44:49.5241317Z
  Time since last request: 0.0002654 seconds.
  importAddress: GUID: efad93f5b8245a54fb4fee128fc0f3f6 - Path: Packages/com.unity.shadergraph/Editor/Data/Graphs/BooleanMaterialSlot.cs - Importer: ScriptedImporter/UnityEditor.QuickSearchModule:UnityEditor.Search:ASIAI0B
Importing 'GUID: efad93f5b8245a54fb4fee128fc0f3f6 - Path: Packages/com.unity.shadergraph/Editor/Data/Graphs/BooleanMaterialSlot.cs - Importer: ScriptedImporter/UnityEditor.QuickSearchModule:UnityEditor.Search:ASIAI0B' with importer (ScriptedImporter : UnityEditor.QuickSearchModule:UnityEditor.Search:ASIAI0B)
Imported 'GUID: efad93f5b8245a54fb4fee128fc0f3f6' -> (Import Result ID: 'eba02c0f8e525da72cc3fa5750c31480') in 0.003 seconds [static and dynamic dependencies]. Details - ImportResultOutputID=3089a53ca5927e2c7662e7a9cf623a4f DependenciesID=178bd13f3fd40093b17cfedf64ef6be9 StaticDependenciesID=710d5c414dd02d5befe7aef809d0b7ad 
Number of updated asset objects reloaded before import = 0
Number of asset objects unloaded after import = 0
========================================================================
Received Import Request.
  Time of request: 2026-08-05T18:44:49.5346662Z
  Time since last request: 0.0002667 seconds.
  importAddress: GUID: b1411039ed1342fa8efff6fa8a4c179d - Path: Packages/com.unity.shadergraph/Editor/Data/Graphs/AbstractShaderProperty.cs - Importer: ScriptedImporter/UnityEditor.QuickSearchModule:UnityEditor.Search:ASIAI0B
Importing 'GUID: b1411039ed1342fa8efff6fa8a4c179d - Path: Packages/com.unity.shadergraph/Editor/Data/Graphs/AbstractShaderProperty.cs - Importer: ScriptedImporter/UnityEditor.QuickSearchModule:UnityEditor.Search:ASIAI0B' with importer (ScriptedImporter : UnityEditor.QuickSearchModule:UnityEditor.Search:ASIAI0B)
Imported 'GUID: b1411039ed1342fa8efff6fa8a4c179d' -> (Import Result ID: '886ce366a2d09ddbb6b55e2ed989d2db') in 0.002 seconds [static and dynamic dependencies]. Details - ImportResultOutputID=80dc4b06bb2458a4adeba2a8d57bd218 DependenciesID=0f9ac55ea934ed003882b7c66b9a31fc StaticDependenciesID=646f8a8f2737ea566042dfe7b8ed2c66 
Number of updated asset objects reloaded before import = 0
Number of asset objects unloaded after import = 0
========================================================================
Received Import Request.
  Time of request: 2026-08-05T18:44:49.5438521Z
  Time since last request: 0.0003196 seconds.
  importAddress: GUID: 67f66fefcaac3e04388ec470163bf127 - Path: Packages/com.unity.shadergraph/Editor/Data/Graphs/BitangentMaterialSlot.cs - Importer: ScriptedImporter/UnityEditor.QuickSearchModule:UnityEditor.Search:ASIAI0B
Importing 'GUID: 67f66fefcaac3e04388ec470163bf127 - Path: Packages/com.unity.shadergraph/Editor/Data/Graphs/BitangentMaterialSlot.cs - Importer: ScriptedImporter/UnityEditor.QuickSearchModule:UnityEditor.Search:ASIAI0B' with importer (ScriptedImporter : UnityEditor.QuickSearchModule:UnityEditor.Search:ASIAI0B)
Imported 'GUID: 67f66fefcaac3e04388ec470163bf127' -> (Import Result ID: 'd40d17420828f0278d72da82374466d1') in 0.002 seconds [static and dynamic dependencies]. Details - ImportResultOutputID=fd338a9ba99d788cd325b57883807f79 DependenciesID=7beecd4ca170f983addf805cb80eed65 StaticDependenciesID=908df7764143c105748e917bebae0b45 
Number of updated asset objects reloaded before import = 0
Number of asset objects unloaded after import = 0
========================================================================
Received Import Request.
  Time of request: 2026-08-05T18:44:49.5546831Z
  Time since last request: 0.0003619 seconds.
  importAddress: GUID: e9398b7940890a74eafc240b5a593541 - Path: Packages/com.unity.shadergraph/ShaderGraphLibrary/Nature/SpeedTree8Wind.shadersubgraph - Importer: ScriptedImporter/UnityEditor.QuickSearchModule:UnityEditor.Search:ASIAI0B
Importing 'GUID: e9398b7940890a74eafc240b5a593541 - Path: Packages/com.unity.shadergraph/ShaderGraphLibrary/Nature/SpeedTree8Wind.shadersubgraph - Importer: ScriptedImporter/UnityEditor.QuickSearchModule:UnityEditor.Search:ASIAI0B' with importer (ScriptedImporter : UnityEditor.QuickSearchModule:UnityEditor.Search:ASIAI0B)
Imported 'GUID: e9398b7940890a74eafc240b5a593541' -> (Import Result ID: '9d4003560137b6eb722452b9400930f3') in 0.011 seconds [static and dynamic dependencies]. Details - ImportResultOutputID=ff9391eff34e4f61bd38785d6e411a74 DependenciesID=414e2a360458bf5493434a1d3ac5042d StaticDependenciesID=3df304799b1bf3900459b8bdd33d5387 
Number of updated asset objects reloaded before import = 0
Number of asset objects unloaded after import = 1
========================================================================
Received Import Request.
  Time of request: 2026-08-05T18:44:49.5735882Z
  Time since last request: 0.0002401 seconds.
  importAddress: GUID: 47cf9e64b21b48b09320f42eb82ac3c3 - Path: Packages/com.unity.shadergraph/Editor/Data/Graphs/ColorShaderProperty.cs - Importer: ScriptedImporter/UnityEditor.QuickSearchModule:UnityEditor.Search:ASIAI0B
Importing 'GUID: 47cf9e64b21b48b09320f42eb82ac3c3 - Path: Packages/com.unity.shadergraph/Editor/Data/Graphs/ColorShaderProperty.cs - Importer: ScriptedImporter/UnityEditor.QuickSearchModule:UnityEditor.Search:ASIAI0B' with importer (ScriptedImporter : UnityEditor.QuickSearchModule:UnityEditor.Search:ASIAI0B)
Imported 'GUID: 47cf9e64b21b48b09320f42eb82ac3c3' -> (Import Result ID: 'd8cf4e349d7cabfef169263ef2aad7cf') in 0.002 seconds [static and dynamic dependencies]. Details - ImportResultOutputID=ca27521c37d8210923f22d26a4dddc4a DependenciesID=d00081d4873ea06f802405230ee605b5 StaticDependenciesID=0f210b299cd47f906cb47803e35c1bc2 
Number of updated asset objects reloaded before import = 0
Number of asset objects unloaded after import = 0
========================================================================
Received Import Request.
  Time of request: 2026-08-05T18:44:49.604934Z
  Time since last request: 0.0217358 seconds.
  importAddress: GUID: 01e80e004e94f5e48ad1cb83d5701300 - Path: Packages/com.unity.shadergraph/Editor/Data/Graphs/SerializableCubemap.cs - Importer: ScriptedImporter/UnityEditor.QuickSearchModule:UnityEditor.Search:ASIAI0B
Importing 'GUID: 01e80e004e94f5e48ad1cb83d5701300 - Path: Packages/com.unity.shadergraph/Editor/Data/Graphs/SerializableCubemap.cs - Importer: ScriptedImporter/UnityEditor.QuickSearchModule:UnityEditor.Search:ASIAI0B' with importer (ScriptedImporter : UnityEditor.QuickSearchModule:UnityEditor.Search:ASIAI0B)
Imported 'GUID: 01e80e004e94f5e48ad1cb83d5701300' -> (Import Result ID: 'bb23240615e395a45548f58ac9695500') in 0.002 seconds [static and dynamic dependencies]. Details - ImportResultOutputID=395d3dd5657b28bf9a8b025676af6f04 DependenciesID=94d1811024f3c02eed4419ea7e5f2d76 StaticDependenciesID=01489805d352abb8072d7b6ac83fec2e 
Number of updated asset objects reloaded before import = 0
Number of asset objects unloaded after import = 0
========================================================================
Received Import Request.
  Time of request: 2026-08-05T18:44:49.6156208Z
  Time since last request: 0.0011309 seconds.
  importAddress: GUID: 5afbdbfda75b8c24ab4c07b8b3deddbe - Path: Packages/com.unity.shadergraph/Editor/Data/Graphs/Matrix3MaterialSlot.cs - Importer: ScriptedImporter/UnityEditor.QuickSearchModule:UnityEditor.Search:ASIAI0B
Importing 'GUID: 5afbdbfda75b8c24ab4c07b8b3deddbe - Path: Packages/com.unity.shadergraph/Editor/Data/Graphs/Matrix3MaterialSlot.cs - Importer: ScriptedImporter/UnityEditor.QuickSearchModule:UnityEditor.Search:ASIAI0B' with importer (ScriptedImporter : UnityEditor.QuickSearchModule:UnityEditor.Search:ASIAI0B)
Imported 'GUID: 5afbdbfda75b8c24ab4c07b8b3deddbe' -> (Import Result ID: '39bec55e9c05a8e75ce214a9ba26d671') in 0.002 seconds [static and dynamic dependencies]. Details - ImportResultOutputID=1a4bfc833cc0978b5086a2f0d58545b4 DependenciesID=9f32146db1da8ce4d4fc52056c5df76a StaticDependenciesID=381a184d878e534860d68479e6b9d687 
Number of updated asset objects reloaded before import = 0
Number of asset objects unloaded after import = 0
========================================================================
Received Import Request.
  Time of request: 2026-08-05T18:44:49.6256197Z
  Time since last request: 0.0004609 seconds.
  importAddress: GUID: fa05c5d2d4d374703b6c59248a30fca3 - Path: Packages/com.unity.shadergraph/Editor/Data/Graphs/Texture3DShaderProperty.cs - Importer: ScriptedImporter/UnityEditor.QuickSearchModule:UnityEditor.Search:ASIAI0B
Importing 'GUID: fa05c5d2d4d374703b6c59248a30fca3 - Path: Packages/com.unity.shadergraph/Editor/Data/Graphs/Texture3DShaderProperty.cs - Importer: ScriptedImporter/UnityEditor.QuickSearchModule:UnityEditor.Search:ASIAI0B' with importer (ScriptedImporter : UnityEditor.QuickSearchModule:UnityEditor.Search:ASIAI0B)
Imported 'GUID: fa05c5d2d4d374703b6c59248a30fca3' -> (Import Result ID: '0c5ff5de5bfe7df356e64cd57314293c') in 0.002 seconds [static and dynamic dependencies]. Details - ImportResultOutputID=09d23e74c7a7c297e937c82b22d670c4 DependenciesID=43edcc6e09bac81eefe65477f9b2ded7 StaticDependenciesID=b61784da40c6aedd9b89a7f8db7b1a50 
Number of updated asset objects reloaded before import = 0
Number of asset objects unloaded after import = 0
========================================================================
Received Import Request.
  Time of request: 2026-08-05T18:44:49.6371185Z
  Time since last request: 0.0002338 seconds.
  importAddress: GUID: 3e63504c5144748fd844c188e96e941b - Path: Packages/com.unity.shadergraph/Editor/Data/Graphs/Texture2DArrayShaderProperty.cs - Importer: ScriptedImporter/UnityEditor.QuickSearchModule:UnityEditor.Search:ASIAI0B
Importing 'GUID: 3e63504c5144748fd844c188e96e941b - Path: Packages/com.unity.shadergraph/Editor/Data/Graphs/Texture2DArrayShaderProperty.cs - Importer: ScriptedImporter/UnityEditor.QuickSearchModule:UnityEditor.Search:ASIAI0B' with importer (ScriptedImporter : UnityEditor.QuickSearchModule:UnityEditor.Search:ASIAI0B)
Imported 'GUID: 3e63504c5144748fd844c188e96e941b' -> (Import Result ID: '8ee3e870fb9e061e5b98cfb9a6f12169') in 0.002 seconds [static and dynamic dependencies]. Details - ImportResultOutputID=5f01331219ab187585c5e11d7531fb35 DependenciesID=bd0cc15550b613b376f3a24385832cc8 StaticDependenciesID=c598798be9e985437617b83ef53ab5da 
Number of updated asset objects reloaded before import = 0
Number of asset objects unloaded after import = 0
========================================================================
Received Import Request.
  Time of request: 2026-08-05T18:44:49.6475715Z
  Time since last request: 0.0005173 seconds.
  importAddress: GUID: 69e137d338a024949b0a96921f86ee50 - Path: Packages/com.unity.shadergraph/Editor/Data/Graphs/Matrix4MaterialSlot.cs - Importer: ScriptedImporter/UnityEditor.QuickSearchModule:UnityEditor.Search:ASIAI0B
Importing 'GUID: 69e137d338a024949b0a96921f86ee50 - Path: Packages/com.unity.shadergraph/Editor/Data/Graphs/Matrix4MaterialSlot.cs - Importer: ScriptedImporter/UnityEditor.QuickSearchModule:UnityEditor.Search:ASIAI0B' with importer (ScriptedImporter : UnityEditor.QuickSearchModule:UnityEditor.Search:ASIAI0B)
Imported 'GUID: 69e137d338a024949b0a96921f86ee50' -> (Import Result ID: '914c92f4e514e888e74804f9ff095adc') in 0.002 seconds [static and dynamic dependencies]. Details - ImportResultOutputID=733f49585116911bb88597bbbe4468f1 DependenciesID=3cdf5f6ef8ee0079e60958f89d52d76c StaticDependenciesID=501a8f08f7c28ae04954b2eb92b94481 
Number of updated asset objects reloaded before import = 0
Number of asset objects unloaded after import = 0
========================================================================
Received Import Request.
  Time of request: 2026-08-05T18:44:49.6572721Z
  Time since last request: 0.0002434 seconds.
  importAddress: GUID: 0bad33a4425b4be4f9c5d2aa0d6db854 - Path: Packages/com.unity.shadergraph/Editor/Data/Graphs/StickyNoteData.cs - Importer: ScriptedImporter/UnityEditor.QuickSearchModule:UnityEditor.Search:ASIAI0B
Importing 'GUID: 0bad33a4425b4be4f9c5d2aa0d6db854 - Path: Packages/com.unity.shadergraph/Editor/Data/Graphs/StickyNoteData.cs - Importer: ScriptedImporter/UnityEditor.QuickSearchModule:UnityEditor.Search:ASIAI0B' with importer (ScriptedImporter : UnityEditor.QuickSearchModule:UnityEditor.Search:ASIAI0B)
Imported 'GUID: 0bad33a4425b4be4f9c5d2aa0d6db854' -> (Import Result ID: '02ab26f2522b07bbd4397f3536c3df28') in 0.002 seconds [static and dynamic dependencies]. Details - ImportResultOutputID=2a0f8d127bdbab807de38cb4315e3ed6 DependenciesID=2e0f67bacf99f6df59361fa22ccc6fae StaticDependenciesID=932cda74d1067c955348120fc2a59381 
Number of updated asset objects reloaded before import = 0
Number of asset objects unloaded after import = 0
========================================================================
Received Import Request.
  Time of request: 2026-08-05T18:44:49.6678486Z
  Time since last request: 0.0003405 seconds.
  importAddress: GUID: aca882b159c67ee488d0f3ce6b7f9494 - Path: Packages/com.unity.shadergraph/Editor/Data/Graphs/PropertyConnectionStateMaterialSlot.cs - Importer: ScriptedImporter/UnityEditor.QuickSearchModule:UnityEditor.Search:ASIAI0B
Importing 'GUID: aca882b159c67ee488d0f3ce6b7f9494 - Path: Packages/com.unity.shadergraph/Editor/Data/Graphs/PropertyConnectionStateMaterialSlot.cs - Importer: ScriptedImporter/UnityEditor.QuickSearchModule:UnityEditor.Search:ASIAI0B' with importer (ScriptedImporter : UnityEditor.QuickSearchModule:UnityEditor.Search:ASIAI0B)
Imported 'GUID: aca882b159c67ee488d0f3ce6b7f9494' -> (Import Result ID: 'ea3e4b10dc757ed709e1ede81c54c596') in 0.002 seconds [static and dynamic dependencies]. Details - ImportResultOutputID=a0ffb543bcc058d791b6fca6dc8849e6 DependenciesID=b3f7a95b1f7a41b6dd90b9a4745f04f7 StaticDependenciesID=96ea2c68c22576a86b2bd1ac4e3e5caa 
Number of updated asset objects reloaded before import = 0
Number of asset objects unloaded after import = 0
========================================================================
Received Import Request.
  Time of request: 2026-08-05T18:44:49.6786286Z
  Time since last request: 0.0003111 seconds.
  importAddress: GUID: 7b961f6f7e2617446afb6a8e329d84d4 - Path: Packages/com.unity.shadergraph/Editor/Data/Graphs/CubemapInputMaterialSlot.cs - Importer: ScriptedImporter/UnityEditor.QuickSearchModule:UnityEditor.Search:ASIAI0B
Importing 'GUID: 7b961f6f7e2617446afb6a8e329d84d4 - Path: Packages/com.unity.shadergraph/Editor/Data/Graphs/CubemapInputMaterialSlot.cs - Importer: ScriptedImporter/UnityEditor.QuickSearchModule:UnityEditor.Search:ASIAI0B' with importer (ScriptedImporter : UnityEditor.QuickSearchModule:UnityEditor.Search:ASIAI0B)
Imported 'GUID: 7b961f6f7e2617446afb6a8e329d84d4' -> (Import Result ID: '4de869bf4ed54795b4172e73c6620fb5') in 0.002 seconds [static and dynamic dependencies]. Details - ImportResultOutputID=2610feb078f646a5e5a3060eabf076fa DependenciesID=3bf847ce430e4f36d58bf08999168048 StaticDependenciesID=4b6b7634bfc21ce32578fa3584b9c28c 
Number of updated asset objects reloaded before import = 0
Number of asset objects unloaded after import = 0
========================================================================
Received Import Request.
  Time of request: 2026-08-05T18:44:49.7051079Z
  Time since last request: 0.0167826 seconds.
  importAddress: GUID: 82af0e247bcd4dc47b7050e51d1bbd97 - Path: Packages/com.unity.shadergraph/Editor/Data/Interfaces/IMayObsolete.cs - Importer: ScriptedImporter/UnityEditor.QuickSearchModule:UnityEditor.Search:ASIAI0B
Importing 'GUID: 82af0e247bcd4dc47b7050e51d1bbd97 - Path: Packages/com.unity.shadergraph/Editor/Data/Interfaces/IMayObsolete.cs - Importer: ScriptedImporter/UnityEditor.QuickSearchModule:UnityEditor.Search:ASIAI0B' with importer (ScriptedImporter : UnityEditor.QuickSearchModule:UnityEditor.Search:ASIAI0B)
Imported 'GUID: 82af0e247bcd4dc47b7050e51d1bbd97' -> (Import Result ID: '48cd9b32bca80aee4fc0095275a899da') in 0.003 seconds [static and dynamic dependencies]. Details - ImportResultOutputID=da073cfcfb5f548db14801f773fd7073 DependenciesID=e3b17200b1932a03116a5eecd52cfd31 StaticDependenciesID=438a2ba526425715b3e48eaeefbb0d75 
Number of updated asset objects reloaded before import = 0
Number of asset objects unloaded after import = 0
========================================================================
Received Import Request.
  Time of request: 2026-08-05T18:44:49.7154469Z
  Time since last request: 0.0008568 seconds.
  importAddress: GUID: d66b353e44dc4eb418b5d5b6c28a82a9 - Path: Packages/com.unity.shadergraph/Editor/Data/Interfaces/IHasCustomDeprecationMessage.cs - Importer: ScriptedImporter/UnityEditor.QuickSearchModule:UnityEditor.Search:ASIAI0B
Importing 'GUID: d66b353e44dc4eb418b5d5b6c28a82a9 - Path: Packages/com.unity.shadergraph/Editor/Data/Interfaces/IHasCustomDeprecationMessage.cs - Importer: ScriptedImporter/UnityEditor.QuickSearchModule:UnityEditor.Search:ASIAI0B' with importer (ScriptedImporter : UnityEditor.QuickSearchModule:UnityEditor.Search:ASIAI0B)
Imported 'GUID: d66b353e44dc4eb418b5d5b6c28a82a9' -> (Import Result ID: 'b3871963ddc1f5c479e002a7b4907444') in 0.003 seconds [static and dynamic dependencies]. Details - ImportResultOutputID=894a4df33d7969a72f0de17eaab3083c DependenciesID=65d7808183f20d6da0302fdd95e08437 StaticDependenciesID=5b8ae6678371faae3bc2717f1fcd7fd0 
Number of updated asset objects reloaded before import = 0
Number of asset objects unloaded after import = 0
========================================================================
Received Import Request.
  Time of request: 2026-08-05T18:44:49.7255524Z
  Time since last request: 0.0002118 seconds.
  importAddress: GUID: f908e994cc0047c99385d710cbbb0853 - Path: Packages/com.unity.shadergraph/Editor/Data/Interfaces/IMaySupportVFX.cs - Importer: ScriptedImporter/UnityEditor.QuickSearchModule:UnityEditor.Search:ASIAI0B
Importing 'GUID: f908e994cc0047c99385d710cbbb0853 - Path: Packages/com.unity.shadergraph/Editor/Data/Interfaces/IMaySupportVFX.cs - Importer: ScriptedImporter/UnityEditor.QuickSearchModule:UnityEditor.Search:ASIAI0B' with importer (ScriptedImporter : UnityEditor.QuickSearchModule:UnityEditor.Search:ASIAI0B)
Imported 'GUID: f908e994cc0047c99385d710cbbb0853' -> (Import Result ID: '68109d9a075485beb0b2e4515e2325d7') in 0.003 seconds [static and dynamic dependencies]. Details - ImportResultOutputID=fa2b16cff7971dc0b0015213bc7ba185 DependenciesID=ab0cd9093bad61f6f68873371ca3be37 StaticDependenciesID=47f894986f8f051fecc5fa1011264276 
Number of updated asset objects reloaded before import = 0
Number of asset objects unloaded after import = 0
========================================================================
Received Import Request.
  Time of request: 2026-08-05T18:44:49.7385011Z
  Time since last request: 0.0002691 seconds.
  importAddress: GUID: 34a68571f5ae4ebe8221824597dc0675 - Path: Packages/com.unity.shadergraph/Editor/Data/Graphs/Vector3ShaderProperty.cs - Importer: ScriptedImporter/UnityEditor.QuickSearchModule:UnityEditor.Search:ASIAI0B
Importing 'GUID: 34a68571f5ae4ebe8221824597dc0675 - Path: Packages/com.unity.shadergraph/Editor/Data/Graphs/Vector3ShaderProperty.cs - Importer: ScriptedImporter/UnityEditor.QuickSearchModule:UnityEditor.Search:ASIAI0B' with importer (ScriptedImporter : UnityEditor.QuickSearchModule:UnityEditor.Search:ASIAI0B)
Imported 'GUID: 34a68571f5ae4ebe8221824597dc0675' -> (Import Result ID: '949d09fcb2a74baee108d67896a1aceb') in 0.002 seconds [static and dynamic dependencies]. Details - ImportResultOutputID=d8ef7730c0e1868d41915f4794744e7f DependenciesID=0ed2060d6d7d59151187ae7924f25f2b StaticDependenciesID=98c7529ed87ff4b0af3926b92bf51e03 
Number of updated asset objects reloaded before import = 0
Number of asset objects unloaded after import = 0
========================================================================
Received Import Request.
  Time of request: 2026-08-05T18:44:49.7495077Z
  Time since last request: 0.0003813 seconds.
  importAddress: GUID: a387fe25ac1a6a64890f90c2312589f5 - Path: Packages/com.unity.shadergraph/Editor/Data/Legacy/GroupData0.cs - Importer: ScriptedImporter/UnityEditor.QuickSearchModule:UnityEditor.Search:ASIAI0B
Importing 'GUID: a387fe25ac1a6a64890f90c2312589f5 - Path: Packages/com.unity.shadergraph/Editor/Data/Legacy/GroupData0.cs - Importer: ScriptedImporter/UnityEditor.QuickSearchModule:UnityEditor.Search:ASIAI0B' with importer (ScriptedImporter : UnityEditor.QuickSearchModule:UnityEditor.Search:ASIAI0B)
Imported 'GUID: a387fe25ac1a6a64890f90c2312589f5' -> (Import Result ID: '82ae29c9e8eb3641b2d0ffa244dc86fc') in 0.002 seconds [static and dynamic dependencies]. Details - ImportResultOutputID=4326e735055c9be8146665c617f26ceb DependenciesID=157a6c8112d96dc9a2907cd437f1c7da StaticDependenciesID=f1867f54a947d6dc972b249ee8539304 
Number of updated asset objects reloaded before import = 0
Number of asset objects unloaded after import = 0
========================================================================
Received Import Request.
  Time of request: 2026-08-05T18:44:49.7597941Z
  Time since last request: 0.0002515 seconds.
  importAddress: GUID: 572cce24ed76430db4c21dfe82d01252 - Path: Packages/com.unity.shadergraph/Editor/Data/Graphs/Vector1ShaderProperty.cs - Importer: ScriptedImporter/UnityEditor.QuickSearchModule:UnityEditor.Search:ASIAI0B
Importing 'GUID: 572cce24ed76430db4c21dfe82d01252 - Path: Packages/com.unity.shadergraph/Editor/Data/Graphs/Vector1ShaderProperty.cs - Importer: ScriptedImporter/UnityEditor.QuickSearchModule:UnityEditor.Search:ASIAI0B' with importer (ScriptedImporter : UnityEditor.QuickSearchModule:UnityEditor.Search:ASIAI0B)
Imported 'GUID: 572cce24ed76430db4c21dfe82d01252' -> (Import Result ID: 'd253d0404bd4aa4a0d84b7e2af5aba33') in 0.003 seconds [static and dynamic dependencies]. Details - ImportResultOutputID=9aabbad121ae62f5c9bed654a0441187 DependenciesID=8b93a4698e24ec4f98a45f1cebd6d345 StaticDependenciesID=22a3e9622a19943f6a48c13a119124bb 
Number of updated asset objects reloaded before import = 0
Number of asset objects unloaded after import = 0
========================================================================
Received Import Request.
  Time of request: 2026-08-05T18:44:49.7714546Z
  Time since last request: 0.000282 seconds.
  importAddress: GUID: 2d413641b2ef00944932ea717573480f - Path: Packages/com.unity.shadergraph/Editor/Data/Interfaces/IMayRequireBitangent.cs - Importer: ScriptedImporter/UnityEditor.QuickSearchModule:UnityEditor.Search:ASIAI0B
Importing 'GUID: 2d413641b2ef00944932ea717573480f - Path: Packages/com.unity.shadergraph/Editor/Data/Interfaces/IMayRequireBitangent.cs - Importer: ScriptedImporter/UnityEditor.QuickSearchModule:UnityEditor.Search:ASIAI0B' with importer (ScriptedImporter : UnityEditor.QuickSearchModule:UnityEditor.Search:ASIAI0B)
Imported 'GUID: 2d413641b2ef00944932ea717573480f' -> (Import Result ID: 'b7d4afbc7be5bc1a20a434b91ad5ce4b') in 0.002 seconds [static and dynamic dependencies]. Details - ImportResultOutputID=cb70761c3246c06a2f301a0d4f067c5f DependenciesID=d8ad7b318268cf563b6c24826beeb77d StaticDependenciesID=622e867859ac4f6cb18477f848b24a95 
Number of updated asset objects reloaded before import = 0
Number of asset objects unloaded after import = 0
========================================================================
Received Import Request.
  Time of request: 2026-08-05T18:44:49.7811096Z
  Time since last request: 0.0002244 seconds.
  importAddress: GUID: 6f00cea5e23a84b5bbe1ac581ebfc64e - Path: Packages/com.unity.shadergraph/Editor/Data/Interfaces/IMayRequireDepthTexture.cs - Importer: ScriptedImporter/UnityEditor.QuickSearchModule:UnityEditor.Search:ASIAI0B
Importing 'GUID: 6f00cea5e23a84b5bbe1ac581ebfc64e - Path: Packages/com.unity.shadergraph/Editor/Data/Interfaces/IMayRequireDepthTexture.cs - Importer: ScriptedImporter/UnityEditor.QuickSearchModule:UnityEditor.Search:ASIAI0B' with importer (ScriptedImporter : UnityEditor.QuickSearchModule:UnityEditor.Search:ASIAI0B)
Imported 'GUID: 6f00cea5e23a84b5bbe1ac581ebfc64e' -> (Import Result ID: 'dfe1b4f2b7a06b9c7d302f05d250553e') in 0.002 seconds [static and dynamic dependencies]. Details - ImportResultOutputID=cb12ecdf88f4b1b1008c51c832f5fe7d DependenciesID=5aa31c2ca3d1481482833cb2f6a88a8f StaticDependenciesID=9c84d66305e58a96d37715f6f4d6f722 
Number of updated asset objects reloaded before import = 0
Number of asset objects unloaded after import = 0
========================================================================
Received Import Request.
  Time of request: 2026-08-05T18:44:49.806067Z
  Time since last request: 0.014692 seconds.
  importAddress: GUID: ffca76f71e6326344ad2ff5e823d02f9 - Path: Packages/com.unity.shadergraph/Editor/Data/Util/Logging.cs - Importer: ScriptedImporter/UnityEditor.QuickSearchModule:UnityEditor.Search:ASIAI0B
Importing 'GUID: ffca76f71e6326344ad2ff5e823d02f9 - Path: Packages/com.unity.shadergraph/Editor/Data/Util/Logging.cs - Importer: ScriptedImporter/UnityEditor.QuickSearchModule:UnityEditor.Search:ASIAI0B' with importer (ScriptedImporter : UnityEditor.QuickSearchModule:UnityEditor.Search:ASIAI0B)
Imported 'GUID: ffca76f71e6326344ad2ff5e823d02f9' -> (Import Result ID: '077e4ae42d7d29ba846737e5072ffa2f') in 0.003 seconds [static and dynamic dependencies]. Details - ImportResultOutputID=746fe88c8696e596b680494912c55ab8 DependenciesID=d18dbd3ccfbc7be80ac166119b429980 StaticDependenciesID=5e8845d7de3a28aff56fcdc3c6b33422 
Number of updated asset objects reloaded before import = 0
Number of asset objects unloaded after import = 0
========================================================================
Received Import Request.
  Time of request: 2026-08-05T18:44:49.8164587Z
  Time since last request: 0.0009606 seconds.
  importAddress: GUID: 130a64d32c054c5fb51b1e5e13f93fc2 - Path: Packages/com.unity.shadergraph/Editor/Data/Util/GraphUtil.cs - Importer: ScriptedImporter/UnityEditor.QuickSearchModule:UnityEditor.Search:ASIAI0B
Importing 'GUID: 130a64d32c054c5fb51b1e5e13f93fc2 - Path: Packages/com.unity.shadergraph/Editor/Data/Util/GraphUtil.cs - Importer: ScriptedImporter/UnityEditor.QuickSearchModule:UnityEditor.Search:ASIAI0B' with importer (ScriptedImporter : UnityEditor.QuickSearchModule:UnityEditor.Search:ASIAI0B)
Imported 'GUID: 130a64d32c054c5fb51b1e5e13f93fc2' -> (Import Result ID: '4dbaf6491e527c6a89f86100eabcc49c') in 0.003 seconds [static and dynamic dependencies]. Details - ImportResultOutputID=96ef9da64e4646a15c844e092b09ef97 DependenciesID=70b90691845b997dd64f13888add6754 StaticDependenciesID=eca5f4c7f13875a7bea5fd7922a9e277 
Number of updated asset objects reloaded before import = 0
Number of asset objects unloaded after import = 0
========================================================================
Received Import Request.
  Time of request: 2026-08-05T18:44:49.8284279Z
  Time since last request: 0.0003278 seconds.
  importAddress: GUID: 510d27c37ad704c448f54eb09b317674 - Path: Packages/com.unity.shadergraph/Editor/Data/Legacy/StickyNoteData0.cs - Importer: ScriptedImporter/UnityEditor.QuickSearchModule:UnityEditor.Search:ASIAI0B
Importing 'GUID: 510d27c37ad704c448f54eb09b317674 - Path: Packages/com.unity.shadergraph/Editor/Data/Legacy/StickyNoteData0.cs - Importer: ScriptedImporter/UnityEditor.QuickSearchModule:UnityEditor.Search:ASIAI0B' with importer (ScriptedImporter : UnityEditor.QuickSearchModule:UnityEditor.Search:ASIAI0B)
Imported 'GUID: 510d27c37ad704c448f54eb09b317674' -> (Import Result ID: 'ba750dd5c07c1c63b022b16e87544fca') in 0.002 seconds [static and dynamic dependencies]. Details - ImportResultOutputID=33e41e06f87fb2c5f3fa4f31c76c8751 DependenciesID=3b4057b4d2b5f5392ef3009776c38598 StaticDependenciesID=b23116aee1672dfc93f1dd1656ef1c32 
Number of updated asset objects reloaded before import = 0
Number of asset objects unloaded after import = 0
========================================================================
Received Import Request.
  Time of request: 2026-08-05T18:44:49.8391084Z
  Time since last request: 0.0002127 seconds.
  importAddress: GUID: 39ad335ce87d56147a9fe6d5a6b99d36 - Path: Packages/com.unity.shadergraph/Editor/Data/Legacy/UnlitMasterNode1.cs - Importer: ScriptedImporter/UnityEditor.QuickSearchModule:UnityEditor.Search:ASIAI0B
Importing 'GUID: 39ad335ce87d56147a9fe6d5a6b99d36 - Path: Packages/com.unity.shadergraph/Editor/Data/Legacy/UnlitMasterNode1.cs - Importer: ScriptedImporter/UnityEditor.QuickSearchModule:UnityEditor.Search:ASIAI0B' with importer (ScriptedImporter : UnityEditor.QuickSearchModule:UnityEditor.Search:ASIAI0B)
Imported 'GUID: 39ad335ce87d56147a9fe6d5a6b99d36' -> (Import Result ID: 'ddc5c4d52f8e33fe8ec3c5a1b3e6eca5') in 0.002 seconds [static and dynamic dependencies]. Details - ImportResultOutputID=f094f2e83c23cfd5de9df48dd00280c3 DependenciesID=338217b761fd82b1e9525feb92acc27d StaticDependenciesID=1c96de1276377bfa853521fed625a579 
Number of updated asset objects reloaded before import = 0
Number of asset objects unloaded after import = 0
========================================================================
Received Import Request.
  Time of request: 2026-08-05T18:44:49.8485701Z
  Time since last request: 0.0002549 seconds.
  importAddress: GUID: 3cf71f51f0308524080bb4aba2c9bb81 - Path: Packages/com.unity.shadergraph/Editor/Data/Nodes/GuidEncoder.cs - Importer: ScriptedImporter/UnityEditor.QuickSearchModule:UnityEditor.Search:ASIAI0B
Importing 'GUID: 3cf71f51f0308524080bb4aba2c9bb81 - Path: Packages/com.unity.shadergraph/Editor/Data/Nodes/GuidEncoder.cs - Importer: ScriptedImporter/UnityEditor.QuickSearchModule:UnityEditor.Search:ASIAI0B' with importer (ScriptedImporter : UnityEditor.QuickSearchModule:UnityEditor.Search:ASIAI0B)
Imported 'GUID: 3cf71f51f0308524080bb4aba2c9bb81' -> (Import Result ID: '29ddc914d725e588735ff340acb7b774') in 0.003 seconds [static and dynamic dependencies]. Details - ImportResultOutputID=babd6a335d7cb4d428da568ac19430b5 DependenciesID=fa969c259b1bf0e76625fba3aeda1a6a StaticDependenciesID=47d6de6f5215a55c01466902782e1597 
Number of updated asset objects reloaded before import = 0
Number of asset objects unloaded after import = 0
========================================================================
Received Import Request.
  Time of request: 2026-08-05T18:44:49.8603559Z
  Time since last request: 0.0002445 seconds.
  importAddress: GUID: 2e30171d4f8dfdc44beee8926ed3a83e - Path: Packages/com.unity.shadergraph/Editor/Data/Nodes/GeometryNode.cs - Importer: ScriptedImporter/UnityEditor.QuickSearchModule:UnityEditor.Search:ASIAI0B
Importing 'GUID: 2e30171d4f8dfdc44beee8926ed3a83e - Path: Packages/com.unity.shadergraph/Editor/Data/Nodes/GeometryNode.cs - Importer: ScriptedImporter/UnityEditor.QuickSearchModule:UnityEditor.Search:ASIAI0B' with importer (ScriptedImporter : UnityEditor.QuickSearchModule:UnityEditor.Search:ASIAI0B)
Imported 'GUID: 2e30171d4f8dfdc44beee8926ed3a83e' -> (Import Result ID: '18b388ee1150d6503592beeac2922259') in 0.002 seconds [static and dynamic dependencies]. Details - ImportResultOutputID=6862f8fb8f4c4e14daa75e5cb0b67bfb DependenciesID=9ac7060e58b6ee6b471c5aca9d57eef3 StaticDependenciesID=75c03f952715debe19b602d7838f7a74 
Number of updated asset objects reloaded before import = 0
Number of asset objects unloaded after import = 0
========================================================================
Received Import Request.
  Time of request: 2026-08-05T18:44:49.8719203Z
  Time since last request: 0.0002602 seconds.
  importAddress: GUID: 93e3298dd3de748f18fe0a2c486c15f5 - Path: Packages/com.unity.shadergraph/Editor/Drawing/Colors/CategoryColors.cs - Importer: ScriptedImporter/UnityEditor.QuickSearchModule:UnityEditor.Search:ASIAI0B
Importing 'GUID: 93e3298dd3de748f18fe0a2c486c15f5 - Path: Packages/com.unity.shadergraph/Editor/Drawing/Colors/CategoryColors.cs - Importer: ScriptedImporter/UnityEditor.QuickSearchModule:UnityEditor.Search:ASIAI0B' with importer (ScriptedImporter : UnityEditor.QuickSearchModule:UnityEditor.Search:ASIAI0B)
Imported 'GUID: 93e3298dd3de748f18fe0a2c486c15f5' -> (Import Result ID: '07a876f21fc072bf6946899f1f710133') in 0.002 seconds [static and dynamic dependencies]. Details - ImportResultOutputID=7ed2d08cf1c0f275f89a730e6e705996 DependenciesID=7f467035b4b94e6a7c6ea4257e264c0b StaticDependenciesID=adbd9d3ad98f629dfc307012d4860ec1 
Number of updated asset objects reloaded before import = 0
Number of asset objects unloaded after import = 0
========================================================================
Received Import Request.
  Time of request: 2026-08-05T18:44:49.8827736Z
  Time since last request: 0.0002647 seconds.
  importAddress: GUID: e28cefa3fa391ed48a67c0b476a0a95c - Path: Packages/com.unity.shadergraph/Editor/Data/Util/SlotValueTypeUtil.cs - Importer: ScriptedImporter/UnityEditor.QuickSearchModule:UnityEditor.Search:ASIAI0B
Importing 'GUID: e28cefa3fa391ed48a67c0b476a0a95c - Path: Packages/com.unity.shadergraph/Editor/Data/Util/SlotValueTypeUtil.cs - Importer: ScriptedImporter/UnityEditor.QuickSearchModule:UnityEditor.Search:ASIAI0B' with importer (ScriptedImporter : UnityEditor.QuickSearchModule:UnityEditor.Search:ASIAI0B)
Imported 'GUID: e28cefa3fa391ed48a67c0b476a0a95c' -> (Import Result ID: '69b5b061543b8fc675c704dafce74157') in 0.002 seconds [static and dynamic dependencies]. Details - ImportResultOutputID=75164c001f779fed9c47ed044c2de1e8 DependenciesID=767519e8fa2a155850b8775132536c7d StaticDependenciesID=23e86482449cb4f257b6d534ecfcd43f 
Number of updated asset objects reloaded before import = 0
Number of asset objects unloaded after import = 0
========================================================================
Received Import Request.
  Time of request: 2026-08-05T18:44:49.8941902Z
  Time since last request: 0.0020171 seconds.
  importAddress: GUID: 9c7ee7c586084a1796aca0ec5ca83fdf - Path: Packages/com.unity.shadergraph/Editor/Drawing/Interfaces/IResizable.cs - Importer: ScriptedImporter/UnityEditor.QuickSearchModule:UnityEditor.Search:ASIAI0B
Importing 'GUID: 9c7ee7c586084a1796aca0ec5ca83fdf - Path: Packages/com.unity.shadergraph/Editor/Drawing/Interfaces/IResizable.cs - Importer: ScriptedImporter/UnityEditor.QuickSearchModule:UnityEditor.Search:ASIAI0B' with importer (ScriptedImporter : UnityEditor.QuickSearchModule:UnityEditor.Search:ASIAI0B)
Imported 'GUID: 9c7ee7c586084a1796aca0ec5ca83fdf' -> (Import Result ID: 'c6a01250e2d28e1c073c0d02c0b63186') in 0.002 seconds [static and dynamic dependencies]. Details - ImportResultOutputID=adae10c375c028976954c315a8be1932 DependenciesID=26c595e20b3fcd12e2c4e39bc3f230c4 StaticDependenciesID=e7c1f6b5569ac0f37dbf654d16940ae4 
Number of updated asset objects reloaded before import = 0
Number of asset objects unloaded after import = 0
========================================================================
Received Import Request.
  Time of request: 2026-08-05T18:44:49.9039725Z
  Time since last request: 0.0005556 seconds.
  importAddress: GUID: 34e77444559b414f9fe81f9775229abf - Path: Packages/com.unity.shadergraph/Editor/Drawing/Controls/ColorControl.cs - Importer: ScriptedImporter/UnityEditor.QuickSearchModule:UnityEditor.Search:ASIAI0B
Importing 'GUID: 34e77444559b414f9fe81f9775229abf - Path: Packages/com.unity.shadergraph/Editor/Drawing/Controls/ColorControl.cs - Importer: ScriptedImporter/UnityEditor.QuickSearchModule:UnityEditor.Search:ASIAI0B' with importer (ScriptedImporter : UnityEditor.QuickSearchModule:UnityEditor.Search:ASIAI0B)
Imported 'GUID: 34e77444559b414f9fe81f9775229abf' -> (Import Result ID: '99a0e5eadd8841f69a89a538a9b2e16c') in 0.002 seconds [static and dynamic dependencies]. Details - ImportResultOutputID=ee50ce98cc0777d28569c3ee66f3db3c DependenciesID=3aa0d114324a9a8e9cb5874c0bcb6a8b StaticDependenciesID=c2673e324fc8c78ff8f405064157c025 
Number of updated asset objects reloaded before import = 0
Number of asset objects unloaded after import = 0
========================================================================
Received Import Request.
  Time of request: 2026-08-05T18:44:49.9139582Z
  Time since last request: 0.0002359 seconds.
  importAddress: GUID: 8e48f61a99c146b1a223fe8ad61a6b55 - Path: Packages/com.unity.shadergraph/Editor/Drawing/Controllers/ShaderInputViewController.cs - Importer: ScriptedImporter/UnityEditor.QuickSearchModule:UnityEditor.Search:ASIAI0B
Importing 'GUID: 8e48f61a99c146b1a223fe8ad61a6b55 - Path: Packages/com.unity.shadergraph/Editor/Drawing/Controllers/ShaderInputViewController.cs - Importer: ScriptedImporter/UnityEditor.QuickSearchModule:UnityEditor.Search:ASIAI0B' with importer (ScriptedImporter : UnityEditor.QuickSearchModule:UnityEditor.Search:ASIAI0B)
Imported 'GUID: 8e48f61a99c146b1a223fe8ad61a6b55' -> (Import Result ID: 'f68771ec19d714696f269d2266545f6c') in 0.002 seconds [static and dynamic dependencies]. Details - ImportResultOutputID=d53f6347ee82c3aa37dbc9b8b688c288 DependenciesID=ecbbead72122e3e3598ae32911bc2df3 StaticDependenciesID=a306c6a3d93010f384b1e6394bc0a79a 
Number of updated asset objects reloaded before import = 0
Number of asset objects unloaded after import = 0
========================================================================
Received Import Request.
  Time of request: 2026-08-05T18:44:49.9234789Z
  Time since last request: 0.0003444 seconds.
  importAddress: GUID: a7a22fecc3eba0844810adaf43e45f0f - Path: Packages/com.unity.shadergraph/Editor/Drawing/Controls/ButtonControl.cs - Importer: ScriptedImporter/UnityEditor.QuickSearchModule:UnityEditor.Search:ASIAI0B
Importing 'GUID: a7a22fecc3eba0844810adaf43e45f0f - Path: Packages/com.unity.shadergraph/Editor/Drawing/Controls/ButtonControl.cs - Importer: ScriptedImporter/UnityEditor.QuickSearchModule:UnityEditor.Search:ASIAI0B' with importer (ScriptedImporter : UnityEditor.QuickSearchModule:UnityEditor.Search:ASIAI0B)
Imported 'GUID: a7a22fecc3eba0844810adaf43e45f0f' -> (Import Result ID: '433c092c707f965acb72f0ddf34b654f') in 0.003 seconds [static and dynamic dependencies]. Details - ImportResultOutputID=01f01de543152298e053f58b112f7793 DependenciesID=feadaf1e757b1c54692c9064c874e200 StaticDependenciesID=8b7c5ac500707e8faa25353f8cd9019e 
Number of updated asset objects reloaded before import = 0
Number of asset objects unloaded after import = 0
========================================================================
Received Import Request.
  Time of request: 2026-08-05T18:44:49.9343899Z
  Time since last request: 0.0002429 seconds.
  importAddress: GUID: 841bd408b769d48caa3011ed9219df24 - Path: Packages/com.unity.shadergraph/Editor/Drawing/Controls/Texture3DControl.cs - Importer: ScriptedImporter/UnityEditor.QuickSearchModule:UnityEditor.Search:ASIAI0B
Importing 'GUID: 841bd408b769d48caa3011ed9219df24 - Path: Packages/com.unity.shadergraph/Editor/Drawing/Controls/Texture3DControl.cs - Importer: ScriptedImporter/UnityEditor.QuickSearchModule:UnityEditor.Search:ASIAI0B' with importer (ScriptedImporter : UnityEditor.QuickSearchModule:UnityEditor.Search:ASIAI0B)
Imported 'GUID: 841bd408b769d48caa3011ed9219df24' -> (Import Result ID: '76815b9f4132e31bae493309278773b4') in 0.002 seconds [static and dynamic dependencies]. Details - ImportResultOutputID=d2cc2ee6129844960af6b792760bed72 DependenciesID=cdb950b1c0b87b5f60351849d22a01b5 StaticDependenciesID=1c6114b64d5de8724314ccb32e998a9e 
Number of updated asset objects reloaded before import = 0
Number of asset objects unloaded after import = 0
========================================================================
Received Import Request.
  Time of request: 2026-08-05T18:44:49.9434746Z
  Time since last request: 0.0004591 seconds.
  importAddress: GUID: ad4cd8fec883e80418e5427585b426db - Path: Packages/com.unity.shadergraph/Editor/Drawing/Manipulators/Draggable.cs - Importer: ScriptedImporter/UnityEditor.QuickSearchModule:UnityEditor.Search:ASIAI0B
Importing 'GUID: ad4cd8fec883e80418e5427585b426db - Path: Packages/com.unity.shadergraph/Editor/Drawing/Manipulators/Draggable.cs - Importer: ScriptedImporter/UnityEditor.QuickSearchModule:UnityEditor.Search:ASIAI0B' with importer (ScriptedImporter : UnityEditor.QuickSearchModule:UnityEditor.Search:ASIAI0B)
Imported 'GUID: ad4cd8fec883e80418e5427585b426db' -> (Import Result ID: '187ce56b8903b94e41ed9b73eb002294') in 0.002 seconds [static and dynamic dependencies]. Details - ImportResultOutputID=53f08daac33b6ffd11f3ec7a75bab43b DependenciesID=2820eb1edcebf66f82ebaa1a6d0a90f7 StaticDependenciesID=c20dde2a656876b1f9c5d86f8b62dfc7 
Number of updated asset objects reloaded before import = 0
Number of asset objects unloaded after import = 0
========================================================================
Received Import Request.
  Time of request: 2026-08-05T18:44:49.9535039Z
  Time since last request: 0.0002786 seconds.
  importAddress: GUID: a9a20ac22e230f948bd6d202f1bfd00e - Path: Packages/com.unity.shadergraph/Editor/Drawing/MaterialEditor/ShaderGraphPropertyDrawers.cs - Importer: ScriptedImporter/UnityEditor.QuickSearchModule:UnityEditor.Search:ASIAI0B
Importing 'GUID: a9a20ac22e230f948bd6d202f1bfd00e - Path: Packages/com.unity.shadergraph/Editor/Drawing/MaterialEditor/ShaderGraphPropertyDrawers.cs - Importer: ScriptedImporter/UnityEditor.QuickSearchModule:UnityEditor.Search:ASIAI0B' with importer (ScriptedImporter : UnityEditor.QuickSearchModule:UnityEditor.Search:ASIAI0B)
Imported 'GUID: a9a20ac22e230f948bd6d202f1bfd00e' -> (Import Result ID: 'cb1cc67789a6e45fa53211ee0c2b9969') in 0.003 seconds [static and dynamic dependencies]. Details - ImportResultOutputID=e44f8f78b05f5ad843f6b83a1f11f806 DependenciesID=21fedfc305ddd18708d92481a1dce3b6 StaticDependenciesID=26c6ccff7f245babc0ca42cd6ca81dd5 
Number of updated asset objects reloaded before import = 0
Number of asset objects unloaded after import = 0
========================================================================
Received Import Request.
  Time of request: 2026-08-05T18:44:49.9653503Z
  Time since last request: 0.0003421 seconds.
  importAddress: GUID: e0bbd4215e018eb4bbdb28bfaa7eabdd - Path: Packages/com.unity.shadergraph/Editor/Drawing/Views/MaterialGraphView.cs - Importer: ScriptedImporter/UnityEditor.QuickSearchModule:UnityEditor.Search:ASIAI0B
Importing 'GUID: e0bbd4215e018eb4bbdb28bfaa7eabdd - Path: Packages/com.unity.shadergraph/Editor/Drawing/Views/MaterialGraphView.cs - Importer: ScriptedImporter/UnityEditor.QuickSearchModule:UnityEditor.Search:ASIAI0B' with importer (ScriptedImporter : UnityEditor.QuickSearchModule:UnityEditor.Search:ASIAI0B)
Imported 'GUID: e0bbd4215e018eb4bbdb28bfaa7eabdd' -> (Import Result ID: 'b6f14843f4d81a365fa904cb6c27aba2') in 0.003 seconds [static and dynamic dependencies]. Details - ImportResultOutputID=892d4efd0525f2bdbf1895daefeb4451 DependenciesID=481945e325fc3f6084efa55a1b7721d8 StaticDependenciesID=d5ca2345c52c48ed81bea601317c144f 
Number of updated asset objects reloaded before import = 0
Number of asset objects unloaded after import = 0
========================================================================
Received Import Request.
  Time of request: 2026-08-05T18:44:49.9961395Z
  Time since last request: 0.0208792 seconds.
  importAddress: GUID: 24ba7ffe7e34c774a8c8c76d67b6bf23 - Path: Packages/com.unity.shadergraph/Editor/Generation/Enumerations/KeywordScope.cs - Importer: ScriptedImporter/UnityEditor.QuickSearchModule:UnityEditor.Search:ASIAI0B
Importing 'GUID: 24ba7ffe7e34c774a8c8c76d67b6bf23 - Path: Packages/com.unity.shadergraph/Editor/Generation/Enumerations/KeywordScope.cs - Importer: ScriptedImporter/UnityEditor.QuickSearchModule:UnityEditor.Search:ASIAI0B' with importer (ScriptedImporter : UnityEditor.QuickSearchModule:UnityEditor.Search:ASIAI0B)
Imported 'GUID: 24ba7ffe7e34c774a8c8c76d67b6bf23' -> (Import Result ID: '0bbf65a703c72843ba970b269bb76b1b') in 0.003 seconds [static and dynamic dependencies]. Details - ImportResultOutputID=aea1189501ed9c54f4c9790e20405844 DependenciesID=313cc567723eecb83f0ee0c475211bc1 StaticDependenciesID=a3815d51690f016814dc92649f6e2ac4 
Number of updated asset objects reloaded before import = 0
Number of asset objects unloaded after import = 0
========================================================================
Received Import Request.
  Time of request: 2026-08-05T18:44:50.0061325Z
  Time since last request: 0.0007954 seconds.
  importAddress: GUID: db334d8d6638d482fa8537623d00034a - Path: Packages/com.unity.shadergraph/Editor/Generation/Collections/PassCollection.cs - Importer: ScriptedImporter/UnityEditor.QuickSearchModule:UnityEditor.Search:ASIAI0B
Importing 'GUID: db334d8d6638d482fa8537623d00034a - Path: Packages/com.unity.shadergraph/Editor/Generation/Collections/PassCollection.cs - Importer: ScriptedImporter/UnityEditor.QuickSearchModule:UnityEditor.Search:ASIAI0B' with importer (ScriptedImporter : UnityEditor.QuickSearchModule:UnityEditor.Search:ASIAI0B)
Imported 'GUID: db334d8d6638d482fa8537623d00034a' -> (Import Result ID: '13a2ee11c14bb1f3c182af0a64f52575') in 0.002 seconds [static and dynamic dependencies]. Details - ImportResultOutputID=fb3e5830d235d80e3512ac6d9dc26ffe DependenciesID=b20e32e00b8393fb95faf30ce57074e0 StaticDependenciesID=d3aba3d07a3884841348221c33960e0a 
Number of updated asset objects reloaded before import = 0
Number of asset objects unloaded after import = 0
========================================================================
Received Import Request.
  Time of request: 2026-08-05T18:44:50.0174971Z
  Time since last request: 0.0004719 seconds.
  importAddress: GUID: 6373167f768c6a34d9a24af8b0ead19d - Path: Packages/com.unity.shadergraph/Editor/Generation/Enumerations/KeywordType.cs - Importer: ScriptedImporter/UnityEditor.QuickSearchModule:UnityEditor.Search:ASIAI0B
Importing 'GUID: 6373167f768c6a34d9a24af8b0ead19d - Path: Packages/com.unity.shadergraph/Editor/Generation/Enumerations/KeywordType.cs - Importer: ScriptedImporter/UnityEditor.QuickSearchModule:UnityEditor.Search:ASIAI0B' with importer (ScriptedImporter : UnityEditor.QuickSearchModule:UnityEditor.Search:ASIAI0B)
Imported 'GUID: 6373167f768c6a34d9a24af8b0ead19d' -> (Import Result ID: '2196800643dbff6fb55a98b15cc9ffd9') in 0.002 seconds [static and dynamic dependencies]. Details - ImportResultOutputID=237624c2d27f173a9f661fb0defb9bd3 DependenciesID=9442980fe22e01325f375141cac32fdf StaticDependenciesID=ffb98cf579f05d51964c9973a2553ca5 
Number of updated asset objects reloaded before import = 0
Number of asset objects unloaded after import = 0
========================================================================
Received Import Request.
  Time of request: 2026-08-05T18:44:50.0283028Z
  Time since last request: 0.0002245 seconds.
  importAddress: GUID: 13ef64afcd6045a448744a1633363679 - Path: Packages/com.unity.shadergraph/Editor/Generation/Enumerations/RenderType.cs - Importer: ScriptedImporter/UnityEditor.QuickSearchModule:UnityEditor.Search:ASIAI0B
Importing 'GUID: 13ef64afcd6045a448744a1633363679 - Path: Packages/com.unity.shadergraph/Editor/Generation/Enumerations/RenderType.cs - Importer: ScriptedImporter/UnityEditor.QuickSearchModule:UnityEditor.Search:ASIAI0B' with importer (ScriptedImporter : UnityEditor.QuickSearchModule:UnityEditor.Search:ASIAI0B)
Imported 'GUID: 13ef64afcd6045a448744a1633363679' -> (Import Result ID: 'fe16b6c4ebceeca1ce83987dfbe64031') in 0.002 seconds [static and dynamic dependencies]. Details - ImportResultOutputID=cff841687d56a7e5272cc18576611119 DependenciesID=2110321ec208a852f04766ed66d991a0 StaticDependenciesID=012257581d7860710b1a77d5da3448a2 
Number of updated asset objects reloaded before import = 0
Number of asset objects unloaded after import = 0
========================================================================
Received Import Request.
  Time of request: 2026-08-05T18:44:50.0386431Z
  Time since last request: 0.0004429 seconds.
  importAddress: GUID: 6162f300732c7447d88725735caeab62 - Path: Packages/com.unity.shadergraph/Editor/Generation/Enumerations/ShaderValueType.cs - Importer: ScriptedImporter/UnityEditor.QuickSearchModule:UnityEditor.Search:ASIAI0B
Importing 'GUID: 6162f300732c7447d88725735caeab62 - Path: Packages/com.unity.shadergraph/Editor/Generation/Enumerations/ShaderValueType.cs - Importer: ScriptedImporter/UnityEditor.QuickSearchModule:UnityEditor.Search:ASIAI0B' with importer (ScriptedImporter : UnityEditor.QuickSearchModule:UnityEditor.Search:ASIAI0B)
Imported 'GUID: 6162f300732c7447d88725735caeab62' -> (Import Result ID: '036b8a117b65d7f3f2f0bee261f41504') in 0.002 seconds [static and dynamic dependencies]. Details - ImportResultOutputID=8fcdf06aa9d82aab9b54745d640ccc58 DependenciesID=115dad50b1d50fdfe93093ce4f0d32c7 StaticDependenciesID=b6f3981381752148ade6435efb6967b0 
Number of updated asset objects reloaded before import = 0
Number of asset objects unloaded after import = 0
========================================================================
Received Import Request.
  Time of request: 2026-08-05T18:44:50.0489838Z
  Time since last request: 0.0003757 seconds.
  importAddress: GUID: 1d9ef2c068925ac42b1a5793f3706b87 - Path: Packages/com.unity.shadergraph/Editor/Generation/Enumerations/Cull.cs - Importer: ScriptedImporter/UnityEditor.QuickSearchModule:UnityEditor.Search:ASIAI0B
Importing 'GUID: 1d9ef2c068925ac42b1a5793f3706b87 - Path: Packages/com.unity.shadergraph/Editor/Generation/Enumerations/Cull.cs - Importer: ScriptedImporter/UnityEditor.QuickSearchModule:UnityEditor.Search:ASIAI0B' with importer (ScriptedImporter : UnityEditor.QuickSearchModule:UnityEditor.Search:ASIAI0B)
Imported 'GUID: 1d9ef2c068925ac42b1a5793f3706b87' -> (Import Result ID: 'dccd21fe4c5499705bbd4bcbdf9081ac') in 0.002 seconds [static and dynamic dependencies]. Details - ImportResultOutputID=8ca2b8c1e0435e168c0e35e7ad251145 DependenciesID=4c1ba22b638a51711536b4b88ac67fb9 StaticDependenciesID=2f93b605f527a80a41da264eab7825b8 
Number of updated asset objects reloaded before import = 0
Number of asset objects unloaded after import = 0
========================================================================
Received Import Request.
  Time of request: 2026-08-05T18:44:50.0591695Z
  Time since last request: 0.0001801 seconds.
  importAddress: GUID: 512cdb06fe8f484eb470277bc28f0a3c - Path: Packages/com.unity.shadergraph/Editor/Generation/Collections/KernelCollection.cs - Importer: ScriptedImporter/UnityEditor.QuickSearchModule:UnityEditor.Search:ASIAI0B
Importing 'GUID: 512cdb06fe8f484eb470277bc28f0a3c - Path: Packages/com.unity.shadergraph/Editor/Generation/Collections/KernelCollection.cs - Importer: ScriptedImporter/UnityEditor.QuickSearchModule:UnityEditor.Search:ASIAI0B' with importer (ScriptedImporter : UnityEditor.QuickSearchModule:UnityEditor.Search:ASIAI0B)
Imported 'GUID: 512cdb06fe8f484eb470277bc28f0a3c' -> (Import Result ID: '8ffae313b5987b054a611d414e0de4b3') in 0.002 seconds [static and dynamic dependencies]. Details - ImportResultOutputID=116b23f16f44a5696d549bd72568bc61 DependenciesID=647e7194d3e46fe8e9c51c5845d24092 StaticDependenciesID=35f17dfb0d7b38d3b0f4272c577f6939 
Number of updated asset objects reloaded before import = 0
Number of asset objects unloaded after import = 0
========================================================================
Received Import Request.
  Time of request: 2026-08-05T18:44:50.0683511Z
  Time since last request: 0.0003129 seconds.
  importAddress: GUID: 8192fc2e63c354dff92db5dde0c564b7 - Path: Packages/com.unity.shadergraph/Editor/Generation/Attributes/GenerateBlocksAttribute.cs - Importer: ScriptedImporter/UnityEditor.QuickSearchModule:UnityEditor.Search:ASIAI0B
Importing 'GUID: 8192fc2e63c354dff92db5dde0c564b7 - Path: Packages/com.unity.shadergraph/Editor/Generation/Attributes/GenerateBlocksAttribute.cs - Importer: ScriptedImporter/UnityEditor.QuickSearchModule:UnityEditor.Search:ASIAI0B' with importer (ScriptedImporter : UnityEditor.QuickSearchModule:UnityEditor.Search:ASIAI0B)
Imported 'GUID: 8192fc2e63c354dff92db5dde0c564b7' -> (Import Result ID: 'cf78e0bc5e1f444a44ee2fdd901e1291') in 0.003 seconds [static and dynamic dependencies]. Details - ImportResultOutputID=075c2f366538451bacd8627af748b477 DependenciesID=7f31d5da89e510df59c7c0fc1b521669 StaticDependenciesID=1a013ac8746f99d42b7ae7022fab9021 
Number of updated asset objects reloaded before import = 0
Number of asset objects unloaded after import = 0
========================================================================
Received Import Request.
  Time of request: 2026-08-05T18:44:50.0951781Z
  Time since last request: 0.0153515 seconds.
  importAddress: GUID: 54f2b0dd16c64e699842f28e948cc04b - Path: Packages/com.unity.shadergraph/Editor/Resources/Styles/HeatmapValuesEditor.uss - Importer: ScriptedImporter/UnityEditor.QuickSearchModule:UnityEditor.Search:ASIAI0B
Importing 'GUID: 54f2b0dd16c64e699842f28e948cc04b - Path: Packages/com.unity.shadergraph/Editor/Resources/Styles/HeatmapValuesEditor.uss - Importer: ScriptedImporter/UnityEditor.QuickSearchModule:UnityEditor.Search:ASIAI0B' with importer (ScriptedImporter : UnityEditor.QuickSearchModule:UnityEditor.Search:ASIAI0B)
Imported 'GUID: 54f2b0dd16c64e699842f28e948cc04b' -> (Import Result ID: 'cfa987d964887d966b35d5eb188c7921') in 0.008 seconds [static and dynamic dependencies]. Details - ImportResultOutputID=6d1815ad2e7430bfb257ef6748f59854 DependenciesID=ecc3c6231bc420fc720ae5a89dacaa57 StaticDependenciesID=9ab13a11c2a591c82e17d839007551a8 
Number of updated asset objects reloaded before import = 0
Number of asset objects unloaded after import = 1
========================================================================
Received Import Request.
  Time of request: 2026-08-05T18:44:50.110642Z
  Time since last request: 0.0002632 seconds.
  importAddress: GUID: aed2175e23cfe426e8678485b004714e - Path: Packages/com.unity.shadergraph/Editor/Resources/Icons/blackboard@2x.png - Importer: ScriptedImporter/UnityEditor.QuickSearchModule:UnityEditor.Search:ASIAI0B
Importing 'GUID: aed2175e23cfe426e8678485b004714e - Path: Packages/com.unity.shadergraph/Editor/Resources/Icons/blackboard@2x.png - Importer: ScriptedImporter/UnityEditor.QuickSearchModule:UnityEditor.Search:ASIAI0B' with importer (ScriptedImporter : UnityEditor.QuickSearchModule:UnityEditor.Search:ASIAI0B)
Imported 'GUID: aed2175e23cfe426e8678485b004714e' -> (Import Result ID: 'bac57baa4edd23ff399613e04d1d8e3b') in 0.010 seconds [static and dynamic dependencies]. Details - ImportResultOutputID=bba86a6dea37ab7f0855562fbb514045 DependenciesID=6c0c462fc0858d3ea98e36384829b187 StaticDependenciesID=60a4a3df2bdc2478737a28562244be19 
Number of updated asset objects reloaded before import = 0
Number of asset objects unloaded after import = 1
========================================================================
Received Import Request.
  Time of request: 2026-08-05T18:44:50.1278938Z
  Time since last request: 0.0002408 seconds.
  importAddress: GUID: 57517c89a809f44458493cef0310e46f - Path: Packages/com.unity.shadergraph/Editor/Resources/Icons/Settings_Flyout_9slice.png - Importer: ScriptedImporter/UnityEditor.QuickSearchModule:UnityEditor.Search:ASIAI0B
Importing 'GUID: 57517c89a809f44458493cef0310e46f - Path: Packages/com.unity.shadergraph/Editor/Resources/Icons/Settings_Flyout_9slice.png - Importer: ScriptedImporter/UnityEditor.QuickSearchModule:UnityEditor.Search:ASIAI0B' with importer (ScriptedImporter : UnityEditor.QuickSearchModule:UnityEditor.Search:ASIAI0B)
Imported 'GUID: 57517c89a809f44458493cef0310e46f' -> (Import Result ID: 'd482ba8b329d25a370b7a5f153a732e4') in 0.010 seconds [static and dynamic dependencies]. Details - ImportResultOutputID=5e2c268a97f0048eb4915b11b864473d DependenciesID=dd2da6a3845b4dcb224f0b82c8780d24 StaticDependenciesID=7942bd9d4e1143a71a7346ec037f2bdb 
Number of updated asset objects reloaded before import = 0
Number of asset objects unloaded after import = 1
========================================================================
Received Import Request.
  Time of request: 2026-08-05T18:44:50.1456273Z
  Time since last request: 0.0001973 seconds.
  importAddress: GUID: b1b079d053c3d0c41952dadf32a89ffd - Path: Packages/com.unity.shadergraph/Editor/Resources/Icons/SettingsIcons_hover@2x.png - Importer: ScriptedImporter/UnityEditor.QuickSearchModule:UnityEditor.Search:ASIAI0B
Importing 'GUID: b1b079d053c3d0c41952dadf32a89ffd - Path: Packages/com.unity.shadergraph/Editor/Resources/Icons/SettingsIcons_hover@2x.png - Importer: ScriptedImporter/UnityEditor.QuickSearchModule:UnityEditor.Search:ASIAI0B' with importer (ScriptedImporter : UnityEditor.QuickSearchModule:UnityEditor.Search:ASIAI0B)
Imported 'GUID: b1b079d053c3d0c41952dadf32a89ffd' -> (Import Result ID: 'dbc2a846523d606b87b33b95685aacd8') in 0.011 seconds [static and dynamic dependencies]. Details - ImportResultOutputID=f9a812a217bc8f60ab8e9d246dda731b DependenciesID=46132ab34215debc19fd9aa53d0409b3 StaticDependenciesID=4e0fe8cb471f357ddf1b0e0d96240734 
Number of updated asset objects reloaded before import = 0
Number of asset objects unloaded after import = 1
========================================================================
Received Import Request.
  Time of request: 2026-08-05T18:44:50.1655922Z
  Time since last request: 0.0002514 seconds.
  importAddress: GUID: 606cfb4ddecb1c7488927f55fd68944d - Path: Packages/com.unity.shadergraph/Editor/ProviderSystem/Reflection/ShaderReflectionUtils.cs - Importer: ScriptedImporter/UnityEditor.QuickSearchModule:UnityEditor.Search:ASIAI0B
Importing 'GUID: 606cfb4ddecb1c7488927f55fd68944d - Path: Packages/com.unity.shadergraph/Editor/ProviderSystem/Reflection/ShaderReflectionUtils.cs - Importer: ScriptedImporter/UnityEditor.QuickSearchModule:UnityEditor.Search:ASIAI0B' with importer (ScriptedImporter : UnityEditor.QuickSearchModule:UnityEditor.Search:ASIAI0B)
Imported 'GUID: 606cfb4ddecb1c7488927f55fd68944d' -> (Import Result ID: 'fa0177d98755c38dd95f59f1eeaa98d7') in 0.002 seconds [static and dynamic dependencies]. Details - ImportResultOutputID=de33e914723efb4c991428d9710cea9d DependenciesID=fb44d3ff91b4076a0ace13711650275e StaticDependenciesID=1b30102cf841a6c2da04072a753e5421 
Number of updated asset objects reloaded before import = 0
Number of asset objects unloaded after import = 0
========================================================================
Received Import Request.
  Time of request: 2026-08-05T18:44:50.1763661Z
  Time since last request: 0.0003167 seconds.
  importAddress: GUID: 82b6560ff26e58d48aa33e2869ad14e4 - Path: Packages/com.unity.shadergraph/Editor/Resources/Icons/sg_subgraph_icon_gray_light.png - Importer: ScriptedImporter/UnityEditor.QuickSearchModule:UnityEditor.Search:ASIAI0B
Importing 'GUID: 82b6560ff26e58d48aa33e2869ad14e4 - Path: Packages/com.unity.shadergraph/Editor/Resources/Icons/sg_subgraph_icon_gray_light.png - Importer: ScriptedImporter/UnityEditor.QuickSearchModule:UnityEditor.Search:ASIAI0B' with importer (ScriptedImporter : UnityEditor.QuickSearchModule:UnityEditor.Search:ASIAI0B)
Imported 'GUID: 82b6560ff26e58d48aa33e2869ad14e4' -> (Import Result ID: 'cffe1c18cdf1d4a837f9499abae354a8') in 0.009 seconds [static and dynamic dependencies]. Details - ImportResultOutputID=a27de17fc63e814b6b512eb30f67ce5f DependenciesID=33cf8a498b593c37e77a7d72bd697ff8 StaticDependenciesID=623d7100b8274db66c937ba560382bb5 
Number of updated asset objects reloaded before import = 0
Number of asset objects unloaded after import = 1
========================================================================
Received Import Request.
  Time of request: 2026-08-05T18:44:50.193972Z
  Time since last request: 0.0002384 seconds.
  importAddress: GUID: 466e6b269ff1900438e46c66af51cef8 - Path: Packages/com.unity.shadergraph/Editor/Resources/Styles/MaterialGraph.uss - Importer: ScriptedImporter/UnityEditor.QuickSearchModule:UnityEditor.Search:ASIAI0B
Importing 'GUID: 466e6b269ff1900438e46c66af51cef8 - Path: Packages/com.unity.shadergraph/Editor/Resources/Styles/MaterialGraph.uss - Importer: ScriptedImporter/UnityEditor.QuickSearchModule:UnityEditor.Search:ASIAI0B' with importer (ScriptedImporter : UnityEditor.QuickSearchModule:UnityEditor.Search:ASIAI0B)
Imported 'GUID: 466e6b269ff1900438e46c66af51cef8' -> (Import Result ID: '265fe2e23834b566483c32cdaddacbd8') in 0.007 seconds [static and dynamic dependencies]. Details - ImportResultOutputID=16806be1fcf0c2d24b73468b28bc486e DependenciesID=eccf809dd97b03a211fee144e1f16095 StaticDependenciesID=d44ff481b1045469c7a2c7b76289b165 
Number of updated asset objects reloaded before import = 0
Number of asset objects unloaded after import = 1
========================================================================
Received Import Request.
  Time of request: 2026-08-05T18:44:50.2231368Z
  Time since last request: 0.014159 seconds.
  importAddress: GUID: 3b5d8d8dca1de7240983df8e315a8a01 - Path: Packages/com.unity.shadergraph/GraphTemplates/Subgraphs/Terrain/Height Based Splat Modify.shadersubgraph - Importer: ScriptedImporter/UnityEditor.QuickSearchModule:UnityEditor.Search:ASIAI0B
Importing 'GUID: 3b5d8d8dca1de7240983df8e315a8a01 - Path: Packages/com.unity.shadergraph/GraphTemplates/Subgraphs/Terrain/Height Based Splat Modify.shadersubgraph - Importer: ScriptedImporter/UnityEditor.QuickSearchModule:UnityEditor.Search:ASIAI0B' with importer (ScriptedImporter : UnityEditor.QuickSearchModule:UnityEditor.Search:ASIAI0B)
Imported 'GUID: 3b5d8d8dca1de7240983df8e315a8a01' -> (Import Result ID: '84fa26fd052e863226e66596646531e1') in 0.009 seconds [static and dynamic dependencies]. Details - ImportResultOutputID=b75819f3bf4b854c7493797fe3e2ba57 DependenciesID=f1ef953495ec12c6eae3e8b3273931fe StaticDependenciesID=486fdd85417d0dcbb6a621c29eee5415 
Number of updated asset objects reloaded before import = 0
Number of asset objects unloaded after import = 1
========================================================================
Received Import Request.
  Time of request: 2026-08-05T18:44:50.2393758Z
  Time since last request: 0.0002993 seconds.
  importAddress: GUID: 781e1a409e314b1fb13e3605a69680ba - Path: Packages/com.unity.shadergraph/Editor/Resources/UXML/HeatmapValuesEditor.uxml - Importer: ScriptedImporter/UnityEditor.QuickSearchModule:UnityEditor.Search:ASIAI0B
Importing 'GUID: 781e1a409e314b1fb13e3605a69680ba - Path: Packages/com.unity.shadergraph/Editor/Resources/UXML/HeatmapValuesEditor.uxml - Importer: ScriptedImporter/UnityEditor.QuickSearchModule:UnityEditor.Search:ASIAI0B' with importer (ScriptedImporter : UnityEditor.QuickSearchModule:UnityEditor.Search:ASIAI0B)
Imported 'GUID: 781e1a409e314b1fb13e3605a69680ba' -> (Import Result ID: '4995f0820f0ff3e8c0b2396a804a3185') in 0.013 seconds [static and dynamic dependencies]. Details - ImportResultOutputID=4f2684d38567fcbcb7ee3db50ebb6631 DependenciesID=a99377f5f56f2d1ea58f0be19927942d StaticDependenciesID=fe95b567ecb48af61f647bc8560beb6c 
Number of updated asset objects reloaded before import = 0
Number of asset objects unloaded after import = 2
========================================================================
Received Import Request.
  Time of request: 2026-08-05T18:44:50.2600227Z
  Time since last request: 0.0002196 seconds.
  importAddress: GUID: 93842094f0dbac941bac7d2af67241b3 - Path: Packages/com.unity.shadergraph/Editor/Resources/Styles/PropertyNameReferenceField.uss - Importer: ScriptedImporter/UnityEditor.QuickSearchModule:UnityEditor.Search:ASIAI0B
Importing 'GUID: 93842094f0dbac941bac7d2af67241b3 - Path: Packages/com.unity.shadergraph/Editor/Resources/Styles/PropertyNameReferenceField.uss - Importer: ScriptedImporter/UnityEditor.QuickSearchModule:UnityEditor.Search:ASIAI0B' with importer (ScriptedImporter : UnityEditor.QuickSearchModule:UnityEditor.Search:ASIAI0B)
Imported 'GUID: 93842094f0dbac941bac7d2af67241b3' -> (Import Result ID: '673a522dfef92b87803166b661a7e116') in 0.010 seconds [static and dynamic dependencies]. Details - ImportResultOutputID=7fcac30b6a3d9e9c85b96dafeb1f0c32 DependenciesID=2cfb44e1c753c5af64d18896d9ef84a0 StaticDependenciesID=53e20e1097b6a8d802a6dd633002d2ce 
Number of updated asset objects reloaded before import = 0
Number of asset objects unloaded after import = 1
========================================================================
Received Import Request.
  Time of request: 2026-08-05T18:44:50.3088029Z
  Time since last request: 0.0326924 seconds.
  importAddress: GUID: d76d31d3abf64e1085969d0a4ccca4c5 - Path: Packages/com.unity.shadergraph/Editor/Data/Nodes/UI/RenderTypeBranchNode.cs - Importer: ScriptedImporter/UnityEditor.QuickSearchModule:UnityEditor.Search:ASIAI0B
Importing 'GUID: d76d31d3abf64e1085969d0a4ccca4c5 - Path: Packages/com.unity.shadergraph/Editor/Data/Nodes/UI/RenderTypeBranchNode.cs - Importer: ScriptedImporter/UnityEditor.QuickSearchModule:UnityEditor.Search:ASIAI0B' with importer (ScriptedImporter : UnityEditor.QuickSearchModule:UnityEditor.Search:ASIAI0B)
Imported 'GUID: d76d31d3abf64e1085969d0a4ccca4c5' -> (Import Result ID: '67b37895497ed0c46d30ef2ec9ecc23d') in 0.002 seconds [static and dynamic dependencies]. Details - ImportResultOutputID=03dbc8f1d7c8cc65985cdd2e4b014269 DependenciesID=851daaa46430eb1464e2bd6c3bd6df54 StaticDependenciesID=3af79908a45ba89934741f21a2f0d1f9 
Number of updated asset objects reloaded before import = 0
Number of asset objects unloaded after import = 0
========================================================================
Received Import Request.
  Time of request: 2026-08-05T18:44:50.3183041Z
  Time since last request: 0.0005227 seconds.
  importAddress: GUID: 0a9c3dd2c3b0c4347876f3e448be2046 - Path: Packages/com.unity.shadergraph/Editor/Data/Nodes/Utility/PreviewNode.cs - Importer: ScriptedImporter/UnityEditor.QuickSearchModule:UnityEditor.Search:ASIAI0B
Importing 'GUID: 0a9c3dd2c3b0c4347876f3e448be2046 - Path: Packages/com.unity.shadergraph/Editor/Data/Nodes/Utility/PreviewNode.cs - Importer: ScriptedImporter/UnityEditor.QuickSearchModule:UnityEditor.Search:ASIAI0B' with importer (ScriptedImporter : UnityEditor.QuickSearchModule:UnityEditor.Search:ASIAI0B)
Imported 'GUID: 0a9c3dd2c3b0c4347876f3e448be2046' -> (Import Result ID: '75f34837af65cfb8d65f5580c9755e3a') in 0.002 seconds [static and dynamic dependencies]. Details - ImportResultOutputID=c90e210469bd609970adcb5b215c886a DependenciesID=c992f5d73a335538668be221e591d6f2 StaticDependenciesID=af1f9d610cb7d53a6e0fb6979d6bfed8 
Number of updated asset objects reloaded before import = 0
Number of asset objects unloaded after import = 0
========================================================================
Received Import Request.
  Time of request: 2026-08-05T18:44:50.3278866Z
  Time since last request: 0.0003579 seconds.
  importAddress: GUID: a55bb4eb9ba26c846902a616c2ea29ff - Path: Packages/com.unity.shadergraph/Tests/Editor/UnitTests/MaterialSlotTests.cs - Importer: ScriptedImporter/UnityEditor.QuickSearchModule:UnityEditor.Search:ASIAI0B
Importing 'GUID: a55bb4eb9ba26c846902a616c2ea29ff - Path: Packages/com.unity.shadergraph/Tests/Editor/UnitTests/MaterialSlotTests.cs - Importer: ScriptedImporter/UnityEditor.QuickSearchModule:UnityEditor.Search:ASIAI0B' with importer (ScriptedImporter : UnityEditor.QuickSearchModule:UnityEditor.Search:ASIAI0B)
Imported 'GUID: a55bb4eb9ba26c846902a616c2ea29ff' -> (Import Result ID: '76e8395dbab7dce54dcf9aebbe03bbbf') in 0.002 seconds [static and dynamic dependencies]. Details - ImportResultOutputID=c1e117d978dda40d3cbc6100d86650d8 DependenciesID=cb2a0df7a7e8b806e07b4f654f3506b7 StaticDependenciesID=cbc15b5bb83296472f9b4ea8d450a45f 
Number of updated asset objects reloaded before import = 0
Number of asset objects unloaded after import = 0
========================================================================
Received Import Request.
  Time of request: 2026-08-05T18:44:50.3396518Z
  Time since last request: 0.0002778 seconds.
  importAddress: GUID: ed722b1f9c66a7441b3893cec3e3ff4d - Path: Packages/com.unity.shadergraph/Editor/Data/Interfaces/Graph/IOnAssetEnabled.cs - Importer: ScriptedImporter/UnityEditor.QuickSearchModule:UnityEditor.Search:ASIAI0B
Importing 'GUID: ed722b1f9c66a7441b3893cec3e3ff4d - Path: Packages/com.unity.shadergraph/Editor/Data/Interfaces/Graph/IOnAssetEnabled.cs - Importer: ScriptedImporter/UnityEditor.QuickSearchModule:UnityEditor.Search:ASIAI0B' with importer (ScriptedImporter : UnityEditor.QuickSearchModule:UnityEditor.Search:ASIAI0B)
Imported 'GUID: ed722b1f9c66a7441b3893cec3e3ff4d' -> (Import Result ID: '661d6719b53a832917fc4747d22de594') in 0.002 seconds [static and dynamic dependencies]. Details - ImportResultOutputID=6cf9d2f69547651486a48cca6b200a03 DependenciesID=4567ec640f86e72ec4de51051d843232 StaticDependenciesID=5cc23b9b32c9e7aa69859d1c99123af6 
Number of updated asset objects reloaded before import = 0
Number of asset objects unloaded after import = 0
========================================================================
Received Import Request.
  Time of request: 2026-08-05T18:44:50.3517422Z
  Time since last request: 0.0002614 seconds.
  importAddress: GUID: 765e7483c0e20b7458fe66a1716a37a8 - Path: Packages/com.unity.shadergraph/Editor/Data/Nodes/UI/SampleElementTextureNode.cs - Importer: ScriptedImporter/UnityEditor.QuickSearchModule:UnityEditor.Search:ASIAI0B
Importing 'GUID: 765e7483c0e20b7458fe66a1716a37a8 - Path: Packages/com.unity.shadergraph/Editor/Data/Nodes/UI/SampleElementTextureNode.cs - Importer: ScriptedImporter/UnityEditor.QuickSearchModule:UnityEditor.Search:ASIAI0B' with importer (ScriptedImporter : UnityEditor.QuickSearchModule:UnityEditor.Search:ASIAI0B)
Imported 'GUID: 765e7483c0e20b7458fe66a1716a37a8' -> (Import Result ID: '23b5b8962fc7fbf80ba19d3888002b75') in 0.002 seconds [static and dynamic dependencies]. Details - ImportResultOutputID=273b6e6a3d1aae5f664d88bb19ad9261 DependenciesID=e4864988ff8757d6ffd734b6825c3fb7 StaticDependenciesID=5b1ceb7540f39ad44d8ae4a2a893577f 
Number of updated asset objects reloaded before import = 0
Number of asset objects unloaded after import = 0
========================================================================
Received Import Request.
  Time of request: 2026-08-05T18:44:50.3610261Z
  Time since last request: 0.0003245 seconds.
  importAddress: GUID: 04f556529d4fe7c4286efa58a548d86a - Path: Packages/com.unity.shadergraph/Editor/Data/Nodes/Utility/RedirectNodeView.cs - Importer: ScriptedImporter/UnityEditor.QuickSearchModule:UnityEditor.Search:ASIAI0B
Importing 'GUID: 04f556529d4fe7c4286efa58a548d86a - Path: Packages/com.unity.shadergraph/Editor/Data/Nodes/Utility/RedirectNodeView.cs - Importer: ScriptedImporter/UnityEditor.QuickSearchModule:UnityEditor.Search:ASIAI0B' with importer (ScriptedImporter : UnityEditor.QuickSearchModule:UnityEditor.Search:ASIAI0B)
Imported 'GUID: 04f556529d4fe7c4286efa58a548d86a' -> (Import Result ID: 'fa6110f589f89fa7ce9f3dceba0bd062') in 0.002 seconds [static and dynamic dependencies]. Details - ImportResultOutputID=7cef284eb3a6b7c9a77558f428397f1b DependenciesID=ab3a4302fcbdbc6a184a84b78dc07465 StaticDependenciesID=af6ece3879ba69857d367b52a1da1295 
Number of updated asset objects reloaded before import = 0
Number of asset objects unloaded after import = 0
========================================================================
Received Import Request.
  Time of request: 2026-08-05T18:44:50.3719934Z
  Time since last request: 0.00022 seconds.
  importAddress: GUID: 0ccc92de4363bc249858ecefc3a07775 - Path: Packages/com.unity.shadergraph/Editor/Data/Nodes/Input/CustomInterpolatorNode.cs - Importer: ScriptedImporter/UnityEditor.QuickSearchModule:UnityEditor.Search:ASIAI0B
Importing 'GUID: 0ccc92de4363bc249858ecefc3a07775 - Path: Packages/com.unity.shadergraph/Editor/Data/Nodes/Input/CustomInterpolatorNode.cs - Importer: ScriptedImporter/UnityEditor.QuickSearchModule:UnityEditor.Search:ASIAI0B' with importer (ScriptedImporter : UnityEditor.QuickSearchModule:UnityEditor.Search:ASIAI0B)
Imported 'GUID: 0ccc92de4363bc249858ecefc3a07775' -> (Import Result ID: '00fe71999467524e49fda509c4c6613d') in 0.002 seconds [static and dynamic dependencies]. Details - ImportResultOutputID=d781701311f41d67c29109d5b38edbed DependenciesID=e1238a8e6e99bf85d25ff224521adb13 StaticDependenciesID=ff7a3626e167047207cdc44f272ba1bd 
Number of updated asset objects reloaded before import = 0
Number of asset objects unloaded after import = 0
========================================================================
Received Import Request.
  Time of request: 2026-08-05T18:44:50.4090307Z
  Time since last request: 0.0262735 seconds.
  importAddress: GUID: aa85af60c0d1444181e900d4406b8fab - Path: Packages/com.unity.shadergraph/Editor/Drawing/Inspector/PropertyDrawers/Vector2PropertyDrawer.cs - Importer: ScriptedImporter/UnityEditor.QuickSearchModule:UnityEditor.Search:ASIAI0B
Importing 'GUID: aa85af60c0d1444181e900d4406b8fab - Path: Packages/com.unity.shadergraph/Editor/Drawing/Inspector/PropertyDrawers/Vector2PropertyDrawer.cs - Importer: ScriptedImporter/UnityEditor.QuickSearchModule:UnityEditor.Search:ASIAI0B' with importer (ScriptedImporter : UnityEditor.QuickSearchModule:UnityEditor.Search:ASIAI0B)
Imported 'GUID: aa85af60c0d1444181e900d4406b8fab' -> (Import Result ID: 'c2b4a87005bd360d5b5d067d083c8af8') in 0.003 seconds [static and dynamic dependencies]. Details - ImportResultOutputID=50bf9d41c5222ecb96e545f4340614ee DependenciesID=42e033c90abb3a2ea84e2e27ace38990 StaticDependenciesID=13e3c4ac238a6704ca9797b512e7f832 
Number of updated asset objects reloaded before import = 0
Number of asset objects unloaded after import = 0
========================================================================
Received Import Request.
  Time of request: 2026-08-05T18:44:50.4193199Z
  Time since last request: 0.0008762 seconds.
  importAddress: GUID: 568baa0401e6eee42a35609013ee8100 - Path: Packages/com.unity.shadergraph/Editor/Data/Nodes/UV/RadialShearNode.cs - Importer: ScriptedImporter/UnityEditor.QuickSearchModule:UnityEditor.Search:ASIAI0B
Importing 'GUID: 568baa0401e6eee42a35609013ee8100 - Path: Packages/com.unity.shadergraph/Editor/Data/Nodes/UV/RadialShearNode.cs - Importer: ScriptedImporter/UnityEditor.QuickSearchModule:UnityEditor.Search:ASIAI0B' with importer (ScriptedImporter : UnityEditor.QuickSearchModule:UnityEditor.Search:ASIAI0B)
Imported 'GUID: 568baa0401e6eee42a35609013ee8100' -> (Import Result ID: '7ee844a625b995a151ce921aa6dd1407') in 0.002 seconds [static and dynamic dependencies]. Details - ImportResultOutputID=e9ac08afde2361ecaf734c27bbba26ae DependenciesID=3072fdced7f2d9de32bd3a888e6dc054 StaticDependenciesID=ace50c459c86876b61956d9882ef0c93 
Number of updated asset objects reloaded before import = 0
Number of asset objects unloaded after import = 0
========================================================================
Received Import Request.
  Time of request: 2026-08-05T18:44:50.428614Z
  Time since last request: 0.0004209 seconds.
  importAddress: GUID: 3ab5e3f315cd4041b2aa8600df09dd3e - Path: Packages/com.unity.shadergraph/Editor/Generation/Targets/Canvas/CanvasSubTarget.cs - Importer: ScriptedImporter/UnityEditor.QuickSearchModule:UnityEditor.Search:ASIAI0B
Importing 'GUID: 3ab5e3f315cd4041b2aa8600df09dd3e - Path: Packages/com.unity.shadergraph/Editor/Generation/Targets/Canvas/CanvasSubTarget.cs - Importer: ScriptedImporter/UnityEditor.QuickSearchModule:UnityEditor.Search:ASIAI0B' with importer (ScriptedImporter : UnityEditor.QuickSearchModule:UnityEditor.Search:ASIAI0B)
Imported 'GUID: 3ab5e3f315cd4041b2aa8600df09dd3e' -> (Import Result ID: '7e3295108ee6252fb31c509d074d0f45') in 0.002 seconds [static and dynamic dependencies]. Details - ImportResultOutputID=53634928ca0c16122f79c6d7d3df601e DependenciesID=41be13cb096ceb6cd28f219518374027 StaticDependenciesID=c7bae924776623ef373f0e0132712f5a 
Number of updated asset objects reloaded before import = 0
Number of asset objects unloaded after import = 0
========================================================================
Received Import Request.
  Time of request: 2026-08-05T18:44:50.4387841Z
  Time since last request: 0.0003233 seconds.
  importAddress: GUID: 18b701456606a9f4ea2b0a8c601ab24b - Path: Packages/com.unity.shadergraph/Editor/Drawing/Inspector/PropertyDrawers/SampleTexture2DNodePropertyDrawer.cs - Importer: ScriptedImporter/UnityEditor.QuickSearchModule:UnityEditor.Search:ASIAI0B
Importing 'GUID: 18b701456606a9f4ea2b0a8c601ab24b - Path: Packages/com.unity.shadergraph/Editor/Drawing/Inspector/PropertyDrawers/SampleTexture2DNodePropertyDrawer.cs - Importer: ScriptedImporter/UnityEditor.QuickSearchModule:UnityEditor.Search:ASIAI0B' with importer (ScriptedImporter : UnityEditor.QuickSearchModule:UnityEditor.Search:ASIAI0B)
Imported 'GUID: 18b701456606a9f4ea2b0a8c601ab24b' -> (Import Result ID: 'c35bca67e64043878910432f181b8ce1') in 0.003 seconds [static and dynamic dependencies]. Details - ImportResultOutputID=e28aeff816d6d86bd262a5faa7c90696 DependenciesID=721a0a2c2862a1f7e8a7efdf83ad0a53 StaticDependenciesID=24f96962e306f4673cbbf84943646010 
Number of updated asset objects reloaded before import = 0
Number of asset objects unloaded after import = 0
========================================================================
Received Import Request.
  Time of request: 2026-08-05T18:44:50.450543Z
  Time since last request: 0.0002306 seconds.
  importAddress: GUID: 2d40dca50e4f4bd2ad13b8d9b7cf0242 - Path: Packages/com.unity.shadergraph/Editor/Drawing/Inspector/PropertyDrawers/Texture2DArrayPropertyDrawer.cs - Importer: ScriptedImporter/UnityEditor.QuickSearchModule:UnityEditor.Search:ASIAI0B
Importing 'GUID: 2d40dca50e4f4bd2ad13b8d9b7cf0242 - Path: Packages/com.unity.shadergraph/Editor/Drawing/Inspector/PropertyDrawers/Texture2DArrayPropertyDrawer.cs - Importer: ScriptedImporter/UnityEditor.QuickSearchModule:UnityEditor.Search:ASIAI0B' with importer (ScriptedImporter : UnityEditor.QuickSearchModule:UnityEditor.Search:ASIAI0B)
Imported 'GUID: 2d40dca50e4f4bd2ad13b8d9b7cf0242' -> (Import Result ID: 'dd89282dc258fb71c14fa9b6da206d30') in 0.002 seconds [static and dynamic dependencies]. Details - ImportResultOutputID=3c181e178ff60e5707bdc0743469c2b2 DependenciesID=670562067585a202ab96ad3a72df110e StaticDependenciesID=e13ac8a668620876a0c1fc479603413f 
Number of updated asset objects reloaded before import = 0
Number of asset objects unloaded after import = 0
========================================================================
Received Import Request.
  Time of request: 2026-08-05T18:44:50.4620809Z
  Time since last request: 0.0003746 seconds.
  importAddress: GUID: e28fc1d401304229b06d7d0cb83dafce - Path: Packages/com.unity.shadergraph/Editor/Drawing/Inspector/PropertyDrawers/MatrixPropertyDrawer.cs - Importer: ScriptedImporter/UnityEditor.QuickSearchModule:UnityEditor.Search:ASIAI0B
Importing 'GUID: e28fc1d401304229b06d7d0cb83dafce - Path: Packages/com.unity.shadergraph/Editor/Drawing/Inspector/PropertyDrawers/MatrixPropertyDrawer.cs - Importer: ScriptedImporter/UnityEditor.QuickSearchModule:UnityEditor.Search:ASIAI0B' with importer (ScriptedImporter : UnityEditor.QuickSearchModule:UnityEditor.Search:ASIAI0B)
Imported 'GUID: e28fc1d401304229b06d7d0cb83dafce' -> (Import Result ID: 'd07f82c96f04112f35565b1e15206965') in 0.002 seconds [static and dynamic dependencies]. Details - ImportResultOutputID=a427a6d09cb8a249fb34c3a0d63689ef DependenciesID=d83136667e95bb8d9c24e079e04964e3 StaticDependenciesID=a90878412aa64099c320a40d8a71850e 
Number of updated asset objects reloaded before import = 0
Number of asset objects unloaded after import = 0
========================================================================
Received Import Request.
  Time of request: 2026-08-05T18:44:50.4715725Z
  Time since last request: 0.0002097 seconds.
  importAddress: GUID: ce60f7df8973ec749b679977e5fd7687 - Path: Packages/com.unity.shadergraph/Editor/Drawing/Views/Slots/PropertyConnectionStateSlotControlView.cs - Importer: ScriptedImporter/UnityEditor.QuickSearchModule:UnityEditor.Search:ASIAI0B
Importing 'GUID: ce60f7df8973ec749b679977e5fd7687 - Path: Packages/com.unity.shadergraph/Editor/Drawing/Views/Slots/PropertyConnectionStateSlotControlView.cs - Importer: ScriptedImporter/UnityEditor.QuickSearchModule:UnityEditor.Search:ASIAI0B' with importer (ScriptedImporter : UnityEditor.QuickSearchModule:UnityEditor.Search:ASIAI0B)
Imported 'GUID: ce60f7df8973ec749b679977e5fd7687' -> (Import Result ID: '11c58e6ab005f2d62f36fcdcb35b3ae8') in 0.003 seconds [static and dynamic dependencies]. Details - ImportResultOutputID=0bbdb47d26a8b307c60bcee8431fa36f DependenciesID=ce206a395f5df32ba38526f83c3d6af7 StaticDependenciesID=b1ca9ca7aa1e9ef897a0038f28142678 
Number of updated asset objects reloaded before import = 0
Number of asset objects unloaded after import = 0
========================================================================
Received Import Request.
  Time of request: 2026-08-05T18:44:50.4829391Z
  Time since last request: 0.0002055 seconds.
  importAddress: GUID: b68a530597ac466094e3c7d015e0ed47 - Path: Packages/com.unity.shadergraph/Editor/Generation/Targets/Canvas/CanvasStructs.cs - Importer: ScriptedImporter/UnityEditor.QuickSearchModule:UnityEditor.Search:ASIAI0B
Importing 'GUID: b68a530597ac466094e3c7d015e0ed47 - Path: Packages/com.unity.shadergraph/Editor/Generation/Targets/Canvas/CanvasStructs.cs - Importer: ScriptedImporter/UnityEditor.QuickSearchModule:UnityEditor.Search:ASIAI0B' with importer (ScriptedImporter : UnityEditor.QuickSearchModule:UnityEditor.Search:ASIAI0B)
Imported 'GUID: b68a530597ac466094e3c7d015e0ed47' -> (Import Result ID: '3e2ce9dd352b8bfcbc1dd9aa1f0e6779') in 0.003 seconds [static and dynamic dependencies]. Details - ImportResultOutputID=2f22ab895a64e8cab4c1bea8ef26abf5 DependenciesID=2ba064f9bb4aa2ee82a896eb437441b7 StaticDependenciesID=f85f2fe72cd73f2fe846566d6cabbd68 
Number of updated asset objects reloaded before import = 0
Number of asset objects unloaded after import = 0
========================================================================
Received Import Request.
  Time of request: 2026-08-05T18:44:50.5100191Z
  Time since last request: 0.0173096 seconds.
  importAddress: GUID: 8d3443495105d4166996158d4b321c21 - Path: Packages/com.unity.shadergraph/Editor/Resources/Styles/Controls/GradientControlView.uss - Importer: ScriptedImporter/UnityEditor.QuickSearchModule:UnityEditor.Search:ASIAI0B
Importing 'GUID: 8d3443495105d4166996158d4b321c21 - Path: Packages/com.unity.shadergraph/Editor/Resources/Styles/Controls/GradientControlView.uss - Importer: ScriptedImporter/UnityEditor.QuickSearchModule:UnityEditor.Search:ASIAI0B' with importer (ScriptedImporter : UnityEditor.QuickSearchModule:UnityEditor.Search:ASIAI0B)
Imported 'GUID: 8d3443495105d4166996158d4b321c21' -> (Import Result ID: '9d1551e767c44b050b421043a0b32563') in 0.008 seconds [static and dynamic dependencies]. Details - ImportResultOutputID=98ea20c848241e83a08bb0876be08ae6 DependenciesID=db0798d612bf3f557ab11b8422cf22f6 StaticDependenciesID=4eaf77481956f2213763cfea15f5dd71 
Number of updated asset objects reloaded before import = 0
Number of asset objects unloaded after import = 1
========================================================================
Received Import Request.
  Time of request: 2026-08-05T18:44:50.5252084Z
  Time since last request: 0.0002857 seconds.
  importAddress: GUID: 94c5e3f4e8affed4285a0c674a431b9e - Path: Packages/com.unity.shadergraph/Editor/Resources/GraphView/Nodes/NodeChevronUp@2x.png - Importer: ScriptedImporter/UnityEditor.QuickSearchModule:UnityEditor.Search:ASIAI0B
Importing 'GUID: 94c5e3f4e8affed4285a0c674a431b9e - Path: Packages/com.unity.shadergraph/Editor/Resources/GraphView/Nodes/NodeChevronUp@2x.png - Importer: ScriptedImporter/UnityEditor.QuickSearchModule:UnityEditor.Search:ASIAI0B' with importer (ScriptedImporter : UnityEditor.QuickSearchModule:UnityEditor.Search:ASIAI0B)
Imported 'GUID: 94c5e3f4e8affed4285a0c674a431b9e' -> (Import Result ID: '9f4591b92e517eaab75cc93c40a1caa7') in 0.011 seconds [static and dynamic dependencies]. Details - ImportResultOutputID=5e66e75e9410653bca7d4562e703fb1a DependenciesID=54cc08b21be843d0e53acb83a7a3acb9 StaticDependenciesID=f4fb0e4f0e0b0a8cabac667d4490506f 
Number of updated asset objects reloaded before import = 0
Number of asset objects unloaded after import = 1
========================================================================
Received Import Request.
  Time of request: 2026-08-05T18:44:50.5453583Z
  Time since last request: 0.0002912 seconds.
  importAddress: GUID: 1db7b9bf1f9186d44ba7fefd3bc715c6 - Path: Packages/com.unity.shadergraph/Editor/Resources/Styles/Controls/ChannelEnumMaskControlView.uss - Importer: ScriptedImporter/UnityEditor.QuickSearchModule:UnityEditor.Search:ASIAI0B
Importing 'GUID: 1db7b9bf1f9186d44ba7fefd3bc715c6 - Path: Packages/com.unity.shadergraph/Editor/Resources/Styles/Controls/ChannelEnumMaskControlView.uss - Importer: ScriptedImporter/UnityEditor.QuickSearchModule:UnityEditor.Search:ASIAI0B' with importer (ScriptedImporter : UnityEditor.QuickSearchModule:UnityEditor.Search:ASIAI0B)
Imported 'GUID: 1db7b9bf1f9186d44ba7fefd3bc715c6' -> (Import Result ID: '9ed2a1b691213757bf15ad27b98e698c') in 0.009 seconds [static and dynamic dependencies]. Details - ImportResultOutputID=beedd8bf460964cb80071b847e3abb13 DependenciesID=318fcb8303919dfcc985b2f7bb4d9d81 StaticDependenciesID=c1b75b17d5d9411c43f6ecc473fbe61b 
Number of updated asset objects reloaded before import = 0
Number of asset objects unloaded after import = 1
========================================================================
Received Import Request.
  Time of request: 2026-08-05T18:44:50.5626798Z
  Time since last request: 0.0002618 seconds.
  importAddress: GUID: 96e6e59ca33b02f4e816a4693a642883 - Path: Packages/com.unity.shadergraph/Editor/Resources/Styles/Controls/EnumConversionControlView.uss - Importer: ScriptedImporter/UnityEditor.QuickSearchModule:UnityEditor.Search:ASIAI0B
Importing 'GUID: 96e6e59ca33b02f4e816a4693a642883 - Path: Packages/com.unity.shadergraph/Editor/Resources/Styles/Controls/EnumConversionControlView.uss - Importer: ScriptedImporter/UnityEditor.QuickSearchModule:UnityEditor.Search:ASIAI0B' with importer (ScriptedImporter : UnityEditor.QuickSearchModule:UnityEditor.Search:ASIAI0B)
Imported 'GUID: 96e6e59ca33b02f4e816a4693a642883' -> (Import Result ID: '79547d1b0213a6b8cc4dc7d2678a0c5b') in 0.009 seconds [static and dynamic dependencies]. Details - ImportResultOutputID=67e27a9af39541b3749c39aa764aea7c DependenciesID=63f8e6759a1d3dfff9bb480ab1fa0bb0 StaticDependenciesID=11a554ede819146df129ce8ebaf76cc5 
Number of updated asset objects reloaded before import = 0
Number of asset objects unloaded after import = 1
========================================================================
Received Import Request.
  Time of request: 2026-08-05T18:44:50.579281Z
  Time since last request: 0.0002656 seconds.
  importAddress: GUID: 191128023ec19d143b9328a73ff33d8c - Path: Packages/com.unity.shadergraph/Editor/Resources/Styles/Controls/MultiFloatSlotControlView.uss - Importer: ScriptedImporter/UnityEditor.QuickSearchModule:UnityEditor.Search:ASIAI0B
Importing 'GUID: 191128023ec19d143b9328a73ff33d8c - Path: Packages/com.unity.shadergraph/Editor/Resources/Styles/Controls/MultiFloatSlotControlView.uss - Importer: ScriptedImporter/UnityEditor.QuickSearchModule:UnityEditor.Search:ASIAI0B' with importer (ScriptedImporter : UnityEditor.QuickSearchModule:UnityEditor.Search:ASIAI0B)
Imported 'GUID: 191128023ec19d143b9328a73ff33d8c' -> (Import Result ID: 'f5f50b64f99d8ad5e10b278d66ecac26') in 0.009 seconds [static and dynamic dependencies]. Details - ImportResultOutputID=9518a23ae012dca5f596d86f36fe88e6 DependenciesID=a4f379c4be2a4dc59c18c25d514af91f StaticDependenciesID=880b20734d1638e0651dcddcbd74eb93 
Number of updated asset objects reloaded before import = 0
Number of asset objects unloaded after import = 1
========================================================================
Received Import Request.
  Time of request: 2026-08-05T18:44:50.5952722Z
  Time since last request: 0.0001746 seconds.
  importAddress: GUID: 612128dfda49f7c45861ebe0aaa6dfb6 - Path: Packages/com.unity.shadergraph/Editor/Generation/Targets/CustomRenderTexture/CustomTextureSelf.cs - Importer: ScriptedImporter/UnityEditor.QuickSearchModule:UnityEditor.Search:ASIAI0B
Importing 'GUID: 612128dfda49f7c45861ebe0aaa6dfb6 - Path: Packages/com.unity.shadergraph/Editor/Generation/Targets/CustomRenderTexture/CustomTextureSelf.cs - Importer: ScriptedImporter/UnityEditor.QuickSearchModule:UnityEditor.Search:ASIAI0B' with importer (ScriptedImporter : UnityEditor.QuickSearchModule:UnityEditor.Search:ASIAI0B)
Imported 'GUID: 612128dfda49f7c45861ebe0aaa6dfb6' -> (Import Result ID: '36a274a5437b4fbb3872affbc3e0c1b9') in 0.002 seconds [static and dynamic dependencies]. Details - ImportResultOutputID=58bf5490949dbee6eca91cd72f061b85 DependenciesID=a600e9a478947129a1811d39c86cc552 StaticDependenciesID=31361b2e3e08dc803733f545eb1dee85 
Number of updated asset objects reloaded before import = 0
Number of asset objects unloaded after import = 0
========================================================================
Received Import Request.
  Time of request: 2026-08-05T18:44:50.6050706Z
  Time since last request: 0.0002294 seconds.
  importAddress: GUID: afa536a0de48246de92194c9e987b0b8 - Path: Packages/com.unity.shadergraph/Editor/Generation/Targets/CustomRenderTexture/CustomTextureSubShader.template - Importer: ScriptedImporter/UnityEditor.QuickSearchModule:UnityEditor.Search:ASIAI0B
Importing 'GUID: afa536a0de48246de92194c9e987b0b8 - Path: Packages/com.unity.shadergraph/Editor/Generation/Targets/CustomRenderTexture/CustomTextureSubShader.template - Importer: ScriptedImporter/UnityEditor.QuickSearchModule:UnityEditor.Search:ASIAI0B' with importer (ScriptedImporter : UnityEditor.QuickSearchModule:UnityEditor.Search:ASIAI0B)
Imported 'GUID: afa536a0de48246de92194c9e987b0b8' -> (Import Result ID: '6ba8e117d182b2d6397034657daf6d27') in 0.002 seconds [static and dynamic dependencies]. Details - ImportResultOutputID=63a945e41400c888c970cd87bed628f2 DependenciesID=7caf08fec20fc3ec259d044413c8f861 StaticDependenciesID=d30bd682e81c695f56c22e83be896da9 
Number of updated asset objects reloaded before import = 0
Number of asset objects unloaded after import = 1
========================================================================
Received Import Request.
  Time of request: 2026-08-05T18:44:50.6135952Z
  Time since last request: 0.0002212 seconds.
  importAddress: GUID: da559d27fc411114ab78e3561b55270a - Path: Packages/com.unity.shadergraph/Editor/Resources/Styles/Controls/MultiIntegerSlotControlView.uss - Importer: ScriptedImporter/UnityEditor.QuickSearchModule:UnityEditor.Search:ASIAI0B
Importing 'GUID: da559d27fc411114ab78e3561b55270a - Path: Packages/com.unity.shadergraph/Editor/Resources/Styles/Controls/MultiIntegerSlotControlView.uss - Importer: ScriptedImporter/UnityEditor.QuickSearchModule:UnityEditor.Search:ASIAI0B' with importer (ScriptedImporter : UnityEditor.QuickSearchModule:UnityEditor.Search:ASIAI0B)
Imported 'GUID: da559d27fc411114ab78e3561b55270a' -> (Import Result ID: 'b31fe19ea2d7a62a2fe89c17a520c4fc') in 0.007 seconds [static and dynamic dependencies]. Details - ImportResultOutputID=930bce106331ef0598d4eb3d3df74f7e DependenciesID=ca09316e74a81c9364bf1d0dac60848e StaticDependenciesID=29cc6d029408a0cd9a203f9e6003658f 
Number of updated asset objects reloaded before import = 0
Number of asset objects unloaded after import = 1
========================================================================
Received Import Request.
  Time of request: 2026-08-05T18:44:50.6437855Z
  Time since last request: 0.0154501 seconds.
  importAddress: GUID: f339e526c7fc4e14daae8819172de9de - Path: Packages/com.unity.shadergraph/Editor/Resources/UXML/Blackboard/SGBlackboardField.uxml - Importer: ScriptedImporter/UnityEditor.QuickSearchModule:UnityEditor.Search:ASIAI0B
Importing 'GUID: f339e526c7fc4e14daae8819172de9de - Path: Packages/com.unity.shadergraph/Editor/Resources/UXML/Blackboard/SGBlackboardField.uxml - Importer: ScriptedImporter/UnityEditor.QuickSearchModule:UnityEditor.Search:ASIAI0B' with importer (ScriptedImporter : UnityEditor.QuickSearchModule:UnityEditor.Search:ASIAI0B)
Imported 'GUID: f339e526c7fc4e14daae8819172de9de' -> (Import Result ID: 'b50347a6008b39e67aea97d5a0f16fec') in 0.010 seconds [static and dynamic dependencies]. Details - ImportResultOutputID=e1f4d81b30653cacbedcde06dafc5a95 DependenciesID=d33d84be92bbde7280f548ea44b58e56 StaticDependenciesID=fa44229e442fb975a950957376d6fd58 
Number of updated asset objects reloaded before import = 0
Number of asset objects unloaded after import = 2
========================================================================
Received Import Request.
  Time of request: 2026-08-05T18:44:50.6788267Z
  Time since last request: 0.0188515 seconds.
  importAddress: GUID: 94965bffe51535041a4f0a618263bf7d - Path: Packages/com.unity.shadergraph/Editor/Data/Nodes/Artistic/Adjustment/ContrastNode.cs - Importer: ScriptedImporter/UnityEditor.QuickSearchModule:UnityEditor.Search:ASIAI0B
Importing 'GUID: 94965bffe51535041a4f0a618263bf7d - Path: Packages/com.unity.shadergraph/Editor/Data/Nodes/Artistic/Adjustment/ContrastNode.cs - Importer: ScriptedImporter/UnityEditor.QuickSearchModule:UnityEditor.Search:ASIAI0B' with importer (ScriptedImporter : UnityEditor.QuickSearchModule:UnityEditor.Search:ASIAI0B)
Imported 'GUID: 94965bffe51535041a4f0a618263bf7d' -> (Import Result ID: '55306a7da7ac0f11be34d4291890d483') in 0.003 seconds [static and dynamic dependencies]. Details - ImportResultOutputID=191e24987831bc27421a040cbf31e25c DependenciesID=e7978d1f5e8974e1fdc03ed96b153b24 StaticDependenciesID=a8889b99b8cde94d2b86b350fbacab49 
Number of updated asset objects reloaded before import = 0
Number of asset objects unloaded after import = 0
========================================================================
Received Import Request.
  Time of request: 2026-08-05T18:44:50.696638Z
  Time since last request: 0.0071811 seconds.
  importAddress: GUID: 19255c24842f72c4c94c21b682a3e170 - Path: Packages/com.unity.shadergraph/Editor/Data/Nodes/Artistic/Mask/ColorMaskNode.cs - Importer: ScriptedImporter/UnityEditor.QuickSearchModule:UnityEditor.Search:ASIAI0B
Importing 'GUID: 19255c24842f72c4c94c21b682a3e170 - Path: Packages/com.unity.shadergraph/Editor/Data/Nodes/Artistic/Mask/ColorMaskNode.cs - Importer: ScriptedImporter/UnityEditor.QuickSearchModule:UnityEditor.Search:ASIAI0B' with importer (ScriptedImporter : UnityEditor.QuickSearchModule:UnityEditor.Search:ASIAI0B)
Imported 'GUID: 19255c24842f72c4c94c21b682a3e170' -> (Import Result ID: '90b453629152abbf9554100aeb5446d4') in 0.002 seconds [static and dynamic dependencies]. Details - ImportResultOutputID=a6cbd848dacb48d243c865c626780ea0 DependenciesID=efe5ba429caebbe75e072d3da76cbef1 StaticDependenciesID=e8624d5eb3eb77b70745408bc239208f 
Number of updated asset objects reloaded before import = 0
Number of asset objects unloaded after import = 0
========================================================================
Received Import Request.
  Time of request: 2026-08-05T18:44:50.7063168Z
  Time since last request: 0.0004843 seconds.
  importAddress: GUID: 8361d1f9d12a489438c0b1e2e48c8542 - Path: Packages/com.unity.shadergraph/Editor/Data/Nodes/Input/Basic/Vector2Node.cs - Importer: ScriptedImporter/UnityEditor.QuickSearchModule:UnityEditor.Search:ASIAI0B
Importing 'GUID: 8361d1f9d12a489438c0b1e2e48c8542 - Path: Packages/com.unity.shadergraph/Editor/Data/Nodes/Input/Basic/Vector2Node.cs - Importer: ScriptedImporter/UnityEditor.QuickSearchModule:UnityEditor.Search:ASIAI0B' with importer (ScriptedImporter : UnityEditor.QuickSearchModule:UnityEditor.Search:ASIAI0B)
Imported 'GUID: 8361d1f9d12a489438c0b1e2e48c8542' -> (Import Result ID: 'bb331620686317219652b58c0ea0e89e') in 0.002 seconds [static and dynamic dependencies]. Details - ImportResultOutputID=34101196f038c2ddf4a41d00d476ceea DependenciesID=bd0d9b9de4d062205d5d63a4bc04cc98 StaticDependenciesID=cd6e65a85da62b9dc9b5a427e2a00783 
Number of updated asset objects reloaded before import = 0
Number of asset objects unloaded after import = 0
========================================================================
Received Import Request.
  Time of request: 2026-08-05T18:44:50.716279Z
  Time since last request: 0.0003698 seconds.
  importAddress: GUID: 1c05002dbfc8cd14cb3b544630cf1017 - Path: Packages/com.unity.shadergraph/Editor/Data/Nodes/Input/Geometry/UVNode.cs - Importer: ScriptedImporter/UnityEditor.QuickSearchModule:UnityEditor.Search:ASIAI0B
Importing 'GUID: 1c05002dbfc8cd14cb3b544630cf1017 - Path: Packages/com.unity.shadergraph/Editor/Data/Nodes/Input/Geometry/UVNode.cs - Importer: ScriptedImporter/UnityEditor.QuickSearchModule:UnityEditor.Search:ASIAI0B' with importer (ScriptedImporter : UnityEditor.QuickSearchModule:UnityEditor.Search:ASIAI0B)
Imported 'GUID: 1c05002dbfc8cd14cb3b544630cf1017' -> (Import Result ID: '2dc4151a99550ff4e19725cf3957b055') in 0.003 seconds [static and dynamic dependencies]. Details - ImportResultOutputID=c8bf0537ba33660af80b140602beea1c DependenciesID=a9544d2d7c6250a26f3920890814385f StaticDependenciesID=e971b64c5c515eaeecd3ceed5dac5637 
Number of updated asset objects reloaded before import = 0
Number of asset objects unloaded after import = 0
========================================================================
Received Import Request.
  Time of request: 2026-08-05T18:44:50.7283225Z
  Time since last request: 0.0003904 seconds.
  importAddress: GUID: e8d13e9dbb613e04f835b281d7ee9ef1 - Path: Packages/com.unity.shadergraph/Editor/Data/Nodes/Artistic/Normal/NormalBlendNode.cs - Importer: ScriptedImporter/UnityEditor.QuickSearchModule:UnityEditor.Search:ASIAI0B
Importing 'GUID: e8d13e9dbb613e04f835b281d7ee9ef1 - Path: Packages/com.unity.shadergraph/Editor/Data/Nodes/Artistic/Normal/NormalBlendNode.cs - Importer: ScriptedImporter/UnityEditor.QuickSearchModule:UnityEditor.Search:ASIAI0B' with importer (ScriptedImporter : UnityEditor.QuickSearchModule:UnityEditor.Search:ASIAI0B)
Imported 'GUID: e8d13e9dbb613e04f835b281d7ee9ef1' -> (Import Result ID: '0799082d09c2830b5149c40d7c7da1b4') in 0.002 seconds [static and dynamic dependencies]. Details - ImportResultOutputID=621f88c81eba70d3ea4d498eedb1e346 DependenciesID=7b14254a3164c2a00608ecf3b3bc9735 StaticDependenciesID=848ebcbf3cd8b01334adde9645ca7007 
Number of updated asset objects reloaded before import = 0
Number of asset objects unloaded after import = 0
========================================================================
Received Import Request.
  Time of request: 2026-08-05T18:44:50.7385945Z
  Time since last request: 0.0003414 seconds.
  importAddress: GUID: fec4ad06a8bd71044af822b7d2258a69 - Path: Packages/com.unity.shadergraph/Editor/Data/Nodes/Input/Matrix/Matrix3Node.cs - Importer: ScriptedImporter/UnityEditor.QuickSearchModule:UnityEditor.Search:ASIAI0B
Importing 'GUID: fec4ad06a8bd71044af822b7d2258a69 - Path: Packages/com.unity.shadergraph/Editor/Data/Nodes/Input/Matrix/Matrix3Node.cs - Importer: ScriptedImporter/UnityEditor.QuickSearchModule:UnityEditor.Search:ASIAI0B' with importer (ScriptedImporter : UnityEditor.QuickSearchModule:UnityEditor.Search:ASIAI0B)
Imported 'GUID: fec4ad06a8bd71044af822b7d2258a69' -> (Import Result ID: '89449121056404c12b59555a124b2810') in 0.002 seconds [static and dynamic dependencies]. Details - ImportResultOutputID=a0f47e73299c611cbb140a485eadafc8 DependenciesID=73761385119ebb0f07146eb8dfc51506 StaticDependenciesID=80a91086149786dbd37fb27ac2646187 
Number of updated asset objects reloaded before import = 0
Number of asset objects unloaded after import = 0
========================================================================
Received Import Request.
  Time of request: 2026-08-05T18:44:50.7482447Z
  Time since last request: 0.0006601 seconds.
  importAddress: GUID: 081b8aed5e33ba1418a6a80f7693b9b4 - Path: Packages/com.unity.shadergraph/Editor/Data/Nodes/Input/Scene/ObjectNode.cs - Importer: ScriptedImporter/UnityEditor.QuickSearchModule:UnityEditor.Search:ASIAI0B
Importing 'GUID: 081b8aed5e33ba1418a6a80f7693b9b4 - Path: Packages/com.unity.shadergraph/Editor/Data/Nodes/Input/Scene/ObjectNode.cs - Importer: ScriptedImporter/UnityEditor.QuickSearchModule:UnityEditor.Search:ASIAI0B' with importer (ScriptedImporter : UnityEditor.QuickSearchModule:UnityEditor.Search:ASIAI0B)
Imported 'GUID: 081b8aed5e33ba1418a6a80f7693b9b4' -> (Import Result ID: 'f805a203d8258eab0da076462435555b') in 0.002 seconds [static and dynamic dependencies]. Details - ImportResultOutputID=87fa49d9dac6c46a9f168e080767b91e DependenciesID=8e4a71611dbe28d22a4d85fb970ed8ba StaticDependenciesID=b129dd604f53e4238c4125fe0ba1ea62 
Number of updated asset objects reloaded before import = 0
Number of asset objects unloaded after import = 0
========================================================================
Received Import Request.
  Time of request: 2026-08-05T18:44:50.7583889Z
  Time since last request: 0.0004681 seconds.
  importAddress: GUID: 63a4eb4870867294b853936861492f5e - Path: Packages/com.unity.shadergraph/Editor/Data/Nodes/Input/Scene/SceneDepthDifferenceNode.cs - Importer: ScriptedImporter/UnityEditor.QuickSearchModule:UnityEditor.Search:ASIAI0B
Importing 'GUID: 63a4eb4870867294b853936861492f5e - Path: Packages/com.unity.shadergraph/Editor/Data/Nodes/Input/Scene/SceneDepthDifferenceNode.cs - Importer: ScriptedImporter/UnityEditor.QuickSearchModule:UnityEditor.Search:ASIAI0B' with importer (ScriptedImporter : UnityEditor.QuickSearchModule:UnityEditor.Search:ASIAI0B)
Imported 'GUID: 63a4eb4870867294b853936861492f5e' -> (Import Result ID: '2346549076c1ab2d466322b19b12d795') in 0.002 seconds [static and dynamic dependencies]. Details - ImportResultOutputID=baa916a3054a13392c095b19b6540ae2 DependenciesID=710b218c95371cf8ceb50ffd98715534 StaticDependenciesID=78d43a77205e06ec1340cfc15a6461f0 
Number of updated asset objects reloaded before import = 0
Number of asset objects unloaded after import = 0
========================================================================
Received Import Request.
  Time of request: 2026-08-05T18:44:50.7691643Z
  Time since last request: 0.0002565 seconds.
  importAddress: GUID: 03cdc5d395730c74ebabff3988c5110d - Path: Packages/com.unity.shadergraph/Editor/Data/Nodes/Input/Texture/CalculateLevelOfDetailTexture2DNode.cs - Importer: ScriptedImporter/UnityEditor.QuickSearchModule:UnityEditor.Search:ASIAI0B
Importing 'GUID: 03cdc5d395730c74ebabff3988c5110d - Path: Packages/com.unity.shadergraph/Editor/Data/Nodes/Input/Texture/CalculateLevelOfDetailTexture2DNode.cs - Importer: ScriptedImporter/UnityEditor.QuickSearchModule:UnityEditor.Search:ASIAI0B' with importer (ScriptedImporter : UnityEditor.QuickSearchModule:UnityEditor.Search:ASIAI0B)
Imported 'GUID: 03cdc5d395730c74ebabff3988c5110d' -> (Import Result ID: '8378594fa392bac7f37ffa0787506682') in 0.002 seconds [static and dynamic dependencies]. Details - ImportResultOutputID=671ec3865201a1dd99707d88a54e6f4b DependenciesID=5b9d5726c55207662fbafc681e7cc63c StaticDependenciesID=0c986fac34ab67bea0d12ac536ad9e67 
Number of updated asset objects reloaded before import = 0
Number of asset objects unloaded after import = 0
========================================================================
Received Import Request.
  Time of request: 2026-08-05T18:44:50.7912887Z
  Time since last request: 0.0133472 seconds.
  importAddress: GUID: 64b637768540cce4f83b9b10cdcacd23 - Path: Packages/com.unity.shadergraph/Editor/Data/Nodes/Input/Texture/SampleTexture2DLODNode.cs - Importer: ScriptedImporter/UnityEditor.QuickSearchModule:UnityEditor.Search:ASIAI0B
Importing 'GUID: 64b637768540cce4f83b9b10cdcacd23 - Path: Packages/com.unity.shadergraph/Editor/Data/Nodes/Input/Texture/SampleTexture2DLODNode.cs - Importer: ScriptedImporter/UnityEditor.QuickSearchModule:UnityEditor.Search:ASIAI0B' with importer (ScriptedImporter : UnityEditor.QuickSearchModule:UnityEditor.Search:ASIAI0B)
Imported 'GUID: 64b637768540cce4f83b9b10cdcacd23' -> (Import Result ID: 'c22fa3a6fe79e394be2a4bf0757811fd') in 0.002 seconds [static and dynamic dependencies]. Details - ImportResultOutputID=60b5ad92e9b58bc0d33764fdc8a5b470 DependenciesID=9669df692c13ddd7f2959f932a16454b StaticDependenciesID=6d151bedee3e85460a8cdbe65690acf5 
Number of updated asset objects reloaded before import = 0
Number of asset objects unloaded after import = 0
========================================================================
Received Import Request.
  Time of request: 2026-08-05T18:44:50.8011207Z
  Time since last request: 0.0006663 seconds.
  importAddress: GUID: 917ad6055d0c59f4aa7fe4ffa65b272a - Path: Packages/com.unity.shadergraph/Editor/Data/Nodes/Input/UI/ElementTextureUVNode.cs - Importer: ScriptedImporter/UnityEditor.QuickSearchModule:UnityEditor.Search:ASIAI0B
Importing 'GUID: 917ad6055d0c59f4aa7fe4ffa65b272a - Path: Packages/com.unity.shadergraph/Editor/Data/Nodes/Input/UI/ElementTextureUVNode.cs - Importer: ScriptedImporter/UnityEditor.QuickSearchModule:UnityEditor.Search:ASIAI0B' with importer (ScriptedImporter : UnityEditor.QuickSearchModule:UnityEditor.Search:ASIAI0B)
Imported 'GUID: 917ad6055d0c59f4aa7fe4ffa65b272a' -> (Import Result ID: 'a571092d2872104d90ec443ecc84213a') in 0.002 seconds [static and dynamic dependencies]. Details - ImportResultOutputID=25b3a4c4752c46ac3ceeca6144e8411c DependenciesID=c1e9f6f117e328130114b64ca4e4d51a StaticDependenciesID=a45980da31eca6a7930f6d6aa38f1952 
Number of updated asset objects reloaded before import = 0
Number of asset objects unloaded after import = 0
========================================================================
Received Import Request.
  Time of request: 2026-08-05T18:44:50.8108521Z
  Time since last request: 0.000457 seconds.
  importAddress: GUID: de49bddaf105fe34483c97b6546e54d7 - Path: Packages/com.unity.shadergraph/Editor/Data/Nodes/Math/Basic/SquareRootNode.cs - Importer: ScriptedImporter/UnityEditor.QuickSearchModule:UnityEditor.Search:ASIAI0B
Importing 'GUID: de49bddaf105fe34483c97b6546e54d7 - Path: Packages/com.unity.shadergraph/Editor/Data/Nodes/Math/Basic/SquareRootNode.cs - Importer: ScriptedImporter/UnityEditor.QuickSearchModule:UnityEditor.Search:ASIAI0B' with importer (ScriptedImporter : UnityEditor.QuickSearchModule:UnityEditor.Search:ASIAI0B)
Imported 'GUID: de49bddaf105fe34483c97b6546e54d7' -> (Import Result ID: '225eafd20f3a3050613545f4fc3547e7') in 0.003 seconds [static and dynamic dependencies]. Details - ImportResultOutputID=3d653853b920c8672b9c7c9743df1d9b DependenciesID=0743a521cb039021e6cb336e66963890 StaticDependenciesID=a4552230630c3726bd2e5f9922700097 
Number of updated asset objects reloaded before import = 0
Number of asset objects unloaded after import = 0
========================================================================
Received Import Request.
  Time of request: 2026-08-05T18:44:50.8229365Z
  Time since last request: 0.0004805 seconds.
  importAddress: GUID: a9ced96a233d64541b3c5d374a057d6b - Path: Packages/com.unity.shadergraph/Editor/Data/Nodes/Math/Interpolation/SmoothstepNode.cs - Importer: ScriptedImporter/UnityEditor.QuickSearchModule:UnityEditor.Search:ASIAI0B
Importing 'GUID: a9ced96a233d64541b3c5d374a057d6b - Path: Packages/com.unity.shadergraph/Editor/Data/Nodes/Math/Interpolation/SmoothstepNode.cs - Importer: ScriptedImporter/UnityEditor.QuickSearchModule:UnityEditor.Search:ASIAI0B' with importer (ScriptedImporter : UnityEditor.QuickSearchModule:UnityEditor.Search:ASIAI0B)
Imported 'GUID: a9ced96a233d64541b3c5d374a057d6b' -> (Import Result ID: 'ea3b92ba3f183795a71f1cc6eb61f780') in 0.002 seconds [static and dynamic dependencies]. Details - ImportResultOutputID=b5945a530cd79d438be403f81be73652 DependenciesID=a2d81a4f678f5a5651b06294c0879207 StaticDependenciesID=ffc4f3a35fe5cffd9c0c81b3b58b949a 
Number of updated asset objects reloaded before import = 0
Number of asset objects unloaded after import = 0
========================================================================
Received Import Request.
  Time of request: 2026-08-05T18:44:50.8328496Z
  Time since last request: 0.0002294 seconds.
  importAddress: GUID: aac1ed8451e23d34ab8a362ad52fce32 - Path: Packages/com.unity.shadergraph/Editor/Data/Nodes/Math/Trigonometry/HyperbolicSineNode.cs - Importer: ScriptedImporter/UnityEditor.QuickSearchModule:UnityEditor.Search:ASIAI0B
Importing 'GUID: aac1ed8451e23d34ab8a362ad52fce32 - Path: Packages/com.unity.shadergraph/Editor/Data/Nodes/Math/Trigonometry/HyperbolicSineNode.cs - Importer: ScriptedImporter/UnityEditor.QuickSearchModule:UnityEditor.Search:ASIAI0B' with importer (ScriptedImporter : UnityEditor.QuickSearchModule:UnityEditor.Search:ASIAI0B)
Imported 'GUID: aac1ed8451e23d34ab8a362ad52fce32' -> (Import Result ID: '042a259c15fe7ea131ecba33442bc7e8') in 0.002 seconds [static and dynamic dependencies]. Details - ImportResultOutputID=85c33541ebcbe0e59d6449c109cd366a DependenciesID=267aaf09842ff707ae3c1509cba72e6f StaticDependenciesID=ac574799f5932ebe893823e189a0a6a2 
Number of updated asset objects reloaded before import = 0
Number of asset objects unloaded after import = 0
========================================================================
Received Import Request.
  Time of request: 2026-08-05T18:44:50.8425481Z
  Time since last request: 0.0003645 seconds.
  importAddress: GUID: 34c0298d9fb6e4bc9aedbeeeeb8b8054 - Path: Packages/com.unity.shadergraph/Editor/Data/Nodes/Input/Texture/Texture2DArrayAssetNode.cs - Importer: ScriptedImporter/UnityEditor.QuickSearchModule:UnityEditor.Search:ASIAI0B
Importing 'GUID: 34c0298d9fb6e4bc9aedbeeeeb8b8054 - Path: Packages/com.unity.shadergraph/Editor/Data/Nodes/Input/Texture/Texture2DArrayAssetNode.cs - Importer: ScriptedImporter/UnityEditor.QuickSearchModule:UnityEditor.Search:ASIAI0B' with importer (ScriptedImporter : UnityEditor.QuickSearchModule:UnityEditor.Search:ASIAI0B)
Imported 'GUID: 34c0298d9fb6e4bc9aedbeeeeb8b8054' -> (Import Result ID: '39d1d26a2d0fecb1ed68171ced3456a3') in 0.002 seconds [static and dynamic dependencies]. Details - ImportResultOutputID=6c353f4d9f8d8be22066bb81e69fad3e DependenciesID=42dbbda08cbc67490c864fd3e8f7807f StaticDependenciesID=b44f1af67db07597f8b5a78f2df98a20 
Number of updated asset objects reloaded before import = 0
Number of asset objects unloaded after import = 0
========================================================================
Received Import Request.
  Time of request: 2026-08-05T18:44:50.8517941Z
  Time since last request: 0.0002845 seconds.
  importAddress: GUID: e2db046575851ad4c806c1fb14f28290 - Path: Packages/com.unity.shadergraph/Editor/Data/Nodes/Input/Texture/TextureStackNode.cs - Importer: ScriptedImporter/UnityEditor.QuickSearchModule:UnityEditor.Search:ASIAI0B
Importing 'GUID: e2db046575851ad4c806c1fb14f28290 - Path: Packages/com.unity.shadergraph/Editor/Data/Nodes/Input/Texture/TextureStackNode.cs - Importer: ScriptedImporter/UnityEditor.QuickSearchModule:UnityEditor.Search:ASIAI0B' with importer (ScriptedImporter : UnityEditor.QuickSearchModule:UnityEditor.Search:ASIAI0B)
Imported 'GUID: e2db046575851ad4c806c1fb14f28290' -> (Import Result ID: 'fa157eb5eae5d9239fda61de01589737') in 0.002 seconds [static and dynamic dependencies]. Details - ImportResultOutputID=190522664fc85bc9c9c59794986f968b DependenciesID=672af2563f36271552a49ada452cb860 StaticDependenciesID=62639ca374c5bddafcb044e446982c98 
Number of updated asset objects reloaded before import = 0
Number of asset objects unloaded after import = 0
========================================================================
Received Import Request.
  Time of request: 2026-08-05T18:44:50.8626954Z
  Time since last request: 0.0002459 seconds.
  importAddress: GUID: 1de46e012f3608843978529b36704c2b - Path: Packages/com.unity.shadergraph/Editor/Data/Nodes/Math/Range/MaximumNode.cs - Importer: ScriptedImporter/UnityEditor.QuickSearchModule:UnityEditor.Search:ASIAI0B
Importing 'GUID: 1de46e012f3608843978529b36704c2b - Path: Packages/com.unity.shadergraph/Editor/Data/Nodes/Math/Range/MaximumNode.cs - Importer: ScriptedImporter/UnityEditor.QuickSearchModule:UnityEditor.Search:ASIAI0B' with importer (ScriptedImporter : UnityEditor.QuickSearchModule:UnityEditor.Search:ASIAI0B)
Imported 'GUID: 1de46e012f3608843978529b36704c2b' -> (Import Result ID: 'ec843c32c27fe0e639591359ac16e46e') in 0.002 seconds [static and dynamic dependencies]. Details - ImportResultOutputID=bcee72cf291d3a3c2d1fab79181adbd7 DependenciesID=ef00534261cb0d45351f458392e46fc4 StaticDependenciesID=f0de7838fb725ec3c9750099b00f8fb7 
Number of updated asset objects reloaded before import = 0
Number of asset objects unloaded after import = 0
========================================================================
Received Import Request.
  Time of request: 2026-08-05T18:44:50.8924784Z
  Time since last request: 0.01936 seconds.
  importAddress: GUID: 1a6eb37d2c834244cbdd9d92ce6a52ed - Path: Packages/com.unity.shadergraph/Editor/Generation/Targets/BuiltIn/ShaderLibrary/Input.hlsl - Importer: ScriptedImporter/UnityEditor.QuickSearchModule:UnityEditor.Search:ASIAI0B
Importing 'GUID: 1a6eb37d2c834244cbdd9d92ce6a52ed - Path: Packages/com.unity.shadergraph/Editor/Generation/Targets/BuiltIn/ShaderLibrary/Input.hlsl - Importer: ScriptedImporter/UnityEditor.QuickSearchModule:UnityEditor.Search:ASIAI0B' with importer (ScriptedImporter : UnityEditor.QuickSearchModule:UnityEditor.Search:ASIAI0B)
Imported 'GUID: 1a6eb37d2c834244cbdd9d92ce6a52ed' -> (Import Result ID: '37b79afe6c24dd4484a21d814cb330d6') in 0.010 seconds [static and dynamic dependencies]. Details - ImportResultOutputID=65d476d0bb2206fc9eadbdeb49186dd8 DependenciesID=84737bb9da831dd16eb2daa78bc1f602 StaticDependenciesID=a8bacd9b7f037ac2bef22201eebee0f6 
Number of updated asset objects reloaded before import = 0
Number of asset objects unloaded after import = 1
========================================================================
Received Import Request.
  Time of request: 2026-08-05T18:44:50.9090615Z
  Time since last request: 0.0002432 seconds.
  importAddress: GUID: 7cf458b51c72d4045a820965b8037b9b - Path: Packages/com.unity.shadergraph/Editor/Data/Nodes/Math/Vector/ProjectionNode.cs - Importer: ScriptedImporter/UnityEditor.QuickSearchModule:UnityEditor.Search:ASIAI0B
Importing 'GUID: 7cf458b51c72d4045a820965b8037b9b - Path: Packages/com.unity.shadergraph/Editor/Data/Nodes/Math/Vector/ProjectionNode.cs - Importer: ScriptedImporter/UnityEditor.QuickSearchModule:UnityEditor.Search:ASIAI0B' with importer (ScriptedImporter : UnityEditor.QuickSearchModule:UnityEditor.Search:ASIAI0B)
Imported 'GUID: 7cf458b51c72d4045a820965b8037b9b' -> (Import Result ID: '5195b4056b4e2fb73d55c31c21162d86') in 0.002 seconds [static and dynamic dependencies]. Details - ImportResultOutputID=e80e8c5b55a399999bace938de293c5c DependenciesID=92443b5c5d45acd48efb99b0aec1d7b1 StaticDependenciesID=92c047956012a99c6d21d6b964fb6b77 
Number of updated asset objects reloaded before import = 0
Number of asset objects unloaded after import = 0
========================================================================
Received Import Request.
  Time of request: 2026-08-05T18:44:50.918768Z
  Time since last request: 0.000301 seconds.
  importAddress: GUID: 97e0f55e76f7d88449d41fe897188d67 - Path: Packages/com.unity.shadergraph/Editor/Data/Nodes/Procedural/Shape/PolygonNode.cs - Importer: ScriptedImporter/UnityEditor.QuickSearchModule:UnityEditor.Search:ASIAI0B
Importing 'GUID: 97e0f55e76f7d88449d41fe897188d67 - Path: Packages/com.unity.shadergraph/Editor/Data/Nodes/Procedural/Shape/PolygonNode.cs - Importer: ScriptedImporter/UnityEditor.QuickSearchModule:UnityEditor.Search:ASIAI0B' with importer (ScriptedImporter : UnityEditor.QuickSearchModule:UnityEditor.Search:ASIAI0B)
Imported 'GUID: 97e0f55e76f7d88449d41fe897188d67' -> (Import Result ID: '1b70e12131bbeb1936429ee82e557ebd') in 0.002 seconds [static and dynamic dependencies]. Details - ImportResultOutputID=aee2ddd9d1ec6ad4ec283a8f7861c3b5 DependenciesID=74753b805103d10017d914b9d1e9d6c5 StaticDependenciesID=942d2287a54a725a17e4666dd2f54be4 
Number of updated asset objects reloaded before import = 0
Number of asset objects unloaded after import = 0
========================================================================
Received Import Request.
  Time of request: 2026-08-05T18:44:50.9298668Z
  Time since last request: 0.0003258 seconds.
  importAddress: GUID: 01fb2e405de427a47bbd366ee75d1772 - Path: Packages/com.unity.shadergraph/Editor/Generation/Targets/BuiltIn/Editor/ShaderUtils.cs - Importer: ScriptedImporter/UnityEditor.QuickSearchModule:UnityEditor.Search:ASIAI0B
Importing 'GUID: 01fb2e405de427a47bbd366ee75d1772 - Path: Packages/com.unity.shadergraph/Editor/Generation/Targets/BuiltIn/Editor/ShaderUtils.cs - Importer: ScriptedImporter/UnityEditor.QuickSearchModule:UnityEditor.Search:ASIAI0B' with importer (ScriptedImporter : UnityEditor.QuickSearchModule:UnityEditor.Search:ASIAI0B)
Imported 'GUID: 01fb2e405de427a47bbd366ee75d1772' -> (Import Result ID: 'd7185ecd6644f9c6f091d64242dc36db') in 0.003 seconds [static and dynamic dependencies]. Details - ImportResultOutputID=b91fdc0b931bba8ac7997405bc276d89 DependenciesID=13399e27db8eb22e7664caed997881d5 StaticDependenciesID=99b99767b7357653bc43a63166daa5ff 
Number of updated asset objects reloaded before import = 0
Number of asset objects unloaded after import = 0
========================================================================
Received Import Request.
  Time of request: 2026-08-05T18:44:50.9403278Z
  Time since last request: 0.000285 seconds.
  importAddress: GUID: 6fb595d58ba0d304cac4cf188f4e8282 - Path: Packages/com.unity.shadergraph/Editor/Data/Nodes/Math/Wave/TriangleWaveNode.cs - Importer: ScriptedImporter/UnityEditor.QuickSearchModule:UnityEditor.Search:ASIAI0B
Importing 'GUID: 6fb595d58ba0d304cac4cf188f4e8282 - Path: Packages/com.unity.shadergraph/Editor/Data/Nodes/Math/Wave/TriangleWaveNode.cs - Importer: ScriptedImporter/UnityEditor.QuickSearchModule:UnityEditor.Search:ASIAI0B' with importer (ScriptedImporter : UnityEditor.QuickSearchModule:UnityEditor.Search:ASIAI0B)
Imported 'GUID: 6fb595d58ba0d304cac4cf188f4e8282' -> (Import Result ID: '77788f5832902edecbd8dd2bbd6e8be0') in 0.002 seconds [static and dynamic dependencies]. Details - ImportResultOutputID=81ca52118876310be25a22790b324a7e DependenciesID=b2c57129f64ea9f1b659e91f75a70a0b StaticDependenciesID=3025ede5712c6ec570a7792f5dcc0186 
Number of updated asset objects reloaded before import = 0
Number of asset objects unloaded after import = 0
========================================================================
Received Import Request.
  Time of request: 2026-08-05T18:44:50.951117Z
  Time since last request: 0.0002326 seconds.
  importAddress: GUID: 8ac4c7f9b9937b64885ce949fc6d6525 - Path: Packages/com.unity.shadergraph/Editor/Generation/Targets/BuiltIn/ShaderLibrary/Deprecated.hlsl - Importer: ScriptedImporter/UnityEditor.QuickSearchModule:UnityEditor.Search:ASIAI0B
Importing 'GUID: 8ac4c7f9b9937b64885ce949fc6d6525 - Path: Packages/com.unity.shadergraph/Editor/Generation/Targets/BuiltIn/ShaderLibrary/Deprecated.hlsl - Importer: ScriptedImporter/UnityEditor.QuickSearchModule:UnityEditor.Search:ASIAI0B' with importer (ScriptedImporter : UnityEditor.QuickSearchModule:UnityEditor.Search:ASIAI0B)
Imported 'GUID: 8ac4c7f9b9937b64885ce949fc6d6525' -> (Import Result ID: '959eda36fc0a7418e9f4cdd166f0f7d3') in 0.009 seconds [static and dynamic dependencies]. Details - ImportResultOutputID=55a3087174bffb7524350800536255d0 DependenciesID=be613b5f1240d807b59928767e34b2c7 StaticDependenciesID=1ea831f8380b0e18ed7bbccabd01979d 
Number of updated asset objects reloaded before import = 0
Number of asset objects unloaded after import = 1
========================================================================
Received Import Request.
  Time of request: 2026-08-05T18:44:50.966841Z
  Time since last request: 0.0002275 seconds.
  importAddress: GUID: 3fa60ca3757a4221b2b042165c4696fe - Path: Packages/com.unity.shadergraph/Editor/Generation/Targets/Canvas/Templates/PassUI.template - Importer: ScriptedImporter/UnityEditor.QuickSearchModule:UnityEditor.Search:ASIAI0B
Importing 'GUID: 3fa60ca3757a4221b2b042165c4696fe - Path: Packages/com.unity.shadergraph/Editor/Generation/Targets/Canvas/Templates/PassUI.template - Importer: ScriptedImporter/UnityEditor.QuickSearchModule:UnityEditor.Search:ASIAI0B' with importer (ScriptedImporter : UnityEditor.QuickSearchModule:UnityEditor.Search:ASIAI0B)
Imported 'GUID: 3fa60ca3757a4221b2b042165c4696fe' -> (Import Result ID: '18f992e91aa9b302ae1caa96fdf7ae3c') in 0.002 seconds [static and dynamic dependencies]. Details - ImportResultOutputID=e1219912fa64d7f5887bab119006f03c DependenciesID=d48e9fc3c8b2d565178fee8e8272fd52 StaticDependenciesID=1ab790460ed27f28114ab710c2eeb1e6 
Number of updated asset objects reloaded before import = 0
Number of asset objects unloaded after import = 1
========================================================================
Received Import Request.
  Time of request: 2026-08-05T18:44:50.9763399Z
  Time since last request: 0.0002575 seconds.
  importAddress: GUID: faba19d28a5fc1d4187c0124658f1822 - Path: Packages/com.unity.shadergraph/Editor/Data/Nodes/Procedural/Shape/RoundedRectangleNode.cs - Importer: ScriptedImporter/UnityEditor.QuickSearchModule:UnityEditor.Search:ASIAI0B
Importing 'GUID: faba19d28a5fc1d4187c0124658f1822 - Path: Packages/com.unity.shadergraph/Editor/Data/Nodes/Procedural/Shape/RoundedRectangleNode.cs - Importer: ScriptedImporter/UnityEditor.QuickSearchModule:UnityEditor.Search:ASIAI0B' with importer (ScriptedImporter : UnityEditor.QuickSearchModule:UnityEditor.Search:ASIAI0B)
Imported 'GUID: faba19d28a5fc1d4187c0124658f1822' -> (Import Result ID: 'da8a1e0c983bd24c5859a80cca78d3e7') in 0.002 seconds [static and dynamic dependencies]. Details - ImportResultOutputID=35699c80c1c1e55d32dd4325464a754d DependenciesID=0bc8f7d17af3041dee40939af04d2981 StaticDependenciesID=07bed506bbd792afd8f6f50c3c4a5eaf 
Number of updated asset objects reloaded before import = 0
Number of asset objects unloaded after import = 0
========================================================================
Received Import Request.
  Time of request: 2026-08-05T18:44:51.0076878Z
  Time since last request: 0.0217168 seconds.
  importAddress: GUID: c1931467a12255f489f3c72e4aa99ade - Path: Packages/com.unity.shadergraph/Editor/Generation/Targets/Fullscreen/Includes/FullscreenBlit.hlsl - Importer: ScriptedImporter/UnityEditor.QuickSearchModule:UnityEditor.Search:ASIAI0B
Importing 'GUID: c1931467a12255f489f3c72e4aa99ade - Path: Packages/com.unity.shadergraph/Editor/Generation/Targets/Fullscreen/Includes/FullscreenBlit.hlsl - Importer: ScriptedImporter/UnityEditor.QuickSearchModule:UnityEditor.Search:ASIAI0B' with importer (ScriptedImporter : UnityEditor.QuickSearchModule:UnityEditor.Search:ASIAI0B)
Imported 'GUID: c1931467a12255f489f3c72e4aa99ade' -> (Import Result ID: 'cc46d18bbf575d00768470ec4bbca723') in 0.009 seconds [static and dynamic dependencies]. Details - ImportResultOutputID=6924df49521b88cf557c17d57fd0a400 DependenciesID=4a553a3c1998222a8bfe83c748f0814b StaticDependenciesID=1a0dafa3e38be1a1741d21b4dee9e0c3 
Number of updated asset objects reloaded before import = 0
Number of asset objects unloaded after import = 1
========================================================================
Received Import Request.
  Time of request: 2026-08-05T18:44:51.0457972Z
  Time since last request: 0.0228041 seconds.
  importAddress: GUID: 94ef141d84292aa449f735ddb4def15e - Path: Packages/com.unity.shadergraph/Editor/Generation/Targets/BuiltIn/Editor/ShaderGraph/BuiltInProperties.cs - Importer: ScriptedImporter/UnityEditor.QuickSearchModule:UnityEditor.Search:ASIAI0B
Importing 'GUID: 94ef141d84292aa449f735ddb4def15e - Path: Packages/com.unity.shadergraph/Editor/Generation/Targets/BuiltIn/Editor/ShaderGraph/BuiltInProperties.cs - Importer: ScriptedImporter/UnityEditor.QuickSearchModule:UnityEditor.Search:ASIAI0B' with importer (ScriptedImporter : UnityEditor.QuickSearchModule:UnityEditor.Search:ASIAI0B)
Imported 'GUID: 94ef141d84292aa449f735ddb4def15e' -> (Import Result ID: '9ef4417af4a499157e1cebb036d04872') in 0.002 seconds [static and dynamic dependencies]. Details - ImportResultOutputID=9e2bbae6cee134acba26878a9ee2c0d7 DependenciesID=c3ed02022806d97b2bb21c29667ed833 StaticDependenciesID=014b32324a81273080db7bfb026f8292 
Number of updated asset objects reloaded before import = 0
Number of asset objects unloaded after import = 0
========================================================================
Received Import Request.
  Time of request: 2026-08-05T18:44:51.0621766Z
  Time since last request: 0.007558 seconds.
  importAddress: GUID: d1c01b917a304614daf4994f4ca27e6d - Path: Packages/com.unity.shadergraph/Editor/Generation/Targets/BuiltIn/Editor/ShaderGraph/Templates/SharedCode.template.hlsl - Importer: ScriptedImporter/UnityEditor.QuickSearchModule:UnityEditor.Search:ASIAI0B
Importing 'GUID: d1c01b917a304614daf4994f4ca27e6d - Path: Packages/com.unity.shadergraph/Editor/Generation/Targets/BuiltIn/Editor/ShaderGraph/Templates/SharedCode.template.hlsl - Importer: ScriptedImporter/UnityEditor.QuickSearchModule:UnityEditor.Search:ASIAI0B' with importer (ScriptedImporter : UnityEditor.QuickSearchModule:UnityEditor.Search:ASIAI0B)
Imported 'GUID: d1c01b917a304614daf4994f4ca27e6d' -> (Import Result ID: 'f71c148feb549e7ed9e0757655c4ec22') in 0.003 seconds [static and dynamic dependencies]. Details - ImportResultOutputID=9a70957a69bfeba7fb1da1fd2f6f14c0 DependenciesID=c734c16abdae93b727301583bc95f966 StaticDependenciesID=e94634be7cf5009c45e57425e023638f 
Number of updated asset objects reloaded before import = 0
Number of asset objects unloaded after import = 1
========================================================================
Received Import Request.
  Time of request: 2026-08-05T18:44:51.0720178Z
  Time since last request: 0.0005446 seconds.
  importAddress: GUID: 7c33a2e733f9c2a4185a4a03d7ed39ca - Path: Packages/com.unity.shadergraph/Editor/Generation/Targets/BuiltIn/ShaderLibrary/Shim/HLSLSupportShim.hlsl - Importer: ScriptedImporter/UnityEditor.QuickSearchModule:UnityEditor.Search:ASIAI0B
Importing 'GUID: 7c33a2e733f9c2a4185a4a03d7ed39ca - Path: Packages/com.unity.shadergraph/Editor/Generation/Targets/BuiltIn/ShaderLibrary/Shim/HLSLSupportShim.hlsl - Importer: ScriptedImporter/UnityEditor.QuickSearchModule:UnityEditor.Search:ASIAI0B' with importer (ScriptedImporter : UnityEditor.QuickSearchModule:UnityEditor.Search:ASIAI0B)
Imported 'GUID: 7c33a2e733f9c2a4185a4a03d7ed39ca' -> (Import Result ID: 'c7d9f260673982e2cb8c5ee77777a8af') in 0.008 seconds [static and dynamic dependencies]. Details - ImportResultOutputID=5ac392e88950e4e22b5d5056cff8ba6f DependenciesID=1dda0002443c35cb1f20f0c4622be860 StaticDependenciesID=a6ceac3bcffbf15f296a077fd6b5a6e6 
Number of updated asset objects reloaded before import = 0
Number of asset objects unloaded after import = 1
========================================================================
Received Import Request.
  Time of request: 2026-08-05T18:44:51.0873253Z
  Time since last request: 0.0002742 seconds.
  importAddress: GUID: 9f12249d09c77224c8a6d6fad6e252b5 - Path: Packages/com.unity.shadergraph/Editor/Generation/Targets/BuiltIn/ShaderLibrary/Shim/UIShimPreview.hlsl - Importer: ScriptedImporter/UnityEditor.QuickSearchModule:UnityEditor.Search:ASIAI0B
Importing 'GUID: 9f12249d09c77224c8a6d6fad6e252b5 - Path: Packages/com.unity.shadergraph/Editor/Generation/Targets/BuiltIn/ShaderLibrary/Shim/UIShimPreview.hlsl - Importer: ScriptedImporter/UnityEditor.QuickSearchModule:UnityEditor.Search:ASIAI0B' with importer (ScriptedImporter : UnityEditor.QuickSearchModule:UnityEditor.Search:ASIAI0B)
Imported 'GUID: 9f12249d09c77224c8a6d6fad6e252b5' -> (Import Result ID: '73a38a3464211d6c449afb47de2bd0ea') in 0.008 seconds [static and dynamic dependencies]. Details - ImportResultOutputID=4595308e71f411dc79c96f8830dc1634 DependenciesID=5d8f77d8f477847c7b6a5ce8be6dd7c0 StaticDependenciesID=01f97d258e6bd25912b54625015a1e1d 
Number of updated asset objects reloaded before import = 0
Number of asset objects unloaded after import = 1
========================================================================
Received Import Request.
  Time of request: 2026-08-05T18:44:51.1033896Z
  Time since last request: 0.0002312 seconds.
  importAddress: GUID: d528c8c98d269ca44a06cd9624a03945 - Path: Packages/com.unity.ide.rider/Rider/Editor/com.unity.ide.rider.asmdef - Importer: ScriptedImporter/UnityEditor.QuickSearchModule:UnityEditor.Search:ASIAI0B
Importing 'GUID: d528c8c98d269ca44a06cd9624a03945 - Path: Packages/com.unity.ide.rider/Rider/Editor/com.unity.ide.rider.asmdef - Importer: ScriptedImporter/UnityEditor.QuickSearchModule:UnityEditor.Search:ASIAI0B' with importer (ScriptedImporter : UnityEditor.QuickSearchModule:UnityEditor.Search:ASIAI0B)
Imported 'GUID: d528c8c98d269ca44a06cd9624a03945' -> (Import Result ID: '11f8a716978d50eb23cec829d1243a5b') in 0.007 seconds [static and dynamic dependencies]. Details - ImportResultOutputID=f690c7ba4e98f5fd1136126a15e8202a DependenciesID=16b3f35da18973d59da6d53d7218dc00 StaticDependenciesID=c930e41b08e8d77211dd404a9d193be8 
Number of updated asset objects reloaded before import = 0
Number of asset objects unloaded after import = 1
========================================================================
Received Import Request.
  Time of request: 2026-08-05T18:44:51.1182321Z
  Time since last request: 0.0002437 seconds.
  importAddress: GUID: 6ef7b00e3331f8248bae14525a086473 - Path: Packages/com.unity.shadergraph/Editor/Generation/Targets/BuiltIn/Editor/ShaderGraph/AssetCallbacks/CreateUnlitShaderGraph.cs - Importer: ScriptedImporter/UnityEditor.QuickSearchModule:UnityEditor.Search:ASIAI0B
Importing 'GUID: 6ef7b00e3331f8248bae14525a086473 - Path: Packages/com.unity.shadergraph/Editor/Generation/Targets/BuiltIn/Editor/ShaderGraph/AssetCallbacks/CreateUnlitShaderGraph.cs - Importer: ScriptedImporter/UnityEditor.QuickSearchModule:UnityEditor.Search:ASIAI0B' with importer (ScriptedImporter : UnityEditor.QuickSearchModule:UnityEditor.Search:ASIAI0B)
Imported 'GUID: 6ef7b00e3331f8248bae14525a086473' -> (Import Result ID: '59ae2b2ac947fbff2cc17db935c81598') in 0.003 seconds [static and dynamic dependencies]. Details - ImportResultOutputID=f93d7985fee1b7d2b71c75ff028ff17c DependenciesID=2dbb62c926447f3317a66554f7b3ee04 StaticDependenciesID=b1a69cbd735f674f373d44bbd6a34033 
Number of updated asset objects reloaded before import = 0
Number of asset objects unloaded after import = 0
========================================================================
Received Import Request.
  Time of request: 2026-08-05T18:44:51.1303958Z
  Time since last request: 0.0002905 seconds.
  importAddress: GUID: b0ad362e98650f847a0f2dc834fcbc88 - Path: Packages/com.unity.shadergraph/Editor/Generation/Targets/BuiltIn/Editor/ShaderGraph/Targets/BuiltInSubTarget.cs - Importer: ScriptedImporter/UnityEditor.QuickSearchModule:UnityEditor.Search:ASIAI0B
Importing 'GUID: b0ad362e98650f847a0f2dc834fcbc88 - Path: Packages/com.unity.shadergraph/Editor/Generation/Targets/BuiltIn/Editor/ShaderGraph/Targets/BuiltInSubTarget.cs - Importer: ScriptedImporter/UnityEditor.QuickSearchModule:UnityEditor.Search:ASIAI0B' with importer (ScriptedImporter : UnityEditor.QuickSearchModule:UnityEditor.Search:ASIAI0B)
Imported 'GUID: b0ad362e98650f847a0f2dc834fcbc88' -> (Import Result ID: '3ce9a6903bbfb0693cac567ada9503c8') in 0.003 seconds [static and dynamic dependencies]. Details - ImportResultOutputID=7ca4b48b4bfcf14346b460164506a48e DependenciesID=e6e5ad24c8a447facdcd929f7e65c4b4 StaticDependenciesID=37e4de79dae48baf2b1c599ad584cb92 
Number of updated asset objects reloaded before import = 0
Number of asset objects unloaded after import = 0
========================================================================
Received Import Request.
  Time of request: 2026-08-05T18:44:51.1420616Z
  Time since last request: 0.0002272 seconds.
  importAddress: GUID: 81c69b3c2bf4fe14ab3de9d0335c8cd8 - Path: Packages/com.unity.shadergraph/Editor/Generation/Targets/BuiltIn/Editor/ShaderGUI/BuiltInLitGUI.cs - Importer: ScriptedImporter/UnityEditor.QuickSearchModule:UnityEditor.Search:ASIAI0B
Importing 'GUID: 81c69b3c2bf4fe14ab3de9d0335c8cd8 - Path: Packages/com.unity.shadergraph/Editor/Generation/Targets/BuiltIn/Editor/ShaderGUI/BuiltInLitGUI.cs - Importer: ScriptedImporter/UnityEditor.QuickSearchModule:UnityEditor.Search:ASIAI0B' with importer (ScriptedImporter : UnityEditor.QuickSearchModule:UnityEditor.Search:ASIAI0B)
Imported 'GUID: 81c69b3c2bf4fe14ab3de9d0335c8cd8' -> (Import Result ID: '17830a0517548a106b005d8e8f41ce3f') in 0.002 seconds [static and dynamic dependencies]. Details - ImportResultOutputID=d3e7529221a3aa5939ae096dea55525f DependenciesID=4225c281689427061d008d3122db5cfa StaticDependenciesID=ab4feafe297d3f35bb693159bd4c8e82 
Number of updated asset objects reloaded before import = 0
Number of asset objects unloaded after import = 0
========================================================================
Received Import Request.
  Time of request: 2026-08-05T18:44:51.1638049Z
  Time since last request: 0.0112963 seconds.
  importAddress: GUID: 8472c6472e6d4301873871a9e8fcf952 - Path: Packages/com.unity.ide.rider/Rider/Editor/Properties/AssemblyInfo.cs - Importer: ScriptedImporter/UnityEditor.QuickSearchModule:UnityEditor.Search:ASIAI0B
Importing 'GUID: 8472c6472e6d4301873871a9e8fcf952 - Path: Packages/com.unity.ide.rider/Rider/Editor/Properties/AssemblyInfo.cs - Importer: ScriptedImporter/UnityEditor.QuickSearchModule:UnityEditor.Search:ASIAI0B' with importer (ScriptedImporter : UnityEditor.QuickSearchModule:UnityEditor.Search:ASIAI0B)
Imported 'GUID: 8472c6472e6d4301873871a9e8fcf952' -> (Import Result ID: 'fb0f4368cc4871c889414f8671b8ed98') in 0.002 seconds [static and dynamic dependencies]. Details - ImportResultOutputID=e36c47585ca81a253646bc569e204d4d DependenciesID=2d83a4e27875e78cd6a62c59d755cc08 StaticDependenciesID=71081ef0955df76b91045b73b847e56e 
Number of updated asset objects reloaded before import = 0
Number of asset objects unloaded after import = 0
========================================================================
Received Import Request.
  Time of request: 2026-08-05T18:44:51.1733649Z
  Time since last request: 0.0004354 seconds.
  importAddress: GUID: 22608619ec9a4b1db7417e80c3123098 - Path: Packages/com.unity.ide.rider/Rider/Editor/Util/UnityVersionUtils.cs - Importer: ScriptedImporter/UnityEditor.QuickSearchModule:UnityEditor.Search:ASIAI0B
Importing 'GUID: 22608619ec9a4b1db7417e80c3123098 - Path: Packages/com.unity.ide.rider/Rider/Editor/Util/UnityVersionUtils.cs - Importer: ScriptedImporter/UnityEditor.QuickSearchModule:UnityEditor.Search:ASIAI0B' with importer (ScriptedImporter : UnityEditor.QuickSearchModule:UnityEditor.Search:ASIAI0B)
Imported 'GUID: 22608619ec9a4b1db7417e80c3123098' -> (Import Result ID: '3e3bba3f59a8c579c6f4cc7158cbe122') in 0.002 seconds [static and dynamic dependencies]. Details - ImportResultOutputID=9579e46408b9f0578379d9ccece2360c DependenciesID=19c7176c553e74ed404dec19197596e0 StaticDependenciesID=9edcdac70aa1fd4c949868917b53ad8c 
Number of updated asset objects reloaded before import = 0
Number of asset objects unloaded after import = 0
========================================================================
Received Import Request.
  Time of request: 2026-08-05T18:44:51.1830766Z
  Time since last request: 0.0003112 seconds.
  importAddress: GUID: 302b1bdfb7a645db994491799832912b - Path: Packages/com.unity.ide.rider/Rider/Editor/Util/StringBuilderExtensions.cs - Importer: ScriptedImporter/UnityEditor.QuickSearchModule:UnityEditor.Search:ASIAI0B
Importing 'GUID: 302b1bdfb7a645db994491799832912b - Path: Packages/com.unity.ide.rider/Rider/Editor/Util/StringBuilderExtensions.cs - Importer: ScriptedImporter/UnityEditor.QuickSearchModule:UnityEditor.Search:ASIAI0B' with importer (ScriptedImporter : UnityEditor.QuickSearchModule:UnityEditor.Search:ASIAI0B)
Imported 'GUID: 302b1bdfb7a645db994491799832912b' -> (Import Result ID: '73af357e4a4c3d6cbd7780af7000eaee') in 0.002 seconds [static and dynamic dependencies]. Details - ImportResultOutputID=b1b85b1fb69771b579d69174b16fd9ed DependenciesID=ebbbded2638a4d0e5ccde8b18fde30aa StaticDependenciesID=f6b8d8978fb25ddc21fb31781916327b 
Number of updated asset objects reloaded before import = 0
Number of asset objects unloaded after import = 0
========================================================================
Received Import Request.
  Time of request: 2026-08-05T18:44:51.1924201Z
  Time since last request: 0.0002661 seconds.
  importAddress: GUID: 32be1f4157d401645be84715cb5f8568 - Path: Packages/com.unity.render-pipelines.universal/Editor/ShaderScriptableStripper.cs - Importer: ScriptedImporter/UnityEditor.QuickSearchModule:UnityEditor.Search:ASIAI0B
Importing 'GUID: 32be1f4157d401645be84715cb5f8568 - Path: Packages/com.unity.render-pipelines.universal/Editor/ShaderScriptableStripper.cs - Importer: ScriptedImporter/UnityEditor.QuickSearchModule:UnityEditor.Search:ASIAI0B' with importer (ScriptedImporter : UnityEditor.QuickSearchModule:UnityEditor.Search:ASIAI0B)
Imported 'GUID: 32be1f4157d401645be84715cb5f8568' -> (Import Result ID: '073769a59747a3e13c34e527cfc23534') in 0.002 seconds [static and dynamic dependencies]. Details - ImportResultOutputID=c7668e34dcc69f28ec922b20dc6d8a04 DependenciesID=a930f91277efc8398a7f2d970755e0e8 StaticDependenciesID=b38cb33a5d218a26a8d334b8ffda57d1 
Number of updated asset objects reloaded before import = 0
Number of asset objects unloaded after import = 0
========================================================================
Received Import Request.
  Time of request: 2026-08-05T18:44:51.2021244Z
  Time since last request: 0.00025 seconds.
  importAddress: GUID: 0691c2fe40564a64b3a9b7372c5eca2a - Path: Packages/com.unity.ide.rider/Rider/Editor/ProjectGeneration/ProjectPart.cs - Importer: ScriptedImporter/UnityEditor.QuickSearchModule:UnityEditor.Search:ASIAI0B
Importing 'GUID: 0691c2fe40564a64b3a9b7372c5eca2a - Path: Packages/com.unity.ide.rider/Rider/Editor/ProjectGeneration/ProjectPart.cs - Importer: ScriptedImporter/UnityEditor.QuickSearchModule:UnityEditor.Search:ASIAI0B' with importer (ScriptedImporter : UnityEditor.QuickSearchModule:UnityEditor.Search:ASIAI0B)
Imported 'GUID: 0691c2fe40564a64b3a9b7372c5eca2a' -> (Import Result ID: '9ad3173597a31e40d323e6901548ad51') in 0.002 seconds [static and dynamic dependencies]. Details - ImportResultOutputID=e46d97e4f7f35f7431bc4a5aeb9d044e DependenciesID=caebc0a2cfd01e4dc0bdd26ea52b7bd6 StaticDependenciesID=f227c185f76f971f8dafc43010c594a3 
Number of updated asset objects reloaded before import = 0
Number of asset objects unloaded after import = 0
========================================================================
Received Import Request.
  Time of request: 2026-08-05T18:44:51.2133288Z
  Time since last request: 0.0002459 seconds.
  importAddress: GUID: 7078f19173ceac84fb9e29b9f6175201 - Path: Packages/com.unity.ide.rider/Rider/Editor/ProjectGeneration/ProjectGeneration.cs - Importer: ScriptedImporter/UnityEditor.QuickSearchModule:UnityEditor.Search:ASIAI0B
Importing 'GUID: 7078f19173ceac84fb9e29b9f6175201 - Path: Packages/com.unity.ide.rider/Rider/Editor/ProjectGeneration/ProjectGeneration.cs - Importer: ScriptedImporter/UnityEditor.QuickSearchModule:UnityEditor.Search:ASIAI0B' with importer (ScriptedImporter : UnityEditor.QuickSearchModule:UnityEditor.Search:ASIAI0B)
Imported 'GUID: 7078f19173ceac84fb9e29b9f6175201' -> (Import Result ID: 'b24fe92c17033b118edec67c9a927759') in 0.009 seconds [static and dynamic dependencies]. Details - ImportResultOutputID=e81cf0f3abdb45a83609650e6d0ef154 DependenciesID=11e777fd719e724c9e7f42b5586963a8 StaticDependenciesID=73857cdb58c65049e3444a379ef687ef 
Number of updated asset objects reloaded before import = 0
Number of asset objects unloaded after import = 0
========================================================================
Received Import Request.
  Time of request: 2026-08-05T18:44:51.231451Z
  Time since last request: 0.0003697 seconds.
  importAddress: GUID: feee7af7dbba54f55abd26b21ca99071 - Path: Packages/com.unity.render-pipelines.universal/Third Party Notices.md - Importer: ScriptedImporter/UnityEditor.QuickSearchModule:UnityEditor.Search:ASIAI0B
Importing 'GUID: feee7af7dbba54f55abd26b21ca99071 - Path: Packages/com.unity.render-pipelines.universal/Third Party Notices.md - Importer: ScriptedImporter/UnityEditor.QuickSearchModule:UnityEditor.Search:ASIAI0B' with importer (ScriptedImporter : UnityEditor.QuickSearchModule:UnityEditor.Search:ASIAI0B)
Imported 'GUID: feee7af7dbba54f55abd26b21ca99071' -> (Import Result ID: '995661fde0e10d65cdc44c559086e5d4') in 0.008 seconds [static and dynamic dependencies]. Details - ImportResultOutputID=639049aeeb2a86c1b7deccb1bde5b13f DependenciesID=82b6521f0a22b590466c4f7dc3c3190d StaticDependenciesID=8e1a1a848b4648e537d1c7a35b8c20f3 
Number of updated asset objects reloaded before import = 0
Number of asset objects unloaded after import = 1
========================================================================
Received Import Request.
  Time of request: 2026-08-05T18:44:51.2477402Z
  Time since last request: 0.000255 seconds.
  importAddress: GUID: 5c3b27069cb3ddf42ba1260eeefcdd1c - Path: Packages/com.unity.ide.rider/Rider/Editor/UnitTesting/RiderTestRunner.cs - Importer: ScriptedImporter/UnityEditor.QuickSearchModule:UnityEditor.Search:ASIAI0B
Importing 'GUID: 5c3b27069cb3ddf42ba1260eeefcdd1c - Path: Packages/com.unity.ide.rider/Rider/Editor/UnitTesting/RiderTestRunner.cs - Importer: ScriptedImporter/UnityEditor.QuickSearchModule:UnityEditor.Search:ASIAI0B' with importer (ScriptedImporter : UnityEditor.QuickSearchModule:UnityEditor.Search:ASIAI0B)
Imported 'GUID: 5c3b27069cb3ddf42ba1260eeefcdd1c' -> (Import Result ID: '1dbd2acd6de2830a8774b9e5aae04ca4') in 0.002 seconds [static and dynamic dependencies]. Details - ImportResultOutputID=a69ae685c3cd8be9eff7a3be94ffc380 DependenciesID=39d96391aa4648abc3018d852888d458 StaticDependenciesID=67ca7746cc9b35ba279aa5aab3f5a5bd 
Number of updated asset objects reloaded before import = 0
Number of asset objects unloaded after import = 0
========================================================================
Received Import Request.
  Time of request: 2026-08-05T18:44:51.2822884Z
  Time since last request: 0.0253641 seconds.
  importAddress: GUID: f2a793e0b6312e9449cf44973fd6acb0 - Path: Packages/com.unity.render-pipelines.universal/Runtime/PostProcessUtils.cs - Importer: ScriptedImporter/UnityEditor.QuickSearchModule:UnityEditor.Search:ASIAI0B
Importing 'GUID: f2a793e0b6312e9449cf44973fd6acb0 - Path: Packages/com.unity.render-pipelines.universal/Runtime/PostProcessUtils.cs - Importer: ScriptedImporter/UnityEditor.QuickSearchModule:UnityEditor.Search:ASIAI0B' with importer (ScriptedImporter : UnityEditor.QuickSearchModule:UnityEditor.Search:ASIAI0B)
Imported 'GUID: f2a793e0b6312e9449cf44973fd6acb0' -> (Import Result ID: 'bbd8e8d3126e8d79e86fc81be46d9d7b') in 0.002 seconds [static and dynamic dependencies]. Details - ImportResultOutputID=01a407fcf1b9560c48d235adae21249b DependenciesID=8fb8f0e25b31c0e0daf6b841809d1462 StaticDependenciesID=a8369323baa8308d959960be1b0da940 
Number of updated asset objects reloaded before import = 0
Number of asset objects unloaded after import = 0
========================================================================
Received Import Request.
  Time of request: 2026-08-05T18:44:51.2916711Z
  Time since last request: 0.0005025 seconds.
  importAddress: GUID: f89f88ac34eb4af48661362f290b68b3 - Path: Packages/com.unity.render-pipelines.universal/Runtime/UniversalAdditionalLightData.deprecated.cs - Importer: ScriptedImporter/UnityEditor.QuickSearchModule:UnityEditor.Search:ASIAI0B
Importing 'GUID: f89f88ac34eb4af48661362f290b68b3 - Path: Packages/com.unity.render-pipelines.universal/Runtime/UniversalAdditionalLightData.deprecated.cs - Importer: ScriptedImporter/UnityEditor.QuickSearchModule:UnityEditor.Search:ASIAI0B' with importer (ScriptedImporter : UnityEditor.QuickSearchModule:UnityEditor.Search:ASIAI0B)
Imported 'GUID: f89f88ac34eb4af48661362f290b68b3' -> (Import Result ID: 'fc28cd4ecfe1bf9e208f36053e691260') in 0.002 seconds [static and dynamic dependencies]. Details - ImportResultOutputID=8869d704d22965410c4c0df74f6259b9 DependenciesID=1ef81941b853dd908730f85d9fcc06ed StaticDependenciesID=6dc2ff56d2c3f612e1e1901df6790999 
Number of updated asset objects reloaded before import = 0
Number of asset objects unloaded after import = 0
========================================================================
Received Import Request.
  Time of request: 2026-08-05T18:44:51.3015487Z
  Time since last request: 0.0002948 seconds.
  importAddress: GUID: 9970fa110f6e0904eabc7780d79a96ae - Path: Packages/com.unity.render-pipelines.universal/Runtime/RenderingLayerUtils.cs - Importer: ScriptedImporter/UnityEditor.QuickSearchModule:UnityEditor.Search:ASIAI0B
Importing 'GUID: 9970fa110f6e0904eabc7780d79a96ae - Path: Packages/com.unity.render-pipelines.universal/Runtime/RenderingLayerUtils.cs - Importer: ScriptedImporter/UnityEditor.QuickSearchModule:UnityEditor.Search:ASIAI0B' with importer (ScriptedImporter : UnityEditor.QuickSearchModule:UnityEditor.Search:ASIAI0B)
Imported 'GUID: 9970fa110f6e0904eabc7780d79a96ae' -> (Import Result ID: '333a6089aef8005d1978523ae06601fe') in 0.002 seconds [static and dynamic dependencies]. Details - ImportResultOutputID=d5a4b3a793a72162fcb20472546784f3 DependenciesID=da7c010725d227c3bce060fd3363afa8 StaticDependenciesID=89a756ace9bf58ebea31d00d8b5a2ce0 
Number of updated asset objects reloaded before import = 0
Number of asset objects unloaded after import = 0
========================================================================
Received Import Request.
  Time of request: 2026-08-05T18:44:51.3125825Z
  Time since last request: 0.0004484 seconds.
  importAddress: GUID: 98c74010f62ed40b280474667ca0005e - Path: Packages/com.unity.render-pipelines.universal/Runtime/ScriptableRendererFeature.cs - Importer: ScriptedImporter/UnityEditor.QuickSearchModule:UnityEditor.Search:ASIAI0B
Importing 'GUID: 98c74010f62ed40b280474667ca0005e - Path: Packages/com.unity.render-pipelines.universal/Runtime/ScriptableRendererFeature.cs - Importer: ScriptedImporter/UnityEditor.QuickSearchModule:UnityEditor.Search:ASIAI0B' with importer (ScriptedImporter : UnityEditor.QuickSearchModule:UnityEditor.Search:ASIAI0B)
Imported 'GUID: 98c74010f62ed40b280474667ca0005e' -> (Import Result ID: 'd2ce69d438e879727f964f4584dec013') in 0.002 seconds [static and dynamic dependencies]. Details - ImportResultOutputID=870c1b83c98cd0f5cb70570645e8e8b3 DependenciesID=7599778bc43ec8550e4528dbe9ab43e0 StaticDependenciesID=2ad6e34b4be800429df8ec13fbbc1bc6 
Number of updated asset objects reloaded before import = 0
Number of asset objects unloaded after import = 0
========================================================================
Received Import Request.
  Time of request: 2026-08-05T18:44:51.3230289Z
  Time since last request: 0.000246 seconds.
  importAddress: GUID: faf8a17ca9820a74d92f339faeb2abc6 - Path: Packages/com.unity.render-pipelines.universal/Editor/UniversalAnalytics.cs - Importer: ScriptedImporter/UnityEditor.QuickSearchModule:UnityEditor.Search:ASIAI0B
Importing 'GUID: faf8a17ca9820a74d92f339faeb2abc6 - Path: Packages/com.unity.render-pipelines.universal/Editor/UniversalAnalytics.cs - Importer: ScriptedImporter/UnityEditor.QuickSearchModule:UnityEditor.Search:ASIAI0B' with importer (ScriptedImporter : UnityEditor.QuickSearchModule:UnityEditor.Search:ASIAI0B)
Imported 'GUID: faf8a17ca9820a74d92f339faeb2abc6' -> (Import Result ID: 'f66ec9ac6a1a22665d4eba485a892bc0') in 0.002 seconds [static and dynamic dependencies]. Details - ImportResultOutputID=5089dc65863156f4d3c4a774dc4e6914 DependenciesID=3c72ca9f52b9e3472b622f24659610f7 StaticDependenciesID=6bf967e595111b9163de8472cdb0fa31 
Number of updated asset objects reloaded before import = 0
Number of asset objects unloaded after import = 0
========================================================================
Received Import Request.
  Time of request: 2026-08-05T18:44:51.3336007Z
  Time since last request: 0.0002674 seconds.
  importAddress: GUID: a6c561a6ea5b9c7438624a404f703912 - Path: Packages/com.unity.render-pipelines.universal/Runtime/ShaderData.cs - Importer: ScriptedImporter/UnityEditor.QuickSearchModule:UnityEditor.Search:ASIAI0B
Importing 'GUID: a6c561a6ea5b9c7438624a404f703912 - Path: Packages/com.unity.render-pipelines.universal/Runtime/ShaderData.cs - Importer: ScriptedImporter/UnityEditor.QuickSearchModule:UnityEditor.Search:ASIAI0B' with importer (ScriptedImporter : UnityEditor.QuickSearchModule:UnityEditor.Search:ASIAI0B)
Imported 'GUID: a6c561a6ea5b9c7438624a404f703912' -> (Import Result ID: '8a2554e528e1cbbd69d5e6ccb48b5790') in 0.003 seconds [static and dynamic dependencies]. Details - ImportResultOutputID=a0200aa6aaf3f298c7cb287f3a2eaa07 DependenciesID=2fec3068051b58e78212beed3a8a8f27 StaticDependenciesID=e5bcc84491a7badb593eebd18c1703ef 
Number of updated asset objects reloaded before import = 0
Number of asset objects unloaded after import = 0
========================================================================
Received Import Request.
  Time of request: 2026-08-05T18:44:51.3447398Z
  Time since last request: 0.0003176 seconds.
  importAddress: GUID: 89a44a55ca94af242b02a0f02edb0ae7 - Path: Packages/com.unity.render-pipelines.universal/Editor/UniversalAdditionalLightDataEditor.cs - Importer: ScriptedImporter/UnityEditor.QuickSearchModule:UnityEditor.Search:ASIAI0B
Importing 'GUID: 89a44a55ca94af242b02a0f02edb0ae7 - Path: Packages/com.unity.render-pipelines.universal/Editor/UniversalAdditionalLightDataEditor.cs - Importer: ScriptedImporter/UnityEditor.QuickSearchModule:UnityEditor.Search:ASIAI0B' with importer (ScriptedImporter : UnityEditor.QuickSearchModule:UnityEditor.Search:ASIAI0B)
Imported 'GUID: 89a44a55ca94af242b02a0f02edb0ae7' -> (Import Result ID: '0d5d83fdbaad33422c7b128c6b446b6e') in 0.002 seconds [static and dynamic dependencies]. Details - ImportResultOutputID=d83536d790713b54b8c1a6c6c0a6c198 DependenciesID=836651ccea40dbb511dedf2caa72334a StaticDependenciesID=c96ef363dfdfecc8882eb58de49862cd 
Number of updated asset objects reloaded before import = 0
Number of asset objects unloaded after import = 0
========================================================================
Received Import Request.
  Time of request: 2026-08-05T18:44:51.3543377Z
  Time since last request: 0.0002383 seconds.
  importAddress: GUID: 632a8cfdfaac24d5f99ef36578edd4ed - Path: Packages/com.unity.render-pipelines.universal/Runtime/ScriptableRenderer.cs - Importer: ScriptedImporter/UnityEditor.QuickSearchModule:UnityEditor.Search:ASIAI0B
Importing 'GUID: 632a8cfdfaac24d5f99ef36578edd4ed - Path: Packages/com.unity.render-pipelines.universal/Runtime/ScriptableRenderer.cs - Importer: ScriptedImporter/UnityEditor.QuickSearchModule:UnityEditor.Search:ASIAI0B' with importer (ScriptedImporter : UnityEditor.QuickSearchModule:UnityEditor.Search:ASIAI0B)
Imported 'GUID: 632a8cfdfaac24d5f99ef36578edd4ed' -> (Import Result ID: '275fb16e60994787757cd04ebc728535') in 0.003 seconds [static and dynamic dependencies]. Details - ImportResultOutputID=f62c5b48e82769e118b7586c998a37ab DependenciesID=90e7529c99ad079955e4f38253c39d97 StaticDependenciesID=bf2f68d9efa16d2c61933893511b150a 
Number of updated asset objects reloaded before import = 0
Number of asset objects unloaded after import = 0
========================================================================
Received Import Request.
  Time of request: 2026-08-05T18:44:51.3654631Z
  Time since last request: 0.0002272 seconds.
  importAddress: GUID: a67c0bc2587298b44bc7bee9f923e8da - Path: Packages/com.unity.render-pipelines.universal/Runtime/ShadowCulling.cs - Importer: ScriptedImporter/UnityEditor.QuickSearchModule:UnityEditor.Search:ASIAI0B
Importing 'GUID: a67c0bc2587298b44bc7bee9f923e8da - Path: Packages/com.unity.render-pipelines.universal/Runtime/ShadowCulling.cs - Importer: ScriptedImporter/UnityEditor.QuickSearchModule:UnityEditor.Search:ASIAI0B' with importer (ScriptedImporter : UnityEditor.QuickSearchModule:UnityEditor.Search:ASIAI0B)
Imported 'GUID: a67c0bc2587298b44bc7bee9f923e8da' -> (Import Result ID: 'bf41e910fc4edb527d8dbac70247a90d') in 0.002 seconds [static and dynamic dependencies]. Details - ImportResultOutputID=1e9ec2edc4f73273b8f0efbc2c9428e0 DependenciesID=a836395461126a086250ed00e842e90e StaticDependenciesID=e525971aa09b4d60878e68b82dc21471 
Number of updated asset objects reloaded before import = 0
Number of asset objects unloaded after import = 0
========================================================================
Received Import Request.
  Time of request: 2026-08-05T18:44:51.3882994Z
  Time since last request: 0.0133107 seconds.
  importAddress: GUID: d84e8804a1d7b884fadfe260acd3935c - Path: Packages/com.unity.render-pipelines.universal/ShaderLibrary/Deprecated.cs - Importer: ScriptedImporter/UnityEditor.QuickSearchModule:UnityEditor.Search:ASIAI0B
Importing 'GUID: d84e8804a1d7b884fadfe260acd3935c - Path: Packages/com.unity.render-pipelines.universal/ShaderLibrary/Deprecated.cs - Importer: ScriptedImporter/UnityEditor.QuickSearchModule:UnityEditor.Search:ASIAI0B' with importer (ScriptedImporter : UnityEditor.QuickSearchModule:UnityEditor.Search:ASIAI0B)
Imported 'GUID: d84e8804a1d7b884fadfe260acd3935c' -> (Import Result ID: 'e30696317be553473b5f4f52c74e1cce') in 0.002 seconds [static and dynamic dependencies]. Details - ImportResultOutputID=00fce2358524e656dfbb1e936ca51954 DependenciesID=0af1ee930065cc2e51f728b4ff969105 StaticDependenciesID=ac84d3d42e190577f666a1d338174fae 
Number of updated asset objects reloaded before import = 0
Number of asset objects unloaded after import = 0
========================================================================
Received Import Request.
  Time of request: 2026-08-05T18:44:51.3982322Z
  Time since last request: 0.0005504 seconds.
  importAddress: GUID: 9b4e681081e2b4c469111bb649e2f7ee - Path: Packages/com.unity.render-pipelines.universal/Shaders/Decal.shadergraph - Importer: ScriptedImporter/UnityEditor.QuickSearchModule:UnityEditor.Search:ASIAI0B
Importing 'GUID: 9b4e681081e2b4c469111bb649e2f7ee - Path: Packages/com.unity.render-pipelines.universal/Shaders/Decal.shadergraph - Importer: ScriptedImporter/UnityEditor.QuickSearchModule:UnityEditor.Search:ASIAI0B' with importer (ScriptedImporter : UnityEditor.QuickSearchModule:UnityEditor.Search:ASIAI0B)
Imported 'GUID: 9b4e681081e2b4c469111bb649e2f7ee' -> (Import Result ID: '2cd65038e62522b3caba142c165da420') in 0.023 seconds [static and dynamic dependencies]. Details - ImportResultOutputID=285098761e392a8787dec849a085af02 DependenciesID=1a667654b6f573777708def0b4d919dd StaticDependenciesID=cb79a4d807e5b47fe7e0c0737e63cda3 
Number of updated asset objects reloaded before import = 0
Number of asset objects unloaded after import = 4
========================================================================
Received Import Request.
  Time of request: 2026-08-05T18:44:51.4285524Z
  Time since last request: 0.0001265 seconds.
  importAddress: GUID: d5c9d8a733254102b894def0429c24c4 - Path: Packages/com.unity.render-pipelines.universal/ShaderLibrary/SixWayLighting.hlsl - Importer: ScriptedImporter/UnityEditor.QuickSearchModule:UnityEditor.Search:ASIAI0B
Importing 'GUID: d5c9d8a733254102b894def0429c24c4 - Path: Packages/com.unity.render-pipelines.universal/ShaderLibrary/SixWayLighting.hlsl - Importer: ScriptedImporter/UnityEditor.QuickSearchModule:UnityEditor.Search:ASIAI0B' with importer (ScriptedImporter : UnityEditor.QuickSearchModule:UnityEditor.Search:ASIAI0B)
Imported 'GUID: d5c9d8a733254102b894def0429c24c4' -> (Import Result ID: 'fda9750fc461d9ff99104a9b44c4b96d') in 0.008 seconds [static and dynamic dependencies]. Details - ImportResultOutputID=a4bdc00a3cb4aa2a855f7b1bbce88dc3 DependenciesID=5baa7d3eaf8fa61c92565d06f4259564 StaticDependenciesID=0425cd763e894bb4f1bf784e1ad9a8d9 
Number of updated asset objects reloaded before import = 0
Number of asset objects unloaded after import = 1
========================================================================
Received Import Request.
  Time of request: 2026-08-05T18:44:51.4439825Z
  Time since last request: 0.0002028 seconds.
  importAddress: GUID: d6641dcdedd1f422aa58ffec746e5342 - Path: Packages/com.unity.render-pipelines.universal/Shaders/LitDepthNormalsPass.hlsl - Importer: ScriptedImporter/UnityEditor.QuickSearchModule:UnityEditor.Search:ASIAI0B
Importing 'GUID: d6641dcdedd1f422aa58ffec746e5342 - Path: Packages/com.unity.render-pipelines.universal/Shaders/LitDepthNormalsPass.hlsl - Importer: ScriptedImporter/UnityEditor.QuickSearchModule:UnityEditor.Search:ASIAI0B' with importer (ScriptedImporter : UnityEditor.QuickSearchModule:UnityEditor.Search:ASIAI0B)
Imported 'GUID: d6641dcdedd1f422aa58ffec746e5342' -> (Import Result ID: 'fb7286600a036d6b1e5e84887786b3d6') in 0.008 seconds [static and dynamic dependencies]. Details - ImportResultOutputID=024ee6ae6b00b5ba506de34ec14af3e5 DependenciesID=b7ed59571829f251546ec4cc5466c16b StaticDependenciesID=4d3f5357d999fb74a4c7fea3ad3375fb 
Number of updated asset objects reloaded before import = 0
Number of asset objects unloaded after import = 1
========================================================================
Received Import Request.
  Time of request: 2026-08-05T18:44:51.4612982Z
  Time since last request: 0.0002908 seconds.
  importAddress: GUID: 6c9c9877e9a3dff4fbc73fd447c653d8 - Path: Packages/com.unity.render-pipelines.universal/ShaderLibrary/MetaInput.hlsl - Importer: ScriptedImporter/UnityEditor.QuickSearchModule:UnityEditor.Search:ASIAI0B
Importing 'GUID: 6c9c9877e9a3dff4fbc73fd447c653d8 - Path: Packages/com.unity.render-pipelines.universal/ShaderLibrary/MetaInput.hlsl - Importer: ScriptedImporter/UnityEditor.QuickSearchModule:UnityEditor.Search:ASIAI0B' with importer (ScriptedImporter : UnityEditor.QuickSearchModule:UnityEditor.Search:ASIAI0B)
Imported 'GUID: 6c9c9877e9a3dff4fbc73fd447c653d8' -> (Import Result ID: '549e8d9c328fff8929921ccf435d19f3') in 0.002 seconds [static and dynamic dependencies]. Details - ImportResultOutputID=d456e979281d7c1e8a93b5a220175105 DependenciesID=9189dc882c9bdb6951d869b6f4b4dc97 StaticDependenciesID=49bf5a34b95c2d006bb3d21cd6654fc9 
Number of updated asset objects reloaded before import = 0
Number of asset objects unloaded after import = 1
========================================================================
Received Import Request.
  Time of request: 2026-08-05T18:44:51.4719578Z
  Time since last request: 0.0002661 seconds.
  importAddress: GUID: 5cb845b7decdb4db6a7fcc676b127b6d - Path: Packages/com.unity.render-pipelines.universal/ShaderLibrary/Shadows.hlsl - Importer: ScriptedImporter/UnityEditor.QuickSearchModule:UnityEditor.Search:ASIAI0B
Importing 'GUID: 5cb845b7decdb4db6a7fcc676b127b6d - Path: Packages/com.unity.render-pipelines.universal/ShaderLibrary/Shadows.hlsl - Importer: ScriptedImporter/UnityEditor.QuickSearchModule:UnityEditor.Search:ASIAI0B' with importer (ScriptedImporter : UnityEditor.QuickSearchModule:UnityEditor.Search:ASIAI0B)
Imported 'GUID: 5cb845b7decdb4db6a7fcc676b127b6d' -> (Import Result ID: 'b8587eb99946d2023fbcf1c800bcc665') in 0.002 seconds [static and dynamic dependencies]. Details - ImportResultOutputID=28b45ca154c59d68c18413828021292b DependenciesID=719885d5045c42f8fb2bec5fcc5fe77b StaticDependenciesID=d96f785090d0b9b87eedbffa4ae918a3 
Number of updated asset objects reloaded before import = 0
Number of asset objects unloaded after import = 1
========================================================================
Received Import Request.
  Time of request: 2026-08-05T18:44:51.481212Z
  Time since last request: 0.0002756 seconds.
  importAddress: GUID: bcd650cf6823f4f7fb62fe0eccae07b0 - Path: Packages/com.unity.render-pipelines.universal/ShaderLibrary/RenderingLayers.hlsl - Importer: ScriptedImporter/UnityEditor.QuickSearchModule:UnityEditor.Search:ASIAI0B
Importing 'GUID: bcd650cf6823f4f7fb62fe0eccae07b0 - Path: Packages/com.unity.render-pipelines.universal/ShaderLibrary/RenderingLayers.hlsl - Importer: ScriptedImporter/UnityEditor.QuickSearchModule:UnityEditor.Search:ASIAI0B' with importer (ScriptedImporter : UnityEditor.QuickSearchModule:UnityEditor.Search:ASIAI0B)
Imported 'GUID: bcd650cf6823f4f7fb62fe0eccae07b0' -> (Import Result ID: 'd7472748a0d6585f9adde9d37e5b783f') in 0.008 seconds [static and dynamic dependencies]. Details - ImportResultOutputID=ff5e609236be3ccac1dd93dad500e60b DependenciesID=b83d7dd33a6f8d5f9ba040006c97ed80 StaticDependenciesID=606a978f6fb47278d0f2eff00e7a38e0 
Number of updated asset objects reloaded before import = 0
Number of asset objects unloaded after import = 1
========================================================================
Received Import Request.
  Time of request: 2026-08-05T18:44:51.5047851Z
  Time since last request: 0.0077635 seconds.
  importAddress: GUID: 0e89e471cecba0d41a66b54909f947cc - Path: Packages/com.unity.render-pipelines.universal/Editor/Camera/UniversalRenderPipelineCameraUI.Rendering.Skin.cs - Importer: ScriptedImporter/UnityEditor.QuickSearchModule:UnityEditor.Search:ASIAI0B
Importing 'GUID: 0e89e471cecba0d41a66b54909f947cc - Path: Packages/com.unity.render-pipelines.universal/Editor/Camera/UniversalRenderPipelineCameraUI.Rendering.Skin.cs - Importer: ScriptedImporter/UnityEditor.QuickSearchModule:UnityEditor.Search:ASIAI0B' with importer (ScriptedImporter : UnityEditor.QuickSearchModule:UnityEditor.Search:ASIAI0B)
Imported 'GUID: 0e89e471cecba0d41a66b54909f947cc' -> (Import Result ID: '49d164e13a0a0aaea07e3cf5f32684cd') in 0.002 seconds [static and dynamic dependencies]. Details - ImportResultOutputID=9a18f060e91864a9d20b70cf416c8b81 DependenciesID=463078e62a1d90845565bb5bf9e32049 StaticDependenciesID=dddcb91ec722df30aea2ecc17d89a515 
Number of updated asset objects reloaded before import = 0
Number of asset objects unloaded after import = 0
========================================================================
Received Import Request.
  Time of request: 2026-08-05T18:44:51.5144367Z
  Time since last request: 0.0005817 seconds.
  importAddress: GUID: ce8b43269e26f4263ac0da53665264b9 - Path: Packages/com.unity.render-pipelines.universal/Shaders/UnlitDepthNormalsPass.hlsl - Importer: ScriptedImporter/UnityEditor.QuickSearchModule:UnityEditor.Search:ASIAI0B
Importing 'GUID: ce8b43269e26f4263ac0da53665264b9 - Path: Packages/com.unity.render-pipelines.universal/Shaders/UnlitDepthNormalsPass.hlsl - Importer: ScriptedImporter/UnityEditor.QuickSearchModule:UnityEditor.Search:ASIAI0B' with importer (ScriptedImporter : UnityEditor.QuickSearchModule:UnityEditor.Search:ASIAI0B)
Imported 'GUID: ce8b43269e26f4263ac0da53665264b9' -> (Import Result ID: '9968633ea2008bb6e659007a88ab4796') in 0.009 seconds [static and dynamic dependencies]. Details - ImportResultOutputID=983041ecf74c9bb4c7a440a0a5d7f4ae DependenciesID=1ef84fd72a277b9f6b5200bf7a8995b3 StaticDependenciesID=9f912025e53cb4ae154c0fd74f466e1c 
Number of updated asset objects reloaded before import = 0
Number of asset objects unloaded after import = 1
========================================================================
Received Import Request.
  Time of request: 2026-08-05T18:44:51.5305161Z
  Time since last request: 0.0002742 seconds.
  importAddress: GUID: 138efaf7fb432134da44d5a4981a62ad - Path: Packages/com.unity.render-pipelines.universal/Shaders/UnlitMetaPass.hlsl - Importer: ScriptedImporter/UnityEditor.QuickSearchModule:UnityEditor.Search:ASIAI0B
Importing 'GUID: 138efaf7fb432134da44d5a4981a62ad - Path: Packages/com.unity.render-pipelines.universal/Shaders/UnlitMetaPass.hlsl - Importer: ScriptedImporter/UnityEditor.QuickSearchModule:UnityEditor.Search:ASIAI0B' with importer (ScriptedImporter : UnityEditor.QuickSearchModule:UnityEditor.Search:ASIAI0B)
Imported 'GUID: 138efaf7fb432134da44d5a4981a62ad' -> (Import Result ID: 'fa3397fdb6626607898abde9a632ef97') in 0.008 seconds [static and dynamic dependencies]. Details - ImportResultOutputID=332a625d8858a99e39a7372892528ad2 DependenciesID=22999b44a5fc14ce211339b1b0724462 StaticDependenciesID=fde5afe964a4808d95f9c66444f09128 
Number of updated asset objects reloaded before import = 0
Number of asset objects unloaded after import = 1
========================================================================
Received Import Request.
  Time of request: 2026-08-05T18:44:51.5471103Z
  Time since last request: 0.0002283 seconds.
  importAddress: GUID: 5f8cea4f4fce7414ab78bcbf51dca71c - Path: Packages/com.unity.render-pipelines.universal/Shaders/SimpleLitGBufferPass.hlsl - Importer: ScriptedImporter/UnityEditor.QuickSearchModule:UnityEditor.Search:ASIAI0B
Importing 'GUID: 5f8cea4f4fce7414ab78bcbf51dca71c - Path: Packages/com.unity.render-pipelines.universal/Shaders/SimpleLitGBufferPass.hlsl - Importer: ScriptedImporter/UnityEditor.QuickSearchModule:UnityEditor.Search:ASIAI0B' with importer (ScriptedImporter : UnityEditor.QuickSearchModule:UnityEditor.Search:ASIAI0B)
Imported 'GUID: 5f8cea4f4fce7414ab78bcbf51dca71c' -> (Import Result ID: '17232dd58c1e7635ef3e919c9ec764c0') in 0.007 seconds [static and dynamic dependencies]. Details - ImportResultOutputID=febe5eb5ad6e3b27dc3002504bb91fcf DependenciesID=9d50697d8830e44194a893a61392d7f1 StaticDependenciesID=05fbb9d8abdfff9801129dd7178ce25e 
Number of updated asset objects reloaded before import = 0
Number of asset objects unloaded after import = 1
========================================================================
Received Import Request.
  Time of request: 2026-08-05T18:44:51.5611465Z
  Time since last request: 0.0003147 seconds.
  importAddress: GUID: fa9bd1f1c8ee9a146bdfb156e304bd33 - Path: Packages/com.unity.render-pipelines.universal/Editor/AssetPostProcessors/FBXArnoldSurfaceMaterialDescriptionPreprocessor.cs - Importer: ScriptedImporter/UnityEditor.QuickSearchModule:UnityEditor.Search:ASIAI0B
Importing 'GUID: fa9bd1f1c8ee9a146bdfb156e304bd33 - Path: Packages/com.unity.render-pipelines.universal/Editor/AssetPostProcessors/FBXArnoldSurfaceMaterialDescriptionPreprocessor.cs - Importer: ScriptedImporter/UnityEditor.QuickSearchModule:UnityEditor.Search:ASIAI0B' with importer (ScriptedImporter : UnityEditor.QuickSearchModule:UnityEditor.Search:ASIAI0B)
Imported 'GUID: fa9bd1f1c8ee9a146bdfb156e304bd33' -> (Import Result ID: '6b2ce8b412aef981d02ba8cef33ca99a') in 0.002 seconds [static and dynamic dependencies]. Details - ImportResultOutputID=684fddc7dae55a70621e702cde64dd41 DependenciesID=172f8dea707ca370df0e85cfff2ae021 StaticDependenciesID=b6eb58671e212a59ec6c5886236c28a5 
Number of updated asset objects reloaded before import = 0
Number of asset objects unloaded after import = 0
========================================================================
Received Import Request.
  Time of request: 2026-08-05T18:44:51.570441Z
  Time since last request: 0.0002354 seconds.
  importAddress: GUID: 26a413214480ef144b2915d6ff4d0beb - Path: Packages/com.unity.render-pipelines.universal/Textures/DebugFont.tga - Importer: ScriptedImporter/UnityEditor.QuickSearchModule:UnityEditor.Search:ASIAI0B
Importing 'GUID: 26a413214480ef144b2915d6ff4d0beb - Path: Packages/com.unity.render-pipelines.universal/Textures/DebugFont.tga - Importer: ScriptedImporter/UnityEditor.QuickSearchModule:UnityEditor.Search:ASIAI0B' with importer (ScriptedImporter : UnityEditor.QuickSearchModule:UnityEditor.Search:ASIAI0B)
Imported 'GUID: 26a413214480ef144b2915d6ff4d0beb' -> (Import Result ID: 'c12832b99cd3f4b6e269fe60bce2ac44') in 0.004 seconds [static and dynamic dependencies]. Details - ImportResultOutputID=d31b0d8c4f60d12dd224992cef83dfc3 DependenciesID=d0596dbfacfd766b5a096c8bd80b2838 StaticDependenciesID=2531db02f921474cbf9c57c366cd2735 
Number of updated asset objects reloaded before import = 0
Number of asset objects unloaded after import = 1
========================================================================
Received Import Request.
  Time of request: 2026-08-05T18:44:51.5816786Z
  Time since last request: 0.0001989 seconds.
  importAddress: GUID: c2bef50bb856f744080489123f6b3f84 - Path: Packages/com.unity.render-pipelines.universal/Editor/2D/Light2DEditor.cs - Importer: ScriptedImporter/UnityEditor.QuickSearchModule:UnityEditor.Search:ASIAI0B
Importing 'GUID: c2bef50bb856f744080489123f6b3f84 - Path: Packages/com.unity.render-pipelines.universal/Editor/2D/Light2DEditor.cs - Importer: ScriptedImporter/UnityEditor.QuickSearchModule:UnityEditor.Search:ASIAI0B' with importer (ScriptedImporter : UnityEditor.QuickSearchModule:UnityEditor.Search:ASIAI0B)
Imported 'GUID: c2bef50bb856f744080489123f6b3f84' -> (Import Result ID: 'bf366dc9b9834ab0bc5c66f4be79cbb1') in 0.002 seconds [static and dynamic dependencies]. Details - ImportResultOutputID=28a1237818c6bb02b2e36ae52bc53796 DependenciesID=a825d1eb0a7c1e8806498ddb025bac6d StaticDependenciesID=f6a95f51184d36012f3ec6d124c68eb5 
Number of updated asset objects reloaded before import = 0
Number of asset objects unloaded after import = 0
========================================================================
Received Import Request.
  Time of request: 2026-08-05T18:44:51.6051493Z
  Time since last request: 0.0136497 seconds.
  importAddress: GUID: a1f945299a132004b958edeb1e9441dd - Path: Packages/com.unity.render-pipelines.universal/Editor/RendererFeatures/NewPostProcessTemplateDropdownItems.cs - Importer: ScriptedImporter/UnityEditor.QuickSearchModule:UnityEditor.Search:ASIAI0B
Importing 'GUID: a1f945299a132004b958edeb1e9441dd - Path: Packages/com.unity.render-pipelines.universal/Editor/RendererFeatures/NewPostProcessTemplateDropdownItems.cs - Importer: ScriptedImporter/UnityEditor.QuickSearchModule:UnityEditor.Search:ASIAI0B' with importer (ScriptedImporter : UnityEditor.QuickSearchModule:UnityEditor.Search:ASIAI0B)
Imported 'GUID: a1f945299a132004b958edeb1e9441dd' -> (Import Result ID: '5b908dbd83f31e872b003126a2facb5b') in 0.002 seconds [static and dynamic dependencies]. Details - ImportResultOutputID=efa4b85ed2df4da02ac8d425c98775ea DependenciesID=facb73e6bca3975de9f9169663efa519 StaticDependenciesID=e07eddf0f42215f9be4134b3b26db420 
Number of updated asset objects reloaded before import = 0
Number of asset objects unloaded after import = 0
========================================================================
Received Import Request.
  Time of request: 2026-08-05T18:44:51.6150462Z
  Time since last request: 0.0007369 seconds.
  importAddress: GUID: 99c1f1ec31ff9924e9a75aff82e6b986 - Path: Packages/com.unity.render-pipelines.universal/Editor/Gizmos/Camera_Offscreen.png - Importer: ScriptedImporter/UnityEditor.QuickSearchModule:UnityEditor.Search:ASIAI0B
Importing 'GUID: 99c1f1ec31ff9924e9a75aff82e6b986 - Path: Packages/com.unity.render-pipelines.universal/Editor/Gizmos/Camera_Offscreen.png - Importer: ScriptedImporter/UnityEditor.QuickSearchModule:UnityEditor.Search:ASIAI0B' with importer (ScriptedImporter : UnityEditor.QuickSearchModule:UnityEditor.Search:ASIAI0B)
Imported 'GUID: 99c1f1ec31ff9924e9a75aff82e6b986' -> (Import Result ID: '1c8026a7dc513aa4b6220f7db0dfbf06') in 0.012 seconds [static and dynamic dependencies]. Details - ImportResultOutputID=aaff2bb463d5e8d3ce49336bd7acfac3 DependenciesID=45a63617ffd5c3b68d52f3bc77a5a2d8 StaticDependenciesID=6c692b68c610e76891de1dab8b8883db 
Number of updated asset objects reloaded before import = 0
Number of asset objects unloaded after import = 1
========================================================================
Received Import Request.
  Time of request: 2026-08-05T18:44:51.6357094Z
  Time since last request: 0.000202 seconds.
  importAddress: GUID: 2ac687ac4790a434e9503543c707b33f - Path: Packages/com.unity.render-pipelines.universal/Editor/ShaderGraph/UniversalStructs.cs - Importer: ScriptedImporter/UnityEditor.QuickSearchModule:UnityEditor.Search:ASIAI0B
Importing 'GUID: 2ac687ac4790a434e9503543c707b33f - Path: Packages/com.unity.render-pipelines.universal/Editor/ShaderGraph/UniversalStructs.cs - Importer: ScriptedImporter/UnityEditor.QuickSearchModule:UnityEditor.Search:ASIAI0B' with importer (ScriptedImporter : UnityEditor.QuickSearchModule:UnityEditor.Search:ASIAI0B)
Imported 'GUID: 2ac687ac4790a434e9503543c707b33f' -> (Import Result ID: '52af0944b51e94fff0bf51f4a6250559') in 0.003 seconds [static and dynamic dependencies]. Details - ImportResultOutputID=b25eca7c33d3c6022c054eef8a5db09b DependenciesID=8655563459d2489bfe544bca82d10d73 StaticDependenciesID=3d1d9a4faf1de9cfab147775323ddfe1 
Number of updated asset objects reloaded before import = 0
Number of asset objects unloaded after import = 0
========================================================================
Received Import Request.
  Time of request: 2026-08-05T18:44:51.6464155Z
  Time since last request: 0.0001852 seconds.
  importAddress: GUID: 24b1fe14c2b41d6489a7e7819483df6b - Path: Packages/com.unity.render-pipelines.universal/Editor/Gizmos/Camera_Base.png - Importer: ScriptedImporter/UnityEditor.QuickSearchModule:UnityEditor.Search:ASIAI0B
Importing 'GUID: 24b1fe14c2b41d6489a7e7819483df6b - Path: Packages/com.unity.render-pipelines.universal/Editor/Gizmos/Camera_Base.png - Importer: ScriptedImporter/UnityEditor.QuickSearchModule:UnityEditor.Search:ASIAI0B' with importer (ScriptedImporter : UnityEditor.QuickSearchModule:UnityEditor.Search:ASIAI0B)
Imported 'GUID: 24b1fe14c2b41d6489a7e7819483df6b' -> (Import Result ID: '49ccf44dae33d13473262de18470fffe') in 0.004 seconds [static and dynamic dependencies]. Details - ImportResultOutputID=b9d469325a3a235bb674aa2450e84334 DependenciesID=3f0654e2c0bd6d41c70f3efca2ca3d5a StaticDependenciesID=27d979c86547020f61eebe6611a82db7 
Number of updated asset objects reloaded before import = 0
Number of asset objects unloaded after import = 1
========================================================================
Received Import Request.
  Time of request: 2026-08-05T18:44:51.6579719Z
  Time since last request: 0.0002398 seconds.
  importAddress: GUID: d5f6a7ce5f9e41eb8f3b1910acaacd49 - Path: Packages/com.unity.render-pipelines.universal/Editor/RendererFeatures/SurfaceCacheGIEditor.cs - Importer: ScriptedImporter/UnityEditor.QuickSearchModule:UnityEditor.Search:ASIAI0B
Importing 'GUID: d5f6a7ce5f9e41eb8f3b1910acaacd49 - Path: Packages/com.unity.render-pipelines.universal/Editor/RendererFeatures/SurfaceCacheGIEditor.cs - Importer: ScriptedImporter/UnityEditor.QuickSearchModule:UnityEditor.Search:ASIAI0B' with importer (ScriptedImporter : UnityEditor.QuickSearchModule:UnityEditor.Search:ASIAI0B)
Imported 'GUID: d5f6a7ce5f9e41eb8f3b1910acaacd49' -> (Import Result ID: '2f6b2b48c8d438e403a7437e84383763') in 0.002 seconds [static and dynamic dependencies]. Details - ImportResultOutputID=b057cf5e2dd31acb0afb3da36eb2418e DependenciesID=d7885fa2a4e926b49ce5d2daadc89c76 StaticDependenciesID=2c60a2ac9cf265dab3e57079d315d359 
Number of updated asset objects reloaded before import = 0
Number of asset objects unloaded after import = 0
========================================================================
Received Import Request.
  Time of request: 2026-08-05T18:44:51.6683559Z
  Time since last request: 0.0002249 seconds.
  importAddress: GUID: 7db8784515f96cf459209aeab8ad7ce3 - Path: Packages/com.unity.render-pipelines.universal/Editor/Decal/CreateDecalShaderGraph.cs - Importer: ScriptedImporter/UnityEditor.QuickSearchModule:UnityEditor.Search:ASIAI0B
Importing 'GUID: 7db8784515f96cf459209aeab8ad7ce3 - Path: Packages/com.unity.render-pipelines.universal/Editor/Decal/CreateDecalShaderGraph.cs - Importer: ScriptedImporter/UnityEditor.QuickSearchModule:UnityEditor.Search:ASIAI0B' with importer (ScriptedImporter : UnityEditor.QuickSearchModule:UnityEditor.Search:ASIAI0B)
Imported 'GUID: 7db8784515f96cf459209aeab8ad7ce3' -> (Import Result ID: 'f00ecfaae21a4fd17125d6dc1c042b45') in 0.002 seconds [static and dynamic dependencies]. Details - ImportResultOutputID=d96b93a4dc2459d1123ad4b2723dae63 DependenciesID=348165f7c144b320224ce0363ab1604d StaticDependenciesID=c92dbc71e2842e28952cbce8e85a9982 
Number of updated asset objects reloaded before import = 0
Number of asset objects unloaded after import = 0
========================================================================
Received Import Request.
  Time of request: 2026-08-05T18:44:51.6784871Z
  Time since last request: 0.0002905 seconds.
  importAddress: GUID: 5a5420665d101df4c8b55860ae8aaa17 - Path: Packages/com.unity.render-pipelines.universal/Editor/Overrides/LiftGammaGainEditor.cs - Importer: ScriptedImporter/UnityEditor.QuickSearchModule:UnityEditor.Search:ASIAI0B
Importing 'GUID: 5a5420665d101df4c8b55860ae8aaa17 - Path: Packages/com.unity.render-pipelines.universal/Editor/Overrides/LiftGammaGainEditor.cs - Importer: ScriptedImporter/UnityEditor.QuickSearchModule:UnityEditor.Search:ASIAI0B' with importer (ScriptedImporter : UnityEditor.QuickSearchModule:UnityEditor.Search:ASIAI0B)
Imported 'GUID: 5a5420665d101df4c8b55860ae8aaa17' -> (Import Result ID: 'c5af926d24a292664b8bef9746fdbec5') in 0.003 seconds [static and dynamic dependencies]. Details - ImportResultOutputID=40d0c2a01ae96196dde8590f39de1314 DependenciesID=557bd1a52159ddb61b6a9275aa8bc511 StaticDependenciesID=ce11436a9c417192766a8faa5847a4d6 
Number of updated asset objects reloaded before import = 0
Number of asset objects unloaded after import = 0
========================================================================
Received Import Request.
  Time of request: 2026-08-05T18:44:51.6908936Z
  Time since last request: 0.0002974 seconds.
  importAddress: GUID: 916f43e9d8e15c448a2c8a5d30b26dbd - Path: Packages/com.unity.render-pipelines.universal/Editor/Gizmos/Camera_PostProcessing.png - Importer: ScriptedImporter/UnityEditor.QuickSearchModule:UnityEditor.Search:ASIAI0B
Importing 'GUID: 916f43e9d8e15c448a2c8a5d30b26dbd - Path: Packages/com.unity.render-pipelines.universal/Editor/Gizmos/Camera_PostProcessing.png - Importer: ScriptedImporter/UnityEditor.QuickSearchModule:UnityEditor.Search:ASIAI0B' with importer (ScriptedImporter : UnityEditor.QuickSearchModule:UnityEditor.Search:ASIAI0B)
Imported 'GUID: 916f43e9d8e15c448a2c8a5d30b26dbd' -> (Import Result ID: '740cac79e2390502a6e6b1db196566d2') in 0.012 seconds [static and dynamic dependencies]. Details - ImportResultOutputID=bccd90ecb6704e8c09be1ba4af3d105c DependenciesID=cbce8660c008f1107d1ff304f27b2d95 StaticDependenciesID=b3c82ddcf1825da248b134f261457011 
Number of updated asset objects reloaded before import = 0
Number of asset objects unloaded after import = 1
========================================================================
Received Import Request.
  Time of request: 2026-08-05T18:44:51.755389Z
  Time since last request: 0.0453571 seconds.
  importAddress: GUID: 478c8ec8473e14f4597a729050dc56f3 - Path: Packages/com.unity.render-pipelines.universal/Editor/ShaderGUI/ShadergraphSpriteGUI.cs - Importer: ScriptedImporter/UnityEditor.QuickSearchModule:UnityEditor.Search:ASIAI0B
Importing 'GUID: 478c8ec8473e14f4597a729050dc56f3 - Path: Packages/com.unity.render-pipelines.universal/Editor/ShaderGUI/ShadergraphSpriteGUI.cs - Importer: ScriptedImporter/UnityEditor.QuickSearchModule:UnityEditor.Search:ASIAI0B' with importer (ScriptedImporter : UnityEditor.QuickSearchModule:UnityEditor.Search:ASIAI0B)
Imported 'GUID: 478c8ec8473e14f4597a729050dc56f3' -> (Import Result ID: 'ea6577c0e2d7e520d00e4e9820c5f6aa') in 0.003 seconds [static and dynamic dependencies]. Details - ImportResultOutputID=f8c2be2085788a28cd0a250c7627e496 DependenciesID=2d2385b0526e9a5e553093fe5554de25 StaticDependenciesID=5da9b66384644a1f21e62574a8cc544a 
Number of updated asset objects reloaded before import = 0
Number of asset objects unloaded after import = 0
========================================================================
Received Import Request.
  Time of request: 2026-08-05T18:44:51.7661727Z
  Time since last request: 0.0001912 seconds.
  importAddress: GUID: 445455d37e7bc0048801afd5048170e8 - Path: Packages/com.unity.render-pipelines.universal/Runtime/2D/Provider2D.cs - Importer: ScriptedImporter/UnityEditor.QuickSearchModule:UnityEditor.Search:ASIAI0B
Importing 'GUID: 445455d37e7bc0048801afd5048170e8 - Path: Packages/com.unity.render-pipelines.universal/Runtime/2D/Provider2D.cs - Importer: ScriptedImporter/UnityEditor.QuickSearchModule:UnityEditor.Search:ASIAI0B' with importer (ScriptedImporter : UnityEditor.QuickSearchModule:UnityEditor.Search:ASIAI0B)
Imported 'GUID: 445455d37e7bc0048801afd5048170e8' -> (Import Result ID: '5a00baf6d99e744c581c7c144f279f61') in 0.003 seconds [static and dynamic dependencies]. Details - ImportResultOutputID=b7090dbd1942b111d521079fb606fc6b DependenciesID=dc1d88acf2437893fbe4fb8c379f6e26 StaticDependenciesID=5b3180891885a2f74adf8b7b26382f49 
Number of updated asset objects reloaded before import = 0
Number of asset objects unloaded after import = 0
========================================================================
Received Import Request.
  Time of request: 2026-08-05T18:44:51.7775784Z
  Time since last request: 0.0002348 seconds.
  importAddress: GUID: cd017e26c44959440b65ae797d9d4d90 - Path: Packages/com.unity.render-pipelines.universal/Runtime/Debug/UniversalRenderPipelineDebugDisplayStats.cs - Importer: ScriptedImporter/UnityEditor.QuickSearchModule:UnityEditor.Search:ASIAI0B
Importing 'GUID: cd017e26c44959440b65ae797d9d4d90 - Path: Packages/com.unity.render-pipelines.universal/Runtime/Debug/UniversalRenderPipelineDebugDisplayStats.cs - Importer: ScriptedImporter/UnityEditor.QuickSearchModule:UnityEditor.Search:ASIAI0B' with importer (ScriptedImporter : UnityEditor.QuickSearchModule:UnityEditor.Search:ASIAI0B)
Imported 'GUID: cd017e26c44959440b65ae797d9d4d90' -> (Import Result ID: '0901db6312d76595e4bce9852f3e721d') in 0.003 seconds [static and dynamic dependencies]. Details - ImportResultOutputID=a41609b4636c91ae104afe8cb034771a DependenciesID=bc7a8a61b5afa1c4eafbb74ba11661d4 StaticDependenciesID=d087fb817157531ec2d9e511cde62b41 
Number of updated asset objects reloaded before import = 0
Number of asset objects unloaded after import = 0
========================================================================
Received Import Request.
  Time of request: 2026-08-05T18:44:51.7877525Z
  Time since last request: 0.0002925 seconds.
  importAddress: GUID: 6f1482d9a0a18492f96f7cae7df31add - Path: Packages/com.unity.render-pipelines.universal/Runtime/Debug/DebugDisplaySettingsRendering.cs - Importer: ScriptedImporter/UnityEditor.QuickSearchModule:UnityEditor.Search:ASIAI0B
Importing 'GUID: 6f1482d9a0a18492f96f7cae7df31add - Path: Packages/com.unity.render-pipelines.universal/Runtime/Debug/DebugDisplaySettingsRendering.cs - Importer: ScriptedImporter/UnityEditor.QuickSearchModule:UnityEditor.Search:ASIAI0B' with importer (ScriptedImporter : UnityEditor.QuickSearchModule:UnityEditor.Search:ASIAI0B)
Imported 'GUID: 6f1482d9a0a18492f96f7cae7df31add' -> (Import Result ID: 'e537165a5a769de011247c5097bda7cb') in 0.002 seconds [static and dynamic dependencies]. Details - ImportResultOutputID=59f13aefd9b67c494c2304dbbbfe1dc2 DependenciesID=ffb7bb4c45a5a1cbed7b35de5cdb118b StaticDependenciesID=10180e289ebcf03c47591be91af63cef 
Number of updated asset objects reloaded before import = 0
Number of asset objects unloaded after import = 0
========================================================================
Received Import Request.
  Time of request: 2026-08-05T18:44:51.7976737Z
  Time since last request: 0.0002722 seconds.
  importAddress: GUID: 572910c10080c0945a0ef731ccedc739 - Path: Packages/com.unity.render-pipelines.universal/Runtime/Data/PostProcessData.cs - Importer: ScriptedImporter/UnityEditor.QuickSearchModule:UnityEditor.Search:ASIAI0B
Importing 'GUID: 572910c10080c0945a0ef731ccedc739 - Path: Packages/com.unity.render-pipelines.universal/Runtime/Data/PostProcessData.cs - Importer: ScriptedImporter/UnityEditor.QuickSearchModule:UnityEditor.Search:ASIAI0B' with importer (ScriptedImporter : UnityEditor.QuickSearchModule:UnityEditor.Search:ASIAI0B)
Imported 'GUID: 572910c10080c0945a0ef731ccedc739' -> (Import Result ID: 'b0273defd37b44db87ce1677992a1d51') in 0.002 seconds [static and dynamic dependencies]. Details - ImportResultOutputID=4a67f8b805d85b647fc7987b3cc6d334 DependenciesID=d2d986cda3cef9f90f910899e2df1799 StaticDependenciesID=55dbcc95730b5b15da8851c304dbbf01 
Number of updated asset objects reloaded before import = 0
Number of asset objects unloaded after import = 0
========================================================================
Received Import Request.
  Time of request: 2026-08-05T18:44:51.8069184Z
  Time since last request: 0.0003031 seconds.
  importAddress: GUID: ba6e69114eba6af4585b7b850051b2d9 - Path: Packages/com.unity.render-pipelines.universal/Runtime/Data/UniversalRendererData.asset - Importer: ScriptedImporter/UnityEditor.QuickSearchModule:UnityEditor.Search:ASIAI0B
Importing 'GUID: ba6e69114eba6af4585b7b850051b2d9 - Path: Packages/com.unity.render-pipelines.universal/Runtime/Data/UniversalRendererData.asset - Importer: ScriptedImporter/UnityEditor.QuickSearchModule:UnityEditor.Search:ASIAI0B' with importer (ScriptedImporter : UnityEditor.QuickSearchModule:UnityEditor.Search:ASIAI0B)
Imported 'GUID: ba6e69114eba6af4585b7b850051b2d9' -> (Import Result ID: '56f780061395e9d51b5ce375207a06f1') in 0.021 seconds [static and dynamic dependencies]. Details - ImportResultOutputID=9278d526aed3283e37b518ce48d35e0f DependenciesID=bfa33c9e364ead78ca8cf91dd2f28b80 StaticDependenciesID=f97ae8d394d3a410e4bf9cc3ee7dcd6e 
Number of updated asset objects reloaded before import = 0
Number of asset objects unloaded after import = 1
========================================================================
Received Import Request.
  Time of request: 2026-08-05T18:44:51.8351765Z
  Time since last request: 0.0003318 seconds.
  importAddress: GUID: b64304a6322ab44a3acc9758c949e286 - Path: Packages/com.unity.render-pipelines.universal/Runtime/Debug/DebugDisplaySettingsMaterial.cs - Importer: ScriptedImporter/UnityEditor.QuickSearchModule:UnityEditor.Search:ASIAI0B
Importing 'GUID: b64304a6322ab44a3acc9758c949e286 - Path: Packages/com.unity.render-pipelines.universal/Runtime/Debug/DebugDisplaySettingsMaterial.cs - Importer: ScriptedImporter/UnityEditor.QuickSearchModule:UnityEditor.Search:ASIAI0B' with importer (ScriptedImporter : UnityEditor.QuickSearchModule:UnityEditor.Search:ASIAI0B)
Imported 'GUID: b64304a6322ab44a3acc9758c949e286' -> (Import Result ID: '7089cf5080471ab1a723007af5d0f14f') in 0.002 seconds [static and dynamic dependencies]. Details - ImportResultOutputID=1877758a83ae41a953bd4e04e2b6009b DependenciesID=b352c604562aeb5f314158954aac0337 StaticDependenciesID=2baf19009e6f67279d6ef3149b30b40d 
Number of updated asset objects reloaded before import = 0
Number of asset objects unloaded after import = 0
========================================================================
Received Import Request.
  Time of request: 2026-08-05T18:44:51.8448784Z
  Time since last request: 0.000293 seconds.
  importAddress: GUID: bf34598b1ba253f4ab82fc5cffbed1ba - Path: Packages/com.unity.render-pipelines.universal/Editor/Terrain/TerrainPass.template - Importer: ScriptedImporter/UnityEditor.QuickSearchModule:UnityEditor.Search:ASIAI0B
Importing 'GUID: bf34598b1ba253f4ab82fc5cffbed1ba - Path: Packages/com.unity.render-pipelines.universal/Editor/Terrain/TerrainPass.template - Importer: ScriptedImporter/UnityEditor.QuickSearchModule:UnityEditor.Search:ASIAI0B' with importer (ScriptedImporter : UnityEditor.QuickSearchModule:UnityEditor.Search:ASIAI0B)
Imported 'GUID: bf34598b1ba253f4ab82fc5cffbed1ba' -> (Import Result ID: '267114a9a11a7d22ed185451a6c0a4c3') in 0.003 seconds [static and dynamic dependencies]. Details - ImportResultOutputID=8263c0e837f67ba1bf041edaf6f9d372 DependenciesID=473dea98d2b604345d568c31c8613ec5 StaticDependenciesID=6f236062dda9b176bb790dd1d32d4b00 
Number of updated asset objects reloaded before import = 0
Number of asset objects unloaded after import = 1
========================================================================
Received Import Request.
  Time of request: 2026-08-05T18:44:51.8603035Z
  Time since last request: 0.0029514 seconds.
  importAddress: GUID: eeb1feab11794b99b3f42243ad341369 - Path: Packages/com.unity.render-pipelines.universal/Runtime/FrameData/UniversalResourceData.cs - Importer: ScriptedImporter/UnityEditor.QuickSearchModule:UnityEditor.Search:ASIAI0B
Importing 'GUID: eeb1feab11794b99b3f42243ad341369 - Path: Packages/com.unity.render-pipelines.universal/Runtime/FrameData/UniversalResourceData.cs - Importer: ScriptedImporter/UnityEditor.QuickSearchModule:UnityEditor.Search:ASIAI0B' with importer (ScriptedImporter : UnityEditor.QuickSearchModule:UnityEditor.Search:ASIAI0B)
Imported 'GUID: eeb1feab11794b99b3f42243ad341369' -> (Import Result ID: 'fe6f27d9d26a6adae92919564a7ec53d') in 0.003 seconds [static and dynamic dependencies]. Details - ImportResultOutputID=2af78f9daa9d0fe3f37c18a1fa4fa946 DependenciesID=649211a039099df13e2fc22e723d1529 StaticDependenciesID=cfd8337bc04dc3fa3451338aef3c9ae3 
Number of updated asset objects reloaded before import = 0
Number of asset objects unloaded after import = 0
========================================================================
Received Import Request.
  Time of request: 2026-08-05T18:44:51.8705775Z
  Time since last request: 0.0004098 seconds.
  importAddress: GUID: 81180773991d8724ab7f2d216912b564 - Path: Packages/com.unity.render-pipelines.universal/Runtime/Overrides/ChromaticAberration.cs - Importer: ScriptedImporter/UnityEditor.QuickSearchModule:UnityEditor.Search:ASIAI0B
Importing 'GUID: 81180773991d8724ab7f2d216912b564 - Path: Packages/com.unity.render-pipelines.universal/Runtime/Overrides/ChromaticAberration.cs - Importer: ScriptedImporter/UnityEditor.QuickSearchModule:UnityEditor.Search:ASIAI0B' with importer (ScriptedImporter : UnityEditor.QuickSearchModule:UnityEditor.Search:ASIAI0B)
Imported 'GUID: 81180773991d8724ab7f2d216912b564' -> (Import Result ID: '3557522168a1924f4851423aa5e48119') in 0.002 seconds [static and dynamic dependencies]. Details - ImportResultOutputID=a24803e59d39531b0115561f6836442a DependenciesID=737219497097f6d447d716e05274c3cf StaticDependenciesID=4230dbfd891fcf2712a8924840b045b2 
Number of updated asset objects reloaded before import = 0
Number of asset objects unloaded after import = 0
========================================================================
Received Import Request.
  Time of request: 2026-08-05T18:44:51.8818066Z
  Time since last request: 0.0002831 seconds.
  importAddress: GUID: 787a9a86657542348d1b4e9caece0a0e - Path: Packages/com.unity.render-pipelines.universal/Runtime/History/TaaHistory.cs - Importer: ScriptedImporter/UnityEditor.QuickSearchModule:UnityEditor.Search:ASIAI0B
Importing 'GUID: 787a9a86657542348d1b4e9caece0a0e - Path: Packages/com.unity.render-pipelines.universal/Runtime/History/TaaHistory.cs - Importer: ScriptedImporter/UnityEditor.QuickSearchModule:UnityEditor.Search:ASIAI0B' with importer (ScriptedImporter : UnityEditor.QuickSearchModule:UnityEditor.Search:ASIAI0B)
Imported 'GUID: 787a9a86657542348d1b4e9caece0a0e' -> (Import Result ID: 'e2cfa744649d90612ba7d8c8ca9ae41f') in 0.003 seconds [static and dynamic dependencies]. Details - ImportResultOutputID=c7c50c49599244e04edc298b3fef6e5f DependenciesID=e072ce571bcad5366f1b6e85f0384077 StaticDependenciesID=ba424cbdd0e9b6cc63355eb8852cd098 
Number of updated asset objects reloaded before import = 0
Number of asset objects unloaded after import = 0
========================================================================
Received Import Request.
  Time of request: 2026-08-05T18:44:51.8939476Z
  Time since last request: 0.0002872 seconds.
  importAddress: GUID: 899c54efeace73346a0a16faa3afe726 - Path: Packages/com.unity.render-pipelines.universal/Runtime/Overrides/Vignette.cs - Importer: ScriptedImporter/UnityEditor.QuickSearchModule:UnityEditor.Search:ASIAI0B
Importing 'GUID: 899c54efeace73346a0a16faa3afe726 - Path: Packages/com.unity.render-pipelines.universal/Runtime/Overrides/Vignette.cs - Importer: ScriptedImporter/UnityEditor.QuickSearchModule:UnityEditor.Search:ASIAI0B' with importer (ScriptedImporter : UnityEditor.QuickSearchModule:UnityEditor.Search:ASIAI0B)
Imported 'GUID: 899c54efeace73346a0a16faa3afe726' -> (Import Result ID: '7560f8bef39ff45fce42ffa9074dd0e8') in 0.002 seconds [static and dynamic dependencies]. Details - ImportResultOutputID=079c0543eb47ef5a1d44618c3667596a DependenciesID=b302a8e489a1342bcc5ddeff10e81eb1 StaticDependenciesID=151b215f99f645594b3f87f0684c4d25 
Number of updated asset objects reloaded before import = 0
Number of asset objects unloaded after import = 0
========================================================================
Received Import Request.
  Time of request: 2026-08-05T18:44:51.9040361Z
  Time since last request: 0.0002469 seconds.
  importAddress: GUID: 4bcbfb254d9395f439b5d8a711e29acd - Path: Packages/com.unity.render-pipelines.universal/Runtime/Passes/HDRDebugViewPass.cs - Importer: ScriptedImporter/UnityEditor.QuickSearchModule:UnityEditor.Search:ASIAI0B
Importing 'GUID: 4bcbfb254d9395f439b5d8a711e29acd - Path: Packages/com.unity.render-pipelines.universal/Runtime/Passes/HDRDebugViewPass.cs - Importer: ScriptedImporter/UnityEditor.QuickSearchModule:UnityEditor.Search:ASIAI0B' with importer (ScriptedImporter : UnityEditor.QuickSearchModule:UnityEditor.Search:ASIAI0B)
Imported 'GUID: 4bcbfb254d9395f439b5d8a711e29acd' -> (Import Result ID: '0abafc6dfff0a3c631d7550be863faab') in 0.003 seconds [static and dynamic dependencies]. Details - ImportResultOutputID=d9cb257967447d5e1d99dd30f1898e0e DependenciesID=ca1257f9af873ed492577a2b2eb96110 StaticDependenciesID=dd8d1afec5a3a13afff05a1863b3dbd0 
Number of updated asset objects reloaded before import = 0
Number of asset objects unloaded after import = 0
========================================================================
Received Import Request.
  Time of request: 2026-08-05T18:44:51.9142956Z
  Time since last request: 0.0003148 seconds.
  importAddress: GUID: 6a1143ee683302f4aa628c052723efc1 - Path: Packages/com.unity.render-pipelines.universal/Runtime/Materials/SimpleLit.mat - Importer: ScriptedImporter/UnityEditor.QuickSearchModule:UnityEditor.Search:ASIAI0B
Importing 'GUID: 6a1143ee683302f4aa628c052723efc1 - Path: Packages/com.unity.render-pipelines.universal/Runtime/Materials/SimpleLit.mat - Importer: ScriptedImporter/UnityEditor.QuickSearchModule:UnityEditor.Search:ASIAI0B' with importer (ScriptedImporter : UnityEditor.QuickSearchModule:UnityEditor.Search:ASIAI0B)
Imported 'GUID: 6a1143ee683302f4aa628c052723efc1' -> (Import Result ID: 'ed46e8a6a6e8f3b9d3bf3a5e4cf9d5aa') in 0.010 seconds [static and dynamic dependencies]. Details - ImportResultOutputID=425d8614ca4aefb7938b5907dbe92ade DependenciesID=fb88b24025bb1080368f2f6453540807 StaticDependenciesID=65f982d6dae0abb590b603176880a774 
Number of updated asset objects reloaded before import = 0
Number of asset objects unloaded after import = 2
========================================================================
Received Import Request.
  Time of request: 2026-08-05T18:44:51.9330745Z
  Time since last request: 0.0001445 seconds.
  importAddress: GUID: d6268b3babfc1004c82ace3c407f46ef - Path: Packages/com.unity.render-pipelines.universal/Runtime/Passes/CopyDepthPass.cs - Importer: ScriptedImporter/UnityEditor.QuickSearchModule:UnityEditor.Search:ASIAI0B
Importing 'GUID: d6268b3babfc1004c82ace3c407f46ef - Path: Packages/com.unity.render-pipelines.universal/Runtime/Passes/CopyDepthPass.cs - Importer: ScriptedImporter/UnityEditor.QuickSearchModule:UnityEditor.Search:ASIAI0B' with importer (ScriptedImporter : UnityEditor.QuickSearchModule:UnityEditor.Search:ASIAI0B)
Imported 'GUID: d6268b3babfc1004c82ace3c407f46ef' -> (Import Result ID: 'dd876a84ab208d9ea6ae6f32a874991b') in 0.002 seconds [static and dynamic dependencies]. Details - ImportResultOutputID=89dfaf82fb43e96a3ad14fe35a19ee21 DependenciesID=82fafffb9e21e2e1bef493d34cf18729 StaticDependenciesID=2cace675c5bcbd571d63c53688135457 
Number of updated asset objects reloaded before import = 0
Number of asset objects unloaded after import = 0
========================================================================
Received Import Request.
  Time of request: 2026-08-05T18:44:51.9441511Z
  Time since last request: 0.0002451 seconds.
  importAddress: GUID: e021b4c809a781e468c2988c016ebbea - Path: Packages/com.unity.render-pipelines.universal/Runtime/Overrides/ColorLookup.cs - Importer: ScriptedImporter/UnityEditor.QuickSearchModule:UnityEditor.Search:ASIAI0B
Importing 'GUID: e021b4c809a781e468c2988c016ebbea - Path: Packages/com.unity.render-pipelines.universal/Runtime/Overrides/ColorLookup.cs - Importer: ScriptedImporter/UnityEditor.QuickSearchModule:UnityEditor.Search:ASIAI0B' with importer (ScriptedImporter : UnityEditor.QuickSearchModule:UnityEditor.Search:ASIAI0B)
Imported 'GUID: e021b4c809a781e468c2988c016ebbea' -> (Import Result ID: '29f462e5a96122983cfc0dfc80ba59ef') in 0.002 seconds [static and dynamic dependencies]. Details - ImportResultOutputID=4346a49c1d8416943369cf82e5571c9f DependenciesID=0a884075aa3913b939206b6818de858a StaticDependenciesID=d51863bb448641c8e6b948b8116a44a6 
Number of updated asset objects reloaded before import = 0
Number of asset objects unloaded after import = 0
========================================================================
Received Import Request.
  Time of request: 2026-08-05T18:44:51.9776997Z
  Time since last request: 0.0245683 seconds.
  importAddress: GUID: 1fca9967fa314c488bdb2e103730b278 - Path: Packages/com.unity.render-pipelines.universal/Runtime/Tiling/ReflectionProbeMinMaxZJob.cs - Importer: ScriptedImporter/UnityEditor.QuickSearchModule:UnityEditor.Search:ASIAI0B
Importing 'GUID: 1fca9967fa314c488bdb2e103730b278 - Path: Packages/com.unity.render-pipelines.universal/Runtime/Tiling/ReflectionProbeMinMaxZJob.cs - Importer: ScriptedImporter/UnityEditor.QuickSearchModule:UnityEditor.Search:ASIAI0B' with importer (ScriptedImporter : UnityEditor.QuickSearchModule:UnityEditor.Search:ASIAI0B)
Imported 'GUID: 1fca9967fa314c488bdb2e103730b278' -> (Import Result ID: 'b445772b2ede6e952970d9d299f7b0c9') in 0.002 seconds [static and dynamic dependencies]. Details - ImportResultOutputID=dae8604d580245f578246fee79340638 DependenciesID=86d3c470b99bba139b7aaad73f3cd0f2 StaticDependenciesID=950f7e6530bb75dbc9531d3dc10d9a5a 
Number of updated asset objects reloaded before import = 0
Number of asset objects unloaded after import = 0
========================================================================
Received Import Request.
  Time of request: 2026-08-05T18:44:51.987669Z
  Time since last request: 0.0008251 seconds.
  importAddress: GUID: ce09d4a80b88c5a4eb9768fab4f1ee00 - Path: Packages/com.unity.render-pipelines.universal/Shaders/2D/Shadow2D-Projected.shader - Importer: ScriptedImporter/UnityEditor.QuickSearchModule:UnityEditor.Search:ASIAI0B
Importing 'GUID: ce09d4a80b88c5a4eb9768fab4f1ee00 - Path: Packages/com.unity.render-pipelines.universal/Shaders/2D/Shadow2D-Projected.shader - Importer: ScriptedImporter/UnityEditor.QuickSearchModule:UnityEditor.Search:ASIAI0B' with importer (ScriptedImporter : UnityEditor.QuickSearchModule:UnityEditor.Search:ASIAI0B)
Imported 'GUID: ce09d4a80b88c5a4eb9768fab4f1ee00' -> (Import Result ID: 'f63969eee93a5d47f2889c95e2fb9063') in 0.003 seconds [static and dynamic dependencies]. Details - ImportResultOutputID=9d330b91a71c9988d4d1dc51ed5bce7a DependenciesID=7465b5bd2b63c9aa4498a31df2b65e5d StaticDependenciesID=a501391e9343c18bbc9daeae8a710277 
Number of updated asset objects reloaded before import = 0
Number of asset objects unloaded after import = 1
========================================================================
Received Import Request.
  Time of request: 2026-08-05T18:44:51.9971475Z
  Time since last request: 0.0002642 seconds.
  importAddress: GUID: fe4f13c1004a07d4ea1e30bfd0326d9e - Path: Packages/com.unity.render-pipelines.universal/Runtime/RendererFeatures/OnTileUberPost.shader - Importer: ScriptedImporter/UnityEditor.QuickSearchModule:UnityEditor.Search:ASIAI0B
Importing 'GUID: fe4f13c1004a07d4ea1e30bfd0326d9e - Path: Packages/com.unity.render-pipelines.universal/Runtime/RendererFeatures/OnTileUberPost.shader - Importer: ScriptedImporter/UnityEditor.QuickSearchModule:UnityEditor.Search:ASIAI0B' with importer (ScriptedImporter : UnityEditor.QuickSearchModule:UnityEditor.Search:ASIAI0B)
Imported 'GUID: fe4f13c1004a07d4ea1e30bfd0326d9e' -> (Import Result ID: '14037b80710f383b20a462ae237b1c48') in 0.002 seconds [static and dynamic dependencies]. Details - ImportResultOutputID=90b362012e4daf212cc4b6e896ca6578 DependenciesID=8d0134bf6b89afc76bdec44ba8ca6c11 StaticDependenciesID=d8392293c7d60a99e94a7b3303d087a4 
Number of updated asset objects reloaded before import = 0
Number of asset objects unloaded after import = 1
========================================================================
Received Import Request.
  Time of request: 2026-08-05T18:44:52.0073571Z
  Time since last request: 0.0002675 seconds.
  importAddress: GUID: 8da870822b2d17746b2bd8d494f18787 - Path: Packages/com.unity.render-pipelines.universal/Runtime/RenderPipelineResources/Renderer2DResources.cs - Importer: ScriptedImporter/UnityEditor.QuickSearchModule:UnityEditor.Search:ASIAI0B
Importing 'GUID: 8da870822b2d17746b2bd8d494f18787 - Path: Packages/com.unity.render-pipelines.universal/Runtime/RenderPipelineResources/Renderer2DResources.cs - Importer: ScriptedImporter/UnityEditor.QuickSearchModule:UnityEditor.Search:ASIAI0B' with importer (ScriptedImporter : UnityEditor.QuickSearchModule:UnityEditor.Search:ASIAI0B)
Imported 'GUID: 8da870822b2d17746b2bd8d494f18787' -> (Import Result ID: '360021acdbf9a24ca9ae5aa7da372424') in 0.002 seconds [static and dynamic dependencies]. Details - ImportResultOutputID=9cea4534cb6c9f92e0a4b0520760d044 DependenciesID=6448b6f967be4ba085020eac0f02c862 StaticDependenciesID=b085fbfa0fbe0ac1ed73a1323ac60f71 
Number of updated asset objects reloaded before import = 0
Number of asset objects unloaded after import = 0
========================================================================
Received Import Request.
  Time of request: 2026-08-05T18:44:52.016497Z
  Time since last request: 0.0002226 seconds.
  importAddress: GUID: 9d476ba138cb60c49a03d544270271d5 - Path: Packages/com.unity.render-pipelines.universal/Runtime/XR/XRSystemUniversal.cs - Importer: ScriptedImporter/UnityEditor.QuickSearchModule:UnityEditor.Search:ASIAI0B
Importing 'GUID: 9d476ba138cb60c49a03d544270271d5 - Path: Packages/com.unity.render-pipelines.universal/Runtime/XR/XRSystemUniversal.cs - Importer: ScriptedImporter/UnityEditor.QuickSearchModule:UnityEditor.Search:ASIAI0B' with importer (ScriptedImporter : UnityEditor.QuickSearchModule:UnityEditor.Search:ASIAI0B)
Imported 'GUID: 9d476ba138cb60c49a03d544270271d5' -> (Import Result ID: 'c2eb390d2906c4cf430b43c431e652b2') in 0.002 seconds [static and dynamic dependencies]. Details - ImportResultOutputID=b85d3116dce0462ffd3ad749104fe335 DependenciesID=c22fb374a2b08b0006302eb589f7a07b StaticDependenciesID=cab8f273196458e88f34eaa64f70ff91 
Number of updated asset objects reloaded before import = 0
Number of asset objects unloaded after import = 0
========================================================================
Received Import Request.
  Time of request: 2026-08-05T18:44:52.0255075Z
  Time since last request: 0.0002564 seconds.
  importAddress: GUID: 3f36a6a4d730c3942afd169457cb4035 - Path: Packages/com.unity.render-pipelines.universal/Runtime/Settings/URPDefaultVolumeProfileSetting.cs - Importer: ScriptedImporter/UnityEditor.QuickSearchModule:UnityEditor.Search:ASIAI0B
Importing 'GUID: 3f36a6a4d730c3942afd169457cb4035 - Path: Packages/com.unity.render-pipelines.universal/Runtime/Settings/URPDefaultVolumeProfileSetting.cs - Importer: ScriptedImporter/UnityEditor.QuickSearchModule:UnityEditor.Search:ASIAI0B' with importer (ScriptedImporter : UnityEditor.QuickSearchModule:UnityEditor.Search:ASIAI0B)
Imported 'GUID: 3f36a6a4d730c3942afd169457cb4035' -> (Import Result ID: '6daa3ea7dfa71bbaf0db68a0dcac8596') in 0.002 seconds [static and dynamic dependencies]. Details - ImportResultOutputID=6320364c3d642ab510c32942f339e7c6 DependenciesID=737f7c704ea9118da14cd124871e1f49 StaticDependenciesID=1b1695a4bc7c54e14f41c9845ac62a1b 
Number of updated asset objects reloaded before import = 0
Number of asset objects unloaded after import = 0
========================================================================
Received Import Request.
  Time of request: 2026-08-05T18:44:52.0365476Z
  Time since last request: 0.0003044 seconds.
  importAddress: GUID: 74659692f6350ba46b88180d9c826630 - Path: Packages/com.unity.render-pipelines.universal/Shaders/2D/RenderAs2D-Flattening.shader - Importer: ScriptedImporter/UnityEditor.QuickSearchModule:UnityEditor.Search:ASIAI0B
Importing 'GUID: 74659692f6350ba46b88180d9c826630 - Path: Packages/com.unity.render-pipelines.universal/Shaders/2D/RenderAs2D-Flattening.shader - Importer: ScriptedImporter/UnityEditor.QuickSearchModule:UnityEditor.Search:ASIAI0B' with importer (ScriptedImporter : UnityEditor.QuickSearchModule:UnityEditor.Search:ASIAI0B)
Imported 'GUID: 74659692f6350ba46b88180d9c826630' -> (Import Result ID: 'b0c134265dd096033774d187bd53a0e9') in 0.003 seconds [static and dynamic dependencies]. Details - ImportResultOutputID=cd182d5fdad5546ad319bfdc027a0f16 DependenciesID=a9d2259b444d1eb9867c074ec0bc4b2c StaticDependenciesID=6a6de29d9d657b44f6f460605635f3e0 
Number of updated asset objects reloaded before import = 0
Number of asset objects unloaded after import = 1
========================================================================
Received Import Request.
  Time of request: 2026-08-05T18:44:52.0482607Z
  Time since last request: 0.000213 seconds.
  importAddress: GUID: d8ae717b647341719f2a89f20faaf51b - Path: Packages/com.unity.render-pipelines.universal/ShaderLibrary/Debug/Debugging3D.hlsl - Importer: ScriptedImporter/UnityEditor.QuickSearchModule:UnityEditor.Search:ASIAI0B
Importing 'GUID: d8ae717b647341719f2a89f20faaf51b - Path: Packages/com.unity.render-pipelines.universal/ShaderLibrary/Debug/Debugging3D.hlsl - Importer: ScriptedImporter/UnityEditor.QuickSearchModule:UnityEditor.Search:ASIAI0B' with importer (ScriptedImporter : UnityEditor.QuickSearchModule:UnityEditor.Search:ASIAI0B)
Imported 'GUID: d8ae717b647341719f2a89f20faaf51b' -> (Import Result ID: '2887c991211b4924fad65270cf816f6f') in 0.008 seconds [static and dynamic dependencies]. Details - ImportResultOutputID=6e7781bebceba9b786dec38c34588161 DependenciesID=518114a5b5b4b0679b6d7d46ac14d3d0 StaticDependenciesID=0756e2631264b0d42b2134775038aa17 
Number of updated asset objects reloaded before import = 0
Number of asset objects unloaded after import = 1
========================================================================
Received Import Request.
  Time of request: 2026-08-05T18:44:52.0793829Z
  Time since last request: 0.0160941 seconds.
  importAddress: GUID: e7857e9d0c934dc4f83f270f8447b006 - Path: Packages/com.unity.render-pipelines.universal/Shaders/PostProcessing/UberPost.shader - Importer: ScriptedImporter/UnityEditor.QuickSearchModule:UnityEditor.Search:ASIAI0B
Importing 'GUID: e7857e9d0c934dc4f83f270f8447b006 - Path: Packages/com.unity.render-pipelines.universal/Shaders/PostProcessing/UberPost.shader - Importer: ScriptedImporter/UnityEditor.QuickSearchModule:UnityEditor.Search:ASIAI0B' with importer (ScriptedImporter : UnityEditor.QuickSearchModule:UnityEditor.Search:ASIAI0B)
Imported 'GUID: e7857e9d0c934dc4f83f270f8447b006' -> (Import Result ID: 'e6ae364759b3f040382b76041bb0b951') in 0.003 seconds [static and dynamic dependencies]. Details - ImportResultOutputID=92dc9ab2c6bb1e36b9c2caf5094b4dcf DependenciesID=959253ca7b22e48bc58e8280e4380f1b StaticDependenciesID=0a1ed67d29aee90cc1bdafb510b5bee8 
Number of updated asset objects reloaded before import = 0
Number of asset objects unloaded after import = 1
========================================================================
Received Import Request.
  Time of request: 2026-08-05T18:44:52.089203Z
  Time since last request: 0.0005432 seconds.
  importAddress: GUID: 6aa45ba0b4524671ae57fb74652592f3 - Path: Packages/com.unity.render-pipelines.universal/Shaders/Terrain/TerrainDetailLitInput.hlsl - Importer: ScriptedImporter/UnityEditor.QuickSearchModule:UnityEditor.Search:ASIAI0B
Importing 'GUID: 6aa45ba0b4524671ae57fb74652592f3 - Path: Packages/com.unity.render-pipelines.universal/Shaders/Terrain/TerrainDetailLitInput.hlsl - Importer: ScriptedImporter/UnityEditor.QuickSearchModule:UnityEditor.Search:ASIAI0B' with importer (ScriptedImporter : UnityEditor.QuickSearchModule:UnityEditor.Search:ASIAI0B)
Imported 'GUID: 6aa45ba0b4524671ae57fb74652592f3' -> (Import Result ID: '1cdce26339daa06078a1ac6b369d9122') in 0.007 seconds [static and dynamic dependencies]. Details - ImportResultOutputID=931497f64674d1f7de724261637b83c7 DependenciesID=4758d3221454b0d0ab864041f9233759 StaticDependenciesID=e86b7b20421fa3909f468082cfc5dcd0 
Number of updated asset objects reloaded before import = 0
Number of asset objects unloaded after import = 1
========================================================================
Received Import Request.
  Time of request: 2026-08-05T18:44:52.1038955Z
  Time since last request: 0.0002734 seconds.
  importAddress: GUID: 562b7ae4f629f144aa97780546fce7c6 - Path: Packages/com.unity.render-pipelines.universal/Shaders/PostProcessing/EdgeAdaptiveSpatialUpsampling.shader - Importer: ScriptedImporter/UnityEditor.QuickSearchModule:UnityEditor.Search:ASIAI0B
Importing 'GUID: 562b7ae4f629f144aa97780546fce7c6 - Path: Packages/com.unity.render-pipelines.universal/Shaders/PostProcessing/EdgeAdaptiveSpatialUpsampling.shader - Importer: ScriptedImporter/UnityEditor.QuickSearchModule:UnityEditor.Search:ASIAI0B' with importer (ScriptedImporter : UnityEditor.QuickSearchModule:UnityEditor.Search:ASIAI0B)
Imported 'GUID: 562b7ae4f629f144aa97780546fce7c6' -> (Import Result ID: '1db306ca18c237fc2817a4809aff8b74') in 0.002 seconds [static and dynamic dependencies]. Details - ImportResultOutputID=c418459d4e6d33c37dd7838cbf4396fa DependenciesID=e507732240fde9e663ff1fab40336e6a StaticDependenciesID=2aecfdfed3eec9c9df1324426bf43d83 
Number of updated asset objects reloaded before import = 0
Number of asset objects unloaded after import = 1
========================================================================
Received Import Request.
  Time of request: 2026-08-05T18:44:52.1137658Z
  Time since last request: 0.0002906 seconds.
  importAddress: GUID: 6cda457ac28612740adb23da5d39ea92 - Path: Packages/com.unity.render-pipelines.universal/Shaders/PostProcessing/LensFlareDataDriven.shader - Importer: ScriptedImporter/UnityEditor.QuickSearchModule:UnityEditor.Search:ASIAI0B
Importing 'GUID: 6cda457ac28612740adb23da5d39ea92 - Path: Packages/com.unity.render-pipelines.universal/Shaders/PostProcessing/LensFlareDataDriven.shader - Importer: ScriptedImporter/UnityEditor.QuickSearchModule:UnityEditor.Search:ASIAI0B' with importer (ScriptedImporter : UnityEditor.QuickSearchModule:UnityEditor.Search:ASIAI0B)
Imported 'GUID: 6cda457ac28612740adb23da5d39ea92' -> (Import Result ID: 'bb83230e823de2ace2e5c5f267a2efaa') in 0.003 seconds [static and dynamic dependencies]. Details - ImportResultOutputID=cdaf7a79e18b3cb0ff1563743d208cde DependenciesID=025daf74907f91a12413d60e70f32104 StaticDependenciesID=47673dc6624c652e3118126efd30934c 
Number of updated asset objects reloaded before import = 0
Number of asset objects unloaded after import = 1
========================================================================
Received Import Request.
  Time of request: 2026-08-05T18:44:52.1249271Z
  Time since last request: 0.0002614 seconds.
  importAddress: GUID: 2aed67ad60045d54ba3a00c91e2d2631 - Path: Packages/com.unity.render-pipelines.universal/Shaders/PostProcessing/BokehDepthOfField.shader - Importer: ScriptedImporter/UnityEditor.QuickSearchModule:UnityEditor.Search:ASIAI0B
Importing 'GUID: 2aed67ad60045d54ba3a00c91e2d2631 - Path: Packages/com.unity.render-pipelines.universal/Shaders/PostProcessing/BokehDepthOfField.shader - Importer: ScriptedImporter/UnityEditor.QuickSearchModule:UnityEditor.Search:ASIAI0B' with importer (ScriptedImporter : UnityEditor.QuickSearchModule:UnityEditor.Search:ASIAI0B)
Imported 'GUID: 2aed67ad60045d54ba3a00c91e2d2631' -> (Import Result ID: 'a73990a28b63ec3025f0b8e6245dc572') in 0.004 seconds [static and dynamic dependencies]. Details - ImportResultOutputID=caaa2a9ea98140de3948fea171296fc7 DependenciesID=2d2d868f5fd1da74391ae813cc8bece5 StaticDependenciesID=c3d8725a5483e55b8981f38fe809bcd4 
Number of updated asset objects reloaded before import = 0
Number of asset objects unloaded after import = 1
========================================================================
Received Import Request.
  Time of request: 2026-08-05T18:44:52.136742Z
  Time since last request: 0.000187 seconds.
  importAddress: GUID: 693515911c7346d448c10a3cfc4acf45 - Path: Packages/com.unity.render-pipelines.universal/Shaders/Nature/SpeedTree7BillboardInput.hlsl - Importer: ScriptedImporter/UnityEditor.QuickSearchModule:UnityEditor.Search:ASIAI0B
Importing 'GUID: 693515911c7346d448c10a3cfc4acf45 - Path: Packages/com.unity.render-pipelines.universal/Shaders/Nature/SpeedTree7BillboardInput.hlsl - Importer: ScriptedImporter/UnityEditor.QuickSearchModule:UnityEditor.Search:ASIAI0B' with importer (ScriptedImporter : UnityEditor.QuickSearchModule:UnityEditor.Search:ASIAI0B)
Imported 'GUID: 693515911c7346d448c10a3cfc4acf45' -> (Import Result ID: 'f600353bd55a4cd1d4b9f9a92a1bccbb') in 0.008 seconds [static and dynamic dependencies]. Details - ImportResultOutputID=46aa9efc161b865821da0e117c2ea3bd DependenciesID=20bffdd665e33fa34809c335f3a442c0 StaticDependenciesID=d154c5ff6f381ae8c9873a195cf12870 
Number of updated asset objects reloaded before import = 0
Number of asset objects unloaded after import = 1
========================================================================
Received Import Request.
  Time of request: 2026-08-05T18:44:52.1522079Z
  Time since last request: 0.0002794 seconds.
  importAddress: GUID: b7839dad95683814aa64166edc107ae2 - Path: Packages/com.unity.render-pipelines.universal/Shaders/Particles/ParticlesLit.shader - Importer: ScriptedImporter/UnityEditor.QuickSearchModule:UnityEditor.Search:ASIAI0B
Importing 'GUID: b7839dad95683814aa64166edc107ae2 - Path: Packages/com.unity.render-pipelines.universal/Shaders/Particles/ParticlesLit.shader - Importer: ScriptedImporter/UnityEditor.QuickSearchModule:UnityEditor.Search:ASIAI0B' with importer (ScriptedImporter : UnityEditor.QuickSearchModule:UnityEditor.Search:ASIAI0B)
Imported 'GUID: b7839dad95683814aa64166edc107ae2' -> (Import Result ID: 'dbc4a5782e1bfc948ba812179d2dc7c5') in 0.003 seconds [static and dynamic dependencies]. Details - ImportResultOutputID=a50e0ef60d64322b3632a1e337d5b4fc DependenciesID=7abe783e895da94d633f8a5cab57e9bd StaticDependenciesID=daaeda6cb5b59d38b4b87cfcb8a39eec 
Number of updated asset objects reloaded before import = 0
Number of asset objects unloaded after import = 1
========================================================================
Received Import Request.
  Time of request: 2026-08-05T18:44:52.1631408Z
  Time since last request: 0.0003613 seconds.
  importAddress: GUID: 69c1f799e772cb6438f56c23efccb782 - Path: Packages/com.unity.render-pipelines.universal/Shaders/Terrain/TerrainLit.shader - Importer: ScriptedImporter/UnityEditor.QuickSearchModule:UnityEditor.Search:ASIAI0B
Importing 'GUID: 69c1f799e772cb6438f56c23efccb782 - Path: Packages/com.unity.render-pipelines.universal/Shaders/Terrain/TerrainLit.shader - Importer: ScriptedImporter/UnityEditor.QuickSearchModule:UnityEditor.Search:ASIAI0B' with importer (ScriptedImporter : UnityEditor.QuickSearchModule:UnityEditor.Search:ASIAI0B)
Imported 'GUID: 69c1f799e772cb6438f56c23efccb782' -> (Import Result ID: '13d306ff0f72660dc4a96870c3257386') in 0.003 seconds [static and dynamic dependencies]. Details - ImportResultOutputID=b803ff7a29f1874e280bab8ed5bbdc4a DependenciesID=49ac39548917ec795bf6b701b124d6f4 StaticDependenciesID=bbaf819505818f3cba6c9ea227b03a92 
Number of updated asset objects reloaded before import = 0
Number of asset objects unloaded after import = 1
========================================================================
Received Import Request.
  Time of request: 2026-08-05T18:44:52.1742272Z
  Time since last request: 0.0003017 seconds.
  importAddress: GUID: f3f941933e171854386001194281536f - Path: Packages/com.unity.render-pipelines.universal/Shaders/Nature/SpeedTree7Passes.hlsl - Importer: ScriptedImporter/UnityEditor.QuickSearchModule:UnityEditor.Search:ASIAI0B
Importing 'GUID: f3f941933e171854386001194281536f - Path: Packages/com.unity.render-pipelines.universal/Shaders/Nature/SpeedTree7Passes.hlsl - Importer: ScriptedImporter/UnityEditor.QuickSearchModule:UnityEditor.Search:ASIAI0B' with importer (ScriptedImporter : UnityEditor.QuickSearchModule:UnityEditor.Search:ASIAI0B)
Imported 'GUID: f3f941933e171854386001194281536f' -> (Import Result ID: 'd604bb2de242ac81919c3b85403d1780') in 0.007 seconds [static and dynamic dependencies]. Details - ImportResultOutputID=6f701ffde4a74421ef7f7f8052964799 DependenciesID=888c3ae95b392c4452ae52e78d3dc754 StaticDependenciesID=34fc9b4621219bd68245ae741f35993b 
Number of updated asset objects reloaded before import = 0
Number of asset objects unloaded after import = 1
========================================================================
Received Import Request.
  Time of request: 2026-08-05T18:44:52.2005743Z
  Time since last request: 0.0107229 seconds.
  importAddress: GUID: 971e7c84ed6bc40fc95bdbb2e008013f - Path: Packages/com.unity.render-pipelines.universal/Shaders/Utils/CopyDepthPass.hlsl - Importer: ScriptedImporter/UnityEditor.QuickSearchModule:UnityEditor.Search:ASIAI0B
Importing 'GUID: 971e7c84ed6bc40fc95bdbb2e008013f - Path: Packages/com.unity.render-pipelines.universal/Shaders/Utils/CopyDepthPass.hlsl - Importer: ScriptedImporter/UnityEditor.QuickSearchModule:UnityEditor.Search:ASIAI0B' with importer (ScriptedImporter : UnityEditor.QuickSearchModule:UnityEditor.Search:ASIAI0B)
Imported 'GUID: 971e7c84ed6bc40fc95bdbb2e008013f' -> (Import Result ID: '8de54a49243543cc56e959d26859ca7a') in 0.009 seconds [static and dynamic dependencies]. Details - ImportResultOutputID=d9761b3ad5b26598158c001a7a8a501b DependenciesID=6930fc73f6aba25f7de03961f8df94cd StaticDependenciesID=baab56fb15297d4cb2945040ce0eff4e 
Number of updated asset objects reloaded before import = 0
Number of asset objects unloaded after import = 1
========================================================================
Received Import Request.
  Time of request: 2026-08-05T18:44:52.2170594Z
  Time since last request: 0.0002551 seconds.
  importAddress: GUID: 7057bb795f794bc44a4e34ca79be6e54 - Path: Packages/com.unity.render-pipelines.universal/Tests/Editor/CustomDepthBlit.shader - Importer: ScriptedImporter/UnityEditor.QuickSearchModule:UnityEditor.Search:ASIAI0B
Importing 'GUID: 7057bb795f794bc44a4e34ca79be6e54 - Path: Packages/com.unity.render-pipelines.universal/Tests/Editor/CustomDepthBlit.shader - Importer: ScriptedImporter/UnityEditor.QuickSearchModule:UnityEditor.Search:ASIAI0B' with importer (ScriptedImporter : UnityEditor.QuickSearchModule:UnityEditor.Search:ASIAI0B)
Imported 'GUID: 7057bb795f794bc44a4e34ca79be6e54' -> (Import Result ID: '34d8a18db57cc3d446b853c7b00ec707') in 0.002 seconds [static and dynamic dependencies]. Details - ImportResultOutputID=0295ae07cea65acc2169c55750ff848c DependenciesID=aed57d77da344e69d8479f6d470ae8e0 StaticDependenciesID=6a94b112355b7e09dcce1da9ca4acb7e 
Number of updated asset objects reloaded before import = 0
Number of asset objects unloaded after import = 1
========================================================================
Received Import Request.
  Time of request: 2026-08-05T18:44:52.2268741Z
  Time since last request: 0.0002572 seconds.
  importAddress: GUID: 222cce62363a44a380c36bf03b392608 - Path: Packages/com.unity.render-pipelines.universal/Shaders/Utils/ClusterDeferred.shader - Importer: ScriptedImporter/UnityEditor.QuickSearchModule:UnityEditor.Search:ASIAI0B
Importing 'GUID: 222cce62363a44a380c36bf03b392608 - Path: Packages/com.unity.render-pipelines.universal/Shaders/Utils/ClusterDeferred.shader - Importer: ScriptedImporter/UnityEditor.QuickSearchModule:UnityEditor.Search:ASIAI0B' with importer (ScriptedImporter : UnityEditor.QuickSearchModule:UnityEditor.Search:ASIAI0B)
Imported 'GUID: 222cce62363a44a380c36bf03b392608' -> (Import Result ID: '00d49244063d830c94c309b6e2886951') in 0.003 seconds [static and dynamic dependencies]. Details - ImportResultOutputID=d5f838d3425f4aa50a4b48b90106a586 DependenciesID=5a9329262966216ecb479bd19cb26530 StaticDependenciesID=8e95e1aec9f601dcf39e034b67404d41 
Number of updated asset objects reloaded before import = 0
Number of asset objects unloaded after import = 1
========================================================================
Received Import Request.
  Time of request: 2026-08-05T18:44:52.2388016Z
  Time since last request: 0.0002318 seconds.
  importAddress: GUID: 0849e84e3d62649e8882e9d6f056a017 - Path: Packages/com.unity.render-pipelines.universal/Shaders/Utils/ScreenSpaceAmbientOcclusion.shader - Importer: ScriptedImporter/UnityEditor.QuickSearchModule:UnityEditor.Search:ASIAI0B
Importing 'GUID: 0849e84e3d62649e8882e9d6f056a017 - Path: Packages/com.unity.render-pipelines.universal/Shaders/Utils/ScreenSpaceAmbientOcclusion.shader - Importer: ScriptedImporter/UnityEditor.QuickSearchModule:UnityEditor.Search:ASIAI0B' with importer (ScriptedImporter : UnityEditor.QuickSearchModule:UnityEditor.Search:ASIAI0B)
Imported 'GUID: 0849e84e3d62649e8882e9d6f056a017' -> (Import Result ID: 'f8cea2fa9d22ad87f1a0da74140cb7d4') in 0.003 seconds [static and dynamic dependencies]. Details - ImportResultOutputID=6c7e767f832563da4225dc4ce7ffea4e DependenciesID=d39af26ef3c986baa709ed5e55ccca8a StaticDependenciesID=f1e9741b130f0d7a33b756b71d2325db 
Number of updated asset objects reloaded before import = 0
Number of asset objects unloaded after import = 1
========================================================================
Received Import Request.
  Time of request: 2026-08-05T18:44:52.2488347Z
  Time since last request: 0.0002503 seconds.
  importAddress: GUID: affb8a852369435f8e6a36bf7893715f - Path: Packages/com.unity.render-pipelines.universal/Shaders/Utils/ClusterDeferred.hlsl - Importer: ScriptedImporter/UnityEditor.QuickSearchModule:UnityEditor.Search:ASIAI0B
Importing 'GUID: affb8a852369435f8e6a36bf7893715f - Path: Packages/com.unity.render-pipelines.universal/Shaders/Utils/ClusterDeferred.hlsl - Importer: ScriptedImporter/UnityEditor.QuickSearchModule:UnityEditor.Search:ASIAI0B' with importer (ScriptedImporter : UnityEditor.QuickSearchModule:UnityEditor.Search:ASIAI0B)
Imported 'GUID: affb8a852369435f8e6a36bf7893715f' -> (Import Result ID: '861a01d84cc4359aff8b46be5d17ec96') in 0.007 seconds [static and dynamic dependencies]. Details - ImportResultOutputID=e81534249a4c3d15ef93b583035a91d2 DependenciesID=40f0420e2f199d9531ecb964eb775762 StaticDependenciesID=ae1127727e07a6a9a1e2875c7f771c9b 
Number of updated asset objects reloaded before import = 0
Number of asset objects unloaded after import = 1
========================================================================
Received Import Request.
  Time of request: 2026-08-05T18:44:52.2651112Z
  Time since last request: 0.0002541 seconds.
  importAddress: GUID: e9155b26e1bc55942a41e518703fe304 - Path: Packages/com.unity.render-pipelines.universal/Shaders/Utils/StencilDeferred.shader - Importer: ScriptedImporter/UnityEditor.QuickSearchModule:UnityEditor.Search:ASIAI0B
Importing 'GUID: e9155b26e1bc55942a41e518703fe304 - Path: Packages/com.unity.render-pipelines.universal/Shaders/Utils/StencilDeferred.shader - Importer: ScriptedImporter/UnityEditor.QuickSearchModule:UnityEditor.Search:ASIAI0B' with importer (ScriptedImporter : UnityEditor.QuickSearchModule:UnityEditor.Search:ASIAI0B)
Imported 'GUID: e9155b26e1bc55942a41e518703fe304' -> (Import Result ID: 'e42758e4f26565b4a783dce03349e522') in 0.004 seconds [static and dynamic dependencies]. Details - ImportResultOutputID=4dfd27dbe638f94cdb722d810f6c0348 DependenciesID=83d8fe567735124cc72c4c5df0897559 StaticDependenciesID=20aa83c4b560ca62d757c7302e2e7f9d 
Number of updated asset objects reloaded before import = 0
Number of asset objects unloaded after import = 1
========================================================================
Received Import Request.
  Time of request: 2026-08-05T18:44:52.2774538Z
  Time since last request: 0.0002132 seconds.
  importAddress: GUID: 3fc1d215954974240928b390996c4362 - Path: Packages/com.unity.render-pipelines.universal/Tests/Editor/SupportedOnRendererAttributeTests.cs - Importer: ScriptedImporter/UnityEditor.QuickSearchModule:UnityEditor.Search:ASIAI0B
Importing 'GUID: 3fc1d215954974240928b390996c4362 - Path: Packages/com.unity.render-pipelines.universal/Tests/Editor/SupportedOnRendererAttributeTests.cs - Importer: ScriptedImporter/UnityEditor.QuickSearchModule:UnityEditor.Search:ASIAI0B' with importer (ScriptedImporter : UnityEditor.QuickSearchModule:UnityEditor.Search:ASIAI0B)
Imported 'GUID: 3fc1d215954974240928b390996c4362' -> (Import Result ID: '83c584a3093a69dace41b5a2f0df1591') in 0.003 seconds [static and dynamic dependencies]. Details - ImportResultOutputID=89aac524d185107b851ec08f496d9e03 DependenciesID=f99321dd827b3f8f2fda3d131192d567 StaticDependenciesID=745e8c6ce65acfdd75840e1eb3d5341d 
Number of updated asset objects reloaded before import = 0
Number of asset objects unloaded after import = 0
========================================================================
Received Import Request.
  Time of request: 2026-08-05T18:44:52.288355Z
  Time since last request: 0.0002931 seconds.
  importAddress: GUID: 573a6c03a0cb85549bc135c9832138b2 - Path: Packages/com.unity.render-pipelines.universal/Tests/Editor/ShaderScriptableStripperTests.cs - Importer: ScriptedImporter/UnityEditor.QuickSearchModule:UnityEditor.Search:ASIAI0B
Importing 'GUID: 573a6c03a0cb85549bc135c9832138b2 - Path: Packages/com.unity.render-pipelines.universal/Tests/Editor/ShaderScriptableStripperTests.cs - Importer: ScriptedImporter/UnityEditor.QuickSearchModule:UnityEditor.Search:ASIAI0B' with importer (ScriptedImporter : UnityEditor.QuickSearchModule:UnityEditor.Search:ASIAI0B)
Imported 'GUID: 573a6c03a0cb85549bc135c9832138b2' -> (Import Result ID: '82dfc14d454f15220b8b4aac13954cb6') in 0.002 seconds [static and dynamic dependencies]. Details - ImportResultOutputID=a591b704d147b72973fcbb211ab94aaa DependenciesID=5d6c2e162d745bc831bb6a40df9344ab StaticDependenciesID=4844cda56b9efd79f58f584742d125c4 
Number of updated asset objects reloaded before import = 0
Number of asset objects unloaded after import = 0
========================================================================
Received Import Request.
  Time of request: 2026-08-05T18:44:52.3224437Z
  Time since last request: 0.0245445 seconds.
  importAddress: GUID: 654c582f7f8a5a14dbd7d119cbde215d - Path: Packages/com.unity.render-pipelines.universal/Textures/FilmGrain/Thin01.png - Importer: ScriptedImporter/UnityEditor.QuickSearchModule:UnityEditor.Search:ASIAI0B
Importing 'GUID: 654c582f7f8a5a14dbd7d119cbde215d - Path: Packages/com.unity.render-pipelines.universal/Textures/FilmGrain/Thin01.png - Importer: ScriptedImporter/UnityEditor.QuickSearchModule:UnityEditor.Search:ASIAI0B' with importer (ScriptedImporter : UnityEditor.QuickSearchModule:UnityEditor.Search:ASIAI0B)
Imported 'GUID: 654c582f7f8a5a14dbd7d119cbde215d' -> (Import Result ID: 'd1c5e3d057528d8e57bb60bad8b0a970') in 0.005 seconds [static and dynamic dependencies]. Details - ImportResultOutputID=e8bece86a651ed95f15f33e83c683703 DependenciesID=d7fb461cba389378946cdab2f9c690ba StaticDependenciesID=0565eaa074751f9d7b2c6d2a389cd056 
Number of updated asset objects reloaded before import = 0
Number of asset objects unloaded after import = 1
========================================================================
Received Import Request.
  Time of request: 2026-08-05T18:44:52.3339428Z
  Time since last request: 0.000221 seconds.
  importAddress: GUID: 56a77a3e8d64f47b6afe9e3c95cb57d5 - Path: Packages/com.unity.render-pipelines.universal/Textures/BlueNoise256/LDR_LLL1_6.png - Importer: ScriptedImporter/UnityEditor.QuickSearchModule:UnityEditor.Search:ASIAI0B
Importing 'GUID: 56a77a3e8d64f47b6afe9e3c95cb57d5 - Path: Packages/com.unity.render-pipelines.universal/Textures/BlueNoise256/LDR_LLL1_6.png - Importer: ScriptedImporter/UnityEditor.QuickSearchModule:UnityEditor.Search:ASIAI0B' with importer (ScriptedImporter : UnityEditor.QuickSearchModule:UnityEditor.Search:ASIAI0B)
Imported 'GUID: 56a77a3e8d64f47b6afe9e3c95cb57d5' -> (Import Result ID: '471019de3029d65b4dd8cb56e6779500') in 0.004 seconds [static and dynamic dependencies]. Details - ImportResultOutputID=b8ae41fa2d14a586454f6ef420e6123d DependenciesID=6abed46d447e1cbeca8b0886204e6f34 StaticDependenciesID=30915f536238a642a1025270b365fe92 
Number of updated asset objects reloaded before import = 0
Number of asset objects unloaded after import = 1
========================================================================
Received Import Request.
  Time of request: 2026-08-05T18:44:52.3445597Z
  Time since last request: 0.0003468 seconds.
  importAddress: GUID: 1097e90e1306e26439701489f391a6c0 - Path: Packages/com.unity.render-pipelines.universal/Textures/FilmGrain/Medium01.png - Importer: ScriptedImporter/UnityEditor.QuickSearchModule:UnityEditor.Search:ASIAI0B
Importing 'GUID: 1097e90e1306e26439701489f391a6c0 - Path: Packages/com.unity.render-pipelines.universal/Textures/FilmGrain/Medium01.png - Importer: ScriptedImporter/UnityEditor.QuickSearchModule:UnityEditor.Search:ASIAI0B' with importer (ScriptedImporter : UnityEditor.QuickSearchModule:UnityEditor.Search:ASIAI0B)
Imported 'GUID: 1097e90e1306e26439701489f391a6c0' -> (Import Result ID: '55766e8968d5356201592c9b08a352a0') in 0.004 seconds [static and dynamic dependencies]. Details - ImportResultOutputID=0b02802ebb61dd9506d6ce0c8749d92c DependenciesID=25337de874a62a0f238a03ae0c2cc127 StaticDependenciesID=ecc410834ea8690cb0cbe7d556608bb1 
Number of updated asset objects reloaded before import = 0
Number of asset objects unloaded after import = 1
========================================================================
Received Import Request.
  Time of request: 2026-08-05T18:44:52.3552832Z
  Time since last request: 0.0002061 seconds.
  importAddress: GUID: 9930fb4528622b34687b00bbe6883de7 - Path: Packages/com.unity.render-pipelines.universal/Textures/FilmGrain/Medium03.png - Importer: ScriptedImporter/UnityEditor.QuickSearchModule:UnityEditor.Search:ASIAI0B
Importing 'GUID: 9930fb4528622b34687b00bbe6883de7 - Path: Packages/com.unity.render-pipelines.universal/Textures/FilmGrain/Medium03.png - Importer: ScriptedImporter/UnityEditor.QuickSearchModule:UnityEditor.Search:ASIAI0B' with importer (ScriptedImporter : UnityEditor.QuickSearchModule:UnityEditor.Search:ASIAI0B)
Imported 'GUID: 9930fb4528622b34687b00bbe6883de7' -> (Import Result ID: '663f96bd84372cf634311aa4436065a4') in 0.004 seconds [static and dynamic dependencies]. Details - ImportResultOutputID=b4ea6cc014dc1180856887c71675701a DependenciesID=b0028290b4cfd8be567472a014381c5e StaticDependenciesID=95a86302ab8732fdc957c0a0fa835b01 
Number of updated asset objects reloaded before import = 0
Number of asset objects unloaded after import = 1
========================================================================
Received Import Request.
  Time of request: 2026-08-05T18:44:52.3666588Z
  Time since last request: 0.0002435 seconds.
  importAddress: GUID: 4d81aa6b4f52f5a46a02e0957a23f550 - Path: Packages/com.unity.render-pipelines.universal/Editor/2D/Converter/URP2DConverterUtility.cs - Importer: ScriptedImporter/UnityEditor.QuickSearchModule:UnityEditor.Search:ASIAI0B
Importing 'GUID: 4d81aa6b4f52f5a46a02e0957a23f550 - Path: Packages/com.unity.render-pipelines.universal/Editor/2D/Converter/URP2DConverterUtility.cs - Importer: ScriptedImporter/UnityEditor.QuickSearchModule:UnityEditor.Search:ASIAI0B' with importer (ScriptedImporter : UnityEditor.QuickSearchModule:UnityEditor.Search:ASIAI0B)
Imported 'GUID: 4d81aa6b4f52f5a46a02e0957a23f550' -> (Import Result ID: '73c2c5fdd6328029f05a4045d2874b49') in 0.002 seconds [static and dynamic dependencies]. Details - ImportResultOutputID=97a2557d01c9f1faa228d3409888ade3 DependenciesID=1db930ac51409e8580f8bf8d1f3d35da StaticDependenciesID=0be1c5e7fd264ba414bf7dd4667c4f5a 
Number of updated asset objects reloaded before import = 0
Number of asset objects unloaded after import = 0
========================================================================
Received Import Request.
  Time of request: 2026-08-05T18:44:52.3774812Z
  Time since last request: 0.0003291 seconds.
  importAddress: GUID: 7ff48272166a7b6439b6945d39d51766 - Path: Packages/com.unity.render-pipelines.universal/Editor/2D/Converter/PhotoshopAssetsUpgrader.cs - Importer: ScriptedImporter/UnityEditor.QuickSearchModule:UnityEditor.Search:ASIAI0B
Importing 'GUID: 7ff48272166a7b6439b6945d39d51766 - Path: Packages/com.unity.render-pipelines.universal/Editor/2D/Converter/PhotoshopAssetsUpgrader.cs - Importer: ScriptedImporter/UnityEditor.QuickSearchModule:UnityEditor.Search:ASIAI0B' with importer (ScriptedImporter : UnityEditor.QuickSearchModule:UnityEditor.Search:ASIAI0B)
Imported 'GUID: 7ff48272166a7b6439b6945d39d51766' -> (Import Result ID: '420db9231e59e99c51e2255dc15ba951') in 0.002 seconds [static and dynamic dependencies]. Details - ImportResultOutputID=ecae386bfc4c37951c0dbb499e28436f DependenciesID=87f19062973e0bfe68c6dac903c186f2 StaticDependenciesID=51b5dd617e0e9333ece9ad6be90fd254 
Number of updated asset objects reloaded before import = 0
Number of asset objects unloaded after import = 0
========================================================================
Received Import Request.
  Time of request: 2026-08-05T18:44:52.3875959Z
  Time since last request: 0.0003029 seconds.
  importAddress: GUID: fed0ca29658777447b2eedcce144000b - Path: Packages/com.unity.render-pipelines.universal/Editor/2D/Converter/BuiltInAndURP3DTo2DMaterialUpgrader.cs - Importer: ScriptedImporter/UnityEditor.QuickSearchModule:UnityEditor.Search:ASIAI0B
Importing 'GUID: fed0ca29658777447b2eedcce144000b - Path: Packages/com.unity.render-pipelines.universal/Editor/2D/Converter/BuiltInAndURP3DTo2DMaterialUpgrader.cs - Importer: ScriptedImporter/UnityEditor.QuickSearchModule:UnityEditor.Search:ASIAI0B' with importer (ScriptedImporter : UnityEditor.QuickSearchModule:UnityEditor.Search:ASIAI0B)
Imported 'GUID: fed0ca29658777447b2eedcce144000b' -> (Import Result ID: '79693df07597caf38824ff8fd138aea7') in 0.002 seconds [static and dynamic dependencies]. Details - ImportResultOutputID=7b557b7bbc3002ddfb08c1c91952c190 DependenciesID=0bdda009db24a556f5e68f94886ba55e StaticDependenciesID=2cb2aca5489a09a611a52d098b269413 
Number of updated asset objects reloaded before import = 0
Number of asset objects unloaded after import = 0
========================================================================
Received Import Request.
  Time of request: 2026-08-05T18:44:52.3976836Z
  Time since last request: 0.0002749 seconds.
  importAddress: GUID: d1f1048909d55cd4fa1126ab998f617e - Path: Packages/com.unity.render-pipelines.universal/Textures/SMAA/AreaTex.tga - Importer: ScriptedImporter/UnityEditor.QuickSearchModule:UnityEditor.Search:ASIAI0B
Importing 'GUID: d1f1048909d55cd4fa1126ab998f617e - Path: Packages/com.unity.render-pipelines.universal/Textures/SMAA/AreaTex.tga - Importer: ScriptedImporter/UnityEditor.QuickSearchModule:UnityEditor.Search:ASIAI0B' with importer (ScriptedImporter : UnityEditor.QuickSearchModule:UnityEditor.Search:ASIAI0B)
Imported 'GUID: d1f1048909d55cd4fa1126ab998f617e' -> (Import Result ID: '2daa18f4dc8c3ba3d4ee2a1b584470c9') in 0.004 seconds [static and dynamic dependencies]. Details - ImportResultOutputID=1d4ec1eacec585cbb8ccf7e375c24d58 DependenciesID=6ea4fd00a7d91f3e0b7aaff0761a4ff9 StaticDependenciesID=c3cf15859722be90bd37cc68f6511cf3 
Number of updated asset objects reloaded before import = 0
Number of asset objects unloaded after import = 1
========================================================================
Received Import Request.
  Time of request: 2026-08-05T18:44:52.408858Z
  Time since last request: 0.0001917 seconds.
  importAddress: GUID: 0d0f817524897904ba47a6a1d55e7668 - Path: Packages/com.unity.render-pipelines.universal/Editor/Overrides/Shaders/CurveBackground.shader - Importer: ScriptedImporter/UnityEditor.QuickSearchModule:UnityEditor.Search:ASIAI0B
Importing 'GUID: 0d0f817524897904ba47a6a1d55e7668 - Path: Packages/com.unity.render-pipelines.universal/Editor/Overrides/Shaders/CurveBackground.shader - Importer: ScriptedImporter/UnityEditor.QuickSearchModule:UnityEditor.Search:ASIAI0B' with importer (ScriptedImporter : UnityEditor.QuickSearchModule:UnityEditor.Search:ASIAI0B)
Imported 'GUID: 0d0f817524897904ba47a6a1d55e7668' -> (Import Result ID: 'cffbd33a99a204f049827ad56792d142') in 0.002 seconds [static and dynamic dependencies]. Details - ImportResultOutputID=bc40251ea2ae2156cf83a5c072c6c8c6 DependenciesID=d0f80680a912d171231541a0af98e9b5 StaticDependenciesID=2b09f8c0a97ff5606a324f216ffd8240 
Number of updated asset objects reloaded before import = 0
Number of asset objects unloaded after import = 1
========================================================================
Received Import Request.
  Time of request: 2026-08-05T18:44:52.4418359Z
  Time since last request: 0.023997 seconds.
  importAddress: GUID: 6120e053fa5537949a54c661e2a57a39 - Path: Packages/com.unity.render-pipelines.universal/Editor/ShaderGraph/AssetCallbacks/CreateUnlitShaderGraph.cs - Importer: ScriptedImporter/UnityEditor.QuickSearchModule:UnityEditor.Search:ASIAI0B
Importing 'GUID: 6120e053fa5537949a54c661e2a57a39 - Path: Packages/com.unity.render-pipelines.universal/Editor/ShaderGraph/AssetCallbacks/CreateUnlitShaderGraph.cs - Importer: ScriptedImporter/UnityEditor.QuickSearchModule:UnityEditor.Search:ASIAI0B' with importer (ScriptedImporter : UnityEditor.QuickSearchModule:UnityEditor.Search:ASIAI0B)
Imported 'GUID: 6120e053fa5537949a54c661e2a57a39' -> (Import Result ID: '24f11b66271cd16ba05bb020240cfd7c') in 0.002 seconds [static and dynamic dependencies]. Details - ImportResultOutputID=a25b88d0b0c662bf06ddb01b07519e04 DependenciesID=75a3e4626587de8633db60c0799c14ed StaticDependenciesID=de6bb6897b1f08735f53121608545083 
Number of updated asset objects reloaded before import = 0
Number of asset objects unloaded after import = 0
========================================================================
Received Import Request.
  Time of request: 2026-08-05T18:44:52.4513257Z
  Time since last request: 0.0004608 seconds.
  importAddress: GUID: 77cfa04f893eb8745b6a454a3d51b43c - Path: Packages/com.unity.render-pipelines.universal/Editor/Overrides/Shaders/TrackballEditor.shader - Importer: ScriptedImporter/UnityEditor.QuickSearchModule:UnityEditor.Search:ASIAI0B
Importing 'GUID: 77cfa04f893eb8745b6a454a3d51b43c - Path: Packages/com.unity.render-pipelines.universal/Editor/Overrides/Shaders/TrackballEditor.shader - Importer: ScriptedImporter/UnityEditor.QuickSearchModule:UnityEditor.Search:ASIAI0B' with importer (ScriptedImporter : UnityEditor.QuickSearchModule:UnityEditor.Search:ASIAI0B)
Imported 'GUID: 77cfa04f893eb8745b6a454a3d51b43c' -> (Import Result ID: '267741e9e0e4e1c47bdb461e21f37efb') in 0.003 seconds [static and dynamic dependencies]. Details - ImportResultOutputID=226280550669596c2c55ddb06634a9ed DependenciesID=1096148d7f98a8d3feddb8d8e7ee5100 StaticDependenciesID=c34308a16cedfb3ec53ed02b6d26789a 
Number of updated asset objects reloaded before import = 0
Number of asset objects unloaded after import = 1
========================================================================
Received Import Request.
  Time of request: 2026-08-05T18:44:52.4645717Z
  Time since last request: 0.0002535 seconds.
  importAddress: GUID: 6869d97760ee37741bce9a471f54c720 - Path: Packages/com.unity.render-pipelines.universal/Editor/ShaderGraph/AssetCallbacks/CreateUITKShaderGraph.cs - Importer: ScriptedImporter/UnityEditor.QuickSearchModule:UnityEditor.Search:ASIAI0B
Importing 'GUID: 6869d97760ee37741bce9a471f54c720 - Path: Packages/com.unity.render-pipelines.universal/Editor/ShaderGraph/AssetCallbacks/CreateUITKShaderGraph.cs - Importer: ScriptedImporter/UnityEditor.QuickSearchModule:UnityEditor.Search:ASIAI0B' with importer (ScriptedImporter : UnityEditor.QuickSearchModule:UnityEditor.Search:ASIAI0B)
Imported 'GUID: 6869d97760ee37741bce9a471f54c720' -> (Import Result ID: 'c21d8c9217edfe65e526cb730644edd1') in 0.003 seconds [static and dynamic dependencies]. Details - ImportResultOutputID=899e64294205b7481838b2412a7e18c7 DependenciesID=4e53ea280fe27fee0acb2acc23ef0960 StaticDependenciesID=ca18c5c4c4ff150d28599f902402a393 
Number of updated asset objects reloaded before import = 0
Number of asset objects unloaded after import = 0
========================================================================
Received Import Request.
  Time of request: 2026-08-05T18:44:52.4763319Z
  Time since last request: 0.0003813 seconds.
  importAddress: GUID: e0c1f3f375c6ee44da3982445ffb92a4 - Path: Packages/com.unity.render-pipelines.universal/Editor/ShaderGraph/Templates/ShaderPass.template - Importer: ScriptedImporter/UnityEditor.QuickSearchModule:UnityEditor.Search:ASIAI0B
Importing 'GUID: e0c1f3f375c6ee44da3982445ffb92a4 - Path: Packages/com.unity.render-pipelines.universal/Editor/ShaderGraph/Templates/ShaderPass.template - Importer: ScriptedImporter/UnityEditor.QuickSearchModule:UnityEditor.Search:ASIAI0B' with importer (ScriptedImporter : UnityEditor.QuickSearchModule:UnityEditor.Search:ASIAI0B)
Imported 'GUID: e0c1f3f375c6ee44da3982445ffb92a4' -> (Import Result ID: 'f39197e1f03870f311a22b6d0988a0eb') in 0.002 seconds [static and dynamic dependencies]. Details - ImportResultOutputID=8c0952f625f50b630630c8ffe6b1212f DependenciesID=2f6b05bf459a5b6062137c7513998d30 StaticDependenciesID=75702c1e0d0163517f9fa2f08ce944e5 
Number of updated asset objects reloaded before import = 0
Number of asset objects unloaded after import = 1
========================================================================
Received Import Request.
  Time of request: 2026-08-05T18:44:52.4870066Z
  Time since last request: 0.0002964 seconds.
  importAddress: GUID: 695c65e91172db945bf049e595adcc66 - Path: Packages/com.unity.render-pipelines.universal/Editor/SceneTemplates/Indoors/LightingData.asset - Importer: ScriptedImporter/UnityEditor.QuickSearchModule:UnityEditor.Search:ASIAI0B
Importing 'GUID: 695c65e91172db945bf049e595adcc66 - Path: Packages/com.unity.render-pipelines.universal/Editor/SceneTemplates/Indoors/LightingData.asset - Importer: ScriptedImporter/UnityEditor.QuickSearchModule:UnityEditor.Search:ASIAI0B' with importer (ScriptedImporter : UnityEditor.QuickSearchModule:UnityEditor.Search:ASIAI0B)
Imported 'GUID: 695c65e91172db945bf049e595adcc66' -> (Import Result ID: 'd1386fffaeddbda12d63404d011d5783') in 0.007 seconds [static and dynamic dependencies]. Details - ImportResultOutputID=d5668e28653de1759d9ab05e076e806f DependenciesID=583c889d98dca93d888cef853efd3531 StaticDependenciesID=b2ed35a09291d8d3a8fc7bc015ca8aa0 
Number of updated asset objects reloaded before import = 0
Number of asset objects unloaded after import = 2
========================================================================
Received Import Request.
  Time of request: 2026-08-05T18:44:52.5015848Z
  Time since last request: 0.0002183 seconds.
  importAddress: GUID: aab9add076be9364aaee067b3c0e3910 - Path: Packages/com.unity.render-pipelines.universal/Editor/ShaderGraph/AssetCallbacks/CreateLitShaderGraph.cs - Importer: ScriptedImporter/UnityEditor.QuickSearchModule:UnityEditor.Search:ASIAI0B
Importing 'GUID: aab9add076be9364aaee067b3c0e3910 - Path: Packages/com.unity.render-pipelines.universal/Editor/ShaderGraph/AssetCallbacks/CreateLitShaderGraph.cs - Importer: ScriptedImporter/UnityEditor.QuickSearchModule:UnityEditor.Search:ASIAI0B' with importer (ScriptedImporter : UnityEditor.QuickSearchModule:UnityEditor.Search:ASIAI0B)
Imported 'GUID: aab9add076be9364aaee067b3c0e3910' -> (Import Result ID: '28adac4cbaf73d9fe9584747e74e59bd') in 0.002 seconds [static and dynamic dependencies]. Details - ImportResultOutputID=036b4a55a526e0ff866689bde649c9e7 DependenciesID=a2809b0848ab3d2f06ddc276a6d714a0 StaticDependenciesID=13a03979d81eb169023e90d09b8fe880 
Number of updated asset objects reloaded before import = 0
Number of asset objects unloaded after import = 0
========================================================================
Received Import Request.
  Time of request: 2026-08-05T18:44:52.5107792Z
  Time since last request: 0.0004015 seconds.
  importAddress: GUID: 6483447b285419e4b89f8a853712e1ab - Path: Packages/com.unity.render-pipelines.universal/Editor/ShaderGraph/Includes/DecalMeshBiasTypeEnum.cs.hlsl - Importer: ScriptedImporter/UnityEditor.QuickSearchModule:UnityEditor.Search:ASIAI0B
Importing 'GUID: 6483447b285419e4b89f8a853712e1ab - Path: Packages/com.unity.render-pipelines.universal/Editor/ShaderGraph/Includes/DecalMeshBiasTypeEnum.cs.hlsl - Importer: ScriptedImporter/UnityEditor.QuickSearchModule:UnityEditor.Search:ASIAI0B' with importer (ScriptedImporter : UnityEditor.QuickSearchModule:UnityEditor.Search:ASIAI0B)
Imported 'GUID: 6483447b285419e4b89f8a853712e1ab' -> (Import Result ID: 'b36a3518c621af72bd94e4a67e7bb32e') in 0.009 seconds [static and dynamic dependencies]. Details - ImportResultOutputID=ff8d52e40cd7afc82fcfe895b1699d35 DependenciesID=31420a6d11884430152524e9add00914 StaticDependenciesID=586456e10fcda8afb1cfc6f5ee543bdf 
Number of updated asset objects reloaded before import = 0
Number of asset objects unloaded after import = 1
========================================================================
Received Import Request.
  Time of request: 2026-08-05T18:44:52.5282349Z
  Time since last request: 0.0002553 seconds.
  importAddress: GUID: e375ace14cc3b5b448ca85ba2455930c - Path: Packages/com.unity.render-pipelines.universal/Editor/SceneTemplates/Indoors/ReflectionProbe-0.exr - Importer: ScriptedImporter/UnityEditor.QuickSearchModule:UnityEditor.Search:ASIAI0B
Importing 'GUID: e375ace14cc3b5b448ca85ba2455930c - Path: Packages/com.unity.render-pipelines.universal/Editor/SceneTemplates/Indoors/ReflectionProbe-0.exr - Importer: ScriptedImporter/UnityEditor.QuickSearchModule:UnityEditor.Search:ASIAI0B' with importer (ScriptedImporter : UnityEditor.QuickSearchModule:UnityEditor.Search:ASIAI0B)
Imported 'GUID: e375ace14cc3b5b448ca85ba2455930c' -> (Import Result ID: '1dabecf9a70033ca5ee581f8748343ca') in 0.006 seconds [static and dynamic dependencies]. Details - ImportResultOutputID=626ba83d1ba657a1082f694e6ab95560 DependenciesID=7f3a0d9bdc495ada5c289f8ddd766b82 StaticDependenciesID=c2f85ddddf14c34a8db3652ec8c2d7ed 
Number of updated asset objects reloaded before import = 0
Number of asset objects unloaded after import = 1
========================================================================
Received Import Request.
  Time of request: 2026-08-05T18:44:52.5577531Z
  Time since last request: 0.0162219 seconds.
  importAddress: GUID: 88cd98f0807c4d0ea90990b27cc42068 - Path: Packages/com.unity.render-pipelines.universal/Editor/Tools/MaterialUpgrader/UpgradeUtility.cs - Importer: ScriptedImporter/UnityEditor.QuickSearchModule:UnityEditor.Search:ASIAI0B
Importing 'GUID: 88cd98f0807c4d0ea90990b27cc42068 - Path: Packages/com.unity.render-pipelines.universal/Editor/Tools/MaterialUpgrader/UpgradeUtility.cs - Importer: ScriptedImporter/UnityEditor.QuickSearchModule:UnityEditor.Search:ASIAI0B' with importer (ScriptedImporter : UnityEditor.QuickSearchModule:UnityEditor.Search:ASIAI0B)
Imported 'GUID: 88cd98f0807c4d0ea90990b27cc42068' -> (Import Result ID: '9c2f7552259bad10e80b7e16179c5e4a') in 0.002 seconds [static and dynamic dependencies]. Details - ImportResultOutputID=5fc423ce903f09a62e8ec71d1dee853d DependenciesID=c52b90f37e39e4c699601b0466bdbdd0 StaticDependenciesID=3fb4bd9bd92857a6e25119841feb0883 
Number of updated asset objects reloaded before import = 0
Number of asset objects unloaded after import = 0
========================================================================
Received Import Request.
  Time of request: 2026-08-05T18:44:52.5677449Z
  Time since last request: 0.0006871 seconds.
  importAddress: GUID: 4c72c43322666bd4dbe58de9815b0639 - Path: Packages/com.unity.render-pipelines.universal/Editor/VFXGraph/Shaders/VFXSGSurfaceData.template - Importer: ScriptedImporter/UnityEditor.QuickSearchModule:UnityEditor.Search:ASIAI0B
Importing 'GUID: 4c72c43322666bd4dbe58de9815b0639 - Path: Packages/com.unity.render-pipelines.universal/Editor/VFXGraph/Shaders/VFXSGSurfaceData.template - Importer: ScriptedImporter/UnityEditor.QuickSearchModule:UnityEditor.Search:ASIAI0B' with importer (ScriptedImporter : UnityEditor.QuickSearchModule:UnityEditor.Search:ASIAI0B)
Imported 'GUID: 4c72c43322666bd4dbe58de9815b0639' -> (Import Result ID: 'a71bf98894ce22a5e46bf9ab679bfeee') in 0.002 seconds [static and dynamic dependencies]. Details - ImportResultOutputID=d7a2e2a0c15f07f1fc107c76651afd9a DependenciesID=585fc736811ec40472d8952d7f08c3d3 StaticDependenciesID=be9eca9607438f45bed4b5c938f297f8 
Number of updated asset objects reloaded before import = 0
Number of asset objects unloaded after import = 1
========================================================================
Received Import Request.
  Time of request: 2026-08-05T18:44:52.5781825Z
  Time since last request: 0.0001928 seconds.
  importAddress: GUID: 65a21829bcfc0a7458e8ae05cf1e6291 - Path: Packages/com.unity.render-pipelines.universal/Runtime/2D/Sources/Provider2DKVPair.cs - Importer: ScriptedImporter/UnityEditor.QuickSearchModule:UnityEditor.Search:ASIAI0B
Importing 'GUID: 65a21829bcfc0a7458e8ae05cf1e6291 - Path: Packages/com.unity.render-pipelines.universal/Runtime/2D/Sources/Provider2DKVPair.cs - Importer: ScriptedImporter/UnityEditor.QuickSearchModule:UnityEditor.Search:ASIAI0B' with importer (ScriptedImporter : UnityEditor.QuickSearchModule:UnityEditor.Search:ASIAI0B)
Imported 'GUID: 65a21829bcfc0a7458e8ae05cf1e6291' -> (Import Result ID: 'd302a296e18565309457e17d630420d4') in 0.003 seconds [static and dynamic dependencies]. Details - ImportResultOutputID=e023aa708cd608d37a920b943d480754 DependenciesID=66a698dbf4c5a57f7d0573defc3c7a24 StaticDependenciesID=c4711a69fd6ae69b8b7c798660d2e6e3 
Number of updated asset objects reloaded before import = 0
Number of asset objects unloaded after import = 0
========================================================================
Received Import Request.
  Time of request: 2026-08-05T18:44:52.5881818Z
  Time since last request: 0.0003959 seconds.
  importAddress: GUID: 073797afb82c5a1438f328866b10b3f0 - Path: Packages/com.unity.render-pipelines.universal/Runtime/2D/Lights/Light2D.cs - Importer: ScriptedImporter/UnityEditor.QuickSearchModule:UnityEditor.Search:ASIAI0B
Importing 'GUID: 073797afb82c5a1438f328866b10b3f0 - Path: Packages/com.unity.render-pipelines.universal/Runtime/2D/Lights/Light2D.cs - Importer: ScriptedImporter/UnityEditor.QuickSearchModule:UnityEditor.Search:ASIAI0B' with importer (ScriptedImporter : UnityEditor.QuickSearchModule:UnityEditor.Search:ASIAI0B)
Imported 'GUID: 073797afb82c5a1438f328866b10b3f0' -> (Import Result ID: '2b9d6fcfdb9c1fd20397238e90c45ef1') in 0.002 seconds [static and dynamic dependencies]. Details - ImportResultOutputID=261dd09d0153424e8b334799358dc128 DependenciesID=912254eb2f86b2c280f77ef3d58e141c StaticDependenciesID=054ff92cc74bbfad0525d024f5990ae8 
Number of updated asset objects reloaded before import = 0
Number of asset objects unloaded after import = 0
========================================================================
Received Import Request.
  Time of request: 2026-08-05T18:44:52.5989239Z
  Time since last request: 0.0002702 seconds.
  importAddress: GUID: 14716551160f4757bf2332c27a53ec34 - Path: Packages/com.unity.render-pipelines.universal/Runtime/2D/Lights/Light2DAuthoring.cs - Importer: ScriptedImporter/UnityEditor.QuickSearchModule:UnityEditor.Search:ASIAI0B
Importing 'GUID: 14716551160f4757bf2332c27a53ec34 - Path: Packages/com.unity.render-pipelines.universal/Runtime/2D/Lights/Light2DAuthoring.cs - Importer: ScriptedImporter/UnityEditor.QuickSearchModule:UnityEditor.Search:ASIAI0B' with importer (ScriptedImporter : UnityEditor.QuickSearchModule:UnityEditor.Search:ASIAI0B)
Imported 'GUID: 14716551160f4757bf2332c27a53ec34' -> (Import Result ID: '528f03c1cdf8dd19cc8b4ccb789d97fb') in 0.002 seconds [static and dynamic dependencies]. Details - ImportResultOutputID=ffcb7569946dcac5d5c931d5d76bbe01 DependenciesID=686f63a1c49b08089234c817d5b4915a StaticDependenciesID=930f55627b70f79bda1a5dcf33cac9f4 
Number of updated asset objects reloaded before import = 0
Number of asset objects unloaded after import = 0
========================================================================
Received Import Request.
  Time of request: 2026-08-05T18:44:52.6099929Z
  Time since last request: 0.0003682 seconds.
  importAddress: GUID: 3c49b0c9c0fdfac469942832f71ce5b1 - Path: Packages/com.unity.render-pipelines.universal/Runtime/2D/Rendergraph/GlobalPropertiesPass.cs - Importer: ScriptedImporter/UnityEditor.QuickSearchModule:UnityEditor.Search:ASIAI0B
Importing 'GUID: 3c49b0c9c0fdfac469942832f71ce5b1 - Path: Packages/com.unity.render-pipelines.universal/Runtime/2D/Rendergraph/GlobalPropertiesPass.cs - Importer: ScriptedImporter/UnityEditor.QuickSearchModule:UnityEditor.Search:ASIAI0B' with importer (ScriptedImporter : UnityEditor.QuickSearchModule:UnityEditor.Search:ASIAI0B)
Imported 'GUID: 3c49b0c9c0fdfac469942832f71ce5b1' -> (Import Result ID: '2c540a4b6831978028467797e1d46574') in 0.002 seconds [static and dynamic dependencies]. Details - ImportResultOutputID=ad66a7972f7dbca4f1f8dc2227d8fbd0 DependenciesID=414776a4e859edb6fabc72f510b219e8 StaticDependenciesID=c832d78c38971ee4045f5dc00722c3d0 
Number of updated asset objects reloaded before import = 0
Number of asset objects unloaded after import = 0
========================================================================
Received Import Request.
  Time of request: 2026-08-05T18:44:52.6192337Z
  Time since last request: 0.0002034 seconds.
  importAddress: GUID: 795fde47942374005bbe56e3879983db - Path: Packages/com.unity.render-pipelines.universal/Editor/ShaderGUI/ShadingModels/BakedLitGUI.cs - Importer: ScriptedImporter/UnityEditor.QuickSearchModule:UnityEditor.Search:ASIAI0B
Importing 'GUID: 795fde47942374005bbe56e3879983db - Path: Packages/com.unity.render-pipelines.universal/Editor/ShaderGUI/ShadingModels/BakedLitGUI.cs - Importer: ScriptedImporter/UnityEditor.QuickSearchModule:UnityEditor.Search:ASIAI0B' with importer (ScriptedImporter : UnityEditor.QuickSearchModule:UnityEditor.Search:ASIAI0B)
Imported 'GUID: 795fde47942374005bbe56e3879983db' -> (Import Result ID: 'fbbf1e1549257654624f57985b096c2e') in 0.002 seconds [static and dynamic dependencies]. Details - ImportResultOutputID=b3ec302ae26c2c6434b78e941ed02468 DependenciesID=789a4086b20631c7629daa5f9e0ac001 StaticDependenciesID=4c917db168e49743b4259b9c3c9a4ec5 
Number of updated asset objects reloaded before import = 0
Number of asset objects unloaded after import = 0
========================================================================
Received Import Request.
  Time of request: 2026-08-05T18:44:52.6298135Z
  Time since last request: 0.0002786 seconds.
  importAddress: GUID: f4caf3da21d83644ea1c04986c6cea14 - Path: Packages/com.unity.render-pipelines.universal/Runtime/2D/Lights/Light2DBlendStyle.cs - Importer: ScriptedImporter/UnityEditor.QuickSearchModule:UnityEditor.Search:ASIAI0B
Importing 'GUID: f4caf3da21d83644ea1c04986c6cea14 - Path: Packages/com.unity.render-pipelines.universal/Runtime/2D/Lights/Light2DBlendStyle.cs - Importer: ScriptedImporter/UnityEditor.QuickSearchModule:UnityEditor.Search:ASIAI0B' with importer (ScriptedImporter : UnityEditor.QuickSearchModule:UnityEditor.Search:ASIAI0B)
Imported 'GUID: f4caf3da21d83644ea1c04986c6cea14' -> (Import Result ID: '50a7d8a04998602dad1ea6a36f5ce191') in 0.002 seconds [static and dynamic dependencies]. Details - ImportResultOutputID=507a39781c3e35567d62af21218008d0 DependenciesID=67a4e79e402fe20e8a0c7bd6ad4f1997 StaticDependenciesID=8ccd9d637fca34e3be39dc656e4e62a9 
Number of updated asset objects reloaded before import = 0
Number of asset objects unloaded after import = 0
========================================================================
Received Import Request.
  Time of request: 2026-08-05T18:44:52.6396656Z
  Time since last request: 0.0003023 seconds.
  importAddress: GUID: 64d01acbbe3ff8d4d9b89e2064405103 - Path: Packages/com.unity.render-pipelines.universal/Runtime/2D/Sources/Provider2DRef.cs - Importer: ScriptedImporter/UnityEditor.QuickSearchModule:UnityEditor.Search:ASIAI0B
Importing 'GUID: 64d01acbbe3ff8d4d9b89e2064405103 - Path: Packages/com.unity.render-pipelines.universal/Runtime/2D/Sources/Provider2DRef.cs - Importer: ScriptedImporter/UnityEditor.QuickSearchModule:UnityEditor.Search:ASIAI0B' with importer (ScriptedImporter : UnityEditor.QuickSearchModule:UnityEditor.Search:ASIAI0B)
Imported 'GUID: 64d01acbbe3ff8d4d9b89e2064405103' -> (Import Result ID: '51c10f5717741c8e1275e62dcebcb5ae') in 0.002 seconds [static and dynamic dependencies]. Details - ImportResultOutputID=f54ddf8949ff4371c39f9d224c4dcc5e DependenciesID=d9a52736e977eaaa2a34ca785ed51e0a StaticDependenciesID=d9097015ebffb70d5b4ae147b6350955 
Number of updated asset objects reloaded before import = 0
Number of asset objects unloaded after import = 0
========================================================================
Received Import Request.
  Time of request: 2026-08-05T18:44:52.6569226Z
  Time since last request: 0.0081429 seconds.
  importAddress: GUID: 26e1f8400167947f5a628494c94d0ff5 - Path: Packages/com.unity.render-pipelines.universal/Runtime/Passes/PostProcess/TemporalAntiAliasingPostProcessPass.cs - Importer: ScriptedImporter/UnityEditor.QuickSearchModule:UnityEditor.Search:ASIAI0B
Importing 'GUID: 26e1f8400167947f5a628494c94d0ff5 - Path: Packages/com.unity.render-pipelines.universal/Runtime/Passes/PostProcess/TemporalAntiAliasingPostProcessPass.cs - Importer: ScriptedImporter/UnityEditor.QuickSearchModule:UnityEditor.Search:ASIAI0B' with importer (ScriptedImporter : UnityEditor.QuickSearchModule:UnityEditor.Search:ASIAI0B)
Imported 'GUID: 26e1f8400167947f5a628494c94d0ff5' -> (Import Result ID: 'b19d44b1691e88d39b7a5c0e44bd7052') in 0.003 seconds [static and dynamic dependencies]. Details - ImportResultOutputID=41c5374c032871853d9d8b8694021691 DependenciesID=4f2ec2fbd8355689c1ad8cd16d3ce558 StaticDependenciesID=ee3a76f3b8f89435294592b87b0c175d 
Number of updated asset objects reloaded before import = 0
Number of asset objects unloaded after import = 0
========================================================================
Received Import Request.
  Time of request: 2026-08-05T18:44:52.6671041Z
  Time since last request: 0.0008492 seconds.
  importAddress: GUID: 3ff5a8cb01afe45ceb78977408e21133 - Path: Packages/com.unity.render-pipelines.universal/Runtime/Passes/PostProcess/StopNanPostProcessPass.cs - Importer: ScriptedImporter/UnityEditor.QuickSearchModule:UnityEditor.Search:ASIAI0B
Importing 'GUID: 3ff5a8cb01afe45ceb78977408e21133 - Path: Packages/com.unity.render-pipelines.universal/Runtime/Passes/PostProcess/StopNanPostProcessPass.cs - Importer: ScriptedImporter/UnityEditor.QuickSearchModule:UnityEditor.Search:ASIAI0B' with importer (ScriptedImporter : UnityEditor.QuickSearchModule:UnityEditor.Search:ASIAI0B)
Imported 'GUID: 3ff5a8cb01afe45ceb78977408e21133' -> (Import Result ID: 'f11ac7e5b52661e7f6fd775cd5803979') in 0.002 seconds [static and dynamic dependencies]. Details - ImportResultOutputID=93bc0f64ad8df99ad6ea66f5d3d8edc2 DependenciesID=59bc309b62839ee64d71ac3eff32acd6 StaticDependenciesID=354431348fe1b64d230c05de1a294af3 
Number of updated asset objects reloaded before import = 0
Number of asset objects unloaded after import = 0
========================================================================
Received Import Request.
  Time of request: 2026-08-05T18:44:52.6783273Z
  Time since last request: 0.0002538 seconds.
  importAddress: GUID: ad9384b4a85870d429d445bbad3ed38d - Path: Packages/com.unity.render-pipelines.universal/Runtime/Decal/Entities/DecalSkipCulledSystem.cs - Importer: ScriptedImporter/UnityEditor.QuickSearchModule:UnityEditor.Search:ASIAI0B
Importing 'GUID: ad9384b4a85870d429d445bbad3ed38d - Path: Packages/com.unity.render-pipelines.universal/Runtime/Decal/Entities/DecalSkipCulledSystem.cs - Importer: ScriptedImporter/UnityEditor.QuickSearchModule:UnityEditor.Search:ASIAI0B' with importer (ScriptedImporter : UnityEditor.QuickSearchModule:UnityEditor.Search:ASIAI0B)
Imported 'GUID: ad9384b4a85870d429d445bbad3ed38d' -> (Import Result ID: 'b05bd4c9873c32a10c8166c7ea218d69') in 0.002 seconds [static and dynamic dependencies]. Details - ImportResultOutputID=99d21f867ac393cb1c47e062fb9a08be DependenciesID=930ac381b09a2f2e6d7f67ed6068dc37 StaticDependenciesID=4421c1bc6695af671c1111283ae7ed7b 
Number of updated asset objects reloaded before import = 0
Number of asset objects unloaded after import = 0
========================================================================
Received Import Request.
  Time of request: 2026-08-05T18:44:52.6884412Z
  Time since last request: 0.0003184 seconds.
  importAddress: GUID: 3739e562a03fc0b4982d8aa66cc50865 - Path: Packages/com.unity.render-pipelines.universal/Runtime/Materials/ArnoldStandardSurface/ArnoldStandardSurface.shadergraph - Importer: ScriptedImporter/UnityEditor.QuickSearchModule:UnityEditor.Search:ASIAI0B
Importing 'GUID: 3739e562a03fc0b4982d8aa66cc50865 - Path: Packages/com.unity.render-pipelines.universal/Runtime/Materials/ArnoldStandardSurface/ArnoldStandardSurface.shadergraph - Importer: ScriptedImporter/UnityEditor.QuickSearchModule:UnityEditor.Search:ASIAI0B' with importer (ScriptedImporter : UnityEditor.QuickSearchModule:UnityEditor.Search:ASIAI0B)
Imported 'GUID: 3739e562a03fc0b4982d8aa66cc50865' -> (Import Result ID: '75c3466b08c8791a905ceac2282360df') in 0.014 seconds [static and dynamic dependencies]. Details - ImportResultOutputID=68c68ae1d9869430c1294b64e8eb8597 DependenciesID=0785102ac4b50cc3f63d6291e239bd23 StaticDependenciesID=3543bf5c146b0194be6820a9e100fb5f 
Number of updated asset objects reloaded before import = 0
Number of asset objects unloaded after import = 6
========================================================================
Received Import Request.
  Time of request: 2026-08-05T18:44:52.7105523Z
  Time since last request: 0.0000131 seconds.
  importAddress: GUID: 389e75599c6f47399ec151a887fef961 - Path: Packages/com.unity.render-pipelines.universal/Runtime/Passes/PostProcess/PostProcessPass.cs - Importer: ScriptedImporter/UnityEditor.QuickSearchModule:UnityEditor.Search:ASIAI0B
Importing 'GUID: 389e75599c6f47399ec151a887fef961 - Path: Packages/com.unity.render-pipelines.universal/Runtime/Passes/PostProcess/PostProcessPass.cs - Importer: ScriptedImporter/UnityEditor.QuickSearchModule:UnityEditor.Search:ASIAI0B' with importer (ScriptedImporter : UnityEditor.QuickSearchModule:UnityEditor.Search:ASIAI0B)
Imported 'GUID: 389e75599c6f47399ec151a887fef961' -> (Import Result ID: '2e0e83287fa8718a719db76b52d20096') in 0.002 seconds [static and dynamic dependencies]. Details - ImportResultOutputID=7945816d007dda331f8d7b0d28ac9ce7 DependenciesID=409e48ae3a7b986bc73fadd1203cc48a StaticDependenciesID=283458efb8ad56f07332112e5527d2d4 
Number of updated asset objects reloaded before import = 0
Number of asset objects unloaded after import = 0
========================================================================
Received Import Request.
  Time of request: 2026-08-05T18:44:52.7206876Z
  Time since last request: 0.0002904 seconds.
  importAddress: GUID: 5e0f824bccf304ad2ad63266bf1a602e - Path: Packages/com.unity.render-pipelines.universal/Runtime/Passes/PostProcess/DepthOfFieldBokehProcessPass.cs - Importer: ScriptedImporter/UnityEditor.QuickSearchModule:UnityEditor.Search:ASIAI0B
Importing 'GUID: 5e0f824bccf304ad2ad63266bf1a602e - Path: Packages/com.unity.render-pipelines.universal/Runtime/Passes/PostProcess/DepthOfFieldBokehProcessPass.cs - Importer: ScriptedImporter/UnityEditor.QuickSearchModule:UnityEditor.Search:ASIAI0B' with importer (ScriptedImporter : UnityEditor.QuickSearchModule:UnityEditor.Search:ASIAI0B)
Imported 'GUID: 5e0f824bccf304ad2ad63266bf1a602e' -> (Import Result ID: 'f2dd3e666adc30b2a5df98cd1eb99d90') in 0.002 seconds [static and dynamic dependencies]. Details - ImportResultOutputID=dcd15a62e61d8f476fd553fe99759909 DependenciesID=18d77a3bcabb5fed6c1123945c141325 StaticDependenciesID=8fcbc5a10d135199fe61f7549ef7cd63 
Number of updated asset objects reloaded before import = 0
Number of asset objects unloaded after import = 0
========================================================================
Received Import Request.
  Time of request: 2026-08-05T18:44:52.7305815Z
  Time since last request: 0.0002168 seconds.
  importAddress: GUID: 385bc181e02fb7549a92fc001133ad46 - Path: Packages/com.unity.render-pipelines.universal/Runtime/VFXGraph/Shaders/VFXCommon.hlsl - Importer: ScriptedImporter/UnityEditor.QuickSearchModule:UnityEditor.Search:ASIAI0B
Importing 'GUID: 385bc181e02fb7549a92fc001133ad46 - Path: Packages/com.unity.render-pipelines.universal/Runtime/VFXGraph/Shaders/VFXCommon.hlsl - Importer: ScriptedImporter/UnityEditor.QuickSearchModule:UnityEditor.Search:ASIAI0B' with importer (ScriptedImporter : UnityEditor.QuickSearchModule:UnityEditor.Search:ASIAI0B)
Imported 'GUID: 385bc181e02fb7549a92fc001133ad46' -> (Import Result ID: '42646c3a570c69ab8711b21a20266a40') in 0.007 seconds [static and dynamic dependencies]. Details - ImportResultOutputID=b71ef0adc16a3e0aab32ff4513a45d96 DependenciesID=47babcca5cd0992ea9392073d5f4a115 StaticDependenciesID=142f993573accbdb153b4c04f2e7e0d5 
Number of updated asset objects reloaded before import = 0
Number of asset objects unloaded after import = 1
========================================================================
Received Import Request.
  Time of request: 2026-08-05T18:44:52.7488809Z
  Time since last request: 0.0030085 seconds.
  importAddress: GUID: 4dcc0502f8586f941b5c4a66717205e8 - Path: Packages/com.unity.render-pipelines.universal/Textures/BlueNoise16/L/LDR_LLL1_15.png - Importer: ScriptedImporter/UnityEditor.QuickSearchModule:UnityEditor.Search:ASIAI0B
Importing 'GUID: 4dcc0502f8586f941b5c4a66717205e8 - Path: Packages/com.unity.render-pipelines.universal/Textures/BlueNoise16/L/LDR_LLL1_15.png - Importer: ScriptedImporter/UnityEditor.QuickSearchModule:UnityEditor.Search:ASIAI0B' with importer (ScriptedImporter : UnityEditor.QuickSearchModule:UnityEditor.Search:ASIAI0B)
Imported 'GUID: 4dcc0502f8586f941b5c4a66717205e8' -> (Import Result ID: 'bd475a01f58670d7b9286c894b7cff5c') in 0.006 seconds [static and dynamic dependencies]. Details - ImportResultOutputID=fd51b9c2f0ca20be4dfdb2fc272bad3c DependenciesID=78f0c03f7eeb90b8df3c251d542314ad StaticDependenciesID=5510161a16ef71b28e87658602333d5d 
Number of updated asset objects reloaded before import = 0
Number of asset objects unloaded after import = 1
========================================================================
Received Import Request.
  Time of request: 2026-08-05T18:44:52.7626665Z
  Time since last request: 0.0003758 seconds.
  importAddress: GUID: 6b0d344e5378a074fa2d1ee56002c555 - Path: Packages/com.unity.render-pipelines.universal/Tests/Editor/URPGlobalSettingsMigrationTests/RenderingLayersMigrationTest.cs - Importer: ScriptedImporter/UnityEditor.QuickSearchModule:UnityEditor.Search:ASIAI0B
Importing 'GUID: 6b0d344e5378a074fa2d1ee56002c555 - Path: Packages/com.unity.render-pipelines.universal/Tests/Editor/URPGlobalSettingsMigrationTests/RenderingLayersMigrationTest.cs - Importer: ScriptedImporter/UnityEditor.QuickSearchModule:UnityEditor.Search:ASIAI0B' with importer (ScriptedImporter : UnityEditor.QuickSearchModule:UnityEditor.Search:ASIAI0B)
Imported 'GUID: 6b0d344e5378a074fa2d1ee56002c555' -> (Import Result ID: '24edfbe20c1a68c18f8db300f2bf80e3') in 0.003 seconds [static and dynamic dependencies]. Details - ImportResultOutputID=077555d3967d42bb7efd7fc65c3a7dba DependenciesID=be78354933acf792b02d2162d90f34eb StaticDependenciesID=c0456964038ee50d55c0e9d072916dca 
Number of updated asset objects reloaded before import = 0
Number of asset objects unloaded after import = 0
========================================================================
Received Import Request.
  Time of request: 2026-08-05T18:44:52.7737323Z
  Time since last request: 0.000271 seconds.
  importAddress: GUID: d50c5e07c9911a74982bddf7f3075e7b - Path: Packages/com.unity.render-pipelines.universal/Textures/BlueNoise16/L/LDR_LLL1_1.png - Importer: ScriptedImporter/UnityEditor.QuickSearchModule:UnityEditor.Search:ASIAI0B
Importing 'GUID: d50c5e07c9911a74982bddf7f3075e7b - Path: Packages/com.unity.render-pipelines.universal/Textures/BlueNoise16/L/LDR_LLL1_1.png - Importer: ScriptedImporter/UnityEditor.QuickSearchModule:UnityEditor.Search:ASIAI0B' with importer (ScriptedImporter : UnityEditor.QuickSearchModule:UnityEditor.Search:ASIAI0B)
Imported 'GUID: d50c5e07c9911a74982bddf7f3075e7b' -> (Import Result ID: '4233aa6467aed61d6037e4a0ddd90977') in 0.004 seconds [static and dynamic dependencies]. Details - ImportResultOutputID=40ce6c79f673e5c048df99340b014221 DependenciesID=116465a7cc208be4d10478ec43cca44d StaticDependenciesID=19a0d52e42f3a65e30134e3979527dfa 
Number of updated asset objects reloaded before import = 0
Number of asset objects unloaded after import = 1
========================================================================
Received Import Request.
  Time of request: 2026-08-05T18:44:52.7852877Z
  Time since last request: 0.0002641 seconds.
  importAddress: GUID: 3d9f007ebf49681499e13ba8a66c386d - Path: Packages/com.unity.render-pipelines.universal/Tests/Editor/URPGlobalSettingsMigrationTests/ShaderStrippingSettingsMigrationTest.cs - Importer: ScriptedImporter/UnityEditor.QuickSearchModule:UnityEditor.Search:ASIAI0B
Importing 'GUID: 3d9f007ebf49681499e13ba8a66c386d - Path: Packages/com.unity.render-pipelines.universal/Tests/Editor/URPGlobalSettingsMigrationTests/ShaderStrippingSettingsMigrationTest.cs - Importer: ScriptedImporter/UnityEditor.QuickSearchModule:UnityEditor.Search:ASIAI0B' with importer (ScriptedImporter : UnityEditor.QuickSearchModule:UnityEditor.Search:ASIAI0B)
Imported 'GUID: 3d9f007ebf49681499e13ba8a66c386d' -> (Import Result ID: 'cc7d0729a867cd9cd3aa6ec3fbc926e1') in 0.002 seconds [static and dynamic dependencies]. Details - ImportResultOutputID=da6204d7aa5069594684e3d11c043e8b DependenciesID=75f31697116e29fbc83e68e9bd2dcce3 StaticDependenciesID=138b0844a0d52ebc56abba960145f4fc 
Number of updated asset objects reloaded before import = 0
Number of asset objects unloaded after import = 0
========================================================================
Received Import Request.
  Time of request: 2026-08-05T18:44:52.7950053Z
  Time since last request: 0.0002229 seconds.
  importAddress: GUID: 14381521ff11cb74abe3fe65401c23be - Path: Packages/com.unity.render-pipelines.universal/Textures/BlueNoise16/L/LDR_LLL1_17.png - Importer: ScriptedImporter/UnityEditor.QuickSearchModule:UnityEditor.Search:ASIAI0B
Importing 'GUID: 14381521ff11cb74abe3fe65401c23be - Path: Packages/com.unity.render-pipelines.universal/Textures/BlueNoise16/L/LDR_LLL1_17.png - Importer: ScriptedImporter/UnityEditor.QuickSearchModule:UnityEditor.Search:ASIAI0B' with importer (ScriptedImporter : UnityEditor.QuickSearchModule:UnityEditor.Search:ASIAI0B)
Imported 'GUID: 14381521ff11cb74abe3fe65401c23be' -> (Import Result ID: '8e2ee97204f193934985389bd9771b54') in 0.004 seconds [static and dynamic dependencies]. Details - ImportResultOutputID=a447f7c2f1488e6ba2d8d364cec18b7c DependenciesID=07f51db6b1d22149a1875b44208ba732 StaticDependenciesID=08f896b526d7c7e0917580f3854a4cc6 
Number of updated asset objects reloaded before import = 0
Number of asset objects unloaded after import = 1
========================================================================
Received Import Request.
  Time of request: 2026-08-05T18:44:52.8055693Z
  Time since last request: 0.0002326 seconds.
  importAddress: GUID: 9d92991794bb5864c8085468b97aa067 - Path: Packages/com.unity.render-pipelines.universal/Textures/BlueNoise16/L/LDR_LLL1_16.png - Importer: ScriptedImporter/UnityEditor.QuickSearchModule:UnityEditor.Search:ASIAI0B
Importing 'GUID: 9d92991794bb5864c8085468b97aa067 - Path: Packages/com.unity.render-pipelines.universal/Textures/BlueNoise16/L/LDR_LLL1_16.png - Importer: ScriptedImporter/UnityEditor.QuickSearchModule:UnityEditor.Search:ASIAI0B' with importer (ScriptedImporter : UnityEditor.QuickSearchModule:UnityEditor.Search:ASIAI0B)
Imported 'GUID: 9d92991794bb5864c8085468b97aa067' -> (Import Result ID: 'ed2f4eb1cf3f68914931865ba046f076') in 0.004 seconds [static and dynamic dependencies]. Details - ImportResultOutputID=72a46457bbe2341631e4cfee1a8c882f DependenciesID=db4a958761f104779cb7942bea301cbf StaticDependenciesID=210d9359c5439f99acb3a0e5d0ec7585 
Number of updated asset objects reloaded before import = 0
Number of asset objects unloaded after import = 1
========================================================================
Received Import Request.
  Time of request: 2026-08-05T18:44:52.8383562Z
  Time since last request: 0.0208028 seconds.
  importAddress: GUID: 68e5bb6e60bebc046b26d3c3100a523b - Path: Packages/com.unity.render-pipelines.universal/Editor/2D/Resources/InspectorIcons/FreeformLight.png - Importer: ScriptedImporter/UnityEditor.QuickSearchModule:UnityEditor.Search:ASIAI0B
Importing 'GUID: 68e5bb6e60bebc046b26d3c3100a523b - Path: Packages/com.unity.render-pipelines.universal/Editor/2D/Resources/InspectorIcons/FreeformLight.png - Importer: ScriptedImporter/UnityEditor.QuickSearchModule:UnityEditor.Search:ASIAI0B' with importer (ScriptedImporter : UnityEditor.QuickSearchModule:UnityEditor.Search:ASIAI0B)
Imported 'GUID: 68e5bb6e60bebc046b26d3c3100a523b' -> (Import Result ID: '8ac80b807b6c07517fd657213023d30b') in 0.012 seconds [static and dynamic dependencies]. Details - ImportResultOutputID=b9cfbb957b1aa0bad69948671501b469 DependenciesID=a9020fadeb75e86805262939d1c81dea StaticDependenciesID=2f6a5350c0cb5d74a5af8d305733e9aa 
Number of updated asset objects reloaded before import = 0
Number of asset objects unloaded after import = 1
========================================================================
Received Import Request.
  Time of request: 2026-08-05T18:44:52.857483Z
  Time since last request: 0.0003857 seconds.
  importAddress: GUID: 071e954febf155243a6c81e48f452644 - Path: Packages/com.unity.render-pipelines.universal/Textures/BlueNoise16/L/LDR_LLL1_9.png - Importer: ScriptedImporter/UnityEditor.QuickSearchModule:UnityEditor.Search:ASIAI0B
Importing 'GUID: 071e954febf155243a6c81e48f452644 - Path: Packages/com.unity.render-pipelines.universal/Textures/BlueNoise16/L/LDR_LLL1_9.png - Importer: ScriptedImporter/UnityEditor.QuickSearchModule:UnityEditor.Search:ASIAI0B' with importer (ScriptedImporter : UnityEditor.QuickSearchModule:UnityEditor.Search:ASIAI0B)
Imported 'GUID: 071e954febf155243a6c81e48f452644' -> (Import Result ID: '7d85a254f8b1ea6e025e9bd3132963a7') in 0.005 seconds [static and dynamic dependencies]. Details - ImportResultOutputID=61f0460ed1d97199c34abe930438bbcf DependenciesID=20485406427d6ee58703be5b7915a2f2 StaticDependenciesID=83db2f8ef549ec216b09c7777d48fbb4 
Number of updated asset objects reloaded before import = 0
Number of asset objects unloaded after import = 1
========================================================================
Received Import Request.
  Time of request: 2026-08-05T18:44:52.8700021Z
  Time since last request: 0.0002441 seconds.
  importAddress: GUID: 172e304acf14e434e967133e7ee67273 - Path: Packages/com.unity.render-pipelines.universal/Editor/2D/ShaderGraph/Includes/SpriteUnlitPass.hlsl - Importer: ScriptedImporter/UnityEditor.QuickSearchModule:UnityEditor.Search:ASIAI0B
Importing 'GUID: 172e304acf14e434e967133e7ee67273 - Path: Packages/com.unity.render-pipelines.universal/Editor/2D/ShaderGraph/Includes/SpriteUnlitPass.hlsl - Importer: ScriptedImporter/UnityEditor.QuickSearchModule:UnityEditor.Search:ASIAI0B' with importer (ScriptedImporter : UnityEditor.QuickSearchModule:UnityEditor.Search:ASIAI0B)
Imported 'GUID: 172e304acf14e434e967133e7ee67273' -> (Import Result ID: '10bebe8ec3f57457a8efa1ca0f3d7e9e') in 0.002 seconds [static and dynamic dependencies]. Details - ImportResultOutputID=8790aa65f6a9d58853439d329e0d0a6f DependenciesID=9f5a96197b2c87ba5dab74147a3f3afe StaticDependenciesID=a9d472f7d00dfc371c24e14a60196d27 
Number of updated asset objects reloaded before import = 0
Number of asset objects unloaded after import = 1
========================================================================
Received Import Request.
  Time of request: 2026-08-05T18:44:52.8794384Z
  Time since last request: 0.0002078 seconds.
  importAddress: GUID: 54019ac30a4ca724eac51bad54f48aac - Path: Packages/com.unity.render-pipelines.universal/Editor/Tools/Converters/PPv2/PPv2Converter.cs - Importer: ScriptedImporter/UnityEditor.QuickSearchModule:UnityEditor.Search:ASIAI0B
Importing 'GUID: 54019ac30a4ca724eac51bad54f48aac - Path: Packages/com.unity.render-pipelines.universal/Editor/Tools/Converters/PPv2/PPv2Converter.cs - Importer: ScriptedImporter/UnityEditor.QuickSearchModule:UnityEditor.Search:ASIAI0B' with importer (ScriptedImporter : UnityEditor.QuickSearchModule:UnityEditor.Search:ASIAI0B)
Imported 'GUID: 54019ac30a4ca724eac51bad54f48aac' -> (Import Result ID: '6430c9ab0a7ee87a1b9189eb820884df') in 0.002 seconds [static and dynamic dependencies]. Details - ImportResultOutputID=8d137c294256edf81d269e8b21661ec0 DependenciesID=ba40fcf8e78fbe9b451861aed7b540c8 StaticDependenciesID=c8541c5c72b4fded4be51589df4d909d 
Number of updated asset objects reloaded before import = 0
Number of asset objects unloaded after import = 0
========================================================================
Received Import Request.
  Time of request: 2026-08-05T18:44:52.8888863Z
  Time since last request: 0.0003253 seconds.
  importAddress: GUID: 19a7eabf161c29846b42f73a2965d39b - Path: Packages/com.unity.render-pipelines.universal/Editor/2D/ShaderGraph/Includes/Mesh2DLitPass.hlsl - Importer: ScriptedImporter/UnityEditor.QuickSearchModule:UnityEditor.Search:ASIAI0B
Importing 'GUID: 19a7eabf161c29846b42f73a2965d39b - Path: Packages/com.unity.render-pipelines.universal/Editor/2D/ShaderGraph/Includes/Mesh2DLitPass.hlsl - Importer: ScriptedImporter/UnityEditor.QuickSearchModule:UnityEditor.Search:ASIAI0B' with importer (ScriptedImporter : UnityEditor.QuickSearchModule:UnityEditor.Search:ASIAI0B)
Imported 'GUID: 19a7eabf161c29846b42f73a2965d39b' -> (Import Result ID: '28aaf2580b4e9e9bd2a7591c5c8aa077') in 0.008 seconds [static and dynamic dependencies]. Details - ImportResultOutputID=bbe32401a854a884bed85828bbb5983c DependenciesID=b94297f4269419539d9d5f5cc130e302 StaticDependenciesID=7e22c30ed6757894b39fa4e8d521208d 
Number of updated asset objects reloaded before import = 0
Number of asset objects unloaded after import = 1
========================================================================
Received Import Request.
  Time of request: 2026-08-05T18:44:52.9040558Z
  Time since last request: 0.0002755 seconds.
  importAddress: GUID: de06e51a002915c43a237aa558ee66e7 - Path: Packages/com.unity.render-pipelines.universal/Editor/2D/ShaderGraph/Targets/UniversalMeshUnlitInfo.cs - Importer: ScriptedImporter/UnityEditor.QuickSearchModule:UnityEditor.Search:ASIAI0B
Importing 'GUID: de06e51a002915c43a237aa558ee66e7 - Path: Packages/com.unity.render-pipelines.universal/Editor/2D/ShaderGraph/Targets/UniversalMeshUnlitInfo.cs - Importer: ScriptedImporter/UnityEditor.QuickSearchModule:UnityEditor.Search:ASIAI0B' with importer (ScriptedImporter : UnityEditor.QuickSearchModule:UnityEditor.Search:ASIAI0B)
Imported 'GUID: de06e51a002915c43a237aa558ee66e7' -> (Import Result ID: '69ec1eb1a6237f68ea0651344b39958e') in 0.002 seconds [static and dynamic dependencies]. Details - ImportResultOutputID=e02bf658766effb2550b1af709d36579 DependenciesID=059e3ec779c218715430b5dfd49de2d9 StaticDependenciesID=725ba52fe3e99dd1ad73a035e60d9a63 
Number of updated asset objects reloaded before import = 0
Number of asset objects unloaded after import = 0
========================================================================
Received Import Request.
  Time of request: 2026-08-05T18:44:52.9143372Z
  Time since last request: 0.0002788 seconds.
  importAddress: GUID: 896d9004736809c4fb5973b7c12eb8b9 - Path: Packages/com.unity.render-pipelines.universal/Textures/BlueNoise16/L/LDR_LLL1_30.png - Importer: ScriptedImporter/UnityEditor.QuickSearchModule:UnityEditor.Search:ASIAI0B
Importing 'GUID: 896d9004736809c4fb5973b7c12eb8b9 - Path: Packages/com.unity.render-pipelines.universal/Textures/BlueNoise16/L/LDR_LLL1_30.png - Importer: ScriptedImporter/UnityEditor.QuickSearchModule:UnityEditor.Search:ASIAI0B' with importer (ScriptedImporter : UnityEditor.QuickSearchModule:UnityEditor.Search:ASIAI0B)
Imported 'GUID: 896d9004736809c4fb5973b7c12eb8b9' -> (Import Result ID: 'cafea6519ea6c3d9813ff09b39997d9b') in 0.004 seconds [static and dynamic dependencies]. Details - ImportResultOutputID=e077ae0996daeaaa572793e1fe398e41 DependenciesID=762f2700c1cfb04c28395e0832d16442 StaticDependenciesID=55cc361772bb228a1b9632c52d850a2e 
Number of updated asset objects reloaded before import = 0
Number of asset objects unloaded after import = 1
========================================================================
Received Import Request.
  Time of request: 2026-08-05T18:44:52.9249846Z
  Time since last request: 0.000276 seconds.
  importAddress: GUID: 8839c54710da3374f994e12f39b6d65f - Path: Packages/com.unity.render-pipelines.universal/Editor/2D/Resources/InspectorIcons/SpriteLight.png - Importer: ScriptedImporter/UnityEditor.QuickSearchModule:UnityEditor.Search:ASIAI0B
Importing 'GUID: 8839c54710da3374f994e12f39b6d65f - Path: Packages/com.unity.render-pipelines.universal/Editor/2D/Resources/InspectorIcons/SpriteLight.png - Importer: ScriptedImporter/UnityEditor.QuickSearchModule:UnityEditor.Search:ASIAI0B' with importer (ScriptedImporter : UnityEditor.QuickSearchModule:UnityEditor.Search:ASIAI0B)
Imported 'GUID: 8839c54710da3374f994e12f39b6d65f' -> (Import Result ID: '653b3d1fb03e849fb2356d12ec0ec2ee') in 0.010 seconds [static and dynamic dependencies]. Details - ImportResultOutputID=2d74b58cfdfcfcfdac4fc8375e5b8905 DependenciesID=f4192769fccd34d0309ef32e9c80aa6b StaticDependenciesID=1460c1ca2d09e3e1a7364bffe1b1cba2 
Number of updated asset objects reloaded before import = 0
Number of asset objects unloaded after import = 1
========================================================================
Received Import Request.
  Time of request: 2026-08-05T18:44:52.9589289Z
  Time since last request: 0.017111 seconds.
  importAddress: GUID: 837cbe89c0a94e149f5b494ae9c69a51 - Path: Packages/com.unity.render-pipelines.universal/Runtime/2D/Passes/Utility/LayerUtility.cs - Importer: ScriptedImporter/UnityEditor.QuickSearchModule:UnityEditor.Search:ASIAI0B
Importing 'GUID: 837cbe89c0a94e149f5b494ae9c69a51 - Path: Packages/com.unity.render-pipelines.universal/Runtime/2D/Passes/Utility/LayerUtility.cs - Importer: ScriptedImporter/UnityEditor.QuickSearchModule:UnityEditor.Search:ASIAI0B' with importer (ScriptedImporter : UnityEditor.QuickSearchModule:UnityEditor.Search:ASIAI0B)
Imported 'GUID: 837cbe89c0a94e149f5b494ae9c69a51' -> (Import Result ID: '8ada56d9cc49af65ac85b928691fdf01') in 0.003 seconds [static and dynamic dependencies]. Details - ImportResultOutputID=369d33bfc0ae630bacd4a742c54e2c4c DependenciesID=fd756cdd678720dc1e05debce07f2736 StaticDependenciesID=7ae82fa611878e185c571c71d6dacac0 
Number of updated asset objects reloaded before import = 0
Number of asset objects unloaded after import = 0
========================================================================
Received Import Request.
  Time of request: 2026-08-05T18:44:52.968939Z
  Time since last request: 0.0006905 seconds.
  importAddress: GUID: 49ad1c60b87587d439cb3bf92a9867d6 - Path: Packages/com.unity.render-pipelines.universal/Runtime/2D/Shadows/Shadow Provider Utility/IEdgeStore.cs - Importer: ScriptedImporter/UnityEditor.QuickSearchModule:UnityEditor.Search:ASIAI0B
Importing 'GUID: 49ad1c60b87587d439cb3bf92a9867d6 - Path: Packages/com.unity.render-pipelines.universal/Runtime/2D/Shadows/Shadow Provider Utility/IEdgeStore.cs - Importer: ScriptedImporter/UnityEditor.QuickSearchModule:UnityEditor.Search:ASIAI0B' with importer (ScriptedImporter : UnityEditor.QuickSearchModule:UnityEditor.Search:ASIAI0B)
Imported 'GUID: 49ad1c60b87587d439cb3bf92a9867d6' -> (Import Result ID: 'd70a171fc377abded8626b5edc574be9') in 0.002 seconds [static and dynamic dependencies]. Details - ImportResultOutputID=d4a6ef2a70aaed4a9327e5ca24bdb5ca DependenciesID=4df2d5f6ae4e407700eaccbd03b2cb81 StaticDependenciesID=b3647883a97b659e0348aaa68f195353 
Number of updated asset objects reloaded before import = 0
Number of asset objects unloaded after import = 0
========================================================================
Received Import Request.
  Time of request: 2026-08-05T18:44:52.9780203Z
  Time since last request: 0.000287 seconds.
  importAddress: GUID: 677f238dc37937045b856e9468e21666 - Path: Packages/com.unity.render-pipelines.universal/Editor/VFXGraph/Shaders/Templates/VFXParticlePoints.template - Importer: ScriptedImporter/UnityEditor.QuickSearchModule:UnityEditor.Search:ASIAI0B
Importing 'GUID: 677f238dc37937045b856e9468e21666 - Path: Packages/com.unity.render-pipelines.universal/Editor/VFXGraph/Shaders/Templates/VFXParticlePoints.template - Importer: ScriptedImporter/UnityEditor.QuickSearchModule:UnityEditor.Search:ASIAI0B' with importer (ScriptedImporter : UnityEditor.QuickSearchModule:UnityEditor.Search:ASIAI0B)
Imported 'GUID: 677f238dc37937045b856e9468e21666' -> (Import Result ID: '0f2d848c889fe01c49d6f5e7431bf367') in 0.002 seconds [static and dynamic dependencies]. Details - ImportResultOutputID=1d5961e23f68b9a3b398bc1be5403a03 DependenciesID=7047a16286e8461f736f0c39f61b0638 StaticDependenciesID=b6e47e2b91669d5ae22c2340c34c9657 
Number of updated asset objects reloaded before import = 0
Number of asset objects unloaded after import = 1
========================================================================
Received Import Request.
  Time of request: 2026-08-05T18:44:52.9893634Z
  Time since last request: 0.0003065 seconds.
  importAddress: GUID: 43006e09cca9a4c09bf3eeffff510c04 - Path: Assets/Art/Cards/kenney_playing-cards-pack-2/PNG/Cards (large)/card_clubs_09.png - Importer: PreviewImporter
Importing 'GUID: 43006e09cca9a4c09bf3eeffff510c04 - Path: Assets/Art/Cards/kenney_playing-cards-pack-2/PNG/Cards (large)/card_clubs_09.png - Importer: PreviewImporter' with importer (PreviewImporter)
Imported 'GUID: 43006e09cca9a4c09bf3eeffff510c04' -> (Import Result ID: 'caa35df4218dfaf7a5802d8bd9a0669c') in 0.071 seconds [static and dynamic dependencies]. Details - ImportResultOutputID=9ed9c3fae08d832cafc70273384d95b5 DependenciesID=2c2621682bdf78f3cc34cf75bcd5bc64 StaticDependenciesID=0b56e0c3bd45aa5999e99c8458e77cd1 
Number of updated asset objects reloaded before import = 0
Number of asset objects unloaded after import = 3
========================================================================
Received Import Request.
  Time of request: 2026-08-05T18:44:53.0820835Z
  Time since last request: 0.0115065 seconds.
  importAddress: GUID: d54ac06fd6ba14523a3af40273b65c4a - Path: Packages/com.unity.render-pipelines.universal/Tests/Editor/Tools/Converters/MaterialUpgrader/AutodeskInteractiveOpaqueMaterialUpgraderTest.cs - Importer: ScriptedImporter/UnityEditor.QuickSearchModule:UnityEditor.Search:ASIAI0B
Importing 'GUID: d54ac06fd6ba14523a3af40273b65c4a - Path: Packages/com.unity.render-pipelines.universal/Tests/Editor/Tools/Converters/MaterialUpgrader/AutodeskInteractiveOpaqueMaterialUpgraderTest.cs - Importer: ScriptedImporter/UnityEditor.QuickSearchModule:UnityEditor.Search:ASIAI0B' with importer (ScriptedImporter : UnityEditor.QuickSearchModule:UnityEditor.Search:ASIAI0B)
Imported 'GUID: d54ac06fd6ba14523a3af40273b65c4a' -> (Import Result ID: '7cc50724a8a58beb3756a3164487a9ba') in 0.002 seconds [static and dynamic dependencies]. Details - ImportResultOutputID=d0afdb4de888dbc9a9fa3f986edb0753 DependenciesID=3291aad0e83c5197e1d2c19e6f0a01b0 StaticDependenciesID=0fc313fd56698a52f04ed110da5cf0c6 
Number of updated asset objects reloaded before import = 0
Number of asset objects unloaded after import = 0
========================================================================
Received Import Request.
  Time of request: 2026-08-05T18:44:53.0926906Z
  Time since last request: 0.0003037 seconds.
  importAddress: GUID: 0b5e0bd9c09e04548a4955c56bad03df - Path: Packages/com.unity.render-pipelines.universal/Tests/Editor/Tools/Converters/MaterialUpgrader/AutodeskInteractiveTransparentMaterialUpgradeTest.cs - Importer: ScriptedImporter/UnityEditor.QuickSearchModule:UnityEditor.Search:ASIAI0B
Importing 'GUID: 0b5e0bd9c09e04548a4955c56bad03df - Path: Packages/com.unity.render-pipelines.universal/Tests/Editor/Tools/Converters/MaterialUpgrader/AutodeskInteractiveTransparentMaterialUpgradeTest.cs - Importer: ScriptedImporter/UnityEditor.QuickSearchModule:UnityEditor.Search:ASIAI0B' with importer (ScriptedImporter : UnityEditor.QuickSearchModule:UnityEditor.Search:ASIAI0B)
Imported 'GUID: 0b5e0bd9c09e04548a4955c56bad03df' -> (Import Result ID: '0630228e1796ba7786cfeb70501299a0') in 0.004 seconds [static and dynamic dependencies]. Details - ImportResultOutputID=d89075eda049b2240a0e93ec360ebc8b DependenciesID=2ef17dc822d0bfba5709ad193aa90959 StaticDependenciesID=6d31392885dcd12742cc6ebfe5f5de40 
Number of updated asset objects reloaded before import = 0
Number of asset objects unloaded after import = 0
========================================================================
Received Import Request.
  Time of request: 2026-08-05T18:44:53.1044546Z
  Time since last request: 0.0004385 seconds.
  importAddress: GUID: 1a641ca7aea56f8428c8c6efc8e618cb - Path: Packages/com.unity.2d.tilemap.extras/Editor/Menu/CustomRuleTileMenu.cs - Importer: ScriptedImporter/UnityEditor.QuickSearchModule:UnityEditor.Search:ASIAI0B
Importing 'GUID: 1a641ca7aea56f8428c8c6efc8e618cb - Path: Packages/com.unity.2d.tilemap.extras/Editor/Menu/CustomRuleTileMenu.cs - Importer: ScriptedImporter/UnityEditor.QuickSearchModule:UnityEditor.Search:ASIAI0B' with importer (ScriptedImporter : UnityEditor.QuickSearchModule:UnityEditor.Search:ASIAI0B)
Imported 'GUID: 1a641ca7aea56f8428c8c6efc8e618cb' -> (Import Result ID: '636faa55d0bb04a9abc0fd8d5d0251b3') in 0.003 seconds [static and dynamic dependencies]. Details - ImportResultOutputID=ef570c956a5c6eadd3e64c40863b4d06 DependenciesID=c3564a9f8a52528b27818dff36a5a7c8 StaticDependenciesID=026ebea7ca4ce67fa71fba1f8eed8b19 
Number of updated asset objects reloaded before import = 0
Number of asset objects unloaded after import = 0
========================================================================
Received Import Request.
  Time of request: 2026-08-05T18:44:53.1159166Z
  Time since last request: 0.000236 seconds.
  importAddress: GUID: d131a2d0c5c33464b90253c59096277f - Path: Packages/com.unity.2d.tilemap.extras/Third Party Notices.md - Importer: ScriptedImporter/UnityEditor.QuickSearchModule:UnityEditor.Search:ASIAI0B
Importing 'GUID: d131a2d0c5c33464b90253c59096277f - Path: Packages/com.unity.2d.tilemap.extras/Third Party Notices.md - Importer: ScriptedImporter/UnityEditor.QuickSearchModule:UnityEditor.Search:ASIAI0B' with importer (ScriptedImporter : UnityEditor.QuickSearchModule:UnityEditor.Search:ASIAI0B)
Imported 'GUID: d131a2d0c5c33464b90253c59096277f' -> (Import Result ID: '9d6c2b8da60226ed9b3a399c26e8ca8a') in 0.008 seconds [static and dynamic dependencies]. Details - ImportResultOutputID=caf2d6389c4a9be6fa392da654e78ed1 DependenciesID=7bdbfead426df0c621414f7219f121fb StaticDependenciesID=5308dc5cc5af4d4ba8bee7a0f7b05983 
Number of updated asset objects reloaded before import = 0
Number of asset objects unloaded after import = 1
========================================================================
Received Import Request.
  Time of request: 2026-08-05T18:44:53.1390453Z
  Time since last request: 0.0070172 seconds.
  importAddress: GUID: 27fcf2ee0895b467f980e5c3c57b655c - Path: Packages/com.unity.2d.tilemap.extras/Editor/Brushes/GameObjectBrush/GameObjectBrush@4x.png - Importer: ScriptedImporter/UnityEditor.QuickSearchModule:UnityEditor.Search:ASIAI0B
Importing 'GUID: 27fcf2ee0895b467f980e5c3c57b655c - Path: Packages/com.unity.2d.tilemap.extras/Editor/Brushes/GameObjectBrush/GameObjectBrush@4x.png - Importer: ScriptedImporter/UnityEditor.QuickSearchModule:UnityEditor.Search:ASIAI0B' with importer (ScriptedImporter : UnityEditor.QuickSearchModule:UnityEditor.Search:ASIAI0B)
Imported 'GUID: 27fcf2ee0895b467f980e5c3c57b655c' -> (Import Result ID: '415ce854c0014d2a096ac57837b3a2a5') in 0.013 seconds [static and dynamic dependencies]. Details - ImportResultOutputID=0473311fdb5206de9976ecb44d89f088 DependenciesID=ec0833a83d52da0795b673a3c1e8ea47 StaticDependenciesID=3be493533a1bb852ff6dd6416d164977 
Number of updated asset objects reloaded before import = 0
Number of asset objects unloaded after import = 3
========================================================================
Received Import Request.
  Time of request: 2026-08-05T18:44:53.1595045Z
  Time since last request: 0.0004042 seconds.
  importAddress: GUID: b08ceb78e3b2495b8d808a5860e66794 - Path: Packages/com.unity.2d.tilemap.extras/Runtime/Tiles/AutoTile/AutoTile.cs - Importer: ScriptedImporter/UnityEditor.QuickSearchModule:UnityEditor.Search:ASIAI0B
Importing 'GUID: b08ceb78e3b2495b8d808a5860e66794 - Path: Packages/com.unity.2d.tilemap.extras/Runtime/Tiles/AutoTile/AutoTile.cs - Importer: ScriptedImporter/UnityEditor.QuickSearchModule:UnityEditor.Search:ASIAI0B' with importer (ScriptedImporter : UnityEditor.QuickSearchModule:UnityEditor.Search:ASIAI0B)
Imported 'GUID: b08ceb78e3b2495b8d808a5860e66794' -> (Import Result ID: 'b87e821366528c7899b45f838a45312a') in 0.002 seconds [static and dynamic dependencies]. Details - ImportResultOutputID=61e26fef3c96ca5a4916a5e1f0873bb3 DependenciesID=c6067cd42fbaf27443fef3187eab6110 StaticDependenciesID=3b8dfa913ddc9c5132a0b2631d50885c 
Number of updated asset objects reloaded before import = 0
Number of asset objects unloaded after import = 0
========================================================================
Received Import Request.
  Time of request: 2026-08-05T18:44:53.1690624Z
  Time since last request: 0.0002787 seconds.
  importAddress: GUID: 0fe20938402424ba6bc9ee476ff7514e - Path: Packages/com.unity.2d.tilemap.extras/Editor/Brushes/LineBrush/d_LineBrush@4x.png - Importer: ScriptedImporter/UnityEditor.QuickSearchModule:UnityEditor.Search:ASIAI0B
Importing 'GUID: 0fe20938402424ba6bc9ee476ff7514e - Path: Packages/com.unity.2d.tilemap.extras/Editor/Brushes/LineBrush/d_LineBrush@4x.png - Importer: ScriptedImporter/UnityEditor.QuickSearchModule:UnityEditor.Search:ASIAI0B' with importer (ScriptedImporter : UnityEditor.QuickSearchModule:UnityEditor.Search:ASIAI0B)
Imported 'GUID: 0fe20938402424ba6bc9ee476ff7514e' -> (Import Result ID: 'fdb4b914ee248ee81dcab85836d7598c') in 0.011 seconds [static and dynamic dependencies]. Details - ImportResultOutputID=49cc9a1f0b690ed57579f263eb63cd75 DependenciesID=47f87afcce8046c916a7d08a3c945cd8 StaticDependenciesID=f4fa37f8626a53e1cba392ed3b8a9fb0 
Number of updated asset objects reloaded before import = 0
Number of asset objects unloaded after import = 3
========================================================================
Received Import Request.
  Time of request: 2026-08-05T18:44:53.1865756Z
  Time since last request: 0.0001769 seconds.
  importAddress: GUID: 0abded712ad706044a53ef292972edbb - Path: Packages/com.unity.2d.tilemap.extras/Editor/Brushes/GameObjectBrush/GameObjectBrush.cs - Importer: ScriptedImporter/UnityEditor.QuickSearchModule:UnityEditor.Search:ASIAI0B
Importing 'GUID: 0abded712ad706044a53ef292972edbb - Path: Packages/com.unity.2d.tilemap.extras/Editor/Brushes/GameObjectBrush/GameObjectBrush.cs - Importer: ScriptedImporter/UnityEditor.QuickSearchModule:UnityEditor.Search:ASIAI0B' with importer (ScriptedImporter : UnityEditor.QuickSearchModule:UnityEditor.Search:ASIAI0B)
Imported 'GUID: 0abded712ad706044a53ef292972edbb' -> (Import Result ID: 'c8a4aed2108b41587a62344a17807ddc') in 0.003 seconds [static and dynamic dependencies]. Details - ImportResultOutputID=2f3931d75da5201c905095fa5db58da7 DependenciesID=30ef8f05b8767673609cf16cc3dccde7 StaticDependenciesID=ae8cb6a9e8e72f6b75aec8c39c3bdd16 
Number of updated asset objects reloaded before import = 0
Number of asset objects unloaded after import = 0
========================================================================
Received Import Request.
  Time of request: 2026-08-05T18:44:53.1960599Z
  Time since last request: 0.000222 seconds.
  importAddress: GUID: dc2acaac6c5d45c9b52f770dfd9e6bfb - Path: Packages/com.unity.2d.tilemap.extras/Editor/Tiles/AutoTile/AutoTileTemplate.cs - Importer: ScriptedImporter/UnityEditor.QuickSearchModule:UnityEditor.Search:ASIAI0B
Importing 'GUID: dc2acaac6c5d45c9b52f770dfd9e6bfb - Path: Packages/com.unity.2d.tilemap.extras/Editor/Tiles/AutoTile/AutoTileTemplate.cs - Importer: ScriptedImporter/UnityEditor.QuickSearchModule:UnityEditor.Search:ASIAI0B' with importer (ScriptedImporter : UnityEditor.QuickSearchModule:UnityEditor.Search:ASIAI0B)
Imported 'GUID: dc2acaac6c5d45c9b52f770dfd9e6bfb' -> (Import Result ID: '701ea87e389a00880b0f15270b6bbe2e') in 0.002 seconds [static and dynamic dependencies]. Details - ImportResultOutputID=0a2238eb8b8213c1214ba473c2e8174f DependenciesID=08ec20cb502d8e8e1c383de95c296d4c StaticDependenciesID=d0e619835d74b9546132a2d1e9b9ce2a 
Number of updated asset objects reloaded before import = 0
Number of asset objects unloaded after import = 0
========================================================================
Received Import Request.
  Time of request: 2026-08-05T18:44:53.2053561Z
  Time since last request: 0.0002388 seconds.
  importAddress: GUID: 7e9a964572b8d49cb8164bd4b62c92f3 - Path: Packages/com.unity.2d.tilemap.extras/Editor/Brushes/LineBrush/LineBrush@4x.png - Importer: ScriptedImporter/UnityEditor.QuickSearchModule:UnityEditor.Search:ASIAI0B
Importing 'GUID: 7e9a964572b8d49cb8164bd4b62c92f3 - Path: Packages/com.unity.2d.tilemap.extras/Editor/Brushes/LineBrush/LineBrush@4x.png - Importer: ScriptedImporter/UnityEditor.QuickSearchModule:UnityEditor.Search:ASIAI0B' with importer (ScriptedImporter : UnityEditor.QuickSearchModule:UnityEditor.Search:ASIAI0B)
Imported 'GUID: 7e9a964572b8d49cb8164bd4b62c92f3' -> (Import Result ID: 'b46028b9bdde97f85a3c7e5c3ba0f29d') in 0.009 seconds [static and dynamic dependencies]. Details - ImportResultOutputID=479306ae166afa26a56b1499ea34366e DependenciesID=4f18c8e255e2a4b46c03b88ed8df1986 StaticDependenciesID=624746f2522dfd15019610f9fac41f0d 
Number of updated asset objects reloaded before import = 0
Number of asset objects unloaded after import = 3
========================================================================
Received Import Request.
  Time of request: 2026-08-05T18:44:53.2404032Z
  Time since last request: 0.0178464 seconds.
  importAddress: GUID: f7250ae0d09b4f228bb132e8f30d3f6e - Path: Packages/com.unity.test-framework.performance/Runtime/Measurements/ScopeMeasurement.cs - Importer: ScriptedImporter/UnityEditor.QuickSearchModule:UnityEditor.Search:ASIAI0B
Importing 'GUID: f7250ae0d09b4f228bb132e8f30d3f6e - Path: Packages/com.unity.test-framework.performance/Runtime/Measurements/ScopeMeasurement.cs - Importer: ScriptedImporter/UnityEditor.QuickSearchModule:UnityEditor.Search:ASIAI0B' with importer (ScriptedImporter : UnityEditor.QuickSearchModule:UnityEditor.Search:ASIAI0B)
Imported 'GUID: f7250ae0d09b4f228bb132e8f30d3f6e' -> (Import Result ID: 'fa987d80cc38ec2f78c2ab25bf9005e3') in 0.003 seconds [static and dynamic dependencies]. Details - ImportResultOutputID=4f9e5217513b401710f92833c8ac049e DependenciesID=1b966fef7329f224db3380b42ce7d5df StaticDependenciesID=6cec4f832614e3f973d152712e3ce9df 
Number of updated asset objects reloaded before import = 0
Number of asset objects unloaded after import = 0
========================================================================
Received Import Request.
  Time of request: 2026-08-05T18:44:53.2500446Z
  Time since last request: 0.000485 seconds.
  importAddress: GUID: 9f7fc0eedf514939aced1b50b9163974 - Path: Packages/com.unity.test-framework.performance/Runtime/ResourcesLoader.cs - Importer: ScriptedImporter/UnityEditor.QuickSearchModule:UnityEditor.Search:ASIAI0B
Importing 'GUID: 9f7fc0eedf514939aced1b50b9163974 - Path: Packages/com.unity.test-framework.performance/Runtime/ResourcesLoader.cs - Importer: ScriptedImporter/UnityEditor.QuickSearchModule:UnityEditor.Search:ASIAI0B' with importer (ScriptedImporter : UnityEditor.QuickSearchModule:UnityEditor.Search:ASIAI0B)
Imported 'GUID: 9f7fc0eedf514939aced1b50b9163974' -> (Import Result ID: 'ea63337cadf62b39233bc9fb07d5799f') in 0.003 seconds [static and dynamic dependencies]. Details - ImportResultOutputID=5265597eaa5032b68b75a16098ac749f DependenciesID=c7227ee1415e1bd3d4f1b4198156c179 StaticDependenciesID=2d9ec649fbbc509b3d50d05c7665c2a4 
Number of updated asset objects reloaded before import = 0
Number of asset objects unloaded after import = 0
========================================================================
Received Import Request.
  Time of request: 2026-08-05T18:44:53.2624056Z
  Time since last request: 0.0002998 seconds.
  importAddress: GUID: 573489ea329e0b246a993a3c9bcd9b5c - Path: Packages/com.unity.test-framework.performance/Runtime/Measurements/MethodMeasurement.cs - Importer: ScriptedImporter/UnityEditor.QuickSearchModule:UnityEditor.Search:ASIAI0B
Importing 'GUID: 573489ea329e0b246a993a3c9bcd9b5c - Path: Packages/com.unity.test-framework.performance/Runtime/Measurements/MethodMeasurement.cs - Importer: ScriptedImporter/UnityEditor.QuickSearchModule:UnityEditor.Search:ASIAI0B' with importer (ScriptedImporter : UnityEditor.QuickSearchModule:UnityEditor.Search:ASIAI0B)
Imported 'GUID: 573489ea329e0b246a993a3c9bcd9b5c' -> (Import Result ID: '8b6cafb71ae5789a3ad3976ee2a4646a') in 0.002 seconds [static and dynamic dependencies]. Details - ImportResultOutputID=28ac6244c7016de1142b6f4b08eb4e7c DependenciesID=fab088bd7771264b1f6aa6d7ce04c43f StaticDependenciesID=43714799824e272db2e132a35208ef3d 
Number of updated asset objects reloaded before import = 0
Number of asset objects unloaded after import = 0
========================================================================
Received Import Request.
  Time of request: 2026-08-05T18:44:53.2716544Z
  Time since last request: 0.0006381 seconds.
  importAddress: GUID: 3ea2d7f3aee148a48bf80eafd7113fe0 - Path: Packages/com.unity.test-framework.performance/Runtime/Attributes/VersionAttribute.cs - Importer: ScriptedImporter/UnityEditor.QuickSearchModule:UnityEditor.Search:ASIAI0B
Importing 'GUID: 3ea2d7f3aee148a48bf80eafd7113fe0 - Path: Packages/com.unity.test-framework.performance/Runtime/Attributes/VersionAttribute.cs - Importer: ScriptedImporter/UnityEditor.QuickSearchModule:UnityEditor.Search:ASIAI0B' with importer (ScriptedImporter : UnityEditor.QuickSearchModule:UnityEditor.Search:ASIAI0B)
Imported 'GUID: 3ea2d7f3aee148a48bf80eafd7113fe0' -> (Import Result ID: '4c128ee0259842eafa031f0e18d81671') in 0.003 seconds [static and dynamic dependencies]. Details - ImportResultOutputID=d391174d50ac95b60067576a20372d4c DependenciesID=4ec4f4d2b03650bf207cbd82b2a426f3 StaticDependenciesID=9c01cb83718a9aee7d769161e369d86d 
Number of updated asset objects reloaded before import = 0
Number of asset objects unloaded after import = 0
========================================================================
Received Import Request.
  Time of request: 2026-08-05T18:44:53.2821869Z
  Time since last request: 0.0002872 seconds.
  importAddress: GUID: eee38b155cc303447b8c478d95185d54 - Path: Packages/com.unity.test-framework.performance/Runtime/Data/PerformanceTestResult.cs - Importer: ScriptedImporter/UnityEditor.QuickSearchModule:UnityEditor.Search:ASIAI0B
Importing 'GUID: eee38b155cc303447b8c478d95185d54 - Path: Packages/com.unity.test-framework.performance/Runtime/Data/PerformanceTestResult.cs - Importer: ScriptedImporter/UnityEditor.QuickSearchModule:UnityEditor.Search:ASIAI0B' with importer (ScriptedImporter : UnityEditor.QuickSearchModule:UnityEditor.Search:ASIAI0B)
Imported 'GUID: eee38b155cc303447b8c478d95185d54' -> (Import Result ID: 'c7af74873897736579cf0e4c85da483c') in 0.003 seconds [static and dynamic dependencies]. Details - ImportResultOutputID=808b4cd5955c2880c3f063b0ab2b3d70 DependenciesID=1d72b23b5e3cfbcc17f8178e3de15aee StaticDependenciesID=007cb6788f9d8fd4bc6fac32c18727fb 
Number of updated asset objects reloaded before import = 0
Number of asset objects unloaded after import = 0
========================================================================
Received Import Request.
  Time of request: 2026-08-05T18:44:53.2935478Z
  Time since last request: 0.0001846 seconds.
  importAddress: GUID: 682cbcd3b2e7545e2bbc6306016e7bb7 - Path: Packages/com.unity.test-framework.performance/Third Party Notices.md - Importer: ScriptedImporter/UnityEditor.QuickSearchModule:UnityEditor.Search:ASIAI0B
Importing 'GUID: 682cbcd3b2e7545e2bbc6306016e7bb7 - Path: Packages/com.unity.test-framework.performance/Third Party Notices.md - Importer: ScriptedImporter/UnityEditor.QuickSearchModule:UnityEditor.Search:ASIAI0B' with importer (ScriptedImporter : UnityEditor.QuickSearchModule:UnityEditor.Search:ASIAI0B)
Imported 'GUID: 682cbcd3b2e7545e2bbc6306016e7bb7' -> (Import Result ID: '8337e20c5014c9f32b52eb482d5a1972') in 0.007 seconds [static and dynamic dependencies]. Details - ImportResultOutputID=c2fe75beccc3e18ab97f89f1e4a109ad DependenciesID=94ee87fe28253371f0c749789be5976d StaticDependenciesID=3ecb7b4e47fd2fc98c1522466e11b3cf 
Number of updated asset objects reloaded before import = 0
Number of asset objects unloaded after import = 1
========================================================================
Received Import Request.
  Time of request: 2026-08-05T18:44:53.3087808Z
  Time since last request: 0.0003151 seconds.
  importAddress: GUID: 2677a59243824b90add157da8988edde - Path: Packages/com.unity.test-framework.performance/Runtime/Statistics/MeasurementsStatistics.cs - Importer: ScriptedImporter/UnityEditor.QuickSearchModule:UnityEditor.Search:ASIAI0B
Importing 'GUID: 2677a59243824b90add157da8988edde - Path: Packages/com.unity.test-framework.performance/Runtime/Statistics/MeasurementsStatistics.cs - Importer: ScriptedImporter/UnityEditor.QuickSearchModule:UnityEditor.Search:ASIAI0B' with importer (ScriptedImporter : UnityEditor.QuickSearchModule:UnityEditor.Search:ASIAI0B)
Imported 'GUID: 2677a59243824b90add157da8988edde' -> (Import Result ID: '95e45133778ceb50aefb2c0f4b36fc63') in 0.002 seconds [static and dynamic dependencies]. Details - ImportResultOutputID=6e9ab472d3a2e46e10a7ba7482753022 DependenciesID=cd5707cdc5b39f20a701309722f3e07b StaticDependenciesID=97b2c7a91061a533fdf880fa784ac48d 
Number of updated asset objects reloaded before import = 0
Number of asset objects unloaded after import = 0
========================================================================
Received Import Request.
  Time of request: 2026-08-05T18:44:53.3191149Z
  Time since last request: 0.0003397 seconds.
  importAddress: GUID: e23a1a81aa45485a90af802e6a1db07e - Path: Packages/com.unity.2d.tilemap.extras/Editor/Tiles/AutoTile/UI/AutoTileTextureSource.cs - Importer: ScriptedImporter/UnityEditor.QuickSearchModule:UnityEditor.Search:ASIAI0B
Importing 'GUID: e23a1a81aa45485a90af802e6a1db07e - Path: Packages/com.unity.2d.tilemap.extras/Editor/Tiles/AutoTile/UI/AutoTileTextureSource.cs - Importer: ScriptedImporter/UnityEditor.QuickSearchModule:UnityEditor.Search:ASIAI0B' with importer (ScriptedImporter : UnityEditor.QuickSearchModule:UnityEditor.Search:ASIAI0B)
Imported 'GUID: e23a1a81aa45485a90af802e6a1db07e' -> (Import Result ID: '3dbec4e785048cb9191b8d1667c77fbe') in 0.002 seconds [static and dynamic dependencies]. Details - ImportResultOutputID=84d449a81aa279b7ea1bc501cc415ff8 DependenciesID=cd7abeb05dc5ffbe3c1ad3e6735723a7 StaticDependenciesID=93025642c41040b187472d7364536fd3 
Number of updated asset objects reloaded before import = 0
Number of asset objects unloaded after import = 0
========================================================================
Received Import Request.
  Time of request: 2026-08-05T18:44:53.3292637Z
  Time since last request: 0.0003962 seconds.
  importAddress: GUID: c7715b638c6f5c849a6ec12234ae264c - Path: Packages/com.unity.test-framework.performance/Editor/TestReportGraph/TestReportShader.shader - Importer: ScriptedImporter/UnityEditor.QuickSearchModule:UnityEditor.Search:ASIAI0B
Importing 'GUID: c7715b638c6f5c849a6ec12234ae264c - Path: Packages/com.unity.test-framework.performance/Editor/TestReportGraph/TestReportShader.shader - Importer: ScriptedImporter/UnityEditor.QuickSearchModule:UnityEditor.Search:ASIAI0B' with importer (ScriptedImporter : UnityEditor.QuickSearchModule:UnityEditor.Search:ASIAI0B)
Imported 'GUID: c7715b638c6f5c849a6ec12234ae264c' -> (Import Result ID: 'e2faabd1afceee892f765cddaf4cf39a') in 0.002 seconds [static and dynamic dependencies]. Details - ImportResultOutputID=c6e58f36e666e11736e97fff9597b85e DependenciesID=b627e334b9f6683d678caaecd6270972 StaticDependenciesID=49cd1d6be40e6d9306fe2477ef7df522 
Number of updated asset objects reloaded before import = 0
Number of asset objects unloaded after import = 1
Editor requested this worker to shutdown with reason: Scaling down because of idle timeout
AcceleratorClientConnectionCallback - disconnected - :0
AssetImportWorker is now disconnected from the server
Process exiting
Exiting without the bug reporter. Application will terminate with return code 0