[Licensing::Module] Trying to connect to existing licensing client channel...
Built from '6000.5/staging' branch; Version is '6000.5.0f1 (88b47c5e7076) revision 8959100'; Using compiler version '194234433'; Build Type 'Release'
OS: 'Windows 10  (10.0.19045) 64bit Professional' Language: 'en' Physical Memory: 64640 MB
[Licensing::IpcConnector] Successfully connected to: "LicenseClient-Filip" at "2026-08-04T17:31:16.1924236Z"
BatchMode: 1, IsHumanControllingUs: 0, StartBugReporterOnCrash: 0, Is64bit: 1
System  architecture: x64
Process architecture: x64
Date: 2026-08-04T17:31:16Z

COMMAND LINE ARGUMENTS:
D:\Software\Unity Installs\6000.5.0f1\Editor\Unity.exe
-adb2
-batchMode
-noUpm
-name
AssetImportWorkerHW4
-projectPath
D:/Projects/Kobold Collective/CardGameTakeHomeStarter
-logFile
Logs/AssetImportWorkerHW4.log
-srvPort
51719
-parentPid
110012
-analyticsCloudUserId
3573578210267
-analyticsCloudProjectId
1304c6e3-abd4-4b49-8156-dccc98aa1145
-analyticsLocalProjectId
1a724b6c99c414aacad9983827ba13a6
-licensingIpc
LicenseClient-Filip
-noDiagnosticSwitchPersistentStore
-job-worker-count
15
-background-job-worker-count
8
-asset-garbage-collectors
1
-force-d3d12
-name
AssetImport
Successfully changed project path to: D:/Projects/Kobold Collective/CardGameTakeHomeStarter
D:/Projects/Kobold Collective/CardGameTakeHomeStarter
[UnityMemory] Configuration Parameters - Can be set up in boot.config
    "memorysetup-temp-allocator-size-gi-baking-worker=262144"
    "memorysetup-temp-allocator-size-gi-baking-worker=262144"
    "memorysetup-temp-allocator-size-gi-baking-worker=262144"
    "memorysetup-temp-allocator-size-gi-baking-worker=262144"
    "memorysetup-temp-allocator-size-gi-baking-worker=262144"
    "memorysetup-temp-allocator-size-nav-mesh-worker=65536"
    "memorysetup-temp-allocator-size-audio-worker=65536"
    "memorysetup-temp-allocator-size-cloud-worker=32768"
    "memorysetup-temp-allocator-size-gfx=262144"
    "memorysetup-temp-allocator-size-preload-manager=33554432"
    "memorysetup-allocator-temp-initial-block-size-main=262144"
    "memorysetup-allocator-temp-initial-block-size-worker=262144"
    "memorysetup-temp-allocator-size-job-worker=262144"
    "memorysetup-temp-allocator-size-background-worker=32768"
    "memorysetup-bucket-allocator-granularity=16"
    "memorysetup-bucket-allocator-bucket-count=8"
    "memorysetup-bucket-allocator-block-size=33554432"
    "memorysetup-bucket-allocator-block-count=8"
    "memorysetup-main-allocator-block-size=16777216"
    "memorysetup-thread-allocator-block-size=16777216"
    "memorysetup-main-allocator-mimalloc-enabled=0"
    "memorysetup-gfx-main-allocator-block-size=16777216"
    "memorysetup-gfx-thread-allocator-block-size=16777216"
    "memorysetup-cache-allocator-block-size=4194304"
    "memorysetup-typetree-allocator-block-size=2097152"
    "memorysetup-profiler-bucket-allocator-granularity=16"
    "memorysetup-profiler-bucket-allocator-bucket-count=8"
    "memorysetup-profiler-bucket-allocator-block-size=33554432"
    "memorysetup-profiler-bucket-allocator-block-count=8"
    "memorysetup-profiler-allocator-block-size=16777216"
    "memorysetup-profiler-editor-allocator-block-size=1048576"
    "memorysetup-temp-allocator-size-main=16777216"
    "memorysetup-job-temp-allocator-block-size=2097152"
    "memorysetup-job-temp-allocator-block-size-background=1048576"
    "memorysetup-job-temp-allocator-reduction-small-platforms=262144"
Player connection [142916]  Target information:

Player connection [142916]  * "[IP] 10.0.0.10 [Port] 0 [Flags] 2 [Guid] 2269326641 [EditorId] 2269326641 [Version] 1048832 [Id] WindowsEditor(7,DESKTOP-LOE394D) [Debug] 1 [PackageName] WindowsEditor [ProjectName] Editor" 

Player connection [142916]  * "[IP] 172.18.224.1 [Port] 0 [Flags] 2 [Guid] 2269326641 [EditorId] 2269326641 [Version] 1048832 [Id] WindowsEditor(7,DESKTOP-LOE394D) [Debug] 1 [PackageName] WindowsEditor [ProjectName] Editor" 

Player connection [142916] Host joined multi-casting on [225.0.0.222:54997]...
Player connection [142916] Host joined alternative multi-casting on [225.0.0.222:34997]...
JobSystem: Creating JobQueue using job-worker-count value 15
Input System module state changed to: Initialized.
[Physics::Module] Initialized fallback backend.
[Physics::Module] Id: 0xdecafbad
Library Redirect Path: Library/
[Physics::Module] Selected backend.
[Physics::Module] Name: PhysX
[Physics::Module] Id: 0xf2b8ea05
[Physics::Module] SDK Version: 4.1.2
[Physics::Module] Integration Version: 1.0.0
[Physics::Module] Threading Mode: Multi-Threaded
Refreshing native plugins compatible for Editor in 2.36 ms, found 5 plugins.
Initialize engine version: 6000.5.0f1 (88b47c5e7076)
[Subsystems] Discovering subsystems at path D:/Software/Unity Installs/6000.5.0f1/Editor/Data/Resources/UnitySubsystems
[Subsystems] Discovering subsystems at path D:/Projects/Kobold Collective/CardGameTakeHomeStarter/Assets
Forcing GfxDevice: Direct3D 12
GfxDevice: creating device client; kGfxThreadingModeNonThreaded
[Licensing::Client] Error: HandshakeResponse reported an error:
	ResponseCode: 505
	ResponseStatus: Unsupported protocol version '1.18.1'.
[Licensing::Module] Error: Failed to handshake to channel: "LicenseClient-Filip"
[Licensing::IpcConnector] LicenseClient-Filip channel disconnected successfully.
[Licensing::IpcConnector] Successfully connected to: "LicenseClient-Filip-6000.5.0" at "2026-08-04T17:31:16.7727179Z"
[Licensing::Client] Code 10 while verifying Licensing Client signature (process Id: 119488, path: "D:/Software/Unity Installs/6000.5.0f1/Editor/Data/Resources/Licensing/Client/Unity.Licensing.Client.exe")
[Licensing::Module] LicensingClient has failed validation; ignoring
[Licensing::Client] Handshaking with LicensingClient:
  Version:                 1.18.1+9fbee8e
  Session Id:              7953455e703b46c0b21b130aae682e30
  Correlation Id:          313b0384e4b086877edc58dacf8a6333
  External correlation Id: 1395342185420423314
  Machine Id:              WdbJyY1ohjOZjQBbuRdciEBLWqo=
[Licensing::Module] Successfully connected to LicensingClient on channel: "LicenseClient-Filip-6000.5.0" (connect: 0.00s, validation: 0.00s, handshake: 0.00s)
[Licensing::IpcConnector] Successfully connected to: "LicenseClient-Filip-6000.5.0-notifications" at "2026-08-04T17:31:16.777092Z"
[Licensing::Module] Licensing Background thread has ended after 0.58s
d3d12: failed to query info queue interface (0x80004002).
Direct3D:
    Version:         Direct3D 12 [level 12.2]
    Renderer:        NVIDIA GeForce RTX 4070 Ti SUPER (ID=0x2689)
    Vendor:          NVIDIA
    VRAM:            16061 MB
    App VRAM Budget: 15293 MB
    Driver:          32.0.16.1062
Initialize mono
Mono path[0] = 'D:/Software/Unity Installs/6000.5.0f1/Editor/Data/Managed'
Mono path[1] = 'D:/Software/Unity Installs/6000.5.0f1/Editor/Data/BCLExtensions/runtime/netstandard2.1'
Mono path[2] = 'D:/Software/Unity Installs/6000.5.0f1/Editor/Data/MonoBleedingEdge/lib/mono/unityjit-win32'
Mono config path = 'D:/Software/Unity Installs/6000.5.0f1/Editor/Data/MonoBleedingEdge/etc'
Using monoOptions --debugger-agent=transport=dt_socket,embedding=1,server=y,suspend=n,address=127.0.0.1:56912
CodeReloadManager initialized
Begin MonoManager ReloadAssembly
Registering precompiled unity dll's ...
Register platform support module: D:/Software/Unity Installs/6000.5.0f1/Editor/Data/PlaybackEngines/WindowsStandaloneSupport/UnityEditor.WindowsStandalone.Extensions.dll
Registered in 0.000788 seconds.
Native extension for WindowsStandalone target not found
Package Manager log level set to [2]
[Package Manager] Failed to launch server process. Reason: Unity was launched with the -noUpm command-line argument
[Package Manager] Unable to send message (not connected to server process).
[Package Manager] Cannot connect to Unity Package Manager local server
ScheduleIndexationOnStartup MainProcess:False IndexOnStartup:True
Mono: successfully reloaded assembly
- Finished resetting the current domain, in  0.293 seconds
Domain Reload Profiling: 643ms
	BeginReloadAssembly (93ms)
	RebuildCommonClasses (4ms)
	RebuildNativeTypeToScriptingClass (13ms)
	initialDomainReloadingComplete (40ms)
	LoadAllAssembliesAndSetupDomain (198ms)
		LoadAssemblies (92ms)
		AnalyzeDomain (148ms)
			TypeCache.Refresh (146ms)
				TypeCache.ScanAssembly (136ms)
	FinalizeReload (294ms)
		SetupLoadedEditorAssemblies (0ms)
			BeforeProcessingInitializeOnLoad (81ms)
			ProcessInitializeOnLoadAttributes (70ms)
			ProcessInitializeOnLoadMethodAttributes (84ms)
Initializing Unity extensions:
[Licensing::Client] Successfully resolved entitlement details
[Licensing::Module] License group:
  Id: 3573578210267-UnityPersXXXX
  Product: Unity Personal
  Type: Assigned
  Expiration: Unlimited
========================================================================
Worker process is ready to serve import requests
Import Worker Mode flag is 0x00
Begin MonoManager ReloadAssembly
Native extension for WindowsStandalone target not found
[Package Manager] Failed to launch server process. Reason: Unity was launched with the -noUpm command-line argument
[Package Manager] Unable to send message (not connected to server process).
[Package Manager] Cannot connect to Unity Package Manager local server
[Package Manager] Failed to launch server process. Reason: Unity was launched with the -noUpm command-line argument
[Package Manager] Unable to send message (not connected to server process).
[Package Manager] Cannot connect to Unity Package Manager local server
ScheduleIndexationOnStartup MainProcess:False IndexOnStartup:True
Mono: successfully reloaded assembly
- Finished resetting the current domain, in  0.651 seconds
Domain Reload Profiling: 1285ms
	BeginReloadAssembly (132ms)
		DisableScriptedObjects (4ms)
		CreateAndSetChildDomain (27ms)
	RebuildCommonClasses (7ms)
	RebuildNativeTypeToScriptingClass (14ms)
	initialDomainReloadingComplete (40ms)
	LoadAllAssembliesAndSetupDomain (440ms)
		LoadAssemblies (237ms)
		AnalyzeDomain (191ms)
			TypeCache.Refresh (128ms)
				TypeCache.ScanAssembly (117ms)
			BuildScriptInfoCaches (56ms)
			ResolveRequiredComponents (6ms)
	FinalizeReload (652ms)
		SetupLoadedEditorAssemblies (0ms)
			BeforeProcessingInitializeOnLoad (77ms)
			ProcessInitializeOnLoadAttributes (239ms)
			ProcessInitializeOnLoadMethodAttributes (196ms)
AcceleratorClientConnectionCallback - disconnected - :0
Launched and connected shader compiler UnityShaderCompiler.exe after 0.01 seconds
Unloading 22 Unused Serialized files (Serialized files now loaded: 0)
Curl error 3: URL rejected: Malformed input to a URL function
Unloading 7156 unused Assets / (6.4 MB). Loaded Objects now: 8040.
Memory consumption went from 343.1 MB to 336.7 MB.
Total: 10.508100 ms (FindLiveObjects: 0.682000 ms CreateObjectMapping: 1.636200 ms MarkObjects: 4.778400 ms  DeleteObjects: 3.409600 ms)

========================================================================
Received Import Request.
  Time of request: 2026-08-04T17:31:19.6053766Z
  Time since last request: 662980.03484149998985 seconds.
  importAddress: GUID: c7e47ae35297a95488555fe429032567 - Path: Packages/com.unity.2d.tilemap/Editor/TileUtility.cs - Importer: ScriptedImporter/UnityEditor.QuickSearchModule:UnityEditor.Search:ASIAI0B
Importing 'GUID: c7e47ae35297a95488555fe429032567 - Path: Packages/com.unity.2d.tilemap/Editor/TileUtility.cs - Importer: ScriptedImporter/UnityEditor.QuickSearchModule:UnityEditor.Search:ASIAI0B' with importer (ScriptedImporter : UnityEditor.QuickSearchModule:UnityEditor.Search:ASIAI0B)
Imported 'GUID: c7e47ae35297a95488555fe429032567' -> (Import Result ID: 'b5ae3ca05f4aaabcf845ed567b070772') in 0.054 seconds [static and dynamic dependencies]. Details - ImportResultOutputID=17aec3d909f749346a2ab8bbb27a5cae DependenciesID=b68b9749309f08885649bc958c655e14 StaticDependenciesID=4aa2d03a64a023d2ca9c0ba8411a5a95 
Number of updated asset objects reloaded before import = 0
Number of asset objects unloaded after import = 0
========================================================================
Received Import Request.
  Time of request: 2026-08-04T17:31:19.6687894Z
  Time since last request: 0.0001367 seconds.
  importAddress: GUID: 97de1f11b5a5dbf41baa1b0bc8ab989e - Path: Packages/com.unity.2d.tilemap/Editor/GridBrushEditorBase.cs - Importer: ScriptedImporter/UnityEditor.QuickSearchModule:UnityEditor.Search:ASIAI0B
Importing 'GUID: 97de1f11b5a5dbf41baa1b0bc8ab989e - Path: Packages/com.unity.2d.tilemap/Editor/GridBrushEditorBase.cs - Importer: ScriptedImporter/UnityEditor.QuickSearchModule:UnityEditor.Search:ASIAI0B' with importer (ScriptedImporter : UnityEditor.QuickSearchModule:UnityEditor.Search:ASIAI0B)
Imported 'GUID: 97de1f11b5a5dbf41baa1b0bc8ab989e' -> (Import Result ID: '9dbfe48efa1a400551d079c1b34a2f08') in 0.002 seconds [static and dynamic dependencies]. Details - ImportResultOutputID=6fc7f6319822dc4ab563164f4cca425a DependenciesID=fcf43d093e27efddb81b8612ccf78d2e StaticDependenciesID=c35fa02553eb6f365394f695128af67c 
Number of updated asset objects reloaded before import = 0
Number of asset objects unloaded after import = 0
========================================================================
Received Import Request.
  Time of request: 2026-08-04T17:31:19.6796659Z
  Time since last request: 0.0003864 seconds.
  importAddress: GUID: af1e44f72ff2436c93634dc6cba0ed8e - Path: Packages/com.unity.2d.tilemap/Editor/EditorTools/RotateTool.cs - Importer: ScriptedImporter/UnityEditor.QuickSearchModule:UnityEditor.Search:ASIAI0B
Importing 'GUID: af1e44f72ff2436c93634dc6cba0ed8e - Path: Packages/com.unity.2d.tilemap/Editor/EditorTools/RotateTool.cs - Importer: ScriptedImporter/UnityEditor.QuickSearchModule:UnityEditor.Search:ASIAI0B' with importer (ScriptedImporter : UnityEditor.QuickSearchModule:UnityEditor.Search:ASIAI0B)
Imported 'GUID: af1e44f72ff2436c93634dc6cba0ed8e' -> (Import Result ID: '901f24201c1a3a75e8548dbf6a8de46a') in 0.003 seconds [static and dynamic dependencies]. Details - ImportResultOutputID=bac1e96325554bb45666e3c0b443407b DependenciesID=aa2a7878d8a9ffb44365af6196e8a9de StaticDependenciesID=52a58d8b37aaa03da0a254e3158918dd 
Number of updated asset objects reloaded before import = 0
Number of asset objects unloaded after import = 0
========================================================================
Received Import Request.
  Time of request: 2026-08-04T17:31:19.6921408Z
  Time since last request: 0.0002775 seconds.
  importAddress: GUID: 5fb3ada6b424478f868d114ce6117c0a - Path: Packages/com.unity.2d.tilemap/Editor/TilemapFocusModeUtility.cs - Importer: ScriptedImporter/UnityEditor.QuickSearchModule:UnityEditor.Search:ASIAI0B
Importing 'GUID: 5fb3ada6b424478f868d114ce6117c0a - Path: Packages/com.unity.2d.tilemap/Editor/TilemapFocusModeUtility.cs - Importer: ScriptedImporter/UnityEditor.QuickSearchModule:UnityEditor.Search:ASIAI0B' with importer (ScriptedImporter : UnityEditor.QuickSearchModule:UnityEditor.Search:ASIAI0B)
Imported 'GUID: 5fb3ada6b424478f868d114ce6117c0a' -> (Import Result ID: '100893ac11de693cdbc2fef0aa94c495') in 0.002 seconds [static and dynamic dependencies]. Details - ImportResultOutputID=5fabfd74065591330c185d9d71118e27 DependenciesID=479a85a63e3b25021bbecc7e0fb182fc StaticDependenciesID=ddaebe076d186baf1defbbb7be5ddc21 
Number of updated asset objects reloaded before import = 0
Number of asset objects unloaded after import = 0
========================================================================
Received Import Request.
  Time of request: 2026-08-04T17:31:19.7017428Z
  Time since last request: 0.0003684 seconds.
  importAddress: GUID: a714f9a492de26847891e2833d0f9235 - Path: Packages/com.unity.2d.tilemap/Editor/GridPaintTargetsDropdown.cs - Importer: ScriptedImporter/UnityEditor.QuickSearchModule:UnityEditor.Search:ASIAI0B
Importing 'GUID: a714f9a492de26847891e2833d0f9235 - Path: Packages/com.unity.2d.tilemap/Editor/GridPaintTargetsDropdown.cs - Importer: ScriptedImporter/UnityEditor.QuickSearchModule:UnityEditor.Search:ASIAI0B' with importer (ScriptedImporter : UnityEditor.QuickSearchModule:UnityEditor.Search:ASIAI0B)
Imported 'GUID: a714f9a492de26847891e2833d0f9235' -> (Import Result ID: '3fe72ee579032794fdbc01ae53204025') in 0.002 seconds [static and dynamic dependencies]. Details - ImportResultOutputID=549ec5234498ddbcc135de262b747cf1 DependenciesID=350bada74244a27113b62eb35dcd765a StaticDependenciesID=db6191dab867bc8df83a71ce6a7e2c04 
Number of updated asset objects reloaded before import = 0
Number of asset objects unloaded after import = 0
========================================================================
Received Import Request.
  Time of request: 2026-08-04T17:31:19.7119429Z
  Time since last request: 0.0002657 seconds.
  importAddress: GUID: 9b35ffc51af54aeaa2384cef4465d664 - Path: Packages/com.unity.2d.tilemap/Editor/GridPaletteAddWhiteboxPopup.cs - Importer: ScriptedImporter/UnityEditor.QuickSearchModule:UnityEditor.Search:ASIAI0B
Importing 'GUID: 9b35ffc51af54aeaa2384cef4465d664 - Path: Packages/com.unity.2d.tilemap/Editor/GridPaletteAddWhiteboxPopup.cs - Importer: ScriptedImporter/UnityEditor.QuickSearchModule:UnityEditor.Search:ASIAI0B' with importer (ScriptedImporter : UnityEditor.QuickSearchModule:UnityEditor.Search:ASIAI0B)
Imported 'GUID: 9b35ffc51af54aeaa2384cef4465d664' -> (Import Result ID: '1cf535952b488247c08854305e51b8f6') in 0.002 seconds [static and dynamic dependencies]. Details - ImportResultOutputID=eed716341e7c1ffab4d69ebe9a217df7 DependenciesID=f154a057527a6a9217607f1d3cfaabbb StaticDependenciesID=92cf8eafa806c04f8ce887708d2fc014 
Number of updated asset objects reloaded before import = 0
Number of asset objects unloaded after import = 0
========================================================================
Received Import Request.
  Time of request: 2026-08-04T17:31:19.7218473Z
  Time since last request: 0.0002399 seconds.
  importAddress: GUID: db14f501917d4d5084510f472f505a7e - Path: Packages/com.unity.2d.tilemap/Editor/EditorTools/FlipTool.cs - Importer: ScriptedImporter/UnityEditor.QuickSearchModule:UnityEditor.Search:ASIAI0B
Importing 'GUID: db14f501917d4d5084510f472f505a7e - Path: Packages/com.unity.2d.tilemap/Editor/EditorTools/FlipTool.cs - Importer: ScriptedImporter/UnityEditor.QuickSearchModule:UnityEditor.Search:ASIAI0B' with importer (ScriptedImporter : UnityEditor.QuickSearchModule:UnityEditor.Search:ASIAI0B)
Imported 'GUID: db14f501917d4d5084510f472f505a7e' -> (Import Result ID: '1368c419415dae15ca2da62239d70523') in 0.004 seconds [static and dynamic dependencies]. Details - ImportResultOutputID=5f00c5b165f00a446ff0d7ea117bc5f1 DependenciesID=efdd6c1b77e09a6907273e3fb0aea4ca StaticDependenciesID=af56900944c41cf3c1712f924e749aae 
Number of updated asset objects reloaded before import = 0
Number of asset objects unloaded after import = 0
========================================================================
Received Import Request.
  Time of request: 2026-08-04T17:31:19.7351352Z
  Time since last request: 0.0003191 seconds.
  importAddress: GUID: b33cda1f9ac0ad7419bbe04d9cc4c8a5 - Path: Packages/com.unity.2d.tilemap/Editor/GridPaintSortingAttribute.cs - Importer: ScriptedImporter/UnityEditor.QuickSearchModule:UnityEditor.Search:ASIAI0B
Importing 'GUID: b33cda1f9ac0ad7419bbe04d9cc4c8a5 - Path: Packages/com.unity.2d.tilemap/Editor/GridPaintSortingAttribute.cs - Importer: ScriptedImporter/UnityEditor.QuickSearchModule:UnityEditor.Search:ASIAI0B' with importer (ScriptedImporter : UnityEditor.QuickSearchModule:UnityEditor.Search:ASIAI0B)
Imported 'GUID: b33cda1f9ac0ad7419bbe04d9cc4c8a5' -> (Import Result ID: '176bd9189a5e0d3aa35822111f1ef3d5') in 0.002 seconds [static and dynamic dependencies]. Details - ImportResultOutputID=8c40a9bf4071bfde5addbdf19e14cabf DependenciesID=91e20ce08804f76953105754156e8bcf StaticDependenciesID=5ff5b4a3398a26900f779e938a49d7b2 
Number of updated asset objects reloaded before import = 0
Number of asset objects unloaded after import = 0
========================================================================
Received Import Request.
  Time of request: 2026-08-04T17:31:19.7542315Z
  Time since last request: 0.0096042 seconds.
  importAddress: GUID: 238833eb2176e7d429d5020dc9232155 - Path: Packages/com.unity.2d.tilemap/Editor/Icons/d_Grid.FlipX.png - Importer: ScriptedImporter/UnityEditor.QuickSearchModule:UnityEditor.Search:ASIAI0B
Importing 'GUID: 238833eb2176e7d429d5020dc9232155 - Path: Packages/com.unity.2d.tilemap/Editor/Icons/d_Grid.FlipX.png - Importer: ScriptedImporter/UnityEditor.QuickSearchModule:UnityEditor.Search:ASIAI0B' with importer (ScriptedImporter : UnityEditor.QuickSearchModule:UnityEditor.Search:ASIAI0B)
Imported 'GUID: 238833eb2176e7d429d5020dc9232155' -> (Import Result ID: '2d33c2fade215225a7230f514e2bca02') in 0.033 seconds [static and dynamic dependencies]. Details - ImportResultOutputID=c9da5addebf0d916dbc45183b1a93187 DependenciesID=cf1f49c8d15201bbe699bd9255dbcf05 StaticDependenciesID=45c7a3422fcc8aa0ae595b3ee0be6b8c 
Number of updated asset objects reloaded before import = 0
Number of asset objects unloaded after import = 3
========================================================================
Received Import Request.
  Time of request: 2026-08-04T17:31:19.7935156Z
  Time since last request: 0.0001947 seconds.
  importAddress: GUID: 84cd96391d8e912479adff56b3500191 - Path: Packages/com.unity.2d.tilemap/Editor/Icons/d_Tilemap.EditPalette.png - Importer: ScriptedImporter/UnityEditor.QuickSearchModule:UnityEditor.Search:ASIAI0B
Importing 'GUID: 84cd96391d8e912479adff56b3500191 - Path: Packages/com.unity.2d.tilemap/Editor/Icons/d_Tilemap.EditPalette.png - Importer: ScriptedImporter/UnityEditor.QuickSearchModule:UnityEditor.Search:ASIAI0B' with importer (ScriptedImporter : UnityEditor.QuickSearchModule:UnityEditor.Search:ASIAI0B)
Imported 'GUID: 84cd96391d8e912479adff56b3500191' -> (Import Result ID: '892d62a6ddbe3b6c3dfaef2dcc051688') in 0.005 seconds [static and dynamic dependencies]. Details - ImportResultOutputID=b7e0dd14510966f69c0d04f6cd8d7936 DependenciesID=157bc69e501f3fd3c96482a21f8eb984 StaticDependenciesID=7c1aa5aac45b7fdd2f73af69b9cd907a 
Number of updated asset objects reloaded before import = 0
Number of asset objects unloaded after import = 3
========================================================================
Received Import Request.
  Time of request: 2026-08-04T17:31:19.806387Z
  Time since last request: 0.0001666 seconds.
  importAddress: GUID: 479801e1f49ea2d4baf2b4c12f674bcb - Path: Packages/com.unity.2d.tilemap/Editor/Icons/d_Tilemap.FocusNone@2x.png - Importer: ScriptedImporter/UnityEditor.QuickSearchModule:UnityEditor.Search:ASIAI0B
Importing 'GUID: 479801e1f49ea2d4baf2b4c12f674bcb - Path: Packages/com.unity.2d.tilemap/Editor/Icons/d_Tilemap.FocusNone@2x.png - Importer: ScriptedImporter/UnityEditor.QuickSearchModule:UnityEditor.Search:ASIAI0B' with importer (ScriptedImporter : UnityEditor.QuickSearchModule:UnityEditor.Search:ASIAI0B)
Imported 'GUID: 479801e1f49ea2d4baf2b4c12f674bcb' -> (Import Result ID: 'f30802ab0b875993e16f6a0760af8731') in 0.006 seconds [static and dynamic dependencies]. Details - ImportResultOutputID=edd3e496bbe3ed1e2831620305399d5e DependenciesID=bd3101693c69494f8041ee65d6fbaab0 StaticDependenciesID=0a6c0c6f0af65c1be81c85b979fb65e4 
Number of updated asset objects reloaded before import = 0
Number of asset objects unloaded after import = 3
========================================================================
Received Import Request.
  Time of request: 2026-08-04T17:31:19.8206202Z
  Time since last request: 0.0002494 seconds.
  importAddress: GUID: 367a9e3649215be42869f99bdeecbab6 - Path: Packages/com.unity.2d.tilemap/Editor/Icons/Grid.FlipX@2x.png - Importer: ScriptedImporter/UnityEditor.QuickSearchModule:UnityEditor.Search:ASIAI0B
Importing 'GUID: 367a9e3649215be42869f99bdeecbab6 - Path: Packages/com.unity.2d.tilemap/Editor/Icons/Grid.FlipX@2x.png - Importer: ScriptedImporter/UnityEditor.QuickSearchModule:UnityEditor.Search:ASIAI0B' with importer (ScriptedImporter : UnityEditor.QuickSearchModule:UnityEditor.Search:ASIAI0B)
Imported 'GUID: 367a9e3649215be42869f99bdeecbab6' -> (Import Result ID: '44234f219dc4a9e4c31454c63fec335e') in 0.005 seconds [static and dynamic dependencies]. Details - ImportResultOutputID=5005c738a48a3d2d600a14c3558c1db1 DependenciesID=7ff308488cab327f39e8e4298bceff6c StaticDependenciesID=bd8c9fe28671337e9f45738ebf1ec03a 
Number of updated asset objects reloaded before import = 0
Number of asset objects unloaded after import = 3
========================================================================
Received Import Request.
  Time of request: 2026-08-04T17:31:19.8335038Z
  Time since last request: 0.0002208 seconds.
  importAddress: GUID: f8eef1ebd82d467428620ec2c02bc50a - Path: Packages/com.unity.2d.tilemap/Editor/Icons/EditorUI.Target@2x.png - Importer: ScriptedImporter/UnityEditor.QuickSearchModule:UnityEditor.Search:ASIAI0B
Importing 'GUID: f8eef1ebd82d467428620ec2c02bc50a - Path: Packages/com.unity.2d.tilemap/Editor/Icons/EditorUI.Target@2x.png - Importer: ScriptedImporter/UnityEditor.QuickSearchModule:UnityEditor.Search:ASIAI0B' with importer (ScriptedImporter : UnityEditor.QuickSearchModule:UnityEditor.Search:ASIAI0B)
Imported 'GUID: f8eef1ebd82d467428620ec2c02bc50a' -> (Import Result ID: '8bf10daa832b6aa60e3698069249f4ff') in 0.004 seconds [static and dynamic dependencies]. Details - ImportResultOutputID=52bb8ffe0a902ffe10d87f3c376c6e5f DependenciesID=dd255c8a611da57ca756407ccba5aab6 StaticDependenciesID=742cb8d7f41bf3311c92ae57098aeed9 
Number of updated asset objects reloaded before import = 0
Number of asset objects unloaded after import = 3
========================================================================
Received Import Request.
  Time of request: 2026-08-04T17:31:19.8456134Z
  Time since last request: 0.0002893 seconds.
  importAddress: GUID: 26f3d342b8e95b24da7ec4638d7f2322 - Path: Packages/com.unity.2d.tilemap/Editor/Icons/d_Tilemap.GridPaint.png - Importer: ScriptedImporter/UnityEditor.QuickSearchModule:UnityEditor.Search:ASIAI0B
Importing 'GUID: 26f3d342b8e95b24da7ec4638d7f2322 - Path: Packages/com.unity.2d.tilemap/Editor/Icons/d_Tilemap.GridPaint.png - Importer: ScriptedImporter/UnityEditor.QuickSearchModule:UnityEditor.Search:ASIAI0B' with importer (ScriptedImporter : UnityEditor.QuickSearchModule:UnityEditor.Search:ASIAI0B)
Imported 'GUID: 26f3d342b8e95b24da7ec4638d7f2322' -> (Import Result ID: '883d2983290ed40ea3e3301818362be6') in 0.005 seconds [static and dynamic dependencies]. Details - ImportResultOutputID=48929c389a7e1dc7545a6bb555290a05 DependenciesID=9711522eae6d041f57481a6bcc1fb16e StaticDependenciesID=8069fde16e59abad06286b0a989c7873 
Number of updated asset objects reloaded before import = 0
Number of asset objects unloaded after import = 3
========================================================================
Received Import Request.
  Time of request: 2026-08-04T17:31:19.8578805Z
  Time since last request: 0.0003132 seconds.
  importAddress: GUID: 2d8829bed74ac1940856f77a49d02bfb - Path: Packages/com.unity.2d.tilemap/Editor/Icons/d_Tilemap.ShowTilePalette@4x.png - Importer: ScriptedImporter/UnityEditor.QuickSearchModule:UnityEditor.Search:ASIAI0B
Importing 'GUID: 2d8829bed74ac1940856f77a49d02bfb - Path: Packages/com.unity.2d.tilemap/Editor/Icons/d_Tilemap.ShowTilePalette@4x.png - Importer: ScriptedImporter/UnityEditor.QuickSearchModule:UnityEditor.Search:ASIAI0B' with importer (ScriptedImporter : UnityEditor.QuickSearchModule:UnityEditor.Search:ASIAI0B)
Imported 'GUID: 2d8829bed74ac1940856f77a49d02bfb' -> (Import Result ID: 'fba8033bd23db4689b42a62e539046ca') in 0.005 seconds [static and dynamic dependencies]. Details - ImportResultOutputID=c5cfd1b867dbea0e75e4e08873147588 DependenciesID=84303800c04b9d77152b312ed27d08b3 StaticDependenciesID=d898680cf99192b2b4c59a1e5ddb7fdc 
Number of updated asset objects reloaded before import = 0
Number of asset objects unloaded after import = 3
========================================================================
Received Import Request.
  Time of request: 2026-08-04T17:31:19.869577Z
  Time since last request: 0.0001978 seconds.
  importAddress: GUID: 1d8efe8a75b351d4d9aa8b28ddf93196 - Path: Packages/com.unity.2d.tilemap/Editor/Icons/d_Tilemap.FocusTilemap@2x.png - Importer: ScriptedImporter/UnityEditor.QuickSearchModule:UnityEditor.Search:ASIAI0B
Importing 'GUID: 1d8efe8a75b351d4d9aa8b28ddf93196 - Path: Packages/com.unity.2d.tilemap/Editor/Icons/d_Tilemap.FocusTilemap@2x.png - Importer: ScriptedImporter/UnityEditor.QuickSearchModule:UnityEditor.Search:ASIAI0B' with importer (ScriptedImporter : UnityEditor.QuickSearchModule:UnityEditor.Search:ASIAI0B)
Imported 'GUID: 1d8efe8a75b351d4d9aa8b28ddf93196' -> (Import Result ID: '30ebd59c2d88bf08ba294e34e7bb59d1') in 0.004 seconds [static and dynamic dependencies]. Details - ImportResultOutputID=32edddb1324a35b5168fb84093680e0b DependenciesID=e0b4a465e8548d8880c79017e9d87d07 StaticDependenciesID=ba9f7ff1dbc5302c82aee3c9479c2610 
Number of updated asset objects reloaded before import = 0
Number of asset objects unloaded after import = 3
========================================================================
Received Import Request.
  Time of request: 2026-08-04T17:31:19.8818873Z
  Time since last request: 0.0002376 seconds.
  importAddress: GUID: ffc58b5d1d8a6ed489be30f7a1291b1e - Path: Packages/com.unity.2d.tilemap/Editor/Icons/d_Tilemap.FocusGrid@4x.png - Importer: ScriptedImporter/UnityEditor.QuickSearchModule:UnityEditor.Search:ASIAI0B
Importing 'GUID: ffc58b5d1d8a6ed489be30f7a1291b1e - Path: Packages/com.unity.2d.tilemap/Editor/Icons/d_Tilemap.FocusGrid@4x.png - Importer: ScriptedImporter/UnityEditor.QuickSearchModule:UnityEditor.Search:ASIAI0B' with importer (ScriptedImporter : UnityEditor.QuickSearchModule:UnityEditor.Search:ASIAI0B)
Imported 'GUID: ffc58b5d1d8a6ed489be30f7a1291b1e' -> (Import Result ID: '247a161cb4d9fffa619823e4dd0d2167') in 0.005 seconds [static and dynamic dependencies]. Details - ImportResultOutputID=16fda38b4cb19b82fcb9662bdfccdaa0 DependenciesID=62102cc6484c8b83f6716a6639587cbb StaticDependenciesID=7c82c5711142f78cebb79b6de0900e48 
Number of updated asset objects reloaded before import = 0
Number of asset objects unloaded after import = 3
========================================================================
Received Import Request.
  Time of request: 2026-08-04T17:31:19.8940083Z
  Time since last request: 0.0002062 seconds.
  importAddress: GUID: 3451731abc835d44993075b3bc0935bd - Path: Packages/com.unity.2d.tilemap/Editor/Icons/d_Tilemap.GridPaint@2x.png - Importer: ScriptedImporter/UnityEditor.QuickSearchModule:UnityEditor.Search:ASIAI0B
Importing 'GUID: 3451731abc835d44993075b3bc0935bd - Path: Packages/com.unity.2d.tilemap/Editor/Icons/d_Tilemap.GridPaint@2x.png - Importer: ScriptedImporter/UnityEditor.QuickSearchModule:UnityEditor.Search:ASIAI0B' with importer (ScriptedImporter : UnityEditor.QuickSearchModule:UnityEditor.Search:ASIAI0B)
Imported 'GUID: 3451731abc835d44993075b3bc0935bd' -> (Import Result ID: 'd598d2c9e825b66e20640bb35b2d13b1') in 0.007 seconds [static and dynamic dependencies]. Details - ImportResultOutputID=554f5dc6c462eeb07d7605de29d58e54 DependenciesID=73569f644767974f69f40b8b7e1e79d9 StaticDependenciesID=b027df47528f577f3bdad9e96041651a 
Number of updated asset objects reloaded before import = 0
Number of asset objects unloaded after import = 3
========================================================================
Received Import Request.
  Time of request: 2026-08-04T17:31:19.9090729Z
  Time since last request: 0.0001819 seconds.
  importAddress: GUID: 95b2d1ff151dd2f479bf1f6321b44179 - Path: Packages/com.unity.2d.tilemap/Editor/Icons/d_Tilemap.ShowTilePalette.png - Importer: ScriptedImporter/UnityEditor.QuickSearchModule:UnityEditor.Search:ASIAI0B
Importing 'GUID: 95b2d1ff151dd2f479bf1f6321b44179 - Path: Packages/com.unity.2d.tilemap/Editor/Icons/d_Tilemap.ShowTilePalette.png - Importer: ScriptedImporter/UnityEditor.QuickSearchModule:UnityEditor.Search:ASIAI0B' with importer (ScriptedImporter : UnityEditor.QuickSearchModule:UnityEditor.Search:ASIAI0B)
Imported 'GUID: 95b2d1ff151dd2f479bf1f6321b44179' -> (Import Result ID: '18fe82c912cc296e58d86d2c6b027440') in 0.004 seconds [static and dynamic dependencies]. Details - ImportResultOutputID=03541372e8ca4e124a2b47e4a93f3241 DependenciesID=2c3d6dfe4e0859a89db8a12f94162cc9 StaticDependenciesID=c8f74f95b69809a17dd180af65223679 
Number of updated asset objects reloaded before import = 0
Number of asset objects unloaded after import = 3
========================================================================
Received Import Request.
  Time of request: 2026-08-04T17:31:19.9385108Z
  Time since last request: 0.0183433 seconds.
  importAddress: GUID: 0237a0d9a9c873e45abc9f7f9918f744 - Path: Packages/com.unity.2d.tilemap/Editor/UI/TilePaletteActivePaletteDropdownMenu.cs - Importer: ScriptedImporter/UnityEditor.QuickSearchModule:UnityEditor.Search:ASIAI0B
Importing 'GUID: 0237a0d9a9c873e45abc9f7f9918f744 - Path: Packages/com.unity.2d.tilemap/Editor/UI/TilePaletteActivePaletteDropdownMenu.cs - Importer: ScriptedImporter/UnityEditor.QuickSearchModule:UnityEditor.Search:ASIAI0B' with importer (ScriptedImporter : UnityEditor.QuickSearchModule:UnityEditor.Search:ASIAI0B)
Imported 'GUID: 0237a0d9a9c873e45abc9f7f9918f744' -> (Import Result ID: 'de1bf9b715982a54e956b44a229e450b') in 0.002 seconds [static and dynamic dependencies]. Details - ImportResultOutputID=33ac34cc739949eb899ab96cc73552de DependenciesID=60d6aa6418d3da3abbd537ec9acb403b StaticDependenciesID=1a122d81d0dde9c164efceb364b2004d 
Number of updated asset objects reloaded before import = 0
Number of asset objects unloaded after import = 0
========================================================================
Received Import Request.
  Time of request: 2026-08-04T17:31:19.9481396Z
  Time since last request: 0.0003387 seconds.
  importAddress: GUID: d88e25b75a7927f4683afb6c74b05a08 - Path: Packages/com.unity.2d.tilemap/Editor/Icons/Tilemap.ShowTilePalette@2x.png - Importer: ScriptedImporter/UnityEditor.QuickSearchModule:UnityEditor.Search:ASIAI0B
Importing 'GUID: d88e25b75a7927f4683afb6c74b05a08 - Path: Packages/com.unity.2d.tilemap/Editor/Icons/Tilemap.ShowTilePalette@2x.png - Importer: ScriptedImporter/UnityEditor.QuickSearchModule:UnityEditor.Search:ASIAI0B' with importer (ScriptedImporter : UnityEditor.QuickSearchModule:UnityEditor.Search:ASIAI0B)
Imported 'GUID: d88e25b75a7927f4683afb6c74b05a08' -> (Import Result ID: 'f857156271b7a9c7ba318580d41e76c6') in 0.005 seconds [static and dynamic dependencies]. Details - ImportResultOutputID=1c882854d4d21362988e10f90c948df9 DependenciesID=74e7fbd87b514cacb572fc81d43893b5 StaticDependenciesID=dafa6b71d7c5b6b10517c1bda71897d5 
Number of updated asset objects reloaded before import = 0
Number of asset objects unloaded after import = 3
========================================================================
Received Import Request.
  Time of request: 2026-08-04T17:31:19.9599361Z
  Time since last request: 0.0002118 seconds.
  importAddress: GUID: 4858e04232af5e340922812cd3697086 - Path: Packages/com.unity.2d.tilemap/Editor/Icons/Tilemap.EditPalette.png - Importer: ScriptedImporter/UnityEditor.QuickSearchModule:UnityEditor.Search:ASIAI0B
Importing 'GUID: 4858e04232af5e340922812cd3697086 - Path: Packages/com.unity.2d.tilemap/Editor/Icons/Tilemap.EditPalette.png - Importer: ScriptedImporter/UnityEditor.QuickSearchModule:UnityEditor.Search:ASIAI0B' with importer (ScriptedImporter : UnityEditor.QuickSearchModule:UnityEditor.Search:ASIAI0B)
Imported 'GUID: 4858e04232af5e340922812cd3697086' -> (Import Result ID: 'a2f99b3b5a0712bbc7858b38eea75609') in 0.004 seconds [static and dynamic dependencies]. Details - ImportResultOutputID=5c47ba728591efe80771be42136ea20e DependenciesID=597f265f275f0ecbfc057c7b71d28a1a StaticDependenciesID=1d1c217ea007cf499162c27fbedf4834 
Number of updated asset objects reloaded before import = 0
Number of asset objects unloaded after import = 3
========================================================================
Received Import Request.
  Time of request: 2026-08-04T17:31:19.9724531Z
  Time since last request: 0.0003019 seconds.
  importAddress: GUID: 513a9a771ecb4df18a851a7a3cbe4d89 - Path: Packages/com.unity.2d.tilemap/Editor/TileSet/TileSet.cs - Importer: ScriptedImporter/UnityEditor.QuickSearchModule:UnityEditor.Search:ASIAI0B
Importing 'GUID: 513a9a771ecb4df18a851a7a3cbe4d89 - Path: Packages/com.unity.2d.tilemap/Editor/TileSet/TileSet.cs - Importer: ScriptedImporter/UnityEditor.QuickSearchModule:UnityEditor.Search:ASIAI0B' with importer (ScriptedImporter : UnityEditor.QuickSearchModule:UnityEditor.Search:ASIAI0B)
Imported 'GUID: 513a9a771ecb4df18a851a7a3cbe4d89' -> (Import Result ID: '868edc330fd890175acbf7d678f8de07') in 0.003 seconds [static and dynamic dependencies]. Details - ImportResultOutputID=46cd5aa9f09d0d7e34050f2b1e957549 DependenciesID=d7543be1afff783e1f84fd0b93a4cc2b StaticDependenciesID=2e59ed054373bbb89e73063715cd240e 
Number of updated asset objects reloaded before import = 0
Number of asset objects unloaded after import = 0
========================================================================
Received Import Request.
  Time of request: 2026-08-04T17:31:19.9830372Z
  Time since last request: 0.0002471 seconds.
  importAddress: GUID: 211f0721d8ce58a4ea7011a70c455d3a - Path: Packages/com.unity.2d.tilemap/Editor/UI/TilePaletteBrushesDropdownMenu.cs - Importer: ScriptedImporter/UnityEditor.QuickSearchModule:UnityEditor.Search:ASIAI0B
Importing 'GUID: 211f0721d8ce58a4ea7011a70c455d3a - Path: Packages/com.unity.2d.tilemap/Editor/UI/TilePaletteBrushesDropdownMenu.cs - Importer: ScriptedImporter/UnityEditor.QuickSearchModule:UnityEditor.Search:ASIAI0B' with importer (ScriptedImporter : UnityEditor.QuickSearchModule:UnityEditor.Search:ASIAI0B)
Imported 'GUID: 211f0721d8ce58a4ea7011a70c455d3a' -> (Import Result ID: 'c8a47b05da11eca47efecafad71367e5') in 0.002 seconds [static and dynamic dependencies]. Details - ImportResultOutputID=94dd1350c9cce470ea89534d8d7f3c15 DependenciesID=943f1e83bf1bb48b900efba277fedbb8 StaticDependenciesID=1e06e5448c07921ac7fff64ba7765c4a 
Number of updated asset objects reloaded before import = 0
Number of asset objects unloaded after import = 0
========================================================================
Received Import Request.
  Time of request: 2026-08-04T17:31:19.9927262Z
  Time since last request: 0.0002122 seconds.
  importAddress: GUID: f8e27d22a910edd4e9b6791a887aa9e1 - Path: Packages/com.unity.2d.tilemap/Editor/Icons/Tilemap.FocusNone@2x.png - Importer: ScriptedImporter/UnityEditor.QuickSearchModule:UnityEditor.Search:ASIAI0B
Importing 'GUID: f8e27d22a910edd4e9b6791a887aa9e1 - Path: Packages/com.unity.2d.tilemap/Editor/Icons/Tilemap.FocusNone@2x.png - Importer: ScriptedImporter/UnityEditor.QuickSearchModule:UnityEditor.Search:ASIAI0B' with importer (ScriptedImporter : UnityEditor.QuickSearchModule:UnityEditor.Search:ASIAI0B)
Imported 'GUID: f8e27d22a910edd4e9b6791a887aa9e1' -> (Import Result ID: '853ca0f4ea4e12a22b957106fa6e59cc') in 0.005 seconds [static and dynamic dependencies]. Details - ImportResultOutputID=b8d7cd04eebf87162d6327bebb42d0b5 DependenciesID=27408c6f2bb336b4b277e0931e3c891b StaticDependenciesID=ea190de8e68f365a6218c73d36baeaad 
Number of updated asset objects reloaded before import = 0
Number of asset objects unloaded after import = 3
========================================================================
Received Import Request.
  Time of request: 2026-08-04T17:31:20.0063512Z
  Time since last request: 0.0004081 seconds.
  importAddress: GUID: 93344cd78b3de491bbc8a90604acb175 - Path: Packages/com.unity.2d.tilemap/Editor/ObjectCreationMenu/GameObjectCreation.cs - Importer: ScriptedImporter/UnityEditor.QuickSearchModule:UnityEditor.Search:ASIAI0B
Importing 'GUID: 93344cd78b3de491bbc8a90604acb175 - Path: Packages/com.unity.2d.tilemap/Editor/ObjectCreationMenu/GameObjectCreation.cs - Importer: ScriptedImporter/UnityEditor.QuickSearchModule:UnityEditor.Search:ASIAI0B' with importer (ScriptedImporter : UnityEditor.QuickSearchModule:UnityEditor.Search:ASIAI0B)
Imported 'GUID: 93344cd78b3de491bbc8a90604acb175' -> (Import Result ID: '7d751b318d7e5b1b6f39967e97b18e52') in 0.002 seconds [static and dynamic dependencies]. Details - ImportResultOutputID=0fd3cf08dc91c4aee4f540ab54aaa1a1 DependenciesID=8e92c44835de071db62b791ec6fb0e85 StaticDependenciesID=6321ed4b0ab23a75af67a334ca1f80a6 
Number of updated asset objects reloaded before import = 0
Number of asset objects unloaded after import = 0
========================================================================
Received Import Request.
  Time of request: 2026-08-04T17:31:20.0163903Z
  Time since last request: 0.0002686 seconds.
  importAddress: GUID: da729b8a61b9b17479b11396776d7651 - Path: Packages/com.unity.2d.tilemap/Editor/UI/GridPaintPaletteWindowSplitView.cs - Importer: ScriptedImporter/UnityEditor.QuickSearchModule:UnityEditor.Search:ASIAI0B
Importing 'GUID: da729b8a61b9b17479b11396776d7651 - Path: Packages/com.unity.2d.tilemap/Editor/UI/GridPaintPaletteWindowSplitView.cs - Importer: ScriptedImporter/UnityEditor.QuickSearchModule:UnityEditor.Search:ASIAI0B' with importer (ScriptedImporter : UnityEditor.QuickSearchModule:UnityEditor.Search:ASIAI0B)
Imported 'GUID: da729b8a61b9b17479b11396776d7651' -> (Import Result ID: 'd91a2c96a5a79305a278f6b139af5d8f') in 0.002 seconds [static and dynamic dependencies]. Details - ImportResultOutputID=b225e1dadaff47dc17bc9ea8e6a04047 DependenciesID=42b3011fb2cb81bc81575191c6845ce9 StaticDependenciesID=d6ad1de0dc2b77cdf7c7f27c197ce4e0 
Number of updated asset objects reloaded before import = 0
Number of asset objects unloaded after import = 0
========================================================================
Received Import Request.
  Time of request: 2026-08-04T17:31:20.0256048Z
  Time since last request: 0.0002211 seconds.
  importAddress: GUID: 147520b21ddedfe4fbce3cd5a934af90 - Path: Packages/com.unity.2d.tilemap/Editor/UI/TilePaletteBrushesButton.cs - Importer: ScriptedImporter/UnityEditor.QuickSearchModule:UnityEditor.Search:ASIAI0B
Importing 'GUID: 147520b21ddedfe4fbce3cd5a934af90 - Path: Packages/com.unity.2d.tilemap/Editor/UI/TilePaletteBrushesButton.cs - Importer: ScriptedImporter/UnityEditor.QuickSearchModule:UnityEditor.Search:ASIAI0B' with importer (ScriptedImporter : UnityEditor.QuickSearchModule:UnityEditor.Search:ASIAI0B)
Imported 'GUID: 147520b21ddedfe4fbce3cd5a934af90' -> (Import Result ID: '158ac2446e58a00f52794529e9afcbb7') in 0.003 seconds [static and dynamic dependencies]. Details - ImportResultOutputID=56af99bd5132e22a9a2cf8bba26ed6d9 DependenciesID=ea720d9bf4c15c5d263fb10f9858feea StaticDependenciesID=1c8cdb5df65b9e7ad8103c4e7cc6e7b7 
Number of updated asset objects reloaded before import = 0
Number of asset objects unloaded after import = 0
========================================================================
Received Import Request.
  Time of request: 2026-08-04T17:31:20.0374724Z
  Time since last request: 0.0003431 seconds.
  importAddress: GUID: 767ef4adccc592649bc3b2c17a97a6dc - Path: Packages/com.unity.2d.tilemap/Editor/UI/TilePaletteActiveTargetsDropdownMenu.cs - Importer: ScriptedImporter/UnityEditor.QuickSearchModule:UnityEditor.Search:ASIAI0B
Importing 'GUID: 767ef4adccc592649bc3b2c17a97a6dc - Path: Packages/com.unity.2d.tilemap/Editor/UI/TilePaletteActiveTargetsDropdownMenu.cs - Importer: ScriptedImporter/UnityEditor.QuickSearchModule:UnityEditor.Search:ASIAI0B' with importer (ScriptedImporter : UnityEditor.QuickSearchModule:UnityEditor.Search:ASIAI0B)
Imported 'GUID: 767ef4adccc592649bc3b2c17a97a6dc' -> (Import Result ID: '1a03738739613e9e463ab5e27b73ba42') in 0.002 seconds [static and dynamic dependencies]. Details - ImportResultOutputID=9cc6434f5e0465b233e24f71983b13cb DependenciesID=d13d463c7cc29be628eb70b09104246c StaticDependenciesID=94d57e8b6c204fcabc78f4ac1fbea901 
Number of updated asset objects reloaded before import = 0
Number of asset objects unloaded after import = 0
========================================================================
Received Import Request.
  Time of request: 2026-08-04T17:31:20.0475282Z
  Time since last request: 0.0002635 seconds.
  importAddress: GUID: c54623997d885f6499655af6031a3bf9 - Path: Packages/com.unity.2d.tilemap/Editor/Icons/Tilemap.GridPaint@4x.png - Importer: ScriptedImporter/UnityEditor.QuickSearchModule:UnityEditor.Search:ASIAI0B
Importing 'GUID: c54623997d885f6499655af6031a3bf9 - Path: Packages/com.unity.2d.tilemap/Editor/Icons/Tilemap.GridPaint@4x.png - Importer: ScriptedImporter/UnityEditor.QuickSearchModule:UnityEditor.Search:ASIAI0B' with importer (ScriptedImporter : UnityEditor.QuickSearchModule:UnityEditor.Search:ASIAI0B)
Imported 'GUID: c54623997d885f6499655af6031a3bf9' -> (Import Result ID: '3a2264cfd39d6cc2a4d1d9290a5b68db') in 0.005 seconds [static and dynamic dependencies]. Details - ImportResultOutputID=c776b07b1d170c91c705db24c8244395 DependenciesID=fd6772aeb20471d1526090d28b323b01 StaticDependenciesID=d802ed5d1c224172eb3b9354d5ef2798 
Number of updated asset objects reloaded before import = 0
Number of asset objects unloaded after import = 3
========================================================================
Received Import Request.
  Time of request: 2026-08-04T17:31:20.0602537Z
  Time since last request: 0.0002605 seconds.
  importAddress: GUID: ecc64bf4ebc64e2d8487b3a631c5113c - Path: Packages/com.unity.2d.tilemap/Editor/UI/GridPaintPaletteWindow.uss - Importer: ScriptedImporter/UnityEditor.QuickSearchModule:UnityEditor.Search:ASIAI0B
Importing 'GUID: ecc64bf4ebc64e2d8487b3a631c5113c - Path: Packages/com.unity.2d.tilemap/Editor/UI/GridPaintPaletteWindow.uss - Importer: ScriptedImporter/UnityEditor.QuickSearchModule:UnityEditor.Search:ASIAI0B' with importer (ScriptedImporter : UnityEditor.QuickSearchModule:UnityEditor.Search:ASIAI0B)
Imported 'GUID: ecc64bf4ebc64e2d8487b3a631c5113c' -> (Import Result ID: '93f9b86ac142f8b8fa8033034dee38b5') in 0.015 seconds [static and dynamic dependencies]. Details - ImportResultOutputID=cac6a98988ba2070a4cff4a78ca21273 DependenciesID=6d10da1c1001d2fa06005d774cf01f18 StaticDependenciesID=3666e2ff0e52622ef0c7851098b375d5 
Number of updated asset objects reloaded before import = 0
Number of asset objects unloaded after import = 1
========================================================================
Received Import Request.
  Time of request: 2026-08-04T17:31:20.1032518Z
  Time since last request: 0.0192193 seconds.
  importAddress: GUID: c6ffe8c68dad8fa45bcd0e1a68b64201 - Path: Packages/com.unity.2d.tilemap/Editor/UI/TilePaletteBrushesPopup.cs - Importer: ScriptedImporter/UnityEditor.QuickSearchModule:UnityEditor.Search:ASIAI0B
Importing 'GUID: c6ffe8c68dad8fa45bcd0e1a68b64201 - Path: Packages/com.unity.2d.tilemap/Editor/UI/TilePaletteBrushesPopup.cs - Importer: ScriptedImporter/UnityEditor.QuickSearchModule:UnityEditor.Search:ASIAI0B' with importer (ScriptedImporter : UnityEditor.QuickSearchModule:UnityEditor.Search:ASIAI0B)
Imported 'GUID: c6ffe8c68dad8fa45bcd0e1a68b64201' -> (Import Result ID: '5a392438e82ad9347a5a9c0876a8cc72') in 0.002 seconds [static and dynamic dependencies]. Details - ImportResultOutputID=788c0456401186a7e18a96e3cf0582c6 DependenciesID=e06e8b9dac5af096d14a68312791a55c StaticDependenciesID=84249da6282301b7d61d73c12a44cbfe 
Number of updated asset objects reloaded before import = 0
Number of asset objects unloaded after import = 0
========================================================================
Received Import Request.
  Time of request: 2026-08-04T17:31:20.1125935Z
  Time since last request: 0.000351 seconds.
  importAddress: GUID: dc99af6ad351838409126a573140507a - Path: Packages/com.unity.2d.tilemap/Editor/UI/TilePaletteElement.cs - Importer: ScriptedImporter/UnityEditor.QuickSearchModule:UnityEditor.Search:ASIAI0B
Importing 'GUID: dc99af6ad351838409126a573140507a - Path: Packages/com.unity.2d.tilemap/Editor/UI/TilePaletteElement.cs - Importer: ScriptedImporter/UnityEditor.QuickSearchModule:UnityEditor.Search:ASIAI0B' with importer (ScriptedImporter : UnityEditor.QuickSearchModule:UnityEditor.Search:ASIAI0B)
Imported 'GUID: dc99af6ad351838409126a573140507a' -> (Import Result ID: '711b54f3af4c4c57dc5fda743303c304') in 0.002 seconds [static and dynamic dependencies]. Details - ImportResultOutputID=c5b430e923c6c7cc1c475cb8e8aae046 DependenciesID=ba3cb83f866992d6ef7ee4a3e49b25eb StaticDependenciesID=799b44c0fa59b56a1dc8acbdaed690e3 
Number of updated asset objects reloaded before import = 0
Number of asset objects unloaded after import = 0
========================================================================
Received Import Request.
  Time of request: 2026-08-04T17:31:20.1220228Z
  Time since last request: 0.00026 seconds.
  importAddress: GUID: 6022bdd5b2896a54f94123b812705321 - Path: Packages/com.unity.ide.visualstudio/CHANGELOG.md - Importer: ScriptedImporter/UnityEditor.QuickSearchModule:UnityEditor.Search:ASIAI0B
Importing 'GUID: 6022bdd5b2896a54f94123b812705321 - Path: Packages/com.unity.ide.visualstudio/CHANGELOG.md - Importer: ScriptedImporter/UnityEditor.QuickSearchModule:UnityEditor.Search:ASIAI0B' with importer (ScriptedImporter : UnityEditor.QuickSearchModule:UnityEditor.Search:ASIAI0B)
Imported 'GUID: 6022bdd5b2896a54f94123b812705321' -> (Import Result ID: 'c3536b1be041b819254f13ef1ba42593') in 0.002 seconds [static and dynamic dependencies]. Details - ImportResultOutputID=b644128d7d5ec4b51414d4ea72e765ae DependenciesID=d66d7b8ef95f1953e31dbbf70ac72cc8 StaticDependenciesID=f15f3ae31705e26e57f7326830a30afc 
Number of updated asset objects reloaded before import = 0
Number of asset objects unloaded after import = 1
========================================================================
Received Import Request.
  Time of request: 2026-08-04T17:31:20.130951Z
  Time since last request: 0.0002533 seconds.
  importAddress: GUID: 1fe9e6e1ae93cf64bbdfbd29300752e1 - Path: Packages/com.unity.ide.visualstudio/LICENSE.md - Importer: ScriptedImporter/UnityEditor.QuickSearchModule:UnityEditor.Search:ASIAI0B
Importing 'GUID: 1fe9e6e1ae93cf64bbdfbd29300752e1 - Path: Packages/com.unity.ide.visualstudio/LICENSE.md - Importer: ScriptedImporter/UnityEditor.QuickSearchModule:UnityEditor.Search:ASIAI0B' with importer (ScriptedImporter : UnityEditor.QuickSearchModule:UnityEditor.Search:ASIAI0B)
Imported 'GUID: 1fe9e6e1ae93cf64bbdfbd29300752e1' -> (Import Result ID: 'ce962bf931a132d2d314f2ef39df1f06') in 0.002 seconds [static and dynamic dependencies]. Details - ImportResultOutputID=9eb963bfd458560001c4f377d32cc473 DependenciesID=36d7c328fafbbe765d867c98aaf830bb StaticDependenciesID=aca5372809b7bc9de8f931c858907d7b 
Number of updated asset objects reloaded before import = 0
Number of asset objects unloaded after import = 1
========================================================================
Received Import Request.
  Time of request: 2026-08-04T17:31:20.1402957Z
  Time since last request: 0.0003349 seconds.
  importAddress: GUID: c6c8b2f6152bd1348ae35f9f95719f75 - Path: Packages/com.unity.ide.visualstudio/Editor/AsyncOperation.cs - Importer: ScriptedImporter/UnityEditor.QuickSearchModule:UnityEditor.Search:ASIAI0B
Importing 'GUID: c6c8b2f6152bd1348ae35f9f95719f75 - Path: Packages/com.unity.ide.visualstudio/Editor/AsyncOperation.cs - Importer: ScriptedImporter/UnityEditor.QuickSearchModule:UnityEditor.Search:ASIAI0B' with importer (ScriptedImporter : UnityEditor.QuickSearchModule:UnityEditor.Search:ASIAI0B)
Imported 'GUID: c6c8b2f6152bd1348ae35f9f95719f75' -> (Import Result ID: '22ad82b6bacacae355cb86a9e7456b2a') in 0.002 seconds [static and dynamic dependencies]. Details - ImportResultOutputID=13f2d9923c04a93546831d7a728415b6 DependenciesID=c37b70c735b5c7e454269763252b9bd6 StaticDependenciesID=62d832333fffc7a70d44ff93f48076f7 
Number of updated asset objects reloaded before import = 0
Number of asset objects unloaded after import = 0
========================================================================
Received Import Request.
  Time of request: 2026-08-04T17:31:20.149976Z
  Time since last request: 0.0002901 seconds.
  importAddress: GUID: 33af26bf23234fa5bd708d0441d6dcef - Path: Packages/com.unity.2d.tilemap/Editor/UI/TilePaletteClipboardErrorElement.cs - Importer: ScriptedImporter/UnityEditor.QuickSearchModule:UnityEditor.Search:ASIAI0B
Importing 'GUID: 33af26bf23234fa5bd708d0441d6dcef - Path: Packages/com.unity.2d.tilemap/Editor/UI/TilePaletteClipboardErrorElement.cs - Importer: ScriptedImporter/UnityEditor.QuickSearchModule:UnityEditor.Search:ASIAI0B' with importer (ScriptedImporter : UnityEditor.QuickSearchModule:UnityEditor.Search:ASIAI0B)
Imported 'GUID: 33af26bf23234fa5bd708d0441d6dcef' -> (Import Result ID: 'baafdbeddc6ceecb67db4f9d1bb40ad1') in 0.002 seconds [static and dynamic dependencies]. Details - ImportResultOutputID=096d8f7f484d17fd7f70a0bc16616db1 DependenciesID=a27e19af23867d909f44e1536338bea1 StaticDependenciesID=dd1498ea5077fbf08f92342c3f7ec757 
Number of updated asset objects reloaded before import = 0
Number of asset objects unloaded after import = 0
========================================================================
Received Import Request.
  Time of request: 2026-08-04T17:31:20.1592163Z
  Time since last request: 0.0002959 seconds.
  importAddress: GUID: f7b5530092b3a7646bdc7865f1f6ee94 - Path: Packages/com.unity.ide.visualstudio/Editor/Cli.cs - Importer: ScriptedImporter/UnityEditor.QuickSearchModule:UnityEditor.Search:ASIAI0B
Importing 'GUID: f7b5530092b3a7646bdc7865f1f6ee94 - Path: Packages/com.unity.ide.visualstudio/Editor/Cli.cs - Importer: ScriptedImporter/UnityEditor.QuickSearchModule:UnityEditor.Search:ASIAI0B' with importer (ScriptedImporter : UnityEditor.QuickSearchModule:UnityEditor.Search:ASIAI0B)
Imported 'GUID: f7b5530092b3a7646bdc7865f1f6ee94' -> (Import Result ID: '33779ac22446c1e6f08b9971cf231a76') in 0.002 seconds [static and dynamic dependencies]. Details - ImportResultOutputID=5427987760a0c24f95e72412eb84f50a DependenciesID=04ef0b5125eaec8e86eef973c22b6bba StaticDependenciesID=40b194ed4343ece4ab823744da1bf079 
Number of updated asset objects reloaded before import = 0
Number of asset objects unloaded after import = 0
========================================================================
Received Import Request.
  Time of request: 2026-08-04T17:31:20.1685411Z
  Time since last request: 0.0001923 seconds.
  importAddress: GUID: 5bd6b2f1d49f437419a2242293d1fe9b - Path: Packages/com.unity.2d.tilemap/Editor/UI/TilePaletteClipboardOverlay.cs - Importer: ScriptedImporter/UnityEditor.QuickSearchModule:UnityEditor.Search:ASIAI0B
Importing 'GUID: 5bd6b2f1d49f437419a2242293d1fe9b - Path: Packages/com.unity.2d.tilemap/Editor/UI/TilePaletteClipboardOverlay.cs - Importer: ScriptedImporter/UnityEditor.QuickSearchModule:UnityEditor.Search:ASIAI0B' with importer (ScriptedImporter : UnityEditor.QuickSearchModule:UnityEditor.Search:ASIAI0B)
Imported 'GUID: 5bd6b2f1d49f437419a2242293d1fe9b' -> (Import Result ID: '872cce3da56828afbef4088b47a8367c') in 0.003 seconds [static and dynamic dependencies]. Details - ImportResultOutputID=c80d1f481fdb0a1638c94e7dfad83eca DependenciesID=ab810f895af74adda666254bd2f03e7c StaticDependenciesID=ca67d344e0056e433257b68403bafb29 
Number of updated asset objects reloaded before import = 0
Number of asset objects unloaded after import = 0
========================================================================
Received Import Request.
  Time of request: 2026-08-04T17:31:20.1790462Z
  Time since last request: 0.0002401 seconds.
  importAddress: GUID: 888033bb6c1374d44a56c290bc991950 - Path: Packages/com.unity.2d.tilemap/Editor/UI/TilePaletteBrushPanelButton.cs - Importer: ScriptedImporter/UnityEditor.QuickSearchModule:UnityEditor.Search:ASIAI0B
Importing 'GUID: 888033bb6c1374d44a56c290bc991950 - Path: Packages/com.unity.2d.tilemap/Editor/UI/TilePaletteBrushPanelButton.cs - Importer: ScriptedImporter/UnityEditor.QuickSearchModule:UnityEditor.Search:ASIAI0B' with importer (ScriptedImporter : UnityEditor.QuickSearchModule:UnityEditor.Search:ASIAI0B)
Imported 'GUID: 888033bb6c1374d44a56c290bc991950' -> (Import Result ID: '96696bf53d8b277ac3b6c35564d6e671') in 0.002 seconds [static and dynamic dependencies]. Details - ImportResultOutputID=42ce8a1decdf4abf406f2597c0249410 DependenciesID=559d9536b9d0e3f33b54066bb8773a09 StaticDependenciesID=468109053946ce3d00e3abae693baee9 
Number of updated asset objects reloaded before import = 0
Number of asset objects unloaded after import = 0
========================================================================
Received Import Request.
  Time of request: 2026-08-04T17:31:20.1891325Z
  Time since last request: 0.0002847 seconds.
  importAddress: GUID: 40bf3cec17fa0b49fe04443c8332d638 - Path: Packages/com.unity.modules.jsonserialize/package.json - Importer: ScriptedImporter/UnityEditor.QuickSearchModule:UnityEditor.Search:ASIAI0B
Importing 'GUID: 40bf3cec17fa0b49fe04443c8332d638 - Path: Packages/com.unity.modules.jsonserialize/package.json - Importer: ScriptedImporter/UnityEditor.QuickSearchModule:UnityEditor.Search:ASIAI0B' with importer (ScriptedImporter : UnityEditor.QuickSearchModule:UnityEditor.Search:ASIAI0B)
Imported 'GUID: 40bf3cec17fa0b49fe04443c8332d638' -> (Import Result ID: 'affbe644a7b7167d6359bc5f51e130b3') in 0.002 seconds [static and dynamic dependencies]. Details - ImportResultOutputID=5fc82256c5315e87c1ccdaa936e9ea3a DependenciesID=85df37743d82e7405a3dbbee45770c61 StaticDependenciesID=ceabe9db4a4183545e2bf3ec38ae2d39 
Number of updated asset objects reloaded before import = 0
Number of asset objects unloaded after import = 1
========================================================================
Received Import Request.
  Time of request: 2026-08-04T17:31:20.2002249Z
  Time since last request: 0.0002314 seconds.
  importAddress: GUID: 6f1dc05fb6e7d3e4f89ae9ca482735be - Path: Packages/com.unity.ide.visualstudio/Editor/FileUtility.cs - Importer: ScriptedImporter/UnityEditor.QuickSearchModule:UnityEditor.Search:ASIAI0B
Importing 'GUID: 6f1dc05fb6e7d3e4f89ae9ca482735be - Path: Packages/com.unity.ide.visualstudio/Editor/FileUtility.cs - Importer: ScriptedImporter/UnityEditor.QuickSearchModule:UnityEditor.Search:ASIAI0B' with importer (ScriptedImporter : UnityEditor.QuickSearchModule:UnityEditor.Search:ASIAI0B)
Imported 'GUID: 6f1dc05fb6e7d3e4f89ae9ca482735be' -> (Import Result ID: '9bd2dd0446d029770bb2a479042fdbb3') in 0.002 seconds [static and dynamic dependencies]. Details - ImportResultOutputID=e29ae8c8b85f4ba1ecc6df63da564f79 DependenciesID=c81cbb542073722709fbc86b7304dc2e StaticDependenciesID=cc49bdf99cf2e1d0321aa066ad06e408 
Number of updated asset objects reloaded before import = 0
Number of asset objects unloaded after import = 0
========================================================================
Received Import Request.
  Time of request: 2026-08-04T17:31:20.2099542Z
  Time since last request: 0.0002249 seconds.
  importAddress: GUID: b93f844d45cfcc44fa2b0eed5c9ec6bb - Path: Packages/com.unity.ide.visualstudio/Editor/com.unity.ide.visualstudio.asmdef - Importer: ScriptedImporter/UnityEditor.QuickSearchModule:UnityEditor.Search:ASIAI0B
Importing 'GUID: b93f844d45cfcc44fa2b0eed5c9ec6bb - Path: Packages/com.unity.ide.visualstudio/Editor/com.unity.ide.visualstudio.asmdef - Importer: ScriptedImporter/UnityEditor.QuickSearchModule:UnityEditor.Search:ASIAI0B' with importer (ScriptedImporter : UnityEditor.QuickSearchModule:UnityEditor.Search:ASIAI0B)
Imported 'GUID: b93f844d45cfcc44fa2b0eed5c9ec6bb' -> (Import Result ID: 'e441f026480c359254e3961f1980522d') in 0.002 seconds [static and dynamic dependencies]. Details - ImportResultOutputID=04f3ac48fe5f91659b6ba33cf51410b4 DependenciesID=fcbe192e1b8a436b0ba63174d533bf1a StaticDependenciesID=3a95afcc3b064d73709c94a2825c8078 
Number of updated asset objects reloaded before import = 0
Number of asset objects unloaded after import = 1
========================================================================
Received Import Request.
  Time of request: 2026-08-04T17:31:20.2199487Z
  Time since last request: 0.000228 seconds.
  importAddress: GUID: 4f15e4da25f5407188ceb3ad49176db9 - Path: Packages/com.unity.2d.tilemap/Editor/UI/External/RenameableLabel.cs - Importer: ScriptedImporter/UnityEditor.QuickSearchModule:UnityEditor.Search:ASIAI0B
Importing 'GUID: 4f15e4da25f5407188ceb3ad49176db9 - Path: Packages/com.unity.2d.tilemap/Editor/UI/External/RenameableLabel.cs - Importer: ScriptedImporter/UnityEditor.QuickSearchModule:UnityEditor.Search:ASIAI0B' with importer (ScriptedImporter : UnityEditor.QuickSearchModule:UnityEditor.Search:ASIAI0B)
Imported 'GUID: 4f15e4da25f5407188ceb3ad49176db9' -> (Import Result ID: 'eec76ec2c25f6ba199d083150d0f70ed') in 0.002 seconds [static and dynamic dependencies]. Details - ImportResultOutputID=35a8b259bb530050980ca3ad6bb3eb38 DependenciesID=2794ae51b77553c04a7dc7c42c026191 StaticDependenciesID=59b05df40587e0c0fe3fb44d92e9a6c7 
Number of updated asset objects reloaded before import = 0
Number of asset objects unloaded after import = 0
========================================================================
Received Import Request.
  Time of request: 2026-08-04T17:31:20.251911Z
  Time since last request: 0.0234393 seconds.
  importAddress: GUID: fbbb1ee655846b043baf6c3502b5ce49 - Path: Packages/com.unity.ide.visualstudio/Editor/SolutionParser.cs - Importer: ScriptedImporter/UnityEditor.QuickSearchModule:UnityEditor.Search:ASIAI0B
Importing 'GUID: fbbb1ee655846b043baf6c3502b5ce49 - Path: Packages/com.unity.ide.visualstudio/Editor/SolutionParser.cs - Importer: ScriptedImporter/UnityEditor.QuickSearchModule:UnityEditor.Search:ASIAI0B' with importer (ScriptedImporter : UnityEditor.QuickSearchModule:UnityEditor.Search:ASIAI0B)
Imported 'GUID: fbbb1ee655846b043baf6c3502b5ce49' -> (Import Result ID: '815409afb40d64f986bfb2048a249935') in 0.002 seconds [static and dynamic dependencies]. Details - ImportResultOutputID=e007e646423b3883b87c2594729f8f8e DependenciesID=b3f020b197c677ee213756f686ffa24c StaticDependenciesID=cff1a5d5bed8cc1aec6f7265ee2e2b50 
Number of updated asset objects reloaded before import = 0
Number of asset objects unloaded after import = 0
========================================================================
Received Import Request.
  Time of request: 2026-08-04T17:31:20.2609011Z
  Time since last request: 0.000307 seconds.
  importAddress: GUID: 0173aff8c07e06b42af07ebdd7f08032 - Path: Packages/com.unity.ide.visualstudio/Editor/VisualStudioEditor.cs - Importer: ScriptedImporter/UnityEditor.QuickSearchModule:UnityEditor.Search:ASIAI0B
Importing 'GUID: 0173aff8c07e06b42af07ebdd7f08032 - Path: Packages/com.unity.ide.visualstudio/Editor/VisualStudioEditor.cs - Importer: ScriptedImporter/UnityEditor.QuickSearchModule:UnityEditor.Search:ASIAI0B' with importer (ScriptedImporter : UnityEditor.QuickSearchModule:UnityEditor.Search:ASIAI0B)
Imported 'GUID: 0173aff8c07e06b42af07ebdd7f08032' -> (Import Result ID: 'cef6ca5bd208ee02e96c8ac42be5c549') in 0.005 seconds [static and dynamic dependencies]. Details - ImportResultOutputID=ca90512d55c91826c4594623abf36b3e DependenciesID=326e8f82bbde6c76933911b38aaa4bab StaticDependenciesID=da4db3bc12782d6634266a3dbf3f4740 
Number of updated asset objects reloaded before import = 0
Number of asset objects unloaded after import = 0
========================================================================
Received Import Request.
  Time of request: 2026-08-04T17:31:20.2743811Z
  Time since last request: 0.0002955 seconds.
  importAddress: GUID: 5e249ae353801f043a6e4173410c6152 - Path: Packages/com.unity.ide.visualstudio/Editor/Messaging/Messenger.cs - Importer: ScriptedImporter/UnityEditor.QuickSearchModule:UnityEditor.Search:ASIAI0B
Importing 'GUID: 5e249ae353801f043a6e4173410c6152 - Path: Packages/com.unity.ide.visualstudio/Editor/Messaging/Messenger.cs - Importer: ScriptedImporter/UnityEditor.QuickSearchModule:UnityEditor.Search:ASIAI0B' with importer (ScriptedImporter : UnityEditor.QuickSearchModule:UnityEditor.Search:ASIAI0B)
Imported 'GUID: 5e249ae353801f043a6e4173410c6152' -> (Import Result ID: 'f131e8b6983b3df1df66ec80a9a3443b') in 0.002 seconds [static and dynamic dependencies]. Details - ImportResultOutputID=c862ece89d717777bd940274f340fa7e DependenciesID=1ce1f09d3a83e6601abae3af57e97730 StaticDependenciesID=2dc52b056dd1dbb19d7f8dab5a056368 
Number of updated asset objects reloaded before import = 0
Number of asset objects unloaded after import = 0
========================================================================
Received Import Request.
  Time of request: 2026-08-04T17:31:20.2831489Z
  Time since last request: 0.0003664 seconds.
  importAddress: GUID: f3edbdc86577af648a23263aa75161e1 - Path: Packages/com.unity.ide.visualstudio/Editor/Messaging/MessageType.cs - Importer: ScriptedImporter/UnityEditor.QuickSearchModule:UnityEditor.Search:ASIAI0B
Importing 'GUID: f3edbdc86577af648a23263aa75161e1 - Path: Packages/com.unity.ide.visualstudio/Editor/Messaging/MessageType.cs - Importer: ScriptedImporter/UnityEditor.QuickSearchModule:UnityEditor.Search:ASIAI0B' with importer (ScriptedImporter : UnityEditor.QuickSearchModule:UnityEditor.Search:ASIAI0B)
Imported 'GUID: f3edbdc86577af648a23263aa75161e1' -> (Import Result ID: '54a9e7aa8791e64133298a578534be36') in 0.003 seconds [static and dynamic dependencies]. Details - ImportResultOutputID=c54f489b6074b9ebb665d8076b1d8f53 DependenciesID=cdc3eb4469f2e0b52f28dc1f94118742 StaticDependenciesID=3501541d835a5e71d9f8745d28c47aad 
Number of updated asset objects reloaded before import = 0
Number of asset objects unloaded after import = 0
========================================================================
Received Import Request.
  Time of request: 2026-08-04T17:31:20.2963663Z
  Time since last request: 0.0002207 seconds.
  importAddress: GUID: e0ae6629cc70b514889df37fccb76832 - Path: Packages/com.unity.ugui/README.md - Importer: ScriptedImporter/UnityEditor.QuickSearchModule:UnityEditor.Search:ASIAI0B
Importing 'GUID: e0ae6629cc70b514889df37fccb76832 - Path: Packages/com.unity.ugui/README.md - Importer: ScriptedImporter/UnityEditor.QuickSearchModule:UnityEditor.Search:ASIAI0B' with importer (ScriptedImporter : UnityEditor.QuickSearchModule:UnityEditor.Search:ASIAI0B)
Imported 'GUID: e0ae6629cc70b514889df37fccb76832' -> (Import Result ID: 'd43230c8ab055cd5e13a16043ad14e93') in 0.002 seconds [static and dynamic dependencies]. Details - ImportResultOutputID=93ceff0acf19826a4a35b0df4ad3a13a DependenciesID=752670feb64053e08a45284fb45cf2d9 StaticDependenciesID=5dbc506ffa257804035488389aa52915 
Number of updated asset objects reloaded before import = 0
Number of asset objects unloaded after import = 1
========================================================================
Received Import Request.
  Time of request: 2026-08-04T17:31:20.3057933Z
  Time since last request: 0.0001778 seconds.
  importAddress: GUID: 91950f78729ab144aa36e94690b28fad - Path: Packages/com.unity.ugui/Editor/TMP/TMP_BaseEditorPanel.cs - Importer: ScriptedImporter/UnityEditor.QuickSearchModule:UnityEditor.Search:ASIAI0B
Importing 'GUID: 91950f78729ab144aa36e94690b28fad - Path: Packages/com.unity.ugui/Editor/TMP/TMP_BaseEditorPanel.cs - Importer: ScriptedImporter/UnityEditor.QuickSearchModule:UnityEditor.Search:ASIAI0B' with importer (ScriptedImporter : UnityEditor.QuickSearchModule:UnityEditor.Search:ASIAI0B)
Imported 'GUID: 91950f78729ab144aa36e94690b28fad' -> (Import Result ID: 'efd4c7f91e287e949170a75b5f50d49d') in 0.002 seconds [static and dynamic dependencies]. Details - ImportResultOutputID=2f4364bcfc8a9343fb948605d893a488 DependenciesID=29bb5b9e3adbd43951dec5843c6b25d6 StaticDependenciesID=504daed9da34a82cced75d70cd5924a5 
Number of updated asset objects reloaded before import = 0
Number of asset objects unloaded after import = 0
========================================================================
Received Import Request.
  Time of request: 2026-08-04T17:31:20.3146318Z
  Time since last request: 0.0001998 seconds.
  importAddress: GUID: be13c398521e3c1ad21fb9da30ab2ab6 - Path: Packages/com.unity.modules.imgui/package.ModuleCompilationTrigger - Importer: ScriptedImporter/UnityEditor.QuickSearchModule:UnityEditor.Search:ASIAI0B
Importing 'GUID: be13c398521e3c1ad21fb9da30ab2ab6 - Path: Packages/com.unity.modules.imgui/package.ModuleCompilationTrigger - Importer: ScriptedImporter/UnityEditor.QuickSearchModule:UnityEditor.Search:ASIAI0B' with importer (ScriptedImporter : UnityEditor.QuickSearchModule:UnityEditor.Search:ASIAI0B)
Imported 'GUID: be13c398521e3c1ad21fb9da30ab2ab6' -> (Import Result ID: '579ce2ede7cda480fc113839b3e7d484') in 0.002 seconds [static and dynamic dependencies]. Details - ImportResultOutputID=d3408bfbde3eb15a44ccbea14eb2e098 DependenciesID=e99174a49c19e2b8d19532f844888c52 StaticDependenciesID=23d83c430a55fb13dee161f0931fb777 
Number of updated asset objects reloaded before import = 0
Number of asset objects unloaded after import = 1
========================================================================
Received Import Request.
  Time of request: 2026-08-04T17:31:20.3259148Z
  Time since last request: 0.0002262 seconds.
  importAddress: GUID: 0719f1a8b2a284e1182b352e6c8c3c60 - Path: Packages/com.unity.ide.visualstudio/Editor/Testing/TestStatusAdaptor.cs - Importer: ScriptedImporter/UnityEditor.QuickSearchModule:UnityEditor.Search:ASIAI0B
Importing 'GUID: 0719f1a8b2a284e1182b352e6c8c3c60 - Path: Packages/com.unity.ide.visualstudio/Editor/Testing/TestStatusAdaptor.cs - Importer: ScriptedImporter/UnityEditor.QuickSearchModule:UnityEditor.Search:ASIAI0B' with importer (ScriptedImporter : UnityEditor.QuickSearchModule:UnityEditor.Search:ASIAI0B)
Imported 'GUID: 0719f1a8b2a284e1182b352e6c8c3c60' -> (Import Result ID: 'ad5dc39da269fa028140113f6f216e7c') in 0.003 seconds [static and dynamic dependencies]. Details - ImportResultOutputID=1fb8b270b998c0e5bd2e317fdbe633d1 DependenciesID=f45ba6200e61ca98bbf4a470d683c288 StaticDependenciesID=5856dd6f9c28af7b0a43f34d4a876dcc 
Number of updated asset objects reloaded before import = 0
Number of asset objects unloaded after import = 0
========================================================================
Received Import Request.
  Time of request: 2026-08-04T17:31:20.3376916Z
  Time since last request: 0.0004962 seconds.
  importAddress: GUID: 829d4d6bc39fd1044ba4c5fc2a9c911f - Path: Packages/com.unity.ide.visualstudio/Editor/SolutionProperties.cs - Importer: ScriptedImporter/UnityEditor.QuickSearchModule:UnityEditor.Search:ASIAI0B
Importing 'GUID: 829d4d6bc39fd1044ba4c5fc2a9c911f - Path: Packages/com.unity.ide.visualstudio/Editor/SolutionProperties.cs - Importer: ScriptedImporter/UnityEditor.QuickSearchModule:UnityEditor.Search:ASIAI0B' with importer (ScriptedImporter : UnityEditor.QuickSearchModule:UnityEditor.Search:ASIAI0B)
Imported 'GUID: 829d4d6bc39fd1044ba4c5fc2a9c911f' -> (Import Result ID: 'fb4a1ddc19071c00f9e92d8955d0099a') in 0.003 seconds [static and dynamic dependencies]. Details - ImportResultOutputID=bd0a2600f45bac539738e26e84f33c9e DependenciesID=902953f4c3cd3a2da5f75f01b8645fa7 StaticDependenciesID=d7828ca32d3adc3b757b227696dad5b4 
Number of updated asset objects reloaded before import = 0
Number of asset objects unloaded after import = 0
========================================================================
Received Import Request.
  Time of request: 2026-08-04T17:31:20.3488082Z
  Time since last request: 0.0001908 seconds.
  importAddress: GUID: 4d3d51749e989f747b2674e0b4d9b3d7 - Path: Packages/com.unity.ugui/LICENSE.md - Importer: ScriptedImporter/UnityEditor.QuickSearchModule:UnityEditor.Search:ASIAI0B
Importing 'GUID: 4d3d51749e989f747b2674e0b4d9b3d7 - Path: Packages/com.unity.ugui/LICENSE.md - Importer: ScriptedImporter/UnityEditor.QuickSearchModule:UnityEditor.Search:ASIAI0B' with importer (ScriptedImporter : UnityEditor.QuickSearchModule:UnityEditor.Search:ASIAI0B)
Imported 'GUID: 4d3d51749e989f747b2674e0b4d9b3d7' -> (Import Result ID: 'ae1050c82a3856afd2b7372f2c3dea49') in 0.004 seconds [static and dynamic dependencies]. Details - ImportResultOutputID=188209e5d7158a040b1617c47cea8c75 DependenciesID=d0624014cb49dafe3b18e98c735518f2 StaticDependenciesID=6be6e6430a1518ec1ba9f6060628ad94 
Number of updated asset objects reloaded before import = 0
Number of asset objects unloaded after import = 1
========================================================================
Received Import Request.
  Time of request: 2026-08-04T17:31:20.3596692Z
  Time since last request: 0.0002143 seconds.
  importAddress: GUID: cb67edc1800c2ec4ba8dfb1cf0dfc84a - Path: Packages/com.unity.ide.visualstudio/Editor/COMIntegration/Release/COMIntegration.exe - Importer: ScriptedImporter/UnityEditor.QuickSearchModule:UnityEditor.Search:ASIAI0B
Importing 'GUID: cb67edc1800c2ec4ba8dfb1cf0dfc84a - Path: Packages/com.unity.ide.visualstudio/Editor/COMIntegration/Release/COMIntegration.exe - Importer: ScriptedImporter/UnityEditor.QuickSearchModule:UnityEditor.Search:ASIAI0B' with importer (ScriptedImporter : UnityEditor.QuickSearchModule:UnityEditor.Search:ASIAI0B)
Imported 'GUID: cb67edc1800c2ec4ba8dfb1cf0dfc84a' -> (Import Result ID: '05e570c7879b6115db8eefc4340b18e6') in 0.003 seconds [static and dynamic dependencies]. Details - ImportResultOutputID=a43e4673bb30ab2bb2c0b27ecd18e8f4 DependenciesID=8514fef440ea99ce421e5038cfeabc81 StaticDependenciesID=2a44cd33e9abbffe56a277e04b0fa5fc 
Number of updated asset objects reloaded before import = 0
Number of asset objects unloaded after import = 1
========================================================================
Received Import Request.
  Time of request: 2026-08-04T17:31:20.3934912Z
  Time since last request: 0.0229611 seconds.
  importAddress: GUID: 34e2c9b9d9e44953933afe37461f44e6 - Path: Packages/com.unity.ugui/Editor/TMP/TMP_StyleSheetEditor.cs - Importer: ScriptedImporter/UnityEditor.QuickSearchModule:UnityEditor.Search:ASIAI0B
Importing 'GUID: 34e2c9b9d9e44953933afe37461f44e6 - Path: Packages/com.unity.ugui/Editor/TMP/TMP_StyleSheetEditor.cs - Importer: ScriptedImporter/UnityEditor.QuickSearchModule:UnityEditor.Search:ASIAI0B' with importer (ScriptedImporter : UnityEditor.QuickSearchModule:UnityEditor.Search:ASIAI0B)
Imported 'GUID: 34e2c9b9d9e44953933afe37461f44e6' -> (Import Result ID: '6f3df34266c9863c50a92bc585cfc805') in 0.002 seconds [static and dynamic dependencies]. Details - ImportResultOutputID=693fbe9a57614a098edbd408906fb66a DependenciesID=1170e1433d7bbc5e27d56992becf6127 StaticDependenciesID=e20eefdb3aa710488680bf95bca29a30 
Number of updated asset objects reloaded before import = 0
Number of asset objects unloaded after import = 0
========================================================================
Received Import Request.
  Time of request: 2026-08-04T17:31:20.4038562Z
  Time since last request: 0.0004192 seconds.
  importAddress: GUID: 41b96614b2e6494ba995ddcd252d11ae - Path: Packages/com.unity.ugui/Editor Resources/Textures/btn_AlignMiddle.psd - Importer: ScriptedImporter/UnityEditor.QuickSearchModule:UnityEditor.Search:ASIAI0B
Importing 'GUID: 41b96614b2e6494ba995ddcd252d11ae - Path: Packages/com.unity.ugui/Editor Resources/Textures/btn_AlignMiddle.psd - Importer: ScriptedImporter/UnityEditor.QuickSearchModule:UnityEditor.Search:ASIAI0B' with importer (ScriptedImporter : UnityEditor.QuickSearchModule:UnityEditor.Search:ASIAI0B)
Imported 'GUID: 41b96614b2e6494ba995ddcd252d11ae' -> (Import Result ID: 'a11fd50975f9ebaf7b2ce3d8ba13c774') in 0.007 seconds [static and dynamic dependencies]. Details - ImportResultOutputID=91f2f355468df3663e984e83bda94253 DependenciesID=b3808351621bfb1682b53414a465395f StaticDependenciesID=7dcab359f3ee80f3688d7a1af074d0a4 
Number of updated asset objects reloaded before import = 0
Number of asset objects unloaded after import = 1
========================================================================
Received Import Request.
  Time of request: 2026-08-04T17:31:20.4200307Z
  Time since last request: 0.0002787 seconds.
  importAddress: GUID: 92027f7f8cfc4feaa477da0dc38d3d46 - Path: Packages/com.unity.ugui/Editor Resources/Textures/btn_AlignJustified.psd - Importer: ScriptedImporter/UnityEditor.QuickSearchModule:UnityEditor.Search:ASIAI0B
Importing 'GUID: 92027f7f8cfc4feaa477da0dc38d3d46 - Path: Packages/com.unity.ugui/Editor Resources/Textures/btn_AlignJustified.psd - Importer: ScriptedImporter/UnityEditor.QuickSearchModule:UnityEditor.Search:ASIAI0B' with importer (ScriptedImporter : UnityEditor.QuickSearchModule:UnityEditor.Search:ASIAI0B)
Imported 'GUID: 92027f7f8cfc4feaa477da0dc38d3d46' -> (Import Result ID: '7592c79f0055a0bff175ca3739d1224e') in 0.006 seconds [static and dynamic dependencies]. Details - ImportResultOutputID=7a47e9f72d7a434060cffa4bf87764b4 DependenciesID=0e932d261c38da41fcaa51a5942c786a StaticDependenciesID=479a223fe9b579709db9c291bb5ea48d 
Number of updated asset objects reloaded before import = 0
Number of asset objects unloaded after import = 1
========================================================================
Received Import Request.
  Time of request: 2026-08-04T17:31:20.4363096Z
  Time since last request: 0.0002834 seconds.
  importAddress: GUID: e05ace3bd15740cda0bad60d89092a5b - Path: Packages/com.unity.ugui/Editor Resources/Textures/btn_AlignRight_Light.psd - Importer: ScriptedImporter/UnityEditor.QuickSearchModule:UnityEditor.Search:ASIAI0B
Importing 'GUID: e05ace3bd15740cda0bad60d89092a5b - Path: Packages/com.unity.ugui/Editor Resources/Textures/btn_AlignRight_Light.psd - Importer: ScriptedImporter/UnityEditor.QuickSearchModule:UnityEditor.Search:ASIAI0B' with importer (ScriptedImporter : UnityEditor.QuickSearchModule:UnityEditor.Search:ASIAI0B)
Imported 'GUID: e05ace3bd15740cda0bad60d89092a5b' -> (Import Result ID: '372d30b5c1a7a0a3f3a79dbb2bb25f78') in 0.005 seconds [static and dynamic dependencies]. Details - ImportResultOutputID=a92f08710c3793a4263720bb1f715bc0 DependenciesID=35ea66ad430bb97e0745a18ba5df3409 StaticDependenciesID=87f30f52c82550e9973c2a8ba925e794 
Number of updated asset objects reloaded before import = 0
Number of asset objects unloaded after import = 1
========================================================================
Received Import Request.
  Time of request: 2026-08-04T17:31:20.4501416Z
  Time since last request: 0.0003245 seconds.
  importAddress: GUID: 6546d7765b4165b40850b3667f981c26 - Path: Packages/com.unity.ugui/Editor/TMP/Unity.TextMeshPro.Editor.asmdef - Importer: ScriptedImporter/UnityEditor.QuickSearchModule:UnityEditor.Search:ASIAI0B
Importing 'GUID: 6546d7765b4165b40850b3667f981c26 - Path: Packages/com.unity.ugui/Editor/TMP/Unity.TextMeshPro.Editor.asmdef - Importer: ScriptedImporter/UnityEditor.QuickSearchModule:UnityEditor.Search:ASIAI0B' with importer (ScriptedImporter : UnityEditor.QuickSearchModule:UnityEditor.Search:ASIAI0B)
Imported 'GUID: 6546d7765b4165b40850b3667f981c26' -> (Import Result ID: '12f18a8ad975cb76df1644d63ecae937') in 0.003 seconds [static and dynamic dependencies]. Details - ImportResultOutputID=7a95d527d54bfdfa25a69294eb93b352 DependenciesID=7676989c3d2fc7eaa4ffdc533922ebcc StaticDependenciesID=61eba784e96d1024745ecccaf0af286e 
Number of updated asset objects reloaded before import = 0
Number of asset objects unloaded after import = 1
========================================================================
Received Import Request.
  Time of request: 2026-08-04T17:31:20.4608587Z
  Time since last request: 0.0002262 seconds.
  importAddress: GUID: c2f7f6a88b4c4f20a53deb72f3d9144c - Path: Packages/com.unity.ugui/Editor Resources/Textures/btn_AlignMidLine.psd - Importer: ScriptedImporter/UnityEditor.QuickSearchModule:UnityEditor.Search:ASIAI0B
Importing 'GUID: c2f7f6a88b4c4f20a53deb72f3d9144c - Path: Packages/com.unity.ugui/Editor Resources/Textures/btn_AlignMidLine.psd - Importer: ScriptedImporter/UnityEditor.QuickSearchModule:UnityEditor.Search:ASIAI0B' with importer (ScriptedImporter : UnityEditor.QuickSearchModule:UnityEditor.Search:ASIAI0B)
Imported 'GUID: c2f7f6a88b4c4f20a53deb72f3d9144c' -> (Import Result ID: '692a1c61e400a3a0cc5992341ea1132d') in 0.005 seconds [static and dynamic dependencies]. Details - ImportResultOutputID=850b4acac350cbff061d8e1c4a236500 DependenciesID=89705c32b395320fe43e7af65f425a4f StaticDependenciesID=5a926f657545a20fba3110a2f763422f 
Number of updated asset objects reloaded before import = 0
Number of asset objects unloaded after import = 1
========================================================================
Received Import Request.
  Time of request: 2026-08-04T17:31:20.4737387Z
  Time since last request: 0.0003619 seconds.
  importAddress: GUID: 64b9fad609434c489c32b1cdf2004a1c - Path: Packages/com.unity.ugui/Editor Resources/Textures/btn_AlignFlush_Light.psd - Importer: ScriptedImporter/UnityEditor.QuickSearchModule:UnityEditor.Search:ASIAI0B
Importing 'GUID: 64b9fad609434c489c32b1cdf2004a1c - Path: Packages/com.unity.ugui/Editor Resources/Textures/btn_AlignFlush_Light.psd - Importer: ScriptedImporter/UnityEditor.QuickSearchModule:UnityEditor.Search:ASIAI0B' with importer (ScriptedImporter : UnityEditor.QuickSearchModule:UnityEditor.Search:ASIAI0B)
Imported 'GUID: 64b9fad609434c489c32b1cdf2004a1c' -> (Import Result ID: '7a1aabd570ca53b6dfacae2a8f58a07b') in 0.008 seconds [static and dynamic dependencies]. Details - ImportResultOutputID=c4c168f0497fb0782166b0d424bb03ee DependenciesID=32210251d5ce38977d4530b7a404f576 StaticDependenciesID=e5c176e540f79a8d4d9ccce6858e393c 
Number of updated asset objects reloaded before import = 0
Number of asset objects unloaded after import = 1
========================================================================
Received Import Request.
  Time of request: 2026-08-04T17:31:20.4938899Z
  Time since last request: 0.0003575 seconds.
  importAddress: GUID: b09be1f217d34247af54863a2f5587e1 - Path: Packages/com.unity.ugui/Editor/TMP/TMP_SpriteAssetEditor.cs - Importer: ScriptedImporter/UnityEditor.QuickSearchModule:UnityEditor.Search:ASIAI0B
Importing 'GUID: b09be1f217d34247af54863a2f5587e1 - Path: Packages/com.unity.ugui/Editor/TMP/TMP_SpriteAssetEditor.cs - Importer: ScriptedImporter/UnityEditor.QuickSearchModule:UnityEditor.Search:ASIAI0B' with importer (ScriptedImporter : UnityEditor.QuickSearchModule:UnityEditor.Search:ASIAI0B)
Imported 'GUID: b09be1f217d34247af54863a2f5587e1' -> (Import Result ID: '153408225617fb66be890e3391d8b9ac') in 0.003 seconds [static and dynamic dependencies]. Details - ImportResultOutputID=490edd9e5bceead26fbfe3075fcf2789 DependenciesID=95ea307993f885f7e1449747afec1f99 StaticDependenciesID=896f8a7dd72520f3ce1e3b86d46b9f38 
Number of updated asset objects reloaded before import = 0
Number of asset objects unloaded after import = 0
========================================================================
Received Import Request.
  Time of request: 2026-08-04T17:31:20.5064232Z
  Time since last request: 0.0002267 seconds.
  importAddress: GUID: 342a0f8aca7f4f0691338912faec0494 - Path: Packages/com.unity.ugui/Editor Resources/Textures/btn_AlignRight.psd - Importer: ScriptedImporter/UnityEditor.QuickSearchModule:UnityEditor.Search:ASIAI0B
Importing 'GUID: 342a0f8aca7f4f0691338912faec0494 - Path: Packages/com.unity.ugui/Editor Resources/Textures/btn_AlignRight.psd - Importer: ScriptedImporter/UnityEditor.QuickSearchModule:UnityEditor.Search:ASIAI0B' with importer (ScriptedImporter : UnityEditor.QuickSearchModule:UnityEditor.Search:ASIAI0B)
Imported 'GUID: 342a0f8aca7f4f0691338912faec0494' -> (Import Result ID: '3289398bda37c3db98df68fa888e9b60') in 0.004 seconds [static and dynamic dependencies]. Details - ImportResultOutputID=3154c7e9eebb1b816ded3eb689144438 DependenciesID=59ca57960736b83ebe4b1bb16aca6f75 StaticDependenciesID=cce63a52cd0f252b679c750e1d2f9067 
Number of updated asset objects reloaded before import = 0
Number of asset objects unloaded after import = 1
========================================================================
Received Import Request.
  Time of request: 2026-08-04T17:31:20.5179513Z
  Time since last request: 0.0002347 seconds.
  importAddress: GUID: 30a939dce2fd4073955f2f20e659d506 - Path: Packages/com.unity.ugui/Editor/TMP/TMP_UIStyleManager.cs - Importer: ScriptedImporter/UnityEditor.QuickSearchModule:UnityEditor.Search:ASIAI0B
Importing 'GUID: 30a939dce2fd4073955f2f20e659d506 - Path: Packages/com.unity.ugui/Editor/TMP/TMP_UIStyleManager.cs - Importer: ScriptedImporter/UnityEditor.QuickSearchModule:UnityEditor.Search:ASIAI0B' with importer (ScriptedImporter : UnityEditor.QuickSearchModule:UnityEditor.Search:ASIAI0B)
Imported 'GUID: 30a939dce2fd4073955f2f20e659d506' -> (Import Result ID: '631f750c74d8b38220453fffe1cb504d') in 0.003 seconds [static and dynamic dependencies]. Details - ImportResultOutputID=2e4b6c159cb623c2cf8b8a75bc207f3b DependenciesID=65d0ea925bc19b96906ad84254957040 StaticDependenciesID=01fd47d1898cdc85cc8d03e9f921f7e2 
Number of updated asset objects reloaded before import = 0
Number of asset objects unloaded after import = 0
========================================================================
Received Import Request.
  Time of request: 2026-08-04T17:31:20.5299272Z
  Time since last request: 0.0003688 seconds.
  importAddress: GUID: 12736c98af174f91827a26b66d2b01b9 - Path: Packages/com.unity.ugui/Editor Resources/Textures/btn_AlignLeft_Light.psd - Importer: ScriptedImporter/UnityEditor.QuickSearchModule:UnityEditor.Search:ASIAI0B
Importing 'GUID: 12736c98af174f91827a26b66d2b01b9 - Path: Packages/com.unity.ugui/Editor Resources/Textures/btn_AlignLeft_Light.psd - Importer: ScriptedImporter/UnityEditor.QuickSearchModule:UnityEditor.Search:ASIAI0B' with importer (ScriptedImporter : UnityEditor.QuickSearchModule:UnityEditor.Search:ASIAI0B)
Imported 'GUID: 12736c98af174f91827a26b66d2b01b9' -> (Import Result ID: '29d7f587a81981c0875f3124f372bbf2') in 0.004 seconds [static and dynamic dependencies]. Details - ImportResultOutputID=0435d21ac117d360cf0d17a5f60ead88 DependenciesID=0c7b5e35a699119a3003a0957110788a StaticDependenciesID=d5dae82ac2804330017850d2dcd6fc3a 
Number of updated asset objects reloaded before import = 0
Number of asset objects unloaded after import = 1
========================================================================
Received Import Request.
  Time of request: 2026-08-04T17:31:20.5407986Z
  Time since last request: 0.0003446 seconds.
  importAddress: GUID: fa6bd40a216346b783a4cce741d277a5 - Path: Packages/com.unity.ugui/Editor Resources/Textures/btn_AlignJustified_Light.psd - Importer: ScriptedImporter/UnityEditor.QuickSearchModule:UnityEditor.Search:ASIAI0B
Importing 'GUID: fa6bd40a216346b783a4cce741d277a5 - Path: Packages/com.unity.ugui/Editor Resources/Textures/btn_AlignJustified_Light.psd - Importer: ScriptedImporter/UnityEditor.QuickSearchModule:UnityEditor.Search:ASIAI0B' with importer (ScriptedImporter : UnityEditor.QuickSearchModule:UnityEditor.Search:ASIAI0B)
Imported 'GUID: fa6bd40a216346b783a4cce741d277a5' -> (Import Result ID: '09d789dd8fc9bac28e67edfbcbc9eb91') in 0.005 seconds [static and dynamic dependencies]. Details - ImportResultOutputID=0edaa7e71f85c0216c84d0fbd9dfd2a3 DependenciesID=70b60c77c3fbeac4a445b37fc6b69d3a StaticDependenciesID=25a4214198ced0c4a0d5841131aa9880 
Number of updated asset objects reloaded before import = 0
Number of asset objects unloaded after import = 1
========================================================================
Received Import Request.
  Time of request: 2026-08-04T17:31:20.5594987Z
  Time since last request: 0.0057031 seconds.
  importAddress: GUID: 43b111c4a445f446abd2c02e77750ff5 - Path: Packages/com.unity.ugui/Runtime/InternalBridge/Unity.InternalAPIEngineBridge.004.asmdef - Importer: ScriptedImporter/UnityEditor.QuickSearchModule:UnityEditor.Search:ASIAI0B
Importing 'GUID: 43b111c4a445f446abd2c02e77750ff5 - Path: Packages/com.unity.ugui/Runtime/InternalBridge/Unity.InternalAPIEngineBridge.004.asmdef - Importer: ScriptedImporter/UnityEditor.QuickSearchModule:UnityEditor.Search:ASIAI0B' with importer (ScriptedImporter : UnityEditor.QuickSearchModule:UnityEditor.Search:ASIAI0B)
Imported 'GUID: 43b111c4a445f446abd2c02e77750ff5' -> (Import Result ID: '47029dbc3c0edbae33763118ea59a7d2') in 0.002 seconds [static and dynamic dependencies]. Details - ImportResultOutputID=69a20c7c2951cafe4d84b8746f69c0bd DependenciesID=6208a7f6ad11b02557f65b4cfff8c31a StaticDependenciesID=865bbee524988b7966ef8b7acbcc97c8 
Number of updated asset objects reloaded before import = 0
Number of asset objects unloaded after import = 1
========================================================================
Received Import Request.
  Time of request: 2026-08-04T17:31:20.5691346Z
  Time since last request: 0.0003639 seconds.
  importAddress: GUID: aaf9006568d76504f982305b517fb490 - Path: Packages/com.unity.ugui/Runtime/TMP/TMP_DynamicFontAssetUtilities.cs - Importer: ScriptedImporter/UnityEditor.QuickSearchModule:UnityEditor.Search:ASIAI0B
Importing 'GUID: aaf9006568d76504f982305b517fb490 - Path: Packages/com.unity.ugui/Runtime/TMP/TMP_DynamicFontAssetUtilities.cs - Importer: ScriptedImporter/UnityEditor.QuickSearchModule:UnityEditor.Search:ASIAI0B' with importer (ScriptedImporter : UnityEditor.QuickSearchModule:UnityEditor.Search:ASIAI0B)
Imported 'GUID: aaf9006568d76504f982305b517fb490' -> (Import Result ID: '74d498ae6f4ae489165102a7b446b6d0') in 0.003 seconds [static and dynamic dependencies]. Details - ImportResultOutputID=80019202e9190af4bced4fb601c142c8 DependenciesID=452be1e9c5134f730d123e31aaa38985 StaticDependenciesID=a8c865130332965da11e2554259531a9 
Number of updated asset objects reloaded before import = 0
Number of asset objects unloaded after import = 0
========================================================================
Received Import Request.
  Time of request: 2026-08-04T17:31:20.5813226Z
  Time since last request: 0.0002019 seconds.
  importAddress: GUID: 27df3b12f30d0b74a9b10a3968c402ff - Path: Packages/com.unity.ugui/Runtime/TMP/TMP_FontFeaturesCommon.cs - Importer: ScriptedImporter/UnityEditor.QuickSearchModule:UnityEditor.Search:ASIAI0B
Importing 'GUID: 27df3b12f30d0b74a9b10a3968c402ff - Path: Packages/com.unity.ugui/Runtime/TMP/TMP_FontFeaturesCommon.cs - Importer: ScriptedImporter/UnityEditor.QuickSearchModule:UnityEditor.Search:ASIAI0B' with importer (ScriptedImporter : UnityEditor.QuickSearchModule:UnityEditor.Search:ASIAI0B)
Imported 'GUID: 27df3b12f30d0b74a9b10a3968c402ff' -> (Import Result ID: '75f2cb539b687d1f59653046669415ca') in 0.002 seconds [static and dynamic dependencies]. Details - ImportResultOutputID=26c336cd98b8b8384b3979406e0a24bc DependenciesID=b88c19e83be8758722ae1d98a474a9dd StaticDependenciesID=1bb76ffccc23356e348bac93dac42c86 
Number of updated asset objects reloaded before import = 0
Number of asset objects unloaded after import = 0
========================================================================
Received Import Request.
  Time of request: 2026-08-04T17:31:20.5904577Z
  Time since last request: 0.0002627 seconds.
  importAddress: GUID: fb5730e24283d0c489e5c7d0bee023d9 - Path: Packages/com.unity.ugui/Editor Resources/Textures/SectionHeader_Dark.psd - Importer: ScriptedImporter/UnityEditor.QuickSearchModule:UnityEditor.Search:ASIAI0B
Importing 'GUID: fb5730e24283d0c489e5c7d0bee023d9 - Path: Packages/com.unity.ugui/Editor Resources/Textures/SectionHeader_Dark.psd - Importer: ScriptedImporter/UnityEditor.QuickSearchModule:UnityEditor.Search:ASIAI0B' with importer (ScriptedImporter : UnityEditor.QuickSearchModule:UnityEditor.Search:ASIAI0B)
Imported 'GUID: fb5730e24283d0c489e5c7d0bee023d9' -> (Import Result ID: '266d635006886ba0c2665ac0c643751e') in 0.005 seconds [static and dynamic dependencies]. Details - ImportResultOutputID=0ca791a38d496273ec4d9528295ad4bb DependenciesID=74658a65d8d5abec8d291109374ae1a4 StaticDependenciesID=172c35671385c2080a1a8ef958208b29 
Number of updated asset objects reloaded before import = 0
Number of asset objects unloaded after import = 1
========================================================================
Received Import Request.
  Time of request: 2026-08-04T17:31:20.6032479Z
  Time since last request: 0.0002353 seconds.
  importAddress: GUID: ca819640f53b48919bf7774744f7f15e - Path: Packages/com.unity.ugui/Runtime/TMP/TMP_SelectionCaret.cs - Importer: ScriptedImporter/UnityEditor.QuickSearchModule:UnityEditor.Search:ASIAI0B
Importing 'GUID: ca819640f53b48919bf7774744f7f15e - Path: Packages/com.unity.ugui/Runtime/TMP/TMP_SelectionCaret.cs - Importer: ScriptedImporter/UnityEditor.QuickSearchModule:UnityEditor.Search:ASIAI0B' with importer (ScriptedImporter : UnityEditor.QuickSearchModule:UnityEditor.Search:ASIAI0B)
Imported 'GUID: ca819640f53b48919bf7774744f7f15e' -> (Import Result ID: '933c2a548662cb2ab1f265c8978e0e8b') in 0.002 seconds [static and dynamic dependencies]. Details - ImportResultOutputID=a95b96970e194cbf9ea261c1df438f1b DependenciesID=3081dea1ee3b8d27742c90ea981c17b9 StaticDependenciesID=574fd1aad81573ba88d66fb8940ca39e 
Number of updated asset objects reloaded before import = 0
Number of asset objects unloaded after import = 0
========================================================================
Received Import Request.
  Time of request: 2026-08-04T17:31:20.6124899Z
  Time since last request: 0.0001842 seconds.
  importAddress: GUID: 77b2d47bca9376f4a8ae69084a485957 - Path: Packages/com.unity.ugui/Runtime/TMP/FontFeatureCommonGSUB.cs - Importer: ScriptedImporter/UnityEditor.QuickSearchModule:UnityEditor.Search:ASIAI0B
Importing 'GUID: 77b2d47bca9376f4a8ae69084a485957 - Path: Packages/com.unity.ugui/Runtime/TMP/FontFeatureCommonGSUB.cs - Importer: ScriptedImporter/UnityEditor.QuickSearchModule:UnityEditor.Search:ASIAI0B' with importer (ScriptedImporter : UnityEditor.QuickSearchModule:UnityEditor.Search:ASIAI0B)
Imported 'GUID: 77b2d47bca9376f4a8ae69084a485957' -> (Import Result ID: 'cde675db30581b8091f46a8ac85aca2c') in 0.002 seconds [static and dynamic dependencies]. Details - ImportResultOutputID=070fea94abbc8f140d012c43b56d6711 DependenciesID=c741ffad910f11ead1582c1ea4938fb5 StaticDependenciesID=534dbbbfcb714f3be9ab4df5d80a5b07 
Number of updated asset objects reloaded before import = 0
Number of asset objects unloaded after import = 0
========================================================================
Received Import Request.
  Time of request: 2026-08-04T17:31:20.6216634Z
  Time since last request: 0.0002397 seconds.
  importAddress: GUID: afc31ad767318c9488de260c166cd21d - Path: Packages/com.unity.ugui/Runtime/TMP/ITextPreProcessor.cs - Importer: ScriptedImporter/UnityEditor.QuickSearchModule:UnityEditor.Search:ASIAI0B
Importing 'GUID: afc31ad767318c9488de260c166cd21d - Path: Packages/com.unity.ugui/Runtime/TMP/ITextPreProcessor.cs - Importer: ScriptedImporter/UnityEditor.QuickSearchModule:UnityEditor.Search:ASIAI0B' with importer (ScriptedImporter : UnityEditor.QuickSearchModule:UnityEditor.Search:ASIAI0B)
Imported 'GUID: afc31ad767318c9488de260c166cd21d' -> (Import Result ID: 'd43ab111ce59d8ae4eecad4c775b4292') in 0.002 seconds [static and dynamic dependencies]. Details - ImportResultOutputID=23c32d50c58de13dcd493f42d36f55ce DependenciesID=f04b0408e44ba552ca8cda1ecfc55595 StaticDependenciesID=ecd2b1d4aeca51cb19a3cdab7ba48b00 
Number of updated asset objects reloaded before import = 0
Number of asset objects unloaded after import = 0
========================================================================
Received Import Request.
  Time of request: 2026-08-04T17:31:20.6310151Z
  Time since last request: 0.0002148 seconds.
  importAddress: GUID: b6e75d7f429a4e7e9e1ffb4f85cff49f - Path: Packages/com.unity.ugui/Runtime/TMP/TMP_LineInfo.cs - Importer: ScriptedImporter/UnityEditor.QuickSearchModule:UnityEditor.Search:ASIAI0B
Importing 'GUID: b6e75d7f429a4e7e9e1ffb4f85cff49f - Path: Packages/com.unity.ugui/Runtime/TMP/TMP_LineInfo.cs - Importer: ScriptedImporter/UnityEditor.QuickSearchModule:UnityEditor.Search:ASIAI0B' with importer (ScriptedImporter : UnityEditor.QuickSearchModule:UnityEditor.Search:ASIAI0B)
Imported 'GUID: b6e75d7f429a4e7e9e1ffb4f85cff49f' -> (Import Result ID: '0e2b3017c569237b7042ae92d032e531') in 0.002 seconds [static and dynamic dependencies]. Details - ImportResultOutputID=f71a98267a62b205bbe5678dbbe7cce8 DependenciesID=092f2cb4072aa246e5e7a3a601767192 StaticDependenciesID=ab5ad4e24cc0e1656a37f72f4c7ae3de 
Number of updated asset objects reloaded before import = 0
Number of asset objects unloaded after import = 0
========================================================================
Received Import Request.
  Time of request: 2026-08-04T17:31:20.6400811Z
  Time since last request: 0.0002346 seconds.
  importAddress: GUID: 4877f87131635e6408f8c44e5d86791e - Path: Packages/com.unity.ugui/Runtime/TMP/TMP_ResourcesManager.cs - Importer: ScriptedImporter/UnityEditor.QuickSearchModule:UnityEditor.Search:ASIAI0B
Importing 'GUID: 4877f87131635e6408f8c44e5d86791e - Path: Packages/com.unity.ugui/Runtime/TMP/TMP_ResourcesManager.cs - Importer: ScriptedImporter/UnityEditor.QuickSearchModule:UnityEditor.Search:ASIAI0B' with importer (ScriptedImporter : UnityEditor.QuickSearchModule:UnityEditor.Search:ASIAI0B)
Imported 'GUID: 4877f87131635e6408f8c44e5d86791e' -> (Import Result ID: '7b251ae7d56fe2f29dfb84c22713fc29') in 0.002 seconds [static and dynamic dependencies]. Details - ImportResultOutputID=ef7bd795e5ab23242621f6a9689cc480 DependenciesID=8320e7cc1014fc28c3eb48cff9d167be StaticDependenciesID=cfd8a5d3769ad3f23427ee554a94d353 
Number of updated asset objects reloaded before import = 0
Number of asset objects unloaded after import = 0
========================================================================
Received Import Request.
  Time of request: 2026-08-04T17:31:20.6493034Z
  Time since last request: 0.0002141 seconds.
  importAddress: GUID: 109e9bdd0fcc649c5bc59085c35bdc83 - Path: Assets/Scenes - Importer: PreviewImporter
Importing 'GUID: 109e9bdd0fcc649c5bc59085c35bdc83 - Path: Assets/Scenes - Importer: PreviewImporter' with importer (PreviewImporter)
Imported 'GUID: 109e9bdd0fcc649c5bc59085c35bdc83' -> (Import Result ID: '101fdcffec55c7bdff9e25d31f802448') in 0.000 seconds [static and dynamic dependencies]. Details - ImportResultOutputID=b23cff856b914fe67a8ec014035f2546 DependenciesID=97cbf4d455d047431c39ec4bea9eb5a3 StaticDependenciesID=b696b9ce596b43c926644e6d900ecc61 
Number of updated asset objects reloaded before import = 0
Number of asset objects unloaded after import = 0
========================================================================
Received Import Request.
  Time of request: 2026-08-04T17:31:20.656994Z
  Time since last request: 0.0001754 seconds.
  importAddress: GUID: f695b5f9415c40b39ae877eaff41c96e - Path: Packages/com.unity.ugui/Runtime/TMP/TMP_FontAssetCommon.cs - Importer: ScriptedImporter/UnityEditor.QuickSearchModule:UnityEditor.Search:ASIAI0B
Importing 'GUID: f695b5f9415c40b39ae877eaff41c96e - Path: Packages/com.unity.ugui/Runtime/TMP/TMP_FontAssetCommon.cs - Importer: ScriptedImporter/UnityEditor.QuickSearchModule:UnityEditor.Search:ASIAI0B' with importer (ScriptedImporter : UnityEditor.QuickSearchModule:UnityEditor.Search:ASIAI0B)
Imported 'GUID: f695b5f9415c40b39ae877eaff41c96e' -> (Import Result ID: 'da72488591fd534928ec01c039fdf249') in 0.002 seconds [static and dynamic dependencies]. Details - ImportResultOutputID=f3a656d42dc11d27e3445eb212499d74 DependenciesID=ed9d95964c5070d531b136f84d0e8b8a StaticDependenciesID=21d6cb2423c2cd48e26432cc280f5463 
Number of updated asset objects reloaded before import = 0
Number of asset objects unloaded after import = 0
========================================================================
Received Import Request.
  Time of request: 2026-08-04T17:31:20.6664698Z
  Time since last request: 0.0003253 seconds.
  importAddress: GUID: 87ab1bebe13f41f89d5427e7d2c34d58 - Path: Packages/com.unity.ugui/Runtime/TMP/TMP_TextElement_Legacy.cs - Importer: ScriptedImporter/UnityEditor.QuickSearchModule:UnityEditor.Search:ASIAI0B
Importing 'GUID: 87ab1bebe13f41f89d5427e7d2c34d58 - Path: Packages/com.unity.ugui/Runtime/TMP/TMP_TextElement_Legacy.cs - Importer: ScriptedImporter/UnityEditor.QuickSearchModule:UnityEditor.Search:ASIAI0B' with importer (ScriptedImporter : UnityEditor.QuickSearchModule:UnityEditor.Search:ASIAI0B)
Imported 'GUID: 87ab1bebe13f41f89d5427e7d2c34d58' -> (Import Result ID: 'c0a9154ae302cfdb3b534b3b42ce881c') in 0.002 seconds [static and dynamic dependencies]. Details - ImportResultOutputID=bc83090dd09fd0e82c0038272a4f5b2c DependenciesID=8fce2e50e707fbf543629bcdd8a13b33 StaticDependenciesID=73dc4dc4e07a00892f306c566a442b42 
Number of updated asset objects reloaded before import = 0
Number of asset objects unloaded after import = 0
========================================================================
Received Import Request.
  Time of request: 2026-08-04T17:31:20.6763703Z
  Time since last request: 0.000343 seconds.
  importAddress: GUID: 71c1514a6bd24e1e882cebbe1904ce04 - Path: Packages/com.unity.ugui/Runtime/TMP/TMP_FontAsset.cs - Importer: ScriptedImporter/UnityEditor.QuickSearchModule:UnityEditor.Search:ASIAI0B
Importing 'GUID: 71c1514a6bd24e1e882cebbe1904ce04 - Path: Packages/com.unity.ugui/Runtime/TMP/TMP_FontAsset.cs - Importer: ScriptedImporter/UnityEditor.QuickSearchModule:UnityEditor.Search:ASIAI0B' with importer (ScriptedImporter : UnityEditor.QuickSearchModule:UnityEditor.Search:ASIAI0B)
Imported 'GUID: 71c1514a6bd24e1e882cebbe1904ce04' -> (Import Result ID: '6b88e2438b5e6c54fb987c87f7b7827d') in 0.002 seconds [static and dynamic dependencies]. Details - ImportResultOutputID=7caf1bef1a84b73681bc54db40d2f3c5 DependenciesID=bcaaf56af051960d14e0cb4350e2badf StaticDependenciesID=ae5ae004f82194b3f806728235a415d1 
Number of updated asset objects reloaded before import = 0
Number of asset objects unloaded after import = 1
========================================================================
Received Import Request.
  Time of request: 2026-08-04T17:31:20.6927544Z
  Time since last request: 0.0069693 seconds.
  importAddress: GUID: 76c392e42b5098c458856cdf6ecaaaa1 - Path: Packages/com.unity.ugui/Runtime/UGUI/EventSystem/EventSystem.cs - Importer: ScriptedImporter/UnityEditor.QuickSearchModule:UnityEditor.Search:ASIAI0B
Importing 'GUID: 76c392e42b5098c458856cdf6ecaaaa1 - Path: Packages/com.unity.ugui/Runtime/UGUI/EventSystem/EventSystem.cs - Importer: ScriptedImporter/UnityEditor.QuickSearchModule:UnityEditor.Search:ASIAI0B' with importer (ScriptedImporter : UnityEditor.QuickSearchModule:UnityEditor.Search:ASIAI0B)
Imported 'GUID: 76c392e42b5098c458856cdf6ecaaaa1' -> (Import Result ID: '634d794fc21a1796168c27a687a14342') in 0.002 seconds [static and dynamic dependencies]. Details - ImportResultOutputID=57a0b6742c314ab70ba35dad37227bcd DependenciesID=432b2813160f6670f03dde1cd8bb7856 StaticDependenciesID=3ea13be39f8fd6787341e28c05328d12 
Number of updated asset objects reloaded before import = 0
Number of asset objects unloaded after import = 0
========================================================================
Received Import Request.
  Time of request: 2026-08-04T17:31:20.7018468Z
  Time since last request: 0.0003975 seconds.
  importAddress: GUID: 765f7aac6597fc444a90dac4294e929d - Path: Packages/com.unity.ugui/Editor/UGUI/EventSystem/InputModuleComponentFactory.cs - Importer: ScriptedImporter/UnityEditor.QuickSearchModule:UnityEditor.Search:ASIAI0B
Importing 'GUID: 765f7aac6597fc444a90dac4294e929d - Path: Packages/com.unity.ugui/Editor/UGUI/EventSystem/InputModuleComponentFactory.cs - Importer: ScriptedImporter/UnityEditor.QuickSearchModule:UnityEditor.Search:ASIAI0B' with importer (ScriptedImporter : UnityEditor.QuickSearchModule:UnityEditor.Search:ASIAI0B)
Imported 'GUID: 765f7aac6597fc444a90dac4294e929d' -> (Import Result ID: '0fd1cf3dc3df7a8e76cb0a96b7f96c54') in 0.002 seconds [static and dynamic dependencies]. Details - ImportResultOutputID=c9dc9124fa74b026391fc2a33cb8475b DependenciesID=c8a9e1a4fef87b56d5411f9b9d655039 StaticDependenciesID=3c78051b474fe0fb145393a51be60bca 
Number of updated asset objects reloaded before import = 0
Number of asset objects unloaded after import = 0
========================================================================
Received Import Request.
  Time of request: 2026-08-04T17:31:20.7111263Z
  Time since last request: 0.0002975 seconds.
  importAddress: GUID: a55fb7b4961a425381d1282fc424f966 - Path: Packages/com.unity.ugui/Runtime/TMP/TMP_UpdateRegistery.cs - Importer: ScriptedImporter/UnityEditor.QuickSearchModule:UnityEditor.Search:ASIAI0B
Importing 'GUID: a55fb7b4961a425381d1282fc424f966 - Path: Packages/com.unity.ugui/Runtime/TMP/TMP_UpdateRegistery.cs - Importer: ScriptedImporter/UnityEditor.QuickSearchModule:UnityEditor.Search:ASIAI0B' with importer (ScriptedImporter : UnityEditor.QuickSearchModule:UnityEditor.Search:ASIAI0B)
Imported 'GUID: a55fb7b4961a425381d1282fc424f966' -> (Import Result ID: '252b78cdf2b08e9c88a7f5849d648db0') in 0.002 seconds [static and dynamic dependencies]. Details - ImportResultOutputID=28f397a7475c0c50d0865f34f3cc1160 DependenciesID=85f12abbf0884626ce7f05e281beef27 StaticDependenciesID=4fe3d0ee477130abbcdec5585560ae9a 
Number of updated asset objects reloaded before import = 0
Number of asset objects unloaded after import = 0
========================================================================
Received Import Request.
  Time of request: 2026-08-04T17:31:20.7209811Z
  Time since last request: 0.0002693 seconds.
  importAddress: GUID: 3fa274f26b1574c40b949e114327022e - Path: Packages/com.unity.ugui/Runtime/UGUI/EventSystem/EventTriggerType.cs - Importer: ScriptedImporter/UnityEditor.QuickSearchModule:UnityEditor.Search:ASIAI0B
Importing 'GUID: 3fa274f26b1574c40b949e114327022e - Path: Packages/com.unity.ugui/Runtime/UGUI/EventSystem/EventTriggerType.cs - Importer: ScriptedImporter/UnityEditor.QuickSearchModule:UnityEditor.Search:ASIAI0B' with importer (ScriptedImporter : UnityEditor.QuickSearchModule:UnityEditor.Search:ASIAI0B)
Imported 'GUID: 3fa274f26b1574c40b949e114327022e' -> (Import Result ID: 'd630ddda869044a24347ad5a1c496ad1') in 0.002 seconds [static and dynamic dependencies]. Details - ImportResultOutputID=d9d2d9c4d3d3d63bd5742121f7c528d5 DependenciesID=4f30234c47cc74734809fbef549e6a31 StaticDependenciesID=f166682d3c6800bd465c418b6f4961e5 
Number of updated asset objects reloaded before import = 0
Number of asset objects unloaded after import = 0
========================================================================
Received Import Request.
  Time of request: 2026-08-04T17:31:20.731795Z
  Time since last request: 0.0003055 seconds.
  importAddress: GUID: b10cb8fee5b39014d8a417bf413f5e5c - Path: Packages/com.unity.ugui/Editor/UGUI/UI/MaskEditor.cs - Importer: ScriptedImporter/UnityEditor.QuickSearchModule:UnityEditor.Search:ASIAI0B
Importing 'GUID: b10cb8fee5b39014d8a417bf413f5e5c - Path: Packages/com.unity.ugui/Editor/UGUI/UI/MaskEditor.cs - Importer: ScriptedImporter/UnityEditor.QuickSearchModule:UnityEditor.Search:ASIAI0B' with importer (ScriptedImporter : UnityEditor.QuickSearchModule:UnityEditor.Search:ASIAI0B)
Imported 'GUID: b10cb8fee5b39014d8a417bf413f5e5c' -> (Import Result ID: 'e0c54fc676425441031d5b0baee78f1f') in 0.002 seconds [static and dynamic dependencies]. Details - ImportResultOutputID=f7105050d4a7094c5af21d98cd054801 DependenciesID=330d00a1e3a6fd71ec385c18bb0c7233 StaticDependenciesID=ba63a7f211ef683dce7bed171ec58682 
Number of updated asset objects reloaded before import = 0
Number of asset objects unloaded after import = 0
========================================================================
Received Import Request.
  Time of request: 2026-08-04T17:31:20.7412941Z
  Time since last request: 0.0004569 seconds.
  importAddress: GUID: 37b164a494cd92a498526852ecceedef - Path: Packages/com.unity.ugui/Editor/UGUI/EventSystem/EventTriggerEditor.cs - Importer: ScriptedImporter/UnityEditor.QuickSearchModule:UnityEditor.Search:ASIAI0B
Importing 'GUID: 37b164a494cd92a498526852ecceedef - Path: Packages/com.unity.ugui/Editor/UGUI/EventSystem/EventTriggerEditor.cs - Importer: ScriptedImporter/UnityEditor.QuickSearchModule:UnityEditor.Search:ASIAI0B' with importer (ScriptedImporter : UnityEditor.QuickSearchModule:UnityEditor.Search:ASIAI0B)
Imported 'GUID: 37b164a494cd92a498526852ecceedef' -> (Import Result ID: '2339e4ea3514bd119ccc0c1b4d2bb5ce') in 0.002 seconds [static and dynamic dependencies]. Details - ImportResultOutputID=f0e58b712ab79a7d3ff849902be16786 DependenciesID=8707362bd3c423e2e1f801846b95c44a StaticDependenciesID=a62250adfbb82b08bb809fc8f6df9755 
Number of updated asset objects reloaded before import = 0
Number of asset objects unloaded after import = 0
========================================================================
Received Import Request.
  Time of request: 2026-08-04T17:31:20.7503235Z
  Time since last request: 0.0003606 seconds.
  importAddress: GUID: 056819c66570ca54cadb72330a354050 - Path: Packages/com.unity.ugui/Editor/TMP/PropertyDrawers/TMP_SpriteGlyphPropertyDrawer.cs - Importer: ScriptedImporter/UnityEditor.QuickSearchModule:UnityEditor.Search:ASIAI0B
Importing 'GUID: 056819c66570ca54cadb72330a354050 - Path: Packages/com.unity.ugui/Editor/TMP/PropertyDrawers/TMP_SpriteGlyphPropertyDrawer.cs - Importer: ScriptedImporter/UnityEditor.QuickSearchModule:UnityEditor.Search:ASIAI0B' with importer (ScriptedImporter : UnityEditor.QuickSearchModule:UnityEditor.Search:ASIAI0B)
Imported 'GUID: 056819c66570ca54cadb72330a354050' -> (Import Result ID: '7151d1da8093a45fb5b495bfe949bd3f') in 0.002 seconds [static and dynamic dependencies]. Details - ImportResultOutputID=2624f1e405c57dc1c7ae84db32c4883a DependenciesID=fbfaa521b71c9b1ee9e3b1f7ff586d93 StaticDependenciesID=70e20afd2b0052e25f466b65af690d4b 
Number of updated asset objects reloaded before import = 0
Number of asset objects unloaded after import = 0
========================================================================
Received Import Request.
  Time of request: 2026-08-04T17:31:20.7597909Z
  Time since last request: 0.0002457 seconds.
  importAddress: GUID: bc98484caab3b6d4facbcff38be93380 - Path: Packages/com.unity.ugui/Editor/UGUI/UI/SliderEditor.cs - Importer: ScriptedImporter/UnityEditor.QuickSearchModule:UnityEditor.Search:ASIAI0B
Importing 'GUID: bc98484caab3b6d4facbcff38be93380 - Path: Packages/com.unity.ugui/Editor/UGUI/UI/SliderEditor.cs - Importer: ScriptedImporter/UnityEditor.QuickSearchModule:UnityEditor.Search:ASIAI0B' with importer (ScriptedImporter : UnityEditor.QuickSearchModule:UnityEditor.Search:ASIAI0B)
Imported 'GUID: bc98484caab3b6d4facbcff38be93380' -> (Import Result ID: '9d4699327fee1550651b0f11e2fcbee0') in 0.002 seconds [static and dynamic dependencies]. Details - ImportResultOutputID=4f9c9b4edca1c148fc2d718eaac398c7 DependenciesID=79da00111781edc9a92f8316ba4ea5ce StaticDependenciesID=10f2a52846d2b5fbb628b7573fcb3ee5 
Number of updated asset objects reloaded before import = 0
Number of asset objects unloaded after import = 0
========================================================================
Received Import Request.
  Time of request: 2026-08-04T17:31:20.7686218Z
  Time since last request: 0.0002612 seconds.
  importAddress: GUID: 623c79a1e113b4941afdbfc88d19e8fd - Path: Packages/com.unity.ugui/Runtime/UGUI/EventSystem/ExecuteEvents.cs - Importer: ScriptedImporter/UnityEditor.QuickSearchModule:UnityEditor.Search:ASIAI0B
Importing 'GUID: 623c79a1e113b4941afdbfc88d19e8fd - Path: Packages/com.unity.ugui/Runtime/UGUI/EventSystem/ExecuteEvents.cs - Importer: ScriptedImporter/UnityEditor.QuickSearchModule:UnityEditor.Search:ASIAI0B' with importer (ScriptedImporter : UnityEditor.QuickSearchModule:UnityEditor.Search:ASIAI0B)
Imported 'GUID: 623c79a1e113b4941afdbfc88d19e8fd' -> (Import Result ID: 'fe3be8b6af39c1068d4fa51c73ab87d8') in 0.003 seconds [static and dynamic dependencies]. Details - ImportResultOutputID=d13f248a448563da3cbf80a51a18b6bd DependenciesID=2595abd7f677c908fefcbe81e2a15507 StaticDependenciesID=3918626ea0ad9a0c3dd50f9b6365293a 
Number of updated asset objects reloaded before import = 0
Number of asset objects unloaded after import = 0
========================================================================
Received Import Request.
  Time of request: 2026-08-04T17:31:20.780104Z
  Time since last request: 0.0001733 seconds.
  importAddress: GUID: 6f72aa6eab9392548b9e9d92eb6b2ef8 - Path: Packages/com.unity.ugui/Editor/UGUI/EventSystem/EventSystemEditor.cs - Importer: ScriptedImporter/UnityEditor.QuickSearchModule:UnityEditor.Search:ASIAI0B
Importing 'GUID: 6f72aa6eab9392548b9e9d92eb6b2ef8 - Path: Packages/com.unity.ugui/Editor/UGUI/EventSystem/EventSystemEditor.cs - Importer: ScriptedImporter/UnityEditor.QuickSearchModule:UnityEditor.Search:ASIAI0B' with importer (ScriptedImporter : UnityEditor.QuickSearchModule:UnityEditor.Search:ASIAI0B)
Imported 'GUID: 6f72aa6eab9392548b9e9d92eb6b2ef8' -> (Import Result ID: '6f739bac6f0e885233b50527946958c4') in 0.002 seconds [static and dynamic dependencies]. Details - ImportResultOutputID=f4780d03f8e94c1e7a651fdb5b30232b DependenciesID=37f35f5a8f72f404362d07df4f057cf7 StaticDependenciesID=56688beacff288eafe50927f19e0b8cc 
Number of updated asset objects reloaded before import = 0
Number of asset objects unloaded after import = 0
========================================================================
Received Import Request.
  Time of request: 2026-08-04T17:31:20.7894599Z
  Time since last request: 0.0001992 seconds.
  importAddress: GUID: f700f31b2e40d7f4bb69753fdbbbc2b5 - Path: Packages/com.unity.ugui/Editor/UGUI/UI/ScrollbarEditor.cs - Importer: ScriptedImporter/UnityEditor.QuickSearchModule:UnityEditor.Search:ASIAI0B
Importing 'GUID: f700f31b2e40d7f4bb69753fdbbbc2b5 - Path: Packages/com.unity.ugui/Editor/UGUI/UI/ScrollbarEditor.cs - Importer: ScriptedImporter/UnityEditor.QuickSearchModule:UnityEditor.Search:ASIAI0B' with importer (ScriptedImporter : UnityEditor.QuickSearchModule:UnityEditor.Search:ASIAI0B)
Imported 'GUID: f700f31b2e40d7f4bb69753fdbbbc2b5' -> (Import Result ID: 'b4886c26e22ed0fe5ad4228e96b27cb1') in 0.002 seconds [static and dynamic dependencies]. Details - ImportResultOutputID=e5aed7d056aa8a267ea3157091b8363f DependenciesID=2e69f4ca6693786e24b5d22f518af8f7 StaticDependenciesID=4b979546ef78a9ca9fdf7428ba3fae34 
Number of updated asset objects reloaded before import = 0
Number of asset objects unloaded after import = 0
========================================================================
Received Import Request.
  Time of request: 2026-08-04T17:31:20.7983543Z
  Time since last request: 0.0001808 seconds.
  importAddress: GUID: dcf00682bef4d264d84a5c92c8f5a40f - Path: Packages/com.unity.ugui/Editor/UGUI/UI/SelfControllerEditor.cs - Importer: ScriptedImporter/UnityEditor.QuickSearchModule:UnityEditor.Search:ASIAI0B
Importing 'GUID: dcf00682bef4d264d84a5c92c8f5a40f - Path: Packages/com.unity.ugui/Editor/UGUI/UI/SelfControllerEditor.cs - Importer: ScriptedImporter/UnityEditor.QuickSearchModule:UnityEditor.Search:ASIAI0B' with importer (ScriptedImporter : UnityEditor.QuickSearchModule:UnityEditor.Search:ASIAI0B)
Imported 'GUID: dcf00682bef4d264d84a5c92c8f5a40f' -> (Import Result ID: '27dd85472eae4717cc00ab6ff8338f3e') in 0.002 seconds [static and dynamic dependencies]. Details - ImportResultOutputID=85be93669b516dd8b3e209fe5c1eb4b8 DependenciesID=4c69fdd9d6a04ff5c2a8001da283221d StaticDependenciesID=3621196363e35522d083b43a1075d609 
Number of updated asset objects reloaded before import = 0
Number of asset objects unloaded after import = 0
========================================================================
Received Import Request.
  Time of request: 2026-08-04T17:31:20.8073444Z
  Time since last request: 0.0002574 seconds.
  importAddress: GUID: 899b803b32ce548918778bacc0a950f0 - Path: Packages/com.unity.ugui/Editor/UGUI/UI/CanvasGroupEditor.cs - Importer: ScriptedImporter/UnityEditor.QuickSearchModule:UnityEditor.Search:ASIAI0B
Importing 'GUID: 899b803b32ce548918778bacc0a950f0 - Path: Packages/com.unity.ugui/Editor/UGUI/UI/CanvasGroupEditor.cs - Importer: ScriptedImporter/UnityEditor.QuickSearchModule:UnityEditor.Search:ASIAI0B' with importer (ScriptedImporter : UnityEditor.QuickSearchModule:UnityEditor.Search:ASIAI0B)
Imported 'GUID: 899b803b32ce548918778bacc0a950f0' -> (Import Result ID: '802964681a634a0bff3adb32a07f13b7') in 0.002 seconds [static and dynamic dependencies]. Details - ImportResultOutputID=8297126ad5160779b525a945c6d72d3c DependenciesID=ea21820dff9fc69911dfe76df606345f StaticDependenciesID=196c7eb9f04f9d8d5c96a47d745dad04 
Number of updated asset objects reloaded before import = 0
Number of asset objects unloaded after import = 0
========================================================================
Received Import Request.
  Time of request: 2026-08-04T17:31:20.8238343Z
  Time since last request: 0.0081 seconds.
  importAddress: GUID: 1344c3c82d62a2a41a3576d8abb8e3ea - Path: Packages/com.unity.ugui/Runtime/UGUI/UI/Core/RawImage.cs - Importer: ScriptedImporter/UnityEditor.QuickSearchModule:UnityEditor.Search:ASIAI0B
Importing 'GUID: 1344c3c82d62a2a41a3576d8abb8e3ea - Path: Packages/com.unity.ugui/Runtime/UGUI/UI/Core/RawImage.cs - Importer: ScriptedImporter/UnityEditor.QuickSearchModule:UnityEditor.Search:ASIAI0B' with importer (ScriptedImporter : UnityEditor.QuickSearchModule:UnityEditor.Search:ASIAI0B)
Imported 'GUID: 1344c3c82d62a2a41a3576d8abb8e3ea' -> (Import Result ID: 'f0f6419b854af2970c70b2b1907f9d63') in 0.002 seconds [static and dynamic dependencies]. Details - ImportResultOutputID=eae26c0d10ee693b6445741e89fc2b6b DependenciesID=718d3ef7ee6770ce2a3c578c28aa57cd StaticDependenciesID=3a384030820719d4120dbab5321532b2 
Number of updated asset objects reloaded before import = 0
Number of asset objects unloaded after import = 0
========================================================================
Received Import Request.
  Time of request: 2026-08-04T17:31:20.8332747Z
  Time since last request: 0.0005625 seconds.
  importAddress: GUID: 61d491d99e9292c4a81d7d01a74781ea - Path: Packages/com.unity.ugui/Runtime/UGUI/UI/Core/Navigation.cs - Importer: ScriptedImporter/UnityEditor.QuickSearchModule:UnityEditor.Search:ASIAI0B
Importing 'GUID: 61d491d99e9292c4a81d7d01a74781ea - Path: Packages/com.unity.ugui/Runtime/UGUI/UI/Core/Navigation.cs - Importer: ScriptedImporter/UnityEditor.QuickSearchModule:UnityEditor.Search:ASIAI0B' with importer (ScriptedImporter : UnityEditor.QuickSearchModule:UnityEditor.Search:ASIAI0B)
Imported 'GUID: 61d491d99e9292c4a81d7d01a74781ea' -> (Import Result ID: 'f89b6575ca2ac67a4074c822d630432e') in 0.002 seconds [static and dynamic dependencies]. Details - ImportResultOutputID=366b21b48957b4f0913d55147f40857d DependenciesID=eca30c4658e89d7d8459915e2cdb9180 StaticDependenciesID=e0fdb5e1296322da5a5e5fc0a1fbab85 
Number of updated asset objects reloaded before import = 0
Number of asset objects unloaded after import = 0
========================================================================
Received Import Request.
  Time of request: 2026-08-04T17:31:20.8424656Z
  Time since last request: 0.0002714 seconds.
  importAddress: GUID: ba923e2b58fea044bb1f8839376a1118 - Path: Packages/com.unity.ugui/Runtime/UGUI/EventSystem/UIElements/UIToolkitInteroperabilityBridge.cs - Importer: ScriptedImporter/UnityEditor.QuickSearchModule:UnityEditor.Search:ASIAI0B
Importing 'GUID: ba923e2b58fea044bb1f8839376a1118 - Path: Packages/com.unity.ugui/Runtime/UGUI/EventSystem/UIElements/UIToolkitInteroperabilityBridge.cs - Importer: ScriptedImporter/UnityEditor.QuickSearchModule:UnityEditor.Search:ASIAI0B' with importer (ScriptedImporter : UnityEditor.QuickSearchModule:UnityEditor.Search:ASIAI0B)
Imported 'GUID: ba923e2b58fea044bb1f8839376a1118' -> (Import Result ID: '762a716064e4be35a1d1f6f0614e05aa') in 0.002 seconds [static and dynamic dependencies]. Details - ImportResultOutputID=bb36e2f8276a9db12a783d889392d21d DependenciesID=09707be2230813da4c35ffe409ed2eb2 StaticDependenciesID=36f1b3c0706f54aa6d58ec10524e24f5 
Number of updated asset objects reloaded before import = 0
Number of asset objects unloaded after import = 0
========================================================================
Received Import Request.
  Time of request: 2026-08-04T17:31:20.85229Z
  Time since last request: 0.0001936 seconds.
  importAddress: GUID: 6370fe1d392924d45b0cfd255bf60d2a - Path: Packages/com.unity.ugui/Tests/Editor/Common/VersionTests.cs - Importer: ScriptedImporter/UnityEditor.QuickSearchModule:UnityEditor.Search:ASIAI0B
Importing 'GUID: 6370fe1d392924d45b0cfd255bf60d2a - Path: Packages/com.unity.ugui/Tests/Editor/Common/VersionTests.cs - Importer: ScriptedImporter/UnityEditor.QuickSearchModule:UnityEditor.Search:ASIAI0B' with importer (ScriptedImporter : UnityEditor.QuickSearchModule:UnityEditor.Search:ASIAI0B)
Imported 'GUID: 6370fe1d392924d45b0cfd255bf60d2a' -> (Import Result ID: 'f291e2005581dc13f647060491855c95') in 0.003 seconds [static and dynamic dependencies]. Details - ImportResultOutputID=9fff79e03531c5aa07153375ec8361c4 DependenciesID=1a56b496f712ca688b5b5614d969abca StaticDependenciesID=d788d6feb9a410a5f41199aadf1c2e05 
Number of updated asset objects reloaded before import = 0
Number of asset objects unloaded after import = 0
========================================================================
Received Import Request.
  Time of request: 2026-08-04T17:31:20.8642916Z
  Time since last request: 0.0002029 seconds.
  importAddress: GUID: b180fd8310805e44dbbef545d0231418 - Path: Packages/com.unity.ugui/Runtime/UGUI/EventSystem/EventData/AxisEventData.cs - Importer: ScriptedImporter/UnityEditor.QuickSearchModule:UnityEditor.Search:ASIAI0B
Importing 'GUID: b180fd8310805e44dbbef545d0231418 - Path: Packages/com.unity.ugui/Runtime/UGUI/EventSystem/EventData/AxisEventData.cs - Importer: ScriptedImporter/UnityEditor.QuickSearchModule:UnityEditor.Search:ASIAI0B' with importer (ScriptedImporter : UnityEditor.QuickSearchModule:UnityEditor.Search:ASIAI0B)
Imported 'GUID: b180fd8310805e44dbbef545d0231418' -> (Import Result ID: 'f06e5c3b21ff5891e25744503998c66c') in 0.002 seconds [static and dynamic dependencies]. Details - ImportResultOutputID=469775ef9cd7a35e2e00cdb82fa05985 DependenciesID=e1bbb1955d3a28c50a613024b18ccfbc StaticDependenciesID=cd43821e8e20a8cf77e168d3a01ca57c 
Number of updated asset objects reloaded before import = 0
Number of asset objects unloaded after import = 0
========================================================================
Received Import Request.
  Time of request: 2026-08-04T17:31:20.8730987Z
  Time since last request: 0.000238 seconds.
  importAddress: GUID: c18288a8d31fc9043a807ee8a9f1ae64 - Path: Packages/com.unity.ugui/Editor/UGUI/UI/PropertyDrawers/AnimationTriggersDrawer.cs - Importer: ScriptedImporter/UnityEditor.QuickSearchModule:UnityEditor.Search:ASIAI0B
Importing 'GUID: c18288a8d31fc9043a807ee8a9f1ae64 - Path: Packages/com.unity.ugui/Editor/UGUI/UI/PropertyDrawers/AnimationTriggersDrawer.cs - Importer: ScriptedImporter/UnityEditor.QuickSearchModule:UnityEditor.Search:ASIAI0B' with importer (ScriptedImporter : UnityEditor.QuickSearchModule:UnityEditor.Search:ASIAI0B)
Imported 'GUID: c18288a8d31fc9043a807ee8a9f1ae64' -> (Import Result ID: '2510033192ed3dba39f3fce4e4d194d5') in 0.002 seconds [static and dynamic dependencies]. Details - ImportResultOutputID=e56cfcd21b509ac1596634425926c7d9 DependenciesID=4add4fb1c879df71dc5988cf9bd5687e StaticDependenciesID=199168fb2e94b567df2da19fd325f696 
Number of updated asset objects reloaded before import = 0
Number of asset objects unloaded after import = 0
========================================================================
Received Import Request.
  Time of request: 2026-08-04T17:31:20.8825146Z
  Time since last request: 0.0002912 seconds.
  importAddress: GUID: 56666c5a40171f54783dd416a44f42bf - Path: Packages/com.unity.ugui/Runtime/UGUI/EventSystem/Raycasters/Physics2DRaycaster.cs - Importer: ScriptedImporter/UnityEditor.QuickSearchModule:UnityEditor.Search:ASIAI0B
Importing 'GUID: 56666c5a40171f54783dd416a44f42bf - Path: Packages/com.unity.ugui/Runtime/UGUI/EventSystem/Raycasters/Physics2DRaycaster.cs - Importer: ScriptedImporter/UnityEditor.QuickSearchModule:UnityEditor.Search:ASIAI0B' with importer (ScriptedImporter : UnityEditor.QuickSearchModule:UnityEditor.Search:ASIAI0B)
Imported 'GUID: 56666c5a40171f54783dd416a44f42bf' -> (Import Result ID: '78f922052b100c0a13080d4a327c2359') in 0.003 seconds [static and dynamic dependencies]. Details - ImportResultOutputID=e2c93de41827d9cd7c1154df01cab643 DependenciesID=891d8607578e51c8c3787e447bb4cb9f StaticDependenciesID=1d78a8a1c3a95510318bdb5de917aec7 
Number of updated asset objects reloaded before import = 0
Number of asset objects unloaded after import = 0
========================================================================
Received Import Request.
  Time of request: 2026-08-04T17:31:20.8948761Z
  Time since last request: 0.0002407 seconds.
  importAddress: GUID: 91f495459b6e34f419ac123740d798b1 - Path: Packages/com.unity.ugui/Runtime/UGUI/EventSystem/EventData/BaseEventData.cs - Importer: ScriptedImporter/UnityEditor.QuickSearchModule:UnityEditor.Search:ASIAI0B
Importing 'GUID: 91f495459b6e34f419ac123740d798b1 - Path: Packages/com.unity.ugui/Runtime/UGUI/EventSystem/EventData/BaseEventData.cs - Importer: ScriptedImporter/UnityEditor.QuickSearchModule:UnityEditor.Search:ASIAI0B' with importer (ScriptedImporter : UnityEditor.QuickSearchModule:UnityEditor.Search:ASIAI0B)
Imported 'GUID: 91f495459b6e34f419ac123740d798b1' -> (Import Result ID: '19d30e6adb3feb497815f2bba8fd7f2b') in 0.002 seconds [static and dynamic dependencies]. Details - ImportResultOutputID=503f7826a3662b401f5d148338fce1d1 DependenciesID=0f4a605507ec718790bcc4a1d0af4519 StaticDependenciesID=631605fa409ae4235b9b3471d11f6295 
Number of updated asset objects reloaded before import = 0
Number of asset objects unloaded after import = 0
========================================================================
Received Import Request.
  Time of request: 2026-08-04T17:31:20.9047693Z
  Time since last request: 0.0002522 seconds.
  importAddress: GUID: a6238e9452bfc704f82ff36791fe1a45 - Path: Packages/com.unity.ugui/Runtime/UGUI/UI/Core/Graphic.cs - Importer: ScriptedImporter/UnityEditor.QuickSearchModule:UnityEditor.Search:ASIAI0B
Importing 'GUID: a6238e9452bfc704f82ff36791fe1a45 - Path: Packages/com.unity.ugui/Runtime/UGUI/UI/Core/Graphic.cs - Importer: ScriptedImporter/UnityEditor.QuickSearchModule:UnityEditor.Search:ASIAI0B' with importer (ScriptedImporter : UnityEditor.QuickSearchModule:UnityEditor.Search:ASIAI0B)
Imported 'GUID: a6238e9452bfc704f82ff36791fe1a45' -> (Import Result ID: 'e224dae6ae7fff07ee7dcb053e5ca9c8') in 0.003 seconds [static and dynamic dependencies]. Details - ImportResultOutputID=cd49a1c65d6dd30d8495855d1a290e77 DependenciesID=b1fa325905d3d21e49e789bbbbb27384 StaticDependenciesID=bb7c1922013923fe4ef79536fd45747b 
Number of updated asset objects reloaded before import = 0
Number of asset objects unloaded after import = 0
========================================================================
Received Import Request.
  Time of request: 2026-08-04T17:31:20.9147756Z
  Time since last request: 0.000273 seconds.
  importAddress: GUID: 1ea10891dd782154ca0fb67bce9e6f72 - Path: Packages/com.unity.ugui/Runtime/UGUI/EventSystem/InputModules/BaseInputModule.cs - Importer: ScriptedImporter/UnityEditor.QuickSearchModule:UnityEditor.Search:ASIAI0B
Importing 'GUID: 1ea10891dd782154ca0fb67bce9e6f72 - Path: Packages/com.unity.ugui/Runtime/UGUI/EventSystem/InputModules/BaseInputModule.cs - Importer: ScriptedImporter/UnityEditor.QuickSearchModule:UnityEditor.Search:ASIAI0B' with importer (ScriptedImporter : UnityEditor.QuickSearchModule:UnityEditor.Search:ASIAI0B)
Imported 'GUID: 1ea10891dd782154ca0fb67bce9e6f72' -> (Import Result ID: '354c406354221140e7747611635909df') in 0.002 seconds [static and dynamic dependencies]. Details - ImportResultOutputID=07745428e90580c5cf305269d6ae577f DependenciesID=0ec9b530aa374761e9f08a0a2aad5c95 StaticDependenciesID=f81c49be633efa3814688772ace49245 
Number of updated asset objects reloaded before import = 0
Number of asset objects unloaded after import = 0
========================================================================
Received Import Request.
  Time of request: 2026-08-04T17:31:20.9233211Z
  Time since last request: 0.0002864 seconds.
  importAddress: GUID: 83088ba2132cbc940b7ca0c679a02b0d - Path: Packages/com.unity.ugui/Runtime/UGUI/UI/Core/ColorBlock.cs - Importer: ScriptedImporter/UnityEditor.QuickSearchModule:UnityEditor.Search:ASIAI0B
Importing 'GUID: 83088ba2132cbc940b7ca0c679a02b0d - Path: Packages/com.unity.ugui/Runtime/UGUI/UI/Core/ColorBlock.cs - Importer: ScriptedImporter/UnityEditor.QuickSearchModule:UnityEditor.Search:ASIAI0B' with importer (ScriptedImporter : UnityEditor.QuickSearchModule:UnityEditor.Search:ASIAI0B)
Imported 'GUID: 83088ba2132cbc940b7ca0c679a02b0d' -> (Import Result ID: '55c03c67c82f53ff3f4f8e2f3688b17c') in 0.002 seconds [static and dynamic dependencies]. Details - ImportResultOutputID=b55dbc3b25a9f30c5a27bdbf45584962 DependenciesID=a6b5ba6e95d282d9aebec637325b4b4c StaticDependenciesID=01446f0e466c2afbe6d4285919497eda 
Number of updated asset objects reloaded before import = 0
Number of asset objects unloaded after import = 0
========================================================================
Received Import Request.
  Time of request: 2026-08-04T17:31:20.9325025Z
  Time since last request: 0.0002562 seconds.
  importAddress: GUID: 2d49b7c1bcd2e07499844da127be038d - Path: Packages/com.unity.ugui/Runtime/UGUI/EventSystem/InputModules/TouchInputModule.cs - Importer: ScriptedImporter/UnityEditor.QuickSearchModule:UnityEditor.Search:ASIAI0B
Importing 'GUID: 2d49b7c1bcd2e07499844da127be038d - Path: Packages/com.unity.ugui/Runtime/UGUI/EventSystem/InputModules/TouchInputModule.cs - Importer: ScriptedImporter/UnityEditor.QuickSearchModule:UnityEditor.Search:ASIAI0B' with importer (ScriptedImporter : UnityEditor.QuickSearchModule:UnityEditor.Search:ASIAI0B)
Imported 'GUID: 2d49b7c1bcd2e07499844da127be038d' -> (Import Result ID: 'b5e66877a14db6c1445e249b9b06db97') in 0.002 seconds [static and dynamic dependencies]. Details - ImportResultOutputID=7eb57e75254e7182dee719f8e6ee1f54 DependenciesID=356b353650a9325bbd33a3c224029014 StaticDependenciesID=4854f96a2d318bae08cb8b7bfc857cac 
Number of updated asset objects reloaded before import = 0
Number of asset objects unloaded after import = 0
========================================================================
Received Import Request.
  Time of request: 2026-08-04T17:31:20.9574055Z
  Time since last request: 0.0160332 seconds.
  importAddress: GUID: 4402dcee6e9969549bf5b33f11533208 - Path: Packages/com.unity.ugui/Tests/Editor/UGUI/RectMask2D/RectMask2DCulling.cs - Importer: ScriptedImporter/UnityEditor.QuickSearchModule:UnityEditor.Search:ASIAI0B
Importing 'GUID: 4402dcee6e9969549bf5b33f11533208 - Path: Packages/com.unity.ugui/Tests/Editor/UGUI/RectMask2D/RectMask2DCulling.cs - Importer: ScriptedImporter/UnityEditor.QuickSearchModule:UnityEditor.Search:ASIAI0B' with importer (ScriptedImporter : UnityEditor.QuickSearchModule:UnityEditor.Search:ASIAI0B)
Imported 'GUID: 4402dcee6e9969549bf5b33f11533208' -> (Import Result ID: '9b1a94782dfe06aecb4fa550cac1e46e') in 0.002 seconds [static and dynamic dependencies]. Details - ImportResultOutputID=d43ad18c5ac7de92ffe4e1518fccc3c0 DependenciesID=c96662a4bd7a9fe070aae1a82d5dc7d9 StaticDependenciesID=3ba1efb29753ab4c36fbcebe37c57504 
Number of updated asset objects reloaded before import = 0
Number of asset objects unloaded after import = 0
========================================================================
Received Import Request.
  Time of request: 2026-08-04T17:31:20.9665775Z
  Time since last request: 0.0002752 seconds.
  importAddress: GUID: 1aa08ab6e0800fa44ae55d278d1423e3 - Path: Packages/com.unity.ugui/Runtime/UGUI/UI/Core/ScrollRect.cs - Importer: ScriptedImporter/UnityEditor.QuickSearchModule:UnityEditor.Search:ASIAI0B
Importing 'GUID: 1aa08ab6e0800fa44ae55d278d1423e3 - Path: Packages/com.unity.ugui/Runtime/UGUI/UI/Core/ScrollRect.cs - Importer: ScriptedImporter/UnityEditor.QuickSearchModule:UnityEditor.Search:ASIAI0B' with importer (ScriptedImporter : UnityEditor.QuickSearchModule:UnityEditor.Search:ASIAI0B)
Imported 'GUID: 1aa08ab6e0800fa44ae55d278d1423e3' -> (Import Result ID: 'c113c9cc774291a6e05824fa1759816d') in 0.002 seconds [static and dynamic dependencies]. Details - ImportResultOutputID=eff458efc5f883d221712fef51d01b7f DependenciesID=4d2598b6d62f9ab6d0f9e9494f84fea1 StaticDependenciesID=2c7b8076d3f55b5e70286203db0a0507 
Number of updated asset objects reloaded before import = 0
Number of asset objects unloaded after import = 0
========================================================================
Received Import Request.
  Time of request: 2026-08-04T17:31:20.976556Z
  Time since last request: 0.0004881 seconds.
  importAddress: GUID: 2aff4fada0516c64a8537a20bfe1b699 - Path: Packages/com.unity.ugui/Tests/Editor/UGUI/EventSystem/InterceptedEventsPreviewTests.cs - Importer: ScriptedImporter/UnityEditor.QuickSearchModule:UnityEditor.Search:ASIAI0B
Importing 'GUID: 2aff4fada0516c64a8537a20bfe1b699 - Path: Packages/com.unity.ugui/Tests/Editor/UGUI/EventSystem/InterceptedEventsPreviewTests.cs - Importer: ScriptedImporter/UnityEditor.QuickSearchModule:UnityEditor.Search:ASIAI0B' with importer (ScriptedImporter : UnityEditor.QuickSearchModule:UnityEditor.Search:ASIAI0B)
Imported 'GUID: 2aff4fada0516c64a8537a20bfe1b699' -> (Import Result ID: '82023e9bbd9bbae75e71098c59316807') in 0.002 seconds [static and dynamic dependencies]. Details - ImportResultOutputID=2ca3daa26c26261f1fe28fec545953c4 DependenciesID=3cb47dc14005b69356e8646e2f302746 StaticDependenciesID=8d9a7ad882f95fb0731b5b44c3be9e5a 
Number of updated asset objects reloaded before import = 0
Number of asset objects unloaded after import = 0
========================================================================
Received Import Request.
  Time of request: 2026-08-04T17:31:20.9858265Z
  Time since last request: 0.0003852 seconds.
  importAddress: GUID: 4f5ed95515938d14189b094f8654d0bd - Path: Packages/com.unity.ugui/Tests/Runtime/UGUI/Button/TestButton.cs - Importer: ScriptedImporter/UnityEditor.QuickSearchModule:UnityEditor.Search:ASIAI0B
Importing 'GUID: 4f5ed95515938d14189b094f8654d0bd - Path: Packages/com.unity.ugui/Tests/Runtime/UGUI/Button/TestButton.cs - Importer: ScriptedImporter/UnityEditor.QuickSearchModule:UnityEditor.Search:ASIAI0B' with importer (ScriptedImporter : UnityEditor.QuickSearchModule:UnityEditor.Search:ASIAI0B)
Imported 'GUID: 4f5ed95515938d14189b094f8654d0bd' -> (Import Result ID: 'fafbf289f5b68dfa9241f9e22ceaab97') in 0.002 seconds [static and dynamic dependencies]. Details - ImportResultOutputID=56a30d44fc3af5e0cff983913f93c593 DependenciesID=8a218af2d522d556980d58ffcef9813e StaticDependenciesID=d18e63c06ff6fd1fe465feb385d4e492 
Number of updated asset objects reloaded before import = 0
Number of asset objects unloaded after import = 0
========================================================================
Received Import Request.
  Time of request: 2026-08-04T17:31:20.996853Z
  Time since last request: 0.0002904 seconds.
  importAddress: GUID: 5f7201a12d95ffc409449d95f23cf332 - Path: Packages/com.unity.ugui/Runtime/UGUI/UI/Core/Text.cs - Importer: ScriptedImporter/UnityEditor.QuickSearchModule:UnityEditor.Search:ASIAI0B
Importing 'GUID: 5f7201a12d95ffc409449d95f23cf332 - Path: Packages/com.unity.ugui/Runtime/UGUI/UI/Core/Text.cs - Importer: ScriptedImporter/UnityEditor.QuickSearchModule:UnityEditor.Search:ASIAI0B' with importer (ScriptedImporter : UnityEditor.QuickSearchModule:UnityEditor.Search:ASIAI0B)
Imported 'GUID: 5f7201a12d95ffc409449d95f23cf332' -> (Import Result ID: '8350a9fe3e3723d38b686eefa399bda9') in 0.002 seconds [static and dynamic dependencies]. Details - ImportResultOutputID=481e5fae06e387bfe3852142395c1056 DependenciesID=f00c42a54402a8ce5e1930c17cf31caa StaticDependenciesID=335d3359c3cb76cdde9f6ec90c7a37fa 
Number of updated asset objects reloaded before import = 0
Number of asset objects unloaded after import = 0
========================================================================
Received Import Request.
  Time of request: 2026-08-04T17:31:21.0051956Z
  Time since last request: 0.0002065 seconds.
  importAddress: GUID: db339ef553721e94999125c0b9f909dc - Path: Packages/com.unity.ugui/Tests/Runtime/UGUI/Canvas/CreateSceneUtility.cs - Importer: ScriptedImporter/UnityEditor.QuickSearchModule:UnityEditor.Search:ASIAI0B
Importing 'GUID: db339ef553721e94999125c0b9f909dc - Path: Packages/com.unity.ugui/Tests/Runtime/UGUI/Canvas/CreateSceneUtility.cs - Importer: ScriptedImporter/UnityEditor.QuickSearchModule:UnityEditor.Search:ASIAI0B' with importer (ScriptedImporter : UnityEditor.QuickSearchModule:UnityEditor.Search:ASIAI0B)
Imported 'GUID: db339ef553721e94999125c0b9f909dc' -> (Import Result ID: 'd29cb50e810ddb58c5d74e84d91cb4aa') in 0.002 seconds [static and dynamic dependencies]. Details - ImportResultOutputID=a1d3a57de1ad805fe8bd55f36331e07b DependenciesID=4ac339232e286a84cc4fb3599a568ea6 StaticDependenciesID=04597721d1ff68dd630138156f05f24d 
Number of updated asset objects reloaded before import = 0
Number of asset objects unloaded after import = 0
========================================================================
Received Import Request.
  Time of request: 2026-08-04T17:31:21.0155842Z
  Time since last request: 0.0002565 seconds.
  importAddress: GUID: 9085046f02f69544eb97fd06b6048fe2 - Path: Packages/com.unity.ugui/Runtime/UGUI/UI/Core/Toggle.cs - Importer: ScriptedImporter/UnityEditor.QuickSearchModule:UnityEditor.Search:ASIAI0B
Importing 'GUID: 9085046f02f69544eb97fd06b6048fe2 - Path: Packages/com.unity.ugui/Runtime/UGUI/UI/Core/Toggle.cs - Importer: ScriptedImporter/UnityEditor.QuickSearchModule:UnityEditor.Search:ASIAI0B' with importer (ScriptedImporter : UnityEditor.QuickSearchModule:UnityEditor.Search:ASIAI0B)
Imported 'GUID: 9085046f02f69544eb97fd06b6048fe2' -> (Import Result ID: 'e9fb75d7445c7a8f9ad794866bb46256') in 0.002 seconds [static and dynamic dependencies]. Details - ImportResultOutputID=8063e074c859eff80403ac214acef7f2 DependenciesID=f1161c5fd00c8d02e8d27de290a8a64f StaticDependenciesID=d52475160b1b50b024efc2cb9f5cab75 
Number of updated asset objects reloaded before import = 0
Number of asset objects unloaded after import = 0
========================================================================
Received Import Request.
  Time of request: 2026-08-04T17:31:21.0243702Z
  Time since last request: 0.0003167 seconds.
  importAddress: GUID: c825bad77a42dd341a8f0a5ef9cd5f4c - Path: Packages/com.unity.ugui/Tests/Editor/UGUI/CanvasRenderer/ChangingHierarchyOfCanvasRenderer.cs - Importer: ScriptedImporter/UnityEditor.QuickSearchModule:UnityEditor.Search:ASIAI0B
Importing 'GUID: c825bad77a42dd341a8f0a5ef9cd5f4c - Path: Packages/com.unity.ugui/Tests/Editor/UGUI/CanvasRenderer/ChangingHierarchyOfCanvasRenderer.cs - Importer: ScriptedImporter/UnityEditor.QuickSearchModule:UnityEditor.Search:ASIAI0B' with importer (ScriptedImporter : UnityEditor.QuickSearchModule:UnityEditor.Search:ASIAI0B)
Imported 'GUID: c825bad77a42dd341a8f0a5ef9cd5f4c' -> (Import Result ID: '0fbd8a8a14e20725736a6266ecc13084') in 0.002 seconds [static and dynamic dependencies]. Details - ImportResultOutputID=20f38f5cd6c050e53148fa9210ff18d2 DependenciesID=de576ab196f59f930d68431a19f8f7ec StaticDependenciesID=63438caedb74a036659815e1e1e4f039 
Number of updated asset objects reloaded before import = 0
Number of asset objects unloaded after import = 0
========================================================================
Received Import Request.
  Time of request: 2026-08-04T17:31:21.0350608Z
  Time since last request: 0.000212 seconds.
  importAddress: GUID: 03fb1af6e1585964a8d5c2437a191324 - Path: Packages/com.unity.ugui/Tests/Editor/UGUI/EventSystem/InputModuleTests.cs - Importer: ScriptedImporter/UnityEditor.QuickSearchModule:UnityEditor.Search:ASIAI0B
Importing 'GUID: 03fb1af6e1585964a8d5c2437a191324 - Path: Packages/com.unity.ugui/Tests/Editor/UGUI/EventSystem/InputModuleTests.cs - Importer: ScriptedImporter/UnityEditor.QuickSearchModule:UnityEditor.Search:ASIAI0B' with importer (ScriptedImporter : UnityEditor.QuickSearchModule:UnityEditor.Search:ASIAI0B)
Imported 'GUID: 03fb1af6e1585964a8d5c2437a191324' -> (Import Result ID: '7d315293b48ca73a4a270a2c54f987c7') in 0.002 seconds [static and dynamic dependencies]. Details - ImportResultOutputID=17270e98a4b71d3d2a667091a6a3907c DependenciesID=baef7e8f0598e63b2efe5999d0e2b952 StaticDependenciesID=1614a0c05efb2dabc8b4d9c8bf0cb984 
Number of updated asset objects reloaded before import = 0
Number of asset objects unloaded after import = 0
========================================================================
Received Import Request.
  Time of request: 2026-08-04T17:31:21.0464413Z
  Time since last request: 0.000292 seconds.
  importAddress: GUID: 373b4c78c0396334288fa5ff8e7b7350 - Path: Packages/com.unity.ugui/Tests/Editor/UGUI/Slider/SliderRectReferences.cs - Importer: ScriptedImporter/UnityEditor.QuickSearchModule:UnityEditor.Search:ASIAI0B
Importing 'GUID: 373b4c78c0396334288fa5ff8e7b7350 - Path: Packages/com.unity.ugui/Tests/Editor/UGUI/Slider/SliderRectReferences.cs - Importer: ScriptedImporter/UnityEditor.QuickSearchModule:UnityEditor.Search:ASIAI0B' with importer (ScriptedImporter : UnityEditor.QuickSearchModule:UnityEditor.Search:ASIAI0B)
Imported 'GUID: 373b4c78c0396334288fa5ff8e7b7350' -> (Import Result ID: '6ff636806848b098488af187b7ffb96d') in 0.002 seconds [static and dynamic dependencies]. Details - ImportResultOutputID=af9d184ac072cf61ab892bbc3e1d1003 DependenciesID=a698ced0688f6fc9e70f3c6f88bc3482 StaticDependenciesID=123ab2a05e44463518425352e5200f3f 
Number of updated asset objects reloaded before import = 0
Number of asset objects unloaded after import = 0
========================================================================
Received Import Request.
  Time of request: 2026-08-04T17:31:21.0562266Z
  Time since last request: 0.0002611 seconds.
  importAddress: GUID: 9353b7d498b954a06ae1228982925d0b - Path: Packages/com.unity.ugui/Runtime/UGUI/UI/Core/RaycastReceiver.cs - Importer: ScriptedImporter/UnityEditor.QuickSearchModule:UnityEditor.Search:ASIAI0B
Importing 'GUID: 9353b7d498b954a06ae1228982925d0b - Path: Packages/com.unity.ugui/Runtime/UGUI/UI/Core/RaycastReceiver.cs - Importer: ScriptedImporter/UnityEditor.QuickSearchModule:UnityEditor.Search:ASIAI0B' with importer (ScriptedImporter : UnityEditor.QuickSearchModule:UnityEditor.Search:ASIAI0B)
Imported 'GUID: 9353b7d498b954a06ae1228982925d0b' -> (Import Result ID: 'b9a233dcdc6d28b5d099a516337ff59b') in 0.002 seconds [static and dynamic dependencies]. Details - ImportResultOutputID=3fece5a63be985d4d5002f6ae483e909 DependenciesID=0e375bd5addaeab72e673760a895a106 StaticDependenciesID=3d8e7643646f5590b93c3fe89d9f1ea2 
Number of updated asset objects reloaded before import = 0
Number of asset objects unloaded after import = 0
========================================================================
Received Import Request.
  Time of request: 2026-08-04T17:31:21.0650054Z
  Time since last request: 0.0002137 seconds.
  importAddress: GUID: 6fac6d65d2fb7472d94e95ddb8b8798c - Path: Packages/com.unity.ugui/Tests/Runtime/UGUI/CanvasRenderer/CanvasRendererTests.cs - Importer: ScriptedImporter/UnityEditor.QuickSearchModule:UnityEditor.Search:ASIAI0B
Importing 'GUID: 6fac6d65d2fb7472d94e95ddb8b8798c - Path: Packages/com.unity.ugui/Tests/Runtime/UGUI/CanvasRenderer/CanvasRendererTests.cs - Importer: ScriptedImporter/UnityEditor.QuickSearchModule:UnityEditor.Search:ASIAI0B' with importer (ScriptedImporter : UnityEditor.QuickSearchModule:UnityEditor.Search:ASIAI0B)
Imported 'GUID: 6fac6d65d2fb7472d94e95ddb8b8798c' -> (Import Result ID: '66947a1544fa8d4e8e52582209025e92') in 0.002 seconds [static and dynamic dependencies]. Details - ImportResultOutputID=135d5d4b1c252cddfc81dc5b0f5a574d DependenciesID=e1de0d018b39638d2cb2ed95beebdcb6 StaticDependenciesID=1ef69256e47de3aeeb3693a0006a0b3d 
Number of updated asset objects reloaded before import = 0
Number of asset objects unloaded after import = 0
========================================================================
Received Import Request.
  Time of request: 2026-08-04T17:31:21.0876444Z
  Time since last request: 0.0138896 seconds.
  importAddress: GUID: 3245ec927659c4140ac4f8d17403cc18 - Path: Packages/com.unity.ugui/Runtime/UGUI/UI/Core/Layout/ContentSizeFitter.cs - Importer: ScriptedImporter/UnityEditor.QuickSearchModule:UnityEditor.Search:ASIAI0B
Importing 'GUID: 3245ec927659c4140ac4f8d17403cc18 - Path: Packages/com.unity.ugui/Runtime/UGUI/UI/Core/Layout/ContentSizeFitter.cs - Importer: ScriptedImporter/UnityEditor.QuickSearchModule:UnityEditor.Search:ASIAI0B' with importer (ScriptedImporter : UnityEditor.QuickSearchModule:UnityEditor.Search:ASIAI0B)
Imported 'GUID: 3245ec927659c4140ac4f8d17403cc18' -> (Import Result ID: '2ee6fc0bd3dc1f9ad20fb1683cd4763c') in 0.002 seconds [static and dynamic dependencies]. Details - ImportResultOutputID=4968123403b3ea37501d6f560b4e1dd0 DependenciesID=f92d7c44edad474dcedef4b92a6590fd StaticDependenciesID=eccae4ff61df65337c0730791db4dd6e 
Number of updated asset objects reloaded before import = 0
Number of asset objects unloaded after import = 0
========================================================================
Received Import Request.
  Time of request: 2026-08-04T17:31:21.097394Z
  Time since last request: 0.000303 seconds.
  importAddress: GUID: e19747de3f5aca642ab2be37e372fb86 - Path: Packages/com.unity.ugui/Runtime/UGUI/UI/Core/VertexModifiers/Outline.cs - Importer: ScriptedImporter/UnityEditor.QuickSearchModule:UnityEditor.Search:ASIAI0B
Importing 'GUID: e19747de3f5aca642ab2be37e372fb86 - Path: Packages/com.unity.ugui/Runtime/UGUI/UI/Core/VertexModifiers/Outline.cs - Importer: ScriptedImporter/UnityEditor.QuickSearchModule:UnityEditor.Search:ASIAI0B' with importer (ScriptedImporter : UnityEditor.QuickSearchModule:UnityEditor.Search:ASIAI0B)
Imported 'GUID: e19747de3f5aca642ab2be37e372fb86' -> (Import Result ID: 'f45f05b8a9e88e6fbdd7c45e58b26027') in 0.003 seconds [static and dynamic dependencies]. Details - ImportResultOutputID=5492b8ccd2606242add3ff23e61e8373 DependenciesID=fc6db719f08ea0cfa178bd46f6d56fd3 StaticDependenciesID=db6df5c4857b856e9d11770b27afa839 
Number of updated asset objects reloaded before import = 0
Number of asset objects unloaded after import = 0
========================================================================
Received Import Request.
  Time of request: 2026-08-04T17:31:21.1098956Z
  Time since last request: 0.0002395 seconds.
  importAddress: GUID: 7883cd788d83a71478342eef943e8150 - Path: Packages/com.unity.ugui/Tests/Runtime/UGUI/ScrollRect/ScrollRectStableLayout.cs - Importer: ScriptedImporter/UnityEditor.QuickSearchModule:UnityEditor.Search:ASIAI0B
Importing 'GUID: 7883cd788d83a71478342eef943e8150 - Path: Packages/com.unity.ugui/Tests/Runtime/UGUI/ScrollRect/ScrollRectStableLayout.cs - Importer: ScriptedImporter/UnityEditor.QuickSearchModule:UnityEditor.Search:ASIAI0B' with importer (ScriptedImporter : UnityEditor.QuickSearchModule:UnityEditor.Search:ASIAI0B)
Imported 'GUID: 7883cd788d83a71478342eef943e8150' -> (Import Result ID: '2adc4e70fe9ad66dfb6767c16d363545') in 0.002 seconds [static and dynamic dependencies]. Details - ImportResultOutputID=39315b373c5b4b0ceca49814a5ec0040 DependenciesID=8286918253871cdf4915158c80e31a9b StaticDependenciesID=9f6a3a79f59f0cf04c0333f9bef5a2a8 
Number of updated asset objects reloaded before import = 0
Number of asset objects unloaded after import = 0
========================================================================
Received Import Request.
  Time of request: 2026-08-04T17:31:21.1188594Z
  Time since last request: 0.000206 seconds.
  importAddress: GUID: fcae021c30eccf74790a4e816ba97c19 - Path: Packages/com.unity.ugui/Runtime/UGUI/UI/Core/Utility/ReflectionMethodsCache.cs - Importer: ScriptedImporter/UnityEditor.QuickSearchModule:UnityEditor.Search:ASIAI0B
Importing 'GUID: fcae021c30eccf74790a4e816ba97c19 - Path: Packages/com.unity.ugui/Runtime/UGUI/UI/Core/Utility/ReflectionMethodsCache.cs - Importer: ScriptedImporter/UnityEditor.QuickSearchModule:UnityEditor.Search:ASIAI0B' with importer (ScriptedImporter : UnityEditor.QuickSearchModule:UnityEditor.Search:ASIAI0B)
Imported 'GUID: fcae021c30eccf74790a4e816ba97c19' -> (Import Result ID: '32fa1f70fb86fdd68a04cac144383f5e') in 0.002 seconds [static and dynamic dependencies]. Details - ImportResultOutputID=8a9f7bda609866e16b6da9a3079e9ff0 DependenciesID=82d0fa9c19d306ec5e82e36e632385f4 StaticDependenciesID=69fd69fc150009c3ae564a895565a70c 
Number of updated asset objects reloaded before import = 0
Number of asset objects unloaded after import = 0
========================================================================
Received Import Request.
  Time of request: 2026-08-04T17:31:21.1275485Z
  Time since last request: 0.0002462 seconds.
  importAddress: GUID: 30649d3a9faa99c48a7b1166b86bf2a0 - Path: Packages/com.unity.ugui/Runtime/UGUI/UI/Core/Layout/HorizontalLayoutGroup.cs - Importer: ScriptedImporter/UnityEditor.QuickSearchModule:UnityEditor.Search:ASIAI0B
Importing 'GUID: 30649d3a9faa99c48a7b1166b86bf2a0 - Path: Packages/com.unity.ugui/Runtime/UGUI/UI/Core/Layout/HorizontalLayoutGroup.cs - Importer: ScriptedImporter/UnityEditor.QuickSearchModule:UnityEditor.Search:ASIAI0B' with importer (ScriptedImporter : UnityEditor.QuickSearchModule:UnityEditor.Search:ASIAI0B)
Imported 'GUID: 30649d3a9faa99c48a7b1166b86bf2a0' -> (Import Result ID: '70a491cf9c5d9413257536e23b398ce8') in 0.002 seconds [static and dynamic dependencies]. Details - ImportResultOutputID=319ae8c23ffbf0dad6be6523e3db7563 DependenciesID=00b5b5c2c84c084714da8c39c1bc0881 StaticDependenciesID=977dd959f095d0ab0157c3da6e21fc81 
Number of updated asset objects reloaded before import = 0
Number of asset objects unloaded after import = 0
========================================================================
Received Import Request.
  Time of request: 2026-08-04T17:31:21.1361477Z
  Time since last request: 0.0003127 seconds.
  importAddress: GUID: 589533fb2413e3e4fba7df13a6a75bf2 - Path: Packages/com.unity.ugui/Tests/Runtime/UGUI/Layout/LayoutGroupScaling.cs - Importer: ScriptedImporter/UnityEditor.QuickSearchModule:UnityEditor.Search:ASIAI0B
Importing 'GUID: 589533fb2413e3e4fba7df13a6a75bf2 - Path: Packages/com.unity.ugui/Tests/Runtime/UGUI/Layout/LayoutGroupScaling.cs - Importer: ScriptedImporter/UnityEditor.QuickSearchModule:UnityEditor.Search:ASIAI0B' with importer (ScriptedImporter : UnityEditor.QuickSearchModule:UnityEditor.Search:ASIAI0B)
Imported 'GUID: 589533fb2413e3e4fba7df13a6a75bf2' -> (Import Result ID: '8544dfa0c258c6b6007f4263cd35f42f') in 0.002 seconds [static and dynamic dependencies]. Details - ImportResultOutputID=580e66b9c07a4b5e4526ea07579e7eff DependenciesID=244db625fc27dcfcbe8a4ace64323c85 StaticDependenciesID=1b3986b628cfd01917e84a640ccb2d75 
Number of updated asset objects reloaded before import = 0
Number of asset objects unloaded after import = 0
========================================================================
Received Import Request.
  Time of request: 2026-08-04T17:31:21.1450421Z
  Time since last request: 0.0002782 seconds.
  importAddress: GUID: 8a4b6301a5afaec4cb87d21383ceb0b3 - Path: Packages/com.unity.ugui/Tests/Runtime/UGUI/Layout/VerticalLayoutGroupTests.cs - Importer: ScriptedImporter/UnityEditor.QuickSearchModule:UnityEditor.Search:ASIAI0B
Importing 'GUID: 8a4b6301a5afaec4cb87d21383ceb0b3 - Path: Packages/com.unity.ugui/Tests/Runtime/UGUI/Layout/VerticalLayoutGroupTests.cs - Importer: ScriptedImporter/UnityEditor.QuickSearchModule:UnityEditor.Search:ASIAI0B' with importer (ScriptedImporter : UnityEditor.QuickSearchModule:UnityEditor.Search:ASIAI0B)
Imported 'GUID: 8a4b6301a5afaec4cb87d21383ceb0b3' -> (Import Result ID: '29c0173e9c6adef9778c8fd479f4e4bb') in 0.002 seconds [static and dynamic dependencies]. Details - ImportResultOutputID=e4fa8404080c9307abdeb8917e81e7ca DependenciesID=e59b49e5fbf63fcee35d53e12a4404d2 StaticDependenciesID=9e99e60f0a57b8223f27cd9503c1e94c 
Number of updated asset objects reloaded before import = 0
Number of asset objects unloaded after import = 0
========================================================================
Received Import Request.
  Time of request: 2026-08-04T17:31:21.1545617Z
  Time since last request: 0.0002626 seconds.
  importAddress: GUID: 24c3e990929f942f9a53e298ba7caddf - Path: Packages/com.unity.ugui/Tests/Runtime/UGUI/RaycastReceiver/RaycastReceiverTests.cs - Importer: ScriptedImporter/UnityEditor.QuickSearchModule:UnityEditor.Search:ASIAI0B
Importing 'GUID: 24c3e990929f942f9a53e298ba7caddf - Path: Packages/com.unity.ugui/Tests/Runtime/UGUI/RaycastReceiver/RaycastReceiverTests.cs - Importer: ScriptedImporter/UnityEditor.QuickSearchModule:UnityEditor.Search:ASIAI0B' with importer (ScriptedImporter : UnityEditor.QuickSearchModule:UnityEditor.Search:ASIAI0B)
Imported 'GUID: 24c3e990929f942f9a53e298ba7caddf' -> (Import Result ID: '67402b5b4d1d66d6c2d4a01f08dfda8e') in 0.002 seconds [static and dynamic dependencies]. Details - ImportResultOutputID=ca2f2a02798b701b30d9486f507f2d56 DependenciesID=68d376275cd5da0b51953fb060c3010f StaticDependenciesID=7fe66d1f77dcb25e4a96ac3f3a124861 
Number of updated asset objects reloaded before import = 0
Number of asset objects unloaded after import = 0
========================================================================
Received Import Request.
  Time of request: 2026-08-04T17:31:21.1640496Z
  Time since last request: 0.000253 seconds.
  importAddress: GUID: 371b6b9c8adc50745ace66a6fdf67481 - Path: Packages/com.unity.ugui/Runtime/UGUI/UI/Core/Culling/IClipRegion.cs - Importer: ScriptedImporter/UnityEditor.QuickSearchModule:UnityEditor.Search:ASIAI0B
Importing 'GUID: 371b6b9c8adc50745ace66a6fdf67481 - Path: Packages/com.unity.ugui/Runtime/UGUI/UI/Core/Culling/IClipRegion.cs - Importer: ScriptedImporter/UnityEditor.QuickSearchModule:UnityEditor.Search:ASIAI0B' with importer (ScriptedImporter : UnityEditor.QuickSearchModule:UnityEditor.Search:ASIAI0B)
Imported 'GUID: 371b6b9c8adc50745ace66a6fdf67481' -> (Import Result ID: '8fd8b635ec0ebbec0ef96ddf6964f753') in 0.002 seconds [static and dynamic dependencies]. Details - ImportResultOutputID=bc32d75b9bfaa7c3cab841bc45d3e715 DependenciesID=6603776d36625ea74cd015011c340c74 StaticDependenciesID=5ca0faef312109de8f6d1eb5d0049316 
Number of updated asset objects reloaded before import = 0
Number of asset objects unloaded after import = 0
========================================================================
Received Import Request.
  Time of request: 2026-08-04T17:31:21.1736578Z
  Time since last request: 0.0003442 seconds.
  importAddress: GUID: c459424081436584c8cec10767f9ac38 - Path: Packages/com.unity.ugui/Runtime/UGUI/UI/Core/Utility/VertexHelper.cs - Importer: ScriptedImporter/UnityEditor.QuickSearchModule:UnityEditor.Search:ASIAI0B
Importing 'GUID: c459424081436584c8cec10767f9ac38 - Path: Packages/com.unity.ugui/Runtime/UGUI/UI/Core/Utility/VertexHelper.cs - Importer: ScriptedImporter/UnityEditor.QuickSearchModule:UnityEditor.Search:ASIAI0B' with importer (ScriptedImporter : UnityEditor.QuickSearchModule:UnityEditor.Search:ASIAI0B)
Imported 'GUID: c459424081436584c8cec10767f9ac38' -> (Import Result ID: 'd668072294a4a1ebcefe40431da95290') in 0.002 seconds [static and dynamic dependencies]. Details - ImportResultOutputID=bf383e498c8294db23ef3c12a02d200a DependenciesID=25ce8985209b02f907d45bcc71b37704 StaticDependenciesID=06fa237f637227612e6f37d14654e448 
Number of updated asset objects reloaded before import = 0
Number of asset objects unloaded after import = 0
========================================================================
Received Import Request.
  Time of request: 2026-08-04T17:31:21.1829218Z
  Time since last request: 0.0003046 seconds.
  importAddress: GUID: 006633c8a6f4ae94aa9babf72234e1a2 - Path: Packages/com.unity.ugui/Runtime/UGUI/UI/Core/Layout/LayoutRebuilder.cs - Importer: ScriptedImporter/UnityEditor.QuickSearchModule:UnityEditor.Search:ASIAI0B
Importing 'GUID: 006633c8a6f4ae94aa9babf72234e1a2 - Path: Packages/com.unity.ugui/Runtime/UGUI/UI/Core/Layout/LayoutRebuilder.cs - Importer: ScriptedImporter/UnityEditor.QuickSearchModule:UnityEditor.Search:ASIAI0B' with importer (ScriptedImporter : UnityEditor.QuickSearchModule:UnityEditor.Search:ASIAI0B)
Imported 'GUID: 006633c8a6f4ae94aa9babf72234e1a2' -> (Import Result ID: '8563075b1b55e922aedee7d1cb8528d8') in 0.002 seconds [static and dynamic dependencies]. Details - ImportResultOutputID=f12137534cc5c14a36cf0c0df03cf506 DependenciesID=6d0efaa732e59cd9a3574ede241e97ff StaticDependenciesID=04f751e879d22da18878ca6678d0dc01 
Number of updated asset objects reloaded before import = 0
Number of asset objects unloaded after import = 0
========================================================================
Received Import Request.
  Time of request: 2026-08-04T17:31:21.1918392Z
  Time since last request: 0.0002864 seconds.
  importAddress: GUID: e1b0ab339722791498cc804831a17ad3 - Path: Packages/com.unity.ugui/Tests/Runtime/UGUI/InputField/DesktopInputFieldTests.cs - Importer: ScriptedImporter/UnityEditor.QuickSearchModule:UnityEditor.Search:ASIAI0B
Importing 'GUID: e1b0ab339722791498cc804831a17ad3 - Path: Packages/com.unity.ugui/Tests/Runtime/UGUI/InputField/DesktopInputFieldTests.cs - Importer: ScriptedImporter/UnityEditor.QuickSearchModule:UnityEditor.Search:ASIAI0B' with importer (ScriptedImporter : UnityEditor.QuickSearchModule:UnityEditor.Search:ASIAI0B)
Imported 'GUID: e1b0ab339722791498cc804831a17ad3' -> (Import Result ID: 'b70842c819e1d07d517d6de34ba62063') in 0.002 seconds [static and dynamic dependencies]. Details - ImportResultOutputID=297798c92f31cf74488f8c8b6cbab7e4 DependenciesID=2a5b0e117453463070033d8991acac2d StaticDependenciesID=892e9f7b0fa254c07e8ed77b872c867f 
Number of updated asset objects reloaded before import = 0
Number of asset objects unloaded after import = 0
========================================================================
Received Import Request.
  Time of request: 2026-08-04T17:31:21.2010687Z
  Time since last request: 0.0002248 seconds.
  importAddress: GUID: 01df650e1b86e9f4a8e2b5dc9782506f - Path: Packages/com.unity.ugui/Tests/Runtime/UGUI/NestedLayout/SceneWithNestedLayoutElementsLoads.cs - Importer: ScriptedImporter/UnityEditor.QuickSearchModule:UnityEditor.Search:ASIAI0B
Importing 'GUID: 01df650e1b86e9f4a8e2b5dc9782506f - Path: Packages/com.unity.ugui/Tests/Runtime/UGUI/NestedLayout/SceneWithNestedLayoutElementsLoads.cs - Importer: ScriptedImporter/UnityEditor.QuickSearchModule:UnityEditor.Search:ASIAI0B' with importer (ScriptedImporter : UnityEditor.QuickSearchModule:UnityEditor.Search:ASIAI0B)
Imported 'GUID: 01df650e1b86e9f4a8e2b5dc9782506f' -> (Import Result ID: '6bf820cf5a3776666eb0057b4bd7191f') in 0.003 seconds [static and dynamic dependencies]. Details - ImportResultOutputID=2ed5bd7779823c4636e8425cb8faa446 DependenciesID=b43c7f297f4e0907578d6291f60fadb3 StaticDependenciesID=8de9bb5d53a863f584738ac03ac9788e 
Number of updated asset objects reloaded before import = 0
Number of asset objects unloaded after import = 0
========================================================================
Received Import Request.
  Time of request: 2026-08-04T17:31:21.2197435Z
  Time since last request: 0.0072266 seconds.
  importAddress: GUID: 5823667af4bd5fd489bc1a1c24cad9d6 - Path: Packages/com.unity.collections/Unity.Collections/NativeHashSet.cs - Importer: ScriptedImporter/UnityEditor.QuickSearchModule:UnityEditor.Search:ASIAI0B
Importing 'GUID: 5823667af4bd5fd489bc1a1c24cad9d6 - Path: Packages/com.unity.collections/Unity.Collections/NativeHashSet.cs - Importer: ScriptedImporter/UnityEditor.QuickSearchModule:UnityEditor.Search:ASIAI0B' with importer (ScriptedImporter : UnityEditor.QuickSearchModule:UnityEditor.Search:ASIAI0B)
Imported 'GUID: 5823667af4bd5fd489bc1a1c24cad9d6' -> (Import Result ID: '93146122876b93b5cd284a345684a6b0') in 0.002 seconds [static and dynamic dependencies]. Details - ImportResultOutputID=ef61b3388a7430ec238501e8c796eda1 DependenciesID=c07cc9a1b5890bd55d66cbe34074805a StaticDependenciesID=e77f01e90d43d7a5813bd38e52d4d2ea 
Number of updated asset objects reloaded before import = 0
Number of asset objects unloaded after import = 0
========================================================================
Received Import Request.
  Time of request: 2026-08-04T17:31:21.2288828Z
  Time since last request: 0.0002349 seconds.
  importAddress: GUID: f16da17e34bf5f149a196c3f6b32e37f - Path: Packages/com.unity.collections/Unity.Collections/FixedList.tt - Importer: ScriptedImporter/UnityEditor.QuickSearchModule:UnityEditor.Search:ASIAI0B
Importing 'GUID: f16da17e34bf5f149a196c3f6b32e37f - Path: Packages/com.unity.collections/Unity.Collections/FixedList.tt - Importer: ScriptedImporter/UnityEditor.QuickSearchModule:UnityEditor.Search:ASIAI0B' with importer (ScriptedImporter : UnityEditor.QuickSearchModule:UnityEditor.Search:ASIAI0B)
Imported 'GUID: f16da17e34bf5f149a196c3f6b32e37f' -> (Import Result ID: '38c5332ee4fd81fa5eeffdae7cb94037') in 0.002 seconds [static and dynamic dependencies]. Details - ImportResultOutputID=9f36ea34897f5edf3326524f9ad14b63 DependenciesID=cc382db2e1763d24d860fdd9afbb8336 StaticDependenciesID=6e8108462e51ab22c917a51f30075e4a 
Number of updated asset objects reloaded before import = 0
Number of asset objects unloaded after import = 1
========================================================================
Received Import Request.
  Time of request: 2026-08-04T17:31:21.2383895Z
  Time since last request: 0.0002201 seconds.
  importAddress: GUID: 433d3b96b2a40a5479d3d7d8495882ed - Path: Packages/com.unity.ugui/Tests/Editor/UGUI/UI/PropertyDrawers/PropertyDrawerTests.cs - Importer: ScriptedImporter/UnityEditor.QuickSearchModule:UnityEditor.Search:ASIAI0B
Importing 'GUID: 433d3b96b2a40a5479d3d7d8495882ed - Path: Packages/com.unity.ugui/Tests/Editor/UGUI/UI/PropertyDrawers/PropertyDrawerTests.cs - Importer: ScriptedImporter/UnityEditor.QuickSearchModule:UnityEditor.Search:ASIAI0B' with importer (ScriptedImporter : UnityEditor.QuickSearchModule:UnityEditor.Search:ASIAI0B)
Imported 'GUID: 433d3b96b2a40a5479d3d7d8495882ed' -> (Import Result ID: '3910a3ea8940c65e8f59c41a86c2dbe5') in 0.003 seconds [static and dynamic dependencies]. Details - ImportResultOutputID=f3c9d2e7f1d9685a4fd4ff57e8688b41 DependenciesID=a5a6efc433d7404b5dabb9c302c84aa5 StaticDependenciesID=5dac6d4ca37fef46609984ffc7215b9b 
Number of updated asset objects reloaded before import = 0
Number of asset objects unloaded after import = 0
========================================================================
Received Import Request.
  Time of request: 2026-08-04T17:31:21.2485689Z
  Time since last request: 0.0002069 seconds.
  importAddress: GUID: 76c82729ad712f14bae1a8a279c52ac3 - Path: Packages/com.unity.ugui/Tests/Runtime/UGUI/EventSystem/InputModuleTests/DragCallbackCheck.cs - Importer: ScriptedImporter/UnityEditor.QuickSearchModule:UnityEditor.Search:ASIAI0B
Importing 'GUID: 76c82729ad712f14bae1a8a279c52ac3 - Path: Packages/com.unity.ugui/Tests/Runtime/UGUI/EventSystem/InputModuleTests/DragCallbackCheck.cs - Importer: ScriptedImporter/UnityEditor.QuickSearchModule:UnityEditor.Search:ASIAI0B' with importer (ScriptedImporter : UnityEditor.QuickSearchModule:UnityEditor.Search:ASIAI0B)
Imported 'GUID: 76c82729ad712f14bae1a8a279c52ac3' -> (Import Result ID: '4e6219d098a5f4fef3d27fc93868bfb7') in 0.002 seconds [static and dynamic dependencies]. Details - ImportResultOutputID=c0e4df3e695233393d65772e35c116c7 DependenciesID=bb4fa6bc04d8c66771d2dca1db5cc206 StaticDependenciesID=beb4d6982885dc5ca16fd1b1c82c452f 
Number of updated asset objects reloaded before import = 0
Number of asset objects unloaded after import = 0
========================================================================
Received Import Request.
  Time of request: 2026-08-04T17:31:21.2575161Z
  Time since last request: 0.0002645 seconds.
  importAddress: GUID: 8172d9c91a2b64bca91bb78a3a3d4552 - Path: Packages/com.unity.collections/Unity.Collections/FixedStringUtils.cs - Importer: ScriptedImporter/UnityEditor.QuickSearchModule:UnityEditor.Search:ASIAI0B
Importing 'GUID: 8172d9c91a2b64bca91bb78a3a3d4552 - Path: Packages/com.unity.collections/Unity.Collections/FixedStringUtils.cs - Importer: ScriptedImporter/UnityEditor.QuickSearchModule:UnityEditor.Search:ASIAI0B' with importer (ScriptedImporter : UnityEditor.QuickSearchModule:UnityEditor.Search:ASIAI0B)
Imported 'GUID: 8172d9c91a2b64bca91bb78a3a3d4552' -> (Import Result ID: 'd49e775d8c85ab5e7973ad3ffb7c87d9') in 0.002 seconds [static and dynamic dependencies]. Details - ImportResultOutputID=3548d5f45cafcea300933fb774774331 DependenciesID=556a887eeca8b80bb11706fa2258f234 StaticDependenciesID=ba73d9320a1bb7769d2735dd7cd0c1e0 
Number of updated asset objects reloaded before import = 0
Number of asset objects unloaded after import = 0
========================================================================
Received Import Request.
  Time of request: 2026-08-04T17:31:21.2666044Z
  Time since last request: 0.0002136 seconds.
  importAddress: GUID: 6901d664ec07a214cab08cbd83ca8deb - Path: Packages/com.unity.collections/Unity.Collections/CollectionHelper.cs - Importer: ScriptedImporter/UnityEditor.QuickSearchModule:UnityEditor.Search:ASIAI0B
Importing 'GUID: 6901d664ec07a214cab08cbd83ca8deb - Path: Packages/com.unity.collections/Unity.Collections/CollectionHelper.cs - Importer: ScriptedImporter/UnityEditor.QuickSearchModule:UnityEditor.Search:ASIAI0B' with importer (ScriptedImporter : UnityEditor.QuickSearchModule:UnityEditor.Search:ASIAI0B)
Imported 'GUID: 6901d664ec07a214cab08cbd83ca8deb' -> (Import Result ID: 'd6fbc958adc0cbae6d273f23e3c2398b') in 0.002 seconds [static and dynamic dependencies]. Details - ImportResultOutputID=b86d69b3fc257f01289c12f3d765849e DependenciesID=4f8568f11901281bdfaa1e9800e92f33 StaticDependenciesID=6599a950fdeb299903877bca356649ae 
Number of updated asset objects reloaded before import = 0
Number of asset objects unloaded after import = 0
========================================================================
Received Import Request.
  Time of request: 2026-08-04T17:31:21.2754062Z
  Time since last request: 0.0002428 seconds.
  importAddress: GUID: fd7af7f776a94a2d8333d503666dc904 - Path: Packages/com.unity.collections/Unity.Collections/DataStreamReader.cs - Importer: ScriptedImporter/UnityEditor.QuickSearchModule:UnityEditor.Search:ASIAI0B
Importing 'GUID: fd7af7f776a94a2d8333d503666dc904 - Path: Packages/com.unity.collections/Unity.Collections/DataStreamReader.cs - Importer: ScriptedImporter/UnityEditor.QuickSearchModule:UnityEditor.Search:ASIAI0B' with importer (ScriptedImporter : UnityEditor.QuickSearchModule:UnityEditor.Search:ASIAI0B)
Imported 'GUID: fd7af7f776a94a2d8333d503666dc904' -> (Import Result ID: '5bbf3240a26bae986645d67935ddda89') in 0.002 seconds [static and dynamic dependencies]. Details - ImportResultOutputID=8456e748ff1ecdd43330f1346b5dbb87 DependenciesID=57a2b9cff6ab5a062c318157946679a1 StaticDependenciesID=4dff8476eb6e18c685a371137770b7ad 
Number of updated asset objects reloaded before import = 0
Number of asset objects unloaded after import = 0
========================================================================
Received Import Request.
  Time of request: 2026-08-04T17:31:21.2870936Z
  Time since last request: 0.0002882 seconds.
  importAddress: GUID: e4640e45632730349a32c5a1365847e6 - Path: Packages/com.unity.collections/Unity.Collections/NativeBitArray.cs - Importer: ScriptedImporter/UnityEditor.QuickSearchModule:UnityEditor.Search:ASIAI0B
Importing 'GUID: e4640e45632730349a32c5a1365847e6 - Path: Packages/com.unity.collections/Unity.Collections/NativeBitArray.cs - Importer: ScriptedImporter/UnityEditor.QuickSearchModule:UnityEditor.Search:ASIAI0B' with importer (ScriptedImporter : UnityEditor.QuickSearchModule:UnityEditor.Search:ASIAI0B)
Imported 'GUID: e4640e45632730349a32c5a1365847e6' -> (Import Result ID: '9a6ab14a22ab2c69953f5c4c81ab1393') in 0.002 seconds [static and dynamic dependencies]. Details - ImportResultOutputID=7c5ccb47a3148c9e97a4ffa19eee00b3 DependenciesID=5d1fb1893dabfdf6a1480710e7bf7ab6 StaticDependenciesID=8fd4f3d7499b57ad68dd2d285770893f 
Number of updated asset objects reloaded before import = 0
Number of asset objects unloaded after import = 0
========================================================================
Received Import Request.
  Time of request: 2026-08-04T17:31:21.2969069Z
  Time since last request: 0.0003202 seconds.
  importAddress: GUID: 7ef8348b8ea834d7e1bc214b07f7fb87 - Path: Packages/com.unity.modules.animation/package.json - Importer: ScriptedImporter/UnityEditor.QuickSearchModule:UnityEditor.Search:ASIAI0B
Importing 'GUID: 7ef8348b8ea834d7e1bc214b07f7fb87 - Path: Packages/com.unity.modules.animation/package.json - Importer: ScriptedImporter/UnityEditor.QuickSearchModule:UnityEditor.Search:ASIAI0B' with importer (ScriptedImporter : UnityEditor.QuickSearchModule:UnityEditor.Search:ASIAI0B)
Imported 'GUID: 7ef8348b8ea834d7e1bc214b07f7fb87' -> (Import Result ID: 'bf32ca466974801ab8ca755403a30c9d') in 0.002 seconds [static and dynamic dependencies]. Details - ImportResultOutputID=f0ef350b1f1010c30ffb9d5c4d71bfd2 DependenciesID=a014136b11cd2e92e24c6e9d328f4c6d StaticDependenciesID=49eee52c2bb69cfe8a1e82a82ad5adec 
Number of updated asset objects reloaded before import = 0
Number of asset objects unloaded after import = 1
========================================================================
Received Import Request.
  Time of request: 2026-08-04T17:31:21.3074496Z
  Time since last request: 0.0003783 seconds.
  importAddress: GUID: ff34e3b577f44d67b146cc64b598b67d - Path: Packages/com.unity.collections/Unity.Collections/FixedStringMethods.cs - Importer: ScriptedImporter/UnityEditor.QuickSearchModule:UnityEditor.Search:ASIAI0B
Importing 'GUID: ff34e3b577f44d67b146cc64b598b67d - Path: Packages/com.unity.collections/Unity.Collections/FixedStringMethods.cs - Importer: ScriptedImporter/UnityEditor.QuickSearchModule:UnityEditor.Search:ASIAI0B' with importer (ScriptedImporter : UnityEditor.QuickSearchModule:UnityEditor.Search:ASIAI0B)
Imported 'GUID: ff34e3b577f44d67b146cc64b598b67d' -> (Import Result ID: '78fc221c60723b3d63bca9593ded85cc') in 0.002 seconds [static and dynamic dependencies]. Details - ImportResultOutputID=90eec29725ba5856a35b185296f00f97 DependenciesID=880d1c753fbcc88b05bc5acbb37c591e StaticDependenciesID=575e82f416830bd2bf251363e8f10cc1 
Number of updated asset objects reloaded before import = 0
Number of asset objects unloaded after import = 0
========================================================================
Received Import Request.
  Time of request: 2026-08-04T17:31:21.3169229Z
  Time since last request: 0.0002542 seconds.
  importAddress: GUID: cfabb0440166ab443bba8876756fdfa9 - Path: Packages/com.unity.ugui/Runtime/UGUI/UI/Core/VertexModifiers/Shadow.cs - Importer: ScriptedImporter/UnityEditor.QuickSearchModule:UnityEditor.Search:ASIAI0B
Importing 'GUID: cfabb0440166ab443bba8876756fdfa9 - Path: Packages/com.unity.ugui/Runtime/UGUI/UI/Core/VertexModifiers/Shadow.cs - Importer: ScriptedImporter/UnityEditor.QuickSearchModule:UnityEditor.Search:ASIAI0B' with importer (ScriptedImporter : UnityEditor.QuickSearchModule:UnityEditor.Search:ASIAI0B)
Imported 'GUID: cfabb0440166ab443bba8876756fdfa9' -> (Import Result ID: '6abdf7aa5a0d023452106619de81b0aa') in 0.002 seconds [static and dynamic dependencies]. Details - ImportResultOutputID=5fedafd24fdf28ef4facd2424b277727 DependenciesID=652341622f7074c0ba17586d8fdfde9a StaticDependenciesID=1bc9c96ad49a5da353b8266732562996 
Number of updated asset objects reloaded before import = 0
Number of asset objects unloaded after import = 0
========================================================================
Received Import Request.
  Time of request: 2026-08-04T17:31:21.3262439Z
  Time since last request: 0.0002952 seconds.
  importAddress: GUID: 26a4f29db434fd79025c91f6126382cc - Path: Packages/com.unity.modules.unityanalytics/package.json - Importer: ScriptedImporter/UnityEditor.QuickSearchModule:UnityEditor.Search:ASIAI0B
Importing 'GUID: 26a4f29db434fd79025c91f6126382cc - Path: Packages/com.unity.modules.unityanalytics/package.json - Importer: ScriptedImporter/UnityEditor.QuickSearchModule:UnityEditor.Search:ASIAI0B' with importer (ScriptedImporter : UnityEditor.QuickSearchModule:UnityEditor.Search:ASIAI0B)
Imported 'GUID: 26a4f29db434fd79025c91f6126382cc' -> (Import Result ID: '4812471c993495216e5be528fb9415bc') in 0.002 seconds [static and dynamic dependencies]. Details - ImportResultOutputID=18fba3e24769ef7d48b85fa4cbe33ba7 DependenciesID=630091ee35f3f11e8d9abe8cad8b3ea3 StaticDependenciesID=0ee351d5a59e840f14d6becfb44f445b 
Number of updated asset objects reloaded before import = 0
Number of asset objects unloaded after import = 1
========================================================================
Received Import Request.
  Time of request: 2026-08-04T17:31:21.3531168Z
  Time since last request: 0.0167916 seconds.
  importAddress: GUID: 9b544eddbc9bfd24fad9da6ddbe65962 - Path: Packages/com.unity.collections/Unity.Collections.CodeGen/JobsILPostProcessor.cs - Importer: ScriptedImporter/UnityEditor.QuickSearchModule:UnityEditor.Search:ASIAI0B
Importing 'GUID: 9b544eddbc9bfd24fad9da6ddbe65962 - Path: Packages/com.unity.collections/Unity.Collections.CodeGen/JobsILPostProcessor.cs - Importer: ScriptedImporter/UnityEditor.QuickSearchModule:UnityEditor.Search:ASIAI0B' with importer (ScriptedImporter : UnityEditor.QuickSearchModule:UnityEditor.Search:ASIAI0B)
Imported 'GUID: 9b544eddbc9bfd24fad9da6ddbe65962' -> (Import Result ID: '854163481ef605062747013e7d18444a') in 0.002 seconds [static and dynamic dependencies]. Details - ImportResultOutputID=4982b741be1d6b6c89a0c65ec0940eda DependenciesID=9d3f2e12dc55fe6501a4abbd19c8b492 StaticDependenciesID=daf1094c47c6e5c327c784b1ee82c2b7 
Number of updated asset objects reloaded before import = 0
Number of asset objects unloaded after import = 0
========================================================================
Received Import Request.
  Time of request: 2026-08-04T17:31:21.362Z
  Time since last request: 0.0002899 seconds.
  importAddress: GUID: 5225ac49dbd6eb941b91278b59ac4ac0 - Path: Packages/com.unity.collections/Unity.Collections/UnsafeParallelHashMap.cs - Importer: ScriptedImporter/UnityEditor.QuickSearchModule:UnityEditor.Search:ASIAI0B
Importing 'GUID: 5225ac49dbd6eb941b91278b59ac4ac0 - Path: Packages/com.unity.collections/Unity.Collections/UnsafeParallelHashMap.cs - Importer: ScriptedImporter/UnityEditor.QuickSearchModule:UnityEditor.Search:ASIAI0B' with importer (ScriptedImporter : UnityEditor.QuickSearchModule:UnityEditor.Search:ASIAI0B)
Imported 'GUID: 5225ac49dbd6eb941b91278b59ac4ac0' -> (Import Result ID: '8d8c381e376ab448a289ce733bf99502') in 0.002 seconds [static and dynamic dependencies]. Details - ImportResultOutputID=6b5cd23ffb625dfd975ed7c78a26ee48 DependenciesID=3eee26ce7dcdd03f69b4e8a77edc32b1 StaticDependenciesID=06fbc9ee41dea439e1082117d810db8d 
Number of updated asset objects reloaded before import = 0
Number of asset objects unloaded after import = 0
========================================================================
Received Import Request.
  Time of request: 2026-08-04T17:31:21.3707628Z
  Time since last request: 0.0002462 seconds.
  importAddress: GUID: 303e5975f34d18c4d81f25c4af12839a - Path: Packages/com.unity.collections/Unity.Collections.CodeGen/JobReflectionDataPostProcessor.cs - Importer: ScriptedImporter/UnityEditor.QuickSearchModule:UnityEditor.Search:ASIAI0B
Importing 'GUID: 303e5975f34d18c4d81f25c4af12839a - Path: Packages/com.unity.collections/Unity.Collections.CodeGen/JobReflectionDataPostProcessor.cs - Importer: ScriptedImporter/UnityEditor.QuickSearchModule:UnityEditor.Search:ASIAI0B' with importer (ScriptedImporter : UnityEditor.QuickSearchModule:UnityEditor.Search:ASIAI0B)
Imported 'GUID: 303e5975f34d18c4d81f25c4af12839a' -> (Import Result ID: '59220ff5127f9e514b2de38a3332bcd0') in 0.002 seconds [static and dynamic dependencies]. Details - ImportResultOutputID=a6ddfff0951ebfbe9d079e3e2c3475ab DependenciesID=9f451c19de72872e7be78c6a176a6950 StaticDependenciesID=ddd8da261fcdd727c6efa5fd6997439e 
Number of updated asset objects reloaded before import = 0
Number of asset objects unloaded after import = 0
========================================================================
Received Import Request.
  Time of request: 2026-08-04T17:31:21.3802413Z
  Time since last request: 0.0002108 seconds.
  importAddress: GUID: 3e09463226731fa409854248a8059507 - Path: Packages/com.unity.collections/Unity.Collections.CodeGen/CecilExtensionMethods.cs - Importer: ScriptedImporter/UnityEditor.QuickSearchModule:UnityEditor.Search:ASIAI0B
Importing 'GUID: 3e09463226731fa409854248a8059507 - Path: Packages/com.unity.collections/Unity.Collections.CodeGen/CecilExtensionMethods.cs - Importer: ScriptedImporter/UnityEditor.QuickSearchModule:UnityEditor.Search:ASIAI0B' with importer (ScriptedImporter : UnityEditor.QuickSearchModule:UnityEditor.Search:ASIAI0B)
Imported 'GUID: 3e09463226731fa409854248a8059507' -> (Import Result ID: '774c8bd310e272c54fdab912498ff021') in 0.002 seconds [static and dynamic dependencies]. Details - ImportResultOutputID=691a52a3ed2f949a97cb99afaa4b23f9 DependenciesID=dcc4a8a220bbb08c83a9e0f681105808 StaticDependenciesID=ab3e49e9c2d78e1371ab4846a01fc650 
Number of updated asset objects reloaded before import = 0
Number of asset objects unloaded after import = 0
========================================================================
Received Import Request.
  Time of request: 2026-08-04T17:31:21.4001702Z
  Time since last request: 0.0108668 seconds.
  importAddress: GUID: a3b018ffc4586a441a093c4d954a8cf1 - Path: Packages/com.unity.collections/Unity.Collections.Editor/CLILeakDetectionSwitcher.cs - Importer: ScriptedImporter/UnityEditor.QuickSearchModule:UnityEditor.Search:ASIAI0B
Importing 'GUID: a3b018ffc4586a441a093c4d954a8cf1 - Path: Packages/com.unity.collections/Unity.Collections.Editor/CLILeakDetectionSwitcher.cs - Importer: ScriptedImporter/UnityEditor.QuickSearchModule:UnityEditor.Search:ASIAI0B' with importer (ScriptedImporter : UnityEditor.QuickSearchModule:UnityEditor.Search:ASIAI0B)
Imported 'GUID: a3b018ffc4586a441a093c4d954a8cf1' -> (Import Result ID: '187ed793c1a5be319c82a07bdb630570') in 0.002 seconds [static and dynamic dependencies]. Details - ImportResultOutputID=80f21b2b04e5c81c78fb9d9e8897d71e DependenciesID=0e57f8d333060bdfc9a56e8a846b8724 StaticDependenciesID=743828e40cae94ccd174c5949ce91f8d 
Number of updated asset objects reloaded before import = 0
Number of asset objects unloaded after import = 0
========================================================================
Received Import Request.
  Time of request: 2026-08-04T17:31:21.4281998Z
  Time since last request: 0.0168695 seconds.
  importAddress: GUID: d6cb74ab64d3d476393e420d9d74dec4 - Path: Packages/com.unity.collections/Unity.Collections.PerformanceTests/NativeArraySortPerformanceTests.cs - Importer: ScriptedImporter/UnityEditor.QuickSearchModule:UnityEditor.Search:ASIAI0B
Importing 'GUID: d6cb74ab64d3d476393e420d9d74dec4 - Path: Packages/com.unity.collections/Unity.Collections.PerformanceTests/NativeArraySortPerformanceTests.cs - Importer: ScriptedImporter/UnityEditor.QuickSearchModule:UnityEditor.Search:ASIAI0B' with importer (ScriptedImporter : UnityEditor.QuickSearchModule:UnityEditor.Search:ASIAI0B)
Imported 'GUID: d6cb74ab64d3d476393e420d9d74dec4' -> (Import Result ID: '7ad53b2534f6bf5292365f617a56744b') in 0.002 seconds [static and dynamic dependencies]. Details - ImportResultOutputID=2f25f7bcc7c8aa858d78c9d23b77522c DependenciesID=39e477e7f045ccdc96e09ae706ddbab1 StaticDependenciesID=05e1dcc8d39d6e6c0f941ba07c788a15 
Number of updated asset objects reloaded before import = 0
Number of asset objects unloaded after import = 0
========================================================================
Received Import Request.
  Time of request: 2026-08-04T17:31:21.4375234Z
  Time since last request: 0.0002393 seconds.
  importAddress: GUID: 50504580bca9eb0409fcceea1af68eb5 - Path: Packages/com.unity.collections/Unity.Collections/NativeText.tt - Importer: ScriptedImporter/UnityEditor.QuickSearchModule:UnityEditor.Search:ASIAI0B
Importing 'GUID: 50504580bca9eb0409fcceea1af68eb5 - Path: Packages/com.unity.collections/Unity.Collections/NativeText.tt - Importer: ScriptedImporter/UnityEditor.QuickSearchModule:UnityEditor.Search:ASIAI0B' with importer (ScriptedImporter : UnityEditor.QuickSearchModule:UnityEditor.Search:ASIAI0B)
Imported 'GUID: 50504580bca9eb0409fcceea1af68eb5' -> (Import Result ID: 'd2f0cbf75af2d60281b3e783b6c71a84') in 0.002 seconds [static and dynamic dependencies]. Details - ImportResultOutputID=462b6349b3e67279268364e9467ae883 DependenciesID=30ff6f2b2a00a3809c9986cb26104a7a StaticDependenciesID=0399fe8ee64dc11b87469df5cfd14bcc 
Number of updated asset objects reloaded before import = 0
Number of asset objects unloaded after import = 1
========================================================================
Received Import Request.
  Time of request: 2026-08-04T17:31:21.4471606Z
  Time since last request: 0.0003093 seconds.
  importAddress: GUID: 646d50e1f45e86d4ea1fe9bfc488b347 - Path: Packages/com.unity.collections/Unity.Collections.PerformanceTests/ParallelHashMapPerformanceTests.cs - Importer: ScriptedImporter/UnityEditor.QuickSearchModule:UnityEditor.Search:ASIAI0B
Importing 'GUID: 646d50e1f45e86d4ea1fe9bfc488b347 - Path: Packages/com.unity.collections/Unity.Collections.PerformanceTests/ParallelHashMapPerformanceTests.cs - Importer: ScriptedImporter/UnityEditor.QuickSearchModule:UnityEditor.Search:ASIAI0B' with importer (ScriptedImporter : UnityEditor.QuickSearchModule:UnityEditor.Search:ASIAI0B)
Imported 'GUID: 646d50e1f45e86d4ea1fe9bfc488b347' -> (Import Result ID: 'eaa5ee6cb35d79df94b65e1e8a41c40b') in 0.002 seconds [static and dynamic dependencies]. Details - ImportResultOutputID=a074162945b7a07ac520602b6c66966a DependenciesID=d89f78b1705c519d2796757ebc5b4add StaticDependenciesID=0467d7903a1c94f68723ef3a2f3e2c0b 
Number of updated asset objects reloaded before import = 0
Number of asset objects unloaded after import = 0
========================================================================
Received Import Request.
  Time of request: 2026-08-04T17:31:21.4566726Z
  Time since last request: 0.0002676 seconds.
  importAddress: GUID: 89c74bfd36912244585acb77a1268da0 - Path: Packages/com.unity.collections/Unity.Collections.PerformanceTests/HashSetPerformanceTests.cs - Importer: ScriptedImporter/UnityEditor.QuickSearchModule:UnityEditor.Search:ASIAI0B
Importing 'GUID: 89c74bfd36912244585acb77a1268da0 - Path: Packages/com.unity.collections/Unity.Collections.PerformanceTests/HashSetPerformanceTests.cs - Importer: ScriptedImporter/UnityEditor.QuickSearchModule:UnityEditor.Search:ASIAI0B' with importer (ScriptedImporter : UnityEditor.QuickSearchModule:UnityEditor.Search:ASIAI0B)
Imported 'GUID: 89c74bfd36912244585acb77a1268da0' -> (Import Result ID: 'd6cefa2e770363731ae0c9ff635c027a') in 0.002 seconds [static and dynamic dependencies]. Details - ImportResultOutputID=51f9f237a6e316112c06e2b9d6ed2a6d DependenciesID=43e28f14f365f6e0dbbddd61648186fa StaticDependenciesID=2dfa478ebdaa76b28f218c11803459c2 
Number of updated asset objects reloaded before import = 0
Number of asset objects unloaded after import = 0
========================================================================
Received Import Request.
  Time of request: 2026-08-04T17:31:21.4667492Z
  Time since last request: 0.0003937 seconds.
  importAddress: GUID: 2441a179e6971b64cafa56b6418f913a - Path: Packages/com.unity.collections/Unity.Collections/UnsafeParallelHashSet.cs - Importer: ScriptedImporter/UnityEditor.QuickSearchModule:UnityEditor.Search:ASIAI0B
Importing 'GUID: 2441a179e6971b64cafa56b6418f913a - Path: Packages/com.unity.collections/Unity.Collections/UnsafeParallelHashSet.cs - Importer: ScriptedImporter/UnityEditor.QuickSearchModule:UnityEditor.Search:ASIAI0B' with importer (ScriptedImporter : UnityEditor.QuickSearchModule:UnityEditor.Search:ASIAI0B)
Imported 'GUID: 2441a179e6971b64cafa56b6418f913a' -> (Import Result ID: '9d05534707d5d19b91c8e9364c0c4cd1') in 0.002 seconds [static and dynamic dependencies]. Details - ImportResultOutputID=3dbb1f6ceec1192e6771af8e7636005c DependenciesID=9faed58011d5126535f85023cfff67d2 StaticDependenciesID=d35615b1d683efeafe39484c7824141a 
Number of updated asset objects reloaded before import = 0
Number of asset objects unloaded after import = 0
========================================================================
Received Import Request.
  Time of request: 2026-08-04T17:31:21.4779959Z
  Time since last request: 0.0001962 seconds.
  importAddress: GUID: eaa30f8250a44f8f8ec688563a1a36ca - Path: Packages/com.unity.collections/Unity.Collections/xxHash3.cs - Importer: ScriptedImporter/UnityEditor.QuickSearchModule:UnityEditor.Search:ASIAI0B
Importing 'GUID: eaa30f8250a44f8f8ec688563a1a36ca - Path: Packages/com.unity.collections/Unity.Collections/xxHash3.cs - Importer: ScriptedImporter/UnityEditor.QuickSearchModule:UnityEditor.Search:ASIAI0B' with importer (ScriptedImporter : UnityEditor.QuickSearchModule:UnityEditor.Search:ASIAI0B)
Imported 'GUID: eaa30f8250a44f8f8ec688563a1a36ca' -> (Import Result ID: '3893a699323e32f7f41a75c80b1edade') in 0.002 seconds [static and dynamic dependencies]. Details - ImportResultOutputID=68498a0ad79003c94f22ebcdc66a8f1f DependenciesID=b93748aaeb64639886e18c3b0cbeb24b StaticDependenciesID=f2a7c81ed2c297f3a512214651972e78 
Number of updated asset objects reloaded before import = 0
Number of asset objects unloaded after import = 0
========================================================================
Received Import Request.
  Time of request: 2026-08-04T17:31:21.4872007Z
  Time since last request: 0.0002864 seconds.
  importAddress: GUID: cb61590201f644409612b3233df4c9da - Path: Packages/com.unity.collections/Unity.Collections/StreamCompressionModel.cs - Importer: ScriptedImporter/UnityEditor.QuickSearchModule:UnityEditor.Search:ASIAI0B
Importing 'GUID: cb61590201f644409612b3233df4c9da - Path: Packages/com.unity.collections/Unity.Collections/StreamCompressionModel.cs - Importer: ScriptedImporter/UnityEditor.QuickSearchModule:UnityEditor.Search:ASIAI0B' with importer (ScriptedImporter : UnityEditor.QuickSearchModule:UnityEditor.Search:ASIAI0B)
Imported 'GUID: cb61590201f644409612b3233df4c9da' -> (Import Result ID: 'ccecc1d3082c7162fa504840b2bc0bb8') in 0.002 seconds [static and dynamic dependencies]. Details - ImportResultOutputID=a90a6814d29d57ce4cc6e88e60ed7aec DependenciesID=de948193304a2c3c7ec292d4beb1c0d8 StaticDependenciesID=08bbca2183249f22dc13918d86dc9029 
Number of updated asset objects reloaded before import = 0
Number of asset objects unloaded after import = 0
========================================================================
Received Import Request.
  Time of request: 2026-08-04T17:31:21.8586021Z
  Time since last request: 0.3623219 seconds.
  importAddress: GUID: 1cf995a69bb0bd844b0d2a1fa5004d0b - Path: Packages/com.unity.collections/Unity.Collections.PerformanceTests.Internal/AssemblyInfo.cs - Importer: ScriptedImporter/UnityEditor.QuickSearchModule:UnityEditor.Search:ASIAI0B
Importing 'GUID: 1cf995a69bb0bd844b0d2a1fa5004d0b - Path: Packages/com.unity.collections/Unity.Collections.PerformanceTests.Internal/AssemblyInfo.cs - Importer: ScriptedImporter/UnityEditor.QuickSearchModule:UnityEditor.Search:ASIAI0B' with importer (ScriptedImporter : UnityEditor.QuickSearchModule:UnityEditor.Search:ASIAI0B)
Imported 'GUID: 1cf995a69bb0bd844b0d2a1fa5004d0b' -> (Import Result ID: '9480dbf6ddacf36514bfcf9a59f835a0') in 0.002 seconds [static and dynamic dependencies]. Details - ImportResultOutputID=db7c43e3dc3e3aa6bc1eb95be1de4387 DependenciesID=0bc4e8e2566f17234b2e9945f58c6e95 StaticDependenciesID=b5a784141b4d4e60d433dcf3885e3e64 
Number of updated asset objects reloaded before import = 0
Number of asset objects unloaded after import = 0
========================================================================
Received Import Request.
  Time of request: 2026-08-04T17:31:21.868496Z
  Time since last request: 0.0004213 seconds.
  importAddress: GUID: 54ed1315d43524f428aeb6d72cd16cc0 - Path: Packages/com.unity.collections/Unity.Collections.Tests/NativeQueueTests_InJobs.cs - Importer: ScriptedImporter/UnityEditor.QuickSearchModule:UnityEditor.Search:ASIAI0B
Importing 'GUID: 54ed1315d43524f428aeb6d72cd16cc0 - Path: Packages/com.unity.collections/Unity.Collections.Tests/NativeQueueTests_InJobs.cs - Importer: ScriptedImporter/UnityEditor.QuickSearchModule:UnityEditor.Search:ASIAI0B' with importer (ScriptedImporter : UnityEditor.QuickSearchModule:UnityEditor.Search:ASIAI0B)
Imported 'GUID: 54ed1315d43524f428aeb6d72cd16cc0' -> (Import Result ID: '11a035a78d981fc05c91faede69944f1') in 0.003 seconds [static and dynamic dependencies]. Details - ImportResultOutputID=e0cdb15a5d822dbed2315f7c69386c21 DependenciesID=73712166080e17c993e103ebd0e21a4a StaticDependenciesID=5f6fb695c82984dba448bb72d4228343 
Number of updated asset objects reloaded before import = 0
Number of asset objects unloaded after import = 0
========================================================================
Received Import Request.
  Time of request: 2026-08-04T17:31:21.8803057Z
  Time since last request: 0.0001926 seconds.
  importAddress: GUID: 775a8d1badc640e45a6030c3822a83d7 - Path: Packages/com.unity.collections/Unity.Collections.Tests/FixedListTests.tt - Importer: ScriptedImporter/UnityEditor.QuickSearchModule:UnityEditor.Search:ASIAI0B
Importing 'GUID: 775a8d1badc640e45a6030c3822a83d7 - Path: Packages/com.unity.collections/Unity.Collections.Tests/FixedListTests.tt - Importer: ScriptedImporter/UnityEditor.QuickSearchModule:UnityEditor.Search:ASIAI0B' with importer (ScriptedImporter : UnityEditor.QuickSearchModule:UnityEditor.Search:ASIAI0B)
Imported 'GUID: 775a8d1badc640e45a6030c3822a83d7' -> (Import Result ID: '6aad3f7033ce72722465493272909fad') in 0.003 seconds [static and dynamic dependencies]. Details - ImportResultOutputID=b3f5094d96d7c343304efcaec0d8755e DependenciesID=aed77bd538156c0d5834d6dc8661a013 StaticDependenciesID=928cf3ca005dbb6600db48f710841914 
Number of updated asset objects reloaded before import = 0
Number of asset objects unloaded after import = 1
========================================================================
Received Import Request.
  Time of request: 2026-08-04T17:31:21.8928196Z
  Time since last request: 0.0002066 seconds.
  importAddress: GUID: 53aefa1beff7b494badc217b913bb5b0 - Path: Packages/com.unity.collections/Unity.Collections.Tests/NativeHashSetTests.gen.cs - Importer: ScriptedImporter/UnityEditor.QuickSearchModule:UnityEditor.Search:ASIAI0B
Importing 'GUID: 53aefa1beff7b494badc217b913bb5b0 - Path: Packages/com.unity.collections/Unity.Collections.Tests/NativeHashSetTests.gen.cs - Importer: ScriptedImporter/UnityEditor.QuickSearchModule:UnityEditor.Search:ASIAI0B' with importer (ScriptedImporter : UnityEditor.QuickSearchModule:UnityEditor.Search:ASIAI0B)
Imported 'GUID: 53aefa1beff7b494badc217b913bb5b0' -> (Import Result ID: 'ca6950d57ed6193351dea680479692c4') in 0.002 seconds [static and dynamic dependencies]. Details - ImportResultOutputID=3eaa8b0a05e6833959886833096ba5f2 DependenciesID=7b65080c24f63b9563d87b6d6adb721d StaticDependenciesID=275fe22c53db10d949804e0949af4020 
Number of updated asset objects reloaded before import = 0
Number of asset objects unloaded after import = 0
========================================================================
Received Import Request.
  Time of request: 2026-08-04T17:31:21.9019214Z
  Time since last request: 0.0002268 seconds.
  importAddress: GUID: b737b50d5785388458f6bc50c9dfa8ea - Path: Packages/com.unity.collections/Unity.Collections.Tests/NativeReferenceTests.cs - Importer: ScriptedImporter/UnityEditor.QuickSearchModule:UnityEditor.Search:ASIAI0B
Importing 'GUID: b737b50d5785388458f6bc50c9dfa8ea - Path: Packages/com.unity.collections/Unity.Collections.Tests/NativeReferenceTests.cs - Importer: ScriptedImporter/UnityEditor.QuickSearchModule:UnityEditor.Search:ASIAI0B' with importer (ScriptedImporter : UnityEditor.QuickSearchModule:UnityEditor.Search:ASIAI0B)
Imported 'GUID: b737b50d5785388458f6bc50c9dfa8ea' -> (Import Result ID: 'b8ee248c9131397da3415500558577f1') in 0.002 seconds [static and dynamic dependencies]. Details - ImportResultOutputID=b355cd634d1b3acc375fcff695acab67 DependenciesID=72e3b3e72c8b0a6a17841b28f0d663a6 StaticDependenciesID=23bf50e2951f07e241ded23f29772ae0 
Number of updated asset objects reloaded before import = 0
Number of asset objects unloaded after import = 0
========================================================================
Received Import Request.
  Time of request: 2026-08-04T17:31:21.9108643Z
  Time since last request: 0.0002049 seconds.
  importAddress: GUID: 5156390dc6b2ab64a83222b2fe68cd0f - Path: Packages/com.unity.collections/Unity.Collections.Tests/SpookyHashTests.cs - Importer: ScriptedImporter/UnityEditor.QuickSearchModule:UnityEditor.Search:ASIAI0B
Importing 'GUID: 5156390dc6b2ab64a83222b2fe68cd0f - Path: Packages/com.unity.collections/Unity.Collections.Tests/SpookyHashTests.cs - Importer: ScriptedImporter/UnityEditor.QuickSearchModule:UnityEditor.Search:ASIAI0B' with importer (ScriptedImporter : UnityEditor.QuickSearchModule:UnityEditor.Search:ASIAI0B)
Imported 'GUID: 5156390dc6b2ab64a83222b2fe68cd0f' -> (Import Result ID: '6614b4dc9e48829d859a71709170a91e') in 0.002 seconds [static and dynamic dependencies]. Details - ImportResultOutputID=7012cab3d36cf272077e4087154522e2 DependenciesID=b1842525a7d1e20172b5e76c3fe233c1 StaticDependenciesID=bcfb1fccf92b1766c8b43af21aff2b05 
Number of updated asset objects reloaded before import = 0
Number of asset objects unloaded after import = 0
========================================================================
Received Import Request.
  Time of request: 2026-08-04T17:31:21.9199527Z
  Time since last request: 0.0003855 seconds.
  importAddress: GUID: 4994f8a9b786efc419e89e1e7146cdc6 - Path: Packages/com.unity.collections/Unity.Collections.Tests/NativeArrayTests.cs - Importer: ScriptedImporter/UnityEditor.QuickSearchModule:UnityEditor.Search:ASIAI0B
Importing 'GUID: 4994f8a9b786efc419e89e1e7146cdc6 - Path: Packages/com.unity.collections/Unity.Collections.Tests/NativeArrayTests.cs - Importer: ScriptedImporter/UnityEditor.QuickSearchModule:UnityEditor.Search:ASIAI0B' with importer (ScriptedImporter : UnityEditor.QuickSearchModule:UnityEditor.Search:ASIAI0B)
Imported 'GUID: 4994f8a9b786efc419e89e1e7146cdc6' -> (Import Result ID: 'c72422c200ace0cd75ab354277405f23') in 0.002 seconds [static and dynamic dependencies]. Details - ImportResultOutputID=07dd6423953c2ae1fe282a0da889ceee DependenciesID=e5c6f29d6b20f56a3c25c31ac1051778 StaticDependenciesID=5853526551cdfbff7676688dd17de1f3 
Number of updated asset objects reloaded before import = 0
Number of asset objects unloaded after import = 0
========================================================================
Received Import Request.
  Time of request: 2026-08-04T17:31:21.9281804Z
  Time since last request: 0.0001914 seconds.
  importAddress: GUID: da2ec9a017e2344db81d29b689c5b49d - Path: Packages/com.unity.collections/Unity.Collections.Tests/UnsafeAppendBufferTests.cs - Importer: ScriptedImporter/UnityEditor.QuickSearchModule:UnityEditor.Search:ASIAI0B
Importing 'GUID: da2ec9a017e2344db81d29b689c5b49d - Path: Packages/com.unity.collections/Unity.Collections.Tests/UnsafeAppendBufferTests.cs - Importer: ScriptedImporter/UnityEditor.QuickSearchModule:UnityEditor.Search:ASIAI0B' with importer (ScriptedImporter : UnityEditor.QuickSearchModule:UnityEditor.Search:ASIAI0B)
Imported 'GUID: da2ec9a017e2344db81d29b689c5b49d' -> (Import Result ID: '1fcfb31971a23b6f0914cffd21e3be13') in 0.002 seconds [static and dynamic dependencies]. Details - ImportResultOutputID=38e635a5a338edea705c2ad71111e0f2 DependenciesID=b70d2f8dc99ac66439cc8ff5734d45c7 StaticDependenciesID=ac5155c859e73270515e778c8af2269b 
Number of updated asset objects reloaded before import = 0
Number of asset objects unloaded after import = 0
========================================================================
Received Import Request.
  Time of request: 2026-08-04T17:31:21.9373826Z
  Time since last request: 0.0002424 seconds.
  importAddress: GUID: 4bd84e58bd56f496990c0624dfe88a1a - Path: Packages/com.unity.collections/Unity.Collections.Tests/NativeParallelHashMapTests.cs - Importer: ScriptedImporter/UnityEditor.QuickSearchModule:UnityEditor.Search:ASIAI0B
Importing 'GUID: 4bd84e58bd56f496990c0624dfe88a1a - Path: Packages/com.unity.collections/Unity.Collections.Tests/NativeParallelHashMapTests.cs - Importer: ScriptedImporter/UnityEditor.QuickSearchModule:UnityEditor.Search:ASIAI0B' with importer (ScriptedImporter : UnityEditor.QuickSearchModule:UnityEditor.Search:ASIAI0B)
Imported 'GUID: 4bd84e58bd56f496990c0624dfe88a1a' -> (Import Result ID: '6f25ecbcd4ed674144978f7ae672b002') in 0.002 seconds [static and dynamic dependencies]. Details - ImportResultOutputID=37eec5cb2737e7b5d37e5b9a91b90359 DependenciesID=b7e092958520b8f10692ee89a3d9cb47 StaticDependenciesID=82d8a0b416da0190bcfa182b67847d4d 
Number of updated asset objects reloaded before import = 0
Number of asset objects unloaded after import = 0
========================================================================
Received Import Request.
  Time of request: 2026-08-04T17:31:21.9472895Z
  Time since last request: 0.0002347 seconds.
  importAddress: GUID: 175a9e4a17bf01748b02c5c1c653d091 - Path: Packages/com.unity.collections/Unity.Collections.Tests/NativeSortTests.tt - Importer: ScriptedImporter/UnityEditor.QuickSearchModule:UnityEditor.Search:ASIAI0B
Importing 'GUID: 175a9e4a17bf01748b02c5c1c653d091 - Path: Packages/com.unity.collections/Unity.Collections.Tests/NativeSortTests.tt - Importer: ScriptedImporter/UnityEditor.QuickSearchModule:UnityEditor.Search:ASIAI0B' with importer (ScriptedImporter : UnityEditor.QuickSearchModule:UnityEditor.Search:ASIAI0B)
Imported 'GUID: 175a9e4a17bf01748b02c5c1c653d091' -> (Import Result ID: '428a78cdd85f6fd948236b263f152c22') in 0.003 seconds [static and dynamic dependencies]. Details - ImportResultOutputID=814d934a89fc677f537697a6933f76ff DependenciesID=3c0d8b8a2608b6bc48aad99366c9a418 StaticDependenciesID=313fccc58fc51e58055991ed9a982607 
Number of updated asset objects reloaded before import = 0
Number of asset objects unloaded after import = 1
========================================================================
Received Import Request.
  Time of request: 2026-08-04T17:31:21.9570027Z
  Time since last request: 0.0002429 seconds.
  importAddress: GUID: 5b49dfbe158cb4949aa44ed313cd0959 - Path: Packages/com.unity.collections/Unity.Collections.Tests/NativeRingQueueTests.cs - Importer: ScriptedImporter/UnityEditor.QuickSearchModule:UnityEditor.Search:ASIAI0B
Importing 'GUID: 5b49dfbe158cb4949aa44ed313cd0959 - Path: Packages/com.unity.collections/Unity.Collections.Tests/NativeRingQueueTests.cs - Importer: ScriptedImporter/UnityEditor.QuickSearchModule:UnityEditor.Search:ASIAI0B' with importer (ScriptedImporter : UnityEditor.QuickSearchModule:UnityEditor.Search:ASIAI0B)
Imported 'GUID: 5b49dfbe158cb4949aa44ed313cd0959' -> (Import Result ID: '0623f1eb9de1fd9b3512881df0e4684d') in 0.002 seconds [static and dynamic dependencies]. Details - ImportResultOutputID=4264938626735732a266525805b68fb7 DependenciesID=1e945632a4bfcb42625da6ff6d5cf70f StaticDependenciesID=54f964fda00e018d83f51b5cf9a0f9dc 
Number of updated asset objects reloaded before import = 0
Number of asset objects unloaded after import = 0
========================================================================
Received Import Request.
  Time of request: 2026-08-04T17:31:21.9662918Z
  Time since last request: 0.0002014 seconds.
  importAddress: GUID: 7d464d1935bb3084cbed9d87692699cf - Path: Packages/com.unity.collections/Unity.Collections.Tests/CustomContainerTests.cs - Importer: ScriptedImporter/UnityEditor.QuickSearchModule:UnityEditor.Search:ASIAI0B
Importing 'GUID: 7d464d1935bb3084cbed9d87692699cf - Path: Packages/com.unity.collections/Unity.Collections.Tests/CustomContainerTests.cs - Importer: ScriptedImporter/UnityEditor.QuickSearchModule:UnityEditor.Search:ASIAI0B' with importer (ScriptedImporter : UnityEditor.QuickSearchModule:UnityEditor.Search:ASIAI0B)
Imported 'GUID: 7d464d1935bb3084cbed9d87692699cf' -> (Import Result ID: '2e79f2fe622e2fbf4ded4510fdfad532') in 0.002 seconds [static and dynamic dependencies]. Details - ImportResultOutputID=11d1e37a66432c8a4f42844e012d275c DependenciesID=e452858843b9e26d91809ba92eb7dab2 StaticDependenciesID=c57669cb67ceb86955e6183d21491c77 
Number of updated asset objects reloaded before import = 0
Number of asset objects unloaded after import = 0
========================================================================
Received Import Request.
  Time of request: 2026-08-04T17:31:22.0229103Z
  Time since last request: 0.0477613 seconds.
  importAddress: GUID: d34d0af25c21141a98c0cf3c0066444f - Path: Packages/com.unity.mathematics/package.json - Importer: ScriptedImporter/UnityEditor.QuickSearchModule:UnityEditor.Search:ASIAI0B
Importing 'GUID: d34d0af25c21141a98c0cf3c0066444f - Path: Packages/com.unity.mathematics/package.json - Importer: ScriptedImporter/UnityEditor.QuickSearchModule:UnityEditor.Search:ASIAI0B' with importer (ScriptedImporter : UnityEditor.QuickSearchModule:UnityEditor.Search:ASIAI0B)
Imported 'GUID: d34d0af25c21141a98c0cf3c0066444f' -> (Import Result ID: '5c55ff7a3a2e74a6808d79b36fd9f421') in 0.003 seconds [static and dynamic dependencies]. Details - ImportResultOutputID=88a0993355104eb1692e0dbe6628c3bb DependenciesID=54244d83e4aba2b6354a66b9db170d64 StaticDependenciesID=868a43aa23b25b267ac0746c6c63122c 
Number of updated asset objects reloaded before import = 0
Number of asset objects unloaded after import = 1
========================================================================
Received Import Request.
  Time of request: 2026-08-04T17:31:22.0329295Z
  Time since last request: 0.0001839 seconds.
  importAddress: GUID: 7d0e2c4064f24e889a36d5635f4f857d - Path: Packages/com.unity.collections/Unity.Collections.Tests/xxHash3Tests.cs - Importer: ScriptedImporter/UnityEditor.QuickSearchModule:UnityEditor.Search:ASIAI0B
Importing 'GUID: 7d0e2c4064f24e889a36d5635f4f857d - Path: Packages/com.unity.collections/Unity.Collections.Tests/xxHash3Tests.cs - Importer: ScriptedImporter/UnityEditor.QuickSearchModule:UnityEditor.Search:ASIAI0B' with importer (ScriptedImporter : UnityEditor.QuickSearchModule:UnityEditor.Search:ASIAI0B)
Imported 'GUID: 7d0e2c4064f24e889a36d5635f4f857d' -> (Import Result ID: 'f2c0d1af28914fdc997c1808773b3beb') in 0.002 seconds [static and dynamic dependencies]. Details - ImportResultOutputID=7240e9c89ad32b63dd4998e89d5e1e6f DependenciesID=b8b41f34c763ffb7c03af752f9698dcd StaticDependenciesID=75cbb3e8c7869f1e6bf08418c7b3d5d0 
Number of updated asset objects reloaded before import = 0
Number of asset objects unloaded after import = 0
========================================================================
Received Import Request.
  Time of request: 2026-08-04T17:31:22.0435376Z
  Time since last request: 0.0002903 seconds.
  importAddress: GUID: d8b63aba1907145bea998dd612889d6b - Path: Packages/com.unity.mathematics/Unity.Mathematics/Unity.Mathematics.asmdef - Importer: ScriptedImporter/UnityEditor.QuickSearchModule:UnityEditor.Search:ASIAI0B
Importing 'GUID: d8b63aba1907145bea998dd612889d6b - Path: Packages/com.unity.mathematics/Unity.Mathematics/Unity.Mathematics.asmdef - Importer: ScriptedImporter/UnityEditor.QuickSearchModule:UnityEditor.Search:ASIAI0B' with importer (ScriptedImporter : UnityEditor.QuickSearchModule:UnityEditor.Search:ASIAI0B)
Imported 'GUID: d8b63aba1907145bea998dd612889d6b' -> (Import Result ID: 'd543d2a3bd1c2bd0d0565652477d6bbe') in 0.002 seconds [static and dynamic dependencies]. Details - ImportResultOutputID=7f18302a2543a1174707774abab83f73 DependenciesID=f07c6e8c4709375562787e1be941cda8 StaticDependenciesID=e65122cff12b24f7a49b1518d07ef356 
Number of updated asset objects reloaded before import = 0
Number of asset objects unloaded after import = 1
========================================================================
Received Import Request.
  Time of request: 2026-08-04T17:31:22.053661Z
  Time since last request: 0.0002762 seconds.
  importAddress: GUID: a58b6fd31ddc7d8488bd40b29f1472c3 - Path: Packages/com.unity.nuget.mono-cecil/Mono.Cecil.Mdb.dll - Importer: ScriptedImporter/UnityEditor.QuickSearchModule:UnityEditor.Search:ASIAI0B
Importing 'GUID: a58b6fd31ddc7d8488bd40b29f1472c3 - Path: Packages/com.unity.nuget.mono-cecil/Mono.Cecil.Mdb.dll - Importer: ScriptedImporter/UnityEditor.QuickSearchModule:UnityEditor.Search:ASIAI0B' with importer (ScriptedImporter : UnityEditor.QuickSearchModule:UnityEditor.Search:ASIAI0B)
Imported 'GUID: a58b6fd31ddc7d8488bd40b29f1472c3' -> (Import Result ID: '79b78ef8f8f47fc6dca196c6977955d4') in 0.004 seconds [static and dynamic dependencies]. Details - ImportResultOutputID=e329e37387e8689086038691b2af056e DependenciesID=674dedb3ae7583089fc2326fc8f6fc1c StaticDependenciesID=c7491414041cf12fbd582f0c75e52988 
Number of updated asset objects reloaded before import = 0
Number of asset objects unloaded after import = 0
========================================================================
Received Import Request.
  Time of request: 2026-08-04T17:31:22.0645482Z
  Time since last request: 0.0002032 seconds.
  importAddress: GUID: a7f87992cd1d44040ae42b05e5fbdaa5 - Path: Packages/com.unity.mathematics/LICENSE.md - Importer: ScriptedImporter/UnityEditor.QuickSearchModule:UnityEditor.Search:ASIAI0B
Importing 'GUID: a7f87992cd1d44040ae42b05e5fbdaa5 - Path: Packages/com.unity.mathematics/LICENSE.md - Importer: ScriptedImporter/UnityEditor.QuickSearchModule:UnityEditor.Search:ASIAI0B' with importer (ScriptedImporter : UnityEditor.QuickSearchModule:UnityEditor.Search:ASIAI0B)
Imported 'GUID: a7f87992cd1d44040ae42b05e5fbdaa5' -> (Import Result ID: '5b6bb1d9b1fbfbcba9028894b58a116f') in 0.002 seconds [static and dynamic dependencies]. Details - ImportResultOutputID=432d1dc012f7db113a6e2f3c3081f93d DependenciesID=e50947d770ecb9741413b67d55e27850 StaticDependenciesID=5c84c6f00cc7e05f0d31a1a70263f197 
Number of updated asset objects reloaded before import = 0
Number of asset objects unloaded after import = 1
========================================================================
Received Import Request.
  Time of request: 2026-08-04T17:31:22.0739923Z
  Time since last request: 0.0002977 seconds.
  importAddress: GUID: 5c1ee4056d0ac7ad3c5a16597fcaa38a - Path: Packages/com.unity.modules.physics/package.ModuleCompilationTrigger - Importer: ScriptedImporter/UnityEditor.QuickSearchModule:UnityEditor.Search:ASIAI0B
Importing 'GUID: 5c1ee4056d0ac7ad3c5a16597fcaa38a - Path: Packages/com.unity.modules.physics/package.ModuleCompilationTrigger - Importer: ScriptedImporter/UnityEditor.QuickSearchModule:UnityEditor.Search:ASIAI0B' with importer (ScriptedImporter : UnityEditor.QuickSearchModule:UnityEditor.Search:ASIAI0B)
Imported 'GUID: 5c1ee4056d0ac7ad3c5a16597fcaa38a' -> (Import Result ID: '5c96be15d4e82d1b7465c0c6d5a195b4') in 0.002 seconds [static and dynamic dependencies]. Details - ImportResultOutputID=3397ef8f6c118bf854bbc7eed7223182 DependenciesID=032ef32991b6338a124e6ac7c70aab1f StaticDependenciesID=a840f9a988ea0c472996846c059a3e0b 
Number of updated asset objects reloaded before import = 0
Number of asset objects unloaded after import = 1
========================================================================
Received Import Request.
  Time of request: 2026-08-04T17:31:22.0837916Z
  Time since last request: 0.0002368 seconds.
  importAddress: GUID: 2c942432c8301d3489edbfb539e736bd - Path: Packages/com.unity.nuget.mono-cecil/Mono.Cecil.Rocks.dll - Importer: ScriptedImporter/UnityEditor.QuickSearchModule:UnityEditor.Search:ASIAI0B
Importing 'GUID: 2c942432c8301d3489edbfb539e736bd - Path: Packages/com.unity.nuget.mono-cecil/Mono.Cecil.Rocks.dll - Importer: ScriptedImporter/UnityEditor.QuickSearchModule:UnityEditor.Search:ASIAI0B' with importer (ScriptedImporter : UnityEditor.QuickSearchModule:UnityEditor.Search:ASIAI0B)
Imported 'GUID: 2c942432c8301d3489edbfb539e736bd' -> (Import Result ID: 'ee20ad1606ec983b5695067d5f85ecbf') in 0.002 seconds [static and dynamic dependencies]. Details - ImportResultOutputID=4ee3e6719f09c35d2b82930f7a8334ae DependenciesID=dc35b83a1258a11136da31658662e6a0 StaticDependenciesID=b093f5506fe804b95a17f61e139577f2 
Number of updated asset objects reloaded before import = 0
Number of asset objects unloaded after import = 0
========================================================================
Received Import Request.
  Time of request: 2026-08-04T17:31:22.093813Z
  Time since last request: 0.0002703 seconds.
  importAddress: GUID: 52cbbdc3dcf848dd9efc09bfa529fa74 - Path: Packages/com.unity.collections/Unity.Collections.Tests/UTF8ArrayUnsafeUtilityTests.cs - Importer: ScriptedImporter/UnityEditor.QuickSearchModule:UnityEditor.Search:ASIAI0B
Importing 'GUID: 52cbbdc3dcf848dd9efc09bfa529fa74 - Path: Packages/com.unity.collections/Unity.Collections.Tests/UTF8ArrayUnsafeUtilityTests.cs - Importer: ScriptedImporter/UnityEditor.QuickSearchModule:UnityEditor.Search:ASIAI0B' with importer (ScriptedImporter : UnityEditor.QuickSearchModule:UnityEditor.Search:ASIAI0B)
Imported 'GUID: 52cbbdc3dcf848dd9efc09bfa529fa74' -> (Import Result ID: '9a1cfbf71b2f1785cea0af3ffc047c2b') in 0.002 seconds [static and dynamic dependencies]. Details - ImportResultOutputID=eb22f7cb91691162c76bd63f8676479a DependenciesID=9db951d97fadf100207e01822d6c7ed0 StaticDependenciesID=523767052de6c13520a9fb825f3350c8 
Number of updated asset objects reloaded before import = 0
Number of asset objects unloaded after import = 0
========================================================================
Received Import Request.
  Time of request: 2026-08-04T17:31:22.1042841Z
  Time since last request: 0.0002725 seconds.
  importAddress: GUID: 30a89e6ba963248cf85628ef0bbdab27 - Path: Packages/com.unity.mathematics/Tests/Editor/BasicTestSuite.cs - Importer: ScriptedImporter/UnityEditor.QuickSearchModule:UnityEditor.Search:ASIAI0B
Importing 'GUID: 30a89e6ba963248cf85628ef0bbdab27 - Path: Packages/com.unity.mathematics/Tests/Editor/BasicTestSuite.cs - Importer: ScriptedImporter/UnityEditor.QuickSearchModule:UnityEditor.Search:ASIAI0B' with importer (ScriptedImporter : UnityEditor.QuickSearchModule:UnityEditor.Search:ASIAI0B)
Imported 'GUID: 30a89e6ba963248cf85628ef0bbdab27' -> (Import Result ID: '5ea8d6ef99a8d169259e2b1796307d3e') in 0.003 seconds [static and dynamic dependencies]. Details - ImportResultOutputID=55781d2f62e4444cff8f1f3afdb6eb1f DependenciesID=b6260ca34b8e3fdb0ab20047df6b4b14 StaticDependenciesID=a197ef007fb219657556230f67547f5d 
Number of updated asset objects reloaded before import = 0
Number of asset objects unloaded after import = 0
========================================================================
Received Import Request.
  Time of request: 2026-08-04T17:31:22.1141043Z
  Time since last request: 0.0002077 seconds.
  importAddress: GUID: f07b7acbd86c449cbe60089bd4f5a245 - Path: Packages/com.unity.collections/Unity.Collections.Tests/UnsafeStreamTests.cs - Importer: ScriptedImporter/UnityEditor.QuickSearchModule:UnityEditor.Search:ASIAI0B
Importing 'GUID: f07b7acbd86c449cbe60089bd4f5a245 - Path: Packages/com.unity.collections/Unity.Collections.Tests/UnsafeStreamTests.cs - Importer: ScriptedImporter/UnityEditor.QuickSearchModule:UnityEditor.Search:ASIAI0B' with importer (ScriptedImporter : UnityEditor.QuickSearchModule:UnityEditor.Search:ASIAI0B)
Imported 'GUID: f07b7acbd86c449cbe60089bd4f5a245' -> (Import Result ID: '5abd27a66fa7d10733b9c00b6903cf11') in 0.002 seconds [static and dynamic dependencies]. Details - ImportResultOutputID=205878bec813104009044118b9e4e052 DependenciesID=4d17f7284c6614574f7018bc6734e5c7 StaticDependenciesID=895e86029f6ab556fe1995500975e328 
Number of updated asset objects reloaded before import = 0
Number of asset objects unloaded after import = 0
========================================================================
Received Import Request.
  Time of request: 2026-08-04T17:31:22.1246485Z
  Time since last request: 0.0002664 seconds.
  importAddress: GUID: 5e96082520aa86a458e400b89afe93a4 - Path: Packages/com.unity.collections/Unity.Collections.Tests.Playmode/Unity.Collections.Tests.Playmode.asmdef - Importer: ScriptedImporter/UnityEditor.QuickSearchModule:UnityEditor.Search:ASIAI0B
Importing 'GUID: 5e96082520aa86a458e400b89afe93a4 - Path: Packages/com.unity.collections/Unity.Collections.Tests.Playmode/Unity.Collections.Tests.Playmode.asmdef - Importer: ScriptedImporter/UnityEditor.QuickSearchModule:UnityEditor.Search:ASIAI0B' with importer (ScriptedImporter : UnityEditor.QuickSearchModule:UnityEditor.Search:ASIAI0B)
Imported 'GUID: 5e96082520aa86a458e400b89afe93a4' -> (Import Result ID: 'ec067e1180484f2825619c4203000802') in 0.002 seconds [static and dynamic dependencies]. Details - ImportResultOutputID=ef230b9b81b364c221bfa71bfd8730ef DependenciesID=f63f06edb101ebf03c534f713fe5cafa StaticDependenciesID=15b1d391ef6dee566ce92bcb498b4e92 
Number of updated asset objects reloaded before import = 0
Number of asset objects unloaded after import = 1
========================================================================
Received Import Request.
  Time of request: 2026-08-04T17:31:22.1532747Z
  Time since last request: 0.0185163 seconds.
  importAddress: GUID: e4c8094ce73742d79e92d10007f8e55b - Path: Packages/com.unity.searcher/Editor/Searcher/SearcherHighlighter.cs - Importer: ScriptedImporter/UnityEditor.QuickSearchModule:UnityEditor.Search:ASIAI0B
Importing 'GUID: e4c8094ce73742d79e92d10007f8e55b - Path: Packages/com.unity.searcher/Editor/Searcher/SearcherHighlighter.cs - Importer: ScriptedImporter/UnityEditor.QuickSearchModule:UnityEditor.Search:ASIAI0B' with importer (ScriptedImporter : UnityEditor.QuickSearchModule:UnityEditor.Search:ASIAI0B)
Imported 'GUID: e4c8094ce73742d79e92d10007f8e55b' -> (Import Result ID: 'adc70c029c18b587397fa9267803c7cf') in 0.002 seconds [static and dynamic dependencies]. Details - ImportResultOutputID=c9133a4c9655d739f0f394ef7cf4e6f4 DependenciesID=fad18d1ce8e6648cedb24e30ab97d95a StaticDependenciesID=e76a29139dafe20dfac0742689873e17 
Number of updated asset objects reloaded before import = 0
Number of asset objects unloaded after import = 0
========================================================================
Received Import Request.
  Time of request: 2026-08-04T17:31:22.1625299Z
  Time since last request: 0.0005946 seconds.
  importAddress: GUID: 5e63515167650a541b309ba3bfd4db3d - Path: Packages/com.unity.searcher/Editor/Resources/FlatSkin/Font/Roboto-LightItalic.ttf - Importer: ScriptedImporter/UnityEditor.QuickSearchModule:UnityEditor.Search:ASIAI0B
Importing 'GUID: 5e63515167650a541b309ba3bfd4db3d - Path: Packages/com.unity.searcher/Editor/Resources/FlatSkin/Font/Roboto-LightItalic.ttf - Importer: ScriptedImporter/UnityEditor.QuickSearchModule:UnityEditor.Search:ASIAI0B' with importer (ScriptedImporter : UnityEditor.QuickSearchModule:UnityEditor.Search:ASIAI0B)
Imported 'GUID: 5e63515167650a541b309ba3bfd4db3d' -> (Import Result ID: 'f6af3c0c68e0d2136d1bbaa4f5030762') in 0.009 seconds [static and dynamic dependencies]. Details - ImportResultOutputID=4e6b1f9dbdf1fce42465e406c0abe781 DependenciesID=422fdd5ac040bc37df661da6f3f41f60 StaticDependenciesID=efe9d1c5dfc9263f200165316c58b926 
Number of updated asset objects reloaded before import = 0
Number of asset objects unloaded after import = 3
========================================================================
Received Import Request.
  Time of request: 2026-08-04T17:31:22.179827Z
  Time since last request: 0.0001276 seconds.
  importAddress: GUID: 95c99c8ac2d65fa47bac0cb1ba756978 - Path: Packages/com.unity.searcher/Tests/Editor/SearcherTreeUtilityTests.cs - Importer: ScriptedImporter/UnityEditor.QuickSearchModule:UnityEditor.Search:ASIAI0B
Importing 'GUID: 95c99c8ac2d65fa47bac0cb1ba756978 - Path: Packages/com.unity.searcher/Tests/Editor/SearcherTreeUtilityTests.cs - Importer: ScriptedImporter/UnityEditor.QuickSearchModule:UnityEditor.Search:ASIAI0B' with importer (ScriptedImporter : UnityEditor.QuickSearchModule:UnityEditor.Search:ASIAI0B)
Imported 'GUID: 95c99c8ac2d65fa47bac0cb1ba756978' -> (Import Result ID: '649302eb56d396550778443836ae708d') in 0.002 seconds [static and dynamic dependencies]. Details - ImportResultOutputID=529fa93d19b56d63db00392893f42d55 DependenciesID=b13ae7180139a8a2a9d3191c06c80753 StaticDependenciesID=a74e7b94ea8f976b478fafc47abb25f7 
Number of updated asset objects reloaded before import = 0
Number of asset objects unloaded after import = 0
========================================================================
Received Import Request.
  Time of request: 2026-08-04T17:31:22.1891572Z
  Time since last request: 0.0002471 seconds.
  importAddress: GUID: bd1af0a6633ee94ae21c7d1d702cdc12 - Path: Packages/com.unity.modules.androidjni/package.json - Importer: ScriptedImporter/UnityEditor.QuickSearchModule:UnityEditor.Search:ASIAI0B
Importing 'GUID: bd1af0a6633ee94ae21c7d1d702cdc12 - Path: Packages/com.unity.modules.androidjni/package.json - Importer: ScriptedImporter/UnityEditor.QuickSearchModule:UnityEditor.Search:ASIAI0B' with importer (ScriptedImporter : UnityEditor.QuickSearchModule:UnityEditor.Search:ASIAI0B)
Imported 'GUID: bd1af0a6633ee94ae21c7d1d702cdc12' -> (Import Result ID: 'ce15eb4f505e3c9ff7b48f0f16b5189c') in 0.002 seconds [static and dynamic dependencies]. Details - ImportResultOutputID=4e12bbb4cc205ac702634eb67a4c49cf DependenciesID=be5bb6dd31bf7899eb893624d412a217 StaticDependenciesID=dec2df146fdb7efdce1e5a2dc0156c94 
Number of updated asset objects reloaded before import = 0
Number of asset objects unloaded after import = 1
========================================================================
Received Import Request.
  Time of request: 2026-08-04T17:31:22.1979533Z
  Time since last request: 0.0001807 seconds.
  importAddress: GUID: 51fa60bb2bd1e5bc74e8cc95a7bfd5b7 - Path: Packages/com.unity.modules.ui/package.ModuleCompilationTrigger - Importer: ScriptedImporter/UnityEditor.QuickSearchModule:UnityEditor.Search:ASIAI0B
Importing 'GUID: 51fa60bb2bd1e5bc74e8cc95a7bfd5b7 - Path: Packages/com.unity.modules.ui/package.ModuleCompilationTrigger - Importer: ScriptedImporter/UnityEditor.QuickSearchModule:UnityEditor.Search:ASIAI0B' with importer (ScriptedImporter : UnityEditor.QuickSearchModule:UnityEditor.Search:ASIAI0B)
Imported 'GUID: 51fa60bb2bd1e5bc74e8cc95a7bfd5b7' -> (Import Result ID: '76023de1569e3a3997166e097e7872df') in 0.002 seconds [static and dynamic dependencies]. Details - ImportResultOutputID=d687f6d5df3cb7decdcc64d5ae549068 DependenciesID=a9ce79b0eb43f83ae4ea1d81891824c7 StaticDependenciesID=d430922f28c211a71b68c77eb4a36b35 
Number of updated asset objects reloaded before import = 0
Number of asset objects unloaded after import = 1
========================================================================
Received Import Request.
  Time of request: 2026-08-04T17:31:22.2070989Z
  Time since last request: 0.0001888 seconds.
  importAddress: GUID: da37dcca55e437b4a9eeebff722ad51f - Path: Packages/com.unity.searcher/Editor/Resources/SearcherWindow.uxml - Importer: ScriptedImporter/UnityEditor.QuickSearchModule:UnityEditor.Search:ASIAI0B
Importing 'GUID: da37dcca55e437b4a9eeebff722ad51f - Path: Packages/com.unity.searcher/Editor/Resources/SearcherWindow.uxml - Importer: ScriptedImporter/UnityEditor.QuickSearchModule:UnityEditor.Search:ASIAI0B' with importer (ScriptedImporter : UnityEditor.QuickSearchModule:UnityEditor.Search:ASIAI0B)
Imported 'GUID: da37dcca55e437b4a9eeebff722ad51f' -> (Import Result ID: 'c98fc899896ecc208bf58cdbc714f3c2') in 0.007 seconds [static and dynamic dependencies]. Details - ImportResultOutputID=24049a1bb78dfe5347a931555f89c4a9 DependenciesID=89d95eb8e6707f4f5c2fe67f48634e96 StaticDependenciesID=87b026f1279f1a1ff15d4e094f9e532f 
Number of updated asset objects reloaded before import = 0
Number of asset objects unloaded after import = 2
========================================================================
Received Import Request.
  Time of request: 2026-08-04T17:31:22.2211501Z
  Time since last request: 0.0002787 seconds.
  importAddress: GUID: a51a3aebb43ac044989270407476b208 - Path: Packages/com.unity.searcher/Editor/Resources/FlatSkin/Font/Roboto-Medium.ttf - Importer: ScriptedImporter/UnityEditor.QuickSearchModule:UnityEditor.Search:ASIAI0B
Importing 'GUID: a51a3aebb43ac044989270407476b208 - Path: Packages/com.unity.searcher/Editor/Resources/FlatSkin/Font/Roboto-Medium.ttf - Importer: ScriptedImporter/UnityEditor.QuickSearchModule:UnityEditor.Search:ASIAI0B' with importer (ScriptedImporter : UnityEditor.QuickSearchModule:UnityEditor.Search:ASIAI0B)
Imported 'GUID: a51a3aebb43ac044989270407476b208' -> (Import Result ID: '83190f6daf266f47622b26bd07d3cd55') in 0.004 seconds [static and dynamic dependencies]. Details - ImportResultOutputID=2d02843427b4ee7fffe05b31f3e34869 DependenciesID=761e1c97603f24ab1c610d36528041a7 StaticDependenciesID=2a1bbfde1a28e8e3ad6252d62611bda6 
Number of updated asset objects reloaded before import = 0
Number of asset objects unloaded after import = 3
========================================================================
Received Import Request.
  Time of request: 2026-08-04T17:31:22.2323381Z
  Time since last request: 0.0002 seconds.
  importAddress: GUID: c88e90bad18cceb5d182d0c805883056 - Path: Packages/com.unity.modules.director/package.ModuleCompilationTrigger - Importer: ScriptedImporter/UnityEditor.QuickSearchModule:UnityEditor.Search:ASIAI0B
Importing 'GUID: c88e90bad18cceb5d182d0c805883056 - Path: Packages/com.unity.modules.director/package.ModuleCompilationTrigger - Importer: ScriptedImporter/UnityEditor.QuickSearchModule:UnityEditor.Search:ASIAI0B' with importer (ScriptedImporter : UnityEditor.QuickSearchModule:UnityEditor.Search:ASIAI0B)
Imported 'GUID: c88e90bad18cceb5d182d0c805883056' -> (Import Result ID: '6b232e483179c761189c2fcb7cc530d0') in 0.002 seconds [static and dynamic dependencies]. Details - ImportResultOutputID=dedb97cab94d56caa1bbb849794c19ac DependenciesID=cf8b87ae4c2dde0bb7b3ef16538befc9 StaticDependenciesID=b9553544096cd428095952b321ff59d9 
Number of updated asset objects reloaded before import = 0
Number of asset objects unloaded after import = 1
========================================================================
Received Import Request.
  Time of request: 2026-08-04T17:31:22.2418911Z
  Time since last request: 0.0002913 seconds.
  importAddress: GUID: f95147a9bab9fe649b8070170fa7ebd2 - Path: Packages/com.unity.searcher/Editor/Resources/FlatSkin/Font/Roboto-BlackItalic.ttf - Importer: ScriptedImporter/UnityEditor.QuickSearchModule:UnityEditor.Search:ASIAI0B
Importing 'GUID: f95147a9bab9fe649b8070170fa7ebd2 - Path: Packages/com.unity.searcher/Editor/Resources/FlatSkin/Font/Roboto-BlackItalic.ttf - Importer: ScriptedImporter/UnityEditor.QuickSearchModule:UnityEditor.Search:ASIAI0B' with importer (ScriptedImporter : UnityEditor.QuickSearchModule:UnityEditor.Search:ASIAI0B)
Imported 'GUID: f95147a9bab9fe649b8070170fa7ebd2' -> (Import Result ID: 'ded07d765eb80690ef2b2a80154ee745') in 0.005 seconds [static and dynamic dependencies]. Details - ImportResultOutputID=0db37e4ea2ce4389bfb538e021c2f461 DependenciesID=399de3c2c241a4deed55f23bb8bd30eb StaticDependenciesID=f53d7f1a4e87b6696cf33d6f67243649 
Number of updated asset objects reloaded before import = 0
Number of asset objects unloaded after import = 3
========================================================================
Received Import Request.
  Time of request: 2026-08-04T17:31:22.2687237Z
  Time since last request: 0.01535 seconds.
  importAddress: GUID: 5e926c0a80abd46fe8eb1fb3188b70a1 - Path: Packages/com.unity.2d.common/Path/Editor/EditorTool/GenericScriptablePathInspector.cs - Importer: ScriptedImporter/UnityEditor.QuickSearchModule:UnityEditor.Search:ASIAI0B
Importing 'GUID: 5e926c0a80abd46fe8eb1fb3188b70a1 - Path: Packages/com.unity.2d.common/Path/Editor/EditorTool/GenericScriptablePathInspector.cs - Importer: ScriptedImporter/UnityEditor.QuickSearchModule:UnityEditor.Search:ASIAI0B' with importer (ScriptedImporter : UnityEditor.QuickSearchModule:UnityEditor.Search:ASIAI0B)
Imported 'GUID: 5e926c0a80abd46fe8eb1fb3188b70a1' -> (Import Result ID: 'b60008f8c52e542a60264a7312a6258d') in 0.028 seconds [static and dynamic dependencies]. Details - ImportResultOutputID=022f10caa8588b7a5fc3381369daec01 DependenciesID=655fabcc2a9ba28bc59eef83cbadd48f StaticDependenciesID=c3a43fd2291d23b12dfd9830d37f7d92 
Number of updated asset objects reloaded before import = 0
Number of asset objects unloaded after import = 0
========================================================================
Received Import Request.
  Time of request: 2026-08-04T17:31:22.3037923Z
  Time since last request: 0.0004846 seconds.
  importAddress: GUID: 095b5ce9626f423baa69f14091737181 - Path: Packages/com.unity.2d.common/Editor/InternalBridge/OverlayPopupWindow.cs - Importer: ScriptedImporter/UnityEditor.QuickSearchModule:UnityEditor.Search:ASIAI0B
Importing 'GUID: 095b5ce9626f423baa69f14091737181 - Path: Packages/com.unity.2d.common/Editor/InternalBridge/OverlayPopupWindow.cs - Importer: ScriptedImporter/UnityEditor.QuickSearchModule:UnityEditor.Search:ASIAI0B' with importer (ScriptedImporter : UnityEditor.QuickSearchModule:UnityEditor.Search:ASIAI0B)
Imported 'GUID: 095b5ce9626f423baa69f14091737181' -> (Import Result ID: '9c34d49dce219495d64ff65d727ca9b0') in 0.002 seconds [static and dynamic dependencies]. Details - ImportResultOutputID=204afbb554fb1b26e0ffdeead7418369 DependenciesID=4a974d6ea36bce8472aea21e2fa976e0 StaticDependenciesID=6ea17dda9558be2eeb8bc38a6948fc79 
Number of updated asset objects reloaded before import = 0
Number of asset objects unloaded after import = 0
========================================================================
Received Import Request.
  Time of request: 2026-08-04T17:31:22.313307Z
  Time since last request: 0.0003522 seconds.
  importAddress: GUID: f4f814197752ea84db033f3822b113b2 - Path: Packages/com.unity.2d.common/Editor/TextureGenerator/TextureGeneratorHelper.cs - Importer: ScriptedImporter/UnityEditor.QuickSearchModule:UnityEditor.Search:ASIAI0B
Importing 'GUID: f4f814197752ea84db033f3822b113b2 - Path: Packages/com.unity.2d.common/Editor/TextureGenerator/TextureGeneratorHelper.cs - Importer: ScriptedImporter/UnityEditor.QuickSearchModule:UnityEditor.Search:ASIAI0B' with importer (ScriptedImporter : UnityEditor.QuickSearchModule:UnityEditor.Search:ASIAI0B)
Imported 'GUID: f4f814197752ea84db033f3822b113b2' -> (Import Result ID: '33f7bb736381e9b16a3366bddd97fb02') in 0.002 seconds [static and dynamic dependencies]. Details - ImportResultOutputID=9e5051ca365fefc970fc0bb748d4351a DependenciesID=4a672e7d66d1132313487dda9ec40329 StaticDependenciesID=d16e93118c47cc21d918b5b905c7fe51 
Number of updated asset objects reloaded before import = 0
Number of asset objects unloaded after import = 0
========================================================================
Received Import Request.
  Time of request: 2026-08-04T17:31:22.3240707Z
  Time since last request: 0.0002195 seconds.
  importAddress: GUID: 800754db7f7247ddb5fcbb0a8796fb46 - Path: Packages/com.unity.2d.common/Editor/InternalBridge/AssetCreation.cs - Importer: ScriptedImporter/UnityEditor.QuickSearchModule:UnityEditor.Search:ASIAI0B
Importing 'GUID: 800754db7f7247ddb5fcbb0a8796fb46 - Path: Packages/com.unity.2d.common/Editor/InternalBridge/AssetCreation.cs - Importer: ScriptedImporter/UnityEditor.QuickSearchModule:UnityEditor.Search:ASIAI0B' with importer (ScriptedImporter : UnityEditor.QuickSearchModule:UnityEditor.Search:ASIAI0B)
Imported 'GUID: 800754db7f7247ddb5fcbb0a8796fb46' -> (Import Result ID: 'bf4e8b723cd3d781312c85b78f39e655') in 0.002 seconds [static and dynamic dependencies]. Details - ImportResultOutputID=afa707d07dcc6a35fa71e6f2652d7c0b DependenciesID=3eef06486dbfc218befec3be4d863ae6 StaticDependenciesID=21a8d35ba83970551e44aca128675a97 
Number of updated asset objects reloaded before import = 0
Number of asset objects unloaded after import = 0
========================================================================
Received Import Request.
  Time of request: 2026-08-04T17:31:22.3344961Z
  Time since last request: 0.0002736 seconds.
  importAddress: GUID: 74d5c6e86f4a1214ca6e9737086f7468 - Path: Packages/com.unity.2d.common/Runtime/InternalBridge/InternalEngineBridge.cs - Importer: ScriptedImporter/UnityEditor.QuickSearchModule:UnityEditor.Search:ASIAI0B
Importing 'GUID: 74d5c6e86f4a1214ca6e9737086f7468 - Path: Packages/com.unity.2d.common/Runtime/InternalBridge/InternalEngineBridge.cs - Importer: ScriptedImporter/UnityEditor.QuickSearchModule:UnityEditor.Search:ASIAI0B' with importer (ScriptedImporter : UnityEditor.QuickSearchModule:UnityEditor.Search:ASIAI0B)
Imported 'GUID: 74d5c6e86f4a1214ca6e9737086f7468' -> (Import Result ID: '5df51d70f53e5a45527ad6a6df2915b8') in 0.002 seconds [static and dynamic dependencies]. Details - ImportResultOutputID=554b784fc748f6a6fbd37504c28cda09 DependenciesID=551731a84eac1f5f8905de04a095507f StaticDependenciesID=e55bfaf82c53ebe01479965cb3fdf8c6 
Number of updated asset objects reloaded before import = 0
Number of asset objects unloaded after import = 0
========================================================================
Received Import Request.
  Time of request: 2026-08-04T17:31:22.3438492Z
  Time since last request: 0.0002403 seconds.
  importAddress: GUID: ce6baade223984afda3f24c7fca12584 - Path: Packages/com.unity.2d.common/Editor/InternalBridge/InternalBridgeDef.asmdef - Importer: ScriptedImporter/UnityEditor.QuickSearchModule:UnityEditor.Search:ASIAI0B
Importing 'GUID: ce6baade223984afda3f24c7fca12584 - Path: Packages/com.unity.2d.common/Editor/InternalBridge/InternalBridgeDef.asmdef - Importer: ScriptedImporter/UnityEditor.QuickSearchModule:UnityEditor.Search:ASIAI0B' with importer (ScriptedImporter : UnityEditor.QuickSearchModule:UnityEditor.Search:ASIAI0B)
Imported 'GUID: ce6baade223984afda3f24c7fca12584' -> (Import Result ID: 'a0ba1ea7f39a57a0f1706d796c2f02c8') in 0.002 seconds [static and dynamic dependencies]. Details - ImportResultOutputID=bcb207a33a172063eb1ea463477a32d6 DependenciesID=b3e82289f5b916ccf05044af5e425e79 StaticDependenciesID=2d2b358e2577e7ff867c82d51d20b071 
Number of updated asset objects reloaded before import = 0
Number of asset objects unloaded after import = 1
========================================================================
Received Import Request.
  Time of request: 2026-08-04T17:31:22.3528986Z
  Time since last request: 0.0002378 seconds.
  importAddress: GUID: 762ff33dd08a32e4f906e75a31743b79 - Path: Packages/com.unity.2d.common/Runtime/Triangulation/AssemblyInfo.cs - Importer: ScriptedImporter/UnityEditor.QuickSearchModule:UnityEditor.Search:ASIAI0B
Importing 'GUID: 762ff33dd08a32e4f906e75a31743b79 - Path: Packages/com.unity.2d.common/Runtime/Triangulation/AssemblyInfo.cs - Importer: ScriptedImporter/UnityEditor.QuickSearchModule:UnityEditor.Search:ASIAI0B' with importer (ScriptedImporter : UnityEditor.QuickSearchModule:UnityEditor.Search:ASIAI0B)
Imported 'GUID: 762ff33dd08a32e4f906e75a31743b79' -> (Import Result ID: 'a38f353c58af71ef390101b1dd407e17') in 0.002 seconds [static and dynamic dependencies]. Details - ImportResultOutputID=51a258f87bfe83d087d334f3c11fb46b DependenciesID=7c76e74335272e9c191d5aa9bde6a674 StaticDependenciesID=173779b788c655310660879012ba289f 
Number of updated asset objects reloaded before import = 0
Number of asset objects unloaded after import = 0
========================================================================
Received Import Request.
  Time of request: 2026-08-04T17:31:22.3617313Z
  Time since last request: 0.0004061 seconds.
  importAddress: GUID: baf2a017a36974ff5960621bc8325475 - Path: Packages/com.unity.2d.common/Path/Editor/EditablePath/ISnapping.cs - Importer: ScriptedImporter/UnityEditor.QuickSearchModule:UnityEditor.Search:ASIAI0B
Importing 'GUID: baf2a017a36974ff5960621bc8325475 - Path: Packages/com.unity.2d.common/Path/Editor/EditablePath/ISnapping.cs - Importer: ScriptedImporter/UnityEditor.QuickSearchModule:UnityEditor.Search:ASIAI0B' with importer (ScriptedImporter : UnityEditor.QuickSearchModule:UnityEditor.Search:ASIAI0B)
Imported 'GUID: baf2a017a36974ff5960621bc8325475' -> (Import Result ID: '3c2d331d5e0c4548f387c3e9789ef4d9') in 0.002 seconds [static and dynamic dependencies]. Details - ImportResultOutputID=8972e2139e5ec080a258d142793f2d34 DependenciesID=8f3fc47d7325573f98f614f936a6a43e StaticDependenciesID=7d1014e49388c740948a58accb90d248 
Number of updated asset objects reloaded before import = 0
Number of asset objects unloaded after import = 0
========================================================================
Received Import Request.
  Time of request: 2026-08-04T17:31:22.3708242Z
  Time since last request: 0.0002517 seconds.
  importAddress: GUID: 13c5c1934f6f927419763b01ff95ed74 - Path: Packages/com.unity.2d.common/Editor/ImagePacker/ImagePackerDebugEditor.cs - Importer: ScriptedImporter/UnityEditor.QuickSearchModule:UnityEditor.Search:ASIAI0B
Importing 'GUID: 13c5c1934f6f927419763b01ff95ed74 - Path: Packages/com.unity.2d.common/Editor/ImagePacker/ImagePackerDebugEditor.cs - Importer: ScriptedImporter/UnityEditor.QuickSearchModule:UnityEditor.Search:ASIAI0B' with importer (ScriptedImporter : UnityEditor.QuickSearchModule:UnityEditor.Search:ASIAI0B)
Imported 'GUID: 13c5c1934f6f927419763b01ff95ed74' -> (Import Result ID: 'e5661647afbd3e502926238df2784053') in 0.002 seconds [static and dynamic dependencies]. Details - ImportResultOutputID=40a5ddab9869cc8b037c3fce8f77b29d DependenciesID=94624105179908dd53e906125156c242 StaticDependenciesID=5685c47bcc57b7b87547b102a903c92d 
Number of updated asset objects reloaded before import = 0
Number of asset objects unloaded after import = 0
========================================================================
Received Import Request.
  Time of request: 2026-08-04T17:31:22.3797498Z
  Time since last request: 0.0002381 seconds.
  importAddress: GUID: 60eebfa1ba55bfc4d973c4de75d40e99 - Path: Packages/com.unity.2d.common/Editor/InternalBridge/TexturePlatformSettings/TexturePlatformSettings.cs - Importer: ScriptedImporter/UnityEditor.QuickSearchModule:UnityEditor.Search:ASIAI0B
Importing 'GUID: 60eebfa1ba55bfc4d973c4de75d40e99 - Path: Packages/com.unity.2d.common/Editor/InternalBridge/TexturePlatformSettings/TexturePlatformSettings.cs - Importer: ScriptedImporter/UnityEditor.QuickSearchModule:UnityEditor.Search:ASIAI0B' with importer (ScriptedImporter : UnityEditor.QuickSearchModule:UnityEditor.Search:ASIAI0B)
Imported 'GUID: 60eebfa1ba55bfc4d973c4de75d40e99' -> (Import Result ID: '6c30c0ecb4b3bc195308ebbd3d9893b4') in 0.002 seconds [static and dynamic dependencies]. Details - ImportResultOutputID=da05914e2b19dc053935096b2681f370 DependenciesID=61225bc61815d97cd790c183fddbe940 StaticDependenciesID=40f921d57a5a61f29e6860e35ff7f914 
Number of updated asset objects reloaded before import = 0
Number of asset objects unloaded after import = 0
========================================================================
Received Import Request.
  Time of request: 2026-08-04T17:31:22.3891366Z
  Time since last request: 0.00027 seconds.
  importAddress: GUID: 7324ff312813f497fba0df899db0b153 - Path: Packages/com.unity.2d.common/Path/Editor/EditablePath/EditablePathController.cs - Importer: ScriptedImporter/UnityEditor.QuickSearchModule:UnityEditor.Search:ASIAI0B
Importing 'GUID: 7324ff312813f497fba0df899db0b153 - Path: Packages/com.unity.2d.common/Path/Editor/EditablePath/EditablePathController.cs - Importer: ScriptedImporter/UnityEditor.QuickSearchModule:UnityEditor.Search:ASIAI0B' with importer (ScriptedImporter : UnityEditor.QuickSearchModule:UnityEditor.Search:ASIAI0B)
Imported 'GUID: 7324ff312813f497fba0df899db0b153' -> (Import Result ID: 'e27e6f6bb53590085d128197b2d4f589') in 0.002 seconds [static and dynamic dependencies]. Details - ImportResultOutputID=a6faee66556c88313a0bad56cd5ee1e0 DependenciesID=dd901ef600cc67b18f4b6b37fc58adb3 StaticDependenciesID=42bb496f5736edef7d536ae1fcfb055e 
Number of updated asset objects reloaded before import = 0
Number of asset objects unloaded after import = 0
========================================================================
Received Import Request.
  Time of request: 2026-08-04T17:31:22.3985691Z
  Time since last request: 0.0002482 seconds.
  importAddress: GUID: 16da4b0d2c0de485e88531827b28f7d8 - Path: Packages/com.unity.2d.common/Editor/InternalBridge/SpriteDataProviders/SpriteCustomMetadataProvider.cs - Importer: ScriptedImporter/UnityEditor.QuickSearchModule:UnityEditor.Search:ASIAI0B
Importing 'GUID: 16da4b0d2c0de485e88531827b28f7d8 - Path: Packages/com.unity.2d.common/Editor/InternalBridge/SpriteDataProviders/SpriteCustomMetadataProvider.cs - Importer: ScriptedImporter/UnityEditor.QuickSearchModule:UnityEditor.Search:ASIAI0B' with importer (ScriptedImporter : UnityEditor.QuickSearchModule:UnityEditor.Search:ASIAI0B)
Imported 'GUID: 16da4b0d2c0de485e88531827b28f7d8' -> (Import Result ID: '1315548e82ff225ae668fb64d779cd45') in 0.002 seconds [static and dynamic dependencies]. Details - ImportResultOutputID=b2cb19537589bcff2b99f4772e76cce4 DependenciesID=22ccd09839a175080f1d28b5b2beaa49 StaticDependenciesID=ba2396b39b14e1c425c37c2c46c07b10 
Number of updated asset objects reloaded before import = 0
Number of asset objects unloaded after import = 0
========================================================================
Received Import Request.
  Time of request: 2026-08-04T17:31:22.4155121Z
  Time since last request: 0.0079693 seconds.
  importAddress: GUID: 413065d60d6d54fc6b33747ccf2da497 - Path: Packages/com.unity.2d.common/Path/Editor/IMGUI/GUIFramework/GUIAction.cs - Importer: ScriptedImporter/UnityEditor.QuickSearchModule:UnityEditor.Search:ASIAI0B
Importing 'GUID: 413065d60d6d54fc6b33747ccf2da497 - Path: Packages/com.unity.2d.common/Path/Editor/IMGUI/GUIFramework/GUIAction.cs - Importer: ScriptedImporter/UnityEditor.QuickSearchModule:UnityEditor.Search:ASIAI0B' with importer (ScriptedImporter : UnityEditor.QuickSearchModule:UnityEditor.Search:ASIAI0B)
Imported 'GUID: 413065d60d6d54fc6b33747ccf2da497' -> (Import Result ID: '5ba49befcc9dcfe966e40fd7b8aedbde') in 0.002 seconds [static and dynamic dependencies]. Details - ImportResultOutputID=3f2089ddaad2fa7b2c625e67ce543808 DependenciesID=364cd4ffad87cf470c61bbe0578fe89e StaticDependenciesID=4eedde0b5c4075b2ad3703525817131f 
Number of updated asset objects reloaded before import = 0
Number of asset objects unloaded after import = 0
========================================================================
Received Import Request.
  Time of request: 2026-08-04T17:31:22.4246312Z
  Time since last request: 0.0003251 seconds.
  importAddress: GUID: e38406724ef4d4b25a0b90c4e409ad62 - Path: Packages/com.unity.2d.common/Path/Editor/Selection/ISelection.cs - Importer: ScriptedImporter/UnityEditor.QuickSearchModule:UnityEditor.Search:ASIAI0B
Importing 'GUID: e38406724ef4d4b25a0b90c4e409ad62 - Path: Packages/com.unity.2d.common/Path/Editor/Selection/ISelection.cs - Importer: ScriptedImporter/UnityEditor.QuickSearchModule:UnityEditor.Search:ASIAI0B' with importer (ScriptedImporter : UnityEditor.QuickSearchModule:UnityEditor.Search:ASIAI0B)
Imported 'GUID: e38406724ef4d4b25a0b90c4e409ad62' -> (Import Result ID: '107351e2c62dbe73857a4b60bc911390') in 0.002 seconds [static and dynamic dependencies]. Details - ImportResultOutputID=1aecbbed0ebfea12776525cafd0ca0d9 DependenciesID=387a252a436668966b8acb5e66dc73a1 StaticDependenciesID=a076b53da6b4c8c5e75a7a48332b5484 
Number of updated asset objects reloaded before import = 0
Number of asset objects unloaded after import = 0
========================================================================
Received Import Request.
  Time of request: 2026-08-04T17:31:22.4342536Z
  Time since last request: 0.0003937 seconds.
  importAddress: GUID: 429b971314d5f44d9ae47e60d89d49c6 - Path: Packages/com.unity.2d.common/Path/Editor/IMGUI/GUIFramework/CommandAction.cs - Importer: ScriptedImporter/UnityEditor.QuickSearchModule:UnityEditor.Search:ASIAI0B
Importing 'GUID: 429b971314d5f44d9ae47e60d89d49c6 - Path: Packages/com.unity.2d.common/Path/Editor/IMGUI/GUIFramework/CommandAction.cs - Importer: ScriptedImporter/UnityEditor.QuickSearchModule:UnityEditor.Search:ASIAI0B' with importer (ScriptedImporter : UnityEditor.QuickSearchModule:UnityEditor.Search:ASIAI0B)
Imported 'GUID: 429b971314d5f44d9ae47e60d89d49c6' -> (Import Result ID: '537685642eb63a3222f060c06e248e20') in 0.002 seconds [static and dynamic dependencies]. Details - ImportResultOutputID=f0a1470297d8c0531c9979c843e8f948 DependenciesID=a4d01871aea77a542fd7eda528f164e3 StaticDependenciesID=6a9dcf1268601f4ef0c11227ad499cd6 
Number of updated asset objects reloaded before import = 0
Number of asset objects unloaded after import = 0
========================================================================
Received Import Request.
  Time of request: 2026-08-04T17:31:22.444484Z
  Time since last request: 0.000414 seconds.
  importAddress: GUID: 29e335c920d7d425681669ee470bbc34 - Path: Packages/com.unity.2d.common/Path/Editor/IMGUI/GUIFramework/IGUIState.cs - Importer: ScriptedImporter/UnityEditor.QuickSearchModule:UnityEditor.Search:ASIAI0B
Importing 'GUID: 29e335c920d7d425681669ee470bbc34 - Path: Packages/com.unity.2d.common/Path/Editor/IMGUI/GUIFramework/IGUIState.cs - Importer: ScriptedImporter/UnityEditor.QuickSearchModule:UnityEditor.Search:ASIAI0B' with importer (ScriptedImporter : UnityEditor.QuickSearchModule:UnityEditor.Search:ASIAI0B)
Imported 'GUID: 29e335c920d7d425681669ee470bbc34' -> (Import Result ID: 'c0f816c835df6b93c2b48f613924f06a') in 0.002 seconds [static and dynamic dependencies]. Details - ImportResultOutputID=b5f1a47e7e290bc19e28c3d96cd2ee88 DependenciesID=af033e08be438fbfb70ebc55a8c3ec3a StaticDependenciesID=77e01d5372cee3b77bb201ba7709cbc1 
Number of updated asset objects reloaded before import = 0
Number of asset objects unloaded after import = 0
========================================================================
Received Import Request.
  Time of request: 2026-08-04T17:31:22.4530543Z
  Time since last request: 0.0002814 seconds.
  importAddress: GUID: 31a4799fed00a4c1e8f79606e6418428 - Path: Packages/com.unity.2d.common/Path/Editor/IMGUI/GUIFramework/HoveredControlAction.cs - Importer: ScriptedImporter/UnityEditor.QuickSearchModule:UnityEditor.Search:ASIAI0B
Importing 'GUID: 31a4799fed00a4c1e8f79606e6418428 - Path: Packages/com.unity.2d.common/Path/Editor/IMGUI/GUIFramework/HoveredControlAction.cs - Importer: ScriptedImporter/UnityEditor.QuickSearchModule:UnityEditor.Search:ASIAI0B' with importer (ScriptedImporter : UnityEditor.QuickSearchModule:UnityEditor.Search:ASIAI0B)
Imported 'GUID: 31a4799fed00a4c1e8f79606e6418428' -> (Import Result ID: '25fecff0e9c66525fb680effb13b0ab6') in 0.002 seconds [static and dynamic dependencies]. Details - ImportResultOutputID=ed4f1a4aaee1a78140ecf9c1b3628a00 DependenciesID=06d4327a14fa4e34b12f63c1dd5b54b1 StaticDependenciesID=3f6785cc5279f33d532a29c6c600c988 
Number of updated asset objects reloaded before import = 0
Number of asset objects unloaded after import = 0
========================================================================
Received Import Request.
  Time of request: 2026-08-04T17:31:22.4628724Z
  Time since last request: 0.0002508 seconds.
  importAddress: GUID: 9daf05f2d28af48a8b868323c9fd4c35 - Path: Packages/com.unity.2d.common/Path/Editor/IMGUI/GUIFramework/LayoutData.cs - Importer: ScriptedImporter/UnityEditor.QuickSearchModule:UnityEditor.Search:ASIAI0B
Importing 'GUID: 9daf05f2d28af48a8b868323c9fd4c35 - Path: Packages/com.unity.2d.common/Path/Editor/IMGUI/GUIFramework/LayoutData.cs - Importer: ScriptedImporter/UnityEditor.QuickSearchModule:UnityEditor.Search:ASIAI0B' with importer (ScriptedImporter : UnityEditor.QuickSearchModule:UnityEditor.Search:ASIAI0B)
Imported 'GUID: 9daf05f2d28af48a8b868323c9fd4c35' -> (Import Result ID: '0048ebcbe5d214475120e90329d3343e') in 0.003 seconds [static and dynamic dependencies]. Details - ImportResultOutputID=af49e9c7088b91435ffd6946874e03a7 DependenciesID=b8cad22df05a695f886618dca8fc22bb StaticDependenciesID=348cdcda33219c25bc44d9b98c408965 
Number of updated asset objects reloaded before import = 0
Number of asset objects unloaded after import = 0
========================================================================
Received Import Request.
  Time of request: 2026-08-04T17:31:22.4748972Z
  Time since last request: 0.0002627 seconds.
  importAddress: GUID: b0aedd6e13d9547d8a6466871d50e22e - Path: Packages/com.unity.2d.common/Path/Editor/IMGUI/GUIFramework/GenericControl.cs - Importer: ScriptedImporter/UnityEditor.QuickSearchModule:UnityEditor.Search:ASIAI0B
Importing 'GUID: b0aedd6e13d9547d8a6466871d50e22e - Path: Packages/com.unity.2d.common/Path/Editor/IMGUI/GUIFramework/GenericControl.cs - Importer: ScriptedImporter/UnityEditor.QuickSearchModule:UnityEditor.Search:ASIAI0B' with importer (ScriptedImporter : UnityEditor.QuickSearchModule:UnityEditor.Search:ASIAI0B)
Imported 'GUID: b0aedd6e13d9547d8a6466871d50e22e' -> (Import Result ID: '93288026bc7b4f5bfd53115cefa55a31') in 0.002 seconds [static and dynamic dependencies]. Details - ImportResultOutputID=9db0b528ba125c724dbc7255d740da0b DependenciesID=64388ccfc92c9cb071d44a53e8dac135 StaticDependenciesID=ffb90bb3ff26a7a69751f33a71586864 
Number of updated asset objects reloaded before import = 0
Number of asset objects unloaded after import = 0
========================================================================
Received Import Request.
  Time of request: 2026-08-04T17:31:22.4861284Z
  Time since last request: 0.0002227 seconds.
  importAddress: GUID: 54781f6c2aca9442aa5976c5eda00707 - Path: Packages/com.unity.2d.common/Path/Editor/Shapes/Polygon.cs - Importer: ScriptedImporter/UnityEditor.QuickSearchModule:UnityEditor.Search:ASIAI0B
Importing 'GUID: 54781f6c2aca9442aa5976c5eda00707 - Path: Packages/com.unity.2d.common/Path/Editor/Shapes/Polygon.cs - Importer: ScriptedImporter/UnityEditor.QuickSearchModule:UnityEditor.Search:ASIAI0B' with importer (ScriptedImporter : UnityEditor.QuickSearchModule:UnityEditor.Search:ASIAI0B)
Imported 'GUID: 54781f6c2aca9442aa5976c5eda00707' -> (Import Result ID: 'e44253d1763d74d8040e19362010cb04') in 0.002 seconds [static and dynamic dependencies]. Details - ImportResultOutputID=57304e5f37e42554ee551f3b8f2ea7af DependenciesID=52d2635d063b8e5566f54f4983ac441a StaticDependenciesID=b167fb662417fc7fc2140572a5331083 
Number of updated asset objects reloaded before import = 0
Number of asset objects unloaded after import = 0
========================================================================
Received Import Request.
  Time of request: 2026-08-04T17:31:22.5181816Z
  Time since last request: 0.0230236 seconds.
  importAddress: GUID: 106fd77ef6b30234597e56c849578bad - Path: Packages/com.unity.render-pipelines.core/Editor/CoreEditorStyles.cs - Importer: ScriptedImporter/UnityEditor.QuickSearchModule:UnityEditor.Search:ASIAI0B
Importing 'GUID: 106fd77ef6b30234597e56c849578bad - Path: Packages/com.unity.render-pipelines.core/Editor/CoreEditorStyles.cs - Importer: ScriptedImporter/UnityEditor.QuickSearchModule:UnityEditor.Search:ASIAI0B' with importer (ScriptedImporter : UnityEditor.QuickSearchModule:UnityEditor.Search:ASIAI0B)
Imported 'GUID: 106fd77ef6b30234597e56c849578bad' -> (Import Result ID: 'cee8c033157390d32151a42d73dba791') in 0.002 seconds [static and dynamic dependencies]. Details - ImportResultOutputID=84a997bda1fbb3b818146856a5eaecca DependenciesID=109e884e9a038a9eaf576529d150d040 StaticDependenciesID=e65cd74b0a9d0974f6069f964dcb1089 
Number of updated asset objects reloaded before import = 0
Number of asset objects unloaded after import = 0
========================================================================
Received Import Request.
  Time of request: 2026-08-04T17:31:22.5275582Z
  Time since last request: 0.0003274 seconds.
  importAddress: GUID: c9fabbcdc8ab50c44a8112c70c67735c - Path: Packages/com.unity.render-pipelines.core/Editor/CameraEditorUtils.cs - Importer: ScriptedImporter/UnityEditor.QuickSearchModule:UnityEditor.Search:ASIAI0B
Importing 'GUID: c9fabbcdc8ab50c44a8112c70c67735c - Path: Packages/com.unity.render-pipelines.core/Editor/CameraEditorUtils.cs - Importer: ScriptedImporter/UnityEditor.QuickSearchModule:UnityEditor.Search:ASIAI0B' with importer (ScriptedImporter : UnityEditor.QuickSearchModule:UnityEditor.Search:ASIAI0B)
Imported 'GUID: c9fabbcdc8ab50c44a8112c70c67735c' -> (Import Result ID: '88823a48983fdae0db99950e2e96f92f') in 0.002 seconds [static and dynamic dependencies]. Details - ImportResultOutputID=ddfac32208d04c62fa1d5aa58e8eebde DependenciesID=30340083c5caf4c828d9246767ee87f6 StaticDependenciesID=0b30e372da2b59c72a13dd143335092e 
Number of updated asset objects reloaded before import = 0
Number of asset objects unloaded after import = 0
========================================================================
Received Import Request.
  Time of request: 2026-08-04T17:31:22.5372953Z
  Time since last request: 0.0002547 seconds.
  importAddress: GUID: 1f4f20df9923ed04ea15d89f8456b8f0 - Path: Packages/com.unity.render-pipelines.core/Editor/ExpandedState.cs - Importer: ScriptedImporter/UnityEditor.QuickSearchModule:UnityEditor.Search:ASIAI0B
Importing 'GUID: 1f4f20df9923ed04ea15d89f8456b8f0 - Path: Packages/com.unity.render-pipelines.core/Editor/ExpandedState.cs - Importer: ScriptedImporter/UnityEditor.QuickSearchModule:UnityEditor.Search:ASIAI0B' with importer (ScriptedImporter : UnityEditor.QuickSearchModule:UnityEditor.Search:ASIAI0B)
Imported 'GUID: 1f4f20df9923ed04ea15d89f8456b8f0' -> (Import Result ID: 'b245de09b1e2036da0521cb74235a0f0') in 0.002 seconds [static and dynamic dependencies]. Details - ImportResultOutputID=28af5634e0083086ffafa35b2d8727db DependenciesID=a2243bb10fa974990ca3032069fedc8e StaticDependenciesID=46e7f71e32cc38cebb7e39baa9de1315 
Number of updated asset objects reloaded before import = 0
Number of asset objects unloaded after import = 0
========================================================================
Received Import Request.
  Time of request: 2026-08-04T17:31:22.5461069Z
  Time since last request: 0.0002453 seconds.
  importAddress: GUID: ba62ac0daafb8324aa0a8eee2a7ad4b1 - Path: Packages/com.unity.render-pipelines.core/Editor/RemoveComponentUtils.cs - Importer: ScriptedImporter/UnityEditor.QuickSearchModule:UnityEditor.Search:ASIAI0B
Importing 'GUID: ba62ac0daafb8324aa0a8eee2a7ad4b1 - Path: Packages/com.unity.render-pipelines.core/Editor/RemoveComponentUtils.cs - Importer: ScriptedImporter/UnityEditor.QuickSearchModule:UnityEditor.Search:ASIAI0B' with importer (ScriptedImporter : UnityEditor.QuickSearchModule:UnityEditor.Search:ASIAI0B)
Imported 'GUID: ba62ac0daafb8324aa0a8eee2a7ad4b1' -> (Import Result ID: '96bd0acc5d3135466ee2ab6d02694a07') in 0.002 seconds [static and dynamic dependencies]. Details - ImportResultOutputID=a6614fb001d85fca479131fe9957aea0 DependenciesID=cb9723ff6ebf05e206c02ba212899f5f StaticDependenciesID=2548aad2efd83acf21afc4c436fa6049 
Number of updated asset objects reloaded before import = 0
Number of asset objects unloaded after import = 0
========================================================================
Received Import Request.
  Time of request: 2026-08-04T17:31:22.5570506Z
  Time since last request: 0.0002132 seconds.
  importAddress: GUID: 37dd9d7e334016b42b990e47ccd58688 - Path: Packages/com.unity.render-pipelines.core/Editor/HeaderFoldout.cs - Importer: ScriptedImporter/UnityEditor.QuickSearchModule:UnityEditor.Search:ASIAI0B
Importing 'GUID: 37dd9d7e334016b42b990e47ccd58688 - Path: Packages/com.unity.render-pipelines.core/Editor/HeaderFoldout.cs - Importer: ScriptedImporter/UnityEditor.QuickSearchModule:UnityEditor.Search:ASIAI0B' with importer (ScriptedImporter : UnityEditor.QuickSearchModule:UnityEditor.Search:ASIAI0B)
Imported 'GUID: 37dd9d7e334016b42b990e47ccd58688' -> (Import Result ID: '169e4a0c50689c6da3c949ee97e2ce46') in 0.003 seconds [static and dynamic dependencies]. Details - ImportResultOutputID=378a4e22cf8624b687a18ffadc1ca049 DependenciesID=bc4953e2d6c40c7124dc22e9945d6af0 StaticDependenciesID=d6ad2e5ced6b28498678bced19e6d991 
Number of updated asset objects reloaded before import = 0
Number of asset objects unloaded after import = 0
========================================================================
Received Import Request.
  Time of request: 2026-08-04T17:31:22.5671816Z
  Time since last request: 0.0002822 seconds.
  importAddress: GUID: 1c13e3f9217a6854ebb4d5d716b60103 - Path: Packages/com.unity.render-pipelines.core/Editor/CoreRenderPipelinePreferences.cs - Importer: ScriptedImporter/UnityEditor.QuickSearchModule:UnityEditor.Search:ASIAI0B
Importing 'GUID: 1c13e3f9217a6854ebb4d5d716b60103 - Path: Packages/com.unity.render-pipelines.core/Editor/CoreRenderPipelinePreferences.cs - Importer: ScriptedImporter/UnityEditor.QuickSearchModule:UnityEditor.Search:ASIAI0B' with importer (ScriptedImporter : UnityEditor.QuickSearchModule:UnityEditor.Search:ASIAI0B)
Imported 'GUID: 1c13e3f9217a6854ebb4d5d716b60103' -> (Import Result ID: 'ad0aa68f51a013d6b7957b2c5daf7d90') in 0.002 seconds [static and dynamic dependencies]. Details - ImportResultOutputID=8089732d6990e280eee1802ee58e6952 DependenciesID=d2dfe7aa7de10932e1a46f52cb505789 StaticDependenciesID=071584ec1dd885c665e0e715c92e1958 
Number of updated asset objects reloaded before import = 0
Number of asset objects unloaded after import = 0
========================================================================
Received Import Request.
  Time of request: 2026-08-04T17:31:22.5759026Z
  Time since last request: 0.0002604 seconds.
  importAddress: GUID: b83f06ac0c0696e9563230865ca72b81 - Path: Packages/com.unity.modules.wind/package.json - Importer: ScriptedImporter/UnityEditor.QuickSearchModule:UnityEditor.Search:ASIAI0B
Importing 'GUID: b83f06ac0c0696e9563230865ca72b81 - Path: Packages/com.unity.modules.wind/package.json - Importer: ScriptedImporter/UnityEditor.QuickSearchModule:UnityEditor.Search:ASIAI0B' with importer (ScriptedImporter : UnityEditor.QuickSearchModule:UnityEditor.Search:ASIAI0B)
Imported 'GUID: b83f06ac0c0696e9563230865ca72b81' -> (Import Result ID: 'a6acf9b3f01b7e6ef75c5f8546d2db39') in 0.002 seconds [static and dynamic dependencies]. Details - ImportResultOutputID=19e616c97f82423ad40cdc758c000b75 DependenciesID=179c4d4a3491d1f95b6a86a1a2ac4de5 StaticDependenciesID=bde6f6cda6f3a83dfed4758f57afa58b 
Number of updated asset objects reloaded before import = 0
Number of asset objects unloaded after import = 1
========================================================================
Received Import Request.
  Time of request: 2026-08-04T17:31:22.5849631Z
  Time since last request: 0.0002135 seconds.
  importAddress: GUID: 20456a2cc8a214f9d9846725cff9fea4 - Path: Packages/com.unity.render-pipelines.core/CHANGELOG.md - Importer: ScriptedImporter/UnityEditor.QuickSearchModule:UnityEditor.Search:ASIAI0B
Importing 'GUID: 20456a2cc8a214f9d9846725cff9fea4 - Path: Packages/com.unity.render-pipelines.core/CHANGELOG.md - Importer: ScriptedImporter/UnityEditor.QuickSearchModule:UnityEditor.Search:ASIAI0B' with importer (ScriptedImporter : UnityEditor.QuickSearchModule:UnityEditor.Search:ASIAI0B)
Imported 'GUID: 20456a2cc8a214f9d9846725cff9fea4' -> (Import Result ID: 'af3691c46d0c5225eacac520a4c8d706') in 0.002 seconds [static and dynamic dependencies]. Details - ImportResultOutputID=0be328cb83d9776905422bdcaecd9ca6 DependenciesID=c6fa6f32e4d13d97cd5a0fd91dd85cbe StaticDependenciesID=b2d08611fb179780a242dbb2bd9d60bf 
Number of updated asset objects reloaded before import = 0
Number of asset objects unloaded after import = 1
========================================================================
Received Import Request.
  Time of request: 2026-08-04T17:31:22.6024518Z
  Time since last request: 0.0086762 seconds.
  importAddress: GUID: d7414e735eb09cd40855d8142a1c2e18 - Path: Packages/com.unity.render-pipelines.core/ShaderLibrary/MetaPass.hlsl - Importer: ScriptedImporter/UnityEditor.QuickSearchModule:UnityEditor.Search:ASIAI0B
Importing 'GUID: d7414e735eb09cd40855d8142a1c2e18 - Path: Packages/com.unity.render-pipelines.core/ShaderLibrary/MetaPass.hlsl - Importer: ScriptedImporter/UnityEditor.QuickSearchModule:UnityEditor.Search:ASIAI0B' with importer (ScriptedImporter : UnityEditor.QuickSearchModule:UnityEditor.Search:ASIAI0B)
Imported 'GUID: d7414e735eb09cd40855d8142a1c2e18' -> (Import Result ID: '0a1fea5768aab3c767f5140dabe2ea92') in 0.002 seconds [static and dynamic dependencies]. Details - ImportResultOutputID=60139cb053ebc765a4864218691cafa8 DependenciesID=57d2ed32977976c829f8fcc4e960c951 StaticDependenciesID=d875d0829acd12f7e6714acc5cca1afb 
Number of updated asset objects reloaded before import = 0
Number of asset objects unloaded after import = 1
========================================================================
Received Import Request.
  Time of request: 2026-08-04T17:31:22.6114743Z
  Time since last request: 0.000391 seconds.
  importAddress: GUID: ae4dc0bfd9fc0b544a109513ba841d30 - Path: Packages/com.unity.render-pipelines.core/ShaderLibrary/ImageBasedLighting.hlsl - Importer: ScriptedImporter/UnityEditor.QuickSearchModule:UnityEditor.Search:ASIAI0B
Importing 'GUID: ae4dc0bfd9fc0b544a109513ba841d30 - Path: Packages/com.unity.render-pipelines.core/ShaderLibrary/ImageBasedLighting.hlsl - Importer: ScriptedImporter/UnityEditor.QuickSearchModule:UnityEditor.Search:ASIAI0B' with importer (ScriptedImporter : UnityEditor.QuickSearchModule:UnityEditor.Search:ASIAI0B)
Imported 'GUID: ae4dc0bfd9fc0b544a109513ba841d30' -> (Import Result ID: 'cfd0fb8c43c3c035f853e8a5ceca24f0') in 0.002 seconds [static and dynamic dependencies]. Details - ImportResultOutputID=25870b7a59a5de5a77a6b7024c40eba2 DependenciesID=a35b78b215c9a3429c68cd73986e0e18 StaticDependenciesID=d68b1d5d852e2b7de182da9800f6a6c2 
Number of updated asset objects reloaded before import = 0
Number of asset objects unloaded after import = 1
========================================================================
Received Import Request.
  Time of request: 2026-08-04T17:31:22.6207226Z
  Time since last request: 0.0003311 seconds.
  importAddress: GUID: 73b08ea164ce48f382a510231156102f - Path: Packages/com.unity.render-pipelines.core/ShaderLibrary/MostRepresentativePoint.hlsl - Importer: ScriptedImporter/UnityEditor.QuickSearchModule:UnityEditor.Search:ASIAI0B
Importing 'GUID: 73b08ea164ce48f382a510231156102f - Path: Packages/com.unity.render-pipelines.core/ShaderLibrary/MostRepresentativePoint.hlsl - Importer: ScriptedImporter/UnityEditor.QuickSearchModule:UnityEditor.Search:ASIAI0B' with importer (ScriptedImporter : UnityEditor.QuickSearchModule:UnityEditor.Search:ASIAI0B)
Imported 'GUID: 73b08ea164ce48f382a510231156102f' -> (Import Result ID: '266c5f7845b078037682d4ca38133ad7') in 0.002 seconds [static and dynamic dependencies]. Details - ImportResultOutputID=35f5782cccd6c2a420a42cce604e99eb DependenciesID=e01f433ba5c949d79554fae3c1bd0730 StaticDependenciesID=50d21b46ca7f10a6f9179c7482f94dac 
Number of updated asset objects reloaded before import = 0
Number of asset objects unloaded after import = 1
========================================================================
Received Import Request.
  Time of request: 2026-08-04T17:31:22.6298324Z
  Time since last request: 0.0002174 seconds.
  importAddress: GUID: c32bc6ee3c5a47b5829b4db408c79d3b - Path: Packages/com.unity.render-pipelines.core/ShaderLibrary/FoveatedRenderingKeywords.hlsl - Importer: ScriptedImporter/UnityEditor.QuickSearchModule:UnityEditor.Search:ASIAI0B
Importing 'GUID: c32bc6ee3c5a47b5829b4db408c79d3b - Path: Packages/com.unity.render-pipelines.core/ShaderLibrary/FoveatedRenderingKeywords.hlsl - Importer: ScriptedImporter/UnityEditor.QuickSearchModule:UnityEditor.Search:ASIAI0B' with importer (ScriptedImporter : UnityEditor.QuickSearchModule:UnityEditor.Search:ASIAI0B)
Imported 'GUID: c32bc6ee3c5a47b5829b4db408c79d3b' -> (Import Result ID: 'c2ac392899c550546f2133fa15303c2d') in 0.002 seconds [static and dynamic dependencies]. Details - ImportResultOutputID=e114db3d38a599035263d92787bdc7c8 DependenciesID=76538a19701b928dfe4bc26863cc216c StaticDependenciesID=6af6d3ee100a29ba945562395135d55e 
Number of updated asset objects reloaded before import = 0
Number of asset objects unloaded after import = 1
========================================================================
Received Import Request.
  Time of request: 2026-08-04T17:31:22.6391406Z
  Time since last request: 0.0003144 seconds.
  importAddress: GUID: a85db80be6def144e938df4cbf0d1aa6 - Path: Packages/com.unity.render-pipelines.core/ShaderLibrary/CommonShadow.hlsl - Importer: ScriptedImporter/UnityEditor.QuickSearchModule:UnityEditor.Search:ASIAI0B
Importing 'GUID: a85db80be6def144e938df4cbf0d1aa6 - Path: Packages/com.unity.render-pipelines.core/ShaderLibrary/CommonShadow.hlsl - Importer: ScriptedImporter/UnityEditor.QuickSearchModule:UnityEditor.Search:ASIAI0B' with importer (ScriptedImporter : UnityEditor.QuickSearchModule:UnityEditor.Search:ASIAI0B)
Imported 'GUID: a85db80be6def144e938df4cbf0d1aa6' -> (Import Result ID: '6389f9380c0478d86ea3c7f54ba1d5d1') in 0.002 seconds [static and dynamic dependencies]. Details - ImportResultOutputID=48b994c7b014e82f4fc98eb306d25f06 DependenciesID=79f9a05649cb6e30742e9b07bc4c9154 StaticDependenciesID=9271c15fced93e78e70f7d31dbc9a795 
Number of updated asset objects reloaded before import = 0
Number of asset objects unloaded after import = 1
========================================================================
Received Import Request.
  Time of request: 2026-08-04T17:31:22.6500317Z
  Time since last request: 0.0003503 seconds.
  importAddress: GUID: b52d68e305b98a94bac88855d8ea5936 - Path: Packages/com.unity.render-pipelines.core/ShaderLibrary/ACES.hlsl - Importer: ScriptedImporter/UnityEditor.QuickSearchModule:UnityEditor.Search:ASIAI0B
Importing 'GUID: b52d68e305b98a94bac88855d8ea5936 - Path: Packages/com.unity.render-pipelines.core/ShaderLibrary/ACES.hlsl - Importer: ScriptedImporter/UnityEditor.QuickSearchModule:UnityEditor.Search:ASIAI0B' with importer (ScriptedImporter : UnityEditor.QuickSearchModule:UnityEditor.Search:ASIAI0B)
Imported 'GUID: b52d68e305b98a94bac88855d8ea5936' -> (Import Result ID: '0947c49a1462bbd89efffb7338a2de82') in 0.002 seconds [static and dynamic dependencies]. Details - ImportResultOutputID=7c175a24fe08fcb47dbdc49bf90073e3 DependenciesID=84ba55e042951042d2a41ae9cf688827 StaticDependenciesID=a34dcdbe90bc81a352a936e4a6f62096 
Number of updated asset objects reloaded before import = 0
Number of asset objects unloaded after import = 1
========================================================================
Received Import Request.
  Time of request: 2026-08-04T17:31:22.6591374Z
  Time since last request: 0.0002378 seconds.
  importAddress: GUID: 325b1a823e35d84478e89669f808ecb9 - Path: Packages/com.unity.render-pipelines.core/ShaderLibrary/SDF2D.hlsl - Importer: ScriptedImporter/UnityEditor.QuickSearchModule:UnityEditor.Search:ASIAI0B
Importing 'GUID: 325b1a823e35d84478e89669f808ecb9 - Path: Packages/com.unity.render-pipelines.core/ShaderLibrary/SDF2D.hlsl - Importer: ScriptedImporter/UnityEditor.QuickSearchModule:UnityEditor.Search:ASIAI0B' with importer (ScriptedImporter : UnityEditor.QuickSearchModule:UnityEditor.Search:ASIAI0B)
Imported 'GUID: 325b1a823e35d84478e89669f808ecb9' -> (Import Result ID: 'b40f9206cf88156346d1d883e6aaf544') in 0.003 seconds [static and dynamic dependencies]. Details - ImportResultOutputID=eff63328b8a2bdc3e41f2eaac4cd2f02 DependenciesID=0ab3a78137328ec0b58b99341a289d9a StaticDependenciesID=89f57d0f2f0cf4e6de84838fd3ff5b9b 
Number of updated asset objects reloaded before import = 0
Number of asset objects unloaded after import = 1
========================================================================
Received Import Request.
  Time of request: 2026-08-04T17:31:22.669603Z
  Time since last request: 0.0003507 seconds.
  importAddress: GUID: 6300b0e79f5d15e499b9d6b5d23ca01b - Path: Packages/com.unity.render-pipelines.core/ShaderLibrary/Macros.hlsl - Importer: ScriptedImporter/UnityEditor.QuickSearchModule:UnityEditor.Search:ASIAI0B
Importing 'GUID: 6300b0e79f5d15e499b9d6b5d23ca01b - Path: Packages/com.unity.render-pipelines.core/ShaderLibrary/Macros.hlsl - Importer: ScriptedImporter/UnityEditor.QuickSearchModule:UnityEditor.Search:ASIAI0B' with importer (ScriptedImporter : UnityEditor.QuickSearchModule:UnityEditor.Search:ASIAI0B)
Imported 'GUID: 6300b0e79f5d15e499b9d6b5d23ca01b' -> (Import Result ID: '6ac1a6885161f88467128735f86dab86') in 0.002 seconds [static and dynamic dependencies]. Details - ImportResultOutputID=76bc019763f26e3f14d6bce3a3d928b9 DependenciesID=9674006ac45a378c3ddf6011274ba88a StaticDependenciesID=70fdb15641ec3faab15be4681b83c6a9 
Number of updated asset objects reloaded before import = 0
Number of asset objects unloaded after import = 1
========================================================================
Received Import Request.
  Time of request: 2026-08-04T17:31:22.6813844Z
  Time since last request: 0.0002769 seconds.
  importAddress: GUID: 9fede799a67b40b2a294892639a80b13 - Path: Packages/com.unity.render-pipelines.core/ShaderLibrary/Coverage.hlsl - Importer: ScriptedImporter/UnityEditor.QuickSearchModule:UnityEditor.Search:ASIAI0B
Importing 'GUID: 9fede799a67b40b2a294892639a80b13 - Path: Packages/com.unity.render-pipelines.core/ShaderLibrary/Coverage.hlsl - Importer: ScriptedImporter/UnityEditor.QuickSearchModule:UnityEditor.Search:ASIAI0B' with importer (ScriptedImporter : UnityEditor.QuickSearchModule:UnityEditor.Search:ASIAI0B)
Imported 'GUID: 9fede799a67b40b2a294892639a80b13' -> (Import Result ID: '8adc5f78508895ea3b0be37c8123c1e5') in 0.002 seconds [static and dynamic dependencies]. Details - ImportResultOutputID=cd2344c7d36492d3fafa8ef81220dfbd DependenciesID=16a6421e186af57cc9a65d555c914400 StaticDependenciesID=17a3abc6893fa4303870c50d5acbd654 
Number of updated asset objects reloaded before import = 0
Number of asset objects unloaded after import = 1
========================================================================
Received Import Request.
  Time of request: 2026-08-04T17:31:22.6904934Z
  Time since last request: 0.0002203 seconds.
  importAddress: GUID: 6487e82b005541789deacb92eaa88bed - Path: Packages/com.unity.render-pipelines.core/ShaderLibrary/ShaderDebugPrint.hlsl - Importer: ScriptedImporter/UnityEditor.QuickSearchModule:UnityEditor.Search:ASIAI0B
Importing 'GUID: 6487e82b005541789deacb92eaa88bed - Path: Packages/com.unity.render-pipelines.core/ShaderLibrary/ShaderDebugPrint.hlsl - Importer: ScriptedImporter/UnityEditor.QuickSearchModule:UnityEditor.Search:ASIAI0B' with importer (ScriptedImporter : UnityEditor.QuickSearchModule:UnityEditor.Search:ASIAI0B)
Imported 'GUID: 6487e82b005541789deacb92eaa88bed' -> (Import Result ID: '9bceaca1515081822e1ea6bdbe6427a6') in 0.002 seconds [static and dynamic dependencies]. Details - ImportResultOutputID=225cfd505c8bf5e417aeeab118f1f3ff DependenciesID=6aa64966c9bcdcce9e0e19a7bbd7fb09 StaticDependenciesID=04dc385d8c360e2e502196f8b6adb36a 
Number of updated asset objects reloaded before import = 0
Number of asset objects unloaded after import = 1
========================================================================
Received Import Request.
  Time of request: 2026-08-04T17:31:22.6994599Z
  Time since last request: 0.0002299 seconds.
  importAddress: GUID: 0bf6c7395c05c624d92ebdff0dcc1a61 - Path: Packages/com.unity.render-pipelines.core/ShaderLibrary/Hashes.hlsl - Importer: ScriptedImporter/UnityEditor.QuickSearchModule:UnityEditor.Search:ASIAI0B
Importing 'GUID: 0bf6c7395c05c624d92ebdff0dcc1a61 - Path: Packages/com.unity.render-pipelines.core/ShaderLibrary/Hashes.hlsl - Importer: ScriptedImporter/UnityEditor.QuickSearchModule:UnityEditor.Search:ASIAI0B' with importer (ScriptedImporter : UnityEditor.QuickSearchModule:UnityEditor.Search:ASIAI0B)
Imported 'GUID: 0bf6c7395c05c624d92ebdff0dcc1a61' -> (Import Result ID: '31f5c3e7af859810188d4f15aecbb39f') in 0.002 seconds [static and dynamic dependencies]. Details - ImportResultOutputID=843337baea81d44cb30b122d2c67fc0c DependenciesID=633dc766b014b7d07b24e3803d4144cc StaticDependenciesID=f134d68d979d6ee8ffe252b02ccf2c89 
Number of updated asset objects reloaded before import = 0
Number of asset objects unloaded after import = 1
========================================================================
Received Import Request.
  Time of request: 2026-08-04T17:31:22.708946Z
  Time since last request: 0.0003931 seconds.
  importAddress: GUID: 369a40fd4db19d048ad2cf161cc89fcd - Path: Packages/com.unity.render-pipelines.core/ShaderLibrary/DebugMipmapStreaming.hlsl - Importer: ScriptedImporter/UnityEditor.QuickSearchModule:UnityEditor.Search:ASIAI0B
Importing 'GUID: 369a40fd4db19d048ad2cf161cc89fcd - Path: Packages/com.unity.render-pipelines.core/ShaderLibrary/DebugMipmapStreaming.hlsl - Importer: ScriptedImporter/UnityEditor.QuickSearchModule:UnityEditor.Search:ASIAI0B' with importer (ScriptedImporter : UnityEditor.QuickSearchModule:UnityEditor.Search:ASIAI0B)
Imported 'GUID: 369a40fd4db19d048ad2cf161cc89fcd' -> (Import Result ID: '4ae2c6bd26c275747134665d1a190eaf') in 0.002 seconds [static and dynamic dependencies]. Details - ImportResultOutputID=5e919d063209658ce5f4f858bd9e3277 DependenciesID=89bbeb268c1c3762272eb56fd0af4b70 StaticDependenciesID=52d8ecc7e96ee0108a527baa6796eabc 
Number of updated asset objects reloaded before import = 0
Number of asset objects unloaded after import = 1
========================================================================
Received Import Request.
  Time of request: 2026-08-04T17:31:22.7349964Z
  Time since last request: 0.0173534 seconds.
  importAddress: GUID: 54fde5d97fa74a669522408aa1aa5685 - Path: Packages/com.unity.render-pipelines.core/Editor/Debugging/DebugWindow.Deprecated.cs - Importer: ScriptedImporter/UnityEditor.QuickSearchModule:UnityEditor.Search:ASIAI0B
Importing 'GUID: 54fde5d97fa74a669522408aa1aa5685 - Path: Packages/com.unity.render-pipelines.core/Editor/Debugging/DebugWindow.Deprecated.cs - Importer: ScriptedImporter/UnityEditor.QuickSearchModule:UnityEditor.Search:ASIAI0B' with importer (ScriptedImporter : UnityEditor.QuickSearchModule:UnityEditor.Search:ASIAI0B)
Imported 'GUID: 54fde5d97fa74a669522408aa1aa5685' -> (Import Result ID: '4d146c6d88a44298f7266004ec7e7ea2') in 0.002 seconds [static and dynamic dependencies]. Details - ImportResultOutputID=5294a2b5ed4aba825fae3881507fd6c5 DependenciesID=40a33e47e37a60ad9d1c0cee6ab94bf4 StaticDependenciesID=86d0656e4a612bbd9d55c709f7d7d71c 
Number of updated asset objects reloaded before import = 0
Number of asset objects unloaded after import = 0
========================================================================
Received Import Request.
  Time of request: 2026-08-04T17:31:22.7441688Z
  Time since last request: 0.0003107 seconds.
  importAddress: GUID: 64259aeba8ab2c340a3a3a81caebee7d - Path: Packages/com.unity.render-pipelines.core/Editor/Lighting/LightAnchorHandles.cs - Importer: ScriptedImporter/UnityEditor.QuickSearchModule:UnityEditor.Search:ASIAI0B
Importing 'GUID: 64259aeba8ab2c340a3a3a81caebee7d - Path: Packages/com.unity.render-pipelines.core/Editor/Lighting/LightAnchorHandles.cs - Importer: ScriptedImporter/UnityEditor.QuickSearchModule:UnityEditor.Search:ASIAI0B' with importer (ScriptedImporter : UnityEditor.QuickSearchModule:UnityEditor.Search:ASIAI0B)
Imported 'GUID: 64259aeba8ab2c340a3a3a81caebee7d' -> (Import Result ID: 'ce9b1089b819d22272579e47fb9f6f70') in 0.002 seconds [static and dynamic dependencies]. Details - ImportResultOutputID=df2af8c358492edaf9a2ddbae6dc3aef DependenciesID=e01461dd331268c4d11dcabb5c3b83d2 StaticDependenciesID=90e020be47ae3585d6ad50829f79c978 
Number of updated asset objects reloaded before import = 0
Number of asset objects unloaded after import = 0
========================================================================
Received Import Request.
  Time of request: 2026-08-04T17:31:22.753753Z
  Time since last request: 0.0002618 seconds.
  importAddress: GUID: a0d2633fc585aec4a8a89a6014bd7640 - Path: Packages/com.unity.render-pipelines.core/Editor/Camera/CameraUI.Drawers.cs - Importer: ScriptedImporter/UnityEditor.QuickSearchModule:UnityEditor.Search:ASIAI0B
Importing 'GUID: a0d2633fc585aec4a8a89a6014bd7640 - Path: Packages/com.unity.render-pipelines.core/Editor/Camera/CameraUI.Drawers.cs - Importer: ScriptedImporter/UnityEditor.QuickSearchModule:UnityEditor.Search:ASIAI0B' with importer (ScriptedImporter : UnityEditor.QuickSearchModule:UnityEditor.Search:ASIAI0B)
Imported 'GUID: a0d2633fc585aec4a8a89a6014bd7640' -> (Import Result ID: '3da5ceafb3d87e1edc8676a55881aab8') in 0.003 seconds [static and dynamic dependencies]. Details - ImportResultOutputID=8f0d8b17ee149d2be00ca5907c265688 DependenciesID=81e0e6ed8637ab549cd8dcfabde80217 StaticDependenciesID=762f49f2fcffee64a2378ffd3aa676d2 
Number of updated asset objects reloaded before import = 0
Number of asset objects unloaded after import = 0
========================================================================
Received Import Request.
  Time of request: 2026-08-04T17:31:22.7638497Z
  Time since last request: 0.0002757 seconds.
  importAddress: GUID: dedbe1894d884f119869df1b2fbf35fc - Path: Packages/com.unity.render-pipelines.core/Editor/Lighting/LightingSearchColumnProviders.cs - Importer: ScriptedImporter/UnityEditor.QuickSearchModule:UnityEditor.Search:ASIAI0B
Importing 'GUID: dedbe1894d884f119869df1b2fbf35fc - Path: Packages/com.unity.render-pipelines.core/Editor/Lighting/LightingSearchColumnProviders.cs - Importer: ScriptedImporter/UnityEditor.QuickSearchModule:UnityEditor.Search:ASIAI0B' with importer (ScriptedImporter : UnityEditor.QuickSearchModule:UnityEditor.Search:ASIAI0B)
Imported 'GUID: dedbe1894d884f119869df1b2fbf35fc' -> (Import Result ID: '2e6d18b1ec57415ea37bb403404fd42b') in 0.002 seconds [static and dynamic dependencies]. Details - ImportResultOutputID=29d47f68745d5052f8cb61dd3de36434 DependenciesID=c35ae7b8238cda64c223c2ced36e96a9 StaticDependenciesID=8634f131fc0ca9eb228af55e5fc9dcd2 
Number of updated asset objects reloaded before import = 0
Number of asset objects unloaded after import = 0
========================================================================
Received Import Request.
  Time of request: 2026-08-04T17:31:22.7735647Z
  Time since last request: 0.0003117 seconds.
  importAddress: GUID: d37aff5f3c2b94c43857a4e315390b33 - Path: Packages/com.unity.render-pipelines.core/Editor/InternalBridge/AssemblyInfo.cs - Importer: ScriptedImporter/UnityEditor.QuickSearchModule:UnityEditor.Search:ASIAI0B
Importing 'GUID: d37aff5f3c2b94c43857a4e315390b33 - Path: Packages/com.unity.render-pipelines.core/Editor/InternalBridge/AssemblyInfo.cs - Importer: ScriptedImporter/UnityEditor.QuickSearchModule:UnityEditor.Search:ASIAI0B' with importer (ScriptedImporter : UnityEditor.QuickSearchModule:UnityEditor.Search:ASIAI0B)
Imported 'GUID: d37aff5f3c2b94c43857a4e315390b33' -> (Import Result ID: '2e2471a5f01cdc655b0ac8450ba616da') in 0.002 seconds [static and dynamic dependencies]. Details - ImportResultOutputID=811a9edf07af161d03bd48eae6b9002e DependenciesID=8ad1498a0992380cb640713c4673f32d StaticDependenciesID=49f3c678d5406470362deee8dc627a4b 
Number of updated asset objects reloaded before import = 0
Number of asset objects unloaded after import = 0
========================================================================
Received Import Request.
  Time of request: 2026-08-04T17:31:22.7829033Z
  Time since last request: 0.0002593 seconds.
  importAddress: GUID: 007ecb3820c25954d90dcb206cd59ed5 - Path: Packages/com.unity.render-pipelines.core/Editor/Material/MaterialEditorExtension.cs - Importer: ScriptedImporter/UnityEditor.QuickSearchModule:UnityEditor.Search:ASIAI0B
Importing 'GUID: 007ecb3820c25954d90dcb206cd59ed5 - Path: Packages/com.unity.render-pipelines.core/Editor/Material/MaterialEditorExtension.cs - Importer: ScriptedImporter/UnityEditor.QuickSearchModule:UnityEditor.Search:ASIAI0B' with importer (ScriptedImporter : UnityEditor.QuickSearchModule:UnityEditor.Search:ASIAI0B)
Imported 'GUID: 007ecb3820c25954d90dcb206cd59ed5' -> (Import Result ID: '38cc46b351015d40e63aec5da8c82bba') in 0.002 seconds [static and dynamic dependencies]. Details - ImportResultOutputID=7145524dbd1bf080987af5410c90ea37 DependenciesID=93853a29f3e504e2dd96d6e8a423d781 StaticDependenciesID=e3002d8fbaf65160d3936381b6549658 
Number of updated asset objects reloaded before import = 0
Number of asset objects unloaded after import = 0
========================================================================
Received Import Request.
  Time of request: 2026-08-04T17:31:22.7919974Z
  Time since last request: 0.0002947 seconds.
  importAddress: GUID: acb96f1a980ed8a42a75ee14ffb92af1 - Path: Packages/com.unity.render-pipelines.core/Editor/Lighting/IESEngine.cs - Importer: ScriptedImporter/UnityEditor.QuickSearchModule:UnityEditor.Search:ASIAI0B
Importing 'GUID: acb96f1a980ed8a42a75ee14ffb92af1 - Path: Packages/com.unity.render-pipelines.core/Editor/Lighting/IESEngine.cs - Importer: ScriptedImporter/UnityEditor.QuickSearchModule:UnityEditor.Search:ASIAI0B' with importer (ScriptedImporter : UnityEditor.QuickSearchModule:UnityEditor.Search:ASIAI0B)
Imported 'GUID: acb96f1a980ed8a42a75ee14ffb92af1' -> (Import Result ID: '6bbbc917db935cb810c9ce18d7b53000') in 0.002 seconds [static and dynamic dependencies]. Details - ImportResultOutputID=99b4fc3753b0b5d79e21e714498726d0 DependenciesID=abf71fb1b7c382ed8063fc3017755d4e StaticDependenciesID=883b866dc395cb374183027f5dee18cc 
Number of updated asset objects reloaded before import = 0
Number of asset objects unloaded after import = 0
========================================================================
Received Import Request.
  Time of request: 2026-08-04T17:31:22.8013996Z
  Time since last request: 0.0003473 seconds.
  importAddress: GUID: 28e75f38a2dd403448c94e1663867a24 - Path: Packages/com.unity.render-pipelines.core/Editor/Lighting/IESReader.cs - Importer: ScriptedImporter/UnityEditor.QuickSearchModule:UnityEditor.Search:ASIAI0B
Importing 'GUID: 28e75f38a2dd403448c94e1663867a24 - Path: Packages/com.unity.render-pipelines.core/Editor/Lighting/IESReader.cs - Importer: ScriptedImporter/UnityEditor.QuickSearchModule:UnityEditor.Search:ASIAI0B' with importer (ScriptedImporter : UnityEditor.QuickSearchModule:UnityEditor.Search:ASIAI0B)
Imported 'GUID: 28e75f38a2dd403448c94e1663867a24' -> (Import Result ID: '874d811f3a8dfed4f52f4a138ddbac8f') in 0.002 seconds [static and dynamic dependencies]. Details - ImportResultOutputID=d3248044cf50283a0647e902be8578f5 DependenciesID=bb017b23c556b00f702729c48d9ff494 StaticDependenciesID=9f66640ffcd325c6da4a2e25be8cfbb5 
Number of updated asset objects reloaded before import = 0
Number of asset objects unloaded after import = 0
========================================================================
Received Import Request.
  Time of request: 2026-08-04T17:31:22.8114582Z
  Time since last request: 0.0003411 seconds.
  importAddress: GUID: 716365d8000d25e4c8621aa2d34a92fa - Path: Packages/com.unity.render-pipelines.core/Editor/InternalBridge/Unity.InternalAPIEngineBridge.RenderPipelines.Core.Editor.asmdef - Importer: ScriptedImporter/UnityEditor.QuickSearchModule:UnityEditor.Search:ASIAI0B
Importing 'GUID: 716365d8000d25e4c8621aa2d34a92fa - Path: Packages/com.unity.render-pipelines.core/Editor/InternalBridge/Unity.InternalAPIEngineBridge.RenderPipelines.Core.Editor.asmdef - Importer: ScriptedImporter/UnityEditor.QuickSearchModule:UnityEditor.Search:ASIAI0B' with importer (ScriptedImporter : UnityEditor.QuickSearchModule:UnityEditor.Search:ASIAI0B)
Imported 'GUID: 716365d8000d25e4c8621aa2d34a92fa' -> (Import Result ID: '8af52544340bd52bac41db9b091a9799') in 0.003 seconds [static and dynamic dependencies]. Details - ImportResultOutputID=e01e1c3d193e677eca156ded3742ae76 DependenciesID=56bd0be66b870dcbe6dd56d41424a51b StaticDependenciesID=6796908b624381b8306b7af5ce1b5ff6 
Number of updated asset objects reloaded before import = 0
Number of asset objects unloaded after import = 1
========================================================================
Received Import Request.
  Time of request: 2026-08-04T17:31:22.8234151Z
  Time since last request: 0.0002073 seconds.
  importAddress: GUID: 5500b139b5ad27349abf7ca9ddbd6556 - Path: Packages/com.unity.render-pipelines.core/Editor/Lighting/LightAnchorEditorTool.cs - Importer: ScriptedImporter/UnityEditor.QuickSearchModule:UnityEditor.Search:ASIAI0B
Importing 'GUID: 5500b139b5ad27349abf7ca9ddbd6556 - Path: Packages/com.unity.render-pipelines.core/Editor/Lighting/LightAnchorEditorTool.cs - Importer: ScriptedImporter/UnityEditor.QuickSearchModule:UnityEditor.Search:ASIAI0B' with importer (ScriptedImporter : UnityEditor.QuickSearchModule:UnityEditor.Search:ASIAI0B)
Imported 'GUID: 5500b139b5ad27349abf7ca9ddbd6556' -> (Import Result ID: '54e6bdc173a1a126198f7468faba5d26') in 0.002 seconds [static and dynamic dependencies]. Details - ImportResultOutputID=a91ecb4a97c4c85a554fab65c967a72e DependenciesID=62c357ba98ac2da23be75bb9822af95a StaticDependenciesID=cd0978a031affdc1535ee49c673c59da 
Number of updated asset objects reloaded before import = 0
Number of asset objects unloaded after import = 0
========================================================================
Received Import Request.
  Time of request: 2026-08-04T17:31:22.8346469Z
  Time since last request: 0.0004963 seconds.
  importAddress: GUID: 77db4492d35e8db4fb0fe2936a0879e2 - Path: Packages/com.unity.render-pipelines.core/Editor/BuildProcessors/CoreBuildData.cs - Importer: ScriptedImporter/UnityEditor.QuickSearchModule:UnityEditor.Search:ASIAI0B
Importing 'GUID: 77db4492d35e8db4fb0fe2936a0879e2 - Path: Packages/com.unity.render-pipelines.core/Editor/BuildProcessors/CoreBuildData.cs - Importer: ScriptedImporter/UnityEditor.QuickSearchModule:UnityEditor.Search:ASIAI0B' with importer (ScriptedImporter : UnityEditor.QuickSearchModule:UnityEditor.Search:ASIAI0B)
Imported 'GUID: 77db4492d35e8db4fb0fe2936a0879e2' -> (Import Result ID: 'df8568a366f33b73cd47591c3e4d460f') in 0.003 seconds [static and dynamic dependencies]. Details - ImportResultOutputID=10bef16b2077a28267db99e8cf34fa56 DependenciesID=2f4d034fd2dacce89b69490fa12e1bf8 StaticDependenciesID=032103ddd4084e31fd67e08f035b9554 
Number of updated asset objects reloaded before import = 0
Number of asset objects unloaded after import = 0
========================================================================
Received Import Request.
  Time of request: 2026-08-04T17:31:22.84691Z
  Time since last request: 0.0001852 seconds.
  importAddress: GUID: 12dc59547ea167a4ab435097dd0f9add - Path: Packages/com.unity.render-pipelines.core/Shaders/CoreCopy.shader - Importer: ScriptedImporter/UnityEditor.QuickSearchModule:UnityEditor.Search:ASIAI0B
Importing 'GUID: 12dc59547ea167a4ab435097dd0f9add - Path: Packages/com.unity.render-pipelines.core/Shaders/CoreCopy.shader - Importer: ScriptedImporter/UnityEditor.QuickSearchModule:UnityEditor.Search:ASIAI0B' with importer (ScriptedImporter : UnityEditor.QuickSearchModule:UnityEditor.Search:ASIAI0B)
Imported 'GUID: 12dc59547ea167a4ab435097dd0f9add' -> (Import Result ID: '18eda9b9c91d8481f9dbc5fbf011f71d') in 0.004 seconds [static and dynamic dependencies]. Details - ImportResultOutputID=4b107d0393b2bcbacb646190ac9b4568 DependenciesID=d6a404b2c2d26dd8ca684bf819b67ff4 StaticDependenciesID=63be490a4b4ffe165ae58677fa6396f2 
Number of updated asset objects reloaded before import = 0
Number of asset objects unloaded after import = 1
========================================================================
Received Import Request.
  Time of request: 2026-08-04T17:31:22.8677516Z
  Time since last request: 0.0094483 seconds.
  importAddress: GUID: b65964511a83d3f4fade935687c0b243 - Path: Packages/com.unity.render-pipelines.core/Editor/SampleDependencyImportSystem/SampleList.cs - Importer: ScriptedImporter/UnityEditor.QuickSearchModule:UnityEditor.Search:ASIAI0B
Importing 'GUID: b65964511a83d3f4fade935687c0b243 - Path: Packages/com.unity.render-pipelines.core/Editor/SampleDependencyImportSystem/SampleList.cs - Importer: ScriptedImporter/UnityEditor.QuickSearchModule:UnityEditor.Search:ASIAI0B' with importer (ScriptedImporter : UnityEditor.QuickSearchModule:UnityEditor.Search:ASIAI0B)
Imported 'GUID: b65964511a83d3f4fade935687c0b243' -> (Import Result ID: '0252045640ec850abf5047ab9f927a69') in 0.002 seconds [static and dynamic dependencies]. Details - ImportResultOutputID=b0daf9665b8f6b0c681ce5d1163faee7 DependenciesID=62f579e7a54dea8aefaa7a8757c13a6c StaticDependenciesID=a70f584227ff93b77df198552a4874bb 
Number of updated asset objects reloaded before import = 0
Number of asset objects unloaded after import = 0
========================================================================
Received Import Request.
  Time of request: 2026-08-04T17:31:22.8769724Z
  Time since last request: 0.0003557 seconds.
  importAddress: GUID: ea71340347cd4764d9e89cc6758729eb - Path: Packages/com.unity.render-pipelines.core/Editor/ShaderStripping/IVariantStripper.cs - Importer: ScriptedImporter/UnityEditor.QuickSearchModule:UnityEditor.Search:ASIAI0B
Importing 'GUID: ea71340347cd4764d9e89cc6758729eb - Path: Packages/com.unity.render-pipelines.core/Editor/ShaderStripping/IVariantStripper.cs - Importer: ScriptedImporter/UnityEditor.QuickSearchModule:UnityEditor.Search:ASIAI0B' with importer (ScriptedImporter : UnityEditor.QuickSearchModule:UnityEditor.Search:ASIAI0B)
Imported 'GUID: ea71340347cd4764d9e89cc6758729eb' -> (Import Result ID: 'f3fec4be1ab88a6386d0a8189ff7771f') in 0.002 seconds [static and dynamic dependencies]. Details - ImportResultOutputID=4c5315ccaaacf82f5ef20717a50ac7da DependenciesID=e68f95bfdae72bd7091bea0dca7108fa StaticDependenciesID=bbb5ddc54b206f7666a65002d1d6b012 
Number of updated asset objects reloaded before import = 0
Number of asset objects unloaded after import = 0
========================================================================
Received Import Request.
  Time of request: 2026-08-04T17:31:22.8855667Z
  Time since last request: 0.0002379 seconds.
  importAddress: GUID: 90a396453bc7183469e9497f37393dcb - Path: Packages/com.unity.render-pipelines.core/Editor/PostProcessing/LensFlareDataSRPEditor.cs - Importer: ScriptedImporter/UnityEditor.QuickSearchModule:UnityEditor.Search:ASIAI0B
Importing 'GUID: 90a396453bc7183469e9497f37393dcb - Path: Packages/com.unity.render-pipelines.core/Editor/PostProcessing/LensFlareDataSRPEditor.cs - Importer: ScriptedImporter/UnityEditor.QuickSearchModule:UnityEditor.Search:ASIAI0B' with importer (ScriptedImporter : UnityEditor.QuickSearchModule:UnityEditor.Search:ASIAI0B)
Imported 'GUID: 90a396453bc7183469e9497f37393dcb' -> (Import Result ID: '6edb7f85684d707c410cce1eab8419b9') in 0.002 seconds [static and dynamic dependencies]. Details - ImportResultOutputID=65ae00eb5da51b3f2e9d1f1f55696c50 DependenciesID=92ffa930e7d08152c78f27bc203b85c2 StaticDependenciesID=85a3f225aa645a8363cf70af798e5524 
Number of updated asset objects reloaded before import = 0
Number of asset objects unloaded after import = 0
========================================================================
Received Import Request.
  Time of request: 2026-08-04T17:31:22.8955364Z
  Time since last request: 0.0002948 seconds.
  importAddress: GUID: 59cb2244d87edf44a8800d2a01fc1dfd - Path: Packages/com.unity.render-pipelines.core/Editor/PathTracing/LightBakerWorkerProcessImporter.cs - Importer: ScriptedImporter/UnityEditor.QuickSearchModule:UnityEditor.Search:ASIAI0B
Importing 'GUID: 59cb2244d87edf44a8800d2a01fc1dfd - Path: Packages/com.unity.render-pipelines.core/Editor/PathTracing/LightBakerWorkerProcessImporter.cs - Importer: ScriptedImporter/UnityEditor.QuickSearchModule:UnityEditor.Search:ASIAI0B' with importer (ScriptedImporter : UnityEditor.QuickSearchModule:UnityEditor.Search:ASIAI0B)
Imported 'GUID: 59cb2244d87edf44a8800d2a01fc1dfd' -> (Import Result ID: 'a7c922ab146561eb686e526da7740edd') in 0.002 seconds [static and dynamic dependencies]. Details - ImportResultOutputID=922f26ac6a195fa9792080d20ec8438c DependenciesID=3f86fb66550b6054bc84f72f3e69d771 StaticDependenciesID=524480a7b06db0568acc143b81074bd2 
Number of updated asset objects reloaded before import = 0
Number of asset objects unloaded after import = 0
========================================================================
Received Import Request.
  Time of request: 2026-08-04T17:31:22.9055171Z
  Time since last request: 0.0003225 seconds.
  importAddress: GUID: f561b489519a3334bbc61fdb29229240 - Path: Packages/com.unity.render-pipelines.core/Editor/Tools/Deprecated.cs - Importer: ScriptedImporter/UnityEditor.QuickSearchModule:UnityEditor.Search:ASIAI0B
Importing 'GUID: f561b489519a3334bbc61fdb29229240 - Path: Packages/com.unity.render-pipelines.core/Editor/Tools/Deprecated.cs - Importer: ScriptedImporter/UnityEditor.QuickSearchModule:UnityEditor.Search:ASIAI0B' with importer (ScriptedImporter : UnityEditor.QuickSearchModule:UnityEditor.Search:ASIAI0B)
Imported 'GUID: f561b489519a3334bbc61fdb29229240' -> (Import Result ID: '8e6a3b51ccde035d9aad33b81d00753d') in 0.003 seconds [static and dynamic dependencies]. Details - ImportResultOutputID=ded3ff33cfc47942b5702fc42367ec8d DependenciesID=6900ec0f9860921af630234aa618efaa StaticDependenciesID=f0f65943fc6f095275739448d7655550 
Number of updated asset objects reloaded before import = 0
Number of asset objects unloaded after import = 0
========================================================================
Received Import Request.
  Time of request: 2026-08-04T17:31:22.9158723Z
  Time since last request: 0.0003083 seconds.
  importAddress: GUID: cb279d035a8fb402a96ef7d3596f54c8 - Path: Packages/com.unity.render-pipelines.core/Editor/PathTracing/BakeInputSerialization.cs - Importer: ScriptedImporter/UnityEditor.QuickSearchModule:UnityEditor.Search:ASIAI0B
Importing 'GUID: cb279d035a8fb402a96ef7d3596f54c8 - Path: Packages/com.unity.render-pipelines.core/Editor/PathTracing/BakeInputSerialization.cs - Importer: ScriptedImporter/UnityEditor.QuickSearchModule:UnityEditor.Search:ASIAI0B' with importer (ScriptedImporter : UnityEditor.QuickSearchModule:UnityEditor.Search:ASIAI0B)
Imported 'GUID: cb279d035a8fb402a96ef7d3596f54c8' -> (Import Result ID: 'a640671b6e5f6efd5bdace586d27943b') in 0.002 seconds [static and dynamic dependencies]. Details - ImportResultOutputID=9af364b6a0891689183849fd0a1453b0 DependenciesID=8e1cd7930504140d08c96158b7fd219a StaticDependenciesID=f76db4f8267a573da896b134360a99ef 
Number of updated asset objects reloaded before import = 0
Number of asset objects unloaded after import = 0
========================================================================
Received Import Request.
  Time of request: 2026-08-04T17:31:22.9254097Z
  Time since last request: 0.0002155 seconds.
  importAddress: GUID: 6502c00b916333a498fff8077f97ce9e - Path: Packages/com.unity.render-pipelines.core/Editor/RenderGraph/RenderGraphUtilsResourceStripper.cs - Importer: ScriptedImporter/UnityEditor.QuickSearchModule:UnityEditor.Search:ASIAI0B
Importing 'GUID: 6502c00b916333a498fff8077f97ce9e - Path: Packages/com.unity.render-pipelines.core/Editor/RenderGraph/RenderGraphUtilsResourceStripper.cs - Importer: ScriptedImporter/UnityEditor.QuickSearchModule:UnityEditor.Search:ASIAI0B' with importer (ScriptedImporter : UnityEditor.QuickSearchModule:UnityEditor.Search:ASIAI0B)
Imported 'GUID: 6502c00b916333a498fff8077f97ce9e' -> (Import Result ID: '637fe6d52dfbcd15cdf3fa9be489918e') in 0.002 seconds [static and dynamic dependencies]. Details - ImportResultOutputID=523cd5200da01761c2d5b8ce5baa9a6e DependenciesID=9074a715db7c0c1d6842358fe3a9d8be StaticDependenciesID=20ed5c47efbd4bd29abf68ee8c879b4d 
Number of updated asset objects reloaded before import = 0
Number of asset objects unloaded after import = 0
========================================================================
Received Import Request.
  Time of request: 2026-08-04T17:31:22.9341418Z
  Time since last request: 0.000251 seconds.
  importAddress: GUID: 8d750ffecefc4ea42b84efa0eaa7095a - Path: Packages/com.unity.render-pipelines.core/Editor/ShaderStripping/ShaderStrippingWatcher.cs - Importer: ScriptedImporter/UnityEditor.QuickSearchModule:UnityEditor.Search:ASIAI0B
Importing 'GUID: 8d750ffecefc4ea42b84efa0eaa7095a - Path: Packages/com.unity.render-pipelines.core/Editor/ShaderStripping/ShaderStrippingWatcher.cs - Importer: ScriptedImporter/UnityEditor.QuickSearchModule:UnityEditor.Search:ASIAI0B' with importer (ScriptedImporter : UnityEditor.QuickSearchModule:UnityEditor.Search:ASIAI0B)
Imported 'GUID: 8d750ffecefc4ea42b84efa0eaa7095a' -> (Import Result ID: '9dc5c263fd13bda62e3490834a47ee66') in 0.002 seconds [static and dynamic dependencies]. Details - ImportResultOutputID=177add5f19bf988f87a53eda00750533 DependenciesID=32d4517c8273cd7bf2f36c8ca6aa8c03 StaticDependenciesID=3dd41be75d0fa3db9c07732f70479728 
Number of updated asset objects reloaded before import = 0
Number of asset objects unloaded after import = 0
========================================================================
Received Import Request.
  Time of request: 2026-08-04T17:31:22.9433576Z
  Time since last request: 0.0002318 seconds.
  importAddress: GUID: 8147550de37fb934ca443edbf044e01e - Path: Packages/com.unity.render-pipelines.core/Editor/PostProcessing/LensFlareComponentSRPEditor.cs - Importer: ScriptedImporter/UnityEditor.QuickSearchModule:UnityEditor.Search:ASIAI0B
Importing 'GUID: 8147550de37fb934ca443edbf044e01e - Path: Packages/com.unity.render-pipelines.core/Editor/PostProcessing/LensFlareComponentSRPEditor.cs - Importer: ScriptedImporter/UnityEditor.QuickSearchModule:UnityEditor.Search:ASIAI0B' with importer (ScriptedImporter : UnityEditor.QuickSearchModule:UnityEditor.Search:ASIAI0B)
Imported 'GUID: 8147550de37fb934ca443edbf044e01e' -> (Import Result ID: '6382365d7ef8f60858c662b00103dbbd') in 0.003 seconds [static and dynamic dependencies]. Details - ImportResultOutputID=0b30c8bb4c29da4d480cc30af3597c28 DependenciesID=16429b1b2fdfe9760c59ffe43741c119 StaticDependenciesID=21701277e4ebb1526105ec6b855ee8b3 
Number of updated asset objects reloaded before import = 0
Number of asset objects unloaded after import = 0
========================================================================
Received Import Request.
  Time of request: 2026-08-04T17:31:22.9551591Z
  Time since last request: 0.0002269 seconds.
  importAddress: GUID: f5ff1027825046c46884c3ad73d26610 - Path: Packages/com.unity.render-pipelines.core/Editor/Settings/RenderPipelineResourcesEditor.cs - Importer: ScriptedImporter/UnityEditor.QuickSearchModule:UnityEditor.Search:ASIAI0B
Importing 'GUID: f5ff1027825046c46884c3ad73d26610 - Path: Packages/com.unity.render-pipelines.core/Editor/Settings/RenderPipelineResourcesEditor.cs - Importer: ScriptedImporter/UnityEditor.QuickSearchModule:UnityEditor.Search:ASIAI0B' with importer (ScriptedImporter : UnityEditor.QuickSearchModule:UnityEditor.Search:ASIAI0B)
Imported 'GUID: f5ff1027825046c46884c3ad73d26610' -> (Import Result ID: '7f4fb56ed0b4badc9dc7ad69f2240eb9') in 0.002 seconds [static and dynamic dependencies]. Details - ImportResultOutputID=e85f7ae14a989e02cb6840826822c34d DependenciesID=1d13bddd09d90b1856ca9ef2cfacc615 StaticDependenciesID=0162fb6fd84cf6833a1edbc3e809ac61 
Number of updated asset objects reloaded before import = 0
Number of asset objects unloaded after import = 0
========================================================================
Received Import Request.
  Time of request: 2026-08-04T17:31:22.9642278Z
  Time since last request: 0.0002176 seconds.
  importAddress: GUID: 33ed5304014ba4c0c9d86740f0d8ab49 - Path: Packages/com.unity.render-pipelines.core/Editor/PathTracing/UnityComputeProbePostProcessor.cs - Importer: ScriptedImporter/UnityEditor.QuickSearchModule:UnityEditor.Search:ASIAI0B
Importing 'GUID: 33ed5304014ba4c0c9d86740f0d8ab49 - Path: Packages/com.unity.render-pipelines.core/Editor/PathTracing/UnityComputeProbePostProcessor.cs - Importer: ScriptedImporter/UnityEditor.QuickSearchModule:UnityEditor.Search:ASIAI0B' with importer (ScriptedImporter : UnityEditor.QuickSearchModule:UnityEditor.Search:ASIAI0B)
Imported 'GUID: 33ed5304014ba4c0c9d86740f0d8ab49' -> (Import Result ID: 'aadbb9998ff675ce47ed6caed41932b6') in 0.002 seconds [static and dynamic dependencies]. Details - ImportResultOutputID=05d26d68c76455c677756bf85a3035e3 DependenciesID=6da5865cdbb2974519b51780a936d4a9 StaticDependenciesID=07759c54542b11175d3b6bb10280ff3e 
Number of updated asset objects reloaded before import = 0
Number of asset objects unloaded after import = 0
========================================================================
Received Import Request.
  Time of request: 2026-08-04T17:31:22.9735105Z
  Time since last request: 0.0002358 seconds.
  importAddress: GUID: 2e54b39aedaf3ae4a866b97489135739 - Path: Packages/com.unity.render-pipelines.core/Editor/StyleSheets/HeaderFoldoutDark.uss - Importer: ScriptedImporter/UnityEditor.QuickSearchModule:UnityEditor.Search:ASIAI0B
Importing 'GUID: 2e54b39aedaf3ae4a866b97489135739 - Path: Packages/com.unity.render-pipelines.core/Editor/StyleSheets/HeaderFoldoutDark.uss - Importer: ScriptedImporter/UnityEditor.QuickSearchModule:UnityEditor.Search:ASIAI0B' with importer (ScriptedImporter : UnityEditor.QuickSearchModule:UnityEditor.Search:ASIAI0B)
Imported 'GUID: 2e54b39aedaf3ae4a866b97489135739' -> (Import Result ID: 'e9f1e229306014c25b622ee9514e5b1f') in 0.002 seconds [static and dynamic dependencies]. Details - ImportResultOutputID=840dece484e689dd51310719acc8c862 DependenciesID=9c2f72233ae8ffe309d5b500cb3fdf66 StaticDependenciesID=625a19d99f0ae6fecda8d6afe8dd0d8f 
Number of updated asset objects reloaded before import = 0
Number of asset objects unloaded after import = 1
========================================================================
Received Import Request.
  Time of request: 2026-08-04T17:31:22.9834097Z
  Time since last request: 0.000201 seconds.
  importAddress: GUID: 67c13e47786db8b46939b64891774a02 - Path: Packages/com.unity.render-pipelines.core/Editor/ShaderStripping/ShaderStrippingReport.cs - Importer: ScriptedImporter/UnityEditor.QuickSearchModule:UnityEditor.Search:ASIAI0B
Importing 'GUID: 67c13e47786db8b46939b64891774a02 - Path: Packages/com.unity.render-pipelines.core/Editor/ShaderStripping/ShaderStrippingReport.cs - Importer: ScriptedImporter/UnityEditor.QuickSearchModule:UnityEditor.Search:ASIAI0B' with importer (ScriptedImporter : UnityEditor.QuickSearchModule:UnityEditor.Search:ASIAI0B)
Imported 'GUID: 67c13e47786db8b46939b64891774a02' -> (Import Result ID: '3ea10cd70cca97ea87787f51c0c148c8') in 0.002 seconds [static and dynamic dependencies]. Details - ImportResultOutputID=06e878397fbf602d9382a5799f0a4f61 DependenciesID=c2c4a793d745c0b88735c66bb35a265b StaticDependenciesID=195b7bdd870aa04f0da5bd81b97a8cc8 
Number of updated asset objects reloaded before import = 0
Number of asset objects unloaded after import = 0
========================================================================
Received Import Request.
  Time of request: 2026-08-04T17:31:23.0006204Z
  Time since last request: 0.007844 seconds.
  importAddress: GUID: bcf351cc6a3dc684ab5a266551adf7d5 - Path: Packages/com.unity.render-pipelines.core/Runtime/Common/DynamicString.cs - Importer: ScriptedImporter/UnityEditor.QuickSearchModule:UnityEditor.Search:ASIAI0B
Importing 'GUID: bcf351cc6a3dc684ab5a266551adf7d5 - Path: Packages/com.unity.render-pipelines.core/Runtime/Common/DynamicString.cs - Importer: ScriptedImporter/UnityEditor.QuickSearchModule:UnityEditor.Search:ASIAI0B' with importer (ScriptedImporter : UnityEditor.QuickSearchModule:UnityEditor.Search:ASIAI0B)
Imported 'GUID: bcf351cc6a3dc684ab5a266551adf7d5' -> (Import Result ID: 'f7b16cc6575b58e90288bd031d9aabf9') in 0.002 seconds [static and dynamic dependencies]. Details - ImportResultOutputID=132f96c122503c4427d50cd784529d62 DependenciesID=2652eade00ac1888cb37e0fa2d917465 StaticDependenciesID=8ecf520fc2ed68090cb8404d0adddc2b 
Number of updated asset objects reloaded before import = 0
Number of asset objects unloaded after import = 0
========================================================================
Received Import Request.
  Time of request: 2026-08-04T17:31:23.0094797Z
  Time since last request: 0.0002443 seconds.
  importAddress: GUID: f4cce54895670bb4894d26f27e71ba26 - Path: Packages/com.unity.render-pipelines.core/Runtime/Common/DynamicArray.cs - Importer: ScriptedImporter/UnityEditor.QuickSearchModule:UnityEditor.Search:ASIAI0B
Importing 'GUID: f4cce54895670bb4894d26f27e71ba26 - Path: Packages/com.unity.render-pipelines.core/Runtime/Common/DynamicArray.cs - Importer: ScriptedImporter/UnityEditor.QuickSearchModule:UnityEditor.Search:ASIAI0B' with importer (ScriptedImporter : UnityEditor.QuickSearchModule:UnityEditor.Search:ASIAI0B)
Imported 'GUID: f4cce54895670bb4894d26f27e71ba26' -> (Import Result ID: '0cfc4dac737a577e7ef5f172597a6499') in 0.002 seconds [static and dynamic dependencies]. Details - ImportResultOutputID=0cb37d22a8a93595e0eb56b726c7e86d DependenciesID=46756bf4b38366d0a2136b5e36e38ff3 StaticDependenciesID=f19a350e13d890e73be1c41383e767f7 
Number of updated asset objects reloaded before import = 0
Number of asset objects unloaded after import = 0
========================================================================
Received Import Request.
  Time of request: 2026-08-04T17:31:23.0182441Z
  Time since last request: 0.0003417 seconds.
  importAddress: GUID: ff0586f694b524faead0c7e66b5cc05b - Path: Packages/com.unity.render-pipelines.core/Runtime/CommandBuffers/IUnsafeCommandBuffer.cs - Importer: ScriptedImporter/UnityEditor.QuickSearchModule:UnityEditor.Search:ASIAI0B
Importing 'GUID: ff0586f694b524faead0c7e66b5cc05b - Path: Packages/com.unity.render-pipelines.core/Runtime/CommandBuffers/IUnsafeCommandBuffer.cs - Importer: ScriptedImporter/UnityEditor.QuickSearchModule:UnityEditor.Search:ASIAI0B' with importer (ScriptedImporter : UnityEditor.QuickSearchModule:UnityEditor.Search:ASIAI0B)
Imported 'GUID: ff0586f694b524faead0c7e66b5cc05b' -> (Import Result ID: 'eeb55602bd3d4d5da2f27475a9e10d47') in 0.002 seconds [static and dynamic dependencies]. Details - ImportResultOutputID=8de63f6bb1b59fbd62a03ee0020db1f9 DependenciesID=e25a8ecd63811d2faaf5ab4be33be71a StaticDependenciesID=7fa7448fc864679e3fd9b58ed8e04d41 
Number of updated asset objects reloaded before import = 0
Number of asset objects unloaded after import = 0
========================================================================
Received Import Request.
  Time of request: 2026-08-04T17:31:23.0274921Z
  Time since last request: 0.0002912 seconds.
  importAddress: GUID: 052bf63f14f44212ba39157b6bdd877c - Path: Packages/com.unity.render-pipelines.core/Editor/Volume/VolumeComponentCopyPaste.cs - Importer: ScriptedImporter/UnityEditor.QuickSearchModule:UnityEditor.Search:ASIAI0B
Importing 'GUID: 052bf63f14f44212ba39157b6bdd877c - Path: Packages/com.unity.render-pipelines.core/Editor/Volume/VolumeComponentCopyPaste.cs - Importer: ScriptedImporter/UnityEditor.QuickSearchModule:UnityEditor.Search:ASIAI0B' with importer (ScriptedImporter : UnityEditor.QuickSearchModule:UnityEditor.Search:ASIAI0B)
Imported 'GUID: 052bf63f14f44212ba39157b6bdd877c' -> (Import Result ID: '53625cb4f9e47ad55e26833cc48b803f') in 0.002 seconds [static and dynamic dependencies]. Details - ImportResultOutputID=95b48f72f1b49f346475b913597a8d97 DependenciesID=e8b92409174812603c8d2b38454b5152 StaticDependenciesID=728be6d54e96aa09f642234cd3cd8b37 
Number of updated asset objects reloaded before import = 0
Number of asset objects unloaded after import = 0
========================================================================
Received Import Request.
  Time of request: 2026-08-04T17:31:23.0369563Z
  Time since last request: 0.0002806 seconds.
  importAddress: GUID: 2475d4ff1fb90a64c828b1e6f47e671e - Path: Packages/com.unity.render-pipelines.core/Editor/Utilities/EditorMaterialQuality.cs - Importer: ScriptedImporter/UnityEditor.QuickSearchModule:UnityEditor.Search:ASIAI0B
Importing 'GUID: 2475d4ff1fb90a64c828b1e6f47e671e - Path: Packages/com.unity.render-pipelines.core/Editor/Utilities/EditorMaterialQuality.cs - Importer: ScriptedImporter/UnityEditor.QuickSearchModule:UnityEditor.Search:ASIAI0B' with importer (ScriptedImporter : UnityEditor.QuickSearchModule:UnityEditor.Search:ASIAI0B)
Imported 'GUID: 2475d4ff1fb90a64c828b1e6f47e671e' -> (Import Result ID: '339c9bb79b7699b4b0ea6233b3385492') in 0.002 seconds [static and dynamic dependencies]. Details - ImportResultOutputID=ca1d670c985dccae104c1ec0ad8727b5 DependenciesID=bfd04c5abbbff8df49a1344276c73474 StaticDependenciesID=1b0b43f9170b961efe51a6385dc11d47 
Number of updated asset objects reloaded before import = 0
Number of asset objects unloaded after import = 0
========================================================================
Received Import Request.
  Time of request: 2026-08-04T17:31:23.0457199Z
  Time since last request: 0.0001954 seconds.
  importAddress: GUID: 1511526f1e7c8e94ea477c5b5c9dcc32 - Path: Packages/com.unity.render-pipelines.core/Runtime/Common/ObservableList.cs - Importer: ScriptedImporter/UnityEditor.QuickSearchModule:UnityEditor.Search:ASIAI0B
Importing 'GUID: 1511526f1e7c8e94ea477c5b5c9dcc32 - Path: Packages/com.unity.render-pipelines.core/Runtime/Common/ObservableList.cs - Importer: ScriptedImporter/UnityEditor.QuickSearchModule:UnityEditor.Search:ASIAI0B' with importer (ScriptedImporter : UnityEditor.QuickSearchModule:UnityEditor.Search:ASIAI0B)
Imported 'GUID: 1511526f1e7c8e94ea477c5b5c9dcc32' -> (Import Result ID: '9dab9d25049a1029eebf8d02b3f28b0f') in 0.002 seconds [static and dynamic dependencies]. Details - ImportResultOutputID=43a17a679d6f90ecbde747da59665dfc DependenciesID=25dea5d3e0a1f26ac3d790f4ab2cf0de StaticDependenciesID=8c519ecd182df539de7c29adf8c486ae 
Number of updated asset objects reloaded before import = 0
Number of asset objects unloaded after import = 0
========================================================================
Received Import Request.
  Time of request: 2026-08-04T17:31:23.0545706Z
  Time since last request: 0.0002996 seconds.
  importAddress: GUID: b5a8751420b0404cb9679106b091aef9 - Path: Packages/com.unity.render-pipelines.core/Runtime/Camera/CameraHistory.cs - Importer: ScriptedImporter/UnityEditor.QuickSearchModule:UnityEditor.Search:ASIAI0B
Importing 'GUID: b5a8751420b0404cb9679106b091aef9 - Path: Packages/com.unity.render-pipelines.core/Runtime/Camera/CameraHistory.cs - Importer: ScriptedImporter/UnityEditor.QuickSearchModule:UnityEditor.Search:ASIAI0B' with importer (ScriptedImporter : UnityEditor.QuickSearchModule:UnityEditor.Search:ASIAI0B)
Imported 'GUID: b5a8751420b0404cb9679106b091aef9' -> (Import Result ID: '70d93ce3d1294068a713277c0c32bb9c') in 0.003 seconds [static and dynamic dependencies]. Details - ImportResultOutputID=4c89b5be95c6e22dd763edbe9b935caa DependenciesID=252326e5a2de74a7a9295d49d555487f StaticDependenciesID=7d33cced7538956975fa173e0ed6fc09 
Number of updated asset objects reloaded before import = 0
Number of asset objects unloaded after import = 0
========================================================================
Received Import Request.
  Time of request: 2026-08-04T17:31:23.0651077Z
  Time since last request: 0.0003185 seconds.
  importAddress: GUID: b35dd4b6f122695459036b125fcb7b48 - Path: Packages/com.unity.render-pipelines.core/Editor/Upscaling/UpscalerOptionsEditorCache.cs - Importer: ScriptedImporter/UnityEditor.QuickSearchModule:UnityEditor.Search:ASIAI0B
Importing 'GUID: b35dd4b6f122695459036b125fcb7b48 - Path: Packages/com.unity.render-pipelines.core/Editor/Upscaling/UpscalerOptionsEditorCache.cs - Importer: ScriptedImporter/UnityEditor.QuickSearchModule:UnityEditor.Search:ASIAI0B' with importer (ScriptedImporter : UnityEditor.QuickSearchModule:UnityEditor.Search:ASIAI0B)
Imported 'GUID: b35dd4b6f122695459036b125fcb7b48' -> (Import Result ID: 'f95e82a46fe22e746a54da39a10d1913') in 0.003 seconds [static and dynamic dependencies]. Details - ImportResultOutputID=37d04474b7c1f606070e2608700c152d DependenciesID=242caaee5b0dab235951a0a4b3b401b8 StaticDependenciesID=9500e3e15cf6612e6a021ac80a1a0d96 
Number of updated asset objects reloaded before import = 0
Number of asset objects unloaded after import = 0
========================================================================
Received Import Request.
  Time of request: 2026-08-04T17:31:23.0774077Z
  Time since last request: 0.0002752 seconds.
  importAddress: GUID: 5909aeed57082bc4eb14d48c7e088959 - Path: Packages/com.unity.render-pipelines.core/Runtime/CommandBuffers/BaseCommandBufer.cs - Importer: ScriptedImporter/UnityEditor.QuickSearchModule:UnityEditor.Search:ASIAI0B
Importing 'GUID: 5909aeed57082bc4eb14d48c7e088959 - Path: Packages/com.unity.render-pipelines.core/Runtime/CommandBuffers/BaseCommandBufer.cs - Importer: ScriptedImporter/UnityEditor.QuickSearchModule:UnityEditor.Search:ASIAI0B' with importer (ScriptedImporter : UnityEditor.QuickSearchModule:UnityEditor.Search:ASIAI0B)
Imported 'GUID: 5909aeed57082bc4eb14d48c7e088959' -> (Import Result ID: '2d2d779005cd3260456c25667317739f') in 0.002 seconds [static and dynamic dependencies]. Details - ImportResultOutputID=28f2218feb90bbe39eb0b6de84629cdd DependenciesID=f05ec7b9333521188006c6aacd805e54 StaticDependenciesID=b0d927544beb0a40186ff2fc80b9019c 
Number of updated asset objects reloaded before import = 0
Number of asset objects unloaded after import = 0
========================================================================
Received Import Request.
  Time of request: 2026-08-04T17:31:23.0870265Z
  Time since last request: 0.0003377 seconds.
  importAddress: GUID: 614eebdfcdcaf804daf7202397af35b4 - Path: Packages/com.unity.render-pipelines.core/Runtime/CommandBuffers/IBaseCommandBuffer.cs - Importer: ScriptedImporter/UnityEditor.QuickSearchModule:UnityEditor.Search:ASIAI0B
Importing 'GUID: 614eebdfcdcaf804daf7202397af35b4 - Path: Packages/com.unity.render-pipelines.core/Runtime/CommandBuffers/IBaseCommandBuffer.cs - Importer: ScriptedImporter/UnityEditor.QuickSearchModule:UnityEditor.Search:ASIAI0B' with importer (ScriptedImporter : UnityEditor.QuickSearchModule:UnityEditor.Search:ASIAI0B)
Imported 'GUID: 614eebdfcdcaf804daf7202397af35b4' -> (Import Result ID: 'fff73de907e0d83e3d263ff02245717f') in 0.002 seconds [static and dynamic dependencies]. Details - ImportResultOutputID=045f551061435792c0f87b4d963e4790 DependenciesID=564f232f08003df73e047f93ab602c48 StaticDependenciesID=e85cea29e34177ad20c8f96b114628c6 
Number of updated asset objects reloaded before import = 0
Number of asset objects unloaded after import = 0
========================================================================
Received Import Request.
  Time of request: 2026-08-04T17:31:23.0963015Z
  Time since last request: 0.0005254 seconds.
  importAddress: GUID: b918e8093989b024da657e6db0a9c378 - Path: Packages/com.unity.render-pipelines.core/Runtime/CommandBuffers/CommandBufferHelpers.cs - Importer: ScriptedImporter/UnityEditor.QuickSearchModule:UnityEditor.Search:ASIAI0B
Importing 'GUID: b918e8093989b024da657e6db0a9c378 - Path: Packages/com.unity.render-pipelines.core/Runtime/CommandBuffers/CommandBufferHelpers.cs - Importer: ScriptedImporter/UnityEditor.QuickSearchModule:UnityEditor.Search:ASIAI0B' with importer (ScriptedImporter : UnityEditor.QuickSearchModule:UnityEditor.Search:ASIAI0B)
Imported 'GUID: b918e8093989b024da657e6db0a9c378' -> (Import Result ID: 'c09191316803752b953868c09e88a187') in 0.002 seconds [static and dynamic dependencies]. Details - ImportResultOutputID=6f17f8b54c6f50634896e1dbdb2225ae DependenciesID=df5d487706d50880be6fce4e6e9ddc17 StaticDependenciesID=baa617bc5055591c62dc2dbf2bd36ce0 
Number of updated asset objects reloaded before import = 0
Number of asset objects unloaded after import = 0
========================================================================
Received Import Request.
  Time of request: 2026-08-04T17:31:23.1062261Z
  Time since last request: 0.0002029 seconds.
  importAddress: GUID: acfc3acab7bb76944b99725933c0ad45 - Path: Packages/com.unity.render-pipelines.core/Editor/Volume/VolumeMenuItems.cs - Importer: ScriptedImporter/UnityEditor.QuickSearchModule:UnityEditor.Search:ASIAI0B
Importing 'GUID: acfc3acab7bb76944b99725933c0ad45 - Path: Packages/com.unity.render-pipelines.core/Editor/Volume/VolumeMenuItems.cs - Importer: ScriptedImporter/UnityEditor.QuickSearchModule:UnityEditor.Search:ASIAI0B' with importer (ScriptedImporter : UnityEditor.QuickSearchModule:UnityEditor.Search:ASIAI0B)
Imported 'GUID: acfc3acab7bb76944b99725933c0ad45' -> (Import Result ID: '246eb22da2492be014e750a262f9198b') in 0.002 seconds [static and dynamic dependencies]. Details - ImportResultOutputID=07db6e025cb2c2eb8f57e5e0e5f307b0 DependenciesID=9df2e6a508c501e1790e500986974c55 StaticDependenciesID=129541964587ede3c873acac8b7d3c4a 
Number of updated asset objects reloaded before import = 0
Number of asset objects unloaded after import = 0
========================================================================
Received Import Request.
  Time of request: 2026-08-04T17:31:23.1159776Z
  Time since last request: 0.0003093 seconds.
  importAddress: GUID: 5b5f2f0a59748ee45bd932de0ff19731 - Path: Packages/com.unity.render-pipelines.core/Editor/Utilities/UIElementSearchFilter.cs - Importer: ScriptedImporter/UnityEditor.QuickSearchModule:UnityEditor.Search:ASIAI0B
Importing 'GUID: 5b5f2f0a59748ee45bd932de0ff19731 - Path: Packages/com.unity.render-pipelines.core/Editor/Utilities/UIElementSearchFilter.cs - Importer: ScriptedImporter/UnityEditor.QuickSearchModule:UnityEditor.Search:ASIAI0B' with importer (ScriptedImporter : UnityEditor.QuickSearchModule:UnityEditor.Search:ASIAI0B)
Imported 'GUID: 5b5f2f0a59748ee45bd932de0ff19731' -> (Import Result ID: 'd82c540710faf26bf425e0e7c63a56bf') in 0.002 seconds [static and dynamic dependencies]. Details - ImportResultOutputID=9182924ef0ed202f07dfe16a65701653 DependenciesID=cc59f765892aae740f6c1a9f2935c3f0 StaticDependenciesID=b15384067ed09b2bd9d20d114df34c97 
Number of updated asset objects reloaded before import = 0
Number of asset objects unloaded after import = 0
========================================================================
Received Import Request.
  Time of request: 2026-08-04T17:31:23.13376Z
  Time since last request: 0.0089356 seconds.
  importAddress: GUID: 987617381d0b4ad4fafa9f3ab3ae5fb4 - Path: Packages/com.unity.render-pipelines.core/Runtime/Debugging/DebugDisplaySettingsVolumes.cs - Importer: ScriptedImporter/UnityEditor.QuickSearchModule:UnityEditor.Search:ASIAI0B
Importing 'GUID: 987617381d0b4ad4fafa9f3ab3ae5fb4 - Path: Packages/com.unity.render-pipelines.core/Runtime/Debugging/DebugDisplaySettingsVolumes.cs - Importer: ScriptedImporter/UnityEditor.QuickSearchModule:UnityEditor.Search:ASIAI0B' with importer (ScriptedImporter : UnityEditor.QuickSearchModule:UnityEditor.Search:ASIAI0B)
Imported 'GUID: 987617381d0b4ad4fafa9f3ab3ae5fb4' -> (Import Result ID: '41e11ff97306e9cdcbaa77b4897c4b4e') in 0.002 seconds [static and dynamic dependencies]. Details - ImportResultOutputID=1527feff4fc349e7cf622161c0985edf DependenciesID=e14513267f6cfd33312e4e0f27ff37d2 StaticDependenciesID=af133c14be530c97e3258aa4ba215996 
Number of updated asset objects reloaded before import = 0
Number of asset objects unloaded after import = 0
========================================================================
Received Import Request.
  Time of request: 2026-08-04T17:31:23.1430055Z
  Time since last request: 0.0003465 seconds.
  importAddress: GUID: b9664289b6a7be24dbb52c3756c64fcd - Path: Packages/com.unity.render-pipelines.core/Runtime/GPUDriven/GPUResidentDrawerResources.cs - Importer: ScriptedImporter/UnityEditor.QuickSearchModule:UnityEditor.Search:ASIAI0B
Importing 'GUID: b9664289b6a7be24dbb52c3756c64fcd - Path: Packages/com.unity.render-pipelines.core/Runtime/GPUDriven/GPUResidentDrawerResources.cs - Importer: ScriptedImporter/UnityEditor.QuickSearchModule:UnityEditor.Search:ASIAI0B' with importer (ScriptedImporter : UnityEditor.QuickSearchModule:UnityEditor.Search:ASIAI0B)
Imported 'GUID: b9664289b6a7be24dbb52c3756c64fcd' -> (Import Result ID: '8a71a682af6019c9b3f2b5e1c30b6f4f') in 0.002 seconds [static and dynamic dependencies]. Details - ImportResultOutputID=3c569f9b575ec907eafdcc0acd6d378d DependenciesID=9edc4b6c47471f271c5dae2dbf821b07 StaticDependenciesID=ed466c1b0fe52293207d4e177a5062b8 
Number of updated asset objects reloaded before import = 0
Number of asset objects unloaded after import = 0
========================================================================
Received Import Request.
  Time of request: 2026-08-04T17:31:23.1522044Z
  Time since last request: 0.000357 seconds.
  importAddress: GUID: 4d348a097ea36d6418bdf3e858a808d0 - Path: Packages/com.unity.render-pipelines.core/Runtime/PathTracing/BakeLightmapDriver.cs - Importer: ScriptedImporter/UnityEditor.QuickSearchModule:UnityEditor.Search:ASIAI0B
Importing 'GUID: 4d348a097ea36d6418bdf3e858a808d0 - Path: Packages/com.unity.render-pipelines.core/Runtime/PathTracing/BakeLightmapDriver.cs - Importer: ScriptedImporter/UnityEditor.QuickSearchModule:UnityEditor.Search:ASIAI0B' with importer (ScriptedImporter : UnityEditor.QuickSearchModule:UnityEditor.Search:ASIAI0B)
Imported 'GUID: 4d348a097ea36d6418bdf3e858a808d0' -> (Import Result ID: 'b47c7d060204dd8ea229b32279d45947') in 0.003 seconds [static and dynamic dependencies]. Details - ImportResultOutputID=67c907a12bc6b41175d336d9b3b44f6d DependenciesID=d3791ba170a270f1bca1273f23bcbfd8 StaticDependenciesID=24d00b5f311af3e2dd373ce8b38ce579 
Number of updated asset objects reloaded before import = 0
Number of asset objects unloaded after import = 0
========================================================================
Received Import Request.
  Time of request: 2026-08-04T17:31:23.1632758Z
  Time since last request: 0.0002991 seconds.
  importAddress: GUID: 4fefac0c47bcdce4299384727a250dc9 - Path: Packages/com.unity.render-pipelines.core/Runtime/Debugging/VolumeDebugSettings.cs - Importer: ScriptedImporter/UnityEditor.QuickSearchModule:UnityEditor.Search:ASIAI0B
Importing 'GUID: 4fefac0c47bcdce4299384727a250dc9 - Path: Packages/com.unity.render-pipelines.core/Runtime/Debugging/VolumeDebugSettings.cs - Importer: ScriptedImporter/UnityEditor.QuickSearchModule:UnityEditor.Search:ASIAI0B' with importer (ScriptedImporter : UnityEditor.QuickSearchModule:UnityEditor.Search:ASIAI0B)
Imported 'GUID: 4fefac0c47bcdce4299384727a250dc9' -> (Import Result ID: 'c2ca363146f6c8d68ff0a04c7593c058') in 0.003 seconds [static and dynamic dependencies]. Details - ImportResultOutputID=1f47c272d4b3fdf3d83285ef462e0cc8 DependenciesID=1a9065191e755a86fed8be70b40f3273 StaticDependenciesID=1ca7145ba1e9384e9c12e54cf3ff6fd7 
Number of updated asset objects reloaded before import = 0
Number of asset objects unloaded after import = 0
========================================================================
Received Import Request.
  Time of request: 2026-08-04T17:31:23.1738939Z
  Time since last request: 0.0003153 seconds.
  importAddress: GUID: a09c907f481d4894a96697283a87c352 - Path: Packages/com.unity.render-pipelines.core/Runtime/Debugging/DebugManager.cs - Importer: ScriptedImporter/UnityEditor.QuickSearchModule:UnityEditor.Search:ASIAI0B
Importing 'GUID: a09c907f481d4894a96697283a87c352 - Path: Packages/com.unity.render-pipelines.core/Runtime/Debugging/DebugManager.cs - Importer: ScriptedImporter/UnityEditor.QuickSearchModule:UnityEditor.Search:ASIAI0B' with importer (ScriptedImporter : UnityEditor.QuickSearchModule:UnityEditor.Search:ASIAI0B)
Imported 'GUID: a09c907f481d4894a96697283a87c352' -> (Import Result ID: '51ebd9b695e1110da97c3870cd318e44') in 0.003 seconds [static and dynamic dependencies]. Details - ImportResultOutputID=67a50ffffbd9cef9553475bf87ee80b2 DependenciesID=32125568924c84b601a6ec8bf4243901 StaticDependenciesID=d72b08d8c17d6e5bada8d52041eb179b 
Number of updated asset objects reloaded before import = 0
Number of asset objects unloaded after import = 0
========================================================================
Received Import Request.
  Time of request: 2026-08-04T17:31:23.1844895Z
  Time since last request: 0.0003704 seconds.
  importAddress: GUID: 1b7f24ec37ad098488d9130f9203f68a - Path: Packages/com.unity.render-pipelines.core/Runtime/PathTracing/LightmapIntegration.cs - Importer: ScriptedImporter/UnityEditor.QuickSearchModule:UnityEditor.Search:ASIAI0B
Importing 'GUID: 1b7f24ec37ad098488d9130f9203f68a - Path: Packages/com.unity.render-pipelines.core/Runtime/PathTracing/LightmapIntegration.cs - Importer: ScriptedImporter/UnityEditor.QuickSearchModule:UnityEditor.Search:ASIAI0B' with importer (ScriptedImporter : UnityEditor.QuickSearchModule:UnityEditor.Search:ASIAI0B)
Imported 'GUID: 1b7f24ec37ad098488d9130f9203f68a' -> (Import Result ID: '33a4babdbd6ec1f1c256e8776675146a') in 0.002 seconds [static and dynamic dependencies]. Details - ImportResultOutputID=52ceb6652fc70989d8dec393987fb388 DependenciesID=330dd8f1b60badb81b086c6a22ded1d9 StaticDependenciesID=764027d685e3228e5f264a0764680155 
Number of updated asset objects reloaded before import = 0
Number of asset objects unloaded after import = 0
========================================================================
Received Import Request.
  Time of request: 2026-08-04T17:31:23.1941593Z
  Time since last request: 0.0002633 seconds.
  importAddress: GUID: 02feae31429679949ab4a4a40c8ad34e - Path: Packages/com.unity.render-pipelines.core/Runtime/Debugging/DebugUI.Containers.cs - Importer: ScriptedImporter/UnityEditor.QuickSearchModule:UnityEditor.Search:ASIAI0B
Importing 'GUID: 02feae31429679949ab4a4a40c8ad34e - Path: Packages/com.unity.render-pipelines.core/Runtime/Debugging/DebugUI.Containers.cs - Importer: ScriptedImporter/UnityEditor.QuickSearchModule:UnityEditor.Search:ASIAI0B' with importer (ScriptedImporter : UnityEditor.QuickSearchModule:UnityEditor.Search:ASIAI0B)
Imported 'GUID: 02feae31429679949ab4a4a40c8ad34e' -> (Import Result ID: '2a1333fc2af6f9669f19911549a94590') in 0.002 seconds [static and dynamic dependencies]. Details - ImportResultOutputID=ec3923afb545cdd9a3de2e875a60cb8e DependenciesID=46c52edeeea46bb461046f444c470682 StaticDependenciesID=7b9b8264d7092ea621de6789a9abd2f2 
Number of updated asset objects reloaded before import = 0
Number of asset objects unloaded after import = 0
========================================================================
Received Import Request.
  Time of request: 2026-08-04T17:31:23.2029873Z
  Time since last request: 0.0002107 seconds.
  importAddress: GUID: e817ef0dd5474269a43c074c595854d6 - Path: Packages/com.unity.render-pipelines.core/Runtime/Debugging/DebugDisplayStats.cs - Importer: ScriptedImporter/UnityEditor.QuickSearchModule:UnityEditor.Search:ASIAI0B
Importing 'GUID: e817ef0dd5474269a43c074c595854d6 - Path: Packages/com.unity.render-pipelines.core/Runtime/Debugging/DebugDisplayStats.cs - Importer: ScriptedImporter/UnityEditor.QuickSearchModule:UnityEditor.Search:ASIAI0B' with importer (ScriptedImporter : UnityEditor.QuickSearchModule:UnityEditor.Search:ASIAI0B)
Imported 'GUID: e817ef0dd5474269a43c074c595854d6' -> (Import Result ID: 'fcc7c61864e108bab2633269e374af87') in 0.002 seconds [static and dynamic dependencies]. Details - ImportResultOutputID=99bbc98f2418583ddc7ad45680ca7ef3 DependenciesID=0e5045e8922d29aaeaefcf398d3c429c StaticDependenciesID=8ccd382200438b4afa880b008f3b6046 
Number of updated asset objects reloaded before import = 0
Number of asset objects unloaded after import = 0
========================================================================
Received Import Request.
  Time of request: 2026-08-04T17:31:23.2140479Z
  Time since last request: 0.0002775 seconds.
  importAddress: GUID: 77aa0fe63e0ce9b428385908d4cd2663 - Path: Packages/com.unity.render-pipelines.core/Runtime/Debugging/DebugManager.UIState.cs - Importer: ScriptedImporter/UnityEditor.QuickSearchModule:UnityEditor.Search:ASIAI0B
Importing 'GUID: 77aa0fe63e0ce9b428385908d4cd2663 - Path: Packages/com.unity.render-pipelines.core/Runtime/Debugging/DebugManager.UIState.cs - Importer: ScriptedImporter/UnityEditor.QuickSearchModule:UnityEditor.Search:ASIAI0B' with importer (ScriptedImporter : UnityEditor.QuickSearchModule:UnityEditor.Search:ASIAI0B)
Imported 'GUID: 77aa0fe63e0ce9b428385908d4cd2663' -> (Import Result ID: 'e0f37c2af3b1d5a024c390701f0cd6f1') in 0.002 seconds [static and dynamic dependencies]. Details - ImportResultOutputID=bf87fafdba13b76dadb34796fc03ed4a DependenciesID=603c52a68f364213e5e212ef4497e82c StaticDependenciesID=dfd8a18316556de8a5402cbaee138538 
Number of updated asset objects reloaded before import = 0
Number of asset objects unloaded after import = 0
========================================================================
Received Import Request.
  Time of request: 2026-08-04T17:31:23.2241787Z
  Time since last request: 0.000258 seconds.
  importAddress: GUID: 0c0fc89bf58dc6d4590d0db55a62679e - Path: Packages/com.unity.render-pipelines.core/Runtime/Debug/ProbeVolumeDebugBase.hlsl - Importer: ScriptedImporter/UnityEditor.QuickSearchModule:UnityEditor.Search:ASIAI0B
Importing 'GUID: 0c0fc89bf58dc6d4590d0db55a62679e - Path: Packages/com.unity.render-pipelines.core/Runtime/Debug/ProbeVolumeDebugBase.hlsl - Importer: ScriptedImporter/UnityEditor.QuickSearchModule:UnityEditor.Search:ASIAI0B' with importer (ScriptedImporter : UnityEditor.QuickSearchModule:UnityEditor.Search:ASIAI0B)
Imported 'GUID: 0c0fc89bf58dc6d4590d0db55a62679e' -> (Import Result ID: 'c00fb8fe56cd8dc3b987eabd6141f89b') in 0.002 seconds [static and dynamic dependencies]. Details - ImportResultOutputID=210d619dd7e0072e675b5b8d7eba23d5 DependenciesID=548fe5371625b77e0c269a95d6857cf2 StaticDependenciesID=dbd1b9356030dfb48e80566be8542bc4 
Number of updated asset objects reloaded before import = 0
Number of asset objects unloaded after import = 1
========================================================================
Received Import Request.
  Time of request: 2026-08-04T17:31:23.2335491Z
  Time since last request: 0.0002806 seconds.
  importAddress: GUID: 01796373c956d2c40b09d1e150c2a2bd - Path: Packages/com.unity.render-pipelines.core/Runtime/Debugging/DebugOverlay.cs - Importer: ScriptedImporter/UnityEditor.QuickSearchModule:UnityEditor.Search:ASIAI0B
Importing 'GUID: 01796373c956d2c40b09d1e150c2a2bd - Path: Packages/com.unity.render-pipelines.core/Runtime/Debugging/DebugOverlay.cs - Importer: ScriptedImporter/UnityEditor.QuickSearchModule:UnityEditor.Search:ASIAI0B' with importer (ScriptedImporter : UnityEditor.QuickSearchModule:UnityEditor.Search:ASIAI0B)
Imported 'GUID: 01796373c956d2c40b09d1e150c2a2bd' -> (Import Result ID: 'dc0efe00f7ad77d714c6878476f397dd') in 0.003 seconds [static and dynamic dependencies]. Details - ImportResultOutputID=8621bfaed512fee2e22115cecc720124 DependenciesID=9abdd5a3fa1404cc44b5bc5bfabee1df StaticDependenciesID=db6caa8310551894b07e802c3ae99e6c 
Number of updated asset objects reloaded before import = 0
Number of asset objects unloaded after import = 0
========================================================================
Received Import Request.
  Time of request: 2026-08-04T17:31:23.2449941Z
  Time since last request: 0.0002459 seconds.
  importAddress: GUID: 3a80877c579b9144ebdcc6d923bca303 - Path: Packages/com.unity.render-pipelines.core/Runtime/Debug/ProbeVolumeFragmentationDebug.shader - Importer: ScriptedImporter/UnityEditor.QuickSearchModule:UnityEditor.Search:ASIAI0B
Importing 'GUID: 3a80877c579b9144ebdcc6d923bca303 - Path: Packages/com.unity.render-pipelines.core/Runtime/Debug/ProbeVolumeFragmentationDebug.shader - Importer: ScriptedImporter/UnityEditor.QuickSearchModule:UnityEditor.Search:ASIAI0B' with importer (ScriptedImporter : UnityEditor.QuickSearchModule:UnityEditor.Search:ASIAI0B)
Imported 'GUID: 3a80877c579b9144ebdcc6d923bca303' -> (Import Result ID: '3ea8375e5aa57f456db1ddf60e449f3c') in 0.003 seconds [static and dynamic dependencies]. Details - ImportResultOutputID=4e99c225430a6995f0716bc3597bf7b4 DependenciesID=7a62fe8822c134a8e90d2fc1442b512e StaticDependenciesID=9892b59fe258f14fdf95356944fb3686 
Number of updated asset objects reloaded before import = 0
Number of asset objects unloaded after import = 1
========================================================================
Received Import Request.
  Time of request: 2026-08-04T17:31:23.2557846Z
  Time since last request: 0.0002648 seconds.
  importAddress: GUID: 78ef234ccb554950b06f0b7f554b1573 - Path: Packages/com.unity.render-pipelines.core/Runtime/Debugging/ShaderDebugPrintManager.cs - Importer: ScriptedImporter/UnityEditor.QuickSearchModule:UnityEditor.Search:ASIAI0B
Importing 'GUID: 78ef234ccb554950b06f0b7f554b1573 - Path: Packages/com.unity.render-pipelines.core/Runtime/Debugging/ShaderDebugPrintManager.cs - Importer: ScriptedImporter/UnityEditor.QuickSearchModule:UnityEditor.Search:ASIAI0B' with importer (ScriptedImporter : UnityEditor.QuickSearchModule:UnityEditor.Search:ASIAI0B)
Imported 'GUID: 78ef234ccb554950b06f0b7f554b1573' -> (Import Result ID: '9c346a0f5e2cf7c073f8b59ef308a92b') in 0.002 seconds [static and dynamic dependencies]. Details - ImportResultOutputID=9fecc055de7f24c42670a5437da41632 DependenciesID=deaf13d543e5a582cc129fc3aa7a4e3c StaticDependenciesID=2283040476377ade68e7ce149e93fd80 
Number of updated asset objects reloaded before import = 0
Number of asset objects unloaded after import = 0
========================================================================
Received Import Request.
  Time of request: 2026-08-04T17:31:23.3228182Z
  Time since last request: 0.0576862 seconds.
  importAddress: GUID: 2f16318919ba4cf4686265a429896fd9 - Path: Packages/com.unity.render-pipelines.core/Runtime/PathTracing/ProbePostProcessor.cs - Importer: ScriptedImporter/UnityEditor.QuickSearchModule:UnityEditor.Search:ASIAI0B
Importing 'GUID: 2f16318919ba4cf4686265a429896fd9 - Path: Packages/com.unity.render-pipelines.core/Runtime/PathTracing/ProbePostProcessor.cs - Importer: ScriptedImporter/UnityEditor.QuickSearchModule:UnityEditor.Search:ASIAI0B' with importer (ScriptedImporter : UnityEditor.QuickSearchModule:UnityEditor.Search:ASIAI0B)
Imported 'GUID: 2f16318919ba4cf4686265a429896fd9' -> (Import Result ID: 'f2da197afe264a46e10fc9bf6bfd7637') in 0.014 seconds [static and dynamic dependencies]. Details - ImportResultOutputID=8f6f4937961da13e24ce6924977d5395 DependenciesID=a52ca8731ae93b9f571d623bbc13910a StaticDependenciesID=a6d4d8c631a5f163c34de385aa4c35d3 
Number of updated asset objects reloaded before import = 0
Number of asset objects unloaded after import = 0
========================================================================
Received Import Request.
  Time of request: 2026-08-04T17:31:23.3450271Z
  Time since last request: 0.0003953 seconds.
  importAddress: GUID: 481c6ce75c5ff4045a0f508e2a71ac21 - Path: Packages/com.unity.render-pipelines.core/Runtime/PathTracing/UnityComputeProbeIntegrator.cs - Importer: ScriptedImporter/UnityEditor.QuickSearchModule:UnityEditor.Search:ASIAI0B
Importing 'GUID: 481c6ce75c5ff4045a0f508e2a71ac21 - Path: Packages/com.unity.render-pipelines.core/Runtime/PathTracing/UnityComputeProbeIntegrator.cs - Importer: ScriptedImporter/UnityEditor.QuickSearchModule:UnityEditor.Search:ASIAI0B' with importer (ScriptedImporter : UnityEditor.QuickSearchModule:UnityEditor.Search:ASIAI0B)
Imported 'GUID: 481c6ce75c5ff4045a0f508e2a71ac21' -> (Import Result ID: '54686968024d2db6715f7b7b251f5a33') in 0.003 seconds [static and dynamic dependencies]. Details - ImportResultOutputID=efb2aceea1b4733804e3ef874e1c7af6 DependenciesID=47f9a05a4f26842601f5452870aa92c9 StaticDependenciesID=c50b6710fb091e16196f37cb9d03d490 
Number of updated asset objects reloaded before import = 0
Number of asset objects unloaded after import = 0
========================================================================
Received Import Request.
  Time of request: 2026-08-04T17:31:23.3551825Z
  Time since last request: 0.0005671 seconds.
  importAddress: GUID: b43eb475bb161a44f9da1fc2fd1fff41 - Path: Packages/com.unity.render-pipelines.core/Runtime/RenderPipeline/RenderPipelineResources.cs - Importer: ScriptedImporter/UnityEditor.QuickSearchModule:UnityEditor.Search:ASIAI0B
Importing 'GUID: b43eb475bb161a44f9da1fc2fd1fff41 - Path: Packages/com.unity.render-pipelines.core/Runtime/RenderPipeline/RenderPipelineResources.cs - Importer: ScriptedImporter/UnityEditor.QuickSearchModule:UnityEditor.Search:ASIAI0B' with importer (ScriptedImporter : UnityEditor.QuickSearchModule:UnityEditor.Search:ASIAI0B)
Imported 'GUID: b43eb475bb161a44f9da1fc2fd1fff41' -> (Import Result ID: 'ee5f1b31cdc3e84dcd6e2bb93215651b') in 0.002 seconds [static and dynamic dependencies]. Details - ImportResultOutputID=4f1b5e08641b8aec96c5ab6322276b31 DependenciesID=b7188d9181f4b1af4da13a47817e2d9d StaticDependenciesID=2a429f123d7f5004c27a1035d1a73b81 
Number of updated asset objects reloaded before import = 0
Number of asset objects unloaded after import = 0
========================================================================
Received Import Request.
  Time of request: 2026-08-04T17:31:23.3664934Z
  Time since last request: 0.0002037 seconds.
  importAddress: GUID: fd759b62892071040858aa540b5340b4 - Path: Packages/com.unity.render-pipelines.core/Runtime/RenderGraph/RenderGraphGlobalSettings.cs - Importer: ScriptedImporter/UnityEditor.QuickSearchModule:UnityEditor.Search:ASIAI0B
Importing 'GUID: fd759b62892071040858aa540b5340b4 - Path: Packages/com.unity.render-pipelines.core/Runtime/RenderGraph/RenderGraphGlobalSettings.cs - Importer: ScriptedImporter/UnityEditor.QuickSearchModule:UnityEditor.Search:ASIAI0B' with importer (ScriptedImporter : UnityEditor.QuickSearchModule:UnityEditor.Search:ASIAI0B)
Imported 'GUID: fd759b62892071040858aa540b5340b4' -> (Import Result ID: 'cad8e15c7c6c9a175151d87373c651c1') in 0.002 seconds [static and dynamic dependencies]. Details - ImportResultOutputID=8949dd31cc0c8b4c157f4cd9f7b74040 DependenciesID=251dee506608611e04ce44c7cff43a2e StaticDependenciesID=433d813d7f555079c8dfee612d373eb5 
Number of updated asset objects reloaded before import = 0
Number of asset objects unloaded after import = 0
========================================================================
Received Import Request.
  Time of request: 2026-08-04T17:31:23.3765185Z
  Time since last request: 0.0004343 seconds.
  importAddress: GUID: 91796a9618276ff42930ee05801207aa - Path: Packages/com.unity.render-pipelines.core/Runtime/Sampling/Common.hlsl - Importer: ScriptedImporter/UnityEditor.QuickSearchModule:UnityEditor.Search:ASIAI0B
Importing 'GUID: 91796a9618276ff42930ee05801207aa - Path: Packages/com.unity.render-pipelines.core/Runtime/Sampling/Common.hlsl - Importer: ScriptedImporter/UnityEditor.QuickSearchModule:UnityEditor.Search:ASIAI0B' with importer (ScriptedImporter : UnityEditor.QuickSearchModule:UnityEditor.Search:ASIAI0B)
Imported 'GUID: 91796a9618276ff42930ee05801207aa' -> (Import Result ID: 'd19f29706d22a2570564e7f91b4a46c9') in 0.002 seconds [static and dynamic dependencies]. Details - ImportResultOutputID=b4f034d9e56ebd90431aebcc98ef4923 DependenciesID=014ab59afeffd75651045a3ee3f0d92e StaticDependenciesID=994a027a031becbf230809364e2cfd04 
Number of updated asset objects reloaded before import = 0
Number of asset objects unloaded after import = 1
========================================================================
Received Import Request.
  Time of request: 2026-08-04T17:31:23.3869691Z
  Time since last request: 0.000475 seconds.
  importAddress: GUID: fb60b03cc4272524e90a04de8c72b9e1 - Path: Packages/com.unity.render-pipelines.core/Runtime/PathTracing/ProbeIntegrator.cs - Importer: ScriptedImporter/UnityEditor.QuickSearchModule:UnityEditor.Search:ASIAI0B
Importing 'GUID: fb60b03cc4272524e90a04de8c72b9e1 - Path: Packages/com.unity.render-pipelines.core/Runtime/PathTracing/ProbeIntegrator.cs - Importer: ScriptedImporter/UnityEditor.QuickSearchModule:UnityEditor.Search:ASIAI0B' with importer (ScriptedImporter : UnityEditor.QuickSearchModule:UnityEditor.Search:ASIAI0B)
Imported 'GUID: fb60b03cc4272524e90a04de8c72b9e1' -> (Import Result ID: 'e3026c28d0b81865d0953c97622e7e26') in 0.002 seconds [static and dynamic dependencies]. Details - ImportResultOutputID=dba90b28e273c980e3e09935f4649058 DependenciesID=94efc5f1840d0f83cf787ae71f7e9fa7 StaticDependenciesID=2300080abf7cb5f5b19f5f0adfc4b4ee 
Number of updated asset objects reloaded before import = 0
Number of asset objects unloaded after import = 0
========================================================================
Received Import Request.
  Time of request: 2026-08-04T17:31:23.3980801Z
  Time since last request: 0.0004314 seconds.
  importAddress: GUID: 79729a586fa84f249a56f19de16c118e - Path: Packages/com.unity.render-pipelines.core/Runtime/PathTracing/ManyLightSampling.cs - Importer: ScriptedImporter/UnityEditor.QuickSearchModule:UnityEditor.Search:ASIAI0B
Importing 'GUID: 79729a586fa84f249a56f19de16c118e - Path: Packages/com.unity.render-pipelines.core/Runtime/PathTracing/ManyLightSampling.cs - Importer: ScriptedImporter/UnityEditor.QuickSearchModule:UnityEditor.Search:ASIAI0B' with importer (ScriptedImporter : UnityEditor.QuickSearchModule:UnityEditor.Search:ASIAI0B)
Imported 'GUID: 79729a586fa84f249a56f19de16c118e' -> (Import Result ID: 'a2ac45f5c1d84ec7a66f6c2db2aeb918') in 0.002 seconds [static and dynamic dependencies]. Details - ImportResultOutputID=4d05a54a3022634224cceb753e52ec3e DependenciesID=0be2daf439c43dc4e03161171104bf24 StaticDependenciesID=e441b13aff0d7c0fff5f532f0c7295cb 
Number of updated asset objects reloaded before import = 0
Number of asset objects unloaded after import = 0
========================================================================
Received Import Request.
  Time of request: 2026-08-04T17:31:23.4080304Z
  Time since last request: 0.0003102 seconds.
  importAddress: GUID: 712023dda7785b54aa46a5d7c812bda3 - Path: Packages/com.unity.render-pipelines.core/Runtime/RenderGraph/RenderGraphUtilsBlit.cs - Importer: ScriptedImporter/UnityEditor.QuickSearchModule:UnityEditor.Search:ASIAI0B
Importing 'GUID: 712023dda7785b54aa46a5d7c812bda3 - Path: Packages/com.unity.render-pipelines.core/Runtime/RenderGraph/RenderGraphUtilsBlit.cs - Importer: ScriptedImporter/UnityEditor.QuickSearchModule:UnityEditor.Search:ASIAI0B' with importer (ScriptedImporter : UnityEditor.QuickSearchModule:UnityEditor.Search:ASIAI0B)
Imported 'GUID: 712023dda7785b54aa46a5d7c812bda3' -> (Import Result ID: '24b506c502e657b4ee5b8b1fe887cba6') in 0.003 seconds [static and dynamic dependencies]. Details - ImportResultOutputID=8c77aacc02b61580e6ea49bf2daac577 DependenciesID=b3e96fb75f15814ebfa6e8c8e94c4147 StaticDependenciesID=ccac0b3c0fd56263403812f6fdfb9911 
Number of updated asset objects reloaded before import = 0
Number of asset objects unloaded after import = 0
========================================================================
Received Import Request.
  Time of request: 2026-08-04T17:31:23.4200809Z
  Time since last request: 0.0002851 seconds.
  importAddress: GUID: 60471402671449019d33e895c0e4f5cf - Path: Packages/com.unity.render-pipelines.core/Runtime/PathTracing/World.cs - Importer: ScriptedImporter/UnityEditor.QuickSearchModule:UnityEditor.Search:ASIAI0B
Importing 'GUID: 60471402671449019d33e895c0e4f5cf - Path: Packages/com.unity.render-pipelines.core/Runtime/PathTracing/World.cs - Importer: ScriptedImporter/UnityEditor.QuickSearchModule:UnityEditor.Search:ASIAI0B' with importer (ScriptedImporter : UnityEditor.QuickSearchModule:UnityEditor.Search:ASIAI0B)
Imported 'GUID: 60471402671449019d33e895c0e4f5cf' -> (Import Result ID: 'a73e8926b11808c6ce99106ff4ede5c7') in 0.002 seconds [static and dynamic dependencies]. Details - ImportResultOutputID=44a0b690f0986965cef594e3d6e4826c DependenciesID=dc5c5dfc4a2549501c026c91c958e328 StaticDependenciesID=689e7dd3ab81472956a496e59c889295 
Number of updated asset objects reloaded before import = 0
Number of asset objects unloaded after import = 0
========================================================================
Received Import Request.
  Time of request: 2026-08-04T17:31:23.4348012Z
  Time since last request: 0.0054639 seconds.
  importAddress: GUID: 03be459180a06974d8583254adb17471 - Path: Packages/com.unity.render-pipelines.core/Runtime/STP/STPOptions.cs - Importer: ScriptedImporter/UnityEditor.QuickSearchModule:UnityEditor.Search:ASIAI0B
Importing 'GUID: 03be459180a06974d8583254adb17471 - Path: Packages/com.unity.render-pipelines.core/Runtime/STP/STPOptions.cs - Importer: ScriptedImporter/UnityEditor.QuickSearchModule:UnityEditor.Search:ASIAI0B' with importer (ScriptedImporter : UnityEditor.QuickSearchModule:UnityEditor.Search:ASIAI0B)
Imported 'GUID: 03be459180a06974d8583254adb17471' -> (Import Result ID: '9d0fb0673537026cdb194813b1c50416') in 0.003 seconds [static and dynamic dependencies]. Details - ImportResultOutputID=7a0ded60b6ee557d764858e19144be9e DependenciesID=a8b4fb55aaa7f596f6f7b45a2561a0fa StaticDependenciesID=732522f677a8d541621c09587dbac35c 
Number of updated asset objects reloaded before import = 0
Number of asset objects unloaded after import = 0
========================================================================
Received Import Request.
  Time of request: 2026-08-04T17:31:23.4449896Z
  Time since last request: 0.0006453 seconds.
  importAddress: GUID: e55f53965f0bb7d43b389fea197e7b4f - Path: Packages/com.unity.render-pipelines.core/Runtime/ShaderGenerator/ShaderGeneratorAttributes.cs - Importer: ScriptedImporter/UnityEditor.QuickSearchModule:UnityEditor.Search:ASIAI0B
Importing 'GUID: e55f53965f0bb7d43b389fea197e7b4f - Path: Packages/com.unity.render-pipelines.core/Runtime/ShaderGenerator/ShaderGeneratorAttributes.cs - Importer: ScriptedImporter/UnityEditor.QuickSearchModule:UnityEditor.Search:ASIAI0B' with importer (ScriptedImporter : UnityEditor.QuickSearchModule:UnityEditor.Search:ASIAI0B)
Imported 'GUID: e55f53965f0bb7d43b389fea197e7b4f' -> (Import Result ID: '26dcf002b202eaa445367f7f68125d37') in 0.003 seconds [static and dynamic dependencies]. Details - ImportResultOutputID=9da2628af0a90e5ae8bf885507997c45 DependenciesID=d66a503485610e9e403757a98e873f80 StaticDependenciesID=5f22d515f1dbf576bed59f3d6cab2926 
Number of updated asset objects reloaded before import = 0
Number of asset objects unloaded after import = 0
========================================================================
Received Import Request.
  Time of request: 2026-08-04T17:31:23.4554815Z
  Time since last request: 0.0004449 seconds.
  importAddress: GUID: d063f57ca4b7cd346a14a1be20de65b4 - Path: Packages/com.unity.render-pipelines.core/Runtime/Textures/DepthBits.cs - Importer: ScriptedImporter/UnityEditor.QuickSearchModule:UnityEditor.Search:ASIAI0B
Importing 'GUID: d063f57ca4b7cd346a14a1be20de65b4 - Path: Packages/com.unity.render-pipelines.core/Runtime/Textures/DepthBits.cs - Importer: ScriptedImporter/UnityEditor.QuickSearchModule:UnityEditor.Search:ASIAI0B' with importer (ScriptedImporter : UnityEditor.QuickSearchModule:UnityEditor.Search:ASIAI0B)
Imported 'GUID: d063f57ca4b7cd346a14a1be20de65b4' -> (Import Result ID: '40947654190348bcb92946c246bdb6d1') in 0.002 seconds [static and dynamic dependencies]. Details - ImportResultOutputID=b33f038a5f70b0fe57dd8f82d219f3f9 DependenciesID=58a2001339ead28481df464d776b2da5 StaticDependenciesID=386c057d4f27cd3b4155892c13fa580b 
Number of updated asset objects reloaded before import = 0
Number of asset objects unloaded after import = 0
========================================================================
Received Import Request.
  Time of request: 2026-08-04T17:31:23.4667222Z
  Time since last request: 0.0002242 seconds.
  importAddress: GUID: 9eb26d0567d9108418c5bf72b7b62682 - Path: Packages/com.unity.render-pipelines.core/Runtime/UnifiedRayTracing/UnifiedRayTracingException.cs - Importer: ScriptedImporter/UnityEditor.QuickSearchModule:UnityEditor.Search:ASIAI0B
Importing 'GUID: 9eb26d0567d9108418c5bf72b7b62682 - Path: Packages/com.unity.render-pipelines.core/Runtime/UnifiedRayTracing/UnifiedRayTracingException.cs - Importer: ScriptedImporter/UnityEditor.QuickSearchModule:UnityEditor.Search:ASIAI0B' with importer (ScriptedImporter : UnityEditor.QuickSearchModule:UnityEditor.Search:ASIAI0B)
Imported 'GUID: 9eb26d0567d9108418c5bf72b7b62682' -> (Import Result ID: 'a3c40f7272ffe9866c59a8561a895872') in 0.002 seconds [static and dynamic dependencies]. Details - ImportResultOutputID=4261c6dfd3cff68263f0a288edcb3849 DependenciesID=16da4c034bf09c26fe33a73705c01332 StaticDependenciesID=802a9dd57aaa8f2defc8fd956fc50568 
Number of updated asset objects reloaded before import = 0
Number of asset objects unloaded after import = 0
========================================================================
Received Import Request.
  Time of request: 2026-08-04T17:31:23.4765809Z
  Time since last request: 0.0002365 seconds.
  importAddress: GUID: dffd75c6cf5e26843be8893fada27a36 - Path: Packages/com.unity.render-pipelines.core/Runtime/Upscaling/DLSSOptions.cs - Importer: ScriptedImporter/UnityEditor.QuickSearchModule:UnityEditor.Search:ASIAI0B
Importing 'GUID: dffd75c6cf5e26843be8893fada27a36 - Path: Packages/com.unity.render-pipelines.core/Runtime/Upscaling/DLSSOptions.cs - Importer: ScriptedImporter/UnityEditor.QuickSearchModule:UnityEditor.Search:ASIAI0B' with importer (ScriptedImporter : UnityEditor.QuickSearchModule:UnityEditor.Search:ASIAI0B)
Imported 'GUID: dffd75c6cf5e26843be8893fada27a36' -> (Import Result ID: 'd06d8c509a525faecac1603930364475') in 0.002 seconds [static and dynamic dependencies]. Details - ImportResultOutputID=3debf6bf89f1dfcd9384df52a0c11b32 DependenciesID=773cbbf22b58db8b6948b2eac21cb041 StaticDependenciesID=345c1209d67171c6a7855df4ef80b87b 
Number of updated asset objects reloaded before import = 0
Number of asset objects unloaded after import = 0
========================================================================
Received Import Request.
  Time of request: 2026-08-04T17:31:23.4871186Z
  Time since last request: 0.0003109 seconds.
  importAddress: GUID: ee2d997a8a7c5de408c0a4194b1a8b4d - Path: Packages/com.unity.render-pipelines.core/Runtime/Textures/RTHandleSystem.cs - Importer: ScriptedImporter/UnityEditor.QuickSearchModule:UnityEditor.Search:ASIAI0B
Importing 'GUID: ee2d997a8a7c5de408c0a4194b1a8b4d - Path: Packages/com.unity.render-pipelines.core/Runtime/Textures/RTHandleSystem.cs - Importer: ScriptedImporter/UnityEditor.QuickSearchModule:UnityEditor.Search:ASIAI0B' with importer (ScriptedImporter : UnityEditor.QuickSearchModule:UnityEditor.Search:ASIAI0B)
Imported 'GUID: ee2d997a8a7c5de408c0a4194b1a8b4d' -> (Import Result ID: '0b7848bc91e390fd49bc6bfa93d62e78') in 0.002 seconds [static and dynamic dependencies]. Details - ImportResultOutputID=30af44c17ab73ed09342fe37bb0416a1 DependenciesID=7df4234226c916011895e2096f2cae27 StaticDependenciesID=c598591a2b5eb67b3f1d1859b7a3b152 
Number of updated asset objects reloaded before import = 0
Number of asset objects unloaded after import = 0
========================================================================
Received Import Request.
  Time of request: 2026-08-04T17:31:23.4983278Z
  Time since last request: 0.0002861 seconds.
  importAddress: GUID: 047623a35563f0e45bbfce747454416c - Path: Packages/com.unity.render-pipelines.core/Runtime/UnifiedRayTracing/Bindings.hlsl - Importer: ScriptedImporter/UnityEditor.QuickSearchModule:UnityEditor.Search:ASIAI0B
Importing 'GUID: 047623a35563f0e45bbfce747454416c - Path: Packages/com.unity.render-pipelines.core/Runtime/UnifiedRayTracing/Bindings.hlsl - Importer: ScriptedImporter/UnityEditor.QuickSearchModule:UnityEditor.Search:ASIAI0B' with importer (ScriptedImporter : UnityEditor.QuickSearchModule:UnityEditor.Search:ASIAI0B)
Imported 'GUID: 047623a35563f0e45bbfce747454416c' -> (Import Result ID: '2c60eed59be7b24c915544a60987eb37') in 0.003 seconds [static and dynamic dependencies]. Details - ImportResultOutputID=53eef6c079ddaba036d846ca307a6bea DependenciesID=8ab6a5b2141b26f082ccaf11fd76d24f StaticDependenciesID=8a45b66e559ce2601914330c4177aa94 
Number of updated asset objects reloaded before import = 0
Number of asset objects unloaded after import = 1
========================================================================
Received Import Request.
  Time of request: 2026-08-04T17:31:23.5097259Z
  Time since last request: 0.0002556 seconds.
  importAddress: GUID: 53de0087ce88a1640b2b6468a44f0043 - Path: Packages/com.unity.render-pipelines.core/Runtime/Settings/LightmapSamplingSettings.cs - Importer: ScriptedImporter/UnityEditor.QuickSearchModule:UnityEditor.Search:ASIAI0B
Importing 'GUID: 53de0087ce88a1640b2b6468a44f0043 - Path: Packages/com.unity.render-pipelines.core/Runtime/Settings/LightmapSamplingSettings.cs - Importer: ScriptedImporter/UnityEditor.QuickSearchModule:UnityEditor.Search:ASIAI0B' with importer (ScriptedImporter : UnityEditor.QuickSearchModule:UnityEditor.Search:ASIAI0B)
Imported 'GUID: 53de0087ce88a1640b2b6468a44f0043' -> (Import Result ID: '5c760aa8777d3e36cab8881c3e2b1d04') in 0.003 seconds [static and dynamic dependencies]. Details - ImportResultOutputID=1d54135720b8a060c97c63ec8ec9c478 DependenciesID=5d09b8b117b8eb032e86d963080d7851 StaticDependenciesID=ca2e713e0d0e091e94b385460ae772cc 
Number of updated asset objects reloaded before import = 0
Number of asset objects unloaded after import = 0
========================================================================
Received Import Request.
  Time of request: 2026-08-04T17:31:23.5203199Z
  Time since last request: 0.0003333 seconds.
  importAddress: GUID: e4d930e9e8a448f3a83cc94a56ea2539 - Path: Packages/com.unity.render-pipelines.core/Runtime/Settings/IDefaultVolumeProfileSettings.cs - Importer: ScriptedImporter/UnityEditor.QuickSearchModule:UnityEditor.Search:ASIAI0B
Importing 'GUID: e4d930e9e8a448f3a83cc94a56ea2539 - Path: Packages/com.unity.render-pipelines.core/Runtime/Settings/IDefaultVolumeProfileSettings.cs - Importer: ScriptedImporter/UnityEditor.QuickSearchModule:UnityEditor.Search:ASIAI0B' with importer (ScriptedImporter : UnityEditor.QuickSearchModule:UnityEditor.Search:ASIAI0B)
Imported 'GUID: e4d930e9e8a448f3a83cc94a56ea2539' -> (Import Result ID: '2444e34fadad8375265f53996ca89659') in 0.004 seconds [static and dynamic dependencies]. Details - ImportResultOutputID=e8847eea78cb14ce7f35eeab5002d9b0 DependenciesID=360e1a675e6a586197abd4d3f5db9989 StaticDependenciesID=4a19ace4d59aa93888ebceb13a396b57 
Number of updated asset objects reloaded before import = 0
Number of asset objects unloaded after import = 0
========================================================================
Received Import Request.
  Time of request: 2026-08-04T17:31:23.5367807Z
  Time since last request: 0.0044095 seconds.
  importAddress: GUID: 9c7140d7b956a4547bb71f8ed0dd9049 - Path: Packages/com.unity.render-pipelines.core/ShaderLibrary/API/D3D11.hlsl - Importer: ScriptedImporter/UnityEditor.QuickSearchModule:UnityEditor.Search:ASIAI0B
Importing 'GUID: 9c7140d7b956a4547bb71f8ed0dd9049 - Path: Packages/com.unity.render-pipelines.core/ShaderLibrary/API/D3D11.hlsl - Importer: ScriptedImporter/UnityEditor.QuickSearchModule:UnityEditor.Search:ASIAI0B' with importer (ScriptedImporter : UnityEditor.QuickSearchModule:UnityEditor.Search:ASIAI0B)
Imported 'GUID: 9c7140d7b956a4547bb71f8ed0dd9049' -> (Import Result ID: '317f9eb09d6cbe5698c72df0af258818') in 0.003 seconds [static and dynamic dependencies]. Details - ImportResultOutputID=71767bf3da3a540b3dad58cff99e87ef DependenciesID=ba46df6772c9a437ababa03b394972ce StaticDependenciesID=3dfba23a3e38391207775b76143610cd 
Number of updated asset objects reloaded before import = 0
Number of asset objects unloaded after import = 1
========================================================================
Received Import Request.
  Time of request: 2026-08-04T17:31:23.5470895Z
  Time since last request: 0.0001839 seconds.
  importAddress: GUID: 704b415098e24d8fbc8a7ad9b3a16f15 - Path: Packages/com.unity.render-pipelines.core/Runtime/Utilities/ColorSpaceUtils.cs - Importer: ScriptedImporter/UnityEditor.QuickSearchModule:UnityEditor.Search:ASIAI0B
Importing 'GUID: 704b415098e24d8fbc8a7ad9b3a16f15 - Path: Packages/com.unity.render-pipelines.core/Runtime/Utilities/ColorSpaceUtils.cs - Importer: ScriptedImporter/UnityEditor.QuickSearchModule:UnityEditor.Search:ASIAI0B' with importer (ScriptedImporter : UnityEditor.QuickSearchModule:UnityEditor.Search:ASIAI0B)
Imported 'GUID: 704b415098e24d8fbc8a7ad9b3a16f15' -> (Import Result ID: 'c07bdc904e55e00b9ee7fe2d6538946d') in 0.003 seconds [static and dynamic dependencies]. Details - ImportResultOutputID=72c7c99a2634fe1878c415a0baccb59e DependenciesID=9c3e94a1634c28a1c06071a6f8abda30 StaticDependenciesID=038ebc0908043b5531237dd43da59e76 
Number of updated asset objects reloaded before import = 0
Number of asset objects unloaded after import = 0
========================================================================
Received Import Request.
  Time of request: 2026-08-04T17:31:23.5580778Z
  Time since last request: 0.000213 seconds.
  importAddress: GUID: 48abac0b65e9c804aa38cf4bf6340d82 - Path: Packages/com.unity.render-pipelines.core/Runtime/XR/XROcclusionMesh.cs - Importer: ScriptedImporter/UnityEditor.QuickSearchModule:UnityEditor.Search:ASIAI0B
Importing 'GUID: 48abac0b65e9c804aa38cf4bf6340d82 - Path: Packages/com.unity.render-pipelines.core/Runtime/XR/XROcclusionMesh.cs - Importer: ScriptedImporter/UnityEditor.QuickSearchModule:UnityEditor.Search:ASIAI0B' with importer (ScriptedImporter : UnityEditor.QuickSearchModule:UnityEditor.Search:ASIAI0B)
Imported 'GUID: 48abac0b65e9c804aa38cf4bf6340d82' -> (Import Result ID: '5bd7ad6953199750cbbd051bdf3d19db') in 0.002 seconds [static and dynamic dependencies]. Details - ImportResultOutputID=0787ea649ae84577ae441e0ae0cc1bba DependenciesID=c0ab4ae6cf0287a8a120380e6be14607 StaticDependenciesID=b5b4df0cccb2f4bc738a558163c542e5 
Number of updated asset objects reloaded before import = 0
Number of asset objects unloaded after import = 0
========================================================================
Received Import Request.
  Time of request: 2026-08-04T17:31:23.5684186Z
  Time since last request: 0.0003068 seconds.
  importAddress: GUID: cdea49463de0449b48cacd6a3925dcf7 - Path: Packages/com.unity.render-pipelines.core/Runtime/Utilities/BlitColorAndDepth.hlsl - Importer: ScriptedImporter/UnityEditor.QuickSearchModule:UnityEditor.Search:ASIAI0B
Importing 'GUID: cdea49463de0449b48cacd6a3925dcf7 - Path: Packages/com.unity.render-pipelines.core/Runtime/Utilities/BlitColorAndDepth.hlsl - Importer: ScriptedImporter/UnityEditor.QuickSearchModule:UnityEditor.Search:ASIAI0B' with importer (ScriptedImporter : UnityEditor.QuickSearchModule:UnityEditor.Search:ASIAI0B)
Imported 'GUID: cdea49463de0449b48cacd6a3925dcf7' -> (Import Result ID: 'fe639a6a9d19cb9ec994742762ce7e60') in 0.003 seconds [static and dynamic dependencies]. Details - ImportResultOutputID=551e9c3b6772e0580d9afcb216cafa87 DependenciesID=bc3c68568d8894270b6fc78cd83d1eac StaticDependenciesID=9fbc94b80c282c3d2e62b5049a14be6e 
Number of updated asset objects reloaded before import = 0
Number of asset objects unloaded after import = 1
========================================================================
Received Import Request.
  Time of request: 2026-08-04T17:31:23.5803471Z
  Time since last request: 0.0002592 seconds.
  importAddress: GUID: 30ba55673585a6e4f9afd796eb8b170e - Path: Packages/com.unity.render-pipelines.core/ShaderLibrary/API/Validate.hlsl - Importer: ScriptedImporter/UnityEditor.QuickSearchModule:UnityEditor.Search:ASIAI0B
Importing 'GUID: 30ba55673585a6e4f9afd796eb8b170e - Path: Packages/com.unity.render-pipelines.core/ShaderLibrary/API/Validate.hlsl - Importer: ScriptedImporter/UnityEditor.QuickSearchModule:UnityEditor.Search:ASIAI0B' with importer (ScriptedImporter : UnityEditor.QuickSearchModule:UnityEditor.Search:ASIAI0B)
Imported 'GUID: 30ba55673585a6e4f9afd796eb8b170e' -> (Import Result ID: '743ef7923a88660ce9385bca9887b7bc') in 0.002 seconds [static and dynamic dependencies]. Details - ImportResultOutputID=6410427a33eae74031d436ee33ef7158 DependenciesID=16133ece7211ff419137b622ab44f88c StaticDependenciesID=aeb2ba35cd0fdcf7f52398d6ddc352a2 
Number of updated asset objects reloaded before import = 0
Number of asset objects unloaded after import = 1
========================================================================
Received Import Request.
  Time of request: 2026-08-04T17:31:23.5911767Z
  Time since last request: 0.0005985 seconds.
  importAddress: GUID: 92b333b1e77fb4e4a9348235a62c28b2 - Path: Packages/com.unity.render-pipelines.core/Runtime/Utilities/TextureGradient.cs - Importer: ScriptedImporter/UnityEditor.QuickSearchModule:UnityEditor.Search:ASIAI0B
Importing 'GUID: 92b333b1e77fb4e4a9348235a62c28b2 - Path: Packages/com.unity.render-pipelines.core/Runtime/Utilities/TextureGradient.cs - Importer: ScriptedImporter/UnityEditor.QuickSearchModule:UnityEditor.Search:ASIAI0B' with importer (ScriptedImporter : UnityEditor.QuickSearchModule:UnityEditor.Search:ASIAI0B)
Imported 'GUID: 92b333b1e77fb4e4a9348235a62c28b2' -> (Import Result ID: '62bd94697f02f42ccd55f14c14d1e4f0') in 0.003 seconds [static and dynamic dependencies]. Details - ImportResultOutputID=e2bf9785039c898900a65d546fb69f97 DependenciesID=fa2b6f6bc7b65ce489131078160a6bfc StaticDependenciesID=c165585a498b2ceb35d0a82e005a0287 
Number of updated asset objects reloaded before import = 0
Number of asset objects unloaded after import = 0
========================================================================
Received Import Request.
  Time of request: 2026-08-04T17:31:23.6028157Z
  Time since last request: 0.0003135 seconds.
  importAddress: GUID: 1e28576c73484c844b4b56a5352abe6f - Path: Packages/com.unity.render-pipelines.core/Runtime/Volume/KeyframeUtility.cs - Importer: ScriptedImporter/UnityEditor.QuickSearchModule:UnityEditor.Search:ASIAI0B
Importing 'GUID: 1e28576c73484c844b4b56a5352abe6f - Path: Packages/com.unity.render-pipelines.core/Runtime/Volume/KeyframeUtility.cs - Importer: ScriptedImporter/UnityEditor.QuickSearchModule:UnityEditor.Search:ASIAI0B' with importer (ScriptedImporter : UnityEditor.QuickSearchModule:UnityEditor.Search:ASIAI0B)
Imported 'GUID: 1e28576c73484c844b4b56a5352abe6f' -> (Import Result ID: 'af928fa392151729d854ccf8b5742578') in 0.003 seconds [static and dynamic dependencies]. Details - ImportResultOutputID=d1d58996f966ca36dd1c1645befc87c7 DependenciesID=8ddd13c673ff0671e0f8eb2cf28f82e4 StaticDependenciesID=986f92e9734cce02824b2f69ebf012a6 
Number of updated asset objects reloaded before import = 0
Number of asset objects unloaded after import = 0
========================================================================
Received Import Request.
  Time of request: 2026-08-04T17:31:23.6136837Z
  Time since last request: 0.0002675 seconds.
  importAddress: GUID: a5153735ff79d6149a038ac6417b9301 - Path: Packages/com.unity.render-pipelines.core/Runtime/Vrs/Vrs.cs - Importer: ScriptedImporter/UnityEditor.QuickSearchModule:UnityEditor.Search:ASIAI0B
Importing 'GUID: a5153735ff79d6149a038ac6417b9301 - Path: Packages/com.unity.render-pipelines.core/Runtime/Vrs/Vrs.cs - Importer: ScriptedImporter/UnityEditor.QuickSearchModule:UnityEditor.Search:ASIAI0B' with importer (ScriptedImporter : UnityEditor.QuickSearchModule:UnityEditor.Search:ASIAI0B)
Imported 'GUID: a5153735ff79d6149a038ac6417b9301' -> (Import Result ID: '47a356f81df75cd100cf18e7b6df6e86') in 0.002 seconds [static and dynamic dependencies]. Details - ImportResultOutputID=a80bdcd19be0446187a2403b7e9b68ef DependenciesID=df74da3fd87e281572566deb86b42f17 StaticDependenciesID=0b53e113e55c4ec24a2d581d14262f2d 
Number of updated asset objects reloaded before import = 0
Number of asset objects unloaded after import = 0
========================================================================
Received Import Request.
  Time of request: 2026-08-04T17:31:23.6251863Z
  Time since last request: 0.0003746 seconds.
  importAddress: GUID: fba8806c6dc73604d8243aebe488e60d - Path: Packages/com.unity.render-pipelines.core/Runtime/Utilities/CullContextData.cs - Importer: ScriptedImporter/UnityEditor.QuickSearchModule:UnityEditor.Search:ASIAI0B
Importing 'GUID: fba8806c6dc73604d8243aebe488e60d - Path: Packages/com.unity.render-pipelines.core/Runtime/Utilities/CullContextData.cs - Importer: ScriptedImporter/UnityEditor.QuickSearchModule:UnityEditor.Search:ASIAI0B' with importer (ScriptedImporter : UnityEditor.QuickSearchModule:UnityEditor.Search:ASIAI0B)
Imported 'GUID: fba8806c6dc73604d8243aebe488e60d' -> (Import Result ID: '74439ddcfb9d6ae8a43b2cfe1ba7f71f') in 0.003 seconds [static and dynamic dependencies]. Details - ImportResultOutputID=6a9fbe91249576606bdc51ef2674a8f4 DependenciesID=3f78bb12c31f41a2511b8845665cfb36 StaticDependenciesID=8684c51bf8eb7865358e2902d21d9be2 
Number of updated asset objects reloaded before import = 0
Number of asset objects unloaded after import = 0
========================================================================
Received Import Request.
  Time of request: 2026-08-04T17:31:23.6547896Z
  Time since last request: 0.0190731 seconds.
  importAddress: GUID: 6b0549ef5aba7f74ebb69af4844d9a1d - Path: Packages/com.unity.render-pipelines.core/Tests/Runtime/LightUnitTests.cs - Importer: ScriptedImporter/UnityEditor.QuickSearchModule:UnityEditor.Search:ASIAI0B
Importing 'GUID: 6b0549ef5aba7f74ebb69af4844d9a1d - Path: Packages/com.unity.render-pipelines.core/Tests/Runtime/LightUnitTests.cs - Importer: ScriptedImporter/UnityEditor.QuickSearchModule:UnityEditor.Search:ASIAI0B' with importer (ScriptedImporter : UnityEditor.QuickSearchModule:UnityEditor.Search:ASIAI0B)
Imported 'GUID: 6b0549ef5aba7f74ebb69af4844d9a1d' -> (Import Result ID: 'c0d4b744837df33ceca586c3bc572800') in 0.003 seconds [static and dynamic dependencies]. Details - ImportResultOutputID=9a08428216965d8830ef29f4e398a6d3 DependenciesID=d2c2bcf0befcc74a0e60977af89f5043 StaticDependenciesID=49208fd099672bd966f28c86d2414acb 
Number of updated asset objects reloaded before import = 0
Number of asset objects unloaded after import = 0
========================================================================
Received Import Request.
  Time of request: 2026-08-04T17:31:23.6645607Z
  Time since last request: 0.0003519 seconds.
  importAddress: GUID: 2b06b6233ca86cd4886e99d0e9d1124e - Path: Packages/com.unity.render-pipelines.core/Tests/Editor/SimpleSpeedTreeDots.shader - Importer: ScriptedImporter/UnityEditor.QuickSearchModule:UnityEditor.Search:ASIAI0B
Importing 'GUID: 2b06b6233ca86cd4886e99d0e9d1124e - Path: Packages/com.unity.render-pipelines.core/Tests/Editor/SimpleSpeedTreeDots.shader - Importer: ScriptedImporter/UnityEditor.QuickSearchModule:UnityEditor.Search:ASIAI0B' with importer (ScriptedImporter : UnityEditor.QuickSearchModule:UnityEditor.Search:ASIAI0B)
Imported 'GUID: 2b06b6233ca86cd4886e99d0e9d1124e' -> (Import Result ID: '968dce418a002d6c8daba2a725a02e8c') in 0.005 seconds [static and dynamic dependencies]. Details - ImportResultOutputID=a048278619e86861814edc5efa9ca65f DependenciesID=9648fd36d95c553c5efaee697702f43a StaticDependenciesID=495a5049bb2a8024c8a15597daee0d15 
Number of updated asset objects reloaded before import = 0
Number of asset objects unloaded after import = 1
========================================================================
Received Import Request.
  Time of request: 2026-08-04T17:31:23.6785614Z
  Time since last request: 0.0002246 seconds.
  importAddress: GUID: 42aa68c398a54080bb27754435687636 - Path: Packages/com.unity.render-pipelines.core/Tests/Editor/RenderGraph.ComputeGraphHash.cs - Importer: ScriptedImporter/UnityEditor.QuickSearchModule:UnityEditor.Search:ASIAI0B
Importing 'GUID: 42aa68c398a54080bb27754435687636 - Path: Packages/com.unity.render-pipelines.core/Tests/Editor/RenderGraph.ComputeGraphHash.cs - Importer: ScriptedImporter/UnityEditor.QuickSearchModule:UnityEditor.Search:ASIAI0B' with importer (ScriptedImporter : UnityEditor.QuickSearchModule:UnityEditor.Search:ASIAI0B)
Imported 'GUID: 42aa68c398a54080bb27754435687636' -> (Import Result ID: 'c825c056a7561effd1fdc7abfe9c4c8c') in 0.002 seconds [static and dynamic dependencies]. Details - ImportResultOutputID=d5c7bd428fdd685a3432b8c8d941491b DependenciesID=6638b94cd352ead8df5457b9d5851f15 StaticDependenciesID=fb860384ba8b880c35e29241e9e174c5 
Number of updated asset objects reloaded before import = 0
Number of asset objects unloaded after import = 0
========================================================================
Received Import Request.
  Time of request: 2026-08-04T17:31:23.6881502Z
  Time since last request: 0.0002891 seconds.
  importAddress: GUID: d765b90a4ccbfae4ba0b8512144b99f0 - Path: Packages/com.unity.render-pipelines.core/Editor/Icons/MipLevels/d_Volume@128.png - Importer: ScriptedImporter/UnityEditor.QuickSearchModule:UnityEditor.Search:ASIAI0B
Importing 'GUID: d765b90a4ccbfae4ba0b8512144b99f0 - Path: Packages/com.unity.render-pipelines.core/Editor/Icons/MipLevels/d_Volume@128.png - Importer: ScriptedImporter/UnityEditor.QuickSearchModule:UnityEditor.Search:ASIAI0B' with importer (ScriptedImporter : UnityEditor.QuickSearchModule:UnityEditor.Search:ASIAI0B)
Imported 'GUID: d765b90a4ccbfae4ba0b8512144b99f0' -> (Import Result ID: '666f3cf772a85b9d560696562ca9ff4e') in 0.005 seconds [static and dynamic dependencies]. Details - ImportResultOutputID=4f2fa72184fd96782a06c5da0c580ac2 DependenciesID=a9a26a7d489cb68c0a3df08635527600 StaticDependenciesID=c39a7873567394c640f43e78ce9d0553 
Number of updated asset objects reloaded before import = 0
Number of asset objects unloaded after import = 1
========================================================================
Received Import Request.
  Time of request: 2026-08-04T17:31:23.7013102Z
  Time since last request: 0.0003024 seconds.
  importAddress: GUID: d6a9714d04bc387489829e17fc14cf3e - Path: Packages/com.unity.render-pipelines.core/Tests/Editor/RenderGraphTests.cs - Importer: ScriptedImporter/UnityEditor.QuickSearchModule:UnityEditor.Search:ASIAI0B
Importing 'GUID: d6a9714d04bc387489829e17fc14cf3e - Path: Packages/com.unity.render-pipelines.core/Tests/Editor/RenderGraphTests.cs - Importer: ScriptedImporter/UnityEditor.QuickSearchModule:UnityEditor.Search:ASIAI0B' with importer (ScriptedImporter : UnityEditor.QuickSearchModule:UnityEditor.Search:ASIAI0B)
Imported 'GUID: d6a9714d04bc387489829e17fc14cf3e' -> (Import Result ID: 'b26cac6efa0961b37ec8e9b1b370f6b9') in 0.003 seconds [static and dynamic dependencies]. Details - ImportResultOutputID=2783e8b118e143a17eaa71924c163648 DependenciesID=c4f48fdc635d75ff9f89ea4fe1340106 StaticDependenciesID=8d154f6317d91fb326e0a27d998dab95 
Number of updated asset objects reloaded before import = 0
Number of asset objects unloaded after import = 0
========================================================================
Received Import Request.
  Time of request: 2026-08-04T17:31:23.7123695Z
  Time since last request: 0.0004677 seconds.
  importAddress: GUID: bba6d5f6892ce2244a2fd45d3050dfd5 - Path: Packages/com.unity.render-pipelines.core/Tests/Editor/CoreRenderPipelinePreferencesTests.cs - Importer: ScriptedImporter/UnityEditor.QuickSearchModule:UnityEditor.Search:ASIAI0B
Importing 'GUID: bba6d5f6892ce2244a2fd45d3050dfd5 - Path: Packages/com.unity.render-pipelines.core/Tests/Editor/CoreRenderPipelinePreferencesTests.cs - Importer: ScriptedImporter/UnityEditor.QuickSearchModule:UnityEditor.Search:ASIAI0B' with importer (ScriptedImporter : UnityEditor.QuickSearchModule:UnityEditor.Search:ASIAI0B)
Imported 'GUID: bba6d5f6892ce2244a2fd45d3050dfd5' -> (Import Result ID: 'a968616ea77586fa26edf2a0a5978674') in 0.003 seconds [static and dynamic dependencies]. Details - ImportResultOutputID=c78b7b6444f46175eca7544cf6eaefc4 DependenciesID=e3c9c8f00c95678d470e840bcee5a858 StaticDependenciesID=8ed4e5c77d19d571722beea2bc6c0d72 
Number of updated asset objects reloaded before import = 0
Number of asset objects unloaded after import = 0
========================================================================
Received Import Request.
  Time of request: 2026-08-04T17:31:23.7231361Z
  Time since last request: 0.0002992 seconds.
  importAddress: GUID: 4c30e5cf9793c0044a32b7aadd4f6f5e - Path: Packages/com.unity.render-pipelines.core/Editor/Icons/MipLevels/d_RenderPipelineResources@32.png - Importer: ScriptedImporter/UnityEditor.QuickSearchModule:UnityEditor.Search:ASIAI0B
Importing 'GUID: 4c30e5cf9793c0044a32b7aadd4f6f5e - Path: Packages/com.unity.render-pipelines.core/Editor/Icons/MipLevels/d_RenderPipelineResources@32.png - Importer: ScriptedImporter/UnityEditor.QuickSearchModule:UnityEditor.Search:ASIAI0B' with importer (ScriptedImporter : UnityEditor.QuickSearchModule:UnityEditor.Search:ASIAI0B)
Imported 'GUID: 4c30e5cf9793c0044a32b7aadd4f6f5e' -> (Import Result ID: 'dacde68b84cf7b6c8a76c40c12f1acd3') in 0.005 seconds [static and dynamic dependencies]. Details - ImportResultOutputID=691f92b5f3e9163a28c048e74d90b96a DependenciesID=40157da09b2696970f914340d24a90db StaticDependenciesID=afb7ff8c428d488978975b03ef9cfd77 
Number of updated asset objects reloaded before import = 0
Number of asset objects unloaded after import = 1
========================================================================
Received Import Request.
  Time of request: 2026-08-04T17:31:23.7356309Z
  Time since last request: 0.000271 seconds.
  importAddress: GUID: dd586e92a1d94555961c28634174b450 - Path: Packages/com.unity.render-pipelines.core/Tests/Editor/InputRegisteringTests.cs - Importer: ScriptedImporter/UnityEditor.QuickSearchModule:UnityEditor.Search:ASIAI0B
Importing 'GUID: dd586e92a1d94555961c28634174b450 - Path: Packages/com.unity.render-pipelines.core/Tests/Editor/InputRegisteringTests.cs - Importer: ScriptedImporter/UnityEditor.QuickSearchModule:UnityEditor.Search:ASIAI0B' with importer (ScriptedImporter : UnityEditor.QuickSearchModule:UnityEditor.Search:ASIAI0B)
Imported 'GUID: dd586e92a1d94555961c28634174b450' -> (Import Result ID: 'e44c3eb15906ecb241f4a73154fb2428') in 0.002 seconds [static and dynamic dependencies]. Details - ImportResultOutputID=3187413af91064250f72cad6bde46df0 DependenciesID=7f2f8237dd52f52ca31006e8f1aafdfb StaticDependenciesID=f107e5a2484633ecbfedc50957fa4a6e 
Number of updated asset objects reloaded before import = 0
Number of asset objects unloaded after import = 0
========================================================================
Received Import Request.
  Time of request: 2026-08-04T17:31:23.7452541Z
  Time since last request: 0.0003012 seconds.
  importAddress: GUID: 675ff9ea9d96a004a85fc91680242734 - Path: Packages/com.unity.render-pipelines.core/Editor/Icons/MipLevels/d_Volume@32.png - Importer: ScriptedImporter/UnityEditor.QuickSearchModule:UnityEditor.Search:ASIAI0B
Importing 'GUID: 675ff9ea9d96a004a85fc91680242734 - Path: Packages/com.unity.render-pipelines.core/Editor/Icons/MipLevels/d_Volume@32.png - Importer: ScriptedImporter/UnityEditor.QuickSearchModule:UnityEditor.Search:ASIAI0B' with importer (ScriptedImporter : UnityEditor.QuickSearchModule:UnityEditor.Search:ASIAI0B)
Imported 'GUID: 675ff9ea9d96a004a85fc91680242734' -> (Import Result ID: '0a24a1a9d1c8e30fd5b26c1f4e7ca011') in 0.005 seconds [static and dynamic dependencies]. Details - ImportResultOutputID=2a56b276eb6cb3fe8c0e36a3133b7af3 DependenciesID=1d90b96845ebdd6a8b1103bb3aad2047 StaticDependenciesID=db2b36c39eed76dad0a98cb4613f1b4f 
Number of updated asset objects reloaded before import = 0
Number of asset objects unloaded after import = 1
========================================================================
Received Import Request.
  Time of request: 2026-08-04T17:31:23.7866169Z
  Time since last request: 0.0276742 seconds.
  importAddress: GUID: e59f66416f4ecf3429053a0274b589a0 - Path: Packages/com.unity.render-pipelines.core/Editor/Lighting/Icons/d_LightPlacement_Icon On@2x.png - Importer: ScriptedImporter/UnityEditor.QuickSearchModule:UnityEditor.Search:ASIAI0B
Importing 'GUID: e59f66416f4ecf3429053a0274b589a0 - Path: Packages/com.unity.render-pipelines.core/Editor/Lighting/Icons/d_LightPlacement_Icon On@2x.png - Importer: ScriptedImporter/UnityEditor.QuickSearchModule:UnityEditor.Search:ASIAI0B' with importer (ScriptedImporter : UnityEditor.QuickSearchModule:UnityEditor.Search:ASIAI0B)
Imported 'GUID: e59f66416f4ecf3429053a0274b589a0' -> (Import Result ID: '1ab92907595c0dad73cf3a803cf7fd91') in 0.007 seconds [static and dynamic dependencies]. Details - ImportResultOutputID=7ab02689f27db69a4ad3286018b7a6bc DependenciesID=ee9667366412bdf4b683664f9b91051f StaticDependenciesID=3432bf59f8fb2a7787c177aaec34fe74 
Number of updated asset objects reloaded before import = 0
Number of asset objects unloaded after import = 1
========================================================================
Received Import Request.
  Time of request: 2026-08-04T17:31:23.8020156Z
  Time since last request: 0.0001925 seconds.
  importAddress: GUID: 42f2be07082fcb641bfabb2ccd126ac0 - Path: Packages/com.unity.render-pipelines.core/Editor/Icons/RenderGraphViewer/Buffer@2x.png - Importer: ScriptedImporter/UnityEditor.QuickSearchModule:UnityEditor.Search:ASIAI0B
Importing 'GUID: 42f2be07082fcb641bfabb2ccd126ac0 - Path: Packages/com.unity.render-pipelines.core/Editor/Icons/RenderGraphViewer/Buffer@2x.png - Importer: ScriptedImporter/UnityEditor.QuickSearchModule:UnityEditor.Search:ASIAI0B' with importer (ScriptedImporter : UnityEditor.QuickSearchModule:UnityEditor.Search:ASIAI0B)
Imported 'GUID: 42f2be07082fcb641bfabb2ccd126ac0' -> (Import Result ID: '6cdb95e4e1c34fd686a918fab7bc519c') in 0.004 seconds [static and dynamic dependencies]. Details - ImportResultOutputID=e2072a6431c4e63630936f46cb90d6b2 DependenciesID=d2b222621793ff42eacace03e9b5c07b StaticDependenciesID=1636d5e49466337c1642660bfe560c6f 
Number of updated asset objects reloaded before import = 0
Number of asset objects unloaded after import = 1
========================================================================
Received Import Request.
  Time of request: 2026-08-04T17:31:23.8135982Z
  Time since last request: 0.00017 seconds.
  importAddress: GUID: f6ca176a623705248878abeaf560002a - Path: Packages/com.unity.render-pipelines.core/Editor/Lighting/Icons/DownSnatchFocused.png - Importer: ScriptedImporter/UnityEditor.QuickSearchModule:UnityEditor.Search:ASIAI0B
Importing 'GUID: f6ca176a623705248878abeaf560002a - Path: Packages/com.unity.render-pipelines.core/Editor/Lighting/Icons/DownSnatchFocused.png - Importer: ScriptedImporter/UnityEditor.QuickSearchModule:UnityEditor.Search:ASIAI0B' with importer (ScriptedImporter : UnityEditor.QuickSearchModule:UnityEditor.Search:ASIAI0B)
Imported 'GUID: f6ca176a623705248878abeaf560002a' -> (Import Result ID: '89ed618a9de75439d1dca1d2fb644af5') in 0.004 seconds [static and dynamic dependencies]. Details - ImportResultOutputID=c55ccedee84f8e5029fd128c32cca146 DependenciesID=4e0346544d2af32915d0cca32387c898 StaticDependenciesID=f97e1db479536dab90b5eee3509c3806 
Number of updated asset objects reloaded before import = 0
Number of asset objects unloaded after import = 1
========================================================================
Received Import Request.
  Time of request: 2026-08-04T17:31:23.8271674Z
  Time since last request: 0.0002432 seconds.
  importAddress: GUID: 9603ab9e0ac90754298d959374a0ec29 - Path: Packages/com.unity.render-pipelines.core/Editor/Icons/Processed/DecalProjector Icon.asset - Importer: ScriptedImporter/UnityEditor.QuickSearchModule:UnityEditor.Search:ASIAI0B
Importing 'GUID: 9603ab9e0ac90754298d959374a0ec29 - Path: Packages/com.unity.render-pipelines.core/Editor/Icons/Processed/DecalProjector Icon.asset - Importer: ScriptedImporter/UnityEditor.QuickSearchModule:UnityEditor.Search:ASIAI0B' with importer (ScriptedImporter : UnityEditor.QuickSearchModule:UnityEditor.Search:ASIAI0B)
Imported 'GUID: 9603ab9e0ac90754298d959374a0ec29' -> (Import Result ID: '166e7c8ecc1b60d7bcc3156c6de0f9bd') in 0.009 seconds [static and dynamic dependencies]. Details - ImportResultOutputID=bc1aece026d72ed0d3f4a5435000aa95 DependenciesID=92202719bafbca7cdfe8b0acd6b1d6e0 StaticDependenciesID=98259a4495fc33d91ca01076767b8bc3 
Number of updated asset objects reloaded before import = 0
Number of asset objects unloaded after import = 1
========================================================================
Received Import Request.
  Time of request: 2026-08-04T17:31:23.8439047Z
  Time since last request: 0.0002049 seconds.
  importAddress: GUID: 304e9d79c27b32144a95e43dc6da80a2 - Path: Packages/com.unity.render-pipelines.core/Editor/Lighting/Icons/d_LightPlacement_Icon On@64.png - Importer: ScriptedImporter/UnityEditor.QuickSearchModule:UnityEditor.Search:ASIAI0B
Importing 'GUID: 304e9d79c27b32144a95e43dc6da80a2 - Path: Packages/com.unity.render-pipelines.core/Editor/Lighting/Icons/d_LightPlacement_Icon On@64.png - Importer: ScriptedImporter/UnityEditor.QuickSearchModule:UnityEditor.Search:ASIAI0B' with importer (ScriptedImporter : UnityEditor.QuickSearchModule:UnityEditor.Search:ASIAI0B)
Imported 'GUID: 304e9d79c27b32144a95e43dc6da80a2' -> (Import Result ID: '799bb00ad08c0a6f7230f54e99d54926') in 0.005 seconds [static and dynamic dependencies]. Details - ImportResultOutputID=7ac627917be2627e1deba6dba345036e DependenciesID=8edf1df8f1790cb6677994635eb23265 StaticDependenciesID=a703e89d80db014c0bb09f9e77961c1b 
Number of updated asset objects reloaded before import = 0
Number of asset objects unloaded after import = 1
========================================================================
Received Import Request.
  Time of request: 2026-08-04T17:31:23.8591425Z
  Time since last request: 0.000313 seconds.
  importAddress: GUID: 9109dcac13c1b6a4cadf6e9e63be42f7 - Path: Packages/com.unity.render-pipelines.core/Editor/Icons/MipLevels/VolumeProfile@16.png - Importer: ScriptedImporter/UnityEditor.QuickSearchModule:UnityEditor.Search:ASIAI0B
Importing 'GUID: 9109dcac13c1b6a4cadf6e9e63be42f7 - Path: Packages/com.unity.render-pipelines.core/Editor/Icons/MipLevels/VolumeProfile@16.png - Importer: ScriptedImporter/UnityEditor.QuickSearchModule:UnityEditor.Search:ASIAI0B' with importer (ScriptedImporter : UnityEditor.QuickSearchModule:UnityEditor.Search:ASIAI0B)
Imported 'GUID: 9109dcac13c1b6a4cadf6e9e63be42f7' -> (Import Result ID: '0970d9b00b6282570f2ed913a66c6bd1') in 0.005 seconds [static and dynamic dependencies]. Details - ImportResultOutputID=df81c188ef73d6c8d8204ef28f8cc4ea DependenciesID=39ff923b098539941e65f1553b81f5b5 StaticDependenciesID=fc49121ad5e4f1edaee808097e5cd4a1 
Number of updated asset objects reloaded before import = 0
Number of asset objects unloaded after import = 1
========================================================================
Received Import Request.
  Time of request: 2026-08-04T17:31:23.8723446Z
  Time since last request: 0.0002536 seconds.
  importAddress: GUID: 78c530431f09533469990aeb78f31210 - Path: Packages/com.unity.render-pipelines.core/Editor/Icons/RenderGraphViewer/AccelerationStructure@2x.png - Importer: ScriptedImporter/UnityEditor.QuickSearchModule:UnityEditor.Search:ASIAI0B
Importing 'GUID: 78c530431f09533469990aeb78f31210 - Path: Packages/com.unity.render-pipelines.core/Editor/Icons/RenderGraphViewer/AccelerationStructure@2x.png - Importer: ScriptedImporter/UnityEditor.QuickSearchModule:UnityEditor.Search:ASIAI0B' with importer (ScriptedImporter : UnityEditor.QuickSearchModule:UnityEditor.Search:ASIAI0B)
Imported 'GUID: 78c530431f09533469990aeb78f31210' -> (Import Result ID: 'da442353c901ab3eee5504529edeadd8') in 0.006 seconds [static and dynamic dependencies]. Details - ImportResultOutputID=4971b9b719bcbfb0d01a7ad4e64f4259 DependenciesID=7cdc0e1aa6434edc787855aa291edd61 StaticDependenciesID=379361643e1336a6e35394d7b622a709 
Number of updated asset objects reloaded before import = 0
Number of asset objects unloaded after import = 1
========================================================================
Received Import Request.
  Time of request: 2026-08-04T17:31:23.886941Z
  Time since last request: 0.0003311 seconds.
  importAddress: GUID: d437cf5f006f8e74eb25c84d04daa681 - Path: Packages/com.unity.render-pipelines.core/Editor/Icons/MipLevels/VolumeProfile@32.png - Importer: ScriptedImporter/UnityEditor.QuickSearchModule:UnityEditor.Search:ASIAI0B
Importing 'GUID: d437cf5f006f8e74eb25c84d04daa681 - Path: Packages/com.unity.render-pipelines.core/Editor/Icons/MipLevels/VolumeProfile@32.png - Importer: ScriptedImporter/UnityEditor.QuickSearchModule:UnityEditor.Search:ASIAI0B' with importer (ScriptedImporter : UnityEditor.QuickSearchModule:UnityEditor.Search:ASIAI0B)
Imported 'GUID: d437cf5f006f8e74eb25c84d04daa681' -> (Import Result ID: '04379cc1604ae229fe1f94ffe8ece521') in 0.005 seconds [static and dynamic dependencies]. Details - ImportResultOutputID=02eb1fa743fbd245f56528452a63b61d DependenciesID=28a2ecf41950b619d30da79013332e1e StaticDependenciesID=42a01b53314f954411f5f99aaaffe3c1 
Number of updated asset objects reloaded before import = 0
Number of asset objects unloaded after import = 1
========================================================================
Received Import Request.
  Time of request: 2026-08-04T17:31:23.8994984Z
  Time since last request: 0.0003001 seconds.
  importAddress: GUID: 986528338c7e82b42b466e23ac6fbb96 - Path: Packages/com.unity.render-pipelines.core/Editor/Icons/RenderGraphViewer/d_FramebufferFetch@2x.png - Importer: ScriptedImporter/UnityEditor.QuickSearchModule:UnityEditor.Search:ASIAI0B
Importing 'GUID: 986528338c7e82b42b466e23ac6fbb96 - Path: Packages/com.unity.render-pipelines.core/Editor/Icons/RenderGraphViewer/d_FramebufferFetch@2x.png - Importer: ScriptedImporter/UnityEditor.QuickSearchModule:UnityEditor.Search:ASIAI0B' with importer (ScriptedImporter : UnityEditor.QuickSearchModule:UnityEditor.Search:ASIAI0B)
Imported 'GUID: 986528338c7e82b42b466e23ac6fbb96' -> (Import Result ID: '212a5588c0d56c69f77ac3f79def8ede') in 0.005 seconds [static and dynamic dependencies]. Details - ImportResultOutputID=edee9adf9072cfaf0a6714e6cc805d43 DependenciesID=e59e29f34ebd76208caa7469a09efa53 StaticDependenciesID=3c2f38da243a319d7087618d25293566 
Number of updated asset objects reloaded before import = 0
Number of asset objects unloaded after import = 1
========================================================================
Received Import Request.
  Time of request: 2026-08-04T17:31:23.9226966Z
  Time since last request: 0.0116068 seconds.
  importAddress: GUID: c1c8308c6609eff48841494a187bfb72 - Path: Packages/com.unity.render-pipelines.core/Editor/Lighting/Icons/LightPlacement_Icon@128.png - Importer: ScriptedImporter/UnityEditor.QuickSearchModule:UnityEditor.Search:ASIAI0B
Importing 'GUID: c1c8308c6609eff48841494a187bfb72 - Path: Packages/com.unity.render-pipelines.core/Editor/Lighting/Icons/LightPlacement_Icon@128.png - Importer: ScriptedImporter/UnityEditor.QuickSearchModule:UnityEditor.Search:ASIAI0B' with importer (ScriptedImporter : UnityEditor.QuickSearchModule:UnityEditor.Search:ASIAI0B)
Imported 'GUID: c1c8308c6609eff48841494a187bfb72' -> (Import Result ID: '49fe98c5e9f6b22c5e3a60219fdc8dcb') in 0.004 seconds [static and dynamic dependencies]. Details - ImportResultOutputID=b47f740b8baacd22e5a6ef4f604964fd DependenciesID=6a60d0c2d435a11604df730a87f09811 StaticDependenciesID=d387be044b7a79e648aea069c0259eac 
Number of updated asset objects reloaded before import = 0
Number of asset objects unloaded after import = 1
========================================================================
Received Import Request.
  Time of request: 2026-08-04T17:31:23.937267Z
  Time since last request: 0.0002561 seconds.
  importAddress: GUID: 396033515c05b1441a3451ea18bb8e27 - Path: Packages/com.unity.render-pipelines.core/Editor/Lighting/Icons/LightPlacement_Icon@32.png - Importer: ScriptedImporter/UnityEditor.QuickSearchModule:UnityEditor.Search:ASIAI0B
Importing 'GUID: 396033515c05b1441a3451ea18bb8e27 - Path: Packages/com.unity.render-pipelines.core/Editor/Lighting/Icons/LightPlacement_Icon@32.png - Importer: ScriptedImporter/UnityEditor.QuickSearchModule:UnityEditor.Search:ASIAI0B' with importer (ScriptedImporter : UnityEditor.QuickSearchModule:UnityEditor.Search:ASIAI0B)
Imported 'GUID: 396033515c05b1441a3451ea18bb8e27' -> (Import Result ID: 'd6ec2e61b45ccb17146b926e71e5ebe2') in 0.005 seconds [static and dynamic dependencies]. Details - ImportResultOutputID=548c96bad407645c1de5010507873d8e DependenciesID=7929841ca453fe91afbffd5924a4cdc7 StaticDependenciesID=aa88314ea9b23f9c4ff512addde6a095 
Number of updated asset objects reloaded before import = 0
Number of asset objects unloaded after import = 1
========================================================================
Received Import Request.
  Time of request: 2026-08-04T17:31:23.9520975Z
  Time since last request: 0.0002974 seconds.
  importAddress: GUID: 35308793dc5ef9843913c188f6efacb0 - Path: Packages/com.unity.render-pipelines.core/Editor/Lighting/ProbeVolume/ProbeGIBaking.Serialization.cs - Importer: ScriptedImporter/UnityEditor.QuickSearchModule:UnityEditor.Search:ASIAI0B
Importing 'GUID: 35308793dc5ef9843913c188f6efacb0 - Path: Packages/com.unity.render-pipelines.core/Editor/Lighting/ProbeVolume/ProbeGIBaking.Serialization.cs - Importer: ScriptedImporter/UnityEditor.QuickSearchModule:UnityEditor.Search:ASIAI0B' with importer (ScriptedImporter : UnityEditor.QuickSearchModule:UnityEditor.Search:ASIAI0B)
Imported 'GUID: 35308793dc5ef9843913c188f6efacb0' -> (Import Result ID: '2099424f9edb51bcf6df2f7760c39e5f') in 0.003 seconds [static and dynamic dependencies]. Details - ImportResultOutputID=d35d9b38b37f240a051a9b3a11e4e7e0 DependenciesID=c90eb7cccf622486b32af907aa6cd2e9 StaticDependenciesID=2377187bb452ebde0f93510c456d4767 
Number of updated asset objects reloaded before import = 0
Number of asset objects unloaded after import = 0
========================================================================
Received Import Request.
  Time of request: 2026-08-04T17:31:23.9637834Z
  Time since last request: 0.0002374 seconds.
  importAddress: GUID: a7f94ecffaf8aeb4bb5b8145e8f53fd2 - Path: Packages/com.unity.render-pipelines.core/Editor/Lighting/ProbeVolume/ProbeGIBaking.RenderingLayers.cs - Importer: ScriptedImporter/UnityEditor.QuickSearchModule:UnityEditor.Search:ASIAI0B
Importing 'GUID: a7f94ecffaf8aeb4bb5b8145e8f53fd2 - Path: Packages/com.unity.render-pipelines.core/Editor/Lighting/ProbeVolume/ProbeGIBaking.RenderingLayers.cs - Importer: ScriptedImporter/UnityEditor.QuickSearchModule:UnityEditor.Search:ASIAI0B' with importer (ScriptedImporter : UnityEditor.QuickSearchModule:UnityEditor.Search:ASIAI0B)
Imported 'GUID: a7f94ecffaf8aeb4bb5b8145e8f53fd2' -> (Import Result ID: 'eb2b2d967f9ef53aefafbf106b941b5c') in 0.002 seconds [static and dynamic dependencies]. Details - ImportResultOutputID=ae966b0e6f4703e15e6724fd8c510589 DependenciesID=d6c9e8d61b75f2519f5baffe8585e506 StaticDependenciesID=f0b14d255f99f41b7ce49a884eddb22f 
Number of updated asset objects reloaded before import = 0
Number of asset objects unloaded after import = 0
========================================================================
Received Import Request.
  Time of request: 2026-08-04T17:31:23.9731329Z
  Time since last request: 0.000496 seconds.
  importAddress: GUID: ce171bd6b515f1647a9a2c608ff705bb - Path: Packages/com.unity.render-pipelines.core/Editor/Lighting/Icons/LightPlacement_Icon@64.png - Importer: ScriptedImporter/UnityEditor.QuickSearchModule:UnityEditor.Search:ASIAI0B
Importing 'GUID: ce171bd6b515f1647a9a2c608ff705bb - Path: Packages/com.unity.render-pipelines.core/Editor/Lighting/Icons/LightPlacement_Icon@64.png - Importer: ScriptedImporter/UnityEditor.QuickSearchModule:UnityEditor.Search:ASIAI0B' with importer (ScriptedImporter : UnityEditor.QuickSearchModule:UnityEditor.Search:ASIAI0B)
Imported 'GUID: ce171bd6b515f1647a9a2c608ff705bb' -> (Import Result ID: '69a23db246ac2cb4c62cccc957d84b34') in 0.006 seconds [static and dynamic dependencies]. Details - ImportResultOutputID=2d4c3bbe04a9e81222e90194d8108f36 DependenciesID=bf74c3972925d02543407d58d1fa2a24 StaticDependenciesID=f77a0b580dcb6f0f547e1f67660e8bb8 
Number of updated asset objects reloaded before import = 0
Number of asset objects unloaded after import = 1
========================================================================
Received Import Request.
  Time of request: 2026-08-04T17:31:23.9879536Z
  Time since last request: 0.0002896 seconds.
  importAddress: GUID: a8dd4dccf3cfcc041b5bedbc50c5c772 - Path: Packages/com.unity.render-pipelines.core/Editor/Lighting/Shadow/ShadowCascadeGUI.cs - Importer: ScriptedImporter/UnityEditor.QuickSearchModule:UnityEditor.Search:ASIAI0B
Importing 'GUID: a8dd4dccf3cfcc041b5bedbc50c5c772 - Path: Packages/com.unity.render-pipelines.core/Editor/Lighting/Shadow/ShadowCascadeGUI.cs - Importer: ScriptedImporter/UnityEditor.QuickSearchModule:UnityEditor.Search:ASIAI0B' with importer (ScriptedImporter : UnityEditor.QuickSearchModule:UnityEditor.Search:ASIAI0B)
Imported 'GUID: a8dd4dccf3cfcc041b5bedbc50c5c772' -> (Import Result ID: '067d94958eb9a73643801715c2b8d37c') in 0.002 seconds [static and dynamic dependencies]. Details - ImportResultOutputID=9b5100bdea25d078b8fe024a949058d4 DependenciesID=e982044042c36b07fd438e7d74d51126 StaticDependenciesID=d70bf6f5fc58bf83628c116445bf401d 
Number of updated asset objects reloaded before import = 0
Number of asset objects unloaded after import = 0
========================================================================
Received Import Request.
  Time of request: 2026-08-04T17:31:23.9992553Z
  Time since last request: 0.0002399 seconds.
  importAddress: GUID: c56daa0c35d8542449aea902efda87ce - Path: Packages/com.unity.render-pipelines.core/Editor/Lighting/Icons/HorizontalGradient.png - Importer: ScriptedImporter/UnityEditor.QuickSearchModule:UnityEditor.Search:ASIAI0B
Importing 'GUID: c56daa0c35d8542449aea902efda87ce - Path: Packages/com.unity.render-pipelines.core/Editor/Lighting/Icons/HorizontalGradient.png - Importer: ScriptedImporter/UnityEditor.QuickSearchModule:UnityEditor.Search:ASIAI0B' with importer (ScriptedImporter : UnityEditor.QuickSearchModule:UnityEditor.Search:ASIAI0B)
Imported 'GUID: c56daa0c35d8542449aea902efda87ce' -> (Import Result ID: 'b80f2bd211bdd46aa3643d91153d03e3') in 0.004 seconds [static and dynamic dependencies]. Details - ImportResultOutputID=89faeeb0a95f0f83ee5d01592dfe1561 DependenciesID=58d104d8c093788dee3a7c21738f6474 StaticDependenciesID=77b903dd858f11d187fa616722f2018b 
Number of updated asset objects reloaded before import = 0
Number of asset objects unloaded after import = 1
========================================================================
Received Import Request.
  Time of request: 2026-08-04T17:31:24.0111482Z
  Time since last request: 0.0004336 seconds.
  importAddress: GUID: 2330180628db6f04fb92aa09f845f8a3 - Path: Packages/com.unity.render-pipelines.core/Editor/Lighting/ProbeVolume/ProbeVolumeUI.Drawer.cs - Importer: ScriptedImporter/UnityEditor.QuickSearchModule:UnityEditor.Search:ASIAI0B
Importing 'GUID: 2330180628db6f04fb92aa09f845f8a3 - Path: Packages/com.unity.render-pipelines.core/Editor/Lighting/ProbeVolume/ProbeVolumeUI.Drawer.cs - Importer: ScriptedImporter/UnityEditor.QuickSearchModule:UnityEditor.Search:ASIAI0B' with importer (ScriptedImporter : UnityEditor.QuickSearchModule:UnityEditor.Search:ASIAI0B)
Imported 'GUID: 2330180628db6f04fb92aa09f845f8a3' -> (Import Result ID: '19f80a40ff9904a8468d22dd5a7106f8') in 0.003 seconds [static and dynamic dependencies]. Details - ImportResultOutputID=43073312aa2125907cff6f8e9ffd4881 DependenciesID=f96b6b508008750d224a1376b7ad4c32 StaticDependenciesID=b036a3d0f18413556fae75503493aec2 
Number of updated asset objects reloaded before import = 0
Number of asset objects unloaded after import = 0
========================================================================
Received Import Request.
  Time of request: 2026-08-04T17:31:24.0231059Z
  Time since last request: 0.000202 seconds.
  importAddress: GUID: ebad938968750cd41a0d243f50a3a4ba - Path: Packages/com.unity.render-pipelines.core/Editor/Lighting/ProbeVolume/ProbeVolumeBakingSetEditor.cs - Importer: ScriptedImporter/UnityEditor.QuickSearchModule:UnityEditor.Search:ASIAI0B
Importing 'GUID: ebad938968750cd41a0d243f50a3a4ba - Path: Packages/com.unity.render-pipelines.core/Editor/Lighting/ProbeVolume/ProbeVolumeBakingSetEditor.cs - Importer: ScriptedImporter/UnityEditor.QuickSearchModule:UnityEditor.Search:ASIAI0B' with importer (ScriptedImporter : UnityEditor.QuickSearchModule:UnityEditor.Search:ASIAI0B)
Imported 'GUID: ebad938968750cd41a0d243f50a3a4ba' -> (Import Result ID: '49ca3ebad0aa682c9196d39abdd2a32c') in 0.002 seconds [static and dynamic dependencies]. Details - ImportResultOutputID=988c234a0ce7021e4e3d02dc654159c4 DependenciesID=b10cbb90c983dbf9599f2a8fdc2897f9 StaticDependenciesID=652b60efa7247c3f4409cb765dee783c 
Number of updated asset objects reloaded before import = 0
Number of asset objects unloaded after import = 0
========================================================================
Received Import Request.
  Time of request: 2026-08-04T17:31:24.0540446Z
  Time since last request: 0.0207639 seconds.
  importAddress: GUID: f0326f07dd50365439f552e7f29218e5 - Path: Packages/com.unity.render-pipelines.core/Editor/PostProcessing/LensFlareResource/PolygonFlareThumbnail.png - Importer: ScriptedImporter/UnityEditor.QuickSearchModule:UnityEditor.Search:ASIAI0B
Importing 'GUID: f0326f07dd50365439f552e7f29218e5 - Path: Packages/com.unity.render-pipelines.core/Editor/PostProcessing/LensFlareResource/PolygonFlareThumbnail.png - Importer: ScriptedImporter/UnityEditor.QuickSearchModule:UnityEditor.Search:ASIAI0B' with importer (ScriptedImporter : UnityEditor.QuickSearchModule:UnityEditor.Search:ASIAI0B)
Imported 'GUID: f0326f07dd50365439f552e7f29218e5' -> (Import Result ID: '9eb856870953270d4bd5b6d724226ac9') in 0.004 seconds [static and dynamic dependencies]. Details - ImportResultOutputID=b03802072d7276c77430ae7916c51636 DependenciesID=60044251f31f76b50d5657eefcbe8ad2 StaticDependenciesID=3ff143bef233b395d815c3ddfe6fc0d9 
Number of updated asset objects reloaded before import = 0
Number of asset objects unloaded after import = 1
========================================================================
Received Import Request.
  Time of request: 2026-08-04T17:31:24.0687348Z
  Time since last request: 0.0001928 seconds.
  importAddress: GUID: 0047263fa58f91d49a61936e94358829 - Path: Packages/com.unity.render-pipelines.core/Editor/PostProcessing/LensFlareResource/PolygonFlareThumbnail@2x.png - Importer: ScriptedImporter/UnityEditor.QuickSearchModule:UnityEditor.Search:ASIAI0B
Importing 'GUID: 0047263fa58f91d49a61936e94358829 - Path: Packages/com.unity.render-pipelines.core/Editor/PostProcessing/LensFlareResource/PolygonFlareThumbnail@2x.png - Importer: ScriptedImporter/UnityEditor.QuickSearchModule:UnityEditor.Search:ASIAI0B' with importer (ScriptedImporter : UnityEditor.QuickSearchModule:UnityEditor.Search:ASIAI0B)
Imported 'GUID: 0047263fa58f91d49a61936e94358829' -> (Import Result ID: '592a14574e7646ecc6465c026aae481a') in 0.005 seconds [static and dynamic dependencies]. Details - ImportResultOutputID=8e1234fada90429957be63eb0caee9d2 DependenciesID=95c57bc84a8362bffbd980f55c4ae89d StaticDependenciesID=2e7fd15bd0fff0095d3ae34f3e55aa7e 
Number of updated asset objects reloaded before import = 0
Number of asset objects unloaded after import = 1
========================================================================
Received Import Request.
  Time of request: 2026-08-04T17:31:24.0808385Z
  Time since last request: 0.0002746 seconds.
  importAddress: GUID: c624d8646a289a747b3dfb97cf7aebdd - Path: Packages/com.unity.render-pipelines.core/Runtime/GPUDriven/CoreDataSystems/GPUInstanceDataBuffer.cs.hlsl - Importer: ScriptedImporter/UnityEditor.QuickSearchModule:UnityEditor.Search:ASIAI0B
Importing 'GUID: c624d8646a289a747b3dfb97cf7aebdd - Path: Packages/com.unity.render-pipelines.core/Runtime/GPUDriven/CoreDataSystems/GPUInstanceDataBuffer.cs.hlsl - Importer: ScriptedImporter/UnityEditor.QuickSearchModule:UnityEditor.Search:ASIAI0B' with importer (ScriptedImporter : UnityEditor.QuickSearchModule:UnityEditor.Search:ASIAI0B)
Imported 'GUID: c624d8646a289a747b3dfb97cf7aebdd' -> (Import Result ID: '8f083b1569430e7cf5638d7ff1a3bd47') in 0.003 seconds [static and dynamic dependencies]. Details - ImportResultOutputID=df9174f6fa645eaa36c9f1f3b340e59d DependenciesID=e3841896a1a8e38e89fd3d68fd8a2511 StaticDependenciesID=757c82fa19532ab26a1b7daf8f36f32c 
Number of updated asset objects reloaded before import = 0
Number of asset objects unloaded after import = 1
========================================================================
Received Import Request.
  Time of request: 2026-08-04T17:31:24.0932602Z
  Time since last request: 0.0002298 seconds.
  importAddress: GUID: f92291bf6b5265641ab4f39a5d41fbf4 - Path: Packages/com.unity.render-pipelines.core/Editor/PostProcessing/LensFlareResource/Flare.png - Importer: ScriptedImporter/UnityEditor.QuickSearchModule:UnityEditor.Search:ASIAI0B
Importing 'GUID: f92291bf6b5265641ab4f39a5d41fbf4 - Path: Packages/com.unity.render-pipelines.core/Editor/PostProcessing/LensFlareResource/Flare.png - Importer: ScriptedImporter/UnityEditor.QuickSearchModule:UnityEditor.Search:ASIAI0B' with importer (ScriptedImporter : UnityEditor.QuickSearchModule:UnityEditor.Search:ASIAI0B)
Imported 'GUID: f92291bf6b5265641ab4f39a5d41fbf4' -> (Import Result ID: '3a66948420cd8014d7c8ae9ce2fa74e2') in 0.004 seconds [static and dynamic dependencies]. Details - ImportResultOutputID=06663bae06f45bdc3db102fbb59296cd DependenciesID=fbfadb313ed1070c6bc272a6b13a3d5c StaticDependenciesID=c05ca6d428512599fdc313e312d542bb 
Number of updated asset objects reloaded before import = 0
Number of asset objects unloaded after import = 1
========================================================================
Received Import Request.
  Time of request: 2026-08-04T17:31:24.1059604Z
  Time since last request: 0.0002378 seconds.
  importAddress: GUID: fa69697be3070b04a893666f5947f18c - Path: Packages/com.unity.render-pipelines.core/Runtime/Debugging/Runtime UI Resources/RuntimeDebugWindow_PanelSettings.asset - Importer: ScriptedImporter/UnityEditor.QuickSearchModule:UnityEditor.Search:ASIAI0B
Importing 'GUID: fa69697be3070b04a893666f5947f18c - Path: Packages/com.unity.render-pipelines.core/Runtime/Debugging/Runtime UI Resources/RuntimeDebugWindow_PanelSettings.asset - Importer: ScriptedImporter/UnityEditor.QuickSearchModule:UnityEditor.Search:ASIAI0B' with importer (ScriptedImporter : UnityEditor.QuickSearchModule:UnityEditor.Search:ASIAI0B)
Imported 'GUID: fa69697be3070b04a893666f5947f18c' -> (Import Result ID: '29b12f81d71e8e893b3d34978808ba49') in 0.016 seconds [static and dynamic dependencies]. Details - ImportResultOutputID=777f02db8115d78606237940abe40379 DependenciesID=05f76086d3d5bdbfc5965d8dc2b9667c StaticDependenciesID=c901bc549095c5c5aed23b3c79010832 
Number of updated asset objects reloaded before import = 0
Number of asset objects unloaded after import = 1
========================================================================
Received Import Request.
  Time of request: 2026-08-04T17:31:24.1308931Z
  Time since last request: 0.0002074 seconds.
  importAddress: GUID: 22f804ff14ea3354fb0ae80ecfba8616 - Path: Packages/com.unity.render-pipelines.core/Runtime/GPUDriven/CoreDataSystems/DefaultGPUComponents.cs - Importer: ScriptedImporter/UnityEditor.QuickSearchModule:UnityEditor.Search:ASIAI0B
Importing 'GUID: 22f804ff14ea3354fb0ae80ecfba8616 - Path: Packages/com.unity.render-pipelines.core/Runtime/GPUDriven/CoreDataSystems/DefaultGPUComponents.cs - Importer: ScriptedImporter/UnityEditor.QuickSearchModule:UnityEditor.Search:ASIAI0B' with importer (ScriptedImporter : UnityEditor.QuickSearchModule:UnityEditor.Search:ASIAI0B)
Imported 'GUID: 22f804ff14ea3354fb0ae80ecfba8616' -> (Import Result ID: '79c891665fcaf513f9a858288abeeb31') in 0.003 seconds [static and dynamic dependencies]. Details - ImportResultOutputID=8fc3e081c61e8a8f168fa23bd1dddeb7 DependenciesID=96b0de233f7a208328230c14948c3f1f StaticDependenciesID=9495ec37677b1df1ad76b25db15ec691 
Number of updated asset objects reloaded before import = 0
Number of asset objects unloaded after import = 0
========================================================================
Received Import Request.
  Time of request: 2026-08-04T17:31:24.1435798Z
  Time since last request: 0.0002779 seconds.
  importAddress: GUID: adc48c15b6dfb444b865f111178f02ec - Path: Packages/com.unity.render-pipelines.core/Editor/Resources/Gizmos/ProbeTouchupVolume.png - Importer: ScriptedImporter/UnityEditor.QuickSearchModule:UnityEditor.Search:ASIAI0B
Importing 'GUID: adc48c15b6dfb444b865f111178f02ec - Path: Packages/com.unity.render-pipelines.core/Editor/Resources/Gizmos/ProbeTouchupVolume.png - Importer: ScriptedImporter/UnityEditor.QuickSearchModule:UnityEditor.Search:ASIAI0B' with importer (ScriptedImporter : UnityEditor.QuickSearchModule:UnityEditor.Search:ASIAI0B)
Imported 'GUID: adc48c15b6dfb444b865f111178f02ec' -> (Import Result ID: '0e8f1810e808b57c7cc620e8a72eb0bb') in 0.005 seconds [static and dynamic dependencies]. Details - ImportResultOutputID=48acba2f247ff4b6c47bf36a0c003d78 DependenciesID=aaf581515156db629e9d1718c08c1388 StaticDependenciesID=9cbf11a2e31a4e9dfafc45522ab9252d 
Number of updated asset objects reloaded before import = 0
Number of asset objects unloaded after import = 1
========================================================================
Received Import Request.
  Time of request: 2026-08-04T17:31:24.1592727Z
  Time since last request: 0.0002597 seconds.
  importAddress: GUID: 84f2d5310507cd645a110b652fbfd1d7 - Path: Packages/com.unity.render-pipelines.core/Runtime/GPUDriven/Batching/InstanceCullingBatcher.Jobs.cs - Importer: ScriptedImporter/UnityEditor.QuickSearchModule:UnityEditor.Search:ASIAI0B
Importing 'GUID: 84f2d5310507cd645a110b652fbfd1d7 - Path: Packages/com.unity.render-pipelines.core/Runtime/GPUDriven/Batching/InstanceCullingBatcher.Jobs.cs - Importer: ScriptedImporter/UnityEditor.QuickSearchModule:UnityEditor.Search:ASIAI0B' with importer (ScriptedImporter : UnityEditor.QuickSearchModule:UnityEditor.Search:ASIAI0B)
Imported 'GUID: 84f2d5310507cd645a110b652fbfd1d7' -> (Import Result ID: '7d21324716299bcfd2236197f9f644b3') in 0.002 seconds [static and dynamic dependencies]. Details - ImportResultOutputID=5c5a64a9b541916d9215d6a65e8a1438 DependenciesID=10457fa3909f42f0069128af78d61e6d StaticDependenciesID=0cc32385f7b660d15727a0b0dab65c60 
Number of updated asset objects reloaded before import = 0
Number of asset objects unloaded after import = 0
========================================================================
Received Import Request.
  Time of request: 2026-08-04T17:31:24.1863767Z
  Time since last request: 0.0142794 seconds.
  importAddress: GUID: 99341524cef9ec347a5aa046d0215e59 - Path: Packages/com.unity.render-pipelines.core/Runtime/GPUDriven/Debug/DebugDisplayGPUResidentDrawer.cs - Importer: ScriptedImporter/UnityEditor.QuickSearchModule:UnityEditor.Search:ASIAI0B
Importing 'GUID: 99341524cef9ec347a5aa046d0215e59 - Path: Packages/com.unity.render-pipelines.core/Runtime/GPUDriven/Debug/DebugDisplayGPUResidentDrawer.cs - Importer: ScriptedImporter/UnityEditor.QuickSearchModule:UnityEditor.Search:ASIAI0B' with importer (ScriptedImporter : UnityEditor.QuickSearchModule:UnityEditor.Search:ASIAI0B)
Imported 'GUID: 99341524cef9ec347a5aa046d0215e59' -> (Import Result ID: '8d675a7bc8d402726d9e9157294cde28') in 0.003 seconds [static and dynamic dependencies]. Details - ImportResultOutputID=dbad87c12b1a267797d92181d6ced86e DependenciesID=a02d55e5956db0c72581cde88a2769ce StaticDependenciesID=ee9f00f14440c417e604492c62a067cc 
Number of updated asset objects reloaded before import = 0
Number of asset objects unloaded after import = 0
========================================================================
Received Import Request.
  Time of request: 2026-08-04T17:31:24.1972055Z
  Time since last request: 0.000221 seconds.
  importAddress: GUID: f267e53cd6dfdee4c820be8c35548ffe - Path: Packages/com.unity.render-pipelines.core/Runtime/GPUDriven/CoreDataSystems/InstanceWindDataUpdateDefs.cs.hlsl - Importer: ScriptedImporter/UnityEditor.QuickSearchModule:UnityEditor.Search:ASIAI0B
Importing 'GUID: f267e53cd6dfdee4c820be8c35548ffe - Path: Packages/com.unity.render-pipelines.core/Runtime/GPUDriven/CoreDataSystems/InstanceWindDataUpdateDefs.cs.hlsl - Importer: ScriptedImporter/UnityEditor.QuickSearchModule:UnityEditor.Search:ASIAI0B' with importer (ScriptedImporter : UnityEditor.QuickSearchModule:UnityEditor.Search:ASIAI0B)
Imported 'GUID: f267e53cd6dfdee4c820be8c35548ffe' -> (Import Result ID: '78715aef1dbbc925b1655636222d982e') in 0.002 seconds [static and dynamic dependencies]. Details - ImportResultOutputID=537fd5bed480aa74ded0e09431885bb6 DependenciesID=ef8fb77042abf3bf265cbff45d43163b StaticDependenciesID=6d43ac21ee40a23da46b36acfbbfe656 
Number of updated asset objects reloaded before import = 0
Number of asset objects unloaded after import = 1
========================================================================
Received Import Request.
  Time of request: 2026-08-04T17:31:24.207453Z
  Time since last request: 0.0002305 seconds.
  importAddress: GUID: 41e89eb9ee118734dab014dfd6bb55fc - Path: Packages/com.unity.render-pipelines.core/Runtime/Lighting/ProbeVolume/ProbeReferenceVolume.ReflProbeNormalization.cs - Importer: ScriptedImporter/UnityEditor.QuickSearchModule:UnityEditor.Search:ASIAI0B
Importing 'GUID: 41e89eb9ee118734dab014dfd6bb55fc - Path: Packages/com.unity.render-pipelines.core/Runtime/Lighting/ProbeVolume/ProbeReferenceVolume.ReflProbeNormalization.cs - Importer: ScriptedImporter/UnityEditor.QuickSearchModule:UnityEditor.Search:ASIAI0B' with importer (ScriptedImporter : UnityEditor.QuickSearchModule:UnityEditor.Search:ASIAI0B)
Imported 'GUID: 41e89eb9ee118734dab014dfd6bb55fc' -> (Import Result ID: '5e23119b0ddc1075b825fe20ceaf30fd') in 0.003 seconds [static and dynamic dependencies]. Details - ImportResultOutputID=a9ace1bdd017170e4ae1aa324636d028 DependenciesID=89c5bd0bf32b929be61b34f8b4ba8dd8 StaticDependenciesID=6b1f3dbdaff1e1c4f0b5fcbfa377f3cd 
Number of updated asset objects reloaded before import = 0
Number of asset objects unloaded after import = 0
========================================================================
Received Import Request.
  Time of request: 2026-08-04T17:31:24.2187286Z
  Time since last request: 0.0002065 seconds.
  importAddress: GUID: 2f2e5e8e23a1880449ebe8c1baaa136f - Path: Packages/com.unity.render-pipelines.core/Runtime/Lighting/ProbeVolume/ProbeReferenceVolume.Debug.cs - Importer: ScriptedImporter/UnityEditor.QuickSearchModule:UnityEditor.Search:ASIAI0B
Importing 'GUID: 2f2e5e8e23a1880449ebe8c1baaa136f - Path: Packages/com.unity.render-pipelines.core/Runtime/Lighting/ProbeVolume/ProbeReferenceVolume.Debug.cs - Importer: ScriptedImporter/UnityEditor.QuickSearchModule:UnityEditor.Search:ASIAI0B' with importer (ScriptedImporter : UnityEditor.QuickSearchModule:UnityEditor.Search:ASIAI0B)
Imported 'GUID: 2f2e5e8e23a1880449ebe8c1baaa136f' -> (Import Result ID: 'abc6cb367a8066917c186783815099c5') in 0.002 seconds [static and dynamic dependencies]. Details - ImportResultOutputID=23c72b23353b34cb10bfd30436ff29eb DependenciesID=71d562a402dff9d3fbdb926a3defd449 StaticDependenciesID=adf9b2ecc708c160cb171b46fcc9f5cc 
Number of updated asset objects reloaded before import = 0
Number of asset objects unloaded after import = 0
========================================================================
Received Import Request.
  Time of request: 2026-08-04T17:31:24.2299599Z
  Time since last request: 0.0003596 seconds.
  importAddress: GUID: a71fe447aa3034341b4a16245852e2f5 - Path: Packages/com.unity.render-pipelines.core/Runtime/GPUDriven/Culling/InstanceOcclusionCuller.cs.hlsl - Importer: ScriptedImporter/UnityEditor.QuickSearchModule:UnityEditor.Search:ASIAI0B
Importing 'GUID: a71fe447aa3034341b4a16245852e2f5 - Path: Packages/com.unity.render-pipelines.core/Runtime/GPUDriven/Culling/InstanceOcclusionCuller.cs.hlsl - Importer: ScriptedImporter/UnityEditor.QuickSearchModule:UnityEditor.Search:ASIAI0B' with importer (ScriptedImporter : UnityEditor.QuickSearchModule:UnityEditor.Search:ASIAI0B)
Imported 'GUID: a71fe447aa3034341b4a16245852e2f5' -> (Import Result ID: 'd3d9139737f03e7c3db57fa46e0f642b') in 0.002 seconds [static and dynamic dependencies]. Details - ImportResultOutputID=ae6b81a12afaf5b41d1eee0ddaa923bc DependenciesID=8307065535596744b613d00fb3d20cea StaticDependenciesID=5dc000ad1d8cd2b5d14fa49b821b67e4 
Number of updated asset objects reloaded before import = 0
Number of asset objects unloaded after import = 1
========================================================================
Received Import Request.
  Time of request: 2026-08-04T17:31:24.239678Z
  Time since last request: 0.0002467 seconds.
  importAddress: GUID: 5206b91ddf5158c47918dbb51d045103 - Path: Packages/com.unity.render-pipelines.core/Runtime/Lighting/ProbeVolume/ProbeReferenceVolume.cs - Importer: ScriptedImporter/UnityEditor.QuickSearchModule:UnityEditor.Search:ASIAI0B
Importing 'GUID: 5206b91ddf5158c47918dbb51d045103 - Path: Packages/com.unity.render-pipelines.core/Runtime/Lighting/ProbeVolume/ProbeReferenceVolume.cs - Importer: ScriptedImporter/UnityEditor.QuickSearchModule:UnityEditor.Search:ASIAI0B' with importer (ScriptedImporter : UnityEditor.QuickSearchModule:UnityEditor.Search:ASIAI0B)
Imported 'GUID: 5206b91ddf5158c47918dbb51d045103' -> (Import Result ID: 'f55173e64626d8dc42bae1ff2326721a') in 0.002 seconds [static and dynamic dependencies]. Details - ImportResultOutputID=db18fb20d8b5cb9b18e66fd2a078c818 DependenciesID=76174c70db96730c77805a512a336b1e StaticDependenciesID=91195cf858645a14ce2d68ebe2639f82 
Number of updated asset objects reloaded before import = 0
Number of asset objects unloaded after import = 0
========================================================================
Received Import Request.
  Time of request: 2026-08-04T17:31:24.2492372Z
  Time since last request: 0.0003253 seconds.
  importAddress: GUID: 13f1cda4ab8412041ac157181fa6e421 - Path: Packages/com.unity.render-pipelines.core/Runtime/GPUDriven/Culling/OcclusionCullingCommon.hlsl - Importer: ScriptedImporter/UnityEditor.QuickSearchModule:UnityEditor.Search:ASIAI0B
Importing 'GUID: 13f1cda4ab8412041ac157181fa6e421 - Path: Packages/com.unity.render-pipelines.core/Runtime/GPUDriven/Culling/OcclusionCullingCommon.hlsl - Importer: ScriptedImporter/UnityEditor.QuickSearchModule:UnityEditor.Search:ASIAI0B' with importer (ScriptedImporter : UnityEditor.QuickSearchModule:UnityEditor.Search:ASIAI0B)
Imported 'GUID: 13f1cda4ab8412041ac157181fa6e421' -> (Import Result ID: '62921fe114fb4e3fe961862b76ec5580') in 0.002 seconds [static and dynamic dependencies]. Details - ImportResultOutputID=ac986fa9e55259002bcd070773d25bb5 DependenciesID=c4aa6f86211833985b86e7dffe31524b StaticDependenciesID=a3108c6fcfcd7cf675ccbbb9e1935a31 
Number of updated asset objects reloaded before import = 0
Number of asset objects unloaded after import = 1
========================================================================
Received Import Request.
  Time of request: 2026-08-04T17:31:24.2588169Z
  Time since last request: 0.0002047 seconds.
  importAddress: GUID: ce2eb19ed182ce44292cdf33f8191ec8 - Path: Packages/com.unity.render-pipelines.core/Runtime/GPUDriven/Utilities/MemoryUtilities.cs - Importer: ScriptedImporter/UnityEditor.QuickSearchModule:UnityEditor.Search:ASIAI0B
Importing 'GUID: ce2eb19ed182ce44292cdf33f8191ec8 - Path: Packages/com.unity.render-pipelines.core/Runtime/GPUDriven/Utilities/MemoryUtilities.cs - Importer: ScriptedImporter/UnityEditor.QuickSearchModule:UnityEditor.Search:ASIAI0B' with importer (ScriptedImporter : UnityEditor.QuickSearchModule:UnityEditor.Search:ASIAI0B)
Imported 'GUID: ce2eb19ed182ce44292cdf33f8191ec8' -> (Import Result ID: '813886e04955564650955ecd18410bd2') in 0.002 seconds [static and dynamic dependencies]. Details - ImportResultOutputID=2e5e75c45f1019f17c65c656d12068b3 DependenciesID=872a1ec6231ac618164ce0d4512277cf StaticDependenciesID=2065fb3fdc0dbb979998e125c7a6e8cc 
Number of updated asset objects reloaded before import = 0
Number of asset objects unloaded after import = 0
========================================================================
Received Import Request.
  Time of request: 2026-08-04T17:31:24.2693138Z
  Time since last request: 0.0002759 seconds.
  importAddress: GUID: 1895ea87beb6a2944b488685a325ccc9 - Path: Packages/com.unity.render-pipelines.core/Runtime/GPUDriven/Culling/InstanceOcclusionCullerShaderVariables.cs - Importer: ScriptedImporter/UnityEditor.QuickSearchModule:UnityEditor.Search:ASIAI0B
Importing 'GUID: 1895ea87beb6a2944b488685a325ccc9 - Path: Packages/com.unity.render-pipelines.core/Runtime/GPUDriven/Culling/InstanceOcclusionCullerShaderVariables.cs - Importer: ScriptedImporter/UnityEditor.QuickSearchModule:UnityEditor.Search:ASIAI0B' with importer (ScriptedImporter : UnityEditor.QuickSearchModule:UnityEditor.Search:ASIAI0B)
Imported 'GUID: 1895ea87beb6a2944b488685a325ccc9' -> (Import Result ID: '7c9ffe5bc1e9f8d0c2e990176808209c') in 0.002 seconds [static and dynamic dependencies]. Details - ImportResultOutputID=9c7cb862c73078e5a50d88f553e2dee9 DependenciesID=b78a1ba589d629c5797a18b23199163c StaticDependenciesID=48f1320f2cc699ff46113b97ca1beb99 
Number of updated asset objects reloaded before import = 0
Number of asset objects unloaded after import = 0
========================================================================
Received Import Request.
  Time of request: 2026-08-04T17:31:24.2977284Z
  Time since last request: 0.0183197 seconds.
  importAddress: GUID: 3e2d685b54a94db28fd27ea5a8d03634 - Path: Packages/com.unity.render-pipelines.core/Runtime/Lighting/SurfaceCache/PunctualLights.hlsl - Importer: ScriptedImporter/UnityEditor.QuickSearchModule:UnityEditor.Search:ASIAI0B
Importing 'GUID: 3e2d685b54a94db28fd27ea5a8d03634 - Path: Packages/com.unity.render-pipelines.core/Runtime/Lighting/SurfaceCache/PunctualLights.hlsl - Importer: ScriptedImporter/UnityEditor.QuickSearchModule:UnityEditor.Search:ASIAI0B' with importer (ScriptedImporter : UnityEditor.QuickSearchModule:UnityEditor.Search:ASIAI0B)
Imported 'GUID: 3e2d685b54a94db28fd27ea5a8d03634' -> (Import Result ID: 'a88421869dd2674d20654c029d199df5') in 0.002 seconds [static and dynamic dependencies]. Details - ImportResultOutputID=96c35f19c06e27702c4a6fd5ae16a166 DependenciesID=9e66510275e028816a3fc2ead8a35727 StaticDependenciesID=563a17d67a2c0bc6968f344e50b2cec7 
Number of updated asset objects reloaded before import = 0
Number of asset objects unloaded after import = 1
========================================================================
Received Import Request.
  Time of request: 2026-08-04T17:31:24.3077771Z
  Time since last request: 0.000311 seconds.
  importAddress: GUID: bdf6d42ecc0a27e40afda532c63d82a8 - Path: Packages/com.unity.render-pipelines.core/Runtime/Lighting/SurfaceCache/SurfaceCacheRenderPipelineResources.cs - Importer: ScriptedImporter/UnityEditor.QuickSearchModule:UnityEditor.Search:ASIAI0B
Importing 'GUID: bdf6d42ecc0a27e40afda532c63d82a8 - Path: Packages/com.unity.render-pipelines.core/Runtime/Lighting/SurfaceCache/SurfaceCacheRenderPipelineResources.cs - Importer: ScriptedImporter/UnityEditor.QuickSearchModule:UnityEditor.Search:ASIAI0B' with importer (ScriptedImporter : UnityEditor.QuickSearchModule:UnityEditor.Search:ASIAI0B)
Imported 'GUID: bdf6d42ecc0a27e40afda532c63d82a8' -> (Import Result ID: 'ebc19b6cea7ff4dbd1beda40c28a3907') in 0.002 seconds [static and dynamic dependencies]. Details - ImportResultOutputID=9c79514ef408c8e8b413afec141ec460 DependenciesID=9d6579ee8023949c97a88261064d35de StaticDependenciesID=9846d506e75f27a2c9de1106840b6ec6 
Number of updated asset objects reloaded before import = 0
Number of asset objects unloaded after import = 0
========================================================================
Received Import Request.
  Time of request: 2026-08-04T17:31:24.3191005Z
  Time since last request: 0.0003497 seconds.
  importAddress: GUID: 32ab993c32b84a2ba9631a3bf5c1d79c - Path: Packages/com.unity.render-pipelines.core/Runtime/Lighting/SurfaceCache/PunctualLightSampling.hlsl - Importer: ScriptedImporter/UnityEditor.QuickSearchModule:UnityEditor.Search:ASIAI0B
Importing 'GUID: 32ab993c32b84a2ba9631a3bf5c1d79c - Path: Packages/com.unity.render-pipelines.core/Runtime/Lighting/SurfaceCache/PunctualLightSampling.hlsl - Importer: ScriptedImporter/UnityEditor.QuickSearchModule:UnityEditor.Search:ASIAI0B' with importer (ScriptedImporter : UnityEditor.QuickSearchModule:UnityEditor.Search:ASIAI0B)
Imported 'GUID: 32ab993c32b84a2ba9631a3bf5c1d79c' -> (Import Result ID: '28860c38bf4df38a3d61274aa7e4fc70') in 0.002 seconds [static and dynamic dependencies]. Details - ImportResultOutputID=de5bed222487af5c10e3606637ce44c4 DependenciesID=55bbb0b77fe119880c81ad25f59eee55 StaticDependenciesID=4af30737f21408801e39c4de3a0dd61d 
Number of updated asset objects reloaded before import = 0
Number of asset objects unloaded after import = 1
========================================================================
Received Import Request.
  Time of request: 2026-08-04T17:31:24.3301466Z
  Time since last request: 0.0003653 seconds.
  importAddress: GUID: 1c1174c4c735e6b45bb06384a3c08e2d - Path: Packages/com.unity.render-pipelines.core/Runtime/PathTracing/Environment/EnvironmentImportanceSampling.cs - Importer: ScriptedImporter/UnityEditor.QuickSearchModule:UnityEditor.Search:ASIAI0B
Importing 'GUID: 1c1174c4c735e6b45bb06384a3c08e2d - Path: Packages/com.unity.render-pipelines.core/Runtime/PathTracing/Environment/EnvironmentImportanceSampling.cs - Importer: ScriptedImporter/UnityEditor.QuickSearchModule:UnityEditor.Search:ASIAI0B' with importer (ScriptedImporter : UnityEditor.QuickSearchModule:UnityEditor.Search:ASIAI0B)
Imported 'GUID: 1c1174c4c735e6b45bb06384a3c08e2d' -> (Import Result ID: '2b2dd56809a586ce7236fb80f46b0ed4') in 0.002 seconds [static and dynamic dependencies]. Details - ImportResultOutputID=68008cdf452ea5e970c8220a5b9d8255 DependenciesID=39f8e0d8687106e89b6fd4d1831da908 StaticDependenciesID=2e9ad7f5e3465f6c361545b51d956606 
Number of updated asset objects reloaded before import = 0
Number of asset objects unloaded after import = 0
========================================================================
Received Import Request.
  Time of request: 2026-08-04T17:31:24.3410267Z
  Time since last request: 0.0017865 seconds.
  importAddress: GUID: 963afa495f3a6ef43bb488a65fe99d18 - Path: Packages/com.unity.render-pipelines.core/Runtime/Lighting/ProbeVolume/ProbeVolumeScratchBufferPool.cs - Importer: ScriptedImporter/UnityEditor.QuickSearchModule:UnityEditor.Search:ASIAI0B
Importing 'GUID: 963afa495f3a6ef43bb488a65fe99d18 - Path: Packages/com.unity.render-pipelines.core/Runtime/Lighting/ProbeVolume/ProbeVolumeScratchBufferPool.cs - Importer: ScriptedImporter/UnityEditor.QuickSearchModule:UnityEditor.Search:ASIAI0B' with importer (ScriptedImporter : UnityEditor.QuickSearchModule:UnityEditor.Search:ASIAI0B)
Imported 'GUID: 963afa495f3a6ef43bb488a65fe99d18' -> (Import Result ID: '19e500c97a02c726da89473340a9c6ea') in 0.002 seconds [static and dynamic dependencies]. Details - ImportResultOutputID=2f1f583a968704f2eda609f9b890c9dc DependenciesID=0ab4a29636cceaa7fd955bc36d5ef38e StaticDependenciesID=84b66546c7f33d8229b965621851e294 
Number of updated asset objects reloaded before import = 0
Number of asset objects unloaded after import = 0
========================================================================
Received Import Request.
  Time of request: 2026-08-04T17:31:24.3499829Z
  Time since last request: 0.0002097 seconds.
  importAddress: GUID: 5e0cf68b92a518e43af91d6efe980bfb - Path: Packages/com.unity.render-pipelines.core/Runtime/PathTracing/RenderPipeline/RayTracingRenderPipelineInstance.cs - Importer: ScriptedImporter/UnityEditor.QuickSearchModule:UnityEditor.Search:ASIAI0B
Importing 'GUID: 5e0cf68b92a518e43af91d6efe980bfb - Path: Packages/com.unity.render-pipelines.core/Runtime/PathTracing/RenderPipeline/RayTracingRenderPipelineInstance.cs - Importer: ScriptedImporter/UnityEditor.QuickSearchModule:UnityEditor.Search:ASIAI0B' with importer (ScriptedImporter : UnityEditor.QuickSearchModule:UnityEditor.Search:ASIAI0B)
Imported 'GUID: 5e0cf68b92a518e43af91d6efe980bfb' -> (Import Result ID: '2ebc2ff8db7714694e54ab12e824b981') in 0.003 seconds [static and dynamic dependencies]. Details - ImportResultOutputID=cf8bf9aaa265c6e37e94e926db3dff71 DependenciesID=5d8606c17fa4f8be2380054fefb808d5 StaticDependenciesID=69b6b52e1922264dc425ddab5c6261bf 
Number of updated asset objects reloaded before import = 0
Number of asset objects unloaded after import = 0
========================================================================
Received Prepare
AcceleratorClientConnectionCallback - disconnected - :0
Begin MonoManager ReloadAssembly
Native extension for WindowsStandalone target not found
[Package Manager] Failed to launch server process. Reason: Unity was launched with the -noUpm command-line argument
[Package Manager] Unable to send message (not connected to server process).
[Package Manager] Cannot connect to Unity Package Manager local server
[Package Manager] Failed to launch server process. Reason: Unity was launched with the -noUpm command-line argument
[Package Manager] Unable to send message (not connected to server process).
[Package Manager] Cannot connect to Unity Package Manager local server
ScheduleIndexationOnStartup MainProcess:False IndexOnStartup:True
Mono: successfully reloaded assembly
- Finished resetting the current domain, in  0.557 seconds
Domain Reload Profiling: 1092ms
	BeginReloadAssembly (174ms)
		DisableScriptedObjects (8ms)
		CreateAndSetChildDomain (47ms)
	RebuildCommonClasses (6ms)
	RebuildNativeTypeToScriptingClass (12ms)
	initialDomainReloadingComplete (47ms)
	LoadAllAssembliesAndSetupDomain (295ms)
		LoadAssemblies (270ms)
		AnalyzeDomain (14ms)
			TypeCache.Refresh (6ms)
			ResolveRequiredComponents (6ms)
	FinalizeReload (558ms)
		SetupLoadedEditorAssemblies (0ms)
			BeforeProcessingInitializeOnLoad (75ms)
			ProcessInitializeOnLoadAttributes (207ms)
			ProcessInitializeOnLoadMethodAttributes (118ms)
		AwakeInstancesAfterBackupRestoration (13ms)
Unloading 22 Unused Serialized files (Serialized files now loaded: 0)
Unloading 7154 unused Assets / (5.6 MB). Loaded Objects now: 8047.
Memory consumption went from 331.3 MB to 325.8 MB.
Total: 8.938300 ms (FindLiveObjects: 0.702100 ms CreateObjectMapping: 1.951300 ms MarkObjects: 4.021700 ms  DeleteObjects: 2.262500 ms)

Prepare: number of updated asset objects reloaded= 0
Editor requested this worker to shutdown with reason: Editor is closing down
AcceleratorClientConnectionCallback - disconnected - :0
AssetImportWorker is now disconnected from the server
Process exiting
Exiting without the bug reporter. Application will terminate with return code 0