[Licensing::Module] Trying to connect to existing licensing client channel...
Built from '6000.5/staging' branch; Version is '6000.5.0f1 (88b47c5e7076) revision 8959100'; Using compiler version '194234433'; Build Type 'Release'
[Licensing::IpcConnector] Successfully connected to: "LicenseClient-Filip" at "2026-08-05T18:44:40.2123115Z"
OS: 'Windows 10  (10.0.19045) 64bit Professional' Language: 'en' Physical Memory: 64640 MB
BatchMode: 1, IsHumanControllingUs: 0, StartBugReporterOnCrash: 0, Is64bit: 1
System  architecture: x64
Process architecture: x64
Date: 2026-08-05T18:44:40Z

COMMAND LINE ARGUMENTS:
D:\Software\Unity Installs\6000.5.0f1\Editor\Unity.exe
-adb2
-batchMode
-noUpm
-name
AssetImportWorkerHW6
-projectPath
D:/Projects/Kobold Collective/CardGameTakeHomeStarter
-logFile
Logs/AssetImportWorkerHW6.log
-srvPort
62802
-parentPid
138548
-analyticsCloudUserId
3573578210267
-analyticsCloudProjectId
1304c6e3-abd4-4b49-8156-dccc98aa1145
-analyticsLocalProjectId
1a724b6c99c414aacad9983827ba13a6
-licensingIpc
LicenseClient-Filip
-noDiagnosticSwitchPersistentStore
-job-worker-count
15
-background-job-worker-count
8
-asset-garbage-collectors
1
-force-d3d12
-name
AssetImport
Successfully changed project path to: D:/Projects/Kobold Collective/CardGameTakeHomeStarter
D:/Projects/Kobold Collective/CardGameTakeHomeStarter
[UnityMemory] Configuration Parameters - Can be set up in boot.config
    "memorysetup-temp-allocator-size-gi-baking-worker=262144"
    "memorysetup-temp-allocator-size-gi-baking-worker=262144"
    "memorysetup-temp-allocator-size-gi-baking-worker=262144"
    "memorysetup-temp-allocator-size-gi-baking-worker=262144"
    "memorysetup-temp-allocator-size-gi-baking-worker=262144"
    "memorysetup-temp-allocator-size-nav-mesh-worker=65536"
    "memorysetup-temp-allocator-size-audio-worker=65536"
    "memorysetup-temp-allocator-size-cloud-worker=32768"
    "memorysetup-temp-allocator-size-gfx=262144"
    "memorysetup-temp-allocator-size-preload-manager=33554432"
    "memorysetup-allocator-temp-initial-block-size-main=262144"
    "memorysetup-allocator-temp-initial-block-size-worker=262144"
    "memorysetup-temp-allocator-size-job-worker=262144"
    "memorysetup-temp-allocator-size-background-worker=32768"
    "memorysetup-bucket-allocator-granularity=16"
    "memorysetup-bucket-allocator-bucket-count=8"
    "memorysetup-bucket-allocator-block-size=33554432"
    "memorysetup-bucket-allocator-block-count=8"
    "memorysetup-main-allocator-block-size=16777216"
    "memorysetup-thread-allocator-block-size=16777216"
    "memorysetup-main-allocator-mimalloc-enabled=0"
    "memorysetup-gfx-main-allocator-block-size=16777216"
    "memorysetup-gfx-thread-allocator-block-size=16777216"
    "memorysetup-cache-allocator-block-size=4194304"
    "memorysetup-typetree-allocator-block-size=2097152"
    "memorysetup-profiler-bucket-allocator-granularity=16"
    "memorysetup-profiler-bucket-allocator-bucket-count=8"
    "memorysetup-profiler-bucket-allocator-block-size=33554432"
    "memorysetup-profiler-bucket-allocator-block-count=8"
    "memorysetup-profiler-allocator-block-size=16777216"
    "memorysetup-profiler-editor-allocator-block-size=1048576"
    "memorysetup-temp-allocator-size-main=16777216"
    "memorysetup-job-temp-allocator-block-size=2097152"
    "memorysetup-job-temp-allocator-block-size-background=1048576"
    "memorysetup-job-temp-allocator-reduction-small-platforms=262144"
Player connection [155692]  Target information:

Player connection [155692]  * "[IP] 10.0.0.10 [Port] 0 [Flags] 2 [Guid] 2102722068 [EditorId] 2102722068 [Version] 1048832 [Id] WindowsEditor(7,DESKTOP-LOE394D) [Debug] 1 [PackageName] WindowsEditor [ProjectName] Editor" 

Player connection [155692]  * "[IP] 172.18.224.1 [Port] 0 [Flags] 2 [Guid] 2102722068 [EditorId] 2102722068 [Version] 1048832 [Id] WindowsEditor(7,DESKTOP-LOE394D) [Debug] 1 [PackageName] WindowsEditor [ProjectName] Editor" 

Player connection [155692] Host joined multi-casting on [225.0.0.222:54997]...
Player connection [155692] Host joined alternative multi-casting on [225.0.0.222:34997]...
JobSystem: Creating JobQueue using job-worker-count value 15
Input System module state changed to: Initialized.
[Physics::Module] Initialized fallback backend.
[Physics::Module] Id: 0xdecafbad
Library Redirect Path: Library/
[Physics::Module] Selected backend.
[Physics::Module] Name: PhysX
[Physics::Module] Id: 0xf2b8ea05
[Physics::Module] SDK Version: 4.1.2
[Physics::Module] Integration Version: 1.0.0
[Physics::Module] Threading Mode: Multi-Threaded
Refreshing native plugins compatible for Editor in 2.34 ms, found 5 plugins.
Initialize engine version: 6000.5.0f1 (88b47c5e7076)
[Subsystems] Discovering subsystems at path D:/Software/Unity Installs/6000.5.0f1/Editor/Data/Resources/UnitySubsystems
[Subsystems] Discovering subsystems at path D:/Projects/Kobold Collective/CardGameTakeHomeStarter/Assets
Forcing GfxDevice: Direct3D 12
GfxDevice: creating device client; kGfxThreadingModeNonThreaded
[Licensing::Client] Error: HandshakeResponse reported an error:
	ResponseCode: 505
	ResponseStatus: Unsupported protocol version '1.18.1'.
[Licensing::Module] Error: Failed to handshake to channel: "LicenseClient-Filip"
[Licensing::IpcConnector] LicenseClient-Filip channel disconnected successfully.
[Licensing::IpcConnector] Successfully connected to: "LicenseClient-Filip-6000.5.0" at "2026-08-05T18:44:40.7976919Z"
[Licensing::Client] Code 10 while verifying Licensing Client signature (process Id: 97348, path: "D:/Software/Unity Installs/6000.5.0f1/Editor/Data/Resources/Licensing/Client/Unity.Licensing.Client.exe")
[Licensing::Module] LicensingClient has failed validation; ignoring
[Licensing::Client] Handshaking with LicensingClient:
  Version:                 1.18.1+9fbee8e
  Session Id:              c51f910bb5f84aabb3b9d8847f52dfec
  Correlation Id:          fde53c53c958b2e2a266d78072a0e49e
  External correlation Id: 1942009278352430192
  Machine Id:              WdbJyY1ohjOZjQBbuRdciEBLWqo=
[Licensing::Module] Successfully connected to LicensingClient on channel: "LicenseClient-Filip-6000.5.0" (connect: 0.00s, validation: 0.00s, handshake: 0.00s)
[Licensing::IpcConnector] Successfully connected to: "LicenseClient-Filip-6000.5.0-notifications" at "2026-08-05T18:44:40.8020497Z"
[Licensing::Module] Licensing Background thread has ended after 0.59s
d3d12: failed to query info queue interface (0x80004002).
Direct3D:
    Version:         Direct3D 12 [level 12.2]
    Renderer:        NVIDIA GeForce RTX 4070 Ti SUPER (ID=0x2689)
    Vendor:          NVIDIA
    VRAM:            16061 MB
    App VRAM Budget: 15293 MB
    Driver:          32.0.16.1062
Initialize mono
Mono path[0] = 'D:/Software/Unity Installs/6000.5.0f1/Editor/Data/Managed'
Mono path[1] = 'D:/Software/Unity Installs/6000.5.0f1/Editor/Data/BCLExtensions/runtime/netstandard2.1'
Mono path[2] = 'D:/Software/Unity Installs/6000.5.0f1/Editor/Data/MonoBleedingEdge/lib/mono/unityjit-win32'
Mono config path = 'D:/Software/Unity Installs/6000.5.0f1/Editor/Data/MonoBleedingEdge/etc'
Using monoOptions --debugger-agent=transport=dt_socket,embedding=1,server=y,suspend=n,address=127.0.0.1:56688
CodeReloadManager initialized
Begin MonoManager ReloadAssembly
Registering precompiled unity dll's ...
Register platform support module: D:/Software/Unity Installs/6000.5.0f1/Editor/Data/PlaybackEngines/WindowsStandaloneSupport/UnityEditor.WindowsStandalone.Extensions.dll
Registered in 0.000673 seconds.
Native extension for WindowsStandalone target not found
Package Manager log level set to [2]
[Package Manager] Failed to launch server process. Reason: Unity was launched with the -noUpm command-line argument
[Package Manager] Unable to send message (not connected to server process).
[Package Manager] Cannot connect to Unity Package Manager local server
ScheduleIndexationOnStartup MainProcess:False IndexOnStartup:True
Mono: successfully reloaded assembly
- Finished resetting the current domain, in  0.295 seconds
Domain Reload Profiling: 662ms
	BeginReloadAssembly (94ms)
	RebuildCommonClasses (4ms)
	RebuildNativeTypeToScriptingClass (12ms)
	initialDomainReloadingComplete (42ms)
	LoadAllAssembliesAndSetupDomain (214ms)
		LoadAssemblies (93ms)
		AnalyzeDomain (160ms)
			TypeCache.Refresh (158ms)
				TypeCache.ScanAssembly (147ms)
	FinalizeReload (296ms)
		SetupLoadedEditorAssemblies (0ms)
			BeforeProcessingInitializeOnLoad (73ms)
			ProcessInitializeOnLoadAttributes (73ms)
			ProcessInitializeOnLoadMethodAttributes (86ms)
Initializing Unity extensions:
[Licensing::Client] Successfully resolved entitlement details
[Licensing::Module] License group:
  Id: 3573578210267-UnityPersXXXX
  Product: Unity Personal
  Type: Assigned
  Expiration: Unlimited
Curl error 3: URL rejected: Malformed input to a URL function
========================================================================
Worker process is ready to serve import requests
Import Worker Mode flag is 0x00
Begin MonoManager ReloadAssembly
Native extension for WindowsStandalone target not found
[Package Manager] Failed to launch server process. Reason: Unity was launched with the -noUpm command-line argument
[Package Manager] Unable to send message (not connected to server process).
[Package Manager] Cannot connect to Unity Package Manager local server
[Package Manager] Failed to launch server process. Reason: Unity was launched with the -noUpm command-line argument
[Package Manager] Unable to send message (not connected to server process).
[Package Manager] Cannot connect to Unity Package Manager local server
ScheduleIndexationOnStartup MainProcess:False IndexOnStartup:True
Mono: successfully reloaded assembly
- Finished resetting the current domain, in  0.667 seconds
Domain Reload Profiling: 1341ms
	BeginReloadAssembly (133ms)
		DisableScriptedObjects (4ms)
		CreateAndSetChildDomain (23ms)
	RebuildCommonClasses (7ms)
	RebuildNativeTypeToScriptingClass (14ms)
	initialDomainReloadingComplete (37ms)
	LoadAllAssembliesAndSetupDomain (483ms)
		LoadAssemblies (254ms)
		AnalyzeDomain (210ms)
			TypeCache.Refresh (143ms)
				TypeCache.ScanAssembly (132ms)
			BuildScriptInfoCaches (59ms)
			ResolveRequiredComponents (6ms)
	FinalizeReload (668ms)
		SetupLoadedEditorAssemblies (0ms)
			BeforeProcessingInitializeOnLoad (75ms)
			ProcessInitializeOnLoadAttributes (251ms)
			ProcessInitializeOnLoadMethodAttributes (209ms)
AcceleratorClientConnectionCallback - disconnected - :0
Launched and connected shader compiler UnityShaderCompiler.exe after 0.01 seconds
Unloading 22 Unused Serialized files (Serialized files now loaded: 0)
Curl error 3: URL rejected: Malformed input to a URL function
Unloading 7156 unused Assets / (5.4 MB). Loaded Objects now: 8041.
Memory consumption went from 345.2 MB to 339.7 MB.
Total: 10.624000 ms (FindLiveObjects: 0.767800 ms CreateObjectMapping: 1.911200 ms MarkObjects: 5.147100 ms  DeleteObjects: 2.795900 ms)

========================================================================
Received Import Request.
  Time of request: 2026-08-05T18:44:43.830908Z
  Time since last request: 753784.8636656999588 seconds.
  importAddress: GUID: 6887ac562f464a329bc468158dbbf18f - Path: Packages/com.unity.inputsystem/InputSystem/Controls/Processors/ClampProcessor.cs - Importer: ScriptedImporter/UnityEditor.QuickSearchModule:UnityEditor.Search:ASIAI0B
Importing 'GUID: 6887ac562f464a329bc468158dbbf18f - Path: Packages/com.unity.inputsystem/InputSystem/Controls/Processors/ClampProcessor.cs - Importer: ScriptedImporter/UnityEditor.QuickSearchModule:UnityEditor.Search:ASIAI0B' with importer (ScriptedImporter : UnityEditor.QuickSearchModule:UnityEditor.Search:ASIAI0B)
Imported 'GUID: 6887ac562f464a329bc468158dbbf18f' -> (Import Result ID: 'b56de83c940e417215cc9d3c3fc71e56') in 0.047 seconds [static and dynamic dependencies]. Details - ImportResultOutputID=bf48e826bf5fb30c96a9a30a9ad5cbc3 DependenciesID=017b58b92712ed2da2e2d94894a0802a StaticDependenciesID=28b649339225cd85d389cac7e4137bb6 
Number of updated asset objects reloaded before import = 0
Number of asset objects unloaded after import = 0
========================================================================
Received Import Request.
  Time of request: 2026-08-05T18:44:43.8922231Z
  Time since last request: 0.0043059 seconds.
  importAddress: GUID: 183f7887e5104e1593ce980b9d0159e3 - Path: Packages/com.unity.inputsystem/InputSystem/Editor/Analytics/VirtualMouseInputEditorAnalytic.cs - Importer: ScriptedImporter/UnityEditor.QuickSearchModule:UnityEditor.Search:ASIAI0B
Importing 'GUID: 183f7887e5104e1593ce980b9d0159e3 - Path: Packages/com.unity.inputsystem/InputSystem/Editor/Analytics/VirtualMouseInputEditorAnalytic.cs - Importer: ScriptedImporter/UnityEditor.QuickSearchModule:UnityEditor.Search:ASIAI0B' with importer (ScriptedImporter : UnityEditor.QuickSearchModule:UnityEditor.Search:ASIAI0B)
Imported 'GUID: 183f7887e5104e1593ce980b9d0159e3' -> (Import Result ID: '8f6f04bb21cbdf7676ab090913319fef') in 0.002 seconds [static and dynamic dependencies]. Details - ImportResultOutputID=919022c0d5b3da3f37a012ffd260873d DependenciesID=71ce75fe23c0f2b355ad0944daea5fdc StaticDependenciesID=b48e87af58eb95c919fcccc7b623f4ca 
Number of updated asset objects reloaded before import = 0
Number of asset objects unloaded after import = 0
========================================================================
Received Import Request.
  Time of request: 2026-08-05T18:44:43.9026918Z
  Time since last request: 0.0007472 seconds.
  importAddress: GUID: 924d7617bcdc84f8ea1c0d0ce6466a30 - Path: Packages/com.unity.inputsystem/InputSystem/Editor/ControlPicker/InputControlPathEditor.cs - Importer: ScriptedImporter/UnityEditor.QuickSearchModule:UnityEditor.Search:ASIAI0B
Importing 'GUID: 924d7617bcdc84f8ea1c0d0ce6466a30 - Path: Packages/com.unity.inputsystem/InputSystem/Editor/ControlPicker/InputControlPathEditor.cs - Importer: ScriptedImporter/UnityEditor.QuickSearchModule:UnityEditor.Search:ASIAI0B' with importer (ScriptedImporter : UnityEditor.QuickSearchModule:UnityEditor.Search:ASIAI0B)
Imported 'GUID: 924d7617bcdc84f8ea1c0d0ce6466a30' -> (Import Result ID: '549c4ff1ad23da984672d0f15ddb9aea') in 0.002 seconds [static and dynamic dependencies]. Details - ImportResultOutputID=e21d83c406b03e3f7e80af5170468d7e DependenciesID=a99a2c3f9c88db5abcecc63aff9ff12b StaticDependenciesID=ce800d987aeecec74311503d8bbe7707 
Number of updated asset objects reloaded before import = 0
Number of asset objects unloaded after import = 0
========================================================================
Received Import Request.
  Time of request: 2026-08-05T18:44:43.912044Z
  Time since last request: 0.0003175 seconds.
  importAddress: GUID: ba304f5556a3a4fac98d126883083e7e - Path: Packages/com.unity.inputsystem/InputSystem/Editor/Icons/ChevronDown.png - Importer: ScriptedImporter/UnityEditor.QuickSearchModule:UnityEditor.Search:ASIAI0B
Importing 'GUID: ba304f5556a3a4fac98d126883083e7e - Path: Packages/com.unity.inputsystem/InputSystem/Editor/Icons/ChevronDown.png - Importer: ScriptedImporter/UnityEditor.QuickSearchModule:UnityEditor.Search:ASIAI0B' with importer (ScriptedImporter : UnityEditor.QuickSearchModule:UnityEditor.Search:ASIAI0B)
Imported 'GUID: ba304f5556a3a4fac98d126883083e7e' -> (Import Result ID: '930edee198f6ada994d63abc53a59def') in 0.047 seconds [static and dynamic dependencies]. Details - ImportResultOutputID=3d7bad08bf1f61ce6d8b2cd95b3dc6e6 DependenciesID=98c4384b896bffd2866d27dda3570f88 StaticDependenciesID=dcc94f3046a3539b9bdf62c37bace348 
Number of updated asset objects reloaded before import = 0
Number of asset objects unloaded after import = 1
========================================================================
Received Import Request.
  Time of request: 2026-08-05T18:44:43.9667024Z
  Time since last request: 0.0002438 seconds.
  importAddress: GUID: 57dfdce0eaf2f48a9bd9e60e920e446b - Path: Packages/com.unity.inputsystem/InputSystem/Editor/Icons/ChevronUp@2x.png - Importer: ScriptedImporter/UnityEditor.QuickSearchModule:UnityEditor.Search:ASIAI0B
Importing 'GUID: 57dfdce0eaf2f48a9bd9e60e920e446b - Path: Packages/com.unity.inputsystem/InputSystem/Editor/Icons/ChevronUp@2x.png - Importer: ScriptedImporter/UnityEditor.QuickSearchModule:UnityEditor.Search:ASIAI0B' with importer (ScriptedImporter : UnityEditor.QuickSearchModule:UnityEditor.Search:ASIAI0B)
Imported 'GUID: 57dfdce0eaf2f48a9bd9e60e920e446b' -> (Import Result ID: 'bdd9e744cc83fdb8d9c21e6dba8b02aa') in 0.010 seconds [static and dynamic dependencies]. Details - ImportResultOutputID=f98fff19e65714bb302ae2357998a1a4 DependenciesID=cea47f694a53e3e946f7b8f6c1b94762 StaticDependenciesID=0d4e224fccbd338b4d227792fe394e47 
Number of updated asset objects reloaded before import = 0
Number of asset objects unloaded after import = 1
========================================================================
Received Import Request.
  Time of request: 2026-08-05T18:44:43.9848646Z
  Time since last request: 0.0002607 seconds.
  importAddress: GUID: 6a390ac9b9af0fb49b702bae14eaed84 - Path: Packages/com.unity.inputsystem/InputSystem/Devices/Precompiled/FastMouse.cs - Importer: ScriptedImporter/UnityEditor.QuickSearchModule:UnityEditor.Search:ASIAI0B
Importing 'GUID: 6a390ac9b9af0fb49b702bae14eaed84 - Path: Packages/com.unity.inputsystem/InputSystem/Devices/Precompiled/FastMouse.cs - Importer: ScriptedImporter/UnityEditor.QuickSearchModule:UnityEditor.Search:ASIAI0B' with importer (ScriptedImporter : UnityEditor.QuickSearchModule:UnityEditor.Search:ASIAI0B)
Imported 'GUID: 6a390ac9b9af0fb49b702bae14eaed84' -> (Import Result ID: '0f53e05e661b8eac7490587bfe113029') in 0.003 seconds [static and dynamic dependencies]. Details - ImportResultOutputID=cedaf360649ece8a23471e8bc472423f DependenciesID=a21e30a7daf8227363b9fb283288fb15 StaticDependenciesID=b9716a0ad46b86e2afd5b57101d6fc10 
Number of updated asset objects reloaded before import = 0
Number of asset objects unloaded after import = 0
========================================================================
Received Import Request.
  Time of request: 2026-08-05T18:44:43.9971394Z
  Time since last request: 0.0002623 seconds.
  importAddress: GUID: 985cbca1705a64c80b370afdb30b3ee7 - Path: Packages/com.unity.inputsystem/InputSystem/Editor/Icons/ChevronDown@3x.png - Importer: ScriptedImporter/UnityEditor.QuickSearchModule:UnityEditor.Search:ASIAI0B
Importing 'GUID: 985cbca1705a64c80b370afdb30b3ee7 - Path: Packages/com.unity.inputsystem/InputSystem/Editor/Icons/ChevronDown@3x.png - Importer: ScriptedImporter/UnityEditor.QuickSearchModule:UnityEditor.Search:ASIAI0B' with importer (ScriptedImporter : UnityEditor.QuickSearchModule:UnityEditor.Search:ASIAI0B)
Imported 'GUID: 985cbca1705a64c80b370afdb30b3ee7' -> (Import Result ID: 'fa66d2775d5c6329da8b3df2773b5614') in 0.009 seconds [static and dynamic dependencies]. Details - ImportResultOutputID=6418b5edb2479d431da899225fb18019 DependenciesID=ead858c7dddd1ab08ec64f47f071b453 StaticDependenciesID=cb91742123c132cd80ea57bd59f4e2f1 
Number of updated asset objects reloaded before import = 0
Number of asset objects unloaded after import = 1
========================================================================
Received Import Request.
  Time of request: 2026-08-05T18:44:44.0247011Z
  Time since last request: 0.0116025 seconds.
  importAddress: GUID: fcaa0d99df7c74f52afaa17a375dd393 - Path: Packages/com.unity.inputsystem/InputSystem/Editor/Icons/d_Joystick@3x.png - Importer: ScriptedImporter/UnityEditor.QuickSearchModule:UnityEditor.Search:ASIAI0B
Importing 'GUID: fcaa0d99df7c74f52afaa17a375dd393 - Path: Packages/com.unity.inputsystem/InputSystem/Editor/Icons/d_Joystick@3x.png - Importer: ScriptedImporter/UnityEditor.QuickSearchModule:UnityEditor.Search:ASIAI0B' with importer (ScriptedImporter : UnityEditor.QuickSearchModule:UnityEditor.Search:ASIAI0B)
Imported 'GUID: fcaa0d99df7c74f52afaa17a375dd393' -> (Import Result ID: '38333adffcbb6cdd3bfac9df8024a67d') in 0.010 seconds [static and dynamic dependencies]. Details - ImportResultOutputID=244355ed5401b7a39209a95925a82123 DependenciesID=c057b16d818dcdb9d891d32a67e4b9b1 StaticDependenciesID=07254cbf12e7178995501d044d09050f 
Number of updated asset objects reloaded before import = 0
Number of asset objects unloaded after import = 1
========================================================================
Received Import Request.
  Time of request: 2026-08-05T18:44:44.0429277Z
  Time since last request: 0.000234 seconds.
  importAddress: GUID: c4235c4abfa134435bd4c8c1f8fd8c56 - Path: Packages/com.unity.inputsystem/InputSystem/Editor/Icons/d_InputControl@2x.png - Importer: ScriptedImporter/UnityEditor.QuickSearchModule:UnityEditor.Search:ASIAI0B
Importing 'GUID: c4235c4abfa134435bd4c8c1f8fd8c56 - Path: Packages/com.unity.inputsystem/InputSystem/Editor/Icons/d_InputControl@2x.png - Importer: ScriptedImporter/UnityEditor.QuickSearchModule:UnityEditor.Search:ASIAI0B' with importer (ScriptedImporter : UnityEditor.QuickSearchModule:UnityEditor.Search:ASIAI0B)
Imported 'GUID: c4235c4abfa134435bd4c8c1f8fd8c56' -> (Import Result ID: '3a544c73a679bca41eb461a5f37485ac') in 0.010 seconds [static and dynamic dependencies]. Details - ImportResultOutputID=790b3688bec2642ae32c6528910442cf DependenciesID=14b6664bae774bdf689f467671067175 StaticDependenciesID=5cf008206aa7ccd18ab96b173a8b9d40 
Number of updated asset objects reloaded before import = 0
Number of asset objects unloaded after import = 1
========================================================================
Received Import Request.
  Time of request: 2026-08-05T18:44:44.0608889Z
  Time since last request: 0.0004511 seconds.
  importAddress: GUID: 542599ad529004327a7b18f7b2a4aeb8 - Path: Packages/com.unity.inputsystem/InputSystem/Editor/Icons/d_Interactive Binding@3x.png - Importer: ScriptedImporter/UnityEditor.QuickSearchModule:UnityEditor.Search:ASIAI0B
Importing 'GUID: 542599ad529004327a7b18f7b2a4aeb8 - Path: Packages/com.unity.inputsystem/InputSystem/Editor/Icons/d_Interactive Binding@3x.png - Importer: ScriptedImporter/UnityEditor.QuickSearchModule:UnityEditor.Search:ASIAI0B' with importer (ScriptedImporter : UnityEditor.QuickSearchModule:UnityEditor.Search:ASIAI0B)
Imported 'GUID: 542599ad529004327a7b18f7b2a4aeb8' -> (Import Result ID: 'a79ee452e62f0c957a962f424b56c003') in 0.011 seconds [static and dynamic dependencies]. Details - ImportResultOutputID=7c92bc23eb860840b51af1224793b0be DependenciesID=076b4ca77033b0ed426929a356bb3c8c StaticDependenciesID=6d16ceb4b615c1ec0900adca94de831d 
Number of updated asset objects reloaded before import = 0
Number of asset objects unloaded after import = 1
========================================================================
Received Import Request.
  Time of request: 2026-08-05T18:44:44.0786063Z
  Time since last request: 0.0002498 seconds.
  importAddress: GUID: 006305b616daf47409935f3dc8a172e2 - Path: Packages/com.unity.inputsystem/InputSystem/Editor/Icons/ChevronUp@3x.png - Importer: ScriptedImporter/UnityEditor.QuickSearchModule:UnityEditor.Search:ASIAI0B
Importing 'GUID: 006305b616daf47409935f3dc8a172e2 - Path: Packages/com.unity.inputsystem/InputSystem/Editor/Icons/ChevronUp@3x.png - Importer: ScriptedImporter/UnityEditor.QuickSearchModule:UnityEditor.Search:ASIAI0B' with importer (ScriptedImporter : UnityEditor.QuickSearchModule:UnityEditor.Search:ASIAI0B)
Imported 'GUID: 006305b616daf47409935f3dc8a172e2' -> (Import Result ID: '913e7712238e9832db15ebb4828aaeee') in 0.011 seconds [static and dynamic dependencies]. Details - ImportResultOutputID=efc9a25549bd0e17cd2f76ecc05882bd DependenciesID=12fd57e48d5b2359e0bddfaadb5ecdbe StaticDependenciesID=ed9e8edf6b7169312595d9b8e75e0112 
Number of updated asset objects reloaded before import = 0
Number of asset objects unloaded after import = 1
========================================================================
Received Import Request.
  Time of request: 2026-08-05T18:44:44.0970585Z
  Time since last request: 0.0002321 seconds.
  importAddress: GUID: 27163f3cda5b9431d928f2b33eeb5cf1 - Path: Packages/com.unity.inputsystem/InputSystem/Editor/Icons/d_Axis@2x.png - Importer: ScriptedImporter/UnityEditor.QuickSearchModule:UnityEditor.Search:ASIAI0B
Importing 'GUID: 27163f3cda5b9431d928f2b33eeb5cf1 - Path: Packages/com.unity.inputsystem/InputSystem/Editor/Icons/d_Axis@2x.png - Importer: ScriptedImporter/UnityEditor.QuickSearchModule:UnityEditor.Search:ASIAI0B' with importer (ScriptedImporter : UnityEditor.QuickSearchModule:UnityEditor.Search:ASIAI0B)
Imported 'GUID: 27163f3cda5b9431d928f2b33eeb5cf1' -> (Import Result ID: '351773fee110e9507f371039163ec27a') in 0.009 seconds [static and dynamic dependencies]. Details - ImportResultOutputID=944bd16722934ff46757f4126a3ea2fd DependenciesID=c39772d8be9ce60da45514cbb490ed61 StaticDependenciesID=e815fe52e5807ef95be46dd24b690fea 
Number of updated asset objects reloaded before import = 0
Number of asset objects unloaded after import = 1
========================================================================
Received Import Request.
  Time of request: 2026-08-05T18:44:44.1138576Z
  Time since last request: 0.000489 seconds.
  importAddress: GUID: 76dc61ff6c2d84b24b0a2ce01dc2842d - Path: Packages/com.unity.inputsystem/InputSystem/Editor/Icons/d_Gamepad.png - Importer: ScriptedImporter/UnityEditor.QuickSearchModule:UnityEditor.Search:ASIAI0B
Importing 'GUID: 76dc61ff6c2d84b24b0a2ce01dc2842d - Path: Packages/com.unity.inputsystem/InputSystem/Editor/Icons/d_Gamepad.png - Importer: ScriptedImporter/UnityEditor.QuickSearchModule:UnityEditor.Search:ASIAI0B' with importer (ScriptedImporter : UnityEditor.QuickSearchModule:UnityEditor.Search:ASIAI0B)
Imported 'GUID: 76dc61ff6c2d84b24b0a2ce01dc2842d' -> (Import Result ID: '7121f6e4141a67701b71de2e9613d9be') in 0.010 seconds [static and dynamic dependencies]. Details - ImportResultOutputID=55e1784299b564c5d344d319afc04a91 DependenciesID=498058aec721eb8dc815d5e0bbff1fd4 StaticDependenciesID=90d6e088d55c932599a181c0accf9bba 
Number of updated asset objects reloaded before import = 0
Number of asset objects unloaded after import = 1
========================================================================
Received Import Request.
  Time of request: 2026-08-05T18:44:44.1314183Z
  Time since last request: 0.0002854 seconds.
  importAddress: GUID: 0de917098a5b848b1a371e570928ce10 - Path: Packages/com.unity.inputsystem/InputSystem/Editor/Icons/d_ChevronDown@4x.png - Importer: ScriptedImporter/UnityEditor.QuickSearchModule:UnityEditor.Search:ASIAI0B
Importing 'GUID: 0de917098a5b848b1a371e570928ce10 - Path: Packages/com.unity.inputsystem/InputSystem/Editor/Icons/d_ChevronDown@4x.png - Importer: ScriptedImporter/UnityEditor.QuickSearchModule:UnityEditor.Search:ASIAI0B' with importer (ScriptedImporter : UnityEditor.QuickSearchModule:UnityEditor.Search:ASIAI0B)
Imported 'GUID: 0de917098a5b848b1a371e570928ce10' -> (Import Result ID: '5b9538bc7a4b5c7a23ca00b2c034d797') in 0.009 seconds [static and dynamic dependencies]. Details - ImportResultOutputID=58a015e7ca6c71aed98ccc84c7d53eb6 DependenciesID=5186d396db24537e9a50f84fb04706e0 StaticDependenciesID=b3904d264953f41a527a2f28e04e51d3 
Number of updated asset objects reloaded before import = 0
Number of asset objects unloaded after import = 1
========================================================================
Received Import Request.
  Time of request: 2026-08-05T18:44:44.1498823Z
  Time since last request: 0.0004067 seconds.
  importAddress: GUID: a4bbff684804d4c84b61cd0256cd2360 - Path: Packages/com.unity.inputsystem/InputSystem/Editor/Icons/d_Add Binding.png - Importer: ScriptedImporter/UnityEditor.QuickSearchModule:UnityEditor.Search:ASIAI0B
Importing 'GUID: a4bbff684804d4c84b61cd0256cd2360 - Path: Packages/com.unity.inputsystem/InputSystem/Editor/Icons/d_Add Binding.png - Importer: ScriptedImporter/UnityEditor.QuickSearchModule:UnityEditor.Search:ASIAI0B' with importer (ScriptedImporter : UnityEditor.QuickSearchModule:UnityEditor.Search:ASIAI0B)
Imported 'GUID: a4bbff684804d4c84b61cd0256cd2360' -> (Import Result ID: 'dc8de594b43678c67ca241ae025ba353') in 0.009 seconds [static and dynamic dependencies]. Details - ImportResultOutputID=b2c461aefc0b24ffdea1bbbbe6851aa6 DependenciesID=03a2fe7588dec9cfd426398deff4f95b StaticDependenciesID=58dbb4b215a7f1bc9d612d811c1bd325 
Number of updated asset objects reloaded before import = 0
Number of asset objects unloaded after import = 1
========================================================================
Received Import Request.
  Time of request: 2026-08-05T18:44:44.1675156Z
  Time since last request: 0.000348 seconds.
  importAddress: GUID: d7073cfe15a1a48bfb7ff59225052484 - Path: Packages/com.unity.inputsystem/InputSystem/Editor/Icons/Dpad@4x.png - Importer: ScriptedImporter/UnityEditor.QuickSearchModule:UnityEditor.Search:ASIAI0B
Importing 'GUID: d7073cfe15a1a48bfb7ff59225052484 - Path: Packages/com.unity.inputsystem/InputSystem/Editor/Icons/Dpad@4x.png - Importer: ScriptedImporter/UnityEditor.QuickSearchModule:UnityEditor.Search:ASIAI0B' with importer (ScriptedImporter : UnityEditor.QuickSearchModule:UnityEditor.Search:ASIAI0B)
Imported 'GUID: d7073cfe15a1a48bfb7ff59225052484' -> (Import Result ID: 'a437b2c61c405437005cbdcb9584f939') in 0.011 seconds [static and dynamic dependencies]. Details - ImportResultOutputID=096b922cba16588ed91f61733aa7ad3d DependenciesID=dfff1d8183654b304122ab3701633e9c StaticDependenciesID=35ac8788a0be568ae187550d32663791 
Number of updated asset objects reloaded before import = 0
Number of asset objects unloaded after import = 1
========================================================================
Received Import Request.
  Time of request: 2026-08-05T18:44:44.2098752Z
  Time since last request: 0.0238965 seconds.
  importAddress: GUID: ceaa885da02f84da195f87de12535da6 - Path: Packages/com.unity.inputsystem/InputSystem/Editor/Icons/d_Touch@2x.png - Importer: ScriptedImporter/UnityEditor.QuickSearchModule:UnityEditor.Search:ASIAI0B
Importing 'GUID: ceaa885da02f84da195f87de12535da6 - Path: Packages/com.unity.inputsystem/InputSystem/Editor/Icons/d_Touch@2x.png - Importer: ScriptedImporter/UnityEditor.QuickSearchModule:UnityEditor.Search:ASIAI0B' with importer (ScriptedImporter : UnityEditor.QuickSearchModule:UnityEditor.Search:ASIAI0B)
Imported 'GUID: ceaa885da02f84da195f87de12535da6' -> (Import Result ID: '850c46ad86f54a6655bd438d41957a5b') in 0.009 seconds [static and dynamic dependencies]. Details - ImportResultOutputID=94a3b83cc297496fa037af29e33e7add DependenciesID=d44347e1a0baa745c428f83015835ea4 StaticDependenciesID=918da1029ef1c6f802ff4f6d6595d421 
Number of updated asset objects reloaded before import = 0
Number of asset objects unloaded after import = 1
========================================================================
Received Import Request.
  Time of request: 2026-08-05T18:44:44.2261184Z
  Time since last request: 0.0003392 seconds.
  importAddress: GUID: 6191a40940a3e46899ecf82fa8389d01 - Path: Packages/com.unity.inputsystem/InputSystem/Editor/Icons/Keyboard@3x.png - Importer: ScriptedImporter/UnityEditor.QuickSearchModule:UnityEditor.Search:ASIAI0B
Importing 'GUID: 6191a40940a3e46899ecf82fa8389d01 - Path: Packages/com.unity.inputsystem/InputSystem/Editor/Icons/Keyboard@3x.png - Importer: ScriptedImporter/UnityEditor.QuickSearchModule:UnityEditor.Search:ASIAI0B' with importer (ScriptedImporter : UnityEditor.QuickSearchModule:UnityEditor.Search:ASIAI0B)
Imported 'GUID: 6191a40940a3e46899ecf82fa8389d01' -> (Import Result ID: 'eb537006749e3dcb1b8c314e0396727c') in 0.010 seconds [static and dynamic dependencies]. Details - ImportResultOutputID=73b3e66595510fc82784dd7b91af16f9 DependenciesID=203fc2a73d29f7ef700fd33a5a5742a9 StaticDependenciesID=7082c2a184b5f14510fdc0e05db55005 
Number of updated asset objects reloaded before import = 0
Number of asset objects unloaded after import = 1
========================================================================
Received Import Request.
  Time of request: 2026-08-05T18:44:44.2439763Z
  Time since last request: 0.000297 seconds.
  importAddress: GUID: a4d5a38cb01e9c54aa75431f797059cb - Path: Packages/com.unity.inputsystem/InputSystem/Editor/Icons/TrackedPoseDriver.png - Importer: ScriptedImporter/UnityEditor.QuickSearchModule:UnityEditor.Search:ASIAI0B
Importing 'GUID: a4d5a38cb01e9c54aa75431f797059cb - Path: Packages/com.unity.inputsystem/InputSystem/Editor/Icons/TrackedPoseDriver.png - Importer: ScriptedImporter/UnityEditor.QuickSearchModule:UnityEditor.Search:ASIAI0B' with importer (ScriptedImporter : UnityEditor.QuickSearchModule:UnityEditor.Search:ASIAI0B)
Imported 'GUID: a4d5a38cb01e9c54aa75431f797059cb' -> (Import Result ID: 'bed5e24e2f1e84581bb2547556001f1f') in 0.010 seconds [static and dynamic dependencies]. Details - ImportResultOutputID=3fb7f7caf6586d7473232012c3010f91 DependenciesID=4b35efdb2675b51db879f57c07ca7e64 StaticDependenciesID=bca99366df45e33a90e6772954abbb56 
Number of updated asset objects reloaded before import = 0
Number of asset objects unloaded after import = 1
========================================================================
Received Import Request.
  Time of request: 2026-08-05T18:44:44.2615408Z
  Time since last request: 0.0003102 seconds.
  importAddress: GUID: f5ace3d653812436a812bebfe7f9a242 - Path: Packages/com.unity.inputsystem/InputSystem/Editor/Icons/Stick@4x.png - Importer: ScriptedImporter/UnityEditor.QuickSearchModule:UnityEditor.Search:ASIAI0B
Importing 'GUID: f5ace3d653812436a812bebfe7f9a242 - Path: Packages/com.unity.inputsystem/InputSystem/Editor/Icons/Stick@4x.png - Importer: ScriptedImporter/UnityEditor.QuickSearchModule:UnityEditor.Search:ASIAI0B' with importer (ScriptedImporter : UnityEditor.QuickSearchModule:UnityEditor.Search:ASIAI0B)
Imported 'GUID: f5ace3d653812436a812bebfe7f9a242' -> (Import Result ID: '781d457b1d6eccddd2b915dfce5cbd42') in 0.011 seconds [static and dynamic dependencies]. Details - ImportResultOutputID=56a62ab3d911c94bcdaf3dc2a60cde54 DependenciesID=5b73511c1787bea83ee89b9a088a7a2f StaticDependenciesID=24e9934147721ab97d805fbd9d432ccd 
Number of updated asset objects reloaded before import = 0
Number of asset objects unloaded after import = 1
========================================================================
Received Import Request.
  Time of request: 2026-08-05T18:44:44.2792201Z
  Time since last request: 0.0002098 seconds.
  importAddress: GUID: c28849deb3e3b45c98965e7efd26f7be - Path: Packages/com.unity.inputsystem/InputSystem/Editor/Icons/Joystick.png - Importer: ScriptedImporter/UnityEditor.QuickSearchModule:UnityEditor.Search:ASIAI0B
Importing 'GUID: c28849deb3e3b45c98965e7efd26f7be - Path: Packages/com.unity.inputsystem/InputSystem/Editor/Icons/Joystick.png - Importer: ScriptedImporter/UnityEditor.QuickSearchModule:UnityEditor.Search:ASIAI0B' with importer (ScriptedImporter : UnityEditor.QuickSearchModule:UnityEditor.Search:ASIAI0B)
Imported 'GUID: c28849deb3e3b45c98965e7efd26f7be' -> (Import Result ID: 'a1c1a61af5ea77541dffeb449b659db7') in 0.010 seconds [static and dynamic dependencies]. Details - ImportResultOutputID=cf7257f8c964a953da142288e751cb3b DependenciesID=d9b7be93f8f5660d2343ac56c1927070 StaticDependenciesID=07cf0b05cbe3ac9cc3384ea24b007d51 
Number of updated asset objects reloaded before import = 0
Number of asset objects unloaded after import = 1
========================================================================
Received Import Request.
  Time of request: 2026-08-05T18:44:44.2975083Z
  Time since last request: 0.0002352 seconds.
  importAddress: GUID: a43c2c10c85c448b584c8f2840f86915 - Path: Packages/com.unity.inputsystem/InputSystem/Editor/Icons/Position@3x.png - Importer: ScriptedImporter/UnityEditor.QuickSearchModule:UnityEditor.Search:ASIAI0B
Importing 'GUID: a43c2c10c85c448b584c8f2840f86915 - Path: Packages/com.unity.inputsystem/InputSystem/Editor/Icons/Position@3x.png - Importer: ScriptedImporter/UnityEditor.QuickSearchModule:UnityEditor.Search:ASIAI0B' with importer (ScriptedImporter : UnityEditor.QuickSearchModule:UnityEditor.Search:ASIAI0B)
Imported 'GUID: a43c2c10c85c448b584c8f2840f86915' -> (Import Result ID: '2f1c64e6afa85626332e3bc604ae565f') in 0.009 seconds [static and dynamic dependencies]. Details - ImportResultOutputID=4e3d5266dcc9e295a198a9e5d582b15a DependenciesID=881dffbe86e7ff712c15145300cc8e4b StaticDependenciesID=3370467ca6b5722a6952a6b7777cef76 
Number of updated asset objects reloaded before import = 0
Number of asset objects unloaded after import = 1
========================================================================
Received Import Request.
  Time of request: 2026-08-05T18:44:44.3143923Z
  Time since last request: 0.000243 seconds.
  importAddress: GUID: f58c918f135bd4b8abe5fdb06bda7f4d - Path: Packages/com.unity.inputsystem/InputSystem/Editor/Icons/Joystick@4x.png - Importer: ScriptedImporter/UnityEditor.QuickSearchModule:UnityEditor.Search:ASIAI0B
Importing 'GUID: f58c918f135bd4b8abe5fdb06bda7f4d - Path: Packages/com.unity.inputsystem/InputSystem/Editor/Icons/Joystick@4x.png - Importer: ScriptedImporter/UnityEditor.QuickSearchModule:UnityEditor.Search:ASIAI0B' with importer (ScriptedImporter : UnityEditor.QuickSearchModule:UnityEditor.Search:ASIAI0B)
Imported 'GUID: f58c918f135bd4b8abe5fdb06bda7f4d' -> (Import Result ID: '3dd396bcfb958bab36b5711b937b51ff') in 0.009 seconds [static and dynamic dependencies]. Details - ImportResultOutputID=31209dacc82d32a979cbec9379d29808 DependenciesID=6bb1151be2acb9060cee186b6c2f0761 StaticDependenciesID=2eecee13291cba53f828f832208acb71 
Number of updated asset objects reloaded before import = 0
Number of asset objects unloaded after import = 1
========================================================================
Received Import Request.
  Time of request: 2026-08-05T18:44:44.3310386Z
  Time since last request: 0.0002239 seconds.
  importAddress: GUID: 17c8753d0e5e24194b06404851be7f13 - Path: Packages/com.unity.inputsystem/InputSystem/Editor/Icons/Gamepad.png - Importer: ScriptedImporter/UnityEditor.QuickSearchModule:UnityEditor.Search:ASIAI0B
Importing 'GUID: 17c8753d0e5e24194b06404851be7f13 - Path: Packages/com.unity.inputsystem/InputSystem/Editor/Icons/Gamepad.png - Importer: ScriptedImporter/UnityEditor.QuickSearchModule:UnityEditor.Search:ASIAI0B' with importer (ScriptedImporter : UnityEditor.QuickSearchModule:UnityEditor.Search:ASIAI0B)
Imported 'GUID: 17c8753d0e5e24194b06404851be7f13' -> (Import Result ID: 'e1397f484ceccb8d536c8321d2b8626f') in 0.010 seconds [static and dynamic dependencies]. Details - ImportResultOutputID=76285d1541ebd04778bb61877f694457 DependenciesID=c26feadd7f9c63605bdfa79d26218a26 StaticDependenciesID=237c83704b663195c2225bdfe3145207 
Number of updated asset objects reloaded before import = 0
Number of asset objects unloaded after import = 1
========================================================================
Received Import Request.
  Time of request: 2026-08-05T18:44:44.3491181Z
  Time since last request: 0.0002972 seconds.
  importAddress: GUID: 9e6c9e992a2ee4327bce1d6a8189cedb - Path: Packages/com.unity.inputsystem/InputSystem/Editor/Icons/Interactive Binding@4x.png - Importer: ScriptedImporter/UnityEditor.QuickSearchModule:UnityEditor.Search:ASIAI0B
Importing 'GUID: 9e6c9e992a2ee4327bce1d6a8189cedb - Path: Packages/com.unity.inputsystem/InputSystem/Editor/Icons/Interactive Binding@4x.png - Importer: ScriptedImporter/UnityEditor.QuickSearchModule:UnityEditor.Search:ASIAI0B' with importer (ScriptedImporter : UnityEditor.QuickSearchModule:UnityEditor.Search:ASIAI0B)
Imported 'GUID: 9e6c9e992a2ee4327bce1d6a8189cedb' -> (Import Result ID: '2ebac1bc3c83f5eb64d85cd393469efa') in 0.011 seconds [static and dynamic dependencies]. Details - ImportResultOutputID=cbf164fd3865cba9ac141cc5c4af8480 DependenciesID=776f2ef65b01898612a4ab8455974505 StaticDependenciesID=0a3625b3fd89c530b3a6ef1b00ff2f02 
Number of updated asset objects reloaded before import = 0
Number of asset objects unloaded after import = 1
========================================================================
Received Import Request.
  Time of request: 2026-08-05T18:44:44.392351Z
  Time since last request: 0.0246956 seconds.
  importAddress: GUID: ae42a3986cf84fe2aa1df4aa984dd806 - Path: Packages/com.unity.inputsystem/InputSystem/Plugins/HID/HIDDescriptorWindow.cs - Importer: ScriptedImporter/UnityEditor.QuickSearchModule:UnityEditor.Search:ASIAI0B
Importing 'GUID: ae42a3986cf84fe2aa1df4aa984dd806 - Path: Packages/com.unity.inputsystem/InputSystem/Plugins/HID/HIDDescriptorWindow.cs - Importer: ScriptedImporter/UnityEditor.QuickSearchModule:UnityEditor.Search:ASIAI0B' with importer (ScriptedImporter : UnityEditor.QuickSearchModule:UnityEditor.Search:ASIAI0B)
Imported 'GUID: ae42a3986cf84fe2aa1df4aa984dd806' -> (Import Result ID: '6132cdf50959a8dbdcaff834b80a3c4f') in 0.002 seconds [static and dynamic dependencies]. Details - ImportResultOutputID=7c83c06663d8724fcff431b7b8ccb476 DependenciesID=ae1b978d146406b78f5a766e998bad7c StaticDependenciesID=c5d99bcc0e788f725c7a70b895b199de 
Number of updated asset objects reloaded before import = 0
Number of asset objects unloaded after import = 0
========================================================================
Received Import Request.
  Time of request: 2026-08-05T18:44:44.4021858Z
  Time since last request: 0.0005124 seconds.
  importAddress: GUID: 2a47e68520f79264fb6828f8f9516ef2 - Path: Packages/com.unity.inputsystem/InputSystem/Editor/ProjectWideActions/ProjectWideActionsAsset.cs - Importer: ScriptedImporter/UnityEditor.QuickSearchModule:UnityEditor.Search:ASIAI0B
Importing 'GUID: 2a47e68520f79264fb6828f8f9516ef2 - Path: Packages/com.unity.inputsystem/InputSystem/Editor/ProjectWideActions/ProjectWideActionsAsset.cs - Importer: ScriptedImporter/UnityEditor.QuickSearchModule:UnityEditor.Search:ASIAI0B' with importer (ScriptedImporter : UnityEditor.QuickSearchModule:UnityEditor.Search:ASIAI0B)
Imported 'GUID: 2a47e68520f79264fb6828f8f9516ef2' -> (Import Result ID: '2566f41e5e3878e12975bf669416298d') in 0.003 seconds [static and dynamic dependencies]. Details - ImportResultOutputID=293e39d83b576fd5bdd9d6271f0269ff DependenciesID=137ce5314b0e30303ac1e1661f340a3c StaticDependenciesID=25823a755c27d98bd340796ad8f148ab 
Number of updated asset objects reloaded before import = 0
Number of asset objects unloaded after import = 0
========================================================================
Received Import Request.
  Time of request: 2026-08-05T18:44:44.4151202Z
  Time since last request: 0.0003065 seconds.
  importAddress: GUID: 550c4f473d16e49cf9f2e5c45be4490d - Path: Packages/com.unity.inputsystem/InputSystem/Editor/PropertyDrawers/InputActionPropertyDrawer.cs - Importer: ScriptedImporter/UnityEditor.QuickSearchModule:UnityEditor.Search:ASIAI0B
Importing 'GUID: 550c4f473d16e49cf9f2e5c45be4490d - Path: Packages/com.unity.inputsystem/InputSystem/Editor/PropertyDrawers/InputActionPropertyDrawer.cs - Importer: ScriptedImporter/UnityEditor.QuickSearchModule:UnityEditor.Search:ASIAI0B' with importer (ScriptedImporter : UnityEditor.QuickSearchModule:UnityEditor.Search:ASIAI0B)
Imported 'GUID: 550c4f473d16e49cf9f2e5c45be4490d' -> (Import Result ID: '8d68b8db62a32750867b4828fb9b3c13') in 0.002 seconds [static and dynamic dependencies]. Details - ImportResultOutputID=6391cff6b152ac00ea74484be0ee8f00 DependenciesID=e9c113b726cee9966d45bc16244571ea StaticDependenciesID=cab3d5307dae3bef4b3d6d5f5468fb46 
Number of updated asset objects reloaded before import = 0
Number of asset objects unloaded after import = 0
========================================================================
Received Import Request.
  Time of request: 2026-08-05T18:44:44.4245247Z
  Time since last request: 0.0005017 seconds.
  importAddress: GUID: 4cc0c6a7fa1c14a518fec64497f4937f - Path: Packages/com.unity.inputsystem/InputSystem/Plugins/EnhancedTouch/TouchHistory.cs - Importer: ScriptedImporter/UnityEditor.QuickSearchModule:UnityEditor.Search:ASIAI0B
Importing 'GUID: 4cc0c6a7fa1c14a518fec64497f4937f - Path: Packages/com.unity.inputsystem/InputSystem/Plugins/EnhancedTouch/TouchHistory.cs - Importer: ScriptedImporter/UnityEditor.QuickSearchModule:UnityEditor.Search:ASIAI0B' with importer (ScriptedImporter : UnityEditor.QuickSearchModule:UnityEditor.Search:ASIAI0B)
Imported 'GUID: 4cc0c6a7fa1c14a518fec64497f4937f' -> (Import Result ID: '46d04071be66149e2b7e1352b81c8e34') in 0.003 seconds [static and dynamic dependencies]. Details - ImportResultOutputID=4b785f2330277fd0f2a70ce06c6496f8 DependenciesID=6bf5d3d40d380ff8a2974809a69cc508 StaticDependenciesID=596c4b6538bba787184d951b943097e1 
Number of updated asset objects reloaded before import = 0
Number of asset objects unloaded after import = 0
========================================================================
Received Import Request.
  Time of request: 2026-08-05T18:44:44.4367982Z
  Time since last request: 0.0002366 seconds.
  importAddress: GUID: e8df62e96c8524c2a89b7af40ee100e9 - Path: Packages/com.unity.inputsystem/InputSystem/Editor/Settings/InputSettingsProvider.cs - Importer: ScriptedImporter/UnityEditor.QuickSearchModule:UnityEditor.Search:ASIAI0B
Importing 'GUID: e8df62e96c8524c2a89b7af40ee100e9 - Path: Packages/com.unity.inputsystem/InputSystem/Editor/Settings/InputSettingsProvider.cs - Importer: ScriptedImporter/UnityEditor.QuickSearchModule:UnityEditor.Search:ASIAI0B' with importer (ScriptedImporter : UnityEditor.QuickSearchModule:UnityEditor.Search:ASIAI0B)
Imported 'GUID: e8df62e96c8524c2a89b7af40ee100e9' -> (Import Result ID: 'ce5949384be77c0f6ea839ad06df56df') in 0.003 seconds [static and dynamic dependencies]. Details - ImportResultOutputID=2b3bcebb627848fe3f336ec74464bae3 DependenciesID=b79f89d9eb6f0ef4ed44b0c6e71fd423 StaticDependenciesID=9f6cedb76ba7fd9390ab9c2f5dbf5567 
Number of updated asset objects reloaded before import = 0
Number of asset objects unloaded after import = 0
========================================================================
Received Import Request.
  Time of request: 2026-08-05T18:44:44.4468767Z
  Time since last request: 0.0002865 seconds.
  importAddress: GUID: baaf1bd005134bc6825c06f3510c6643 - Path: Packages/com.unity.inputsystem/InputSystem/Editor/PropertyDrawers/InputActionReferenceSearchProviders.cs - Importer: ScriptedImporter/UnityEditor.QuickSearchModule:UnityEditor.Search:ASIAI0B
Importing 'GUID: baaf1bd005134bc6825c06f3510c6643 - Path: Packages/com.unity.inputsystem/InputSystem/Editor/PropertyDrawers/InputActionReferenceSearchProviders.cs - Importer: ScriptedImporter/UnityEditor.QuickSearchModule:UnityEditor.Search:ASIAI0B' with importer (ScriptedImporter : UnityEditor.QuickSearchModule:UnityEditor.Search:ASIAI0B)
Imported 'GUID: baaf1bd005134bc6825c06f3510c6643' -> (Import Result ID: '1a0e76bbe8a36bfaccbbf97f44ec113a') in 0.002 seconds [static and dynamic dependencies]. Details - ImportResultOutputID=27af413be33c02ed8df0286f14e1fbd1 DependenciesID=39948b6156757358da96b3b8079b33b8 StaticDependenciesID=d2fdf644ac830c24acf09abe1be3a437 
Number of updated asset objects reloaded before import = 0
Number of asset objects unloaded after import = 0
========================================================================
Received Import Request.
  Time of request: 2026-08-05T18:44:44.4560509Z
  Time since last request: 0.0003073 seconds.
  importAddress: GUID: 4f0b0cfb7c484e43823c1a038c97a5f3 - Path: Packages/com.unity.inputsystem/InputSystem/Plugins/HID/HIDSupport.cs - Importer: ScriptedImporter/UnityEditor.QuickSearchModule:UnityEditor.Search:ASIAI0B
Importing 'GUID: 4f0b0cfb7c484e43823c1a038c97a5f3 - Path: Packages/com.unity.inputsystem/InputSystem/Plugins/HID/HIDSupport.cs - Importer: ScriptedImporter/UnityEditor.QuickSearchModule:UnityEditor.Search:ASIAI0B' with importer (ScriptedImporter : UnityEditor.QuickSearchModule:UnityEditor.Search:ASIAI0B)
Imported 'GUID: 4f0b0cfb7c484e43823c1a038c97a5f3' -> (Import Result ID: 'f11eea8058854ed02f53dc7a8f3f33d0') in 0.002 seconds [static and dynamic dependencies]. Details - ImportResultOutputID=6bf46c3df0eb2c8732379f801d5ea8a0 DependenciesID=6f1db938bd71f00b23925dc46f66a51e StaticDependenciesID=886e28e9a413df7b0f0f20a973d56a3a 
Number of updated asset objects reloaded before import = 0
Number of asset objects unloaded after import = 0
========================================================================
Received Import Request.
  Time of request: 2026-08-05T18:44:44.4666401Z
  Time since last request: 0.0002935 seconds.
  importAddress: GUID: 635124a90cfbdc64eb3e9c0fc6904aa5 - Path: Packages/com.unity.inputsystem/InputSystem/Plugins/iOS/iOSSupport.cs - Importer: ScriptedImporter/UnityEditor.QuickSearchModule:UnityEditor.Search:ASIAI0B
Importing 'GUID: 635124a90cfbdc64eb3e9c0fc6904aa5 - Path: Packages/com.unity.inputsystem/InputSystem/Plugins/iOS/iOSSupport.cs - Importer: ScriptedImporter/UnityEditor.QuickSearchModule:UnityEditor.Search:ASIAI0B' with importer (ScriptedImporter : UnityEditor.QuickSearchModule:UnityEditor.Search:ASIAI0B)
Imported 'GUID: 635124a90cfbdc64eb3e9c0fc6904aa5' -> (Import Result ID: '21f25c4cf2136cdfc067f01799df46d4') in 0.003 seconds [static and dynamic dependencies]. Details - ImportResultOutputID=ea468762ac172ea1293991006f04eb2e DependenciesID=94759843f580dd9d15c85f6bdb68022d StaticDependenciesID=efb14b9cb7a6fc1dccc98a3613bcfe85 
Number of updated asset objects reloaded before import = 0
Number of asset objects unloaded after import = 0
========================================================================
Received Import Request.
  Time of request: 2026-08-05T18:44:44.4776159Z
  Time since last request: 0.0003577 seconds.
  importAddress: GUID: e31057ef324a04478bb4f7d469b3cdc0 - Path: Packages/com.unity.inputsystem/InputSystem/Plugins/EnhancedTouch/TouchSimulation.cs - Importer: ScriptedImporter/UnityEditor.QuickSearchModule:UnityEditor.Search:ASIAI0B
Importing 'GUID: e31057ef324a04478bb4f7d469b3cdc0 - Path: Packages/com.unity.inputsystem/InputSystem/Plugins/EnhancedTouch/TouchSimulation.cs - Importer: ScriptedImporter/UnityEditor.QuickSearchModule:UnityEditor.Search:ASIAI0B' with importer (ScriptedImporter : UnityEditor.QuickSearchModule:UnityEditor.Search:ASIAI0B)
Imported 'GUID: e31057ef324a04478bb4f7d469b3cdc0' -> (Import Result ID: 'e1a3bc16a2545f3f119a09b043a88f6b') in 0.002 seconds [static and dynamic dependencies]. Details - ImportResultOutputID=0766f62b10cd7e3f4de2e70b1d5a9bc6 DependenciesID=d4d8bbba80b650f737d4413a300ce9cc StaticDependenciesID=ae40680407ce21cdf3691ca3ac746e11 
Number of updated asset objects reloaded before import = 0
Number of asset objects unloaded after import = 0
========================================================================
Received Import Request.
  Time of request: 2026-08-05T18:44:44.5115723Z
  Time since last request: 0.0228927 seconds.
  importAddress: GUID: 76765a8c5cba74c0abc5ab4afd8266e2 - Path: Packages/com.unity.inputsystem/InputSystem/Plugins/Users/InputUserAccountHandle.cs - Importer: ScriptedImporter/UnityEditor.QuickSearchModule:UnityEditor.Search:ASIAI0B
Importing 'GUID: 76765a8c5cba74c0abc5ab4afd8266e2 - Path: Packages/com.unity.inputsystem/InputSystem/Plugins/Users/InputUserAccountHandle.cs - Importer: ScriptedImporter/UnityEditor.QuickSearchModule:UnityEditor.Search:ASIAI0B' with importer (ScriptedImporter : UnityEditor.QuickSearchModule:UnityEditor.Search:ASIAI0B)
Imported 'GUID: 76765a8c5cba74c0abc5ab4afd8266e2' -> (Import Result ID: 'c7f951235c63c0fb26e287b9000e9342') in 0.004 seconds [static and dynamic dependencies]. Details - ImportResultOutputID=1c0e6068f47494829c87d57e6369132b DependenciesID=0a8554fdde9ecb058f3c5c774460b938 StaticDependenciesID=7789fb3114a0cb05a2a803f86380b59e 
Number of updated asset objects reloaded before import = 0
Number of asset objects unloaded after import = 0
========================================================================
Received Import Request.
  Time of request: 2026-08-05T18:44:44.5226749Z
  Time since last request: 0.0005334 seconds.
  importAddress: GUID: 4ee65784bb8ce434a947aea199821419 - Path: Packages/com.unity.inputsystem/InputSystem/Plugins/UI/INavigationEventData.cs - Importer: ScriptedImporter/UnityEditor.QuickSearchModule:UnityEditor.Search:ASIAI0B
Importing 'GUID: 4ee65784bb8ce434a947aea199821419 - Path: Packages/com.unity.inputsystem/InputSystem/Plugins/UI/INavigationEventData.cs - Importer: ScriptedImporter/UnityEditor.QuickSearchModule:UnityEditor.Search:ASIAI0B' with importer (ScriptedImporter : UnityEditor.QuickSearchModule:UnityEditor.Search:ASIAI0B)
Imported 'GUID: 4ee65784bb8ce434a947aea199821419' -> (Import Result ID: 'a956811986ffd672c75cb3e89ce2150f') in 0.003 seconds [static and dynamic dependencies]. Details - ImportResultOutputID=fe092a21560b6eb1a56b9322133f1a43 DependenciesID=4145ca0b7dbabc7c251f2a77557f4f04 StaticDependenciesID=40ebd47aef5a47585f460cb20c4222fa 
Number of updated asset objects reloaded before import = 0
Number of asset objects unloaded after import = 0
========================================================================
Received Import Request.
  Time of request: 2026-08-05T18:44:44.5340699Z
  Time since last request: 0.000529 seconds.
  importAddress: GUID: 7ae2dc3fc1c44ea59667819ea1d2e0c5 - Path: Packages/com.unity.inputsystem/InputSystem/Plugins/XInput/XInputController.cs - Importer: ScriptedImporter/UnityEditor.QuickSearchModule:UnityEditor.Search:ASIAI0B
Importing 'GUID: 7ae2dc3fc1c44ea59667819ea1d2e0c5 - Path: Packages/com.unity.inputsystem/InputSystem/Plugins/XInput/XInputController.cs - Importer: ScriptedImporter/UnityEditor.QuickSearchModule:UnityEditor.Search:ASIAI0B' with importer (ScriptedImporter : UnityEditor.QuickSearchModule:UnityEditor.Search:ASIAI0B)
Imported 'GUID: 7ae2dc3fc1c44ea59667819ea1d2e0c5' -> (Import Result ID: '5dd1cee28955decd595d7bd7a2bf5dea') in 0.003 seconds [static and dynamic dependencies]. Details - ImportResultOutputID=684b36d9d3424782d45e8f1fd578b74e DependenciesID=c588f808bc74dabf7ed25350c2875ff7 StaticDependenciesID=6355334f015f64a55de32ec1e1445fbe 
Number of updated asset objects reloaded before import = 0
Number of asset objects unloaded after import = 0
========================================================================
Received Import Request.
  Time of request: 2026-08-05T18:44:44.5455993Z
  Time since last request: 0.0002641 seconds.
  importAddress: GUID: cc69a9a42102dea4dafad4147e3ed98e - Path: Packages/com.unity.inputsystem/InputSystem/Plugins/PlayerInput/DefaultInputActions.cs - Importer: ScriptedImporter/UnityEditor.QuickSearchModule:UnityEditor.Search:ASIAI0B
Importing 'GUID: cc69a9a42102dea4dafad4147e3ed98e - Path: Packages/com.unity.inputsystem/InputSystem/Plugins/PlayerInput/DefaultInputActions.cs - Importer: ScriptedImporter/UnityEditor.QuickSearchModule:UnityEditor.Search:ASIAI0B' with importer (ScriptedImporter : UnityEditor.QuickSearchModule:UnityEditor.Search:ASIAI0B)
Imported 'GUID: cc69a9a42102dea4dafad4147e3ed98e' -> (Import Result ID: 'a3f7ed8c62a695912c396083c42ee3b1') in 0.002 seconds [static and dynamic dependencies]. Details - ImportResultOutputID=ed4fed947336b418d4ccccf6f0f918bf DependenciesID=c02a8cbba14199f94c4bb74afb3cb16a StaticDependenciesID=0442d8dcc6e7e3110eeea49d7b5b54eb 
Number of updated asset objects reloaded before import = 0
Number of asset objects unloaded after import = 0
========================================================================
Received Import Request.
  Time of request: 2026-08-05T18:44:44.5559387Z
  Time since last request: 0.0002709 seconds.
  importAddress: GUID: a9586270a56c4658a83ff649811e0cb3 - Path: Packages/com.unity.inputsystem/InputSystem/Utilities/Observables/Observable.cs - Importer: ScriptedImporter/UnityEditor.QuickSearchModule:UnityEditor.Search:ASIAI0B
Importing 'GUID: a9586270a56c4658a83ff649811e0cb3 - Path: Packages/com.unity.inputsystem/InputSystem/Utilities/Observables/Observable.cs - Importer: ScriptedImporter/UnityEditor.QuickSearchModule:UnityEditor.Search:ASIAI0B' with importer (ScriptedImporter : UnityEditor.QuickSearchModule:UnityEditor.Search:ASIAI0B)
Imported 'GUID: a9586270a56c4658a83ff649811e0cb3' -> (Import Result ID: 'e470e963f47a5ec873ca8be4f33fae56') in 0.003 seconds [static and dynamic dependencies]. Details - ImportResultOutputID=44bfb5c5e04e87b28128ed06b30fc32e DependenciesID=565f6d36bfbaae03a0335d7546646d07 StaticDependenciesID=5b810968642a0e565ee3e17c2aa29022 
Number of updated asset objects reloaded before import = 0
Number of asset objects unloaded after import = 0
========================================================================
Received Import Request.
  Time of request: 2026-08-05T18:44:44.5695689Z
  Time since last request: 0.0003226 seconds.
  importAddress: GUID: 92ae37f8da4c25141a0c43e136275e46 - Path: Packages/com.unity.inputsystem/InputSystem/Plugins/OnScreen/OnScreenControl.cs - Importer: ScriptedImporter/UnityEditor.QuickSearchModule:UnityEditor.Search:ASIAI0B
Importing 'GUID: 92ae37f8da4c25141a0c43e136275e46 - Path: Packages/com.unity.inputsystem/InputSystem/Plugins/OnScreen/OnScreenControl.cs - Importer: ScriptedImporter/UnityEditor.QuickSearchModule:UnityEditor.Search:ASIAI0B' with importer (ScriptedImporter : UnityEditor.QuickSearchModule:UnityEditor.Search:ASIAI0B)
Imported 'GUID: 92ae37f8da4c25141a0c43e136275e46' -> (Import Result ID: '6ef07c3c2ae7d4b61719e5753a7fe968') in 0.002 seconds [static and dynamic dependencies]. Details - ImportResultOutputID=db0add84c0405cedfe90a15b9a63be35 DependenciesID=db9d2be9c58edd3bc07bdaece4705fdb StaticDependenciesID=727ca3992e320d523624d9dc0c4fbdde 
Number of updated asset objects reloaded before import = 0
Number of asset objects unloaded after import = 0
========================================================================
Received Import Request.
  Time of request: 2026-08-05T18:44:44.581534Z
  Time since last request: 0.0002916 seconds.
  importAddress: GUID: 326532c3044e949b696215102693a1a3 - Path: Packages/com.unity.inputsystem/InputSystem/Plugins/PlayerInput/PlayerNotifications.cs - Importer: ScriptedImporter/UnityEditor.QuickSearchModule:UnityEditor.Search:ASIAI0B
Importing 'GUID: 326532c3044e949b696215102693a1a3 - Path: Packages/com.unity.inputsystem/InputSystem/Plugins/PlayerInput/PlayerNotifications.cs - Importer: ScriptedImporter/UnityEditor.QuickSearchModule:UnityEditor.Search:ASIAI0B' with importer (ScriptedImporter : UnityEditor.QuickSearchModule:UnityEditor.Search:ASIAI0B)
Imported 'GUID: 326532c3044e949b696215102693a1a3' -> (Import Result ID: '16bc8d953da74064ee63a3600a89016d') in 0.002 seconds [static and dynamic dependencies]. Details - ImportResultOutputID=9b770db3a2e9b9c7ab7a91ed4039fbf3 DependenciesID=2a61f2862ef12dfbd0de94e38197eee6 StaticDependenciesID=99c4b03cdea309fa5c018d7bdae613f7 
Number of updated asset objects reloaded before import = 0
Number of asset objects unloaded after import = 0
========================================================================
Received Import Request.
  Time of request: 2026-08-05T18:44:44.5934507Z
  Time since last request: 0.0003543 seconds.
  importAddress: GUID: afe3cda3e244f60419474164d6ba3b0b - Path: Packages/com.unity.inputsystem/InputSystem/Plugins/UI/TrackedDeviceRaycaster.cs - Importer: ScriptedImporter/UnityEditor.QuickSearchModule:UnityEditor.Search:ASIAI0B
Importing 'GUID: afe3cda3e244f60419474164d6ba3b0b - Path: Packages/com.unity.inputsystem/InputSystem/Plugins/UI/TrackedDeviceRaycaster.cs - Importer: ScriptedImporter/UnityEditor.QuickSearchModule:UnityEditor.Search:ASIAI0B' with importer (ScriptedImporter : UnityEditor.QuickSearchModule:UnityEditor.Search:ASIAI0B)
Imported 'GUID: afe3cda3e244f60419474164d6ba3b0b' -> (Import Result ID: '55c50339d98b6c99924853fea6bf2376') in 0.003 seconds [static and dynamic dependencies]. Details - ImportResultOutputID=8d5d4d80e9d53bd4f9ed0980c05f0196 DependenciesID=1494f7d26aff401777960142f1729646 StaticDependenciesID=0deea61c7fbf30a27a081f0d4e95265b 
Number of updated asset objects reloaded before import = 0
Number of asset objects unloaded after import = 0
========================================================================
Received Import Request.
  Time of request: 2026-08-05T18:44:44.6065803Z
  Time since last request: 0.0002952 seconds.
  importAddress: GUID: 424b6720ff5999446843ba414e58a907 - Path: Packages/com.unity.inputsystem/InputSystem/Plugins/UI/VirtualMouseInput.cs - Importer: ScriptedImporter/UnityEditor.QuickSearchModule:UnityEditor.Search:ASIAI0B
Importing 'GUID: 424b6720ff5999446843ba414e58a907 - Path: Packages/com.unity.inputsystem/InputSystem/Plugins/UI/VirtualMouseInput.cs - Importer: ScriptedImporter/UnityEditor.QuickSearchModule:UnityEditor.Search:ASIAI0B' with importer (ScriptedImporter : UnityEditor.QuickSearchModule:UnityEditor.Search:ASIAI0B)
Imported 'GUID: 424b6720ff5999446843ba414e58a907' -> (Import Result ID: '0e2027f1d9ef66b81cd2c6573cbe9699') in 0.002 seconds [static and dynamic dependencies]. Details - ImportResultOutputID=8628b7dc3fb69bbdcd4cdc63e99fc722 DependenciesID=6b438e52c0694c7f0688a3da0816b112 StaticDependenciesID=ac197c69c48db8544a41bf19b47c1aa3 
Number of updated asset objects reloaded before import = 0
Number of asset objects unloaded after import = 0
========================================================================
Received Import Request.
  Time of request: 2026-08-05T18:44:44.7279443Z
  Time since last request: 0.1091733 seconds.
  importAddress: GUID: 42a7c5e6c9bc849a3a9163e719422c50 - Path: Packages/com.unity.inputsystem/InputSystem/Editor/Internal/AdvancedDropdown/AdvancedDropdownItem.cs - Importer: ScriptedImporter/UnityEditor.QuickSearchModule:UnityEditor.Search:ASIAI0B
Importing 'GUID: 42a7c5e6c9bc849a3a9163e719422c50 - Path: Packages/com.unity.inputsystem/InputSystem/Editor/Internal/AdvancedDropdown/AdvancedDropdownItem.cs - Importer: ScriptedImporter/UnityEditor.QuickSearchModule:UnityEditor.Search:ASIAI0B' with importer (ScriptedImporter : UnityEditor.QuickSearchModule:UnityEditor.Search:ASIAI0B)
Imported 'GUID: 42a7c5e6c9bc849a3a9163e719422c50' -> (Import Result ID: '3448b09b07e071c1213307f280d038bc') in 0.002 seconds [static and dynamic dependencies]. Details - ImportResultOutputID=0ec09079828b66a0de5f5f6aa7c0bb3a DependenciesID=406edfb409b90b2fd0e644e00cb24422 StaticDependenciesID=51b0fc04523bc4db3211870166b50185 
Number of updated asset objects reloaded before import = 0
Number of asset objects unloaded after import = 0
========================================================================
Received Import Request.
  Time of request: 2026-08-05T18:44:44.7377743Z
  Time since last request: 0.0003774 seconds.
  importAddress: GUID: 2fe2cf22711ac4db3b094a955603f8bd - Path: Packages/com.unity.inputsystem/InputSystem/Editor/Internal/AdvancedDropdown/CallbackDataSource.cs - Importer: ScriptedImporter/UnityEditor.QuickSearchModule:UnityEditor.Search:ASIAI0B
Importing 'GUID: 2fe2cf22711ac4db3b094a955603f8bd - Path: Packages/com.unity.inputsystem/InputSystem/Editor/Internal/AdvancedDropdown/CallbackDataSource.cs - Importer: ScriptedImporter/UnityEditor.QuickSearchModule:UnityEditor.Search:ASIAI0B' with importer (ScriptedImporter : UnityEditor.QuickSearchModule:UnityEditor.Search:ASIAI0B)
Imported 'GUID: 2fe2cf22711ac4db3b094a955603f8bd' -> (Import Result ID: '514895d9a36ae321f2bcb51ec03e9c94') in 0.002 seconds [static and dynamic dependencies]. Details - ImportResultOutputID=f46d7ecc40dd45e6bcce63d46f4cb2a9 DependenciesID=297ede43c1d0a6640134f230a58d7223 StaticDependenciesID=f614be5aa5a87f4e901a7726316d6362 
Number of updated asset objects reloaded before import = 0
Number of asset objects unloaded after import = 0
========================================================================
Received Import Request.
  Time of request: 2026-08-05T18:44:44.7479122Z
  Time since last request: 0.0004728 seconds.
  importAddress: GUID: d7b144323984d4298924c65ed071dea1 - Path: Packages/com.unity.inputsystem/InputSystem/Editor/AssetEditor/PackageResources/pink.png - Importer: ScriptedImporter/UnityEditor.QuickSearchModule:UnityEditor.Search:ASIAI0B
Importing 'GUID: d7b144323984d4298924c65ed071dea1 - Path: Packages/com.unity.inputsystem/InputSystem/Editor/AssetEditor/PackageResources/pink.png - Importer: ScriptedImporter/UnityEditor.QuickSearchModule:UnityEditor.Search:ASIAI0B' with importer (ScriptedImporter : UnityEditor.QuickSearchModule:UnityEditor.Search:ASIAI0B)
Imported 'GUID: d7b144323984d4298924c65ed071dea1' -> (Import Result ID: '9a95b133ea933cfea9600b22b8f09660') in 0.008 seconds [static and dynamic dependencies]. Details - ImportResultOutputID=4e7a4d5bb49a0595399b998783624b71 DependenciesID=ee3bae3741f6c2d606bec5d0131d5630 StaticDependenciesID=b7cd675c2b5f20002085430752b33486 
Number of updated asset objects reloaded before import = 0
Number of asset objects unloaded after import = 1
========================================================================
Received Import Request.
  Time of request: 2026-08-05T18:44:44.7774202Z
  Time since last request: 0.0135897 seconds.
  importAddress: GUID: 20e774542c826284fbc98ca46bac755c - Path: Packages/com.unity.visualscripting/Third Party Notices.md - Importer: ScriptedImporter/UnityEditor.QuickSearchModule:UnityEditor.Search:ASIAI0B
Importing 'GUID: 20e774542c826284fbc98ca46bac755c - Path: Packages/com.unity.visualscripting/Third Party Notices.md - Importer: ScriptedImporter/UnityEditor.QuickSearchModule:UnityEditor.Search:ASIAI0B' with importer (ScriptedImporter : UnityEditor.QuickSearchModule:UnityEditor.Search:ASIAI0B)
Imported 'GUID: 20e774542c826284fbc98ca46bac755c' -> (Import Result ID: 'b981da7528812ecd7399b92d26d6ffd6') in 0.008 seconds [static and dynamic dependencies]. Details - ImportResultOutputID=483972ceb9d3e32ef59f17803135c08f DependenciesID=5f8abdd3c2cdfb8e50ee7786b3819b9e StaticDependenciesID=dab9223242a9cba2209510db3dd1d6d6 
Number of updated asset objects reloaded before import = 0
Number of asset objects unloaded after import = 1
========================================================================
Received Import Request.
  Time of request: 2026-08-05T18:44:44.7921148Z
  Time since last request: 0.0002336 seconds.
  importAddress: GUID: ce5f11cd993284c4f9c54f854bdc8c9c - Path: Packages/com.unity.inputsystem/InputSystem/Editor/AssetEditor/PackageResources/personal/actionTreeBackground.png - Importer: ScriptedImporter/UnityEditor.QuickSearchModule:UnityEditor.Search:ASIAI0B
Importing 'GUID: ce5f11cd993284c4f9c54f854bdc8c9c - Path: Packages/com.unity.inputsystem/InputSystem/Editor/AssetEditor/PackageResources/personal/actionTreeBackground.png - Importer: ScriptedImporter/UnityEditor.QuickSearchModule:UnityEditor.Search:ASIAI0B' with importer (ScriptedImporter : UnityEditor.QuickSearchModule:UnityEditor.Search:ASIAI0B)
Imported 'GUID: ce5f11cd993284c4f9c54f854bdc8c9c' -> (Import Result ID: 'a6ae64cbfbe90f850602f453ecacb519') in 0.011 seconds [static and dynamic dependencies]. Details - ImportResultOutputID=339a5aa2d2737c4abe12605d71383788 DependenciesID=a416c3fdc18587f3a90dfb7ae2bb09b8 StaticDependenciesID=9866e005ff3bd0f0576ba91851cc3057 
Number of updated asset objects reloaded before import = 0
Number of asset objects unloaded after import = 1
========================================================================
Received Import Request.
  Time of request: 2026-08-05T18:44:44.8094568Z
  Time since last request: 0.0002404 seconds.
  importAddress: GUID: 303ef5b13740f9a4db252c50122d2c62 - Path: Packages/com.unity.inputsystem/InputSystem/Editor/UITKAssetEditor/PackageResources/ControlSchemeEditor.uxml - Importer: ScriptedImporter/UnityEditor.QuickSearchModule:UnityEditor.Search:ASIAI0B
Importing 'GUID: 303ef5b13740f9a4db252c50122d2c62 - Path: Packages/com.unity.inputsystem/InputSystem/Editor/UITKAssetEditor/PackageResources/ControlSchemeEditor.uxml - Importer: ScriptedImporter/UnityEditor.QuickSearchModule:UnityEditor.Search:ASIAI0B' with importer (ScriptedImporter : UnityEditor.QuickSearchModule:UnityEditor.Search:ASIAI0B)
Imported 'GUID: 303ef5b13740f9a4db252c50122d2c62' -> (Import Result ID: '3af9bf7793807d69650281bfc2efc6aa') in 0.029 seconds [static and dynamic dependencies]. Details - ImportResultOutputID=a2ac4ef0076e3d6b51dda5f5368e4765 DependenciesID=64631c0ffd0f4ac7890a05a34a36ade7 StaticDependenciesID=18234e4b1ef5328d45603f4377afec3e 
Number of updated asset objects reloaded before import = 0
Number of asset objects unloaded after import = 2
========================================================================
Received Import Request.
  Time of request: 2026-08-05T18:44:44.8456986Z
  Time since last request: 0.0001979 seconds.
  importAddress: GUID: 2bd2d0548382d58489e8c2999daf4139 - Path: Packages/com.unity.inputsystem/InputSystem/Editor/UITKAssetEditor/PackageResources/CompositeBindingPropertiesEditor.uxml - Importer: ScriptedImporter/UnityEditor.QuickSearchModule:UnityEditor.Search:ASIAI0B
Importing 'GUID: 2bd2d0548382d58489e8c2999daf4139 - Path: Packages/com.unity.inputsystem/InputSystem/Editor/UITKAssetEditor/PackageResources/CompositeBindingPropertiesEditor.uxml - Importer: ScriptedImporter/UnityEditor.QuickSearchModule:UnityEditor.Search:ASIAI0B' with importer (ScriptedImporter : UnityEditor.QuickSearchModule:UnityEditor.Search:ASIAI0B)
Imported 'GUID: 2bd2d0548382d58489e8c2999daf4139' -> (Import Result ID: 'c4117752fedc269dde5129a8f9104729') in 0.010 seconds [static and dynamic dependencies]. Details - ImportResultOutputID=f947c2dfc0f6f9e7bf628ea305721f2d DependenciesID=0bce8d11e90bbcac05d6a0a61caa9448 StaticDependenciesID=ff678055bc885d7f85570d8008e7ec28 
Number of updated asset objects reloaded before import = 0
Number of asset objects unloaded after import = 2
========================================================================
Received Import Request.
  Time of request: 2026-08-05T18:44:44.8634202Z
  Time since last request: 0.0004396 seconds.
  importAddress: GUID: 7dac9c49a90bca4499371d0adc9b617b - Path: Packages/com.unity.inputsystem/InputSystem/Editor/UITKAssetEditor/PackageResources/InputActionsEditorStyles.uss - Importer: ScriptedImporter/UnityEditor.QuickSearchModule:UnityEditor.Search:ASIAI0B
Importing 'GUID: 7dac9c49a90bca4499371d0adc9b617b - Path: Packages/com.unity.inputsystem/InputSystem/Editor/UITKAssetEditor/PackageResources/InputActionsEditorStyles.uss - Importer: ScriptedImporter/UnityEditor.QuickSearchModule:UnityEditor.Search:ASIAI0B' with importer (ScriptedImporter : UnityEditor.QuickSearchModule:UnityEditor.Search:ASIAI0B)
Imported 'GUID: 7dac9c49a90bca4499371d0adc9b617b' -> (Import Result ID: '46679d8d43b5337425c4ef93e7b98651') in 0.005 seconds [static and dynamic dependencies]. Details - ImportResultOutputID=4540ce14643cae3d7ccc28a33e2c2b86 DependenciesID=bb13ae71daf37d3355a2b09e30e8d7f3 StaticDependenciesID=5f9110a9789fa3b688d588bf1f345c67 
Number of updated asset objects reloaded before import = 0
Number of asset objects unloaded after import = 1
========================================================================
Received Import Request.
  Time of request: 2026-08-05T18:44:44.8772973Z
  Time since last request: 0.0001859 seconds.
  importAddress: GUID: c4b66e31395c54087a2fbc13ae7e0f3c - Path: Packages/com.unity.inputsystem/InputSystem/Editor/AssetEditor/PackageResources/pro/actionTreeBackground.png - Importer: ScriptedImporter/UnityEditor.QuickSearchModule:UnityEditor.Search:ASIAI0B
Importing 'GUID: c4b66e31395c54087a2fbc13ae7e0f3c - Path: Packages/com.unity.inputsystem/InputSystem/Editor/AssetEditor/PackageResources/pro/actionTreeBackground.png - Importer: ScriptedImporter/UnityEditor.QuickSearchModule:UnityEditor.Search:ASIAI0B' with importer (ScriptedImporter : UnityEditor.QuickSearchModule:UnityEditor.Search:ASIAI0B)
Imported 'GUID: c4b66e31395c54087a2fbc13ae7e0f3c' -> (Import Result ID: '3f4f1cd104210cd831fc6cf1883c3d6b') in 0.010 seconds [static and dynamic dependencies]. Details - ImportResultOutputID=8745c9557d19669fca061821cfcf7b3a DependenciesID=5d5bb974a4c1ff150295b966f73f20ab StaticDependenciesID=89305e04d17a8974252c7e0316475737 
Number of updated asset objects reloaded before import = 0
Number of asset objects unloaded after import = 1
========================================================================
Received Import Request.
  Time of request: 2026-08-05T18:44:44.8953114Z
  Time since last request: 0.0002689 seconds.
  importAddress: GUID: 60e5ec46fb7a7ff41856f37c60efb70f - Path: Packages/com.unity.inputsystem/InputSystem/Editor/UITKAssetEditor/Commands/Commands.cs - Importer: ScriptedImporter/UnityEditor.QuickSearchModule:UnityEditor.Search:ASIAI0B
Importing 'GUID: 60e5ec46fb7a7ff41856f37c60efb70f - Path: Packages/com.unity.inputsystem/InputSystem/Editor/UITKAssetEditor/Commands/Commands.cs - Importer: ScriptedImporter/UnityEditor.QuickSearchModule:UnityEditor.Search:ASIAI0B' with importer (ScriptedImporter : UnityEditor.QuickSearchModule:UnityEditor.Search:ASIAI0B)
Imported 'GUID: 60e5ec46fb7a7ff41856f37c60efb70f' -> (Import Result ID: 'ebcd5cd565322445f60453223d2e7213') in 0.002 seconds [static and dynamic dependencies]. Details - ImportResultOutputID=fc2340d88069a93ff2dd7ce13fb8b490 DependenciesID=8bc99333ea584053ff5391f607ad4fcd StaticDependenciesID=fd7ba82f2d9468e539b3447fd92cd4c0 
Number of updated asset objects reloaded before import = 0
Number of asset objects unloaded after import = 0
========================================================================
Received Import Request.
  Time of request: 2026-08-05T18:44:44.9104459Z
  Time since last request: 0.0065061 seconds.
  importAddress: GUID: 6d70db210652542ea80e2220dd47df74 - Path: Packages/com.unity.visualscripting/Runtime/VisualScripting.Flow/FlowGraphData.cs - Importer: ScriptedImporter/UnityEditor.QuickSearchModule:UnityEditor.Search:ASIAI0B
Importing 'GUID: 6d70db210652542ea80e2220dd47df74 - Path: Packages/com.unity.visualscripting/Runtime/VisualScripting.Flow/FlowGraphData.cs - Importer: ScriptedImporter/UnityEditor.QuickSearchModule:UnityEditor.Search:ASIAI0B' with importer (ScriptedImporter : UnityEditor.QuickSearchModule:UnityEditor.Search:ASIAI0B)
Imported 'GUID: 6d70db210652542ea80e2220dd47df74' -> (Import Result ID: '7680c7d994de692c8217d33c8873fe4b') in 0.002 seconds [static and dynamic dependencies]. Details - ImportResultOutputID=74ed687cd05d728c818f29b3acb7cad5 DependenciesID=84b4aa7d7fb3b64628aa4b063046e031 StaticDependenciesID=60d34b8cd1bd967b078867bbaa05e6c4 
Number of updated asset objects reloaded before import = 0
Number of asset objects unloaded after import = 0
========================================================================
Received Import Request.
  Time of request: 2026-08-05T18:44:44.9204599Z
  Time since last request: 0.0006099 seconds.
  importAddress: GUID: 0c9b7e151c1f64d48b39eca8d419c2b5 - Path: Packages/com.unity.visualscripting/Editor/VisualScripting.Core/BoltGUI.cs - Importer: ScriptedImporter/UnityEditor.QuickSearchModule:UnityEditor.Search:ASIAI0B
Importing 'GUID: 0c9b7e151c1f64d48b39eca8d419c2b5 - Path: Packages/com.unity.visualscripting/Editor/VisualScripting.Core/BoltGUI.cs - Importer: ScriptedImporter/UnityEditor.QuickSearchModule:UnityEditor.Search:ASIAI0B' with importer (ScriptedImporter : UnityEditor.QuickSearchModule:UnityEditor.Search:ASIAI0B)
Imported 'GUID: 0c9b7e151c1f64d48b39eca8d419c2b5' -> (Import Result ID: '8c4356e93601b8f49be8b38e90b90ab2') in 0.003 seconds [static and dynamic dependencies]. Details - ImportResultOutputID=4c91e41745426f06184c5d060d17d002 DependenciesID=7605a0732c5b2a4e0bd0a9e20cab249c StaticDependenciesID=5d91ce9892d57e70d468c77bd806cf41 
Number of updated asset objects reloaded before import = 0
Number of asset objects unloaded after import = 0
========================================================================
Received Import Request.
  Time of request: 2026-08-05T18:44:44.9311409Z
  Time since last request: 0.0002003 seconds.
  importAddress: GUID: 23f3c6063e13e4fd9addce3606ff4e42 - Path: Packages/com.unity.visualscripting/Editor/VisualScripting.Flow/Unity.VisualScripting.Flow.Editor.asmdef - Importer: ScriptedImporter/UnityEditor.QuickSearchModule:UnityEditor.Search:ASIAI0B
Importing 'GUID: 23f3c6063e13e4fd9addce3606ff4e42 - Path: Packages/com.unity.visualscripting/Editor/VisualScripting.Flow/Unity.VisualScripting.Flow.Editor.asmdef - Importer: ScriptedImporter/UnityEditor.QuickSearchModule:UnityEditor.Search:ASIAI0B' with importer (ScriptedImporter : UnityEditor.QuickSearchModule:UnityEditor.Search:ASIAI0B)
Imported 'GUID: 23f3c6063e13e4fd9addce3606ff4e42' -> (Import Result ID: 'b6ea9dc4fbaaf11488139019e8583bc2') in 0.007 seconds [static and dynamic dependencies]. Details - ImportResultOutputID=25090c6bcb6e621e3371a6d6dd0034b6 DependenciesID=eea403165e2ffb16d798440b4d2e2ad7 StaticDependenciesID=c83fcab95d8507a0da19cbbab464178b 
Number of updated asset objects reloaded before import = 0
Number of asset objects unloaded after import = 1
========================================================================
Received Import Request.
  Time of request: 2026-08-05T18:44:44.9477361Z
  Time since last request: 0.0002297 seconds.
  importAddress: GUID: 44645be24e12a48a9ba727b163f3b637 - Path: Packages/com.unity.visualscripting/Editor/VisualScripting.Flow/XFlowGraph.cs - Importer: ScriptedImporter/UnityEditor.QuickSearchModule:UnityEditor.Search:ASIAI0B
Importing 'GUID: 44645be24e12a48a9ba727b163f3b637 - Path: Packages/com.unity.visualscripting/Editor/VisualScripting.Flow/XFlowGraph.cs - Importer: ScriptedImporter/UnityEditor.QuickSearchModule:UnityEditor.Search:ASIAI0B' with importer (ScriptedImporter : UnityEditor.QuickSearchModule:UnityEditor.Search:ASIAI0B)
Imported 'GUID: 44645be24e12a48a9ba727b163f3b637' -> (Import Result ID: '0c983025b7f6bcb992cdbb8a467159f3') in 0.002 seconds [static and dynamic dependencies]. Details - ImportResultOutputID=b9986a84f1495ab86a3a62680c89192f DependenciesID=f72cc27f7ab09414aa1dfa18c35cdb12 StaticDependenciesID=62209d39c842b7f44eed9e95ebe4adb3 
Number of updated asset objects reloaded before import = 0
Number of asset objects unloaded after import = 0
========================================================================
Received Import Request.
  Time of request: 2026-08-05T18:44:44.9568845Z
  Time since last request: 0.000237 seconds.
  importAddress: GUID: 8461334e883c84d819a008a46143a5ad - Path: Packages/com.unity.visualscripting/Editor/VisualScripting.Shared/Unity.VisualScripting.Shared.Editor.asmdef - Importer: ScriptedImporter/UnityEditor.QuickSearchModule:UnityEditor.Search:ASIAI0B
Importing 'GUID: 8461334e883c84d819a008a46143a5ad - Path: Packages/com.unity.visualscripting/Editor/VisualScripting.Shared/Unity.VisualScripting.Shared.Editor.asmdef - Importer: ScriptedImporter/UnityEditor.QuickSearchModule:UnityEditor.Search:ASIAI0B' with importer (ScriptedImporter : UnityEditor.QuickSearchModule:UnityEditor.Search:ASIAI0B)
Imported 'GUID: 8461334e883c84d819a008a46143a5ad' -> (Import Result ID: 'a24c1889f14de2d2cf6333da1d43a987') in 0.009 seconds [static and dynamic dependencies]. Details - ImportResultOutputID=038c5a0525258deaac9ac32f7400c425 DependenciesID=e3e1c2f0a27707c8954d9044ef7a95b8 StaticDependenciesID=7588be1de48105341b2920402c8fad40 
Number of updated asset objects reloaded before import = 0
Number of asset objects unloaded after import = 1
========================================================================
Received Import Request.
  Time of request: 2026-08-05T18:44:44.9739326Z
  Time since last request: 0.0002801 seconds.
  importAddress: GUID: 2f0cb32e9f8a4724ab6642e567fa5a7d - Path: Packages/com.unity.visualscripting/Graphics/Events.afphoto - Importer: ScriptedImporter/UnityEditor.QuickSearchModule:UnityEditor.Search:ASIAI0B
Importing 'GUID: 2f0cb32e9f8a4724ab6642e567fa5a7d - Path: Packages/com.unity.visualscripting/Graphics/Events.afphoto - Importer: ScriptedImporter/UnityEditor.QuickSearchModule:UnityEditor.Search:ASIAI0B' with importer (ScriptedImporter : UnityEditor.QuickSearchModule:UnityEditor.Search:ASIAI0B)
Imported 'GUID: 2f0cb32e9f8a4724ab6642e567fa5a7d' -> (Import Result ID: '1cd621c79cd87798391ff660abd45054') in 0.002 seconds [static and dynamic dependencies]. Details - ImportResultOutputID=df35b6dacaf4a60e44db9e73ff37fe1e DependenciesID=443dc757c896fcc18135f5c0e80b8541 StaticDependenciesID=a9622a45e7e914832df1f9491669866a 
Number of updated asset objects reloaded before import = 0
Number of asset objects unloaded after import = 1
========================================================================
Received Import Request.
  Time of request: 2026-08-05T18:44:44.9828495Z
  Time since last request: 0.0002422 seconds.
  importAddress: GUID: 86b460b328d2945298f3ad268e33836e - Path: Packages/com.unity.visualscripting/Editor/VisualScripting.State/StateRevealCondition.cs - Importer: ScriptedImporter/UnityEditor.QuickSearchModule:UnityEditor.Search:ASIAI0B
Importing 'GUID: 86b460b328d2945298f3ad268e33836e - Path: Packages/com.unity.visualscripting/Editor/VisualScripting.State/StateRevealCondition.cs - Importer: ScriptedImporter/UnityEditor.QuickSearchModule:UnityEditor.Search:ASIAI0B' with importer (ScriptedImporter : UnityEditor.QuickSearchModule:UnityEditor.Search:ASIAI0B)
Imported 'GUID: 86b460b328d2945298f3ad268e33836e' -> (Import Result ID: '061083c21bf21153fb9e6b3451bbb468') in 0.002 seconds [static and dynamic dependencies]. Details - ImportResultOutputID=6dc5af7d5b0fbe9b508beba518b0eef9 DependenciesID=50c73a06478c459de24fe10e0454174e StaticDependenciesID=b1a21d9e74f96603d7b569a011df1242 
Number of updated asset objects reloaded before import = 0
Number of asset objects unloaded after import = 0
========================================================================
Received Import Request.
  Time of request: 2026-08-05T18:44:44.9933399Z
  Time since last request: 0.0002452 seconds.
  importAddress: GUID: 512ef2ddcfeb6204995803593a149a5b - Path: Packages/com.unity.visualscripting/Graphics/Source.afphoto - Importer: ScriptedImporter/UnityEditor.QuickSearchModule:UnityEditor.Search:ASIAI0B
Importing 'GUID: 512ef2ddcfeb6204995803593a149a5b - Path: Packages/com.unity.visualscripting/Graphics/Source.afphoto - Importer: ScriptedImporter/UnityEditor.QuickSearchModule:UnityEditor.Search:ASIAI0B' with importer (ScriptedImporter : UnityEditor.QuickSearchModule:UnityEditor.Search:ASIAI0B)
Imported 'GUID: 512ef2ddcfeb6204995803593a149a5b' -> (Import Result ID: '5975905908afe33ae1e868eb29f2f2b5') in 0.002 seconds [static and dynamic dependencies]. Details - ImportResultOutputID=a0fb0293e4e3442705af37924b5930a9 DependenciesID=5bf2ab294dc164a34357481fc39934bf StaticDependenciesID=9427823891ecdfa760af81d66288bc9d 
Number of updated asset objects reloaded before import = 0
Number of asset objects unloaded after import = 1
========================================================================
Received Import Request.
  Time of request: 2026-08-05T18:44:45.0025531Z
  Time since last request: 0.0002863 seconds.
  importAddress: GUID: 2f474ced62820425d9936932e5e28161 - Path: Packages/com.unity.visualscripting/Editor/VisualScripting.Flow/FlowEditorBindings.cs - Importer: ScriptedImporter/UnityEditor.QuickSearchModule:UnityEditor.Search:ASIAI0B
Importing 'GUID: 2f474ced62820425d9936932e5e28161 - Path: Packages/com.unity.visualscripting/Editor/VisualScripting.Flow/FlowEditorBindings.cs - Importer: ScriptedImporter/UnityEditor.QuickSearchModule:UnityEditor.Search:ASIAI0B' with importer (ScriptedImporter : UnityEditor.QuickSearchModule:UnityEditor.Search:ASIAI0B)
Imported 'GUID: 2f474ced62820425d9936932e5e28161' -> (Import Result ID: 'fb04b1eb42a66ed989df858629f62cf4') in 0.002 seconds [static and dynamic dependencies]. Details - ImportResultOutputID=f1da01de2717d0bced0db84b23d2ee95 DependenciesID=5d1523ccfc6af1a79657646f64055453 StaticDependenciesID=0b6ab3790e15052cca59b369709b9b66 
Number of updated asset objects reloaded before import = 0
Number of asset objects unloaded after import = 0
========================================================================
Received Import Request.
  Time of request: 2026-08-05T18:44:45.0271275Z
  Time since last request: 0.0155793 seconds.
  importAddress: GUID: d20b55e1b62454c3cb8261290858b417 - Path: Packages/com.unity.visualscripting/Runtime/VisualScripting.State/StateGraph.cs - Importer: ScriptedImporter/UnityEditor.QuickSearchModule:UnityEditor.Search:ASIAI0B
Importing 'GUID: d20b55e1b62454c3cb8261290858b417 - Path: Packages/com.unity.visualscripting/Runtime/VisualScripting.State/StateGraph.cs - Importer: ScriptedImporter/UnityEditor.QuickSearchModule:UnityEditor.Search:ASIAI0B' with importer (ScriptedImporter : UnityEditor.QuickSearchModule:UnityEditor.Search:ASIAI0B)
Imported 'GUID: d20b55e1b62454c3cb8261290858b417' -> (Import Result ID: '1bfd6ab09e132d791cb322d971ed150d') in 0.003 seconds [static and dynamic dependencies]. Details - ImportResultOutputID=38e2f3002dd68d3cbc513c1a72292f3a DependenciesID=e746e6bae86c90b1e400e46e27fc1045 StaticDependenciesID=1a5205a8c36eec783efae86001453170 
Number of updated asset objects reloaded before import = 0
Number of asset objects unloaded after import = 0
========================================================================
Received Import Request.
  Time of request: 2026-08-05T18:44:45.0368125Z
  Time since last request: 0.0004847 seconds.
  importAddress: GUID: 530e556d4407947dcae7102ff497587d - Path: Packages/com.unity.visualscripting/Runtime/VisualScripting.State/StateGraphAsset.cs - Importer: ScriptedImporter/UnityEditor.QuickSearchModule:UnityEditor.Search:ASIAI0B
Importing 'GUID: 530e556d4407947dcae7102ff497587d - Path: Packages/com.unity.visualscripting/Runtime/VisualScripting.State/StateGraphAsset.cs - Importer: ScriptedImporter/UnityEditor.QuickSearchModule:UnityEditor.Search:ASIAI0B' with importer (ScriptedImporter : UnityEditor.QuickSearchModule:UnityEditor.Search:ASIAI0B)
Imported 'GUID: 530e556d4407947dcae7102ff497587d' -> (Import Result ID: 'fd2b690522a886f42881b32bf6d1beea') in 0.009 seconds [static and dynamic dependencies]. Details - ImportResultOutputID=e250673da6cbbed424b69dd24885f525 DependenciesID=91443f6d93cfd43340aad4cf685523df StaticDependenciesID=9afabb1325a932e66bf7ebb021c8dafe 
Number of updated asset objects reloaded before import = 0
Number of asset objects unloaded after import = 1
========================================================================
Received Import Request.
  Time of request: 2026-08-05T18:44:45.0547454Z
  Time since last request: 0.0002601 seconds.
  importAddress: GUID: 59718df20b933421a9c465fcbeff7836 - Path: Packages/com.unity.visualscripting/Editor/VisualScripting.Core/Analytics/Analytics.cs - Importer: ScriptedImporter/UnityEditor.QuickSearchModule:UnityEditor.Search:ASIAI0B
Importing 'GUID: 59718df20b933421a9c465fcbeff7836 - Path: Packages/com.unity.visualscripting/Editor/VisualScripting.Core/Analytics/Analytics.cs - Importer: ScriptedImporter/UnityEditor.QuickSearchModule:UnityEditor.Search:ASIAI0B' with importer (ScriptedImporter : UnityEditor.QuickSearchModule:UnityEditor.Search:ASIAI0B)
Imported 'GUID: 59718df20b933421a9c465fcbeff7836' -> (Import Result ID: '2c0304684e394d3d10b351edd2340047') in 0.002 seconds [static and dynamic dependencies]. Details - ImportResultOutputID=cb047ba4093a5674c668dc3e974058b2 DependenciesID=e37b8e01c8f70f71f83f22a5ccacf08a StaticDependenciesID=13eaab90666d0a557e624da14df95afd 
Number of updated asset objects reloaded before import = 0
Number of asset objects unloaded after import = 0
========================================================================
Received Import Request.
  Time of request: 2026-08-05T18:44:45.0643312Z
  Time since last request: 0.0002807 seconds.
  importAddress: GUID: a8c0a3364f2ef4e42820eb87b5bdab69 - Path: Packages/com.unity.visualscripting/Editor/SettingsProvider/ProjectSettings/ScriptReferenceResolverSettings.cs - Importer: ScriptedImporter/UnityEditor.QuickSearchModule:UnityEditor.Search:ASIAI0B
Importing 'GUID: a8c0a3364f2ef4e42820eb87b5bdab69 - Path: Packages/com.unity.visualscripting/Editor/SettingsProvider/ProjectSettings/ScriptReferenceResolverSettings.cs - Importer: ScriptedImporter/UnityEditor.QuickSearchModule:UnityEditor.Search:ASIAI0B' with importer (ScriptedImporter : UnityEditor.QuickSearchModule:UnityEditor.Search:ASIAI0B)
Imported 'GUID: a8c0a3364f2ef4e42820eb87b5bdab69' -> (Import Result ID: 'f05df0ea979e2bb51bffcfd4f637b92d') in 0.002 seconds [static and dynamic dependencies]. Details - ImportResultOutputID=85206246effd004e299f402709d99968 DependenciesID=23f2360beeaea990d385238bd7dcd9fa StaticDependenciesID=1a4fb132df207ae712a8f93a00aa95fb 
Number of updated asset objects reloaded before import = 0
Number of asset objects unloaded after import = 0
========================================================================
Received Import Request.
  Time of request: 2026-08-05T18:44:45.074156Z
  Time since last request: 0.0002487 seconds.
  importAddress: GUID: c62d7cadff98b452b84915368d99ef5d - Path: Packages/com.unity.visualscripting/Runtime/VisualScripting.State/IStateTransition.cs - Importer: ScriptedImporter/UnityEditor.QuickSearchModule:UnityEditor.Search:ASIAI0B
Importing 'GUID: c62d7cadff98b452b84915368d99ef5d - Path: Packages/com.unity.visualscripting/Runtime/VisualScripting.State/IStateTransition.cs - Importer: ScriptedImporter/UnityEditor.QuickSearchModule:UnityEditor.Search:ASIAI0B' with importer (ScriptedImporter : UnityEditor.QuickSearchModule:UnityEditor.Search:ASIAI0B)
Imported 'GUID: c62d7cadff98b452b84915368d99ef5d' -> (Import Result ID: 'a67e445552bc300e3fbb3880d0616423') in 0.002 seconds [static and dynamic dependencies]. Details - ImportResultOutputID=f1c1fb99e63b4d90cf38c3300d7cee42 DependenciesID=38e55a3822dbd4d5f41794459ba967d1 StaticDependenciesID=4f32f48e286db0870aebf513bfe9eb55 
Number of updated asset objects reloaded before import = 0
Number of asset objects unloaded after import = 0
========================================================================
Received Import Request.
  Time of request: 2026-08-05T18:44:45.0843341Z
  Time since last request: 0.0003234 seconds.
  importAddress: GUID: add84b05d27f246339255e43a260d9d9 - Path: Packages/com.unity.visualscripting/Runtime/VisualScripting.Flow/UnitCategory.cs - Importer: ScriptedImporter/UnityEditor.QuickSearchModule:UnityEditor.Search:ASIAI0B
Importing 'GUID: add84b05d27f246339255e43a260d9d9 - Path: Packages/com.unity.visualscripting/Runtime/VisualScripting.Flow/UnitCategory.cs - Importer: ScriptedImporter/UnityEditor.QuickSearchModule:UnityEditor.Search:ASIAI0B' with importer (ScriptedImporter : UnityEditor.QuickSearchModule:UnityEditor.Search:ASIAI0B)
Imported 'GUID: add84b05d27f246339255e43a260d9d9' -> (Import Result ID: 'a68af9c7385a104a30686b2b768b3a15') in 0.002 seconds [static and dynamic dependencies]. Details - ImportResultOutputID=b4e4618b67567b863da95182f8cdff53 DependenciesID=92e09ca2d074cd91d53831f867270a27 StaticDependenciesID=4743db8dbda20ecbc83ee0526dae19c6 
Number of updated asset objects reloaded before import = 0
Number of asset objects unloaded after import = 0
========================================================================
Received Import Request.
  Time of request: 2026-08-05T18:44:45.0943568Z
  Time since last request: 0.0002019 seconds.
  importAddress: GUID: f1505e7010ba447f9087b4398e0e3473 - Path: Packages/com.unity.visualscripting/Editor/SettingsProvider/ProjectSettings/CoreProviderSettings.cs - Importer: ScriptedImporter/UnityEditor.QuickSearchModule:UnityEditor.Search:ASIAI0B
Importing 'GUID: f1505e7010ba447f9087b4398e0e3473 - Path: Packages/com.unity.visualscripting/Editor/SettingsProvider/ProjectSettings/CoreProviderSettings.cs - Importer: ScriptedImporter/UnityEditor.QuickSearchModule:UnityEditor.Search:ASIAI0B' with importer (ScriptedImporter : UnityEditor.QuickSearchModule:UnityEditor.Search:ASIAI0B)
Imported 'GUID: f1505e7010ba447f9087b4398e0e3473' -> (Import Result ID: 'c096771478bc5b14f5417600bd4100b6') in 0.003 seconds [static and dynamic dependencies]. Details - ImportResultOutputID=037aa862010f072203ebb8daaf8945e8 DependenciesID=14fb288e754a5bb76a574679ff2413dc StaticDependenciesID=96ed2bfbb81c84c204b433ec8ba825ba 
Number of updated asset objects reloaded before import = 0
Number of asset objects unloaded after import = 0
========================================================================
Received Import Request.
  Time of request: 2026-08-05T18:44:45.1046561Z
  Time since last request: 0.0003174 seconds.
  importAddress: GUID: 8c1743061b8e147ff9c808d137b1014e - Path: Packages/com.unity.visualscripting/Editor/VisualScripting.Core/Analysis/AnalyserProvider.cs - Importer: ScriptedImporter/UnityEditor.QuickSearchModule:UnityEditor.Search:ASIAI0B
Importing 'GUID: 8c1743061b8e147ff9c808d137b1014e - Path: Packages/com.unity.visualscripting/Editor/VisualScripting.Core/Analysis/AnalyserProvider.cs - Importer: ScriptedImporter/UnityEditor.QuickSearchModule:UnityEditor.Search:ASIAI0B' with importer (ScriptedImporter : UnityEditor.QuickSearchModule:UnityEditor.Search:ASIAI0B)
Imported 'GUID: 8c1743061b8e147ff9c808d137b1014e' -> (Import Result ID: '4390bf6c72f7402ad8aeecbdfdc8585a') in 0.002 seconds [static and dynamic dependencies]. Details - ImportResultOutputID=fa44b1a993dac1b918385747c8d8c2bc DependenciesID=f456b4676e9dca2f21753e8849168b37 StaticDependenciesID=de41ebba8d76ec8e906c16124f872cf9 
Number of updated asset objects reloaded before import = 0
Number of asset objects unloaded after import = 0
========================================================================
Received Import Request.
  Time of request: 2026-08-05T18:44:45.1156081Z
  Time since last request: 0.0002043 seconds.
  importAddress: GUID: 57d833ea26c9149528d23f0ec150b1d2 - Path: Packages/com.unity.visualscripting/Editor/VisualScripting.Core/Canvases/AlignOperation.cs - Importer: ScriptedImporter/UnityEditor.QuickSearchModule:UnityEditor.Search:ASIAI0B
Importing 'GUID: 57d833ea26c9149528d23f0ec150b1d2 - Path: Packages/com.unity.visualscripting/Editor/VisualScripting.Core/Canvases/AlignOperation.cs - Importer: ScriptedImporter/UnityEditor.QuickSearchModule:UnityEditor.Search:ASIAI0B' with importer (ScriptedImporter : UnityEditor.QuickSearchModule:UnityEditor.Search:ASIAI0B)
Imported 'GUID: 57d833ea26c9149528d23f0ec150b1d2' -> (Import Result ID: '88058b64efc68b6e5bd4c72643fa5042') in 0.002 seconds [static and dynamic dependencies]. Details - ImportResultOutputID=2089b305d2c673e7068827f6fa701863 DependenciesID=bd7d1ff5b647e3d36809204453d7291e StaticDependenciesID=4e7a3059c4c2a7c3e33b89d7d736bec1 
Number of updated asset objects reloaded before import = 0
Number of asset objects unloaded after import = 0
========================================================================
Received Import Request.
  Time of request: 2026-08-05T18:44:45.1441438Z
  Time since last request: 0.0180612 seconds.
  importAddress: GUID: f799a0c75a66440bd87f44b34a197d9c - Path: Packages/com.unity.visualscripting/Editor/VisualScripting.Core/Canvases/WidgetList.cs - Importer: ScriptedImporter/UnityEditor.QuickSearchModule:UnityEditor.Search:ASIAI0B
Importing 'GUID: f799a0c75a66440bd87f44b34a197d9c - Path: Packages/com.unity.visualscripting/Editor/VisualScripting.Core/Canvases/WidgetList.cs - Importer: ScriptedImporter/UnityEditor.QuickSearchModule:UnityEditor.Search:ASIAI0B' with importer (ScriptedImporter : UnityEditor.QuickSearchModule:UnityEditor.Search:ASIAI0B)
Imported 'GUID: f799a0c75a66440bd87f44b34a197d9c' -> (Import Result ID: '1893807986149630bbcf5a44844fe606') in 0.003 seconds [static and dynamic dependencies]. Details - ImportResultOutputID=5f89de9e817809947746ae519942a768 DependenciesID=0c08b1c4917482e48809ca84e269b283 StaticDependenciesID=e8d0b83a795603f84f9d1f38af489d8a 
Number of updated asset objects reloaded before import = 0
Number of asset objects unloaded after import = 0
========================================================================
Received Import Request.
  Time of request: 2026-08-05T18:44:45.1537325Z
  Time since last request: 0.0004288 seconds.
  importAddress: GUID: 1322acb2dac5e7f4cbae25e022caf9d2 - Path: Packages/com.unity.visualscripting/Editor/VisualScripting.Core/IconMap/SceneVariables.png - Importer: ScriptedImporter/UnityEditor.QuickSearchModule:UnityEditor.Search:ASIAI0B
Importing 'GUID: 1322acb2dac5e7f4cbae25e022caf9d2 - Path: Packages/com.unity.visualscripting/Editor/VisualScripting.Core/IconMap/SceneVariables.png - Importer: ScriptedImporter/UnityEditor.QuickSearchModule:UnityEditor.Search:ASIAI0B' with importer (ScriptedImporter : UnityEditor.QuickSearchModule:UnityEditor.Search:ASIAI0B)
Imported 'GUID: 1322acb2dac5e7f4cbae25e022caf9d2' -> (Import Result ID: '25e0b563c2ef91f441d34d94e231976d') in 0.010 seconds [static and dynamic dependencies]. Details - ImportResultOutputID=92775f69e590d5fefe6144b6e300e73a DependenciesID=71c9e3233454adb5d7bbe54cf64cec11 StaticDependenciesID=33cf9d21888d73ce0b960c196db33a2a 
Number of updated asset objects reloaded before import = 0
Number of asset objects unloaded after import = 1
========================================================================
Received Import Request.
  Time of request: 2026-08-05T18:44:45.1709351Z
  Time since last request: 0.000225 seconds.
  importAddress: GUID: d5890f7bbacaf4878963d43b5f02c9fc - Path: Packages/com.unity.visualscripting/Editor/VisualScripting.Core/Inspection/GraphInspector.cs - Importer: ScriptedImporter/UnityEditor.QuickSearchModule:UnityEditor.Search:ASIAI0B
Importing 'GUID: d5890f7bbacaf4878963d43b5f02c9fc - Path: Packages/com.unity.visualscripting/Editor/VisualScripting.Core/Inspection/GraphInspector.cs - Importer: ScriptedImporter/UnityEditor.QuickSearchModule:UnityEditor.Search:ASIAI0B' with importer (ScriptedImporter : UnityEditor.QuickSearchModule:UnityEditor.Search:ASIAI0B)
Imported 'GUID: d5890f7bbacaf4878963d43b5f02c9fc' -> (Import Result ID: 'c2a326b1613bb89aaa5749f214321423') in 0.003 seconds [static and dynamic dependencies]. Details - ImportResultOutputID=b767aa57cd8c757dcdc94b43ce530834 DependenciesID=3b1fe6749e60cf98ccfe444fcbff1a31 StaticDependenciesID=e87d71abd8e649507fa1e6b9fdbd9d78 
Number of updated asset objects reloaded before import = 0
Number of asset objects unloaded after import = 0
========================================================================
Received Import Request.
  Time of request: 2026-08-05T18:44:45.1824607Z
  Time since last request: 0.0008923 seconds.
  importAddress: GUID: 9494e5b136d34c74f96fb0df4a7b9a77 - Path: Packages/com.unity.visualscripting/Editor/VisualScripting.Core/IconMap/UnityMessageListener@32x.png - Importer: ScriptedImporter/UnityEditor.QuickSearchModule:UnityEditor.Search:ASIAI0B
Importing 'GUID: 9494e5b136d34c74f96fb0df4a7b9a77 - Path: Packages/com.unity.visualscripting/Editor/VisualScripting.Core/IconMap/UnityMessageListener@32x.png - Importer: ScriptedImporter/UnityEditor.QuickSearchModule:UnityEditor.Search:ASIAI0B' with importer (ScriptedImporter : UnityEditor.QuickSearchModule:UnityEditor.Search:ASIAI0B)
Imported 'GUID: 9494e5b136d34c74f96fb0df4a7b9a77' -> (Import Result ID: '5836c69b064d83abcca01c3f46be85dc') in 0.010 seconds [static and dynamic dependencies]. Details - ImportResultOutputID=22fd385fdc98ea67f0de2a2a03dc3b95 DependenciesID=f6f1ea5d6c836a592e2269b60f84a810 StaticDependenciesID=a5d574107704f92dbef8bdc876995990 
Number of updated asset objects reloaded before import = 0
Number of asset objects unloaded after import = 1
========================================================================
Received Import Request.
  Time of request: 2026-08-05T18:44:45.2005245Z
  Time since last request: 0.0003249 seconds.
  importAddress: GUID: da3da30b6a9874cf29f6c915e750a225 - Path: Packages/com.unity.visualscripting/Editor/VisualScripting.Core/Context/GraphContextProvider.cs - Importer: ScriptedImporter/UnityEditor.QuickSearchModule:UnityEditor.Search:ASIAI0B
Importing 'GUID: da3da30b6a9874cf29f6c915e750a225 - Path: Packages/com.unity.visualscripting/Editor/VisualScripting.Core/Context/GraphContextProvider.cs - Importer: ScriptedImporter/UnityEditor.QuickSearchModule:UnityEditor.Search:ASIAI0B' with importer (ScriptedImporter : UnityEditor.QuickSearchModule:UnityEditor.Search:ASIAI0B)
Imported 'GUID: da3da30b6a9874cf29f6c915e750a225' -> (Import Result ID: 'b98fcb12a53037e607e497792cec3170') in 0.003 seconds [static and dynamic dependencies]. Details - ImportResultOutputID=e19f90c35ed83b77aee4c675cd5e8545 DependenciesID=d9778996b1fa7e15afa0cfe2c73af59c StaticDependenciesID=85d6f0dbab259eac70631a938246b4fb 
Number of updated asset objects reloaded before import = 0
Number of asset objects unloaded after import = 0
========================================================================
Received Import Request.
  Time of request: 2026-08-05T18:44:45.2106663Z
  Time since last request: 0.0003305 seconds.
  importAddress: GUID: 2931c4fc2c20647cf9362b2b7df46eba - Path: Packages/com.unity.visualscripting/Editor/VisualScripting.Core/Descriptors/IDescription.cs - Importer: ScriptedImporter/UnityEditor.QuickSearchModule:UnityEditor.Search:ASIAI0B
Importing 'GUID: 2931c4fc2c20647cf9362b2b7df46eba - Path: Packages/com.unity.visualscripting/Editor/VisualScripting.Core/Descriptors/IDescription.cs - Importer: ScriptedImporter/UnityEditor.QuickSearchModule:UnityEditor.Search:ASIAI0B' with importer (ScriptedImporter : UnityEditor.QuickSearchModule:UnityEditor.Search:ASIAI0B)
Imported 'GUID: 2931c4fc2c20647cf9362b2b7df46eba' -> (Import Result ID: '0ea773224a3405e20a5e1ad8705cbb3d') in 0.002 seconds [static and dynamic dependencies]. Details - ImportResultOutputID=71c880bfe03061c89003e28b3a22a3d2 DependenciesID=1c60522e244c6645bcf65a551841b899 StaticDependenciesID=12909f5d45dce5b0517ba57a81a31811 
Number of updated asset objects reloaded before import = 0
Number of asset objects unloaded after import = 0
========================================================================
Received Import Request.
  Time of request: 2026-08-05T18:44:45.2217972Z
  Time since last request: 0.0002559 seconds.
  importAddress: GUID: f02ed452c3e0d1e448429a89e1773fd7 - Path: Packages/com.unity.visualscripting/Editor/VisualScripting.Core/IconMap/State@32x.png - Importer: ScriptedImporter/UnityEditor.QuickSearchModule:UnityEditor.Search:ASIAI0B
Importing 'GUID: f02ed452c3e0d1e448429a89e1773fd7 - Path: Packages/com.unity.visualscripting/Editor/VisualScripting.Core/IconMap/State@32x.png - Importer: ScriptedImporter/UnityEditor.QuickSearchModule:UnityEditor.Search:ASIAI0B' with importer (ScriptedImporter : UnityEditor.QuickSearchModule:UnityEditor.Search:ASIAI0B)
Imported 'GUID: f02ed452c3e0d1e448429a89e1773fd7' -> (Import Result ID: '11495cdebc3587fbc1047198b10e7bc9') in 0.005 seconds [static and dynamic dependencies]. Details - ImportResultOutputID=3cc4c748338ba8e1afc87987fc762aa0 DependenciesID=58ec3b09b019255fe8e05578ec7c9cfd StaticDependenciesID=16c450cfafd0252ca82fb853f5dc7f6f 
Number of updated asset objects reloaded before import = 0
Number of asset objects unloaded after import = 1
========================================================================
Received Import Request.
  Time of request: 2026-08-05T18:44:45.235526Z
  Time since last request: 0.0001973 seconds.
  importAddress: GUID: be03a18a67e0d43a4b259ab894b3cb9b - Path: Packages/com.unity.visualscripting/Editor/VisualScripting.Core/Documentation/XmlDocumentationTags.cs - Importer: ScriptedImporter/UnityEditor.QuickSearchModule:UnityEditor.Search:ASIAI0B
Importing 'GUID: be03a18a67e0d43a4b259ab894b3cb9b - Path: Packages/com.unity.visualscripting/Editor/VisualScripting.Core/Documentation/XmlDocumentationTags.cs - Importer: ScriptedImporter/UnityEditor.QuickSearchModule:UnityEditor.Search:ASIAI0B' with importer (ScriptedImporter : UnityEditor.QuickSearchModule:UnityEditor.Search:ASIAI0B)
Imported 'GUID: be03a18a67e0d43a4b259ab894b3cb9b' -> (Import Result ID: '4c885b0ccf40ce560e0168dd52e061e2') in 0.002 seconds [static and dynamic dependencies]. Details - ImportResultOutputID=620d36733eb6e348b36273e1d077b437 DependenciesID=b68f7922e7b47f2562fd4d786729c000 StaticDependenciesID=40da5cd2bf91a03f99fb14390ce5b935 
Number of updated asset objects reloaded before import = 0
Number of asset objects unloaded after import = 0
========================================================================
Received Import Request.
  Time of request: 2026-08-05T18:44:45.2660921Z
  Time since last request: 0.0208379 seconds.
  importAddress: GUID: a440776c3d6a6433ca50277935a27473 - Path: Packages/com.unity.visualscripting/Editor/VisualScripting.Core/Meta/ObjectMetadata.cs - Importer: ScriptedImporter/UnityEditor.QuickSearchModule:UnityEditor.Search:ASIAI0B
Importing 'GUID: a440776c3d6a6433ca50277935a27473 - Path: Packages/com.unity.visualscripting/Editor/VisualScripting.Core/Meta/ObjectMetadata.cs - Importer: ScriptedImporter/UnityEditor.QuickSearchModule:UnityEditor.Search:ASIAI0B' with importer (ScriptedImporter : UnityEditor.QuickSearchModule:UnityEditor.Search:ASIAI0B)
Imported 'GUID: a440776c3d6a6433ca50277935a27473' -> (Import Result ID: '6e09cdc4488ec9d2b7dc012de4e1721c') in 0.002 seconds [static and dynamic dependencies]. Details - ImportResultOutputID=8a7942860e64809660e2d88e725bac71 DependenciesID=15e2310a0df98eb0fdb98b8d3c5cf22a StaticDependenciesID=998a43ae568330f269efe86d4007d554 
Number of updated asset objects reloaded before import = 0
Number of asset objects unloaded after import = 0
========================================================================
Received Import Request.
  Time of request: 2026-08-05T18:44:45.2758062Z
  Time since last request: 0.0006916 seconds.
  importAddress: GUID: 716433aa1715045cdb948343a5d21a89 - Path: Packages/com.unity.visualscripting/Editor/VisualScripting.Core/Interface/ListOption.cs - Importer: ScriptedImporter/UnityEditor.QuickSearchModule:UnityEditor.Search:ASIAI0B
Importing 'GUID: 716433aa1715045cdb948343a5d21a89 - Path: Packages/com.unity.visualscripting/Editor/VisualScripting.Core/Interface/ListOption.cs - Importer: ScriptedImporter/UnityEditor.QuickSearchModule:UnityEditor.Search:ASIAI0B' with importer (ScriptedImporter : UnityEditor.QuickSearchModule:UnityEditor.Search:ASIAI0B)
Imported 'GUID: 716433aa1715045cdb948343a5d21a89' -> (Import Result ID: '2c6848c13a632fd69aebf82c5d401b28') in 0.002 seconds [static and dynamic dependencies]. Details - ImportResultOutputID=f78ce4da74788fea1ef28190417c4347 DependenciesID=e868496c7691b8657e3aab70e8130f25 StaticDependenciesID=6efd5f83c80151a151b19b924b6a3b73 
Number of updated asset objects reloaded before import = 0
Number of asset objects unloaded after import = 0
========================================================================
Received Import Request.
  Time of request: 2026-08-05T18:44:45.2849912Z
  Time since last request: 0.0003667 seconds.
  importAddress: GUID: bdf8b6cdcb0d5428cb9ede050ebfe943 - Path: Packages/com.unity.visualscripting/Editor/VisualScripting.Core/Interface/EditorTexture.cs - Importer: ScriptedImporter/UnityEditor.QuickSearchModule:UnityEditor.Search:ASIAI0B
Importing 'GUID: bdf8b6cdcb0d5428cb9ede050ebfe943 - Path: Packages/com.unity.visualscripting/Editor/VisualScripting.Core/Interface/EditorTexture.cs - Importer: ScriptedImporter/UnityEditor.QuickSearchModule:UnityEditor.Search:ASIAI0B' with importer (ScriptedImporter : UnityEditor.QuickSearchModule:UnityEditor.Search:ASIAI0B)
Imported 'GUID: bdf8b6cdcb0d5428cb9ede050ebfe943' -> (Import Result ID: '1d77f0778fb8552c251fbf332bcbe2de') in 0.002 seconds [static and dynamic dependencies]. Details - ImportResultOutputID=ab0bbd01e58b24ef7b1d7b30ee79ff3b DependenciesID=8f60f6097767cfd4a3cb232a55129ff1 StaticDependenciesID=55812def043f07f385f50821c13b814b 
Number of updated asset objects reloaded before import = 0
Number of asset objects unloaded after import = 0
========================================================================
Received Import Request.
  Time of request: 2026-08-05T18:44:45.2950427Z
  Time since last request: 0.0003151 seconds.
  importAddress: GUID: 6315bf405c4444841884254414416a5b - Path: Packages/com.unity.visualscripting/Editor/VisualScripting.Core/Plugin/BoltCoreMigration.cs - Importer: ScriptedImporter/UnityEditor.QuickSearchModule:UnityEditor.Search:ASIAI0B
Importing 'GUID: 6315bf405c4444841884254414416a5b - Path: Packages/com.unity.visualscripting/Editor/VisualScripting.Core/Plugin/BoltCoreMigration.cs - Importer: ScriptedImporter/UnityEditor.QuickSearchModule:UnityEditor.Search:ASIAI0B' with importer (ScriptedImporter : UnityEditor.QuickSearchModule:UnityEditor.Search:ASIAI0B)
Imported 'GUID: 6315bf405c4444841884254414416a5b' -> (Import Result ID: '24c6246211b47f6acbd0120b8d49ab65') in 0.002 seconds [static and dynamic dependencies]. Details - ImportResultOutputID=a90358b9d6a79190681ba137d68b799f DependenciesID=68f24b506ff000cfadad6d9457ac32bc StaticDependenciesID=e21e28085d4e152f096c7aafb64ffd21 
Number of updated asset objects reloaded before import = 0
Number of asset objects unloaded after import = 0
========================================================================
Received Import Request.
  Time of request: 2026-08-05T18:44:45.3059465Z
  Time since last request: 0.0004721 seconds.
  importAddress: GUID: dda889fda4ee144bf91ef8a384c8975f - Path: Packages/com.unity.visualscripting/Editor/VisualScripting.Core/Inspection/MetadataDictionaryAdaptor.cs - Importer: ScriptedImporter/UnityEditor.QuickSearchModule:UnityEditor.Search:ASIAI0B
Importing 'GUID: dda889fda4ee144bf91ef8a384c8975f - Path: Packages/com.unity.visualscripting/Editor/VisualScripting.Core/Inspection/MetadataDictionaryAdaptor.cs - Importer: ScriptedImporter/UnityEditor.QuickSearchModule:UnityEditor.Search:ASIAI0B' with importer (ScriptedImporter : UnityEditor.QuickSearchModule:UnityEditor.Search:ASIAI0B)
Imported 'GUID: dda889fda4ee144bf91ef8a384c8975f' -> (Import Result ID: 'c4147a70ac979d35c25193e11306894a') in 0.002 seconds [static and dynamic dependencies]. Details - ImportResultOutputID=63300cb73db55f5a12e9db1b5edf735b DependenciesID=d1f9bb88bc3c609f7fe624136f2c9ab5 StaticDependenciesID=ccaab62df199cd091c469ccf77bf176e 
Number of updated asset objects reloaded before import = 0
Number of asset objects unloaded after import = 0
========================================================================
Received Import Request.
  Time of request: 2026-08-05T18:44:45.3161271Z
  Time since last request: 0.0007517 seconds.
  importAddress: GUID: 9e5ce325dcb2c4810849056f8c08a819 - Path: Packages/com.unity.visualscripting/Editor/VisualScripting.Core/Inspection/InspectorUtility.cs - Importer: ScriptedImporter/UnityEditor.QuickSearchModule:UnityEditor.Search:ASIAI0B
Importing 'GUID: 9e5ce325dcb2c4810849056f8c08a819 - Path: Packages/com.unity.visualscripting/Editor/VisualScripting.Core/Inspection/InspectorUtility.cs - Importer: ScriptedImporter/UnityEditor.QuickSearchModule:UnityEditor.Search:ASIAI0B' with importer (ScriptedImporter : UnityEditor.QuickSearchModule:UnityEditor.Search:ASIAI0B)
Imported 'GUID: 9e5ce325dcb2c4810849056f8c08a819' -> (Import Result ID: '44862e82db8850eed458c2255cccd4ad') in 0.002 seconds [static and dynamic dependencies]. Details - ImportResultOutputID=dd0f23f841b6319567e6fc78667bd532 DependenciesID=1ef4c44e2f868e4d90d274dc72e2da94 StaticDependenciesID=5f7fde35acc490ad32d7aa3249127857 
Number of updated asset objects reloaded before import = 0
Number of asset objects unloaded after import = 0
========================================================================
Received Import Request.
  Time of request: 2026-08-05T18:44:45.3261147Z
  Time since last request: 0.0004252 seconds.
  importAddress: GUID: b194adc479b2344caaee84f9790b456e - Path: Packages/com.unity.visualscripting/Editor/VisualScripting.Core/Platforms/AotStubWriterProvider.cs - Importer: ScriptedImporter/UnityEditor.QuickSearchModule:UnityEditor.Search:ASIAI0B
Importing 'GUID: b194adc479b2344caaee84f9790b456e - Path: Packages/com.unity.visualscripting/Editor/VisualScripting.Core/Platforms/AotStubWriterProvider.cs - Importer: ScriptedImporter/UnityEditor.QuickSearchModule:UnityEditor.Search:ASIAI0B' with importer (ScriptedImporter : UnityEditor.QuickSearchModule:UnityEditor.Search:ASIAI0B)
Imported 'GUID: b194adc479b2344caaee84f9790b456e' -> (Import Result ID: 'e28c6f19fd1c2307f587a56e2a9b57a1') in 0.003 seconds [static and dynamic dependencies]. Details - ImportResultOutputID=af107b6207be27c6d83cd243bbf051ce DependenciesID=2d0be9217f61e4c6e5ebf991216f2e72 StaticDependenciesID=db2ff7157821f9e0926d40eed80d0763 
Number of updated asset objects reloaded before import = 0
Number of asset objects unloaded after import = 0
========================================================================
Received Import Request.
  Time of request: 2026-08-05T18:44:45.3368976Z
  Time since last request: 0.0002182 seconds.
  importAddress: GUID: 302bb00cbcc604835bb3999588d5113e - Path: Packages/com.unity.visualscripting/Editor/VisualScripting.Core/Plugin/BoltCoreManifest.cs - Importer: ScriptedImporter/UnityEditor.QuickSearchModule:UnityEditor.Search:ASIAI0B
Importing 'GUID: 302bb00cbcc604835bb3999588d5113e - Path: Packages/com.unity.visualscripting/Editor/VisualScripting.Core/Plugin/BoltCoreManifest.cs - Importer: ScriptedImporter/UnityEditor.QuickSearchModule:UnityEditor.Search:ASIAI0B' with importer (ScriptedImporter : UnityEditor.QuickSearchModule:UnityEditor.Search:ASIAI0B)
Imported 'GUID: 302bb00cbcc604835bb3999588d5113e' -> (Import Result ID: 'a626af21faf5a1f5f04914a97a92bdf1') in 0.003 seconds [static and dynamic dependencies]. Details - ImportResultOutputID=b7b97fb585337ea651e79c9a2e96d127 DependenciesID=a15889cd5e251d77648dec131723d4e3 StaticDependenciesID=f3eee74d264790cfd817a32c8efddc02 
Number of updated asset objects reloaded before import = 0
Number of asset objects unloaded after import = 0
========================================================================
Received Import Request.
  Time of request: 2026-08-05T18:44:45.3472678Z
  Time since last request: 0.0003378 seconds.
  importAddress: GUID: b3fbf7a50bc9d47619c3d9860db44f5b - Path: Packages/com.unity.visualscripting/Editor/VisualScripting.Core/Platforms/AotStubWriter.cs - Importer: ScriptedImporter/UnityEditor.QuickSearchModule:UnityEditor.Search:ASIAI0B
Importing 'GUID: b3fbf7a50bc9d47619c3d9860db44f5b - Path: Packages/com.unity.visualscripting/Editor/VisualScripting.Core/Platforms/AotStubWriter.cs - Importer: ScriptedImporter/UnityEditor.QuickSearchModule:UnityEditor.Search:ASIAI0B' with importer (ScriptedImporter : UnityEditor.QuickSearchModule:UnityEditor.Search:ASIAI0B)
Imported 'GUID: b3fbf7a50bc9d47619c3d9860db44f5b' -> (Import Result ID: '2d119888a0b591ba67d3590c218848d7') in 0.002 seconds [static and dynamic dependencies]. Details - ImportResultOutputID=aa6cdcb9edd855025005d052f1218d5c DependenciesID=186892a8c17d0fae13f51e47026b7501 StaticDependenciesID=7faf3f831eec048705743547ca34414b 
Number of updated asset objects reloaded before import = 0
Number of asset objects unloaded after import = 0
========================================================================
Received Import Request.
  Time of request: 2026-08-05T18:44:45.3572059Z
  Time since last request: 0.0003554 seconds.
  importAddress: GUID: 52d832b9059984778a5534b6adf683aa - Path: Packages/com.unity.visualscripting/Editor/VisualScripting.Core/Platforms/MethodInfoStubWriter.cs - Importer: ScriptedImporter/UnityEditor.QuickSearchModule:UnityEditor.Search:ASIAI0B
Importing 'GUID: 52d832b9059984778a5534b6adf683aa - Path: Packages/com.unity.visualscripting/Editor/VisualScripting.Core/Platforms/MethodInfoStubWriter.cs - Importer: ScriptedImporter/UnityEditor.QuickSearchModule:UnityEditor.Search:ASIAI0B' with importer (ScriptedImporter : UnityEditor.QuickSearchModule:UnityEditor.Search:ASIAI0B)
Imported 'GUID: 52d832b9059984778a5534b6adf683aa' -> (Import Result ID: '606433124b6ed1ef51ff3c01eb55fd8d') in 0.002 seconds [static and dynamic dependencies]. Details - ImportResultOutputID=9bf63fefc136828b910ec35e477db529 DependenciesID=bb314a860c84b056706ccd16bbc2a425 StaticDependenciesID=e9a9f488760440bdb2ac0602fc3ff361 
Number of updated asset objects reloaded before import = 0
Number of asset objects unloaded after import = 0
========================================================================
Received Import Request.
  Time of request: 2026-08-05T18:44:45.3757204Z
  Time since last request: 0.0097644 seconds.
  importAddress: GUID: 9a40abd9107154eedafbff2ad8a888b6 - Path: Packages/com.unity.visualscripting/Editor/VisualScripting.Core/Reflection/LooseAssemblyNameOptionTree.cs - Importer: ScriptedImporter/UnityEditor.QuickSearchModule:UnityEditor.Search:ASIAI0B
Importing 'GUID: 9a40abd9107154eedafbff2ad8a888b6 - Path: Packages/com.unity.visualscripting/Editor/VisualScripting.Core/Reflection/LooseAssemblyNameOptionTree.cs - Importer: ScriptedImporter/UnityEditor.QuickSearchModule:UnityEditor.Search:ASIAI0B' with importer (ScriptedImporter : UnityEditor.QuickSearchModule:UnityEditor.Search:ASIAI0B)
Imported 'GUID: 9a40abd9107154eedafbff2ad8a888b6' -> (Import Result ID: '599cbe43d3e5d9cc1bbce391d7776409') in 0.002 seconds [static and dynamic dependencies]. Details - ImportResultOutputID=e54ee1064ab4a2553ad77d911684fe5a DependenciesID=2ef8a77590c6d231e2c9a1128f678820 StaticDependenciesID=231a64e33dcaea6c74248a61e9ce1d4d 
Number of updated asset objects reloaded before import = 0
Number of asset objects unloaded after import = 0
========================================================================
Received Import Request.
  Time of request: 2026-08-05T18:44:45.3859045Z
  Time since last request: 0.0008658 seconds.
  importAddress: GUID: 5086aa8e9eb964c0e884bb4e030160c4 - Path: Packages/com.unity.visualscripting/Editor/VisualScripting.Core/Utilities/EditorTimeUtility.cs - Importer: ScriptedImporter/UnityEditor.QuickSearchModule:UnityEditor.Search:ASIAI0B
Importing 'GUID: 5086aa8e9eb964c0e884bb4e030160c4 - Path: Packages/com.unity.visualscripting/Editor/VisualScripting.Core/Utilities/EditorTimeUtility.cs - Importer: ScriptedImporter/UnityEditor.QuickSearchModule:UnityEditor.Search:ASIAI0B' with importer (ScriptedImporter : UnityEditor.QuickSearchModule:UnityEditor.Search:ASIAI0B)
Imported 'GUID: 5086aa8e9eb964c0e884bb4e030160c4' -> (Import Result ID: '024fd523096dc24d9c136b2f6ebd7702') in 0.003 seconds [static and dynamic dependencies]. Details - ImportResultOutputID=c5ece59c749ec703e3be1c091162cd54 DependenciesID=0fb72cfd609ae168a42d0dfd048f7606 StaticDependenciesID=8afa641c64516f87bf139e487042f8f3 
Number of updated asset objects reloaded before import = 0
Number of asset objects unloaded after import = 0
========================================================================
Received Import Request.
  Time of request: 2026-08-05T18:44:45.3968918Z
  Time since last request: 0.0002924 seconds.
  importAddress: GUID: 65c1aeb8242594a65bba60ea96b39735 - Path: Packages/com.unity.visualscripting/Editor/VisualScripting.Core/Utilities/EditorFilteringUtility.cs - Importer: ScriptedImporter/UnityEditor.QuickSearchModule:UnityEditor.Search:ASIAI0B
Importing 'GUID: 65c1aeb8242594a65bba60ea96b39735 - Path: Packages/com.unity.visualscripting/Editor/VisualScripting.Core/Utilities/EditorFilteringUtility.cs - Importer: ScriptedImporter/UnityEditor.QuickSearchModule:UnityEditor.Search:ASIAI0B' with importer (ScriptedImporter : UnityEditor.QuickSearchModule:UnityEditor.Search:ASIAI0B)
Imported 'GUID: 65c1aeb8242594a65bba60ea96b39735' -> (Import Result ID: 'f9b86c7286142b7308790d141914ba35') in 0.003 seconds [static and dynamic dependencies]. Details - ImportResultOutputID=88517984249a1061272230a2332502ab DependenciesID=6fed2acd68832cd06c33b7b81f490859 StaticDependenciesID=eef744945a9296d1f5bb550814189ca9 
Number of updated asset objects reloaded before import = 0
Number of asset objects unloaded after import = 0
========================================================================
Received Import Request.
  Time of request: 2026-08-05T18:44:45.4087864Z
  Time since last request: 0.0002975 seconds.
  importAddress: GUID: a81b37df8bcac4e7ba5998f5bcb01215 - Path: Packages/com.unity.visualscripting/Editor/VisualScripting.Core/Utilities/BackupUtility.cs - Importer: ScriptedImporter/UnityEditor.QuickSearchModule:UnityEditor.Search:ASIAI0B
Importing 'GUID: a81b37df8bcac4e7ba5998f5bcb01215 - Path: Packages/com.unity.visualscripting/Editor/VisualScripting.Core/Utilities/BackupUtility.cs - Importer: ScriptedImporter/UnityEditor.QuickSearchModule:UnityEditor.Search:ASIAI0B' with importer (ScriptedImporter : UnityEditor.QuickSearchModule:UnityEditor.Search:ASIAI0B)
Imported 'GUID: a81b37df8bcac4e7ba5998f5bcb01215' -> (Import Result ID: '75ffc57d5b00f7e1e6b7c5bf1e2e9340') in 0.002 seconds [static and dynamic dependencies]. Details - ImportResultOutputID=64da2c5fdf9fa040bb1415b564053fcd DependenciesID=3b96e8ae6bca7c9c42c5bdd304ac1a0e StaticDependenciesID=6de8c17abd44dd76bc920559546844bb 
Number of updated asset objects reloaded before import = 0
Number of asset objects unloaded after import = 0
========================================================================
Received Import Request.
  Time of request: 2026-08-05T18:44:45.4193174Z
  Time since last request: 0.0004516 seconds.
  importAddress: GUID: d8dff82f8b01b417393b853372004389 - Path: Packages/com.unity.visualscripting/Editor/VisualScripting.Core/Utilities/EditorUnityObjectUtility.cs - Importer: ScriptedImporter/UnityEditor.QuickSearchModule:UnityEditor.Search:ASIAI0B
Importing 'GUID: d8dff82f8b01b417393b853372004389 - Path: Packages/com.unity.visualscripting/Editor/VisualScripting.Core/Utilities/EditorUnityObjectUtility.cs - Importer: ScriptedImporter/UnityEditor.QuickSearchModule:UnityEditor.Search:ASIAI0B' with importer (ScriptedImporter : UnityEditor.QuickSearchModule:UnityEditor.Search:ASIAI0B)
Imported 'GUID: d8dff82f8b01b417393b853372004389' -> (Import Result ID: '29cf62b2ed6b32d17878be0452b4efdc') in 0.002 seconds [static and dynamic dependencies]. Details - ImportResultOutputID=8c95ebe9e6430960500bf173780bda30 DependenciesID=c1a7e770ad645e1f2c0b274e6ea8aecf StaticDependenciesID=a8d49ffad7e447b21d6a2072a10b21f9 
Number of updated asset objects reloaded before import = 0
Number of asset objects unloaded after import = 0
========================================================================
Received Import Request.
  Time of request: 2026-08-05T18:44:45.4287197Z
  Time since last request: 0.000242 seconds.
  importAddress: GUID: e8986ffc2691f4d7f8b872af4eb0cf9b - Path: Packages/com.unity.visualscripting/Editor/VisualScripting.Core/Plugins/PluginConfiguration.cs - Importer: ScriptedImporter/UnityEditor.QuickSearchModule:UnityEditor.Search:ASIAI0B
Importing 'GUID: e8986ffc2691f4d7f8b872af4eb0cf9b - Path: Packages/com.unity.visualscripting/Editor/VisualScripting.Core/Plugins/PluginConfiguration.cs - Importer: ScriptedImporter/UnityEditor.QuickSearchModule:UnityEditor.Search:ASIAI0B' with importer (ScriptedImporter : UnityEditor.QuickSearchModule:UnityEditor.Search:ASIAI0B)
Imported 'GUID: e8986ffc2691f4d7f8b872af4eb0cf9b' -> (Import Result ID: '96f84110f4e8df4b3bad96b66a28b1dd') in 0.002 seconds [static and dynamic dependencies]. Details - ImportResultOutputID=3fd7d1c66566e5452315816f93a16018 DependenciesID=aa37cb802fe27e06a6d856c4e66b08f8 StaticDependenciesID=1d6f3ed9fcb320b167a1defa6140f9c1 
Number of updated asset objects reloaded before import = 0
Number of asset objects unloaded after import = 0
========================================================================
Received Import Request.
  Time of request: 2026-08-05T18:44:45.437972Z
  Time since last request: 0.0003483 seconds.
  importAddress: GUID: 74d98f5b6aac04ccb906128f3e7b753b - Path: Packages/com.unity.visualscripting/Editor/VisualScripting.Core/Utilities/AnnotationUtility.cs - Importer: ScriptedImporter/UnityEditor.QuickSearchModule:UnityEditor.Search:ASIAI0B
Importing 'GUID: 74d98f5b6aac04ccb906128f3e7b753b - Path: Packages/com.unity.visualscripting/Editor/VisualScripting.Core/Utilities/AnnotationUtility.cs - Importer: ScriptedImporter/UnityEditor.QuickSearchModule:UnityEditor.Search:ASIAI0B' with importer (ScriptedImporter : UnityEditor.QuickSearchModule:UnityEditor.Search:ASIAI0B)
Imported 'GUID: 74d98f5b6aac04ccb906128f3e7b753b' -> (Import Result ID: 'c62727db55b07c9dd0abefa007c5fad1') in 0.002 seconds [static and dynamic dependencies]. Details - ImportResultOutputID=a60187881074aefe88a115f7dc4e9f7b DependenciesID=ed3507c8af9aa30aa63e0f4546a4413d StaticDependenciesID=b8f65c9752e361e6a7830ec303afc6a3 
Number of updated asset objects reloaded before import = 0
Number of asset objects unloaded after import = 0
========================================================================
Received Import Request.
  Time of request: 2026-08-05T18:44:45.4477091Z
  Time since last request: 0.0004254 seconds.
  importAddress: GUID: cab31d2af46be49abbe487999616bb68 - Path: Packages/com.unity.visualscripting/Editor/VisualScripting.Core/Plugins/PluginMigration.cs - Importer: ScriptedImporter/UnityEditor.QuickSearchModule:UnityEditor.Search:ASIAI0B
Importing 'GUID: cab31d2af46be49abbe487999616bb68 - Path: Packages/com.unity.visualscripting/Editor/VisualScripting.Core/Plugins/PluginMigration.cs - Importer: ScriptedImporter/UnityEditor.QuickSearchModule:UnityEditor.Search:ASIAI0B' with importer (ScriptedImporter : UnityEditor.QuickSearchModule:UnityEditor.Search:ASIAI0B)
Imported 'GUID: cab31d2af46be49abbe487999616bb68' -> (Import Result ID: 'b2635259cd03e0b8a4bd4513380acf65') in 0.002 seconds [static and dynamic dependencies]. Details - ImportResultOutputID=eb8ed4ad129155c273bece1c2974b2da DependenciesID=74cf98a65e75f0695ec88709c0e94401 StaticDependenciesID=de384a4519f27269f74efee88ea77ea5 
Number of updated asset objects reloaded before import = 0
Number of asset objects unloaded after import = 0
========================================================================
Received Import Request.
  Time of request: 2026-08-05T18:44:45.4569781Z
  Time since last request: 0.0003023 seconds.
  importAddress: GUID: c88b1658a1f6b4a66ab257a8e5510bf5 - Path: Packages/com.unity.visualscripting/Editor/VisualScripting.Core/Plugins/PluginContainer.cs - Importer: ScriptedImporter/UnityEditor.QuickSearchModule:UnityEditor.Search:ASIAI0B
Importing 'GUID: c88b1658a1f6b4a66ab257a8e5510bf5 - Path: Packages/com.unity.visualscripting/Editor/VisualScripting.Core/Plugins/PluginContainer.cs - Importer: ScriptedImporter/UnityEditor.QuickSearchModule:UnityEditor.Search:ASIAI0B' with importer (ScriptedImporter : UnityEditor.QuickSearchModule:UnityEditor.Search:ASIAI0B)
Imported 'GUID: c88b1658a1f6b4a66ab257a8e5510bf5' -> (Import Result ID: '99fdc75566fb8acf9648a506821d9a80') in 0.002 seconds [static and dynamic dependencies]. Details - ImportResultOutputID=94e5f0fed9c072bedf9790e30b9e9cd6 DependenciesID=816fe11c954e98fb82d31e4164b9b93b StaticDependenciesID=6e57ccbef65e81c8e15d0743e45b0a9a 
Number of updated asset objects reloaded before import = 0
Number of asset objects unloaded after import = 0
========================================================================
Received Import Request.
  Time of request: 2026-08-05T18:44:45.4674348Z
  Time since last request: 0.0002671 seconds.
  importAddress: GUID: b8280642ec76a416f87493884e488dbc - Path: Packages/com.unity.visualscripting/Editor/VisualScripting.Core/Utilities/EditorSerializationUtility.cs - Importer: ScriptedImporter/UnityEditor.QuickSearchModule:UnityEditor.Search:ASIAI0B
Importing 'GUID: b8280642ec76a416f87493884e488dbc - Path: Packages/com.unity.visualscripting/Editor/VisualScripting.Core/Utilities/EditorSerializationUtility.cs - Importer: ScriptedImporter/UnityEditor.QuickSearchModule:UnityEditor.Search:ASIAI0B' with importer (ScriptedImporter : UnityEditor.QuickSearchModule:UnityEditor.Search:ASIAI0B)
Imported 'GUID: b8280642ec76a416f87493884e488dbc' -> (Import Result ID: '086031b8f9e531fa3e3acc7852257dc6') in 0.002 seconds [static and dynamic dependencies]. Details - ImportResultOutputID=96bba46e211d4867d3aa108f4df7b883 DependenciesID=8c1378ba808cb0e0c28170229c91ef28 StaticDependenciesID=3fbd509585524f6b651d57963906f663 
Number of updated asset objects reloaded before import = 0
Number of asset objects unloaded after import = 0
========================================================================
Received Import Request.
  Time of request: 2026-08-05T18:44:45.4900715Z
  Time since last request: 0.0135901 seconds.
  importAddress: GUID: 3f35ee013f1ab4a91914cbb66fbac356 - Path: Packages/com.unity.visualscripting/Editor/VisualScripting.Core/Windows/WebView.cs - Importer: ScriptedImporter/UnityEditor.QuickSearchModule:UnityEditor.Search:ASIAI0B
Importing 'GUID: 3f35ee013f1ab4a91914cbb66fbac356 - Path: Packages/com.unity.visualscripting/Editor/VisualScripting.Core/Windows/WebView.cs - Importer: ScriptedImporter/UnityEditor.QuickSearchModule:UnityEditor.Search:ASIAI0B' with importer (ScriptedImporter : UnityEditor.QuickSearchModule:UnityEditor.Search:ASIAI0B)
Imported 'GUID: 3f35ee013f1ab4a91914cbb66fbac356' -> (Import Result ID: '48a59f939ff8b0fafa528557a08113dc') in 0.002 seconds [static and dynamic dependencies]. Details - ImportResultOutputID=7ed092a768f893cf714c4928f2ac9f29 DependenciesID=43aff45c9f0a59b480df7cc1aea2ec8a StaticDependenciesID=892111ca636ac940802756327d5842d0 
Number of updated asset objects reloaded before import = 0
Number of asset objects unloaded after import = 0
========================================================================
Received Import Request.
  Time of request: 2026-08-05T18:44:45.499111Z
  Time since last request: 0.0003301 seconds.
  importAddress: GUID: 75f3b14e6f35c4be89d2e7962610d309 - Path: Packages/com.unity.visualscripting/Editor/VisualScripting.Core/Windows/SinglePageWindow.cs - Importer: ScriptedImporter/UnityEditor.QuickSearchModule:UnityEditor.Search:ASIAI0B
Importing 'GUID: 75f3b14e6f35c4be89d2e7962610d309 - Path: Packages/com.unity.visualscripting/Editor/VisualScripting.Core/Windows/SinglePageWindow.cs - Importer: ScriptedImporter/UnityEditor.QuickSearchModule:UnityEditor.Search:ASIAI0B' with importer (ScriptedImporter : UnityEditor.QuickSearchModule:UnityEditor.Search:ASIAI0B)
Imported 'GUID: 75f3b14e6f35c4be89d2e7962610d309' -> (Import Result ID: '4cd0ee482e8ec6ae068948ef2e80c6b4') in 0.002 seconds [static and dynamic dependencies]. Details - ImportResultOutputID=92e4f2b7cd1acf29ff754c8831444ade DependenciesID=007485fdb47b9ac2caefd09b01c9dc94 StaticDependenciesID=d7dacae18fa8365823eb252b0b4e23d6 
Number of updated asset objects reloaded before import = 0
Number of asset objects unloaded after import = 0
========================================================================
Received Import Request.
  Time of request: 2026-08-05T18:44:45.5092478Z
  Time since last request: 0.0003335 seconds.
  importAddress: GUID: 296da993c3b284e749be7bc6001c9d99 - Path: Packages/com.unity.visualscripting/Editor/VisualScripting.Core/Windows/ListPage.cs - Importer: ScriptedImporter/UnityEditor.QuickSearchModule:UnityEditor.Search:ASIAI0B
Importing 'GUID: 296da993c3b284e749be7bc6001c9d99 - Path: Packages/com.unity.visualscripting/Editor/VisualScripting.Core/Windows/ListPage.cs - Importer: ScriptedImporter/UnityEditor.QuickSearchModule:UnityEditor.Search:ASIAI0B' with importer (ScriptedImporter : UnityEditor.QuickSearchModule:UnityEditor.Search:ASIAI0B)
Imported 'GUID: 296da993c3b284e749be7bc6001c9d99' -> (Import Result ID: '6adca165fb2f50b88c418f6d7e373567') in 0.002 seconds [static and dynamic dependencies]. Details - ImportResultOutputID=96616c8671314c7df773a1311d9f128c DependenciesID=ab7f17830826373bfccadf4a0c1e5dd4 StaticDependenciesID=2b71eb50ccc4a1aeb49b610777889bef 
Number of updated asset objects reloaded before import = 0
Number of asset objects unloaded after import = 0
========================================================================
Received Import Request.
  Time of request: 2026-08-05T18:44:45.5202268Z
  Time since last request: 0.0002563 seconds.
  importAddress: GUID: 3abc02ba39ffa4dbe838a360c1b840f2 - Path: Packages/com.unity.visualscripting/Editor/VisualScripting.Core/Utilities/WarningLevel.cs - Importer: ScriptedImporter/UnityEditor.QuickSearchModule:UnityEditor.Search:ASIAI0B
Importing 'GUID: 3abc02ba39ffa4dbe838a360c1b840f2 - Path: Packages/com.unity.visualscripting/Editor/VisualScripting.Core/Utilities/WarningLevel.cs - Importer: ScriptedImporter/UnityEditor.QuickSearchModule:UnityEditor.Search:ASIAI0B' with importer (ScriptedImporter : UnityEditor.QuickSearchModule:UnityEditor.Search:ASIAI0B)
Imported 'GUID: 3abc02ba39ffa4dbe838a360c1b840f2' -> (Import Result ID: '7339fb44e83d19ecea580933518c900b') in 0.002 seconds [static and dynamic dependencies]. Details - ImportResultOutputID=b685fb11baf1d776c6c2b22a2be86e7c DependenciesID=8cf49853e92cc16a4980cb456e9d66c7 StaticDependenciesID=0dc7bcbbf932dad3ba60f64fd819618c 
Number of updated asset objects reloaded before import = 0
Number of asset objects unloaded after import = 0
========================================================================
Received Import Request.
  Time of request: 2026-08-05T18:44:45.5302166Z
  Time since last request: 0.000279 seconds.
  importAddress: GUID: 07e4cb113112e4eafae0c4744db6bf58 - Path: Packages/com.unity.visualscripting/Editor/VisualScripting.Core/Utilities/PluginPaths.cs - Importer: ScriptedImporter/UnityEditor.QuickSearchModule:UnityEditor.Search:ASIAI0B
Importing 'GUID: 07e4cb113112e4eafae0c4744db6bf58 - Path: Packages/com.unity.visualscripting/Editor/VisualScripting.Core/Utilities/PluginPaths.cs - Importer: ScriptedImporter/UnityEditor.QuickSearchModule:UnityEditor.Search:ASIAI0B' with importer (ScriptedImporter : UnityEditor.QuickSearchModule:UnityEditor.Search:ASIAI0B)
Imported 'GUID: 07e4cb113112e4eafae0c4744db6bf58' -> (Import Result ID: '3bfa0453771de0855a7f573f6474ea64') in 0.003 seconds [static and dynamic dependencies]. Details - ImportResultOutputID=ab9f31e7d0ce8700bda6b3bb878eb39c DependenciesID=c768155e7f6ffdac4a1c09e0a61d2809 StaticDependenciesID=d5667a479f4ce988fdf1bfbb46e62591 
Number of updated asset objects reloaded before import = 0
Number of asset objects unloaded after import = 0
========================================================================
Received Import Request.
  Time of request: 2026-08-05T18:44:45.5420346Z
  Time since last request: 0.0001968 seconds.
  importAddress: GUID: 444c595f4f0d649eba2094c40baf48cf - Path: Packages/com.unity.visualscripting/Editor/VisualScripting.Flow/Analytics/FlowMacroSavedEvent.cs - Importer: ScriptedImporter/UnityEditor.QuickSearchModule:UnityEditor.Search:ASIAI0B
Importing 'GUID: 444c595f4f0d649eba2094c40baf48cf - Path: Packages/com.unity.visualscripting/Editor/VisualScripting.Flow/Analytics/FlowMacroSavedEvent.cs - Importer: ScriptedImporter/UnityEditor.QuickSearchModule:UnityEditor.Search:ASIAI0B' with importer (ScriptedImporter : UnityEditor.QuickSearchModule:UnityEditor.Search:ASIAI0B)
Imported 'GUID: 444c595f4f0d649eba2094c40baf48cf' -> (Import Result ID: '54f8894f886ddb2628ba798c60e382e0') in 0.003 seconds [static and dynamic dependencies]. Details - ImportResultOutputID=0f2789ad187bcef5814904443398987b DependenciesID=98fd819d35ee975b817f6bac3ea263c5 StaticDependenciesID=2a0921495cd85cf8949b63e1d4a414c1 
Number of updated asset objects reloaded before import = 0
Number of asset objects unloaded after import = 0
========================================================================
Received Import Request.
  Time of request: 2026-08-05T18:44:45.5527871Z
  Time since last request: 0.0004582 seconds.
  importAddress: GUID: 431014c90f5a54fdfbbaeed23a0519a4 - Path: Packages/com.unity.visualscripting/Editor/VisualScripting.Core/Utilities/ProgressUtility.cs - Importer: ScriptedImporter/UnityEditor.QuickSearchModule:UnityEditor.Search:ASIAI0B
Importing 'GUID: 431014c90f5a54fdfbbaeed23a0519a4 - Path: Packages/com.unity.visualscripting/Editor/VisualScripting.Core/Utilities/ProgressUtility.cs - Importer: ScriptedImporter/UnityEditor.QuickSearchModule:UnityEditor.Search:ASIAI0B' with importer (ScriptedImporter : UnityEditor.QuickSearchModule:UnityEditor.Search:ASIAI0B)
Imported 'GUID: 431014c90f5a54fdfbbaeed23a0519a4' -> (Import Result ID: '5e64263f3c2efba0f947ef752006680f') in 0.003 seconds [static and dynamic dependencies]. Details - ImportResultOutputID=3e59815f3f4d58ba2649dd24565513c3 DependenciesID=e6c24902a4200f51f45bc26dfb230b65 StaticDependenciesID=e431ea6de3207b35639e05b044a54e70 
Number of updated asset objects reloaded before import = 0
Number of asset objects unloaded after import = 0
========================================================================
Received Import Request.
  Time of request: 2026-08-05T18:44:45.5789704Z
  Time since last request: 0.0155425 seconds.
  importAddress: GUID: 43746e2a6e81344ba86a06279af5647c - Path: Packages/com.unity.visualscripting/Editor/VisualScripting.Core/Variables/InspectorVariableFieldAttributeInspector.cs - Importer: ScriptedImporter/UnityEditor.QuickSearchModule:UnityEditor.Search:ASIAI0B
Importing 'GUID: 43746e2a6e81344ba86a06279af5647c - Path: Packages/com.unity.visualscripting/Editor/VisualScripting.Core/Variables/InspectorVariableFieldAttributeInspector.cs - Importer: ScriptedImporter/UnityEditor.QuickSearchModule:UnityEditor.Search:ASIAI0B' with importer (ScriptedImporter : UnityEditor.QuickSearchModule:UnityEditor.Search:ASIAI0B)
Imported 'GUID: 43746e2a6e81344ba86a06279af5647c' -> (Import Result ID: '6dd43db3dac9937755f426ec47be8975') in 0.003 seconds [static and dynamic dependencies]. Details - ImportResultOutputID=116b0ccfdb64a33df513324fef6bc45b DependenciesID=9d034e3664a7d3c0217c5906b0c8ef2c StaticDependenciesID=5a944ee8e828eaed7b46fc3b91d8e279 
Number of updated asset objects reloaded before import = 0
Number of asset objects unloaded after import = 0
========================================================================
Received Import Request.
  Time of request: 2026-08-05T18:44:45.5887845Z
  Time since last request: 0.0007861 seconds.
  importAddress: GUID: d740e5b87888c425bbe4264a3053a525 - Path: Packages/com.unity.visualscripting/Editor/VisualScripting.Core/Utilities/ScriptReferenceResolver.cs - Importer: ScriptedImporter/UnityEditor.QuickSearchModule:UnityEditor.Search:ASIAI0B
Importing 'GUID: d740e5b87888c425bbe4264a3053a525 - Path: Packages/com.unity.visualscripting/Editor/VisualScripting.Core/Utilities/ScriptReferenceResolver.cs - Importer: ScriptedImporter/UnityEditor.QuickSearchModule:UnityEditor.Search:ASIAI0B' with importer (ScriptedImporter : UnityEditor.QuickSearchModule:UnityEditor.Search:ASIAI0B)
Imported 'GUID: d740e5b87888c425bbe4264a3053a525' -> (Import Result ID: 'd394247761ac5a9e8823efdbc05a3669') in 0.003 seconds [static and dynamic dependencies]. Details - ImportResultOutputID=429847b0e210bd7f822205cb49f64322 DependenciesID=6fad349a0b53620d4fdec469ea4b417a StaticDependenciesID=a97b1ac2b2890f679d14d1c87662a0b2 
Number of updated asset objects reloaded before import = 0
Number of asset objects unloaded after import = 0
========================================================================
Received Import Request.
  Time of request: 2026-08-05T18:44:45.621076Z
  Time since last request: 0.0207721 seconds.
  importAddress: GUID: ca12711a98bb548dc9eaa87d8d4d7263 - Path: Packages/com.unity.visualscripting/Editor/VisualScripting.Flow/Ports/ControlOutputWidget.cs - Importer: ScriptedImporter/UnityEditor.QuickSearchModule:UnityEditor.Search:ASIAI0B
Importing 'GUID: ca12711a98bb548dc9eaa87d8d4d7263 - Path: Packages/com.unity.visualscripting/Editor/VisualScripting.Flow/Ports/ControlOutputWidget.cs - Importer: ScriptedImporter/UnityEditor.QuickSearchModule:UnityEditor.Search:ASIAI0B' with importer (ScriptedImporter : UnityEditor.QuickSearchModule:UnityEditor.Search:ASIAI0B)
Imported 'GUID: ca12711a98bb548dc9eaa87d8d4d7263' -> (Import Result ID: 'a32cd3c6091401af5d827719c6e1dd97') in 0.002 seconds [static and dynamic dependencies]. Details - ImportResultOutputID=eb842124c5746c5c0e817b7ad977d489 DependenciesID=3dc9082ccd2eaefd1b1ea954384aaa57 StaticDependenciesID=65bf1d9520aa9c177b3a323fa4945402 
Number of updated asset objects reloaded before import = 0
Number of asset objects unloaded after import = 0
========================================================================
Received Import Request.
  Time of request: 2026-08-05T18:44:45.6306492Z
  Time since last request: 0.0004694 seconds.
  importAddress: GUID: b8b5ce7ce6cad4a71b417e5ccdbd614a - Path: Packages/com.unity.visualscripting/Editor/VisualScripting.Flow/Framework/MultiInputUnitAlphabeticDescriptor.cs - Importer: ScriptedImporter/UnityEditor.QuickSearchModule:UnityEditor.Search:ASIAI0B
Importing 'GUID: b8b5ce7ce6cad4a71b417e5ccdbd614a - Path: Packages/com.unity.visualscripting/Editor/VisualScripting.Flow/Framework/MultiInputUnitAlphabeticDescriptor.cs - Importer: ScriptedImporter/UnityEditor.QuickSearchModule:UnityEditor.Search:ASIAI0B' with importer (ScriptedImporter : UnityEditor.QuickSearchModule:UnityEditor.Search:ASIAI0B)
Imported 'GUID: b8b5ce7ce6cad4a71b417e5ccdbd614a' -> (Import Result ID: '2171d605b3130cd6a067630c194618b7') in 0.009 seconds [static and dynamic dependencies]. Details - ImportResultOutputID=d8e47a9b1deecdc217d40638ef315b19 DependenciesID=6d60f3b09f9e700c5ce937de46d1652c StaticDependenciesID=99c3a2c759a534d101f28cdacdf4c780 
Number of updated asset objects reloaded before import = 0
Number of asset objects unloaded after import = 0
========================================================================
Received Import Request.
  Time of request: 2026-08-05T18:44:45.650205Z
  Time since last request: 0.0007311 seconds.
  importAddress: GUID: 9a608417e8e4b45678ccec3fec1ff1e7 - Path: Packages/com.unity.visualscripting/Editor/VisualScripting.Flow/Ports/ControlInputWidget.cs - Importer: ScriptedImporter/UnityEditor.QuickSearchModule:UnityEditor.Search:ASIAI0B
Importing 'GUID: 9a608417e8e4b45678ccec3fec1ff1e7 - Path: Packages/com.unity.visualscripting/Editor/VisualScripting.Flow/Ports/ControlInputWidget.cs - Importer: ScriptedImporter/UnityEditor.QuickSearchModule:UnityEditor.Search:ASIAI0B' with importer (ScriptedImporter : UnityEditor.QuickSearchModule:UnityEditor.Search:ASIAI0B)
Imported 'GUID: 9a608417e8e4b45678ccec3fec1ff1e7' -> (Import Result ID: '9b4d1db1e51eeec1c41643d7773f738a') in 0.002 seconds [static and dynamic dependencies]. Details - ImportResultOutputID=d9f71b1bac71537de0b878991bda6070 DependenciesID=7778b364bd30331c9139fe0e6bb2c149 StaticDependenciesID=c7b11b9afd10464a302e20987d374c6d 
Number of updated asset objects reloaded before import = 0
Number of asset objects unloaded after import = 0
========================================================================
Received Import Request.
  Time of request: 2026-08-05T18:44:45.6610847Z
  Time since last request: 0.0002142 seconds.
  importAddress: GUID: 23c864f32645c4df8a6fedf99addeb77 - Path: Packages/com.unity.visualscripting/Editor/VisualScripting.Flow/Ports/UnitPortWidget.cs - Importer: ScriptedImporter/UnityEditor.QuickSearchModule:UnityEditor.Search:ASIAI0B
Importing 'GUID: 23c864f32645c4df8a6fedf99addeb77 - Path: Packages/com.unity.visualscripting/Editor/VisualScripting.Flow/Ports/UnitPortWidget.cs - Importer: ScriptedImporter/UnityEditor.QuickSearchModule:UnityEditor.Search:ASIAI0B' with importer (ScriptedImporter : UnityEditor.QuickSearchModule:UnityEditor.Search:ASIAI0B)
Imported 'GUID: 23c864f32645c4df8a6fedf99addeb77' -> (Import Result ID: '206b9808bf93baf7cf07338cfd185b4a') in 0.002 seconds [static and dynamic dependencies]. Details - ImportResultOutputID=5a7f2d4ca953f056355698382238a290 DependenciesID=f381dab68973bb6cde20d8d1718bb8cb StaticDependenciesID=8bbe23f710114cedee4ccac301ac06e8 
Number of updated asset objects reloaded before import = 0
Number of asset objects unloaded after import = 0
========================================================================
Received Import Request.
  Time of request: 2026-08-05T18:44:45.671323Z
  Time since last request: 0.0002205 seconds.
  importAddress: GUID: d50ab652aac442d7b9be658d6cb938b4 - Path: Packages/com.unity.visualscripting/Editor/VisualScripting.Flow/Framework/InputSystemWidget.cs - Importer: ScriptedImporter/UnityEditor.QuickSearchModule:UnityEditor.Search:ASIAI0B
Importing 'GUID: d50ab652aac442d7b9be658d6cb938b4 - Path: Packages/com.unity.visualscripting/Editor/VisualScripting.Flow/Framework/InputSystemWidget.cs - Importer: ScriptedImporter/UnityEditor.QuickSearchModule:UnityEditor.Search:ASIAI0B' with importer (ScriptedImporter : UnityEditor.QuickSearchModule:UnityEditor.Search:ASIAI0B)
Imported 'GUID: d50ab652aac442d7b9be658d6cb938b4' -> (Import Result ID: 'fd3c26b4ccbc168e0c94fd9361264bc6') in 0.002 seconds [static and dynamic dependencies]. Details - ImportResultOutputID=f018b6f9bb255cacb89631620c3c625b DependenciesID=f20d1e9ddcb23cf3cc7dd6c3aa31703d StaticDependenciesID=319f62bfec5a924947d15b6bbf7d7e0e 
Number of updated asset objects reloaded before import = 0
Number of asset objects unloaded after import = 0
========================================================================
Received Import Request.
  Time of request: 2026-08-05T18:44:45.6814432Z
  Time since last request: 0.0002199 seconds.
  importAddress: GUID: 59cd7f950ffc142d997761f2547b6bfb - Path: Packages/com.unity.visualscripting/Editor/VisualScripting.Flow/Description/UnitAnalyser.cs - Importer: ScriptedImporter/UnityEditor.QuickSearchModule:UnityEditor.Search:ASIAI0B
Importing 'GUID: 59cd7f950ffc142d997761f2547b6bfb - Path: Packages/com.unity.visualscripting/Editor/VisualScripting.Flow/Description/UnitAnalyser.cs - Importer: ScriptedImporter/UnityEditor.QuickSearchModule:UnityEditor.Search:ASIAI0B' with importer (ScriptedImporter : UnityEditor.QuickSearchModule:UnityEditor.Search:ASIAI0B)
Imported 'GUID: 59cd7f950ffc142d997761f2547b6bfb' -> (Import Result ID: '4004a5aa0b4a44c0f2f105ade551b470') in 0.003 seconds [static and dynamic dependencies]. Details - ImportResultOutputID=4a440dfbda84e2287b471481a14aef75 DependenciesID=828a3917484cd10b56a737c7aeb88ecf StaticDependenciesID=7f824e25d154a9556e5ae96c00b1b9e1 
Number of updated asset objects reloaded before import = 0
Number of asset objects unloaded after import = 0
========================================================================
Received Import Request.
  Time of request: 2026-08-05T18:44:45.6932834Z
  Time since last request: 0.0001811 seconds.
  importAddress: GUID: 41f5d158b421e44c78e95341ab945c13 - Path: Packages/com.unity.visualscripting/Editor/VisualScripting.Flow/Invocations/MemberInvocationInspector.cs - Importer: ScriptedImporter/UnityEditor.QuickSearchModule:UnityEditor.Search:ASIAI0B
Importing 'GUID: 41f5d158b421e44c78e95341ab945c13 - Path: Packages/com.unity.visualscripting/Editor/VisualScripting.Flow/Invocations/MemberInvocationInspector.cs - Importer: ScriptedImporter/UnityEditor.QuickSearchModule:UnityEditor.Search:ASIAI0B' with importer (ScriptedImporter : UnityEditor.QuickSearchModule:UnityEditor.Search:ASIAI0B)
Imported 'GUID: 41f5d158b421e44c78e95341ab945c13' -> (Import Result ID: '24d7606c714613ea26d045e5eb091e1a') in 0.002 seconds [static and dynamic dependencies]. Details - ImportResultOutputID=9df57b4b3e8b62bea1b326bf5ed3167b DependenciesID=a4311a2ff257d966a6b0df749f055118 StaticDependenciesID=134e651b059af0063a0f34272206378b 
Number of updated asset objects reloaded before import = 0
Number of asset objects unloaded after import = 0
========================================================================
Received Import Request.
  Time of request: 2026-08-05T18:44:45.7028988Z
  Time since last request: 0.0002344 seconds.
  importAddress: GUID: 7befbeb005f98497e828793e65d518c1 - Path: Packages/com.unity.visualscripting/Editor/VisualScripting.State/Flow/FlowGraphContextStateExtension.cs - Importer: ScriptedImporter/UnityEditor.QuickSearchModule:UnityEditor.Search:ASIAI0B
Importing 'GUID: 7befbeb005f98497e828793e65d518c1 - Path: Packages/com.unity.visualscripting/Editor/VisualScripting.State/Flow/FlowGraphContextStateExtension.cs - Importer: ScriptedImporter/UnityEditor.QuickSearchModule:UnityEditor.Search:ASIAI0B' with importer (ScriptedImporter : UnityEditor.QuickSearchModule:UnityEditor.Search:ASIAI0B)
Imported 'GUID: 7befbeb005f98497e828793e65d518c1' -> (Import Result ID: 'a7bc8ae7cb866b88dfdb425cfa2abf13') in 0.002 seconds [static and dynamic dependencies]. Details - ImportResultOutputID=85a43b64d7752d631fa7691ec6f7272e DependenciesID=f29d78893dde06fd0f0d9db978a04382 StaticDependenciesID=934dbf2c067f4f853f0f0ad069a3af29 
Number of updated asset objects reloaded before import = 0
Number of asset objects unloaded after import = 0
========================================================================
Received Import Request.
  Time of request: 2026-08-05T18:44:45.714065Z
  Time since last request: 0.0002401 seconds.
  importAddress: GUID: 388714a324a29401594aee5d32810261 - Path: Packages/com.unity.visualscripting/Editor/VisualScripting.State/Description/StateMacroDescriptor.cs - Importer: ScriptedImporter/UnityEditor.QuickSearchModule:UnityEditor.Search:ASIAI0B
Importing 'GUID: 388714a324a29401594aee5d32810261 - Path: Packages/com.unity.visualscripting/Editor/VisualScripting.State/Description/StateMacroDescriptor.cs - Importer: ScriptedImporter/UnityEditor.QuickSearchModule:UnityEditor.Search:ASIAI0B' with importer (ScriptedImporter : UnityEditor.QuickSearchModule:UnityEditor.Search:ASIAI0B)
Imported 'GUID: 388714a324a29401594aee5d32810261' -> (Import Result ID: '24d0c70a5ac1c387f5d14a2dbfe69055') in 0.002 seconds [static and dynamic dependencies]. Details - ImportResultOutputID=b91b07465fcd1598c1ada18e33ac277c DependenciesID=93d610828cafd8b013063339c32b7b98 StaticDependenciesID=7fb4f6e01d369fc3557ae844cb47f4f7 
Number of updated asset objects reloaded before import = 0
Number of asset objects unloaded after import = 0
========================================================================
Received Import Request.
  Time of request: 2026-08-05T18:44:45.7480757Z
  Time since last request: 0.0231995 seconds.
  importAddress: GUID: dad6936c226ce49b9a651479afeb690b - Path: Packages/com.unity.visualscripting/Editor/VisualScripting.State/Plugin/BoltStateConfiguration.cs - Importer: ScriptedImporter/UnityEditor.QuickSearchModule:UnityEditor.Search:ASIAI0B
Importing 'GUID: dad6936c226ce49b9a651479afeb690b - Path: Packages/com.unity.visualscripting/Editor/VisualScripting.State/Plugin/BoltStateConfiguration.cs - Importer: ScriptedImporter/UnityEditor.QuickSearchModule:UnityEditor.Search:ASIAI0B' with importer (ScriptedImporter : UnityEditor.QuickSearchModule:UnityEditor.Search:ASIAI0B)
Imported 'GUID: dad6936c226ce49b9a651479afeb690b' -> (Import Result ID: '05dbe03b2a9b3644e2a1256dd23ae7ef') in 0.003 seconds [static and dynamic dependencies]. Details - ImportResultOutputID=adaf06daf9cb6807ee0d6e3451cb5912 DependenciesID=082b98831eafd27b1e6766c178a0ec0f StaticDependenciesID=c28ab266c342d48040d65315ffd2ae43 
Number of updated asset objects reloaded before import = 0
Number of asset objects unloaded after import = 0
========================================================================
Received Import Request.
  Time of request: 2026-08-05T18:44:45.7581657Z
  Time since last request: 0.0008399 seconds.
  importAddress: GUID: 5290affe00001419e8971554534f83f5 - Path: Packages/com.unity.visualscripting/Editor/VisualScripting.State/States/FlowStateEditor.cs - Importer: ScriptedImporter/UnityEditor.QuickSearchModule:UnityEditor.Search:ASIAI0B
Importing 'GUID: 5290affe00001419e8971554534f83f5 - Path: Packages/com.unity.visualscripting/Editor/VisualScripting.State/States/FlowStateEditor.cs - Importer: ScriptedImporter/UnityEditor.QuickSearchModule:UnityEditor.Search:ASIAI0B' with importer (ScriptedImporter : UnityEditor.QuickSearchModule:UnityEditor.Search:ASIAI0B)
Imported 'GUID: 5290affe00001419e8971554534f83f5' -> (Import Result ID: '6812ac6618500860e0cf3978c218e8c3') in 0.003 seconds [static and dynamic dependencies]. Details - ImportResultOutputID=968fcb6ad920b154c45c3c7c3a598d7a DependenciesID=7e41a5fa19c5bfe758c56bfb0bd067d1 StaticDependenciesID=8dde209066396c1c1a0881ada7262eaf 
Number of updated asset objects reloaded before import = 0
Number of asset objects unloaded after import = 0
========================================================================
Received Import Request.
  Time of request: 2026-08-05T18:44:45.7704438Z
  Time since last request: 0.0002183 seconds.
  importAddress: GUID: 1b9a6728ed0414076b5bd0a744bb8b21 - Path: Packages/com.unity.visualscripting/Editor/VisualScripting.State/Transitions/IStateTransitionWidget.cs - Importer: ScriptedImporter/UnityEditor.QuickSearchModule:UnityEditor.Search:ASIAI0B
Importing 'GUID: 1b9a6728ed0414076b5bd0a744bb8b21 - Path: Packages/com.unity.visualscripting/Editor/VisualScripting.State/Transitions/IStateTransitionWidget.cs - Importer: ScriptedImporter/UnityEditor.QuickSearchModule:UnityEditor.Search:ASIAI0B' with importer (ScriptedImporter : UnityEditor.QuickSearchModule:UnityEditor.Search:ASIAI0B)
Imported 'GUID: 1b9a6728ed0414076b5bd0a744bb8b21' -> (Import Result ID: '4ecc920df8d832c5ae725025ca109479') in 0.002 seconds [static and dynamic dependencies]. Details - ImportResultOutputID=635b6d807f58858bd64a04571c080d2e DependenciesID=d326c93037a8e49eddb2c757ca8569e3 StaticDependenciesID=a99c795ca09e2934223a5a177dffc895 
Number of updated asset objects reloaded before import = 0
Number of asset objects unloaded after import = 0
========================================================================
Received Import Request.
  Time of request: 2026-08-05T18:44:45.7804905Z
  Time since last request: 0.0002349 seconds.
  importAddress: GUID: 90539a84ee39e4c2493af60a32b9adb4 - Path: Packages/com.unity.visualscripting/Editor/VisualScripting.State/States/StateAnalysis.cs - Importer: ScriptedImporter/UnityEditor.QuickSearchModule:UnityEditor.Search:ASIAI0B
Importing 'GUID: 90539a84ee39e4c2493af60a32b9adb4 - Path: Packages/com.unity.visualscripting/Editor/VisualScripting.State/States/StateAnalysis.cs - Importer: ScriptedImporter/UnityEditor.QuickSearchModule:UnityEditor.Search:ASIAI0B' with importer (ScriptedImporter : UnityEditor.QuickSearchModule:UnityEditor.Search:ASIAI0B)
Imported 'GUID: 90539a84ee39e4c2493af60a32b9adb4' -> (Import Result ID: '76388031c67912227cfca275de032fe8') in 0.003 seconds [static and dynamic dependencies]. Details - ImportResultOutputID=eebad7f21d6860d3837311b156c2fc2f DependenciesID=b836778fb8bf205732c66bacc1e35934 StaticDependenciesID=8af5b4535de885f31fbef8eb54520322 
Number of updated asset objects reloaded before import = 0
Number of asset objects unloaded after import = 0
========================================================================
Received Import Request.
  Time of request: 2026-08-05T18:44:45.7922653Z
  Time since last request: 0.00024 seconds.
  importAddress: GUID: 067acbd60a2494a05954d63584e9b346 - Path: Packages/com.unity.visualscripting/Runtime/VisualScripting.Core/Collections/IProxyableNotifyCollectionChanged.cs - Importer: ScriptedImporter/UnityEditor.QuickSearchModule:UnityEditor.Search:ASIAI0B
Importing 'GUID: 067acbd60a2494a05954d63584e9b346 - Path: Packages/com.unity.visualscripting/Runtime/VisualScripting.Core/Collections/IProxyableNotifyCollectionChanged.cs - Importer: ScriptedImporter/UnityEditor.QuickSearchModule:UnityEditor.Search:ASIAI0B' with importer (ScriptedImporter : UnityEditor.QuickSearchModule:UnityEditor.Search:ASIAI0B)
Imported 'GUID: 067acbd60a2494a05954d63584e9b346' -> (Import Result ID: '8c42253525bb0f20e4e7277ae0ef9b52') in 0.003 seconds [static and dynamic dependencies]. Details - ImportResultOutputID=dee55bf8e1757386ca4d87e767b54620 DependenciesID=92da0e536d1f4a6d19e6e34095ca3ab8 StaticDependenciesID=fb4815902ab70c4bfeadf73c81925692 
Number of updated asset objects reloaded before import = 0
Number of asset objects unloaded after import = 0
========================================================================
Received Import Request.
  Time of request: 2026-08-05T18:44:45.8032007Z
  Time since last request: 0.0002591 seconds.
  importAddress: GUID: 41ca2a75f36964ef7a3a443f34ba6874 - Path: Packages/com.unity.visualscripting/Runtime/VisualScripting.Core/Collections/DebugDictionary.cs - Importer: ScriptedImporter/UnityEditor.QuickSearchModule:UnityEditor.Search:ASIAI0B
Importing 'GUID: 41ca2a75f36964ef7a3a443f34ba6874 - Path: Packages/com.unity.visualscripting/Runtime/VisualScripting.Core/Collections/DebugDictionary.cs - Importer: ScriptedImporter/UnityEditor.QuickSearchModule:UnityEditor.Search:ASIAI0B' with importer (ScriptedImporter : UnityEditor.QuickSearchModule:UnityEditor.Search:ASIAI0B)
Imported 'GUID: 41ca2a75f36964ef7a3a443f34ba6874' -> (Import Result ID: '08bf351b4aa25d21bf2180d2cd80f694') in 0.002 seconds [static and dynamic dependencies]. Details - ImportResultOutputID=bf264d9444062768c2ee519ad5b661ee DependenciesID=d43731b04754f98d22828306320990c8 StaticDependenciesID=427d9c27950e96ec4993b47cad4131e9 
Number of updated asset objects reloaded before import = 0
Number of asset objects unloaded after import = 0
========================================================================
Received Import Request.
  Time of request: 2026-08-05T18:44:45.8126295Z
  Time since last request: 0.0002693 seconds.
  importAddress: GUID: caccb2b4912fd42848baed54c72fcaec - Path: Packages/com.unity.visualscripting/Runtime/VisualScripting.Core/Cloning/Cloning.cs - Importer: ScriptedImporter/UnityEditor.QuickSearchModule:UnityEditor.Search:ASIAI0B
Importing 'GUID: caccb2b4912fd42848baed54c72fcaec - Path: Packages/com.unity.visualscripting/Runtime/VisualScripting.Core/Cloning/Cloning.cs - Importer: ScriptedImporter/UnityEditor.QuickSearchModule:UnityEditor.Search:ASIAI0B' with importer (ScriptedImporter : UnityEditor.QuickSearchModule:UnityEditor.Search:ASIAI0B)
Imported 'GUID: caccb2b4912fd42848baed54c72fcaec' -> (Import Result ID: '75b7e34460171b97e7bd8fd2131b7b5d') in 0.002 seconds [static and dynamic dependencies]. Details - ImportResultOutputID=430b9ee5527cc95ae625ece291d2b652 DependenciesID=d6f6203dc9703c79241eab4bb13e74ba StaticDependenciesID=2ec9f636a8a347c3bcb500a27ab428a7 
Number of updated asset objects reloaded before import = 0
Number of asset objects unloaded after import = 0
========================================================================
Received Import Request.
  Time of request: 2026-08-05T18:44:45.822306Z
  Time since last request: 0.000381 seconds.
  importAddress: GUID: 23aff2603b7a04000a57f820b6f71951 - Path: Packages/com.unity.visualscripting/Runtime/VisualScripting.Core/Collections/NonNullableCollection.cs - Importer: ScriptedImporter/UnityEditor.QuickSearchModule:UnityEditor.Search:ASIAI0B
Importing 'GUID: 23aff2603b7a04000a57f820b6f71951 - Path: Packages/com.unity.visualscripting/Runtime/VisualScripting.Core/Collections/NonNullableCollection.cs - Importer: ScriptedImporter/UnityEditor.QuickSearchModule:UnityEditor.Search:ASIAI0B' with importer (ScriptedImporter : UnityEditor.QuickSearchModule:UnityEditor.Search:ASIAI0B)
Imported 'GUID: 23aff2603b7a04000a57f820b6f71951' -> (Import Result ID: '27d8cfd3d386936bb2faadcf6fc38534') in 0.002 seconds [static and dynamic dependencies]. Details - ImportResultOutputID=6c096e47c9604693cde68b98dae28dff DependenciesID=189b94538b7646f769471f90258b3ab3 StaticDependenciesID=ca24ef926ac649bfe855a2ca02cc09aa 
Number of updated asset objects reloaded before import = 0
Number of asset objects unloaded after import = 0
========================================================================
Received Import Request.
  Time of request: 2026-08-05T18:44:45.8312847Z
  Time since last request: 0.0002175 seconds.
  importAddress: GUID: e2102ddc23fbd412ca4aaec620483938 - Path: Packages/com.unity.visualscripting/Editor/VisualScripting.State/States/StateDescription.cs - Importer: ScriptedImporter/UnityEditor.QuickSearchModule:UnityEditor.Search:ASIAI0B
Importing 'GUID: e2102ddc23fbd412ca4aaec620483938 - Path: Packages/com.unity.visualscripting/Editor/VisualScripting.State/States/StateDescription.cs - Importer: ScriptedImporter/UnityEditor.QuickSearchModule:UnityEditor.Search:ASIAI0B' with importer (ScriptedImporter : UnityEditor.QuickSearchModule:UnityEditor.Search:ASIAI0B)
Imported 'GUID: e2102ddc23fbd412ca4aaec620483938' -> (Import Result ID: 'c8ccb6f2b38171961825541e90b96072') in 0.002 seconds [static and dynamic dependencies]. Details - ImportResultOutputID=0fe7877481d36b35dda912304a7b82b7 DependenciesID=959f2dff7464dc7e718b76ef0599891d StaticDependenciesID=3cf49b4f1e56db1f241f1e4e996b06dd 
Number of updated asset objects reloaded before import = 0
Number of asset objects unloaded after import = 0
========================================================================
Received Import Request.
  Time of request: 2026-08-05T18:44:45.8413884Z
  Time since last request: 0.0003616 seconds.
  importAddress: GUID: ca4bb37a65b7748358d2789431d7aa49 - Path: Packages/com.unity.visualscripting/Runtime/VisualScripting.Core/Collections/INotifiedCollectionItem.cs - Importer: ScriptedImporter/UnityEditor.QuickSearchModule:UnityEditor.Search:ASIAI0B
Importing 'GUID: ca4bb37a65b7748358d2789431d7aa49 - Path: Packages/com.unity.visualscripting/Runtime/VisualScripting.Core/Collections/INotifiedCollectionItem.cs - Importer: ScriptedImporter/UnityEditor.QuickSearchModule:UnityEditor.Search:ASIAI0B' with importer (ScriptedImporter : UnityEditor.QuickSearchModule:UnityEditor.Search:ASIAI0B)
Imported 'GUID: ca4bb37a65b7748358d2789431d7aa49' -> (Import Result ID: '79e6e75284e2d87e1167a8215cea882f') in 0.002 seconds [static and dynamic dependencies]. Details - ImportResultOutputID=a8d55e5a6df0603745768bfb3dfd5d42 DependenciesID=afca14891001b31177b421fc712319ee StaticDependenciesID=29cb77951be8f7639e90ef88e174244c 
Number of updated asset objects reloaded before import = 0
Number of asset objects unloaded after import = 0
========================================================================
Received Import Request.
  Time of request: 2026-08-05T18:44:45.8648546Z
  Time since last request: 0.0140945 seconds.
  importAddress: GUID: 4fae8bb7c6499466c8e4b78650b40808 - Path: Packages/com.unity.visualscripting/Runtime/VisualScripting.Core/Ensure/EnsureThat.Strings.cs - Importer: ScriptedImporter/UnityEditor.QuickSearchModule:UnityEditor.Search:ASIAI0B
Importing 'GUID: 4fae8bb7c6499466c8e4b78650b40808 - Path: Packages/com.unity.visualscripting/Runtime/VisualScripting.Core/Ensure/EnsureThat.Strings.cs - Importer: ScriptedImporter/UnityEditor.QuickSearchModule:UnityEditor.Search:ASIAI0B' with importer (ScriptedImporter : UnityEditor.QuickSearchModule:UnityEditor.Search:ASIAI0B)
Imported 'GUID: 4fae8bb7c6499466c8e4b78650b40808' -> (Import Result ID: '20bb1dae8aec6a1133a94adfab42af64') in 0.002 seconds [static and dynamic dependencies]. Details - ImportResultOutputID=1a873d63207e37277cf3193072b9b4ee DependenciesID=3e8d0e06d60cbb5c8dec52e85e204045 StaticDependenciesID=1dfe7279da7a17896e4532137f648b94 
Number of updated asset objects reloaded before import = 0
Number of asset objects unloaded after import = 0
========================================================================
Received Import Request.
  Time of request: 2026-08-05T18:44:45.8746845Z
  Time since last request: 0.0002238 seconds.
  importAddress: GUID: 4444c1ac4c2c24720ad9edd95152c1b8 - Path: Packages/com.unity.visualscripting/Runtime/VisualScripting.Core/Collections/WatchedList.cs - Importer: ScriptedImporter/UnityEditor.QuickSearchModule:UnityEditor.Search:ASIAI0B
Importing 'GUID: 4444c1ac4c2c24720ad9edd95152c1b8 - Path: Packages/com.unity.visualscripting/Runtime/VisualScripting.Core/Collections/WatchedList.cs - Importer: ScriptedImporter/UnityEditor.QuickSearchModule:UnityEditor.Search:ASIAI0B' with importer (ScriptedImporter : UnityEditor.QuickSearchModule:UnityEditor.Search:ASIAI0B)
Imported 'GUID: 4444c1ac4c2c24720ad9edd95152c1b8' -> (Import Result ID: 'c2095c647036685f9213611440e54637') in 0.002 seconds [static and dynamic dependencies]. Details - ImportResultOutputID=f629ccb1b8e88d6692775561d96bf988 DependenciesID=785ce081fd7072094b564bfb7407ce6c StaticDependenciesID=401a94db3bef7dee5932ea7f66201208 
Number of updated asset objects reloaded before import = 0
Number of asset objects unloaded after import = 0
========================================================================
Received Import Request.
  Time of request: 2026-08-05T18:44:45.8841499Z
  Time since last request: 0.0003921 seconds.
  importAddress: GUID: 4ac0e89f600ed4b6da74436eb5fc67f7 - Path: Packages/com.unity.visualscripting/Runtime/VisualScripting.Core/Graphs/GraphDebugData.cs - Importer: ScriptedImporter/UnityEditor.QuickSearchModule:UnityEditor.Search:ASIAI0B
Importing 'GUID: 4ac0e89f600ed4b6da74436eb5fc67f7 - Path: Packages/com.unity.visualscripting/Runtime/VisualScripting.Core/Graphs/GraphDebugData.cs - Importer: ScriptedImporter/UnityEditor.QuickSearchModule:UnityEditor.Search:ASIAI0B' with importer (ScriptedImporter : UnityEditor.QuickSearchModule:UnityEditor.Search:ASIAI0B)
Imported 'GUID: 4ac0e89f600ed4b6da74436eb5fc67f7' -> (Import Result ID: 'b37492bea9b40b72dd279bc57efb672e') in 0.002 seconds [static and dynamic dependencies]. Details - ImportResultOutputID=a068a73842fb3bef5e7b0b0cba8e056a DependenciesID=b8208bea6242c8881e9f80b486a918d2 StaticDependenciesID=61d570ad7f830c650a78ebbfd8cb9a28 
Number of updated asset objects reloaded before import = 0
Number of asset objects unloaded after import = 0
========================================================================
Received Import Request.
  Time of request: 2026-08-05T18:44:45.8939615Z
  Time since last request: 0.0002801 seconds.
  importAddress: GUID: c6ae16097a0d4e30bf4c1f3c16ba3805 - Path: Packages/com.unity.visualscripting/Runtime/VisualScripting.Core/Events/FrameDelayedCallback.cs - Importer: ScriptedImporter/UnityEditor.QuickSearchModule:UnityEditor.Search:ASIAI0B
Importing 'GUID: c6ae16097a0d4e30bf4c1f3c16ba3805 - Path: Packages/com.unity.visualscripting/Runtime/VisualScripting.Core/Events/FrameDelayedCallback.cs - Importer: ScriptedImporter/UnityEditor.QuickSearchModule:UnityEditor.Search:ASIAI0B' with importer (ScriptedImporter : UnityEditor.QuickSearchModule:UnityEditor.Search:ASIAI0B)
Imported 'GUID: c6ae16097a0d4e30bf4c1f3c16ba3805' -> (Import Result ID: '32d056b37352525cb4290753361a96dd') in 0.003 seconds [static and dynamic dependencies]. Details - ImportResultOutputID=96170f64d4d383e7f7a1745d0e494c8d DependenciesID=905ab557a350fe1fe7bae1ac9d57a105 StaticDependenciesID=7a8419b8caa3bc98e672c707e1a3f223 
Number of updated asset objects reloaded before import = 0
Number of asset objects unloaded after import = 0
========================================================================
Received Import Request.
  Time of request: 2026-08-05T18:44:45.905711Z
  Time since last request: 0.0002797 seconds.
  importAddress: GUID: cfb22729ea2604a4fa969fe03e12362c - Path: Packages/com.unity.visualscripting/Runtime/VisualScripting.Core/Ensure/Ensure.cs - Importer: ScriptedImporter/UnityEditor.QuickSearchModule:UnityEditor.Search:ASIAI0B
Importing 'GUID: cfb22729ea2604a4fa969fe03e12362c - Path: Packages/com.unity.visualscripting/Runtime/VisualScripting.Core/Ensure/Ensure.cs - Importer: ScriptedImporter/UnityEditor.QuickSearchModule:UnityEditor.Search:ASIAI0B' with importer (ScriptedImporter : UnityEditor.QuickSearchModule:UnityEditor.Search:ASIAI0B)
Imported 'GUID: cfb22729ea2604a4fa969fe03e12362c' -> (Import Result ID: '5f4dca1a4ee29e83ec671e37bc1b85c5') in 0.003 seconds [static and dynamic dependencies]. Details - ImportResultOutputID=7c06c647ae46e4e0d1dfb8c81075b332 DependenciesID=dc450e1ab6bcf935c10e4d449361a55f StaticDependenciesID=5081b6ec28897a2c8a3acf798ff0e22b 
Number of updated asset objects reloaded before import = 0
Number of asset objects unloaded after import = 0
========================================================================
Received Import Request.
  Time of request: 2026-08-05T18:44:45.9167704Z
  Time since last request: 0.0003019 seconds.
  importAddress: GUID: 8b1b785745a7f45e7aeb8928f8301c7e - Path: Packages/com.unity.visualscripting/Runtime/VisualScripting.Core/Connections/IConnectionCollection.cs - Importer: ScriptedImporter/UnityEditor.QuickSearchModule:UnityEditor.Search:ASIAI0B
Importing 'GUID: 8b1b785745a7f45e7aeb8928f8301c7e - Path: Packages/com.unity.visualscripting/Runtime/VisualScripting.Core/Connections/IConnectionCollection.cs - Importer: ScriptedImporter/UnityEditor.QuickSearchModule:UnityEditor.Search:ASIAI0B' with importer (ScriptedImporter : UnityEditor.QuickSearchModule:UnityEditor.Search:ASIAI0B)
Imported 'GUID: 8b1b785745a7f45e7aeb8928f8301c7e' -> (Import Result ID: '0c8b936f24f9714bcaa2276839066419') in 0.002 seconds [static and dynamic dependencies]. Details - ImportResultOutputID=8f9b4a19f29a41ebd1be2d115d0060bb DependenciesID=bf5592ba97d08ee42c04ccce8217ac60 StaticDependenciesID=c59a1993338ed6c77165a9d079ae8afc 
Number of updated asset objects reloaded before import = 0
Number of asset objects unloaded after import = 0
========================================================================
Received Import Request.
  Time of request: 2026-08-05T18:44:45.9263085Z
  Time since last request: 0.0002771 seconds.
  importAddress: GUID: 9e147a4fe5cb14a9cb1eae8b8c321dc0 - Path: Packages/com.unity.visualscripting/Runtime/VisualScripting.Core/Collections/VariantKeyedCollection.cs - Importer: ScriptedImporter/UnityEditor.QuickSearchModule:UnityEditor.Search:ASIAI0B
Importing 'GUID: 9e147a4fe5cb14a9cb1eae8b8c321dc0 - Path: Packages/com.unity.visualscripting/Runtime/VisualScripting.Core/Collections/VariantKeyedCollection.cs - Importer: ScriptedImporter/UnityEditor.QuickSearchModule:UnityEditor.Search:ASIAI0B' with importer (ScriptedImporter : UnityEditor.QuickSearchModule:UnityEditor.Search:ASIAI0B)
Imported 'GUID: 9e147a4fe5cb14a9cb1eae8b8c321dc0' -> (Import Result ID: 'f5d10d152ff5da3220c92c6b1784d56f') in 0.003 seconds [static and dynamic dependencies]. Details - ImportResultOutputID=2352687e1ac3a3eef67aedd6a51ea495 DependenciesID=07ba67e7d3cee06b9b6e100bdf579691 StaticDependenciesID=02d1c513448dd1dd4afc92237c4b997d 
Number of updated asset objects reloaded before import = 0
Number of asset objects unloaded after import = 0
========================================================================
Received Import Request.
  Time of request: 2026-08-05T18:44:45.9382699Z
  Time since last request: 0.0003036 seconds.
  importAddress: GUID: adc1a9ac3adb54e8aac2ea044801ea5e - Path: Packages/com.unity.visualscripting/Runtime/VisualScripting.Core/Ensure/EnsureThat.Guids.cs - Importer: ScriptedImporter/UnityEditor.QuickSearchModule:UnityEditor.Search:ASIAI0B
Importing 'GUID: adc1a9ac3adb54e8aac2ea044801ea5e - Path: Packages/com.unity.visualscripting/Runtime/VisualScripting.Core/Ensure/EnsureThat.Guids.cs - Importer: ScriptedImporter/UnityEditor.QuickSearchModule:UnityEditor.Search:ASIAI0B' with importer (ScriptedImporter : UnityEditor.QuickSearchModule:UnityEditor.Search:ASIAI0B)
Imported 'GUID: adc1a9ac3adb54e8aac2ea044801ea5e' -> (Import Result ID: '81dd761a7dd065cfd51b7d4013e66925') in 0.002 seconds [static and dynamic dependencies]. Details - ImportResultOutputID=badd9c01ad8c898650e94a964b4fbda3 DependenciesID=e3b159dd1febed5cb6659a45ba43dc33 StaticDependenciesID=c131582f0fb7c89a83b55d8158e81d82 
Number of updated asset objects reloaded before import = 0
Number of asset objects unloaded after import = 0
========================================================================
Received Import Request.
  Time of request: 2026-08-05T18:44:45.9485267Z
  Time since last request: 0.0002532 seconds.
  importAddress: GUID: 29396242eef914c45b687518b316a792 - Path: Packages/com.unity.visualscripting/Runtime/VisualScripting.Core/EditorBinding/TypeIconAttribute.cs - Importer: ScriptedImporter/UnityEditor.QuickSearchModule:UnityEditor.Search:ASIAI0B
Importing 'GUID: 29396242eef914c45b687518b316a792 - Path: Packages/com.unity.visualscripting/Runtime/VisualScripting.Core/EditorBinding/TypeIconAttribute.cs - Importer: ScriptedImporter/UnityEditor.QuickSearchModule:UnityEditor.Search:ASIAI0B' with importer (ScriptedImporter : UnityEditor.QuickSearchModule:UnityEditor.Search:ASIAI0B)
Imported 'GUID: 29396242eef914c45b687518b316a792' -> (Import Result ID: '48ee63a6816066a4c85231b7a90b9468') in 0.002 seconds [static and dynamic dependencies]. Details - ImportResultOutputID=961abdbeba2a18da5c1508a63559edad DependenciesID=7ea06d111f948ffa1eea604d48ad4293 StaticDependenciesID=39ff91da3d725ace3e90e0724e2db5b5 
Number of updated asset objects reloaded before import = 0
Number of asset objects unloaded after import = 0
========================================================================
Received Import Request.
  Time of request: 2026-08-05T18:44:45.9583196Z
  Time since last request: 0.0002735 seconds.
  importAddress: GUID: 352cb3b74fabb44b3ac894557038d0b0 - Path: Packages/com.unity.visualscripting/Runtime/VisualScripting.Core/Ensure/EnsureThat.NullableValueTypes.cs - Importer: ScriptedImporter/UnityEditor.QuickSearchModule:UnityEditor.Search:ASIAI0B
Importing 'GUID: 352cb3b74fabb44b3ac894557038d0b0 - Path: Packages/com.unity.visualscripting/Runtime/VisualScripting.Core/Ensure/EnsureThat.NullableValueTypes.cs - Importer: ScriptedImporter/UnityEditor.QuickSearchModule:UnityEditor.Search:ASIAI0B' with importer (ScriptedImporter : UnityEditor.QuickSearchModule:UnityEditor.Search:ASIAI0B)
Imported 'GUID: 352cb3b74fabb44b3ac894557038d0b0' -> (Import Result ID: '78c0c758d5f808e6a2354d44ef00af23') in 0.002 seconds [static and dynamic dependencies]. Details - ImportResultOutputID=3d2755867014a176d38077abf20c314f DependenciesID=813dee0cae6522990b303d3b63833a5f StaticDependenciesID=41f896c43ea218a126852202a06cbfe6 
Number of updated asset objects reloaded before import = 0
Number of asset objects unloaded after import = 0
========================================================================
Received Import Request.
  Time of request: 2026-08-05T18:44:45.9779011Z
  Time since last request: 0.0106933 seconds.
  importAddress: GUID: ec7157f997fbc4debb9d6fdccf453f74 - Path: Packages/com.unity.visualscripting/Runtime/VisualScripting.Core/Reflection/AttributeUtility.cs - Importer: ScriptedImporter/UnityEditor.QuickSearchModule:UnityEditor.Search:ASIAI0B
Importing 'GUID: ec7157f997fbc4debb9d6fdccf453f74 - Path: Packages/com.unity.visualscripting/Runtime/VisualScripting.Core/Reflection/AttributeUtility.cs - Importer: ScriptedImporter/UnityEditor.QuickSearchModule:UnityEditor.Search:ASIAI0B' with importer (ScriptedImporter : UnityEditor.QuickSearchModule:UnityEditor.Search:ASIAI0B)
Imported 'GUID: ec7157f997fbc4debb9d6fdccf453f74' -> (Import Result ID: '1a78ace9ac07cbd8161d91cd8118ccae') in 0.003 seconds [static and dynamic dependencies]. Details - ImportResultOutputID=d5207cdfd4899a85dfac546647b83d93 DependenciesID=7047a2ee11f68cbf6575f498182b80ee StaticDependenciesID=abb99bfef36113176202d4019df67792 
Number of updated asset objects reloaded before import = 0
Number of asset objects unloaded after import = 0
========================================================================
Received Import Request.
  Time of request: 2026-08-05T18:44:45.9886936Z
  Time since last request: 0.0013052 seconds.
  importAddress: GUID: 6b3f6fbc3eebd4d3dabcf39e2e98ee73 - Path: Packages/com.unity.visualscripting/Runtime/VisualScripting.Core/Input/PressState.cs - Importer: ScriptedImporter/UnityEditor.QuickSearchModule:UnityEditor.Search:ASIAI0B
Importing 'GUID: 6b3f6fbc3eebd4d3dabcf39e2e98ee73 - Path: Packages/com.unity.visualscripting/Runtime/VisualScripting.Core/Input/PressState.cs - Importer: ScriptedImporter/UnityEditor.QuickSearchModule:UnityEditor.Search:ASIAI0B' with importer (ScriptedImporter : UnityEditor.QuickSearchModule:UnityEditor.Search:ASIAI0B)
Imported 'GUID: 6b3f6fbc3eebd4d3dabcf39e2e98ee73' -> (Import Result ID: 'e551297ca71cad4747bca2595f3b79dd') in 0.002 seconds [static and dynamic dependencies]. Details - ImportResultOutputID=c9673bbcbe06ceb9cfda4cb72448d7fd DependenciesID=2f57e0c4c333fa01ee3a71f2ff1d4e9c StaticDependenciesID=e9826efef7e9a6faaee66eb140de2923 
Number of updated asset objects reloaded before import = 0
Number of asset objects unloaded after import = 0
========================================================================
Received Import Request.
  Time of request: 2026-08-05T18:44:45.9985327Z
  Time since last request: 0.0004112 seconds.
  importAddress: GUID: 3285d7e90c0424169943385822822d8a - Path: Packages/com.unity.visualscripting/Runtime/VisualScripting.Core/Pooling/ManualPool.cs - Importer: ScriptedImporter/UnityEditor.QuickSearchModule:UnityEditor.Search:ASIAI0B
Importing 'GUID: 3285d7e90c0424169943385822822d8a - Path: Packages/com.unity.visualscripting/Runtime/VisualScripting.Core/Pooling/ManualPool.cs - Importer: ScriptedImporter/UnityEditor.QuickSearchModule:UnityEditor.Search:ASIAI0B' with importer (ScriptedImporter : UnityEditor.QuickSearchModule:UnityEditor.Search:ASIAI0B)
Imported 'GUID: 3285d7e90c0424169943385822822d8a' -> (Import Result ID: 'dd88592fd18be7128e68db5b6588758e') in 0.002 seconds [static and dynamic dependencies]. Details - ImportResultOutputID=47365662a12cfc57f5bc6a203de2da92 DependenciesID=dd3a40a622990668637fcbb40432f764 StaticDependenciesID=35e38cb074bd1138161ba5fc5b37bad2 
Number of updated asset objects reloaded before import = 0
Number of asset objects unloaded after import = 0
========================================================================
Received Import Request.
  Time of request: 2026-08-05T18:44:46.0090597Z
  Time since last request: 0.0006593 seconds.
  importAddress: GUID: 73d6e074b5faa4ac1b86898dec2ca1c6 - Path: Packages/com.unity.visualscripting/Runtime/VisualScripting.Core/Graphs/GraphSource.cs - Importer: ScriptedImporter/UnityEditor.QuickSearchModule:UnityEditor.Search:ASIAI0B
Importing 'GUID: 73d6e074b5faa4ac1b86898dec2ca1c6 - Path: Packages/com.unity.visualscripting/Runtime/VisualScripting.Core/Graphs/GraphSource.cs - Importer: ScriptedImporter/UnityEditor.QuickSearchModule:UnityEditor.Search:ASIAI0B' with importer (ScriptedImporter : UnityEditor.QuickSearchModule:UnityEditor.Search:ASIAI0B)
Imported 'GUID: 73d6e074b5faa4ac1b86898dec2ca1c6' -> (Import Result ID: '56a4bf9862cb67769aed58e156b371f1') in 0.002 seconds [static and dynamic dependencies]. Details - ImportResultOutputID=4763088f170b99f42551486773635fbf DependenciesID=73832ebd147cc173597e76ba38c7229d StaticDependenciesID=c15bdfc0c6499fa8e939adcd8cabb019 
Number of updated asset objects reloaded before import = 0
Number of asset objects unloaded after import = 0
========================================================================
Received Import Request.
  Time of request: 2026-08-05T18:44:46.0199906Z
  Time since last request: 0.0003793 seconds.
  importAddress: GUID: aa83ec66a9f66478ab2f03723303e026 - Path: Packages/com.unity.visualscripting/Runtime/VisualScripting.Core/Input/MouseButton.cs - Importer: ScriptedImporter/UnityEditor.QuickSearchModule:UnityEditor.Search:ASIAI0B
Importing 'GUID: aa83ec66a9f66478ab2f03723303e026 - Path: Packages/com.unity.visualscripting/Runtime/VisualScripting.Core/Input/MouseButton.cs - Importer: ScriptedImporter/UnityEditor.QuickSearchModule:UnityEditor.Search:ASIAI0B' with importer (ScriptedImporter : UnityEditor.QuickSearchModule:UnityEditor.Search:ASIAI0B)
Imported 'GUID: aa83ec66a9f66478ab2f03723303e026' -> (Import Result ID: '3b5dcdeb817a34aceddc95d95cf29e74') in 0.002 seconds [static and dynamic dependencies]. Details - ImportResultOutputID=9e32ba19dbae5758bbe238d4b70e06fb DependenciesID=b86e69e3b3056a31e7c6a3e41238bc13 StaticDependenciesID=d1de10d843e05dcfa9c38a29d79f13a1 
Number of updated asset objects reloaded before import = 0
Number of asset objects unloaded after import = 0
========================================================================
Received Import Request.
  Time of request: 2026-08-05T18:44:46.0305852Z
  Time since last request: 0.0003298 seconds.
  importAddress: GUID: fb46e167769fd4b5e8f7c2ca3e0d431e - Path: Packages/com.unity.visualscripting/Runtime/VisualScripting.Core/Graphs/GraphPointer.cs - Importer: ScriptedImporter/UnityEditor.QuickSearchModule:UnityEditor.Search:ASIAI0B
Importing 'GUID: fb46e167769fd4b5e8f7c2ca3e0d431e - Path: Packages/com.unity.visualscripting/Runtime/VisualScripting.Core/Graphs/GraphPointer.cs - Importer: ScriptedImporter/UnityEditor.QuickSearchModule:UnityEditor.Search:ASIAI0B' with importer (ScriptedImporter : UnityEditor.QuickSearchModule:UnityEditor.Search:ASIAI0B)
Imported 'GUID: fb46e167769fd4b5e8f7c2ca3e0d431e' -> (Import Result ID: 'd2d87d092177bff45ea024fe429168c4') in 0.002 seconds [static and dynamic dependencies]. Details - ImportResultOutputID=9bddb892dd76952775e60afafab7b6ce DependenciesID=1387f8a89539610c2ff48a5922e02b79 StaticDependenciesID=da1dea4fdd92aa67a68d01efca1b8851 
Number of updated asset objects reloaded before import = 0
Number of asset objects unloaded after import = 0
========================================================================
Received Import Request.
  Time of request: 2026-08-05T18:44:46.0405367Z
  Time since last request: 0.0005267 seconds.
  importAddress: GUID: 9f4dc1e2bfd0e486eaf70b322db267c1 - Path: Packages/com.unity.visualscripting/Runtime/VisualScripting.Core/Reflection/LooseAssemblyName.cs - Importer: ScriptedImporter/UnityEditor.QuickSearchModule:UnityEditor.Search:ASIAI0B
Importing 'GUID: 9f4dc1e2bfd0e486eaf70b322db267c1 - Path: Packages/com.unity.visualscripting/Runtime/VisualScripting.Core/Reflection/LooseAssemblyName.cs - Importer: ScriptedImporter/UnityEditor.QuickSearchModule:UnityEditor.Search:ASIAI0B' with importer (ScriptedImporter : UnityEditor.QuickSearchModule:UnityEditor.Search:ASIAI0B)
Imported 'GUID: 9f4dc1e2bfd0e486eaf70b322db267c1' -> (Import Result ID: '93a55b606322e1b7eb883250899e58a8') in 0.002 seconds [static and dynamic dependencies]. Details - ImportResultOutputID=379856d57bd33f7a1180ed82e421d280 DependenciesID=61d0e6d042ee1fbebe6542e0c7dac285 StaticDependenciesID=41cda5fab40ed199bff929c497888787 
Number of updated asset objects reloaded before import = 0
Number of asset objects unloaded after import = 0
========================================================================
Received Import Request.
  Time of request: 2026-08-05T18:44:46.0508542Z
  Time since last request: 0.0002169 seconds.
  importAddress: GUID: 12ce731cce6f947049d4c6d825a29c3d - Path: Packages/com.unity.visualscripting/Runtime/VisualScripting.Core/Graphs/MergedGraphElementCollection.cs - Importer: ScriptedImporter/UnityEditor.QuickSearchModule:UnityEditor.Search:ASIAI0B
Importing 'GUID: 12ce731cce6f947049d4c6d825a29c3d - Path: Packages/com.unity.visualscripting/Runtime/VisualScripting.Core/Graphs/MergedGraphElementCollection.cs - Importer: ScriptedImporter/UnityEditor.QuickSearchModule:UnityEditor.Search:ASIAI0B' with importer (ScriptedImporter : UnityEditor.QuickSearchModule:UnityEditor.Search:ASIAI0B)
Imported 'GUID: 12ce731cce6f947049d4c6d825a29c3d' -> (Import Result ID: 'd24b067edb51853281147e08e71b17fa') in 0.002 seconds [static and dynamic dependencies]. Details - ImportResultOutputID=4718f1b5f1e9d6c42458a310f8423840 DependenciesID=f066e108159e4236b853f2bcb905459a StaticDependenciesID=4734aec9486ad6474c222bd318466d14 
Number of updated asset objects reloaded before import = 0
Number of asset objects unloaded after import = 0
========================================================================
Received Import Request.
  Time of request: 2026-08-05T18:44:46.0601301Z
  Time since last request: 0.0002943 seconds.
  importAddress: GUID: b9cb6febeac1a471bac43cd4c509a764 - Path: Packages/com.unity.visualscripting/Runtime/VisualScripting.Core/Graphs/IGraphNester.cs - Importer: ScriptedImporter/UnityEditor.QuickSearchModule:UnityEditor.Search:ASIAI0B
Importing 'GUID: b9cb6febeac1a471bac43cd4c509a764 - Path: Packages/com.unity.visualscripting/Runtime/VisualScripting.Core/Graphs/IGraphNester.cs - Importer: ScriptedImporter/UnityEditor.QuickSearchModule:UnityEditor.Search:ASIAI0B' with importer (ScriptedImporter : UnityEditor.QuickSearchModule:UnityEditor.Search:ASIAI0B)
Imported 'GUID: b9cb6febeac1a471bac43cd4c509a764' -> (Import Result ID: '36fd1dc00aca156f72ef8d6874e22beb') in 0.002 seconds [static and dynamic dependencies]. Details - ImportResultOutputID=b3e2318d069401f3f2ca5884ead587c4 DependenciesID=84e46856143d1c2f2eca841e5b3e0790 StaticDependenciesID=e74774783b74e0d7cd2e92cdd498a93e 
Number of updated asset objects reloaded before import = 0
Number of asset objects unloaded after import = 0
========================================================================
Received Import Request.
  Time of request: 2026-08-05T18:44:46.0703097Z
  Time since last request: 0.0002902 seconds.
  importAddress: GUID: 0abd26eb28b064e8ebfaab1ee6c46794 - Path: Packages/com.unity.visualscripting/Runtime/VisualScripting.Core/Profiling/ProfilingUtility.cs - Importer: ScriptedImporter/UnityEditor.QuickSearchModule:UnityEditor.Search:ASIAI0B
Importing 'GUID: 0abd26eb28b064e8ebfaab1ee6c46794 - Path: Packages/com.unity.visualscripting/Runtime/VisualScripting.Core/Profiling/ProfilingUtility.cs - Importer: ScriptedImporter/UnityEditor.QuickSearchModule:UnityEditor.Search:ASIAI0B' with importer (ScriptedImporter : UnityEditor.QuickSearchModule:UnityEditor.Search:ASIAI0B)
Imported 'GUID: 0abd26eb28b064e8ebfaab1ee6c46794' -> (Import Result ID: '60353a10599db0f58fff4320c50bbcce') in 0.002 seconds [static and dynamic dependencies]. Details - ImportResultOutputID=679e5d2f9f255acb32bb69fbb7fb5fd6 DependenciesID=547f8b4c53a25a8371c3e16697d7f3b2 StaticDependenciesID=74b07c33e16840d401fd2009dff0165a 
Number of updated asset objects reloaded before import = 0
Number of asset objects unloaded after import = 0
========================================================================
Received Import Request.
  Time of request: 2026-08-05T18:44:46.0948845Z
  Time since last request: 0.0138289 seconds.
  importAddress: GUID: 13bd0b2b84cd782408ba37c684c50988 - Path: Packages/com.unity.visualscripting/Runtime/VisualScripting.Core/Reflection/TypeName.cs - Importer: ScriptedImporter/UnityEditor.QuickSearchModule:UnityEditor.Search:ASIAI0B
Importing 'GUID: 13bd0b2b84cd782408ba37c684c50988 - Path: Packages/com.unity.visualscripting/Runtime/VisualScripting.Core/Reflection/TypeName.cs - Importer: ScriptedImporter/UnityEditor.QuickSearchModule:UnityEditor.Search:ASIAI0B' with importer (ScriptedImporter : UnityEditor.QuickSearchModule:UnityEditor.Search:ASIAI0B)
Imported 'GUID: 13bd0b2b84cd782408ba37c684c50988' -> (Import Result ID: '5708af5e99c6796621b071108ec3b83b') in 0.003 seconds [static and dynamic dependencies]. Details - ImportResultOutputID=82ccb40fd21c1f8c6be7114cb802cb22 DependenciesID=9d4e6db11de7bea701a797b348efafd6 StaticDependenciesID=d9edc659cb559c634e1542eff874f90a 
Number of updated asset objects reloaded before import = 0
Number of asset objects unloaded after import = 0
========================================================================
Received Import Request.
  Time of request: 2026-08-05T18:44:46.1058116Z
  Time since last request: 0.0012829 seconds.
  importAddress: GUID: 4d01e1923ad0e4026ac76f84efb86bd4 - Path: Packages/com.unity.visualscripting/Runtime/VisualScripting.Core/Variables/ApplicationVariables.cs - Importer: ScriptedImporter/UnityEditor.QuickSearchModule:UnityEditor.Search:ASIAI0B
Importing 'GUID: 4d01e1923ad0e4026ac76f84efb86bd4 - Path: Packages/com.unity.visualscripting/Runtime/VisualScripting.Core/Variables/ApplicationVariables.cs - Importer: ScriptedImporter/UnityEditor.QuickSearchModule:UnityEditor.Search:ASIAI0B' with importer (ScriptedImporter : UnityEditor.QuickSearchModule:UnityEditor.Search:ASIAI0B)
Imported 'GUID: 4d01e1923ad0e4026ac76f84efb86bd4' -> (Import Result ID: '8543085aa7efb40c6a0052dc39924f3a') in 0.002 seconds [static and dynamic dependencies]. Details - ImportResultOutputID=65581d7b745bd5dd9a7acc0819ca5230 DependenciesID=c9513d40b5854b84f4aedc2c9c9b2545 StaticDependenciesID=85bf584f9c4e5283751d17cf9d30d39a 
Number of updated asset objects reloaded before import = 0
Number of asset objects unloaded after import = 0
========================================================================
Received Import Request.
  Time of request: 2026-08-05T18:44:46.1160069Z
  Time since last request: 0.0004291 seconds.
  importAddress: GUID: c2ec8389736ca49ecb53889bb7635509 - Path: Packages/com.unity.visualscripting/Runtime/VisualScripting.Core/Unity/SceneSingleton.cs - Importer: ScriptedImporter/UnityEditor.QuickSearchModule:UnityEditor.Search:ASIAI0B
Importing 'GUID: c2ec8389736ca49ecb53889bb7635509 - Path: Packages/com.unity.visualscripting/Runtime/VisualScripting.Core/Unity/SceneSingleton.cs - Importer: ScriptedImporter/UnityEditor.QuickSearchModule:UnityEditor.Search:ASIAI0B' with importer (ScriptedImporter : UnityEditor.QuickSearchModule:UnityEditor.Search:ASIAI0B)
Imported 'GUID: c2ec8389736ca49ecb53889bb7635509' -> (Import Result ID: '27f182211da7d1ec4a14cc42b1e2c210') in 0.002 seconds [static and dynamic dependencies]. Details - ImportResultOutputID=f8fc1cf0a37e319f0b68e5238c0e5b02 DependenciesID=c6e721b46c4f8b2b66eb78c90e02495a StaticDependenciesID=2cb6c82f0129429ad0927f0b87259298 
Number of updated asset objects reloaded before import = 0
Number of asset objects unloaded after import = 0
========================================================================
Received Import Request.
  Time of request: 2026-08-05T18:44:46.125517Z
  Time since last request: 0.0003127 seconds.
  importAddress: GUID: cff59857533d5d24aa05c01eaec1fa32 - Path: Packages/com.unity.visualscripting/Runtime/VisualScripting.Core/Reflection/RenamedNamespaceAttribute.cs - Importer: ScriptedImporter/UnityEditor.QuickSearchModule:UnityEditor.Search:ASIAI0B
Importing 'GUID: cff59857533d5d24aa05c01eaec1fa32 - Path: Packages/com.unity.visualscripting/Runtime/VisualScripting.Core/Reflection/RenamedNamespaceAttribute.cs - Importer: ScriptedImporter/UnityEditor.QuickSearchModule:UnityEditor.Search:ASIAI0B' with importer (ScriptedImporter : UnityEditor.QuickSearchModule:UnityEditor.Search:ASIAI0B)
Imported 'GUID: cff59857533d5d24aa05c01eaec1fa32' -> (Import Result ID: 'e644f1d6cc650d6617dba02e1e7dcfbb') in 0.004 seconds [static and dynamic dependencies]. Details - ImportResultOutputID=c07c3a69ddb89c2e9cf24078d7187fac DependenciesID=b4e66a61c8d0952683613900d872112e StaticDependenciesID=edb97b2461286a6933e1f74ee4f8058a 
Number of updated asset objects reloaded before import = 0
Number of asset objects unloaded after import = 0
========================================================================
Received Import Request.
  Time of request: 2026-08-05T18:44:46.1364734Z
  Time since last request: 0.0003197 seconds.
  importAddress: GUID: 74cb3a48f49084b4ea7970304b3889a9 - Path: Packages/com.unity.visualscripting/Runtime/VisualScripting.Core/Serialization/ISerializationDependency.cs - Importer: ScriptedImporter/UnityEditor.QuickSearchModule:UnityEditor.Search:ASIAI0B
Importing 'GUID: 74cb3a48f49084b4ea7970304b3889a9 - Path: Packages/com.unity.visualscripting/Runtime/VisualScripting.Core/Serialization/ISerializationDependency.cs - Importer: ScriptedImporter/UnityEditor.QuickSearchModule:UnityEditor.Search:ASIAI0B' with importer (ScriptedImporter : UnityEditor.QuickSearchModule:UnityEditor.Search:ASIAI0B)
Imported 'GUID: 74cb3a48f49084b4ea7970304b3889a9' -> (Import Result ID: '016b7e211f9ddc9d06d64464cc5a6329') in 0.002 seconds [static and dynamic dependencies]. Details - ImportResultOutputID=374f9d2765666abdbee1a34008c16b8b DependenciesID=2a956b0a011d27e194e0687f287e9ef6 StaticDependenciesID=7c17c7a4cb28c576684342a25e610dcb 
Number of updated asset objects reloaded before import = 0
Number of asset objects unloaded after import = 0
========================================================================
Received Import Request.
  Time of request: 2026-08-05T18:44:46.1475907Z
  Time since last request: 0.0005169 seconds.
  importAddress: GUID: d466a08d759134cb394b892eeaeabb85 - Path: Packages/com.unity.visualscripting/Runtime/VisualScripting.Core/Utilities/Recursion.cs - Importer: ScriptedImporter/UnityEditor.QuickSearchModule:UnityEditor.Search:ASIAI0B
Importing 'GUID: d466a08d759134cb394b892eeaeabb85 - Path: Packages/com.unity.visualscripting/Runtime/VisualScripting.Core/Utilities/Recursion.cs - Importer: ScriptedImporter/UnityEditor.QuickSearchModule:UnityEditor.Search:ASIAI0B' with importer (ScriptedImporter : UnityEditor.QuickSearchModule:UnityEditor.Search:ASIAI0B)
Imported 'GUID: d466a08d759134cb394b892eeaeabb85' -> (Import Result ID: 'ab778acce9e4860920e8d75d99208d12') in 0.002 seconds [static and dynamic dependencies]. Details - ImportResultOutputID=c9f4de8e58ccaadfc8dca99c10512040 DependenciesID=cc282c663834a233bd444c5e16f3a969 StaticDependenciesID=bdc49a607a65cf6504bbd9d05a4e3e2d 
Number of updated asset objects reloaded before import = 0
Number of asset objects unloaded after import = 0
========================================================================
Received Import Request.
  Time of request: 2026-08-05T18:44:46.1573715Z
  Time since last request: 0.0004946 seconds.
  importAddress: GUID: 61ab10f4687d1455da6d4845e21f5401 - Path: Packages/com.unity.visualscripting/Runtime/VisualScripting.Core/Utilities/StringUtility.cs - Importer: ScriptedImporter/UnityEditor.QuickSearchModule:UnityEditor.Search:ASIAI0B
Importing 'GUID: 61ab10f4687d1455da6d4845e21f5401 - Path: Packages/com.unity.visualscripting/Runtime/VisualScripting.Core/Utilities/StringUtility.cs - Importer: ScriptedImporter/UnityEditor.QuickSearchModule:UnityEditor.Search:ASIAI0B' with importer (ScriptedImporter : UnityEditor.QuickSearchModule:UnityEditor.Search:ASIAI0B)
Imported 'GUID: 61ab10f4687d1455da6d4845e21f5401' -> (Import Result ID: 'a9c655c8c7a4c44fb18a9fb11574390c') in 0.003 seconds [static and dynamic dependencies]. Details - ImportResultOutputID=b7a8dab0ab2e6c857d8ef6d9738dc7c2 DependenciesID=bdf05b17612db751a2d3e529b566eb81 StaticDependenciesID=9f49bfd512504805fa65df8bf1ae015c 
Number of updated asset objects reloaded before import = 0
Number of asset objects unloaded after import = 0
========================================================================
Received Import Request.
  Time of request: 2026-08-05T18:44:46.1691037Z
  Time since last request: 0.0004588 seconds.
  importAddress: GUID: 560718f79e4b4d8f82e3fd538fc47bae - Path: Packages/com.unity.visualscripting/Runtime/VisualScripting.Core/Utilities/IAnalyticsIdentifiable.cs - Importer: ScriptedImporter/UnityEditor.QuickSearchModule:UnityEditor.Search:ASIAI0B
Importing 'GUID: 560718f79e4b4d8f82e3fd538fc47bae - Path: Packages/com.unity.visualscripting/Runtime/VisualScripting.Core/Utilities/IAnalyticsIdentifiable.cs - Importer: ScriptedImporter/UnityEditor.QuickSearchModule:UnityEditor.Search:ASIAI0B' with importer (ScriptedImporter : UnityEditor.QuickSearchModule:UnityEditor.Search:ASIAI0B)
Imported 'GUID: 560718f79e4b4d8f82e3fd538fc47bae' -> (Import Result ID: 'cf473371f47bfc6fd91a9663afb6412b') in 0.003 seconds [static and dynamic dependencies]. Details - ImportResultOutputID=a1297ee51a397ca5a06da1ee256207bb DependenciesID=bbe991bfb79b4f9d7fb86db5a926321a StaticDependenciesID=624cb0835eb98135fd136fcf6fb5d84c 
Number of updated asset objects reloaded before import = 0
Number of asset objects unloaded after import = 0
========================================================================
Received Import Request.
  Time of request: 2026-08-05T18:44:46.1810756Z
  Time since last request: 0.0002034 seconds.
  importAddress: GUID: 65bae8b9f1bd244b3a27e92af4b23b2a - Path: Packages/com.unity.visualscripting/Runtime/VisualScripting.Core/Serialization/DictionaryAsset.cs - Importer: ScriptedImporter/UnityEditor.QuickSearchModule:UnityEditor.Search:ASIAI0B
Importing 'GUID: 65bae8b9f1bd244b3a27e92af4b23b2a - Path: Packages/com.unity.visualscripting/Runtime/VisualScripting.Core/Serialization/DictionaryAsset.cs - Importer: ScriptedImporter/UnityEditor.QuickSearchModule:UnityEditor.Search:ASIAI0B' with importer (ScriptedImporter : UnityEditor.QuickSearchModule:UnityEditor.Search:ASIAI0B)
Imported 'GUID: 65bae8b9f1bd244b3a27e92af4b23b2a' -> (Import Result ID: '044c2747f201191571475155ead504cd') in 0.002 seconds [static and dynamic dependencies]. Details - ImportResultOutputID=5bea22b68fcefcb033e49185d5400ae3 DependenciesID=a080b9a59ebfae034369c3dac680a7fd StaticDependenciesID=b4147a691f234a2fc3a532a86433594d 
Number of updated asset objects reloaded before import = 0
Number of asset objects unloaded after import = 0
========================================================================
Received Import Request.
  Time of request: 2026-08-05T18:44:46.213886Z
  Time since last request: 0.0242215 seconds.
  importAddress: GUID: bd46e493293084cb4ad0597463418259 - Path: Packages/com.unity.visualscripting/Runtime/VisualScripting.Flow/Ports/ValueOutput.cs - Importer: ScriptedImporter/UnityEditor.QuickSearchModule:UnityEditor.Search:ASIAI0B
Importing 'GUID: bd46e493293084cb4ad0597463418259 - Path: Packages/com.unity.visualscripting/Runtime/VisualScripting.Flow/Ports/ValueOutput.cs - Importer: ScriptedImporter/UnityEditor.QuickSearchModule:UnityEditor.Search:ASIAI0B' with importer (ScriptedImporter : UnityEditor.QuickSearchModule:UnityEditor.Search:ASIAI0B)
Imported 'GUID: bd46e493293084cb4ad0597463418259' -> (Import Result ID: '9b5c59283f4ef3d4de32bd9abd1e943d') in 0.002 seconds [static and dynamic dependencies]. Details - ImportResultOutputID=9b691ca28dbb72aa8ffc32f839ca9d23 DependenciesID=36dbd000dbb6124f2f198e4feb853c6e StaticDependenciesID=eb341ee019b9711f58b49d4a5b22155f 
Number of updated asset objects reloaded before import = 0
Number of asset objects unloaded after import = 0
========================================================================
Received Import Request.
  Time of request: 2026-08-05T18:44:46.2231873Z
  Time since last request: 0.0005323 seconds.
  importAddress: GUID: b71fe733d92c1489cb3c89d5841ea222 - Path: Packages/com.unity.visualscripting/Runtime/VisualScripting.Flow/Connections/ControlConnection.cs - Importer: ScriptedImporter/UnityEditor.QuickSearchModule:UnityEditor.Search:ASIAI0B
Importing 'GUID: b71fe733d92c1489cb3c89d5841ea222 - Path: Packages/com.unity.visualscripting/Runtime/VisualScripting.Flow/Connections/ControlConnection.cs - Importer: ScriptedImporter/UnityEditor.QuickSearchModule:UnityEditor.Search:ASIAI0B' with importer (ScriptedImporter : UnityEditor.QuickSearchModule:UnityEditor.Search:ASIAI0B)
Imported 'GUID: b71fe733d92c1489cb3c89d5841ea222' -> (Import Result ID: '036a776bf98554771951f207e4db9e60') in 0.002 seconds [static and dynamic dependencies]. Details - ImportResultOutputID=cb41f7b0da957388a936cb4f7828c190 DependenciesID=1c4daa4486b53312a6004b5389575435 StaticDependenciesID=3416913e150902b3d5db0ceb735b60d9 
Number of updated asset objects reloaded before import = 0
Number of asset objects unloaded after import = 0
========================================================================
Received Import Request.
  Time of request: 2026-08-05T18:44:46.2339478Z
  Time since last request: 0.0002807 seconds.
  importAddress: GUID: b2a4736f47f7048e0babf1936b9f5ced - Path: Packages/com.unity.visualscripting/Runtime/VisualScripting.Flow/EditorBinding/SpecialUnitAttribute.cs - Importer: ScriptedImporter/UnityEditor.QuickSearchModule:UnityEditor.Search:ASIAI0B
Importing 'GUID: b2a4736f47f7048e0babf1936b9f5ced - Path: Packages/com.unity.visualscripting/Runtime/VisualScripting.Flow/EditorBinding/SpecialUnitAttribute.cs - Importer: ScriptedImporter/UnityEditor.QuickSearchModule:UnityEditor.Search:ASIAI0B' with importer (ScriptedImporter : UnityEditor.QuickSearchModule:UnityEditor.Search:ASIAI0B)
Imported 'GUID: b2a4736f47f7048e0babf1936b9f5ced' -> (Import Result ID: '00ca69b85dd5665cd19dc0288ab13376') in 0.003 seconds [static and dynamic dependencies]. Details - ImportResultOutputID=5c2b18d642d6b0d1b8eb7f902cdabef1 DependenciesID=d1742c007939f39f52766d34cb0f0627 StaticDependenciesID=dd24001b813e17720cb03821e7c907c4 
Number of updated asset objects reloaded before import = 0
Number of asset objects unloaded after import = 0
========================================================================
Received Import Request.
  Time of request: 2026-08-05T18:44:46.245989Z
  Time since last request: 0.0002895 seconds.
  importAddress: GUID: a39236760eb3241dc88963aa8d68aeb3 - Path: Packages/com.unity.visualscripting/Runtime/VisualScripting.Flow/Ports/IUnitOutputPort.cs - Importer: ScriptedImporter/UnityEditor.QuickSearchModule:UnityEditor.Search:ASIAI0B
Importing 'GUID: a39236760eb3241dc88963aa8d68aeb3 - Path: Packages/com.unity.visualscripting/Runtime/VisualScripting.Flow/Ports/IUnitOutputPort.cs - Importer: ScriptedImporter/UnityEditor.QuickSearchModule:UnityEditor.Search:ASIAI0B' with importer (ScriptedImporter : UnityEditor.QuickSearchModule:UnityEditor.Search:ASIAI0B)
Imported 'GUID: a39236760eb3241dc88963aa8d68aeb3' -> (Import Result ID: '51e23eddd3272ba5951925d3e047b554') in 0.002 seconds [static and dynamic dependencies]. Details - ImportResultOutputID=f0360d1afa9964528552c03560665488 DependenciesID=0091e537f8de1740ca4e9bf3ebf2ca17 StaticDependenciesID=93b57b33208a9674202eb073c49c613d 
Number of updated asset objects reloaded before import = 0
Number of asset objects unloaded after import = 0
========================================================================
Received Import Request.
  Time of request: 2026-08-05T18:44:46.2564168Z
  Time since last request: 0.0002396 seconds.
  importAddress: GUID: 16a80cb1a31174f2aa9956fa9ec786da - Path: Packages/com.unity.visualscripting/Runtime/VisualScripting.Flow/Ports/ControlInputDefinition.cs - Importer: ScriptedImporter/UnityEditor.QuickSearchModule:UnityEditor.Search:ASIAI0B
Importing 'GUID: 16a80cb1a31174f2aa9956fa9ec786da - Path: Packages/com.unity.visualscripting/Runtime/VisualScripting.Flow/Ports/ControlInputDefinition.cs - Importer: ScriptedImporter/UnityEditor.QuickSearchModule:UnityEditor.Search:ASIAI0B' with importer (ScriptedImporter : UnityEditor.QuickSearchModule:UnityEditor.Search:ASIAI0B)
Imported 'GUID: 16a80cb1a31174f2aa9956fa9ec786da' -> (Import Result ID: '156e55716b5c77d6eda0e855198de7ee') in 0.003 seconds [static and dynamic dependencies]. Details - ImportResultOutputID=56cef0812e65228c43696f55067c1523 DependenciesID=9fb1f1c8ee3ce14c84bca93929287171 StaticDependenciesID=442ce1c45e4c25063fa24c211db4d372 
Number of updated asset objects reloaded before import = 0
Number of asset objects unloaded after import = 0
========================================================================
Received Import Request.
  Time of request: 2026-08-05T18:44:46.2681457Z
  Time since last request: 0.0002826 seconds.
  importAddress: GUID: bbd0ae7801d694a1990062998bcdb7fe - Path: Packages/com.unity.visualscripting/Runtime/VisualScripting.Core/Variables/VariableKind.cs - Importer: ScriptedImporter/UnityEditor.QuickSearchModule:UnityEditor.Search:ASIAI0B
Importing 'GUID: bbd0ae7801d694a1990062998bcdb7fe - Path: Packages/com.unity.visualscripting/Runtime/VisualScripting.Core/Variables/VariableKind.cs - Importer: ScriptedImporter/UnityEditor.QuickSearchModule:UnityEditor.Search:ASIAI0B' with importer (ScriptedImporter : UnityEditor.QuickSearchModule:UnityEditor.Search:ASIAI0B)
Imported 'GUID: bbd0ae7801d694a1990062998bcdb7fe' -> (Import Result ID: '71580ac8b494d40a9185a392a92dcec2') in 0.002 seconds [static and dynamic dependencies]. Details - ImportResultOutputID=5b072cfd13741221ffda65e8e675a844 DependenciesID=9f259998e123719adfe9f5457c91eba4 StaticDependenciesID=490b8985b879340b2b5db97d1bcaae07 
Number of updated asset objects reloaded before import = 0
Number of asset objects unloaded after import = 0
========================================================================
Received Import Request.
  Time of request: 2026-08-05T18:44:46.2769371Z
  Time since last request: 0.0002629 seconds.
  importAddress: GUID: e96c49c96157144efb11143ae1ccb054 - Path: Packages/com.unity.visualscripting/Runtime/VisualScripting.Flow/Ports/IUnitInputPort.cs - Importer: ScriptedImporter/UnityEditor.QuickSearchModule:UnityEditor.Search:ASIAI0B
Importing 'GUID: e96c49c96157144efb11143ae1ccb054 - Path: Packages/com.unity.visualscripting/Runtime/VisualScripting.Flow/Ports/IUnitInputPort.cs - Importer: ScriptedImporter/UnityEditor.QuickSearchModule:UnityEditor.Search:ASIAI0B' with importer (ScriptedImporter : UnityEditor.QuickSearchModule:UnityEditor.Search:ASIAI0B)
Imported 'GUID: e96c49c96157144efb11143ae1ccb054' -> (Import Result ID: 'f4fe6dc8ace3a22fc8255de44e9476b4') in 0.003 seconds [static and dynamic dependencies]. Details - ImportResultOutputID=9a7d17a18632d81648902f7a8f04110d DependenciesID=142afac6275f849876a98369e7e1b2d4 StaticDependenciesID=d8a5bbd46244d8faece60bc8ade40b00 
Number of updated asset objects reloaded before import = 0
Number of asset objects unloaded after import = 0
========================================================================
Received Import Request.
  Time of request: 2026-08-05T18:44:46.287366Z
  Time since last request: 0.0002619 seconds.
  importAddress: GUID: 1a8cc9b6e18b84c82a16ca1d5ae11643 - Path: Packages/com.unity.visualscripting/Runtime/VisualScripting.Flow/Connections/UnitConnection.cs - Importer: ScriptedImporter/UnityEditor.QuickSearchModule:UnityEditor.Search:ASIAI0B
Importing 'GUID: 1a8cc9b6e18b84c82a16ca1d5ae11643 - Path: Packages/com.unity.visualscripting/Runtime/VisualScripting.Flow/Connections/UnitConnection.cs - Importer: ScriptedImporter/UnityEditor.QuickSearchModule:UnityEditor.Search:ASIAI0B' with importer (ScriptedImporter : UnityEditor.QuickSearchModule:UnityEditor.Search:ASIAI0B)
Imported 'GUID: 1a8cc9b6e18b84c82a16ca1d5ae11643' -> (Import Result ID: '07af533202a64e81743061d9f7d362b9') in 0.002 seconds [static and dynamic dependencies]. Details - ImportResultOutputID=3f327ab73ec8554f708e115d514989da DependenciesID=ad9297580810f9d3c0f1044fe13d0a92 StaticDependenciesID=b9b1578501e608c84f09257acfe783ee 
Number of updated asset objects reloaded before import = 0
Number of asset objects unloaded after import = 0
========================================================================
Received Import Request.
  Time of request: 2026-08-05T18:44:46.2969891Z
  Time since last request: 0.0002743 seconds.
  importAddress: GUID: 5b33449365cf844e986fad5c887be657 - Path: Packages/com.unity.visualscripting/Runtime/VisualScripting.Flow/Connections/UnitConnectionDebugData.cs - Importer: ScriptedImporter/UnityEditor.QuickSearchModule:UnityEditor.Search:ASIAI0B
Importing 'GUID: 5b33449365cf844e986fad5c887be657 - Path: Packages/com.unity.visualscripting/Runtime/VisualScripting.Flow/Connections/UnitConnectionDebugData.cs - Importer: ScriptedImporter/UnityEditor.QuickSearchModule:UnityEditor.Search:ASIAI0B' with importer (ScriptedImporter : UnityEditor.QuickSearchModule:UnityEditor.Search:ASIAI0B)
Imported 'GUID: 5b33449365cf844e986fad5c887be657' -> (Import Result ID: '38c9e06d2d74c1a2c1b82ac7db0b444c') in 0.002 seconds [static and dynamic dependencies]. Details - ImportResultOutputID=fa13f342cc9048cdb9ec9291245d6ae4 DependenciesID=08b86140dce60176c6afb5698d00b942 StaticDependenciesID=7c352902c6be9d6bb3830cfd9f816748 
Number of updated asset objects reloaded before import = 0
Number of asset objects unloaded after import = 0
========================================================================
Received Import Request.
  Time of request: 2026-08-05T18:44:46.3128636Z
  Time since last request: 0.0053513 seconds.
  importAddress: GUID: c45290b12ef2e4d268159fe2820d1c43 - Path: Packages/com.unity.visualscripting/Editor/VisualScripting.Core/Inspection/Primitives/UintInspector.cs - Importer: ScriptedImporter/UnityEditor.QuickSearchModule:UnityEditor.Search:ASIAI0B
Importing 'GUID: c45290b12ef2e4d268159fe2820d1c43 - Path: Packages/com.unity.visualscripting/Editor/VisualScripting.Core/Inspection/Primitives/UintInspector.cs - Importer: ScriptedImporter/UnityEditor.QuickSearchModule:UnityEditor.Search:ASIAI0B' with importer (ScriptedImporter : UnityEditor.QuickSearchModule:UnityEditor.Search:ASIAI0B)
Imported 'GUID: c45290b12ef2e4d268159fe2820d1c43' -> (Import Result ID: '3b0aa6ea6713900363bd4191d447529d') in 0.003 seconds [static and dynamic dependencies]. Details - ImportResultOutputID=cea50691b522e99f9b6f0729a81fa0dc DependenciesID=5c6b4402be603c3aeb927bbf54c1ebd9 StaticDependenciesID=3c2f419e7ef4ce096d7faa65a7e3b88b 
Number of updated asset objects reloaded before import = 0
Number of asset objects unloaded after import = 0
========================================================================
Received Import Request.
  Time of request: 2026-08-05T18:44:46.3230322Z
  Time since last request: 0.0008837 seconds.
  importAddress: GUID: 0e1f82045b2644ac48cf04e03d05cb97 - Path: Packages/com.unity.visualscripting/Editor/VisualScripting.Core/Inspection/Primitives/DiscreteNumberInspector.cs - Importer: ScriptedImporter/UnityEditor.QuickSearchModule:UnityEditor.Search:ASIAI0B
Importing 'GUID: 0e1f82045b2644ac48cf04e03d05cb97 - Path: Packages/com.unity.visualscripting/Editor/VisualScripting.Core/Inspection/Primitives/DiscreteNumberInspector.cs - Importer: ScriptedImporter/UnityEditor.QuickSearchModule:UnityEditor.Search:ASIAI0B' with importer (ScriptedImporter : UnityEditor.QuickSearchModule:UnityEditor.Search:ASIAI0B)
Imported 'GUID: 0e1f82045b2644ac48cf04e03d05cb97' -> (Import Result ID: '7d5ebec6b6f6d692fa228e9c35828e2a') in 0.002 seconds [static and dynamic dependencies]. Details - ImportResultOutputID=90fc9fea56943e42fa9f0ff67d672b9f DependenciesID=8beb28646e3f8a7aa91ae9650c909279 StaticDependenciesID=d0851a8036029050e6d4c89d62c629f6 
Number of updated asset objects reloaded before import = 0
Number of asset objects unloaded after import = 0
========================================================================
Received Import Request.
  Time of request: 2026-08-05T18:44:46.3329537Z
  Time since last request: 0.0002681 seconds.
  importAddress: GUID: 74f59e13dc547459883874f9cc5e5953 - Path: Packages/com.unity.visualscripting/Editor/VisualScripting.Core/Inspection/Unity/AnimationCurveInspector.cs - Importer: ScriptedImporter/UnityEditor.QuickSearchModule:UnityEditor.Search:ASIAI0B
Importing 'GUID: 74f59e13dc547459883874f9cc5e5953 - Path: Packages/com.unity.visualscripting/Editor/VisualScripting.Core/Inspection/Unity/AnimationCurveInspector.cs - Importer: ScriptedImporter/UnityEditor.QuickSearchModule:UnityEditor.Search:ASIAI0B' with importer (ScriptedImporter : UnityEditor.QuickSearchModule:UnityEditor.Search:ASIAI0B)
Imported 'GUID: 74f59e13dc547459883874f9cc5e5953' -> (Import Result ID: '61af0215be7a54fd78ad2c934a60a141') in 0.002 seconds [static and dynamic dependencies]. Details - ImportResultOutputID=8360f29c6b469295a5a377101bd4b739 DependenciesID=88a9fd87b8a582685d49f09ac4e92530 StaticDependenciesID=4cd3fd87e88a793fcce92fa7f5aaf9c1 
Number of updated asset objects reloaded before import = 0
Number of asset objects unloaded after import = 0
========================================================================
Received Import Request.
  Time of request: 2026-08-05T18:44:46.3429997Z
  Time since last request: 0.0002494 seconds.
  importAddress: GUID: 7c923b42c33844452b9ccf75ee4e88ea - Path: Packages/com.unity.visualscripting/Editor/VisualScripting.Core/Inspection/Root/LudiqRootObjectEditor.cs - Importer: ScriptedImporter/UnityEditor.QuickSearchModule:UnityEditor.Search:ASIAI0B
Importing 'GUID: 7c923b42c33844452b9ccf75ee4e88ea - Path: Packages/com.unity.visualscripting/Editor/VisualScripting.Core/Inspection/Root/LudiqRootObjectEditor.cs - Importer: ScriptedImporter/UnityEditor.QuickSearchModule:UnityEditor.Search:ASIAI0B' with importer (ScriptedImporter : UnityEditor.QuickSearchModule:UnityEditor.Search:ASIAI0B)
Imported 'GUID: 7c923b42c33844452b9ccf75ee4e88ea' -> (Import Result ID: '2207d75e2d65c8b10080648a9fd12c36') in 0.003 seconds [static and dynamic dependencies]. Details - ImportResultOutputID=b57454b7237f6959c5ca74625e6541bb DependenciesID=61d5f4c56abb9a3249a3c4ab9fa8ad55 StaticDependenciesID=6b7578445f7ef36b6839ddeff709f00e 
Number of updated asset objects reloaded before import = 0
Number of asset objects unloaded after import = 0
========================================================================
Received Import Request.
  Time of request: 2026-08-05T18:44:46.3539467Z
  Time since last request: 0.0002723 seconds.
  importAddress: GUID: 51ae77a92c68947a9ba12e546993c0de - Path: Packages/com.unity.visualscripting/Editor/VisualScripting.Core/Inspection/Unity/RayInspector.cs - Importer: ScriptedImporter/UnityEditor.QuickSearchModule:UnityEditor.Search:ASIAI0B
Importing 'GUID: 51ae77a92c68947a9ba12e546993c0de - Path: Packages/com.unity.visualscripting/Editor/VisualScripting.Core/Inspection/Unity/RayInspector.cs - Importer: ScriptedImporter/UnityEditor.QuickSearchModule:UnityEditor.Search:ASIAI0B' with importer (ScriptedImporter : UnityEditor.QuickSearchModule:UnityEditor.Search:ASIAI0B)
Imported 'GUID: 51ae77a92c68947a9ba12e546993c0de' -> (Import Result ID: 'ee3f573445b76d5a8793e31852a6e2ec') in 0.002 seconds [static and dynamic dependencies]. Details - ImportResultOutputID=319dc8da8774b773533e806d795ca7c2 DependenciesID=66b74e45e550050c73b31aff499a21d0 StaticDependenciesID=9ede21ae5e6a18f365e4d3aff2e926bc 
Number of updated asset objects reloaded before import = 0
Number of asset objects unloaded after import = 0
========================================================================
Received Import Request.
  Time of request: 2026-08-05T18:44:46.3629003Z
  Time since last request: 0.0002442 seconds.
  importAddress: GUID: 885cfbf5600174e6dadfddfb7ff337c4 - Path: Packages/com.unity.visualscripting/Editor/VisualScripting.Core/Inspection/Other/SemanticVersionInspector.cs - Importer: ScriptedImporter/UnityEditor.QuickSearchModule:UnityEditor.Search:ASIAI0B
Importing 'GUID: 885cfbf5600174e6dadfddfb7ff337c4 - Path: Packages/com.unity.visualscripting/Editor/VisualScripting.Core/Inspection/Other/SemanticVersionInspector.cs - Importer: ScriptedImporter/UnityEditor.QuickSearchModule:UnityEditor.Search:ASIAI0B' with importer (ScriptedImporter : UnityEditor.QuickSearchModule:UnityEditor.Search:ASIAI0B)
Imported 'GUID: 885cfbf5600174e6dadfddfb7ff337c4' -> (Import Result ID: '36a1da6c892183db8c5326b073f67a39') in 0.003 seconds [static and dynamic dependencies]. Details - ImportResultOutputID=6482c389d4ffa42bee4e97e1e7197ecb DependenciesID=6597ea58c2d2dfaa7364b2a20170153b StaticDependenciesID=881c91be1b4fbca635003a535459f0c3 
Number of updated asset objects reloaded before import = 0
Number of asset objects unloaded after import = 0
========================================================================
Received Import Request.
  Time of request: 2026-08-05T18:44:46.3743355Z
  Time since last request: 0.0002852 seconds.
  importAddress: GUID: bd6195d27d44d4155bb466f907b2c5f2 - Path: Packages/com.unity.visualscripting/Editor/VisualScripting.Core/Inspection/Unity/Ray2DInspector.cs - Importer: ScriptedImporter/UnityEditor.QuickSearchModule:UnityEditor.Search:ASIAI0B
Importing 'GUID: bd6195d27d44d4155bb466f907b2c5f2 - Path: Packages/com.unity.visualscripting/Editor/VisualScripting.Core/Inspection/Unity/Ray2DInspector.cs - Importer: ScriptedImporter/UnityEditor.QuickSearchModule:UnityEditor.Search:ASIAI0B' with importer (ScriptedImporter : UnityEditor.QuickSearchModule:UnityEditor.Search:ASIAI0B)
Imported 'GUID: bd6195d27d44d4155bb466f907b2c5f2' -> (Import Result ID: 'b47d4f11780ced18ff5711cc3c02600c') in 0.002 seconds [static and dynamic dependencies]. Details - ImportResultOutputID=2a192095abc31b2694eefcc67195d540 DependenciesID=47b0d11cb9d22ce3f82657b3cce1a0a8 StaticDependenciesID=eacef61efc098d71ee8277fac9db15d0 
Number of updated asset objects reloaded before import = 0
Number of asset objects unloaded after import = 0
========================================================================
Received Import Request.
  Time of request: 2026-08-05T18:44:46.3837128Z
  Time since last request: 0.0002427 seconds.
  importAddress: GUID: d5df715e0fb304b9088d02ee6d704bab - Path: Packages/com.unity.visualscripting/Editor/VisualScripting.Core/Inspection/Root/LudiqBehaviourEditor.cs - Importer: ScriptedImporter/UnityEditor.QuickSearchModule:UnityEditor.Search:ASIAI0B
Importing 'GUID: d5df715e0fb304b9088d02ee6d704bab - Path: Packages/com.unity.visualscripting/Editor/VisualScripting.Core/Inspection/Root/LudiqBehaviourEditor.cs - Importer: ScriptedImporter/UnityEditor.QuickSearchModule:UnityEditor.Search:ASIAI0B' with importer (ScriptedImporter : UnityEditor.QuickSearchModule:UnityEditor.Search:ASIAI0B)
Imported 'GUID: d5df715e0fb304b9088d02ee6d704bab' -> (Import Result ID: '62329778ed6609d46b864b848c62e8d8') in 0.002 seconds [static and dynamic dependencies]. Details - ImportResultOutputID=21ff18bd09baeefe2a6a7d6780f4f635 DependenciesID=bc8fe36287c32fd386982da639d87903 StaticDependenciesID=d41cd7c93b9db84fd5b1830495c6a3ca 
Number of updated asset objects reloaded before import = 0
Number of asset objects unloaded after import = 0
========================================================================
Received Import Request.
  Time of request: 2026-08-05T18:44:46.392931Z
  Time since last request: 0.0003616 seconds.
  importAddress: GUID: 1acf9999a7dee47d58842290fc6ac7bb - Path: Packages/com.unity.visualscripting/Editor/VisualScripting.Core/Inspection/Special/ListInspector.cs - Importer: ScriptedImporter/UnityEditor.QuickSearchModule:UnityEditor.Search:ASIAI0B
Importing 'GUID: 1acf9999a7dee47d58842290fc6ac7bb - Path: Packages/com.unity.visualscripting/Editor/VisualScripting.Core/Inspection/Special/ListInspector.cs - Importer: ScriptedImporter/UnityEditor.QuickSearchModule:UnityEditor.Search:ASIAI0B' with importer (ScriptedImporter : UnityEditor.QuickSearchModule:UnityEditor.Search:ASIAI0B)
Imported 'GUID: 1acf9999a7dee47d58842290fc6ac7bb' -> (Import Result ID: '40fb16fb8df9b6406e008ae2b234e862') in 0.002 seconds [static and dynamic dependencies]. Details - ImportResultOutputID=7aaa3e2dbbc29aa47ac964f530138ea1 DependenciesID=3e6d2bdb57b9557c5ac56e9b7221b21a StaticDependenciesID=ef763a5e097a48370cfe126a018a193a 
Number of updated asset objects reloaded before import = 0
Number of asset objects unloaded after import = 0
========================================================================
Received Import Request.
  Time of request: 2026-08-05T18:44:46.4020216Z
  Time since last request: 0.0002447 seconds.
  importAddress: GUID: 2ca4b2a4ba6574f53918c97ff1b4c1bb - Path: Packages/com.unity.visualscripting/Editor/VisualScripting.Core/Inspection/Special/KeyValuePairInspector.cs - Importer: ScriptedImporter/UnityEditor.QuickSearchModule:UnityEditor.Search:ASIAI0B
Importing 'GUID: 2ca4b2a4ba6574f53918c97ff1b4c1bb - Path: Packages/com.unity.visualscripting/Editor/VisualScripting.Core/Inspection/Special/KeyValuePairInspector.cs - Importer: ScriptedImporter/UnityEditor.QuickSearchModule:UnityEditor.Search:ASIAI0B' with importer (ScriptedImporter : UnityEditor.QuickSearchModule:UnityEditor.Search:ASIAI0B)
Imported 'GUID: 2ca4b2a4ba6574f53918c97ff1b4c1bb' -> (Import Result ID: '5d0bd6156ddc350e2e49a8b0069398ab') in 0.002 seconds [static and dynamic dependencies]. Details - ImportResultOutputID=7cf280748307c43fc5d9ca279e87e8e3 DependenciesID=8d586a821454fd1e96d12cb2064baeee StaticDependenciesID=b87fbaed87d2484900245bd8fec4764d 
Number of updated asset objects reloaded before import = 0
Number of asset objects unloaded after import = 0
========================================================================
Received Import Request.
  Time of request: 2026-08-05T18:44:46.4299379Z
  Time since last request: 0.0179212 seconds.
  importAddress: GUID: 3f726bd2f7c574daaa892c355a512a27 - Path: Packages/com.unity.visualscripting/Editor/VisualScripting.Core/Inspection/Unity/Vector2Inspector.cs - Importer: ScriptedImporter/UnityEditor.QuickSearchModule:UnityEditor.Search:ASIAI0B
Importing 'GUID: 3f726bd2f7c574daaa892c355a512a27 - Path: Packages/com.unity.visualscripting/Editor/VisualScripting.Core/Inspection/Unity/Vector2Inspector.cs - Importer: ScriptedImporter/UnityEditor.QuickSearchModule:UnityEditor.Search:ASIAI0B' with importer (ScriptedImporter : UnityEditor.QuickSearchModule:UnityEditor.Search:ASIAI0B)
Imported 'GUID: 3f726bd2f7c574daaa892c355a512a27' -> (Import Result ID: 'ba39e32ac8461f65c2a590fb012e29ee') in 0.002 seconds [static and dynamic dependencies]. Details - ImportResultOutputID=6f9b9c65a4a0b93048d3d3844b01fe8d DependenciesID=62ed9c6c97abec2ae9deb89fff5cdcf5 StaticDependenciesID=80ce377b5064f577ddc74ebdfcbd8a85 
Number of updated asset objects reloaded before import = 0
Number of asset objects unloaded after import = 0
========================================================================
Received Import Request.
  Time of request: 2026-08-05T18:44:46.4397878Z
  Time since last request: 0.0007859 seconds.
  importAddress: GUID: 2ed16725e340b4df2b34729d800f140c - Path: Packages/com.unity.visualscripting/Editor/VisualScripting.Core/Plugin/Migrations/Migration_1_4_5_to_1_4_6.cs - Importer: ScriptedImporter/UnityEditor.QuickSearchModule:UnityEditor.Search:ASIAI0B
Importing 'GUID: 2ed16725e340b4df2b34729d800f140c - Path: Packages/com.unity.visualscripting/Editor/VisualScripting.Core/Plugin/Migrations/Migration_1_4_5_to_1_4_6.cs - Importer: ScriptedImporter/UnityEditor.QuickSearchModule:UnityEditor.Search:ASIAI0B' with importer (ScriptedImporter : UnityEditor.QuickSearchModule:UnityEditor.Search:ASIAI0B)
Imported 'GUID: 2ed16725e340b4df2b34729d800f140c' -> (Import Result ID: '221aff2bdad270fd6d029e625b155d75') in 0.002 seconds [static and dynamic dependencies]. Details - ImportResultOutputID=ed445b1e87c0ed716051ef55360cbbff DependenciesID=3573e4230c8cb7614dee357658a63066 StaticDependenciesID=2546c090578f156b75500c198f5589b4 
Number of updated asset objects reloaded before import = 0
Number of asset objects unloaded after import = 0
========================================================================
Received Import Request.
  Time of request: 2026-08-05T18:44:46.4494426Z
  Time since last request: 0.0004037 seconds.
  importAddress: GUID: 99bbaf493792745ccb2ac5f33bc21207 - Path: Packages/com.unity.visualscripting/Editor/VisualScripting.Core/Plugin/Changelogs/Changelog_1_0_0.cs - Importer: ScriptedImporter/UnityEditor.QuickSearchModule:UnityEditor.Search:ASIAI0B
Importing 'GUID: 99bbaf493792745ccb2ac5f33bc21207 - Path: Packages/com.unity.visualscripting/Editor/VisualScripting.Core/Plugin/Changelogs/Changelog_1_0_0.cs - Importer: ScriptedImporter/UnityEditor.QuickSearchModule:UnityEditor.Search:ASIAI0B' with importer (ScriptedImporter : UnityEditor.QuickSearchModule:UnityEditor.Search:ASIAI0B)
Imported 'GUID: 99bbaf493792745ccb2ac5f33bc21207' -> (Import Result ID: 'a807340a4da8f0f856161b84953bbdbb') in 0.003 seconds [static and dynamic dependencies]. Details - ImportResultOutputID=755f82f8c302cbe89701a9c07f6f968e DependenciesID=b1034e31f9fe3c671cc4f8f97306ebd3 StaticDependenciesID=abd22f2fa44143cdfd8a11680802bfd2 
Number of updated asset objects reloaded before import = 0
Number of asset objects unloaded after import = 0
========================================================================
Received Import Request.
  Time of request: 2026-08-05T18:44:46.4597133Z
  Time since last request: 0.0003546 seconds.
  importAddress: GUID: 2a1637d16991642fcb1c4671998648c0 - Path: Packages/com.unity.visualscripting/Editor/VisualScripting.Core/Interface/Colors/SkinnedColor.cs - Importer: ScriptedImporter/UnityEditor.QuickSearchModule:UnityEditor.Search:ASIAI0B
Importing 'GUID: 2a1637d16991642fcb1c4671998648c0 - Path: Packages/com.unity.visualscripting/Editor/VisualScripting.Core/Interface/Colors/SkinnedColor.cs - Importer: ScriptedImporter/UnityEditor.QuickSearchModule:UnityEditor.Search:ASIAI0B' with importer (ScriptedImporter : UnityEditor.QuickSearchModule:UnityEditor.Search:ASIAI0B)
Imported 'GUID: 2a1637d16991642fcb1c4671998648c0' -> (Import Result ID: '8af34245b77490501c2363b2da514c1e') in 0.002 seconds [static and dynamic dependencies]. Details - ImportResultOutputID=bab062880e8efa17569afe1c5cce1a34 DependenciesID=943a54a24d93d7df60ee08af52ee5186 StaticDependenciesID=69ebaac65e79a505745c02a39b582b7b 
Number of updated asset objects reloaded before import = 0
Number of asset objects unloaded after import = 0
========================================================================
Received Import Request.
  Time of request: 2026-08-05T18:44:46.4709522Z
  Time since last request: 0.0004041 seconds.
  importAddress: GUID: 257d9f4243b3b43a8a2d678dec96937e - Path: Packages/com.unity.visualscripting/Editor/VisualScripting.Core/Interface/Licenses/License.MSPL.cs - Importer: ScriptedImporter/UnityEditor.QuickSearchModule:UnityEditor.Search:ASIAI0B
Importing 'GUID: 257d9f4243b3b43a8a2d678dec96937e - Path: Packages/com.unity.visualscripting/Editor/VisualScripting.Core/Interface/Licenses/License.MSPL.cs - Importer: ScriptedImporter/UnityEditor.QuickSearchModule:UnityEditor.Search:ASIAI0B' with importer (ScriptedImporter : UnityEditor.QuickSearchModule:UnityEditor.Search:ASIAI0B)
Imported 'GUID: 257d9f4243b3b43a8a2d678dec96937e' -> (Import Result ID: '9cb9e6a051e5dfb1df7ba2536a19a6cf') in 0.002 seconds [static and dynamic dependencies]. Details - ImportResultOutputID=be121213206753fecc2ed225d31f7a6e DependenciesID=1eb76c23f2c51216c47085466a4dcba1 StaticDependenciesID=569ac87a706af99355d38f9b21f4f858 
Number of updated asset objects reloaded before import = 0
Number of asset objects unloaded after import = 0
========================================================================
Received Import Request.
  Time of request: 2026-08-05T18:44:46.4806902Z
  Time since last request: 0.0003688 seconds.
  importAddress: GUID: 517cc16f7020f48b2a925cb55711399a - Path: Packages/com.unity.visualscripting/Editor/VisualScripting.Core/Interface/DragAndDrop/DragAndDropUtility.cs - Importer: ScriptedImporter/UnityEditor.QuickSearchModule:UnityEditor.Search:ASIAI0B
Importing 'GUID: 517cc16f7020f48b2a925cb55711399a - Path: Packages/com.unity.visualscripting/Editor/VisualScripting.Core/Interface/DragAndDrop/DragAndDropUtility.cs - Importer: ScriptedImporter/UnityEditor.QuickSearchModule:UnityEditor.Search:ASIAI0B' with importer (ScriptedImporter : UnityEditor.QuickSearchModule:UnityEditor.Search:ASIAI0B)
Imported 'GUID: 517cc16f7020f48b2a925cb55711399a' -> (Import Result ID: 'ba85f377661dbbfd446f0f66294ada99') in 0.002 seconds [static and dynamic dependencies]. Details - ImportResultOutputID=15636c5e5c5536fb98cad311fb930b98 DependenciesID=8a12439ef4ac3532a4f80708712339e2 StaticDependenciesID=89db204dfdaf6e44c5e3564ae13c4f42 
Number of updated asset objects reloaded before import = 0
Number of asset objects unloaded after import = 0
========================================================================
Received Import Request.
  Time of request: 2026-08-05T18:44:46.4899234Z
  Time since last request: 0.0002738 seconds.
  importAddress: GUID: ec236f0d9536146dba19cb130b551bb5 - Path: Packages/com.unity.visualscripting/Editor/VisualScripting.Core/Interface/Dropdowns/IDropdownOption.cs - Importer: ScriptedImporter/UnityEditor.QuickSearchModule:UnityEditor.Search:ASIAI0B
Importing 'GUID: ec236f0d9536146dba19cb130b551bb5 - Path: Packages/com.unity.visualscripting/Editor/VisualScripting.Core/Interface/Dropdowns/IDropdownOption.cs - Importer: ScriptedImporter/UnityEditor.QuickSearchModule:UnityEditor.Search:ASIAI0B' with importer (ScriptedImporter : UnityEditor.QuickSearchModule:UnityEditor.Search:ASIAI0B)
Imported 'GUID: ec236f0d9536146dba19cb130b551bb5' -> (Import Result ID: 'ad3eb0563d119289ba162609875c841c') in 0.002 seconds [static and dynamic dependencies]. Details - ImportResultOutputID=c8580cb099fcf5882462b5b0bb02ac26 DependenciesID=66080de61c246bf46d3b769658296ea2 StaticDependenciesID=86c8f25b4b8fffa49f45ca01fcd5f537 
Number of updated asset objects reloaded before import = 0
Number of asset objects unloaded after import = 0
========================================================================
Received Import Request.
  Time of request: 2026-08-05T18:44:46.5006652Z
  Time since last request: 0.0005111 seconds.
  importAddress: GUID: 3345fc851c3eb411bb87019c780d36b9 - Path: Packages/com.unity.visualscripting/Editor/VisualScripting.Core/Interface/Fuzzy/NullOption.cs - Importer: ScriptedImporter/UnityEditor.QuickSearchModule:UnityEditor.Search:ASIAI0B
Importing 'GUID: 3345fc851c3eb411bb87019c780d36b9 - Path: Packages/com.unity.visualscripting/Editor/VisualScripting.Core/Interface/Fuzzy/NullOption.cs - Importer: ScriptedImporter/UnityEditor.QuickSearchModule:UnityEditor.Search:ASIAI0B' with importer (ScriptedImporter : UnityEditor.QuickSearchModule:UnityEditor.Search:ASIAI0B)
Imported 'GUID: 3345fc851c3eb411bb87019c780d36b9' -> (Import Result ID: '167d26d241a334f5cc99b98395a51d71') in 0.002 seconds [static and dynamic dependencies]. Details - ImportResultOutputID=23fef445e3b76ca42ac2bc4aef251c74 DependenciesID=efd307eae76cb0c89f5ac989361f9bcb StaticDependenciesID=c1ddf36ccaa390c7b42f7044988d9984 
Number of updated asset objects reloaded before import = 0
Number of asset objects unloaded after import = 0
========================================================================
Received Import Request.
  Time of request: 2026-08-05T18:44:46.5118824Z
  Time since last request: 0.0003665 seconds.
  importAddress: GUID: 1cbd8cf275cae431fb5476c54964fdc6 - Path: Packages/com.unity.visualscripting/Editor/VisualScripting.Core/Interface/Fuzzy/FuzzyOptionTreeExtensionProvider.cs - Importer: ScriptedImporter/UnityEditor.QuickSearchModule:UnityEditor.Search:ASIAI0B
Importing 'GUID: 1cbd8cf275cae431fb5476c54964fdc6 - Path: Packages/com.unity.visualscripting/Editor/VisualScripting.Core/Interface/Fuzzy/FuzzyOptionTreeExtensionProvider.cs - Importer: ScriptedImporter/UnityEditor.QuickSearchModule:UnityEditor.Search:ASIAI0B' with importer (ScriptedImporter : UnityEditor.QuickSearchModule:UnityEditor.Search:ASIAI0B)
Imported 'GUID: 1cbd8cf275cae431fb5476c54964fdc6' -> (Import Result ID: 'cd4f97dfcc576228dd3e3f139aef0bf1') in 0.003 seconds [static and dynamic dependencies]. Details - ImportResultOutputID=9ac26fd81709bd99d343f453cdae4a8c DependenciesID=bcabbcde40bcdd71bda0beeb5dbbcaa1 StaticDependenciesID=4211b09d6c85692a9cdb54402004f9c3 
Number of updated asset objects reloaded before import = 0
Number of asset objects unloaded after import = 0
========================================================================
Received Import Request.
  Time of request: 2026-08-05T18:44:46.5424Z
  Time since last request: 0.0198294 seconds.
  importAddress: GUID: 8860fae1979174c008fe0d7a3e525089 - Path: Packages/com.unity.visualscripting/Editor/VisualScripting.Flow/Framework/Codebase/LiteralDescriptor.cs - Importer: ScriptedImporter/UnityEditor.QuickSearchModule:UnityEditor.Search:ASIAI0B
Importing 'GUID: 8860fae1979174c008fe0d7a3e525089 - Path: Packages/com.unity.visualscripting/Editor/VisualScripting.Flow/Framework/Codebase/LiteralDescriptor.cs - Importer: ScriptedImporter/UnityEditor.QuickSearchModule:UnityEditor.Search:ASIAI0B' with importer (ScriptedImporter : UnityEditor.QuickSearchModule:UnityEditor.Search:ASIAI0B)
Imported 'GUID: 8860fae1979174c008fe0d7a3e525089' -> (Import Result ID: '95d1de65c91f0e2f2b22a6c9ce46bf68') in 0.003 seconds [static and dynamic dependencies]. Details - ImportResultOutputID=59ea81bac3bd5d4dee9f57629a246eca DependenciesID=6c418adb01b9994415e03d9b3cdd1836 StaticDependenciesID=4c0be1b13fdb1c6596be96537f8e1613 
Number of updated asset objects reloaded before import = 0
Number of asset objects unloaded after import = 0
========================================================================
Received Import Request.
  Time of request: 2026-08-05T18:44:46.552628Z
  Time since last request: 0.0009203 seconds.
  importAddress: GUID: 3691dc0753d9d43da89b6f14c3bc9e1b - Path: Packages/com.unity.visualscripting/Editor/VisualScripting.Flow/Framework/Control/SwitchOnEnumDescriptor.cs - Importer: ScriptedImporter/UnityEditor.QuickSearchModule:UnityEditor.Search:ASIAI0B
Importing 'GUID: 3691dc0753d9d43da89b6f14c3bc9e1b - Path: Packages/com.unity.visualscripting/Editor/VisualScripting.Flow/Framework/Control/SwitchOnEnumDescriptor.cs - Importer: ScriptedImporter/UnityEditor.QuickSearchModule:UnityEditor.Search:ASIAI0B' with importer (ScriptedImporter : UnityEditor.QuickSearchModule:UnityEditor.Search:ASIAI0B)
Imported 'GUID: 3691dc0753d9d43da89b6f14c3bc9e1b' -> (Import Result ID: '9b652b6c22ade968c8ea1cb1037ccefd') in 0.002 seconds [static and dynamic dependencies]. Details - ImportResultOutputID=b39e9831754347c30092dca5b90ef139 DependenciesID=1ef0f739811c08b1422104d9222e097e StaticDependenciesID=4fc70e7cd8f24bb744e6bce0ec42c857 
Number of updated asset objects reloaded before import = 0
Number of asset objects unloaded after import = 0
========================================================================
Received Import Request.
  Time of request: 2026-08-05T18:44:46.5623709Z
  Time since last request: 0.0004584 seconds.
  importAddress: GUID: 4707fa01fbb6d42e8a05d7d7f83d784f - Path: Packages/com.unity.visualscripting/Editor/VisualScripting.Flow/Framework/Nesting/GraphInputWidget.cs - Importer: ScriptedImporter/UnityEditor.QuickSearchModule:UnityEditor.Search:ASIAI0B
Importing 'GUID: 4707fa01fbb6d42e8a05d7d7f83d784f - Path: Packages/com.unity.visualscripting/Editor/VisualScripting.Flow/Framework/Nesting/GraphInputWidget.cs - Importer: ScriptedImporter/UnityEditor.QuickSearchModule:UnityEditor.Search:ASIAI0B' with importer (ScriptedImporter : UnityEditor.QuickSearchModule:UnityEditor.Search:ASIAI0B)
Imported 'GUID: 4707fa01fbb6d42e8a05d7d7f83d784f' -> (Import Result ID: '5a06a5bf915804ff67bda44e7138c93a') in 0.002 seconds [static and dynamic dependencies]. Details - ImportResultOutputID=30c9fba435cdb15e19cb69791d6e7c78 DependenciesID=1aa8929716adf12763df3c6147bc48d6 StaticDependenciesID=3f7e3d2c963a599240add880558f5205 
Number of updated asset objects reloaded before import = 0
Number of asset objects unloaded after import = 0
========================================================================
Received Import Request.
  Time of request: 2026-08-05T18:44:46.5733132Z
  Time since last request: 0.0007888 seconds.
  importAddress: GUID: f131db2d7d34b49aa8a8f3325a83b788 - Path: Packages/com.unity.visualscripting/Editor/VisualScripting.Flow/Framework/Nesting/GraphOutputInspector.cs - Importer: ScriptedImporter/UnityEditor.QuickSearchModule:UnityEditor.Search:ASIAI0B
Importing 'GUID: f131db2d7d34b49aa8a8f3325a83b788 - Path: Packages/com.unity.visualscripting/Editor/VisualScripting.Flow/Framework/Nesting/GraphOutputInspector.cs - Importer: ScriptedImporter/UnityEditor.QuickSearchModule:UnityEditor.Search:ASIAI0B' with importer (ScriptedImporter : UnityEditor.QuickSearchModule:UnityEditor.Search:ASIAI0B)
Imported 'GUID: f131db2d7d34b49aa8a8f3325a83b788' -> (Import Result ID: 'c9559583eb7db75cc89748e172cc64c7') in 0.002 seconds [static and dynamic dependencies]. Details - ImportResultOutputID=0abe69ab1e8b427d9f22df7cc4770e53 DependenciesID=de14ee211f087da50808d588ef565c33 StaticDependenciesID=2a944e33abfd4ef2de403d1d5de4b574 
Number of updated asset objects reloaded before import = 0
Number of asset objects unloaded after import = 0
========================================================================
Received Import Request.
  Time of request: 2026-08-05T18:44:46.5828817Z
  Time since last request: 0.0003345 seconds.
  importAddress: GUID: 1d936f8125cf8482d829541d222e3f17 - Path: Packages/com.unity.visualscripting/Editor/VisualScripting.Flow/Framework/Codebase/LiteralOption.cs - Importer: ScriptedImporter/UnityEditor.QuickSearchModule:UnityEditor.Search:ASIAI0B
Importing 'GUID: 1d936f8125cf8482d829541d222e3f17 - Path: Packages/com.unity.visualscripting/Editor/VisualScripting.Flow/Framework/Codebase/LiteralOption.cs - Importer: ScriptedImporter/UnityEditor.QuickSearchModule:UnityEditor.Search:ASIAI0B' with importer (ScriptedImporter : UnityEditor.QuickSearchModule:UnityEditor.Search:ASIAI0B)
Imported 'GUID: 1d936f8125cf8482d829541d222e3f17' -> (Import Result ID: 'caba9441dfdf21d511b6ac6237644c48') in 0.002 seconds [static and dynamic dependencies]. Details - ImportResultOutputID=1cdd2d61f1942325e350493f4500735f DependenciesID=1480f1b80b16e2a8d25bdb406c47181c StaticDependenciesID=b21425f5a5bfd0a5a635bd63ca45c96d 
Number of updated asset objects reloaded before import = 0
Number of asset objects unloaded after import = 0
========================================================================
Received Import Request.
  Time of request: 2026-08-05T18:44:46.5924969Z
  Time since last request: 0.0003061 seconds.
  importAddress: GUID: bd9ff7538f38e4cfb82925e090b860a5 - Path: Packages/com.unity.visualscripting/Editor/VisualScripting.Core/Widgets/Nodes/NodeColorMix.cs - Importer: ScriptedImporter/UnityEditor.QuickSearchModule:UnityEditor.Search:ASIAI0B
Importing 'GUID: bd9ff7538f38e4cfb82925e090b860a5 - Path: Packages/com.unity.visualscripting/Editor/VisualScripting.Core/Widgets/Nodes/NodeColorMix.cs - Importer: ScriptedImporter/UnityEditor.QuickSearchModule:UnityEditor.Search:ASIAI0B' with importer (ScriptedImporter : UnityEditor.QuickSearchModule:UnityEditor.Search:ASIAI0B)
Imported 'GUID: bd9ff7538f38e4cfb82925e090b860a5' -> (Import Result ID: 'aa5538b5b20eda046da5b4179580984b') in 0.002 seconds [static and dynamic dependencies]. Details - ImportResultOutputID=ca6dce4b3ddd5bc3404ee51a6d251c92 DependenciesID=dc323da5d3850c73e86b14683ea29244 StaticDependenciesID=eca51a59ee4945e024d19d47f5581ced 
Number of updated asset objects reloaded before import = 0
Number of asset objects unloaded after import = 0
========================================================================
Received Import Request.
  Time of request: 2026-08-05T18:44:46.6036582Z
  Time since last request: 0.0002182 seconds.
  importAddress: GUID: 8af71300e06234be5a54dbdf389498ba - Path: Packages/com.unity.visualscripting/Editor/VisualScripting.Core/Windows/AboutWindow/ChangelogPage.cs - Importer: ScriptedImporter/UnityEditor.QuickSearchModule:UnityEditor.Search:ASIAI0B
Importing 'GUID: 8af71300e06234be5a54dbdf389498ba - Path: Packages/com.unity.visualscripting/Editor/VisualScripting.Core/Windows/AboutWindow/ChangelogPage.cs - Importer: ScriptedImporter/UnityEditor.QuickSearchModule:UnityEditor.Search:ASIAI0B' with importer (ScriptedImporter : UnityEditor.QuickSearchModule:UnityEditor.Search:ASIAI0B)
Imported 'GUID: 8af71300e06234be5a54dbdf389498ba' -> (Import Result ID: 'f7da50996e014f5eaeb4c888eb655318') in 0.003 seconds [static and dynamic dependencies]. Details - ImportResultOutputID=2b8a5c3740a8928e3f957d2f358a2fab DependenciesID=e4838957ef09de039d44d2a02b97d660 StaticDependenciesID=e97266561cffa817c1d56ed155bd1c00 
Number of updated asset objects reloaded before import = 0
Number of asset objects unloaded after import = 0
========================================================================
Received Import Request.
  Time of request: 2026-08-05T18:44:46.6135098Z
  Time since last request: 0.0002806 seconds.
  importAddress: GUID: 2f934162d2811436eb7a824dfc58a1f5 - Path: Packages/com.unity.visualscripting/Editor/VisualScripting.Flow/Framework/Nesting/GraphOutputAnalyser.cs - Importer: ScriptedImporter/UnityEditor.QuickSearchModule:UnityEditor.Search:ASIAI0B
Importing 'GUID: 2f934162d2811436eb7a824dfc58a1f5 - Path: Packages/com.unity.visualscripting/Editor/VisualScripting.Flow/Framework/Nesting/GraphOutputAnalyser.cs - Importer: ScriptedImporter/UnityEditor.QuickSearchModule:UnityEditor.Search:ASIAI0B' with importer (ScriptedImporter : UnityEditor.QuickSearchModule:UnityEditor.Search:ASIAI0B)
Imported 'GUID: 2f934162d2811436eb7a824dfc58a1f5' -> (Import Result ID: 'd14f5d6c97c5ff2c1b21cf8b5e7501b2') in 0.002 seconds [static and dynamic dependencies]. Details - ImportResultOutputID=3b281adcd80075440c5ba0da7c599f25 DependenciesID=a59b3607422e8d457ae4aeacda981e6c StaticDependenciesID=5f4cf5e20cf220e73a1ac837b5f7d07f 
Number of updated asset objects reloaded before import = 0
Number of asset objects unloaded after import = 0
========================================================================
Received Import Request.
  Time of request: 2026-08-05T18:44:46.6237396Z
  Time since last request: 0.0001983 seconds.
  importAddress: GUID: e4337478333564dc098cda4580e6a4bd - Path: Packages/com.unity.visualscripting/Editor/VisualScripting.Core/Windows/ConfigurationPanel/ConfigurationPanel.cs - Importer: ScriptedImporter/UnityEditor.QuickSearchModule:UnityEditor.Search:ASIAI0B
Importing 'GUID: e4337478333564dc098cda4580e6a4bd - Path: Packages/com.unity.visualscripting/Editor/VisualScripting.Core/Windows/ConfigurationPanel/ConfigurationPanel.cs - Importer: ScriptedImporter/UnityEditor.QuickSearchModule:UnityEditor.Search:ASIAI0B' with importer (ScriptedImporter : UnityEditor.QuickSearchModule:UnityEditor.Search:ASIAI0B)
Imported 'GUID: e4337478333564dc098cda4580e6a4bd' -> (Import Result ID: '11232113abb1347f9a0e91c0a608ca0a') in 0.003 seconds [static and dynamic dependencies]. Details - ImportResultOutputID=230ea83d071f22f925a32098b6a0d4d8 DependenciesID=9ade4146604779c9cf932387833b8505 StaticDependenciesID=98858bf5bbfbb45bd156403e153b8f4f 
Number of updated asset objects reloaded before import = 0
Number of asset objects unloaded after import = 0
========================================================================
Received Import Request.
  Time of request: 2026-08-05T18:44:46.6566774Z
  Time since last request: 0.0214704 seconds.
  importAddress: GUID: 15fc2d4ef8afe4fc89ea6fd070a0b940 - Path: Packages/com.unity.visualscripting/Editor/VisualScripting.Flow/Plugin/Changelogs/Changelog_1_0_0.cs - Importer: ScriptedImporter/UnityEditor.QuickSearchModule:UnityEditor.Search:ASIAI0B
Importing 'GUID: 15fc2d4ef8afe4fc89ea6fd070a0b940 - Path: Packages/com.unity.visualscripting/Editor/VisualScripting.Flow/Plugin/Changelogs/Changelog_1_0_0.cs - Importer: ScriptedImporter/UnityEditor.QuickSearchModule:UnityEditor.Search:ASIAI0B' with importer (ScriptedImporter : UnityEditor.QuickSearchModule:UnityEditor.Search:ASIAI0B)
Imported 'GUID: 15fc2d4ef8afe4fc89ea6fd070a0b940' -> (Import Result ID: 'a6f588dddeb38975fefc55cd3df5f707') in 0.002 seconds [static and dynamic dependencies]. Details - ImportResultOutputID=b8c97e3a1f8b63e8772d74908ec6780a DependenciesID=862f58b098a1da0fe1ce645b4f0fc0cc StaticDependenciesID=5b56e7596adac64d2b0bf0a4f80577f0 
Number of updated asset objects reloaded before import = 0
Number of asset objects unloaded after import = 0
========================================================================
Received Import Request.
  Time of request: 2026-08-05T18:44:46.6670016Z
  Time since last request: 0.0003408 seconds.
  importAddress: GUID: 29a9c8f8714ef4a7a87311418ea65ed6 - Path: Packages/com.unity.visualscripting/Editor/VisualScripting.State/Plugin/Changelogs/Changelog_1_4_0.cs - Importer: ScriptedImporter/UnityEditor.QuickSearchModule:UnityEditor.Search:ASIAI0B
Importing 'GUID: 29a9c8f8714ef4a7a87311418ea65ed6 - Path: Packages/com.unity.visualscripting/Editor/VisualScripting.State/Plugin/Changelogs/Changelog_1_4_0.cs - Importer: ScriptedImporter/UnityEditor.QuickSearchModule:UnityEditor.Search:ASIAI0B' with importer (ScriptedImporter : UnityEditor.QuickSearchModule:UnityEditor.Search:ASIAI0B)
Imported 'GUID: 29a9c8f8714ef4a7a87311418ea65ed6' -> (Import Result ID: 'f32c3fcbd34f3ba410f7b14f55c43ce2') in 0.003 seconds [static and dynamic dependencies]. Details - ImportResultOutputID=092c9065b40d75823cf73a0141b26164 DependenciesID=ea63752d4150fb8dcd447ebaf6209096 StaticDependenciesID=7a65dd76b278bd31dc9c16e087ee6f7a 
Number of updated asset objects reloaded before import = 0
Number of asset objects unloaded after import = 0
========================================================================
Received Import Request.
  Time of request: 2026-08-05T18:44:46.6787733Z
  Time since last request: 0.000341 seconds.
  importAddress: GUID: 532cc1a3ad6b4fc9a789c713aa2314db - Path: Packages/com.unity.visualscripting/Editor/VisualScripting.Flow/Plugin/Migrations/Migration_1_6_to_1_7.cs - Importer: ScriptedImporter/UnityEditor.QuickSearchModule:UnityEditor.Search:ASIAI0B
Importing 'GUID: 532cc1a3ad6b4fc9a789c713aa2314db - Path: Packages/com.unity.visualscripting/Editor/VisualScripting.Flow/Plugin/Migrations/Migration_1_6_to_1_7.cs - Importer: ScriptedImporter/UnityEditor.QuickSearchModule:UnityEditor.Search:ASIAI0B' with importer (ScriptedImporter : UnityEditor.QuickSearchModule:UnityEditor.Search:ASIAI0B)
Imported 'GUID: 532cc1a3ad6b4fc9a789c713aa2314db' -> (Import Result ID: 'c8fa1dd9dd6c6fa8ab6002f80d62a8bc') in 0.002 seconds [static and dynamic dependencies]. Details - ImportResultOutputID=d6cd41e434c459e556065174a5836ade DependenciesID=9130bfb31805864c0727b0e41d1a43a5 StaticDependenciesID=c2dca06e1e4bbfcbace4df8c16b25a0d 
Number of updated asset objects reloaded before import = 0
Number of asset objects unloaded after import = 0
========================================================================
Received Import Request.
  Time of request: 2026-08-05T18:44:46.688566Z
  Time since last request: 0.0002577 seconds.
  importAddress: GUID: 03ffbe4749f4844648417d734d61d520 - Path: Packages/com.unity.visualscripting/Editor/VisualScripting.Flow/Framework/Nesting/NesterUnitOption.cs - Importer: ScriptedImporter/UnityEditor.QuickSearchModule:UnityEditor.Search:ASIAI0B
Importing 'GUID: 03ffbe4749f4844648417d734d61d520 - Path: Packages/com.unity.visualscripting/Editor/VisualScripting.Flow/Framework/Nesting/NesterUnitOption.cs - Importer: ScriptedImporter/UnityEditor.QuickSearchModule:UnityEditor.Search:ASIAI0B' with importer (ScriptedImporter : UnityEditor.QuickSearchModule:UnityEditor.Search:ASIAI0B)
Imported 'GUID: 03ffbe4749f4844648417d734d61d520' -> (Import Result ID: 'c5e3b7794646ea784ca51dc3be59d906') in 0.002 seconds [static and dynamic dependencies]. Details - ImportResultOutputID=ef1abc5607335fbdb85ccf2f93c3efb0 DependenciesID=4ea3351d74776db01b9abd57cd82f3dd StaticDependenciesID=dde87fb3f8a416d538db0a181058887f 
Number of updated asset objects reloaded before import = 0
Number of asset objects unloaded after import = 0
========================================================================
Received Import Request.
  Time of request: 2026-08-05T18:44:46.6983777Z
  Time since last request: 0.0002541 seconds.
  importAddress: GUID: 8b54864aef8ec4f4fb922b942562d746 - Path: Packages/com.unity.visualscripting/Editor/VisualScripting.Flow/Framework/Variables/UnifiedVariableUnitOption.cs - Importer: ScriptedImporter/UnityEditor.QuickSearchModule:UnityEditor.Search:ASIAI0B
Importing 'GUID: 8b54864aef8ec4f4fb922b942562d746 - Path: Packages/com.unity.visualscripting/Editor/VisualScripting.Flow/Framework/Variables/UnifiedVariableUnitOption.cs - Importer: ScriptedImporter/UnityEditor.QuickSearchModule:UnityEditor.Search:ASIAI0B' with importer (ScriptedImporter : UnityEditor.QuickSearchModule:UnityEditor.Search:ASIAI0B)
Imported 'GUID: 8b54864aef8ec4f4fb922b942562d746' -> (Import Result ID: 'dde51d86b0e3d41b7638bf5e18ce7a39') in 0.002 seconds [static and dynamic dependencies]. Details - ImportResultOutputID=952c5f22949180ea379a3a7730712647 DependenciesID=3da7c648ea56d7058e4bcb52a7ca6c44 StaticDependenciesID=0152df819c109eee8450b37d3acae5af 
Number of updated asset objects reloaded before import = 0
Number of asset objects unloaded after import = 0
========================================================================
Received Import Request.
  Time of request: 2026-08-05T18:44:46.7087235Z
  Time since last request: 0.0003131 seconds.
  importAddress: GUID: 57f04d6aac04849df90d9b081e8fe3ad - Path: Packages/com.unity.visualscripting/Editor/VisualScripting.Flow/Framework/Nesting/SuperUnitDescriptor.cs - Importer: ScriptedImporter/UnityEditor.QuickSearchModule:UnityEditor.Search:ASIAI0B
Importing 'GUID: 57f04d6aac04849df90d9b081e8fe3ad - Path: Packages/com.unity.visualscripting/Editor/VisualScripting.Flow/Framework/Nesting/SuperUnitDescriptor.cs - Importer: ScriptedImporter/UnityEditor.QuickSearchModule:UnityEditor.Search:ASIAI0B' with importer (ScriptedImporter : UnityEditor.QuickSearchModule:UnityEditor.Search:ASIAI0B)
Imported 'GUID: 57f04d6aac04849df90d9b081e8fe3ad' -> (Import Result ID: 'a8103c5a30db8f8b4b8e782a20520969') in 0.003 seconds [static and dynamic dependencies]. Details - ImportResultOutputID=773266dd5ea8861fe02094c3a8b0fc3e DependenciesID=e9f1762c7d6da3dfdd7416197af65f47 StaticDependenciesID=2ab048511f64b3e26c4c63213ad6b6b7 
Number of updated asset objects reloaded before import = 0
Number of asset objects unloaded after import = 0
========================================================================
Received Import Request.
  Time of request: 2026-08-05T18:44:46.7210345Z
  Time since last request: 0.0004016 seconds.
  importAddress: GUID: 8246e995aafc341d299ef4fa86fdf7b7 - Path: Packages/com.unity.visualscripting/Editor/VisualScripting.Flow/Plugin/Changelogs/Changelog_1_0_1.cs - Importer: ScriptedImporter/UnityEditor.QuickSearchModule:UnityEditor.Search:ASIAI0B
Importing 'GUID: 8246e995aafc341d299ef4fa86fdf7b7 - Path: Packages/com.unity.visualscripting/Editor/VisualScripting.Flow/Plugin/Changelogs/Changelog_1_0_1.cs - Importer: ScriptedImporter/UnityEditor.QuickSearchModule:UnityEditor.Search:ASIAI0B' with importer (ScriptedImporter : UnityEditor.QuickSearchModule:UnityEditor.Search:ASIAI0B)
Imported 'GUID: 8246e995aafc341d299ef4fa86fdf7b7' -> (Import Result ID: '7c6269231680715c484f8c6f4f6fa5ec') in 0.002 seconds [static and dynamic dependencies]. Details - ImportResultOutputID=e37b00b393568b8b4d116a9a3a238a67 DependenciesID=ea56221462c78880c2e8a2671c9e7b8f StaticDependenciesID=3418650a3f670f715d95be221eec75b4 
Number of updated asset objects reloaded before import = 0
Number of asset objects unloaded after import = 0
========================================================================
Received Import Request.
  Time of request: 2026-08-05T18:44:46.7324449Z
  Time since last request: 0.0004068 seconds.
  importAddress: GUID: faeb5868684234ccd9a36b3e2a589e93 - Path: Packages/com.unity.visualscripting/Editor/VisualScripting.Flow/Framework/Nesting/SuperUnitWidget.cs - Importer: ScriptedImporter/UnityEditor.QuickSearchModule:UnityEditor.Search:ASIAI0B
Importing 'GUID: faeb5868684234ccd9a36b3e2a589e93 - Path: Packages/com.unity.visualscripting/Editor/VisualScripting.Flow/Framework/Nesting/SuperUnitWidget.cs - Importer: ScriptedImporter/UnityEditor.QuickSearchModule:UnityEditor.Search:ASIAI0B' with importer (ScriptedImporter : UnityEditor.QuickSearchModule:UnityEditor.Search:ASIAI0B)
Imported 'GUID: faeb5868684234ccd9a36b3e2a589e93' -> (Import Result ID: '0228712f85148d96b5b9aa0a3be7a6e5') in 0.002 seconds [static and dynamic dependencies]. Details - ImportResultOutputID=8dfbdce773e136d0f8a900d4611d5a28 DependenciesID=b5aa99fc3df49c3b4bcd0da35efdc7a3 StaticDependenciesID=4bdaee2a9528dd0bed43ff74630f9d76 
Number of updated asset objects reloaded before import = 0
Number of asset objects unloaded after import = 0
========================================================================
Received Import Request.
  Time of request: 2026-08-05T18:44:46.7417116Z
  Time since last request: 0.0003467 seconds.
  importAddress: GUID: 32396d7cafec147a8b62dce93b2c8f33 - Path: Packages/com.unity.visualscripting/Editor/VisualScripting.State/Plugin/Changelogs/Changelog_1_0_2.cs - Importer: ScriptedImporter/UnityEditor.QuickSearchModule:UnityEditor.Search:ASIAI0B
Importing 'GUID: 32396d7cafec147a8b62dce93b2c8f33 - Path: Packages/com.unity.visualscripting/Editor/VisualScripting.State/Plugin/Changelogs/Changelog_1_0_2.cs - Importer: ScriptedImporter/UnityEditor.QuickSearchModule:UnityEditor.Search:ASIAI0B' with importer (ScriptedImporter : UnityEditor.QuickSearchModule:UnityEditor.Search:ASIAI0B)
Imported 'GUID: 32396d7cafec147a8b62dce93b2c8f33' -> (Import Result ID: '93cf1aff7d9a754767081fead6d9c4e4') in 0.002 seconds [static and dynamic dependencies]. Details - ImportResultOutputID=039a597ed9646e6c749e274931fbd044 DependenciesID=4f8c7fe3621215e10749a00fce1eca51 StaticDependenciesID=84121e3c1a87a742b4cedf836b1f2e30 
Number of updated asset objects reloaded before import = 0
Number of asset objects unloaded after import = 0
========================================================================
Received Import Request.
  Time of request: 2026-08-05T18:44:46.7512521Z
  Time since last request: 0.0002901 seconds.
  importAddress: GUID: f99cc5dee358b492f8b7df887ae4cfa7 - Path: Packages/com.unity.visualscripting/Editor/VisualScripting.Flow/Plugin/Changelogs/Changelog_1_4_7.cs - Importer: ScriptedImporter/UnityEditor.QuickSearchModule:UnityEditor.Search:ASIAI0B
Importing 'GUID: f99cc5dee358b492f8b7df887ae4cfa7 - Path: Packages/com.unity.visualscripting/Editor/VisualScripting.Flow/Plugin/Changelogs/Changelog_1_4_7.cs - Importer: ScriptedImporter/UnityEditor.QuickSearchModule:UnityEditor.Search:ASIAI0B' with importer (ScriptedImporter : UnityEditor.QuickSearchModule:UnityEditor.Search:ASIAI0B)
Imported 'GUID: f99cc5dee358b492f8b7df887ae4cfa7' -> (Import Result ID: 'ab41957334ecfb74abfb00347064b773') in 0.002 seconds [static and dynamic dependencies]. Details - ImportResultOutputID=26799272ec4cf1f282e62c7757e7f8f3 DependenciesID=7724c436c6070f9d93f90f6955383292 StaticDependenciesID=317fed53900e3e8133f0787bf00a7be4 
Number of updated asset objects reloaded before import = 0
Number of asset objects unloaded after import = 0
========================================================================
Received Import Request.
  Time of request: 2026-08-05T18:44:46.7736271Z
  Time since last request: 0.0131375 seconds.
  importAddress: GUID: 3520c694a43b048559591ea21c37a8d4 - Path: Packages/com.unity.visualscripting/Runtime/VisualScripting.Core/Dependencies/FullSerializer/fsData.cs - Importer: ScriptedImporter/UnityEditor.QuickSearchModule:UnityEditor.Search:ASIAI0B
Importing 'GUID: 3520c694a43b048559591ea21c37a8d4 - Path: Packages/com.unity.visualscripting/Runtime/VisualScripting.Core/Dependencies/FullSerializer/fsData.cs - Importer: ScriptedImporter/UnityEditor.QuickSearchModule:UnityEditor.Search:ASIAI0B' with importer (ScriptedImporter : UnityEditor.QuickSearchModule:UnityEditor.Search:ASIAI0B)
Imported 'GUID: 3520c694a43b048559591ea21c37a8d4' -> (Import Result ID: '97e117492cf40502b8c9b8bdfd857d93') in 0.002 seconds [static and dynamic dependencies]. Details - ImportResultOutputID=8f97acf5b19a6f29d3d111f3518727ae DependenciesID=303f560ae319d61dcc3e5722d1bb1282 StaticDependenciesID=82becca444fde1153c45b3cc104facc4 
Number of updated asset objects reloaded before import = 0
Number of asset objects unloaded after import = 0
========================================================================
Received Import Request.
  Time of request: 2026-08-05T18:44:46.7830512Z
  Time since last request: 0.0005095 seconds.
  importAddress: GUID: 7262da3bf22f34c7f861d64f6f8ee6ff - Path: Packages/com.unity.visualscripting/Runtime/VisualScripting.Core/EditorBinding/Inspector/InspectorWideAttribute.cs - Importer: ScriptedImporter/UnityEditor.QuickSearchModule:UnityEditor.Search:ASIAI0B
Importing 'GUID: 7262da3bf22f34c7f861d64f6f8ee6ff - Path: Packages/com.unity.visualscripting/Runtime/VisualScripting.Core/EditorBinding/Inspector/InspectorWideAttribute.cs - Importer: ScriptedImporter/UnityEditor.QuickSearchModule:UnityEditor.Search:ASIAI0B' with importer (ScriptedImporter : UnityEditor.QuickSearchModule:UnityEditor.Search:ASIAI0B)
Imported 'GUID: 7262da3bf22f34c7f861d64f6f8ee6ff' -> (Import Result ID: '3e5f829c728acf1c2e910191ae0fe3cb') in 0.003 seconds [static and dynamic dependencies]. Details - ImportResultOutputID=68bb75d5f2d1fca8252a595bfd6f29c4 DependenciesID=67cfe851d5f97b6adcab68bfed2767d3 StaticDependenciesID=42e1912cb7da329e3587e96f4fe176b1 
Number of updated asset objects reloaded before import = 0
Number of asset objects unloaded after import = 0
========================================================================
Received Import Request.
  Time of request: 2026-08-05T18:44:46.7945792Z
  Time since last request: 0.0006609 seconds.
  importAddress: GUID: 521bba425c159452e902b0b73f80e68c - Path: Packages/com.unity.visualscripting/Runtime/VisualScripting.Core/Dependencies/FullSerializer/fsExceptions.cs - Importer: ScriptedImporter/UnityEditor.QuickSearchModule:UnityEditor.Search:ASIAI0B
Importing 'GUID: 521bba425c159452e902b0b73f80e68c - Path: Packages/com.unity.visualscripting/Runtime/VisualScripting.Core/Dependencies/FullSerializer/fsExceptions.cs - Importer: ScriptedImporter/UnityEditor.QuickSearchModule:UnityEditor.Search:ASIAI0B' with importer (ScriptedImporter : UnityEditor.QuickSearchModule:UnityEditor.Search:ASIAI0B)
Imported 'GUID: 521bba425c159452e902b0b73f80e68c' -> (Import Result ID: 'e00b48f796a5d0d9f1058af8f3dae85a') in 0.002 seconds [static and dynamic dependencies]. Details - ImportResultOutputID=1b5ef41f97ccd8cc2b3fe41d2dd72bfa DependenciesID=1a9941b12ec951b8c2d744ff9c116f4b StaticDependenciesID=f6763240fd9dd0dcfdc22c7e7a6895e2 
Number of updated asset objects reloaded before import = 0
Number of asset objects unloaded after import = 0
========================================================================
Received Import Request.
  Time of request: 2026-08-05T18:44:46.8045157Z
  Time since last request: 0.0002934 seconds.
  importAddress: GUID: 8b8a5eaccadbf4f358099fed75053ea8 - Path: Packages/com.unity.visualscripting/Runtime/VisualScripting.Core/Dependencies/FullSerializer/fsResult.cs - Importer: ScriptedImporter/UnityEditor.QuickSearchModule:UnityEditor.Search:ASIAI0B
Importing 'GUID: 8b8a5eaccadbf4f358099fed75053ea8 - Path: Packages/com.unity.visualscripting/Runtime/VisualScripting.Core/Dependencies/FullSerializer/fsResult.cs - Importer: ScriptedImporter/UnityEditor.QuickSearchModule:UnityEditor.Search:ASIAI0B' with importer (ScriptedImporter : UnityEditor.QuickSearchModule:UnityEditor.Search:ASIAI0B)
Imported 'GUID: 8b8a5eaccadbf4f358099fed75053ea8' -> (Import Result ID: '98a22727613d6133bc20a229c3573377') in 0.002 seconds [static and dynamic dependencies]. Details - ImportResultOutputID=8b8e3d49e6c8d2a86b7955a3f1c45c64 DependenciesID=cd5ef5d71b948b5ca4dc293c62b184c6 StaticDependenciesID=139665324d4ffc85958e85bbc69eecab 
Number of updated asset objects reloaded before import = 0
Number of asset objects unloaded after import = 0
========================================================================
Received Import Request.
  Time of request: 2026-08-05T18:44:46.8140301Z
  Time since last request: 0.0005195 seconds.
  importAddress: GUID: 6753fa3367ac4986a92909ed6eb78772 - Path: Packages/com.unity.visualscripting/Editor/VisualScripting.State/Plugin/Migrations/Migration_1_5_1_to_1_5_2.cs - Importer: ScriptedImporter/UnityEditor.QuickSearchModule:UnityEditor.Search:ASIAI0B
Importing 'GUID: 6753fa3367ac4986a92909ed6eb78772 - Path: Packages/com.unity.visualscripting/Editor/VisualScripting.State/Plugin/Migrations/Migration_1_5_1_to_1_5_2.cs - Importer: ScriptedImporter/UnityEditor.QuickSearchModule:UnityEditor.Search:ASIAI0B' with importer (ScriptedImporter : UnityEditor.QuickSearchModule:UnityEditor.Search:ASIAI0B)
Imported 'GUID: 6753fa3367ac4986a92909ed6eb78772' -> (Import Result ID: '1852a2bfce6b280fc1361f1606fd1063') in 0.002 seconds [static and dynamic dependencies]. Details - ImportResultOutputID=d953c736d31c3ecb24a0fc5969a3aab0 DependenciesID=1c9c8aee552dda4a49aa55a998edbfce StaticDependenciesID=dc1c250afb23227b5e6a809a98ef7fd6 
Number of updated asset objects reloaded before import = 0
Number of asset objects unloaded after import = 0
========================================================================
Received Import Request.
  Time of request: 2026-08-05T18:44:46.8240669Z
  Time since last request: 0.0002502 seconds.
  importAddress: GUID: 74d45bbb7e3943f3a7b97ce206c08b4b - Path: Packages/com.unity.visualscripting/Runtime/VisualScripting.Core/Listeners/MonoBehaviour/UnityOnMouseDragMessageListener.cs - Importer: ScriptedImporter/UnityEditor.QuickSearchModule:UnityEditor.Search:ASIAI0B
Importing 'GUID: 74d45bbb7e3943f3a7b97ce206c08b4b - Path: Packages/com.unity.visualscripting/Runtime/VisualScripting.Core/Listeners/MonoBehaviour/UnityOnMouseDragMessageListener.cs - Importer: ScriptedImporter/UnityEditor.QuickSearchModule:UnityEditor.Search:ASIAI0B' with importer (ScriptedImporter : UnityEditor.QuickSearchModule:UnityEditor.Search:ASIAI0B)
Imported 'GUID: 74d45bbb7e3943f3a7b97ce206c08b4b' -> (Import Result ID: '5b2fe73de0b6540c5370f885199eb41d') in 0.002 seconds [static and dynamic dependencies]. Details - ImportResultOutputID=225aceb1d741a38dbaccef6759e64c25 DependenciesID=4fd2827e682ec83e99ca594a8e6589e8 StaticDependenciesID=10d9e3ae4b3c695664730b4158665184 
Number of updated asset objects reloaded before import = 0
Number of asset objects unloaded after import = 0
========================================================================
Received Import Request.
  Time of request: 2026-08-05T18:44:46.8334498Z
  Time since last request: 0.0002735 seconds.
  importAddress: GUID: 2056e0c2ed99946f2aa0b59a7d523406 - Path: Packages/com.unity.visualscripting/Runtime/VisualScripting.Core/Dependencies/FullSerializer/fsContext.cs - Importer: ScriptedImporter/UnityEditor.QuickSearchModule:UnityEditor.Search:ASIAI0B
Importing 'GUID: 2056e0c2ed99946f2aa0b59a7d523406 - Path: Packages/com.unity.visualscripting/Runtime/VisualScripting.Core/Dependencies/FullSerializer/fsContext.cs - Importer: ScriptedImporter/UnityEditor.QuickSearchModule:UnityEditor.Search:ASIAI0B' with importer (ScriptedImporter : UnityEditor.QuickSearchModule:UnityEditor.Search:ASIAI0B)
Imported 'GUID: 2056e0c2ed99946f2aa0b59a7d523406' -> (Import Result ID: '60b0d5e1bebe9e20454d8d284d79fbac') in 0.002 seconds [static and dynamic dependencies]. Details - ImportResultOutputID=4bc0d81bc144f2efa1d5cfdc686d3f10 DependenciesID=3e519024de24f74d1a4aef6cf19c6e53 StaticDependenciesID=4eb7b03579f007ec493be0a747a722b9 
Number of updated asset objects reloaded before import = 0
Number of asset objects unloaded after import = 0
========================================================================
Received Import Request.
  Time of request: 2026-08-05T18:44:46.8430365Z
  Time since last request: 0.0002652 seconds.
  importAddress: GUID: 01ac5a8a1a8d436cb525954035efd21b - Path: Packages/com.unity.visualscripting/Runtime/VisualScripting.Core/Listeners/MonoBehaviour/UnityOnBecameVisibleMessageListener.cs - Importer: ScriptedImporter/UnityEditor.QuickSearchModule:UnityEditor.Search:ASIAI0B
Importing 'GUID: 01ac5a8a1a8d436cb525954035efd21b - Path: Packages/com.unity.visualscripting/Runtime/VisualScripting.Core/Listeners/MonoBehaviour/UnityOnBecameVisibleMessageListener.cs - Importer: ScriptedImporter/UnityEditor.QuickSearchModule:UnityEditor.Search:ASIAI0B' with importer (ScriptedImporter : UnityEditor.QuickSearchModule:UnityEditor.Search:ASIAI0B)
Imported 'GUID: 01ac5a8a1a8d436cb525954035efd21b' -> (Import Result ID: '579968ea3e11eab9a58f2acfe22798a6') in 0.002 seconds [static and dynamic dependencies]. Details - ImportResultOutputID=53765f117fce8f53575fc9c0c5510dac DependenciesID=53539f54947bf4f734bb6491238f6ba6 StaticDependenciesID=b312d8e71dd9cf538411dadaf918e5e8 
Number of updated asset objects reloaded before import = 0
Number of asset objects unloaded after import = 0
========================================================================
Received Import Request.
  Time of request: 2026-08-05T18:44:46.852563Z
  Time since last request: 0.0002656 seconds.
  importAddress: GUID: 55f9606c92224790823f7ac7fd2c8d41 - Path: Packages/com.unity.visualscripting/Editor/VisualScripting.State/Plugin/Migrations/Migration_1_6_to_1_7.cs - Importer: ScriptedImporter/UnityEditor.QuickSearchModule:UnityEditor.Search:ASIAI0B
Importing 'GUID: 55f9606c92224790823f7ac7fd2c8d41 - Path: Packages/com.unity.visualscripting/Editor/VisualScripting.State/Plugin/Migrations/Migration_1_6_to_1_7.cs - Importer: ScriptedImporter/UnityEditor.QuickSearchModule:UnityEditor.Search:ASIAI0B' with importer (ScriptedImporter : UnityEditor.QuickSearchModule:UnityEditor.Search:ASIAI0B)
Imported 'GUID: 55f9606c92224790823f7ac7fd2c8d41' -> (Import Result ID: '6d6850c6294337a4f5308cfbc6203907') in 0.002 seconds [static and dynamic dependencies]. Details - ImportResultOutputID=6155fedeaf08d392494948fa988831c5 DependenciesID=d97c316b4372a50eb99f593ee1429be5 StaticDependenciesID=e7759ec6ad9a90ad19db4d1d14275d82 
Number of updated asset objects reloaded before import = 0
Number of asset objects unloaded after import = 0
========================================================================
Received Import Request.
  Time of request: 2026-08-05T18:44:46.8616895Z
  Time since last request: 0.0002064 seconds.
  importAddress: GUID: 032176a8438164e56a69202380b151d6 - Path: Packages/com.unity.visualscripting/Runtime/VisualScripting.Core/EditorBinding/Inspector/InspectorLabelAttribute.cs - Importer: ScriptedImporter/UnityEditor.QuickSearchModule:UnityEditor.Search:ASIAI0B
Importing 'GUID: 032176a8438164e56a69202380b151d6 - Path: Packages/com.unity.visualscripting/Runtime/VisualScripting.Core/EditorBinding/Inspector/InspectorLabelAttribute.cs - Importer: ScriptedImporter/UnityEditor.QuickSearchModule:UnityEditor.Search:ASIAI0B' with importer (ScriptedImporter : UnityEditor.QuickSearchModule:UnityEditor.Search:ASIAI0B)
Imported 'GUID: 032176a8438164e56a69202380b151d6' -> (Import Result ID: '729622bc0e337206f3bebee6ce1f061c') in 0.002 seconds [static and dynamic dependencies]. Details - ImportResultOutputID=bebaddef1c91a21f92bee1bcab9692c2 DependenciesID=01ba9587296f169677bf07002d13ceda StaticDependenciesID=cc14e98d436b8ec2de9ce30d4417a46e 
Number of updated asset objects reloaded before import = 0
Number of asset objects unloaded after import = 0
========================================================================
Received Import Request.
  Time of request: 2026-08-05T18:44:46.8757454Z
  Time since last request: 0.0048463 seconds.
  importAddress: GUID: 85deb0e4c2af4e88a4488bb67783d8d6 - Path: Packages/com.unity.visualscripting/Runtime/VisualScripting.Core/Listeners/MonoBehaviour/UnityOnTriggerStay2DMListener.cs - Importer: ScriptedImporter/UnityEditor.QuickSearchModule:UnityEditor.Search:ASIAI0B
Importing 'GUID: 85deb0e4c2af4e88a4488bb67783d8d6 - Path: Packages/com.unity.visualscripting/Runtime/VisualScripting.Core/Listeners/MonoBehaviour/UnityOnTriggerStay2DMListener.cs - Importer: ScriptedImporter/UnityEditor.QuickSearchModule:UnityEditor.Search:ASIAI0B' with importer (ScriptedImporter : UnityEditor.QuickSearchModule:UnityEditor.Search:ASIAI0B)
Imported 'GUID: 85deb0e4c2af4e88a4488bb67783d8d6' -> (Import Result ID: '877fc581f8ca889542e07d94d0fae34c') in 0.003 seconds [static and dynamic dependencies]. Details - ImportResultOutputID=a3d044b9c1bb3a4b56ed92f7482e74bd DependenciesID=baa6f34df4ae8dae1bed59b910262953 StaticDependenciesID=dded1f74a1f016aa9010e2fdc79ccf9d 
Number of updated asset objects reloaded before import = 0
Number of asset objects unloaded after import = 0
========================================================================
Received Import Request.
  Time of request: 2026-08-05T18:44:46.8862706Z
  Time since last request: 0.0008558 seconds.
  importAddress: GUID: 72025ee3eb5ee41eebfffa6066a9ff95 - Path: Packages/com.unity.visualscripting/Runtime/VisualScripting.Core/Reflection/Operators/RightShiftHandler.cs - Importer: ScriptedImporter/UnityEditor.QuickSearchModule:UnityEditor.Search:ASIAI0B
Importing 'GUID: 72025ee3eb5ee41eebfffa6066a9ff95 - Path: Packages/com.unity.visualscripting/Runtime/VisualScripting.Core/Reflection/Operators/RightShiftHandler.cs - Importer: ScriptedImporter/UnityEditor.QuickSearchModule:UnityEditor.Search:ASIAI0B' with importer (ScriptedImporter : UnityEditor.QuickSearchModule:UnityEditor.Search:ASIAI0B)
Imported 'GUID: 72025ee3eb5ee41eebfffa6066a9ff95' -> (Import Result ID: '727716af9087a688f330da8b839b8a81') in 0.002 seconds [static and dynamic dependencies]. Details - ImportResultOutputID=7b5e06774df175f16bcb6be495248e84 DependenciesID=77a4b295a2898441e5706d40b5ff98d2 StaticDependenciesID=801cc39034702c73cbea7d57a7d08a4a 
Number of updated asset objects reloaded before import = 0
Number of asset objects unloaded after import = 0
========================================================================
Received Import Request.
  Time of request: 2026-08-05T18:44:46.8964619Z
  Time since last request: 0.0007709 seconds.
  importAddress: GUID: d3b2c06caaabe42a392f285017f17cc4 - Path: Packages/com.unity.visualscripting/Runtime/VisualScripting.Core/Reflection/Operators/IncrementHandler.cs - Importer: ScriptedImporter/UnityEditor.QuickSearchModule:UnityEditor.Search:ASIAI0B
Importing 'GUID: d3b2c06caaabe42a392f285017f17cc4 - Path: Packages/com.unity.visualscripting/Runtime/VisualScripting.Core/Reflection/Operators/IncrementHandler.cs - Importer: ScriptedImporter/UnityEditor.QuickSearchModule:UnityEditor.Search:ASIAI0B' with importer (ScriptedImporter : UnityEditor.QuickSearchModule:UnityEditor.Search:ASIAI0B)
Imported 'GUID: d3b2c06caaabe42a392f285017f17cc4' -> (Import Result ID: '5f92cba9a06936320649305f7aa5d31d') in 0.002 seconds [static and dynamic dependencies]. Details - ImportResultOutputID=73909f9047aeb28b6b70d2ff72affc70 DependenciesID=68196d07646f4ca26039ebe567a49c3c StaticDependenciesID=f35edf29b552d2cd3844864392a0064d 
Number of updated asset objects reloaded before import = 0
Number of asset objects unloaded after import = 0
========================================================================
Received Import Request.
  Time of request: 2026-08-05T18:44:46.9058867Z
  Time since last request: 0.0003079 seconds.
  importAddress: GUID: da2557a16d954a8194c9dfb15e52a21d - Path: Packages/com.unity.visualscripting/Runtime/VisualScripting.Core/Listeners/UI/UnityOnScrollbarValueChangedMessageListener.cs - Importer: ScriptedImporter/UnityEditor.QuickSearchModule:UnityEditor.Search:ASIAI0B
Importing 'GUID: da2557a16d954a8194c9dfb15e52a21d - Path: Packages/com.unity.visualscripting/Runtime/VisualScripting.Core/Listeners/UI/UnityOnScrollbarValueChangedMessageListener.cs - Importer: ScriptedImporter/UnityEditor.QuickSearchModule:UnityEditor.Search:ASIAI0B' with importer (ScriptedImporter : UnityEditor.QuickSearchModule:UnityEditor.Search:ASIAI0B)
Imported 'GUID: da2557a16d954a8194c9dfb15e52a21d' -> (Import Result ID: 'd90af68d6d9df4a38f61b0b6df86288c') in 0.002 seconds [static and dynamic dependencies]. Details - ImportResultOutputID=ebe6a8f2b7a08e1ce3670e0f4937d612 DependenciesID=7ecce7b8c9359933a1a8a25398414846 StaticDependenciesID=2378585844ba0da235153943bd446510 
Number of updated asset objects reloaded before import = 0
Number of asset objects unloaded after import = 0
========================================================================
Received Import Request.
  Time of request: 2026-08-05T18:44:46.9160272Z
  Time since last request: 0.0003643 seconds.
  importAddress: GUID: bb87afcd70abd4879b116234b7d3667b - Path: Packages/com.unity.visualscripting/Runtime/VisualScripting.Core/Reflection/Operators/BinaryOperatorHandler.cs - Importer: ScriptedImporter/UnityEditor.QuickSearchModule:UnityEditor.Search:ASIAI0B
Importing 'GUID: bb87afcd70abd4879b116234b7d3667b - Path: Packages/com.unity.visualscripting/Runtime/VisualScripting.Core/Reflection/Operators/BinaryOperatorHandler.cs - Importer: ScriptedImporter/UnityEditor.QuickSearchModule:UnityEditor.Search:ASIAI0B' with importer (ScriptedImporter : UnityEditor.QuickSearchModule:UnityEditor.Search:ASIAI0B)
Imported 'GUID: bb87afcd70abd4879b116234b7d3667b' -> (Import Result ID: '55bcfd44efe086a8b14a9afbbc65e420') in 0.002 seconds [static and dynamic dependencies]. Details - ImportResultOutputID=2fd97b95291e9880b1bf063ed5fb17c0 DependenciesID=eeceb3fc5bc5e61cdb58b84b29aa91d1 StaticDependenciesID=9980275a0dcb88a81020d835f9afdaf0 
Number of updated asset objects reloaded before import = 0
Number of asset objects unloaded after import = 0
========================================================================
Received Import Request.
  Time of request: 2026-08-05T18:44:46.9254293Z
  Time since last request: 0.0002648 seconds.
  importAddress: GUID: d53a8293d351f4cf582ec062d60728a0 - Path: Packages/com.unity.visualscripting/Runtime/VisualScripting.Core/Reflection/Operators/UnaryOperatorHandler.cs - Importer: ScriptedImporter/UnityEditor.QuickSearchModule:UnityEditor.Search:ASIAI0B
Importing 'GUID: d53a8293d351f4cf582ec062d60728a0 - Path: Packages/com.unity.visualscripting/Runtime/VisualScripting.Core/Reflection/Operators/UnaryOperatorHandler.cs - Importer: ScriptedImporter/UnityEditor.QuickSearchModule:UnityEditor.Search:ASIAI0B' with importer (ScriptedImporter : UnityEditor.QuickSearchModule:UnityEditor.Search:ASIAI0B)
Imported 'GUID: d53a8293d351f4cf582ec062d60728a0' -> (Import Result ID: '55aef5b12569904e4ba6f3f32ce11a16') in 0.002 seconds [static and dynamic dependencies]. Details - ImportResultOutputID=79276dee7e74ab26cec703771982304e DependenciesID=131c057cbf8ff0b13f7b0749c3f8e5e1 StaticDependenciesID=480cb845163821d72196124f6bce20a0 
Number of updated asset objects reloaded before import = 0
Number of asset objects unloaded after import = 0
========================================================================
Received Import Request.
  Time of request: 2026-08-05T18:44:46.9351428Z
  Time since last request: 0.0003321 seconds.
  importAddress: GUID: 951eec3420d7c48d2b7f8cd764b18650 - Path: Packages/com.unity.visualscripting/Runtime/VisualScripting.Core/Reflection/Operators/ModuloHandler.cs - Importer: ScriptedImporter/UnityEditor.QuickSearchModule:UnityEditor.Search:ASIAI0B
Importing 'GUID: 951eec3420d7c48d2b7f8cd764b18650 - Path: Packages/com.unity.visualscripting/Runtime/VisualScripting.Core/Reflection/Operators/ModuloHandler.cs - Importer: ScriptedImporter/UnityEditor.QuickSearchModule:UnityEditor.Search:ASIAI0B' with importer (ScriptedImporter : UnityEditor.QuickSearchModule:UnityEditor.Search:ASIAI0B)
Imported 'GUID: 951eec3420d7c48d2b7f8cd764b18650' -> (Import Result ID: 'dd3cc849ca3fa64e753fdede823135cc') in 0.003 seconds [static and dynamic dependencies]. Details - ImportResultOutputID=1b00a9ec2ffb92c17ccdfcafb4f50bb6 DependenciesID=7a951c10aac56a1de080b6aeea216717 StaticDependenciesID=639c28a707be4eccf6bb9b33efb2809a 
Number of updated asset objects reloaded before import = 0
Number of asset objects unloaded after import = 0
========================================================================
Received Import Request.
  Time of request: 2026-08-05T18:44:46.9449769Z
  Time since last request: 0.0002458 seconds.
  importAddress: GUID: 4bda3e694712447948a1601c78b37920 - Path: Packages/com.unity.visualscripting/Runtime/VisualScripting.Core/Reflection/Operators/GreaterThanOrEqualHandler.cs - Importer: ScriptedImporter/UnityEditor.QuickSearchModule:UnityEditor.Search:ASIAI0B
Importing 'GUID: 4bda3e694712447948a1601c78b37920 - Path: Packages/com.unity.visualscripting/Runtime/VisualScripting.Core/Reflection/Operators/GreaterThanOrEqualHandler.cs - Importer: ScriptedImporter/UnityEditor.QuickSearchModule:UnityEditor.Search:ASIAI0B' with importer (ScriptedImporter : UnityEditor.QuickSearchModule:UnityEditor.Search:ASIAI0B)
Imported 'GUID: 4bda3e694712447948a1601c78b37920' -> (Import Result ID: 'db7fc6b2fd7e0f7f8e78526ac02f448e') in 0.002 seconds [static and dynamic dependencies]. Details - ImportResultOutputID=31c03f904fc7eb95a7bcebc3bac21061 DependenciesID=e98ff9aaf62f2e918aaafafc86a65f36 StaticDependenciesID=75fee0d772a63fdafde35b5095b881c8 
Number of updated asset objects reloaded before import = 0
Number of asset objects unloaded after import = 0
========================================================================
Received Import Request.
  Time of request: 2026-08-05T18:44:46.954749Z
  Time since last request: 0.0002233 seconds.
  importAddress: GUID: 4c10c0720a81448b5b614a4611eee79b - Path: Packages/com.unity.visualscripting/Runtime/VisualScripting.Core/Reflection/Optimization/Func_5.cs - Importer: ScriptedImporter/UnityEditor.QuickSearchModule:UnityEditor.Search:ASIAI0B
Importing 'GUID: 4c10c0720a81448b5b614a4611eee79b - Path: Packages/com.unity.visualscripting/Runtime/VisualScripting.Core/Reflection/Optimization/Func_5.cs - Importer: ScriptedImporter/UnityEditor.QuickSearchModule:UnityEditor.Search:ASIAI0B' with importer (ScriptedImporter : UnityEditor.QuickSearchModule:UnityEditor.Search:ASIAI0B)
Imported 'GUID: 4c10c0720a81448b5b614a4611eee79b' -> (Import Result ID: '9be96ab2b0e136fcb65b26a1ef26aea2') in 0.002 seconds [static and dynamic dependencies]. Details - ImportResultOutputID=ca40d31ca55a5ea42010ae83ae03222e DependenciesID=86fc80ce16d151d7e650a67392b525d0 StaticDependenciesID=31f0dc54b5819b781990b4585c26328d 
Number of updated asset objects reloaded before import = 0
Number of asset objects unloaded after import = 0
========================================================================
Received Import Request.
  Time of request: 2026-08-05T18:44:46.9643259Z
  Time since last request: 0.0002382 seconds.
  importAddress: GUID: 0257df31bc561468aa180247d70ae0fe - Path: Packages/com.unity.visualscripting/Runtime/VisualScripting.Core/Reflection/Operators/GreaterThanHandler.cs - Importer: ScriptedImporter/UnityEditor.QuickSearchModule:UnityEditor.Search:ASIAI0B
Importing 'GUID: 0257df31bc561468aa180247d70ae0fe - Path: Packages/com.unity.visualscripting/Runtime/VisualScripting.Core/Reflection/Operators/GreaterThanHandler.cs - Importer: ScriptedImporter/UnityEditor.QuickSearchModule:UnityEditor.Search:ASIAI0B' with importer (ScriptedImporter : UnityEditor.QuickSearchModule:UnityEditor.Search:ASIAI0B)
Imported 'GUID: 0257df31bc561468aa180247d70ae0fe' -> (Import Result ID: 'a8afd626d8f1bdbad306fd5c23c4c985') in 0.002 seconds [static and dynamic dependencies]. Details - ImportResultOutputID=066060d101a122553d85cf60af236b90 DependenciesID=93e16c148b7d7f1f37c11779a5a69f4f StaticDependenciesID=191ef633ece294d56efd63c0a304df63 
Number of updated asset objects reloaded before import = 0
Number of asset objects unloaded after import = 0
========================================================================
Received Import Request.
  Time of request: 2026-08-05T18:44:46.9752858Z
  Time since last request: 0.0019009 seconds.
  importAddress: GUID: ee39a37a542bf463cad5e5cf6be0e3fd - Path: Packages/com.unity.visualscripting/Runtime/VisualScripting.Core/Reflection/Optimization/OptimizedReflection.cs - Importer: ScriptedImporter/UnityEditor.QuickSearchModule:UnityEditor.Search:ASIAI0B
Importing 'GUID: ee39a37a542bf463cad5e5cf6be0e3fd - Path: Packages/com.unity.visualscripting/Runtime/VisualScripting.Core/Reflection/Optimization/OptimizedReflection.cs - Importer: ScriptedImporter/UnityEditor.QuickSearchModule:UnityEditor.Search:ASIAI0B' with importer (ScriptedImporter : UnityEditor.QuickSearchModule:UnityEditor.Search:ASIAI0B)
Imported 'GUID: ee39a37a542bf463cad5e5cf6be0e3fd' -> (Import Result ID: '20104ddbf140e2f8336c43f99c056921') in 0.002 seconds [static and dynamic dependencies]. Details - ImportResultOutputID=373d9c7c43a8104b8f0f8f5b9e32934e DependenciesID=0703746a1b61ce07faf7ec16184fb6e9 StaticDependenciesID=80b9d531786114cbfb3f9355ac7e780b 
Number of updated asset objects reloaded before import = 0
Number of asset objects unloaded after import = 0
========================================================================
Received Import Request.
  Time of request: 2026-08-05T18:44:46.9852911Z
  Time since last request: 0.0006702 seconds.
  importAddress: GUID: 1b211073028ea4467ad1c7f48e0b3530 - Path: Packages/com.unity.visualscripting/Runtime/VisualScripting.Flow/Dependencies/NCalc/ParameterArgs.cs - Importer: ScriptedImporter/UnityEditor.QuickSearchModule:UnityEditor.Search:ASIAI0B
Importing 'GUID: 1b211073028ea4467ad1c7f48e0b3530 - Path: Packages/com.unity.visualscripting/Runtime/VisualScripting.Flow/Dependencies/NCalc/ParameterArgs.cs - Importer: ScriptedImporter/UnityEditor.QuickSearchModule:UnityEditor.Search:ASIAI0B' with importer (ScriptedImporter : UnityEditor.QuickSearchModule:UnityEditor.Search:ASIAI0B)
Imported 'GUID: 1b211073028ea4467ad1c7f48e0b3530' -> (Import Result ID: 'bb0efa8e67f8a80b5327ffaadd6bea53') in 0.003 seconds [static and dynamic dependencies]. Details - ImportResultOutputID=901170e2462e684122dcef699bf8a28e DependenciesID=f8f2d7270cb3f5462014fa3cb3e15e58 StaticDependenciesID=e80fd00cb7b9124b064227d2dd012e1f 
Number of updated asset objects reloaded before import = 0
Number of asset objects unloaded after import = 0
========================================================================
Received Import Request.
  Time of request: 2026-08-05T18:44:46.9966331Z
  Time since last request: 0.0002263 seconds.
  importAddress: GUID: 4df57f7392e074ed49a32c5deaa4ea08 - Path: Packages/com.unity.visualscripting/Runtime/VisualScripting.Core/Reflection/Optimization/InstanceFunctionInvoker_4.cs - Importer: ScriptedImporter/UnityEditor.QuickSearchModule:UnityEditor.Search:ASIAI0B
Importing 'GUID: 4df57f7392e074ed49a32c5deaa4ea08 - Path: Packages/com.unity.visualscripting/Runtime/VisualScripting.Core/Reflection/Optimization/InstanceFunctionInvoker_4.cs - Importer: ScriptedImporter/UnityEditor.QuickSearchModule:UnityEditor.Search:ASIAI0B' with importer (ScriptedImporter : UnityEditor.QuickSearchModule:UnityEditor.Search:ASIAI0B)
Imported 'GUID: 4df57f7392e074ed49a32c5deaa4ea08' -> (Import Result ID: '5e891565d90966695c3d81acadbecc4b') in 0.002 seconds [static and dynamic dependencies]. Details - ImportResultOutputID=9d8b737f965c8949d1bf649308197c46 DependenciesID=ff78bc5aab47489d84a4207181de1964 StaticDependenciesID=83e24289defaa49bb95343a93d421aa4 
Number of updated asset objects reloaded before import = 0
Number of asset objects unloaded after import = 0
========================================================================
Received Import Request.
  Time of request: 2026-08-05T18:44:47.0077584Z
  Time since last request: 0.0002442 seconds.
  importAddress: GUID: f8b54261ed2a8497ebdd20f7ddbe1e6f - Path: Packages/com.unity.visualscripting/Runtime/VisualScripting.Flow/Dependencies/NCalc/EvaluateFunctionHandler.cs - Importer: ScriptedImporter/UnityEditor.QuickSearchModule:UnityEditor.Search:ASIAI0B
Importing 'GUID: f8b54261ed2a8497ebdd20f7ddbe1e6f - Path: Packages/com.unity.visualscripting/Runtime/VisualScripting.Flow/Dependencies/NCalc/EvaluateFunctionHandler.cs - Importer: ScriptedImporter/UnityEditor.QuickSearchModule:UnityEditor.Search:ASIAI0B' with importer (ScriptedImporter : UnityEditor.QuickSearchModule:UnityEditor.Search:ASIAI0B)
Imported 'GUID: f8b54261ed2a8497ebdd20f7ddbe1e6f' -> (Import Result ID: '2690d2187b9fed67be187e5f4e6d4764') in 0.003 seconds [static and dynamic dependencies]. Details - ImportResultOutputID=fcede3f7cc3944b4620051d3e3af38c3 DependenciesID=fb12bbfc9ecc86d388b35e996bb2674f StaticDependenciesID=b98b9957d535f7bd3e4ee2c112634466 
Number of updated asset objects reloaded before import = 0
Number of asset objects unloaded after import = 0
========================================================================
Received Import Request.
  Time of request: 2026-08-05T18:44:47.0191179Z
  Time since last request: 0.0002755 seconds.
  importAddress: GUID: 3dd474c9747c7444d9ca4b191b48301d - Path: Packages/com.unity.visualscripting/Runtime/VisualScripting.Flow/Dependencies/NCalc/Expression.cs - Importer: ScriptedImporter/UnityEditor.QuickSearchModule:UnityEditor.Search:ASIAI0B
Importing 'GUID: 3dd474c9747c7444d9ca4b191b48301d - Path: Packages/com.unity.visualscripting/Runtime/VisualScripting.Flow/Dependencies/NCalc/Expression.cs - Importer: ScriptedImporter/UnityEditor.QuickSearchModule:UnityEditor.Search:ASIAI0B' with importer (ScriptedImporter : UnityEditor.QuickSearchModule:UnityEditor.Search:ASIAI0B)
Imported 'GUID: 3dd474c9747c7444d9ca4b191b48301d' -> (Import Result ID: '140f8f52246cb60acebfe87a7bd6ec3f') in 0.002 seconds [static and dynamic dependencies]. Details - ImportResultOutputID=f81d1573efd87a56319c84db516a948d DependenciesID=a563ac90d7381e87bdaf6f467dbf620c StaticDependenciesID=e3cfa4483a351a4276fb78e36a4d0666 
Number of updated asset objects reloaded before import = 0
Number of asset objects unloaded after import = 0
========================================================================
Received Import Request.
  Time of request: 2026-08-05T18:44:47.0294553Z
  Time since last request: 0.0002855 seconds.
  importAddress: GUID: b8ce15d47ef4d47a2ae4340f23945d6f - Path: Packages/com.unity.visualscripting/Runtime/VisualScripting.Core/Reflection/Optimization/InstanceFunctionInvoker_3.cs - Importer: ScriptedImporter/UnityEditor.QuickSearchModule:UnityEditor.Search:ASIAI0B
Importing 'GUID: b8ce15d47ef4d47a2ae4340f23945d6f - Path: Packages/com.unity.visualscripting/Runtime/VisualScripting.Core/Reflection/Optimization/InstanceFunctionInvoker_3.cs - Importer: ScriptedImporter/UnityEditor.QuickSearchModule:UnityEditor.Search:ASIAI0B' with importer (ScriptedImporter : UnityEditor.QuickSearchModule:UnityEditor.Search:ASIAI0B)
Imported 'GUID: b8ce15d47ef4d47a2ae4340f23945d6f' -> (Import Result ID: 'af97d8873380c731e9d52a27514fa7cc') in 0.002 seconds [static and dynamic dependencies]. Details - ImportResultOutputID=8a3347800fdc4b2e34ab519c91029d8b DependenciesID=916e77862844dbb8321d0713ed75f9de StaticDependenciesID=a98503be253c2e9d101a427347d24035 
Number of updated asset objects reloaded before import = 0
Number of asset objects unloaded after import = 0
========================================================================
Received Import Request.
  Time of request: 2026-08-05T18:44:47.0385192Z
  Time since last request: 0.0001936 seconds.
  importAddress: GUID: e9f31b3adce2f48be860b8f6333f867b - Path: Packages/com.unity.visualscripting/Runtime/VisualScripting.Core/Reflection/Optimization/StaticActionInvoker_0.cs - Importer: ScriptedImporter/UnityEditor.QuickSearchModule:UnityEditor.Search:ASIAI0B
Importing 'GUID: e9f31b3adce2f48be860b8f6333f867b - Path: Packages/com.unity.visualscripting/Runtime/VisualScripting.Core/Reflection/Optimization/StaticActionInvoker_0.cs - Importer: ScriptedImporter/UnityEditor.QuickSearchModule:UnityEditor.Search:ASIAI0B' with importer (ScriptedImporter : UnityEditor.QuickSearchModule:UnityEditor.Search:ASIAI0B)
Imported 'GUID: e9f31b3adce2f48be860b8f6333f867b' -> (Import Result ID: '7de4f95667775ab88ab33f97b248df2a') in 0.002 seconds [static and dynamic dependencies]. Details - ImportResultOutputID=34577673d4fc350901820050318510e5 DependenciesID=4ff86130687ed3f4d5b0b28c0a199b14 StaticDependenciesID=999d49488d032e9354521f20bb2c6ef4 
Number of updated asset objects reloaded before import = 0
Number of asset objects unloaded after import = 0
========================================================================
Received Import Request.
  Time of request: 2026-08-05T18:44:47.0505524Z
  Time since last request: 0.0017117 seconds.
  importAddress: GUID: 6199aa1c124454b9ab004ddedcce5610 - Path: Packages/com.unity.visualscripting/Runtime/VisualScripting.Core/Reflection/Optimization/StaticFunctionInvoker_4.cs - Importer: ScriptedImporter/UnityEditor.QuickSearchModule:UnityEditor.Search:ASIAI0B
Importing 'GUID: 6199aa1c124454b9ab004ddedcce5610 - Path: Packages/com.unity.visualscripting/Runtime/VisualScripting.Core/Reflection/Optimization/StaticFunctionInvoker_4.cs - Importer: ScriptedImporter/UnityEditor.QuickSearchModule:UnityEditor.Search:ASIAI0B' with importer (ScriptedImporter : UnityEditor.QuickSearchModule:UnityEditor.Search:ASIAI0B)
Imported 'GUID: 6199aa1c124454b9ab004ddedcce5610' -> (Import Result ID: 'bf670ef76cfd40af279391d61eb210fd') in 0.002 seconds [static and dynamic dependencies]. Details - ImportResultOutputID=df557fef1e2b9c46228d5c7eee290842 DependenciesID=c913d3e70ca47f7637ac5dfef716fece StaticDependenciesID=88b437be2d1a60c06856d1710efb65c8 
Number of updated asset objects reloaded before import = 0
Number of asset objects unloaded after import = 0
========================================================================
Received Import Request.
  Time of request: 2026-08-05T18:44:47.0604651Z
  Time since last request: 0.0007022 seconds.
  importAddress: GUID: 2a04f80a14e674d8baadb6f7e1fa4941 - Path: Packages/com.unity.visualscripting/Runtime/VisualScripting.Core/Reflection/Optimization/ReflectionFieldAccessor.cs - Importer: ScriptedImporter/UnityEditor.QuickSearchModule:UnityEditor.Search:ASIAI0B
Importing 'GUID: 2a04f80a14e674d8baadb6f7e1fa4941 - Path: Packages/com.unity.visualscripting/Runtime/VisualScripting.Core/Reflection/Optimization/ReflectionFieldAccessor.cs - Importer: ScriptedImporter/UnityEditor.QuickSearchModule:UnityEditor.Search:ASIAI0B' with importer (ScriptedImporter : UnityEditor.QuickSearchModule:UnityEditor.Search:ASIAI0B)
Imported 'GUID: 2a04f80a14e674d8baadb6f7e1fa4941' -> (Import Result ID: '15ca38d73f597f40b1f62887d82b6724') in 0.003 seconds [static and dynamic dependencies]. Details - ImportResultOutputID=5bc8fd5125dc3eb593031256550185be DependenciesID=88f43189d2111258439dd658a754905c StaticDependenciesID=bf14107e3e3171afa6149bdf4b93bb20 
Number of updated asset objects reloaded before import = 0
Number of asset objects unloaded after import = 0
========================================================================
Received Import Request.
  Time of request: 2026-08-05T18:44:47.0902263Z
  Time since last request: 0.018609 seconds.
  importAddress: GUID: 768b8c19797414a6fbb77c9bfeb87c81 - Path: Packages/com.unity.visualscripting/Runtime/VisualScripting.Flow/Framework/Codebase/SetMember.cs - Importer: ScriptedImporter/UnityEditor.QuickSearchModule:UnityEditor.Search:ASIAI0B
Importing 'GUID: 768b8c19797414a6fbb77c9bfeb87c81 - Path: Packages/com.unity.visualscripting/Runtime/VisualScripting.Flow/Framework/Codebase/SetMember.cs - Importer: ScriptedImporter/UnityEditor.QuickSearchModule:UnityEditor.Search:ASIAI0B' with importer (ScriptedImporter : UnityEditor.QuickSearchModule:UnityEditor.Search:ASIAI0B)
Imported 'GUID: 768b8c19797414a6fbb77c9bfeb87c81' -> (Import Result ID: 'fcaf0ec715cab50139ed5830f146ae16') in 0.003 seconds [static and dynamic dependencies]. Details - ImportResultOutputID=3360017ecd939c6a336a71c27408736d DependenciesID=a2342145067e9a7602eb614f45589b52 StaticDependenciesID=cedcb50054cc67e7d40ed55f4179976f 
Number of updated asset objects reloaded before import = 0
Number of asset objects unloaded after import = 0
========================================================================
Received Import Request.
  Time of request: 2026-08-05T18:44:47.1006924Z
  Time since last request: 0.000567 seconds.
  importAddress: GUID: fd9a980a91f9b49fd88a6e484b27d51e - Path: Packages/com.unity.visualscripting/Runtime/VisualScripting.Flow/Framework/Collections/FirstItem.cs - Importer: ScriptedImporter/UnityEditor.QuickSearchModule:UnityEditor.Search:ASIAI0B
Importing 'GUID: fd9a980a91f9b49fd88a6e484b27d51e - Path: Packages/com.unity.visualscripting/Runtime/VisualScripting.Flow/Framework/Collections/FirstItem.cs - Importer: ScriptedImporter/UnityEditor.QuickSearchModule:UnityEditor.Search:ASIAI0B' with importer (ScriptedImporter : UnityEditor.QuickSearchModule:UnityEditor.Search:ASIAI0B)
Imported 'GUID: fd9a980a91f9b49fd88a6e484b27d51e' -> (Import Result ID: '002bdc9fd71317ab3e2cbbfd070dc6ba') in 0.002 seconds [static and dynamic dependencies]. Details - ImportResultOutputID=f1e3f51dc4f672715fc8249c1c1945cf DependenciesID=cd4f012077ceb9fa646658790432990f StaticDependenciesID=397c2fad1896626a251958394456e7ec 
Number of updated asset objects reloaded before import = 0
Number of asset objects unloaded after import = 0
========================================================================
Received Import Request.
  Time of request: 2026-08-05T18:44:47.1107055Z
  Time since last request: 0.0004176 seconds.
  importAddress: GUID: 33c6a89291fe4454fb69c9af968b6830 - Path: Packages/com.unity.visualscripting/Runtime/VisualScripting.Flow/Framework/Collections/CountItems.cs - Importer: ScriptedImporter/UnityEditor.QuickSearchModule:UnityEditor.Search:ASIAI0B
Importing 'GUID: 33c6a89291fe4454fb69c9af968b6830 - Path: Packages/com.unity.visualscripting/Runtime/VisualScripting.Flow/Framework/Collections/CountItems.cs - Importer: ScriptedImporter/UnityEditor.QuickSearchModule:UnityEditor.Search:ASIAI0B' with importer (ScriptedImporter : UnityEditor.QuickSearchModule:UnityEditor.Search:ASIAI0B)
Imported 'GUID: 33c6a89291fe4454fb69c9af968b6830' -> (Import Result ID: '057414339f210e6e09b56c5acc4a0985') in 0.002 seconds [static and dynamic dependencies]. Details - ImportResultOutputID=5ef9732359069977346bc66dbbd3c9b9 DependenciesID=f9a83b5c249f68a19f964a291f3129ce StaticDependenciesID=ed264106bfde5789e5adfd9e1ae789aa 
Number of updated asset objects reloaded before import = 0
Number of asset objects unloaded after import = 0
========================================================================
Received Import Request.
  Time of request: 2026-08-05T18:44:47.1202099Z
  Time since last request: 0.0003502 seconds.
  importAddress: GUID: fed0565fb7e8d472aaf2db299ce61593 - Path: Packages/com.unity.visualscripting/Runtime/VisualScripting.Flow/Framework/Logic/Equal.cs - Importer: ScriptedImporter/UnityEditor.QuickSearchModule:UnityEditor.Search:ASIAI0B
Importing 'GUID: fed0565fb7e8d472aaf2db299ce61593 - Path: Packages/com.unity.visualscripting/Runtime/VisualScripting.Flow/Framework/Logic/Equal.cs - Importer: ScriptedImporter/UnityEditor.QuickSearchModule:UnityEditor.Search:ASIAI0B' with importer (ScriptedImporter : UnityEditor.QuickSearchModule:UnityEditor.Search:ASIAI0B)
Imported 'GUID: fed0565fb7e8d472aaf2db299ce61593' -> (Import Result ID: '0c696e88c7bfd5a6f1f509e9fd6a8af2') in 0.002 seconds [static and dynamic dependencies]. Details - ImportResultOutputID=ba4fc08df6cadcb71f99b5e07127fc76 DependenciesID=fc6883ea79c9a8159071ee895948d185 StaticDependenciesID=ff52822daa9855311ffa396b1d32096a 
Number of updated asset objects reloaded before import = 0
Number of asset objects unloaded after import = 0
========================================================================
Received Import Request.
  Time of request: 2026-08-05T18:44:47.130252Z
  Time since last request: 0.0003416 seconds.
  importAddress: GUID: d09df1476ce5a4e72af8be7f3006d3fe - Path: Packages/com.unity.visualscripting/Runtime/VisualScripting.Flow/Framework/Graph/GetGraphs.cs - Importer: ScriptedImporter/UnityEditor.QuickSearchModule:UnityEditor.Search:ASIAI0B
Importing 'GUID: d09df1476ce5a4e72af8be7f3006d3fe - Path: Packages/com.unity.visualscripting/Runtime/VisualScripting.Flow/Framework/Graph/GetGraphs.cs - Importer: ScriptedImporter/UnityEditor.QuickSearchModule:UnityEditor.Search:ASIAI0B' with importer (ScriptedImporter : UnityEditor.QuickSearchModule:UnityEditor.Search:ASIAI0B)
Imported 'GUID: d09df1476ce5a4e72af8be7f3006d3fe' -> (Import Result ID: 'f3ea4db2eafb5ae2cdec8a5e91220b52') in 0.002 seconds [static and dynamic dependencies]. Details - ImportResultOutputID=209d5abfd3e815e2d56b95b20e964653 DependenciesID=63d92176a489aba8cca7cc84b1d2e9f7 StaticDependenciesID=cf9673e4258540f75964d70ff1a47c28 
Number of updated asset objects reloaded before import = 0
Number of asset objects unloaded after import = 0
========================================================================
Received Import Request.
  Time of request: 2026-08-05T18:44:47.1414743Z
  Time since last request: 0.0003318 seconds.
  importAddress: GUID: 0db824a4c272f449289bfa24e1b40805 - Path: Packages/com.unity.visualscripting/Runtime/VisualScripting.Flow/Framework/Control/While.cs - Importer: ScriptedImporter/UnityEditor.QuickSearchModule:UnityEditor.Search:ASIAI0B
Importing 'GUID: 0db824a4c272f449289bfa24e1b40805 - Path: Packages/com.unity.visualscripting/Runtime/VisualScripting.Flow/Framework/Control/While.cs - Importer: ScriptedImporter/UnityEditor.QuickSearchModule:UnityEditor.Search:ASIAI0B' with importer (ScriptedImporter : UnityEditor.QuickSearchModule:UnityEditor.Search:ASIAI0B)
Imported 'GUID: 0db824a4c272f449289bfa24e1b40805' -> (Import Result ID: 'c10bd92ffa5714e3f13d6ee4de1d3b65') in 0.003 seconds [static and dynamic dependencies]. Details - ImportResultOutputID=ae179f2ae2c5ab31dc2b876ddc20a20e DependenciesID=3d89e1745a1b2149dd5d1a6e35a8b729 StaticDependenciesID=7f642b5d60f139c8f41f4f8a7a020f72 
Number of updated asset objects reloaded before import = 0
Number of asset objects unloaded after import = 0
========================================================================
Received Import Request.
  Time of request: 2026-08-05T18:44:47.1528451Z
  Time since last request: 0.0001879 seconds.
  importAddress: GUID: 1741ba912c026413193538282d720958 - Path: Packages/com.unity.visualscripting/Runtime/VisualScripting.Flow/Framework/Graph/GetScriptGraphs.cs - Importer: ScriptedImporter/UnityEditor.QuickSearchModule:UnityEditor.Search:ASIAI0B
Importing 'GUID: 1741ba912c026413193538282d720958 - Path: Packages/com.unity.visualscripting/Runtime/VisualScripting.Flow/Framework/Graph/GetScriptGraphs.cs - Importer: ScriptedImporter/UnityEditor.QuickSearchModule:UnityEditor.Search:ASIAI0B' with importer (ScriptedImporter : UnityEditor.QuickSearchModule:UnityEditor.Search:ASIAI0B)
Imported 'GUID: 1741ba912c026413193538282d720958' -> (Import Result ID: '6994656644c72f50fbb73b2369bf3185') in 0.002 seconds [static and dynamic dependencies]. Details - ImportResultOutputID=daa6b7bc5f4664c363586357c9ce1335 DependenciesID=416605d8f7da05e42e1cfbce0666b16f StaticDependenciesID=d104bba8b5ea6704ad601c0f537778a7 
Number of updated asset objects reloaded before import = 0
Number of asset objects unloaded after import = 0
========================================================================
Received Import Request.
  Time of request: 2026-08-05T18:44:47.161951Z
  Time since last request: 0.0005549 seconds.
  importAddress: GUID: 6b88f499ac51e4e2d8f1c0c092962494 - Path: Packages/com.unity.visualscripting/Runtime/VisualScripting.Flow/Framework/Control/Break.cs - Importer: ScriptedImporter/UnityEditor.QuickSearchModule:UnityEditor.Search:ASIAI0B
Importing 'GUID: 6b88f499ac51e4e2d8f1c0c092962494 - Path: Packages/com.unity.visualscripting/Runtime/VisualScripting.Flow/Framework/Control/Break.cs - Importer: ScriptedImporter/UnityEditor.QuickSearchModule:UnityEditor.Search:ASIAI0B' with importer (ScriptedImporter : UnityEditor.QuickSearchModule:UnityEditor.Search:ASIAI0B)
Imported 'GUID: 6b88f499ac51e4e2d8f1c0c092962494' -> (Import Result ID: 'c958c6e5ad609ed7984c4529aea3abe6') in 0.003 seconds [static and dynamic dependencies]. Details - ImportResultOutputID=f4eaf0b47fa9d697fd7acef28ed84494 DependenciesID=cbb84f19d38f2136030beaf92e3e4878 StaticDependenciesID=04953f192751fc2aa35525298a0c0a02 
Number of updated asset objects reloaded before import = 0
Number of asset objects unloaded after import = 0
========================================================================
Received Import Request.
  Time of request: 2026-08-05T18:44:47.1730135Z
  Time since last request: 0.000396 seconds.
  importAddress: GUID: 0617241f63fdf4b819789715e39c4a90 - Path: Packages/com.unity.visualscripting/Runtime/VisualScripting.Flow/Framework/Graph/GetScriptGraph.cs - Importer: ScriptedImporter/UnityEditor.QuickSearchModule:UnityEditor.Search:ASIAI0B
Importing 'GUID: 0617241f63fdf4b819789715e39c4a90 - Path: Packages/com.unity.visualscripting/Runtime/VisualScripting.Flow/Framework/Graph/GetScriptGraph.cs - Importer: ScriptedImporter/UnityEditor.QuickSearchModule:UnityEditor.Search:ASIAI0B' with importer (ScriptedImporter : UnityEditor.QuickSearchModule:UnityEditor.Search:ASIAI0B)
Imported 'GUID: 0617241f63fdf4b819789715e39c4a90' -> (Import Result ID: '0afc1c32dd2e2ad09794225f3f96dd37') in 0.002 seconds [static and dynamic dependencies]. Details - ImportResultOutputID=597bb9ea7dc7c68576dde8684734d3f0 DependenciesID=aafaf4687686934e3cf573033eefc7ed StaticDependenciesID=530260d6e14d3612bfe5aaa5d2373d0c 
Number of updated asset objects reloaded before import = 0
Number of asset objects unloaded after import = 0
========================================================================
Received Import Request.
  Time of request: 2026-08-05T18:44:47.1928036Z
  Time since last request: 0.0090707 seconds.
  importAddress: GUID: f55d126cc6c2f47c59e44b0f810c9e55 - Path: Packages/com.unity.visualscripting/Runtime/VisualScripting.Flow/Framework/Variables/SetVariable.cs - Importer: ScriptedImporter/UnityEditor.QuickSearchModule:UnityEditor.Search:ASIAI0B
Importing 'GUID: f55d126cc6c2f47c59e44b0f810c9e55 - Path: Packages/com.unity.visualscripting/Runtime/VisualScripting.Flow/Framework/Variables/SetVariable.cs - Importer: ScriptedImporter/UnityEditor.QuickSearchModule:UnityEditor.Search:ASIAI0B' with importer (ScriptedImporter : UnityEditor.QuickSearchModule:UnityEditor.Search:ASIAI0B)
Imported 'GUID: f55d126cc6c2f47c59e44b0f810c9e55' -> (Import Result ID: 'e0d73578211fc95d053312910aff8f39') in 0.002 seconds [static and dynamic dependencies]. Details - ImportResultOutputID=cd2db02cf59fd270ef28e510d13ad131 DependenciesID=87d222aab5a3aa8db76c277f6a5b6ed6 StaticDependenciesID=4d1543c2d687cbf2bddc3971be2ec247 
Number of updated asset objects reloaded before import = 0
Number of asset objects unloaded after import = 0
========================================================================
Received Import Request.
  Time of request: 2026-08-05T18:44:47.2022944Z
  Time since last request: 0.0004733 seconds.
  importAddress: GUID: 94caeea3697674618a0f62b74280e958 - Path: Packages/com.unity.visualscripting/Runtime/VisualScripting.Flow/Framework/Math/Sum.cs - Importer: ScriptedImporter/UnityEditor.QuickSearchModule:UnityEditor.Search:ASIAI0B
Importing 'GUID: 94caeea3697674618a0f62b74280e958 - Path: Packages/com.unity.visualscripting/Runtime/VisualScripting.Flow/Framework/Math/Sum.cs - Importer: ScriptedImporter/UnityEditor.QuickSearchModule:UnityEditor.Search:ASIAI0B' with importer (ScriptedImporter : UnityEditor.QuickSearchModule:UnityEditor.Search:ASIAI0B)
Imported 'GUID: 94caeea3697674618a0f62b74280e958' -> (Import Result ID: '884e7a44063d862e4d19629b33e26385') in 0.002 seconds [static and dynamic dependencies]. Details - ImportResultOutputID=aee3919db0052ec43f4bac7a1d7dce89 DependenciesID=1b203f00881f5650d6232481a68ca96b StaticDependenciesID=923c6c48d4fc842f0460a58502d073da 
Number of updated asset objects reloaded before import = 0
Number of asset objects unloaded after import = 0
========================================================================
Received Import Request.
  Time of request: 2026-08-05T18:44:47.2124597Z
  Time since last request: 0.000602 seconds.
  importAddress: GUID: e93461aec6b434e33b8f3b1ce909f94f - Path: Packages/com.unity.visualscripting/Runtime/VisualScripting.Flow/Framework/Math/Lerp.cs - Importer: ScriptedImporter/UnityEditor.QuickSearchModule:UnityEditor.Search:ASIAI0B
Importing 'GUID: e93461aec6b434e33b8f3b1ce909f94f - Path: Packages/com.unity.visualscripting/Runtime/VisualScripting.Flow/Framework/Math/Lerp.cs - Importer: ScriptedImporter/UnityEditor.QuickSearchModule:UnityEditor.Search:ASIAI0B' with importer (ScriptedImporter : UnityEditor.QuickSearchModule:UnityEditor.Search:ASIAI0B)
Imported 'GUID: e93461aec6b434e33b8f3b1ce909f94f' -> (Import Result ID: 'fc368f2acb4817251654e7dae7d9d046') in 0.002 seconds [static and dynamic dependencies]. Details - ImportResultOutputID=44aabdbc5836f77797fece10cf6d9c46 DependenciesID=d144a3fe2602081d15fe07ac60f9b31a StaticDependenciesID=e5656f2d2eb07e01f4bcb2143057e7a7 
Number of updated asset objects reloaded before import = 0
Number of asset objects unloaded after import = 0
========================================================================
Received Import Request.
  Time of request: 2026-08-05T18:44:47.2221599Z
  Time since last request: 0.0002998 seconds.
  importAddress: GUID: 1e7022f31fb6241748cc2cb35bace5b6 - Path: Packages/com.unity.visualscripting/Runtime/VisualScripting.Flow/Framework/Nesting/GraphOutput.cs - Importer: ScriptedImporter/UnityEditor.QuickSearchModule:UnityEditor.Search:ASIAI0B
Importing 'GUID: 1e7022f31fb6241748cc2cb35bace5b6 - Path: Packages/com.unity.visualscripting/Runtime/VisualScripting.Flow/Framework/Nesting/GraphOutput.cs - Importer: ScriptedImporter/UnityEditor.QuickSearchModule:UnityEditor.Search:ASIAI0B' with importer (ScriptedImporter : UnityEditor.QuickSearchModule:UnityEditor.Search:ASIAI0B)
Imported 'GUID: 1e7022f31fb6241748cc2cb35bace5b6' -> (Import Result ID: '9eaee62c498086690d6cbe5cf4f0ab91') in 0.003 seconds [static and dynamic dependencies]. Details - ImportResultOutputID=939d9f1bb1815e0e910fa951fe09131f DependenciesID=b5ec3e2e4fda8142483b2859a48a5728 StaticDependenciesID=d8cd16c6def1ec66baa07cce8f4442e2 
Number of updated asset objects reloaded before import = 0
Number of asset objects unloaded after import = 0
========================================================================
Received Import Request.
  Time of request: 2026-08-05T18:44:47.2333073Z
  Time since last request: 0.0003005 seconds.
  importAddress: GUID: 08418bca4bc8e4506aeb510a5267664a - Path: Packages/com.unity.visualscripting/Runtime/VisualScripting.Flow/Framework/Time/WaitForEndOfFrameUnit.cs - Importer: ScriptedImporter/UnityEditor.QuickSearchModule:UnityEditor.Search:ASIAI0B
Importing 'GUID: 08418bca4bc8e4506aeb510a5267664a - Path: Packages/com.unity.visualscripting/Runtime/VisualScripting.Flow/Framework/Time/WaitForEndOfFrameUnit.cs - Importer: ScriptedImporter/UnityEditor.QuickSearchModule:UnityEditor.Search:ASIAI0B' with importer (ScriptedImporter : UnityEditor.QuickSearchModule:UnityEditor.Search:ASIAI0B)
Imported 'GUID: 08418bca4bc8e4506aeb510a5267664a' -> (Import Result ID: 'b35e28e77dcc4154e8382906f2216c48') in 0.003 seconds [static and dynamic dependencies]. Details - ImportResultOutputID=a4eb3d97cb96e53962d5b1688ea38e76 DependenciesID=6d063117ffe7c12fc08f996e2b680397 StaticDependenciesID=a1764552d6c8b54c1bc7feaa1f16236a 
Number of updated asset objects reloaded before import = 0
Number of asset objects unloaded after import = 0
========================================================================
Received Import Request.
  Time of request: 2026-08-05T18:44:47.2452195Z
  Time since last request: 0.0003781 seconds.
  importAddress: GUID: 962d2c1de100b4bee951cc5d53693b9f - Path: Packages/com.unity.visualscripting/Runtime/VisualScripting.Flow/Framework/Time/Cooldown.cs - Importer: ScriptedImporter/UnityEditor.QuickSearchModule:UnityEditor.Search:ASIAI0B
Importing 'GUID: 962d2c1de100b4bee951cc5d53693b9f - Path: Packages/com.unity.visualscripting/Runtime/VisualScripting.Flow/Framework/Time/Cooldown.cs - Importer: ScriptedImporter/UnityEditor.QuickSearchModule:UnityEditor.Search:ASIAI0B' with importer (ScriptedImporter : UnityEditor.QuickSearchModule:UnityEditor.Search:ASIAI0B)
Imported 'GUID: 962d2c1de100b4bee951cc5d53693b9f' -> (Import Result ID: '628e1cf20fafa01b480298cf37b368ee') in 0.002 seconds [static and dynamic dependencies]. Details - ImportResultOutputID=1d4a9a799ec90d6fe438f14b077103d4 DependenciesID=18dbc1f1431b058c6706bd4ac2bb1f29 StaticDependenciesID=d6a5567076a6ecabfa2e903bee3aeb47 
Number of updated asset objects reloaded before import = 0
Number of asset objects unloaded after import = 0
========================================================================
Received Import Request.
  Time of request: 2026-08-05T18:44:47.2540662Z
  Time since last request: 0.0003493 seconds.
  importAddress: GUID: ba4bd843a07c44397b363f4ea37a5328 - Path: Packages/com.unity.visualscripting/Runtime/VisualScripting.Flow/Framework/Logic/Less.cs - Importer: ScriptedImporter/UnityEditor.QuickSearchModule:UnityEditor.Search:ASIAI0B
Importing 'GUID: ba4bd843a07c44397b363f4ea37a5328 - Path: Packages/com.unity.visualscripting/Runtime/VisualScripting.Flow/Framework/Logic/Less.cs - Importer: ScriptedImporter/UnityEditor.QuickSearchModule:UnityEditor.Search:ASIAI0B' with importer (ScriptedImporter : UnityEditor.QuickSearchModule:UnityEditor.Search:ASIAI0B)
Imported 'GUID: ba4bd843a07c44397b363f4ea37a5328' -> (Import Result ID: '78ed2b1f60623aeeed7206ef0d6ffd0e') in 0.002 seconds [static and dynamic dependencies]. Details - ImportResultOutputID=1b312cde7783059543e90fa28c88d98b DependenciesID=dbd3e4209f8912094fe148fc8612f363 StaticDependenciesID=b054d7a60a2debc8c2306bed0d3122a2 
Number of updated asset objects reloaded before import = 0
Number of asset objects unloaded after import = 0
========================================================================
Received Import Request.
  Time of request: 2026-08-05T18:44:47.2633833Z
  Time since last request: 0.0003197 seconds.
  importAddress: GUID: 9d73619b4290942afaf5a541d4ff2d4b - Path: Packages/com.unity.visualscripting/Editor/VisualScripting.Core/Dependencies/ReorderableList/ElementAdderMenu/IElementAdderMenuCommand.cs - Importer: ScriptedImporter/UnityEditor.QuickSearchModule:UnityEditor.Search:ASIAI0B
Importing 'GUID: 9d73619b4290942afaf5a541d4ff2d4b - Path: Packages/com.unity.visualscripting/Editor/VisualScripting.Core/Dependencies/ReorderableList/ElementAdderMenu/IElementAdderMenuCommand.cs - Importer: ScriptedImporter/UnityEditor.QuickSearchModule:UnityEditor.Search:ASIAI0B' with importer (ScriptedImporter : UnityEditor.QuickSearchModule:UnityEditor.Search:ASIAI0B)
Imported 'GUID: 9d73619b4290942afaf5a541d4ff2d4b' -> (Import Result ID: '37d58aefa7608b724322eff17c90db64') in 0.002 seconds [static and dynamic dependencies]. Details - ImportResultOutputID=5288ec1ad98a080506838ee64a3e920f DependenciesID=15fd802005c13cdd9df0c4a44434a378 StaticDependenciesID=c521a9a36dc4f0da38f7ce0ebab035a8 
Number of updated asset objects reloaded before import = 0
Number of asset objects unloaded after import = 0
========================================================================
Received Import Request.
  Time of request: 2026-08-05T18:44:47.2735833Z
  Time since last request: 0.000536 seconds.
  importAddress: GUID: ce45d6791b921454c821e8a1c9b5bd30 - Path: Packages/com.unity.visualscripting/Editor/VisualScripting.Core/Dependencies/ReorderableList/Internal/SerializedPropertyUtility.cs - Importer: ScriptedImporter/UnityEditor.QuickSearchModule:UnityEditor.Search:ASIAI0B
Importing 'GUID: ce45d6791b921454c821e8a1c9b5bd30 - Path: Packages/com.unity.visualscripting/Editor/VisualScripting.Core/Dependencies/ReorderableList/Internal/SerializedPropertyUtility.cs - Importer: ScriptedImporter/UnityEditor.QuickSearchModule:UnityEditor.Search:ASIAI0B' with importer (ScriptedImporter : UnityEditor.QuickSearchModule:UnityEditor.Search:ASIAI0B)
Imported 'GUID: ce45d6791b921454c821e8a1c9b5bd30' -> (Import Result ID: '95d0483e79275112414125c7108034b7') in 0.002 seconds [static and dynamic dependencies]. Details - ImportResultOutputID=4561d76bc7de20e8acf72a6fa41fcf8d DependenciesID=1cb2afff262156105aa979edc3d4efa4 StaticDependenciesID=0c622010eaf5a1e284f9f9f4e2e9ed3f 
Number of updated asset objects reloaded before import = 0
Number of asset objects unloaded after import = 0
========================================================================
Received Import Request.
  Time of request: 2026-08-05T18:44:47.2930844Z
  Time since last request: 0.010608 seconds.
  importAddress: GUID: f21f00f209cdd41b7a2b2f6c805ef05e - Path: Packages/com.unity.visualscripting/Editor/VisualScripting.Core/Plugin/Changelogs/LegacyLudiqGraphs/Changelog_1_2_3.cs - Importer: ScriptedImporter/UnityEditor.QuickSearchModule:UnityEditor.Search:ASIAI0B
Importing 'GUID: f21f00f209cdd41b7a2b2f6c805ef05e - Path: Packages/com.unity.visualscripting/Editor/VisualScripting.Core/Plugin/Changelogs/LegacyLudiqGraphs/Changelog_1_2_3.cs - Importer: ScriptedImporter/UnityEditor.QuickSearchModule:UnityEditor.Search:ASIAI0B' with importer (ScriptedImporter : UnityEditor.QuickSearchModule:UnityEditor.Search:ASIAI0B)
Imported 'GUID: f21f00f209cdd41b7a2b2f6c805ef05e' -> (Import Result ID: '9a2b22b385785455a6c8f06dfa1b4354') in 0.003 seconds [static and dynamic dependencies]. Details - ImportResultOutputID=92d41f94e5fece207aaa0db39c24e447 DependenciesID=c5a60f65e21e65bc227e1916084d2e32 StaticDependenciesID=2c389499324d8976d1323ff71a11d95d 
Number of updated asset objects reloaded before import = 0
Number of asset objects unloaded after import = 0
========================================================================
Received Import Request.
  Time of request: 2026-08-05T18:44:47.3054427Z
  Time since last request: 0.0002878 seconds.
  importAddress: GUID: b142f439114984af3a532b57fda2c820 - Path: Packages/com.unity.visualscripting/Editor/VisualScripting.Core/Plugin/Changelogs/LegacyLudiqCore/Changelog_1_0_3.cs - Importer: ScriptedImporter/UnityEditor.QuickSearchModule:UnityEditor.Search:ASIAI0B
Importing 'GUID: b142f439114984af3a532b57fda2c820 - Path: Packages/com.unity.visualscripting/Editor/VisualScripting.Core/Plugin/Changelogs/LegacyLudiqCore/Changelog_1_0_3.cs - Importer: ScriptedImporter/UnityEditor.QuickSearchModule:UnityEditor.Search:ASIAI0B' with importer (ScriptedImporter : UnityEditor.QuickSearchModule:UnityEditor.Search:ASIAI0B)
Imported 'GUID: b142f439114984af3a532b57fda2c820' -> (Import Result ID: '9af96125c974c07055d3fde5af9d0631') in 0.003 seconds [static and dynamic dependencies]. Details - ImportResultOutputID=e93f5801cde9f9157f0284a03765fa5a DependenciesID=30cd6ef1e25513c3a278b2256dd4072a StaticDependenciesID=b3a7df083d865958b384452b344d84ed 
Number of updated asset objects reloaded before import = 0
Number of asset objects unloaded after import = 0
========================================================================
Received Import Request.
  Time of request: 2026-08-05T18:44:47.316698Z
  Time since last request: 0.0003153 seconds.
  importAddress: GUID: cbce043494e0e44c19b7b72e0abfc875 - Path: Packages/com.unity.visualscripting/Editor/VisualScripting.Core/Plugin/Changelogs/LegacyLudiqCore/Changelog_1_2_4.cs - Importer: ScriptedImporter/UnityEditor.QuickSearchModule:UnityEditor.Search:ASIAI0B
Importing 'GUID: cbce043494e0e44c19b7b72e0abfc875 - Path: Packages/com.unity.visualscripting/Editor/VisualScripting.Core/Plugin/Changelogs/LegacyLudiqCore/Changelog_1_2_4.cs - Importer: ScriptedImporter/UnityEditor.QuickSearchModule:UnityEditor.Search:ASIAI0B' with importer (ScriptedImporter : UnityEditor.QuickSearchModule:UnityEditor.Search:ASIAI0B)
Imported 'GUID: cbce043494e0e44c19b7b72e0abfc875' -> (Import Result ID: 'c94d3b7ae660e9aeeb0a7a5489aa56bb') in 0.002 seconds [static and dynamic dependencies]. Details - ImportResultOutputID=9e5935ce5a3264869c58ef7a41527054 DependenciesID=1bce472797a7348e23b915d2b62a263a StaticDependenciesID=6fb19773b4fb049f8b85872afddf072e 
Number of updated asset objects reloaded before import = 0
Number of asset objects unloaded after import = 0
========================================================================
Received Import Request.
  Time of request: 2026-08-05T18:44:47.3266333Z
  Time since last request: 0.0002915 seconds.
  importAddress: GUID: 88c617e7448984bd8bf8b0f44f886997 - Path: Packages/com.unity.visualscripting/Editor/VisualScripting.Core/Plugin/Changelogs/LegacyLudiqGraphs/Changelog_1_0_0.cs - Importer: ScriptedImporter/UnityEditor.QuickSearchModule:UnityEditor.Search:ASIAI0B
Importing 'GUID: 88c617e7448984bd8bf8b0f44f886997 - Path: Packages/com.unity.visualscripting/Editor/VisualScripting.Core/Plugin/Changelogs/LegacyLudiqGraphs/Changelog_1_0_0.cs - Importer: ScriptedImporter/UnityEditor.QuickSearchModule:UnityEditor.Search:ASIAI0B' with importer (ScriptedImporter : UnityEditor.QuickSearchModule:UnityEditor.Search:ASIAI0B)
Imported 'GUID: 88c617e7448984bd8bf8b0f44f886997' -> (Import Result ID: 'fdd6329cf6635ac3c1821224fb3326ad') in 0.002 seconds [static and dynamic dependencies]. Details - ImportResultOutputID=e9abbde0277bfcc0ff221d007a99f64f DependenciesID=aedc52e79f7a7cab61dfa2b5e6e7244b StaticDependenciesID=8abf3a90e3a2e2a23c875148d879e68e 
Number of updated asset objects reloaded before import = 0
Number of asset objects unloaded after import = 0
========================================================================
Received Import Request.
  Time of request: 2026-08-05T18:44:47.3366795Z
  Time since last request: 0.0002412 seconds.
  importAddress: GUID: d65390ab220d443b3a5666febef6afda - Path: Packages/com.unity.visualscripting/Editor/VisualScripting.Core/Plugin/Changelogs/LegacyLudiqGraphs/Changelog_1_1_1.cs - Importer: ScriptedImporter/UnityEditor.QuickSearchModule:UnityEditor.Search:ASIAI0B
Importing 'GUID: d65390ab220d443b3a5666febef6afda - Path: Packages/com.unity.visualscripting/Editor/VisualScripting.Core/Plugin/Changelogs/LegacyLudiqGraphs/Changelog_1_1_1.cs - Importer: ScriptedImporter/UnityEditor.QuickSearchModule:UnityEditor.Search:ASIAI0B' with importer (ScriptedImporter : UnityEditor.QuickSearchModule:UnityEditor.Search:ASIAI0B)
Imported 'GUID: d65390ab220d443b3a5666febef6afda' -> (Import Result ID: 'c907f6d599743ee32ed5153ee9703f90') in 0.002 seconds [static and dynamic dependencies]. Details - ImportResultOutputID=8d651d75c0b76b84586ef30e09db0d3a DependenciesID=a634aa51be38689f72921a9f23395812 StaticDependenciesID=4d070080868ce2fba67c5329df09f968 
Number of updated asset objects reloaded before import = 0
Number of asset objects unloaded after import = 0
========================================================================
Received Import Request.
  Time of request: 2026-08-05T18:44:47.3462881Z
  Time since last request: 0.0002266 seconds.
  importAddress: GUID: f85fe1ea3f9664fb9be7ce694de49076 - Path: Packages/com.unity.visualscripting/Runtime/VisualScripting.Core/Dependencies/FullSerializer/Converters/fsForwardConverter.cs - Importer: ScriptedImporter/UnityEditor.QuickSearchModule:UnityEditor.Search:ASIAI0B
Importing 'GUID: f85fe1ea3f9664fb9be7ce694de49076 - Path: Packages/com.unity.visualscripting/Runtime/VisualScripting.Core/Dependencies/FullSerializer/Converters/fsForwardConverter.cs - Importer: ScriptedImporter/UnityEditor.QuickSearchModule:UnityEditor.Search:ASIAI0B' with importer (ScriptedImporter : UnityEditor.QuickSearchModule:UnityEditor.Search:ASIAI0B)
Imported 'GUID: f85fe1ea3f9664fb9be7ce694de49076' -> (Import Result ID: 'defb34de6159aded0205e8381990c909') in 0.002 seconds [static and dynamic dependencies]. Details - ImportResultOutputID=48225e055d629660d2301ce28b1379ef DependenciesID=16045cffd4903098b25148492e5e31f1 StaticDependenciesID=160e686741c6240560047099eb44bf51 
Number of updated asset objects reloaded before import = 0
Number of asset objects unloaded after import = 0
========================================================================
Received Import Request.
  Time of request: 2026-08-05T18:44:47.3554533Z
  Time since last request: 0.0004335 seconds.
  importAddress: GUID: f3b23c5b811b54a9ab7a6c88146a46a5 - Path: Packages/com.unity.visualscripting/Editor/VisualScripting.Core/Plugin/Changelogs/LegacyLudiqGraphs/Changelog_1_4_1.cs - Importer: ScriptedImporter/UnityEditor.QuickSearchModule:UnityEditor.Search:ASIAI0B
Importing 'GUID: f3b23c5b811b54a9ab7a6c88146a46a5 - Path: Packages/com.unity.visualscripting/Editor/VisualScripting.Core/Plugin/Changelogs/LegacyLudiqGraphs/Changelog_1_4_1.cs - Importer: ScriptedImporter/UnityEditor.QuickSearchModule:UnityEditor.Search:ASIAI0B' with importer (ScriptedImporter : UnityEditor.QuickSearchModule:UnityEditor.Search:ASIAI0B)
Imported 'GUID: f3b23c5b811b54a9ab7a6c88146a46a5' -> (Import Result ID: '9fe7bfa6a8ea687255c9e703777e895e') in 0.003 seconds [static and dynamic dependencies]. Details - ImportResultOutputID=758b6b64f439b9065599bf6770c2d0dc DependenciesID=28df3675580cbdff88e93987a109ccd0 StaticDependenciesID=0b657bbde40ae89856d917f27222f0c3 
Number of updated asset objects reloaded before import = 0
Number of asset objects unloaded after import = 0
========================================================================
Received Import Request.
  Time of request: 2026-08-05T18:44:47.3673186Z
  Time since last request: 0.0004447 seconds.
  importAddress: GUID: f054a4715ad254dfab245269e62c3b44 - Path: Packages/com.unity.visualscripting/Editor/VisualScripting.Core/Plugin/Changelogs/LegacyLudiqCore/Changelog_1_4_9.cs - Importer: ScriptedImporter/UnityEditor.QuickSearchModule:UnityEditor.Search:ASIAI0B
Importing 'GUID: f054a4715ad254dfab245269e62c3b44 - Path: Packages/com.unity.visualscripting/Editor/VisualScripting.Core/Plugin/Changelogs/LegacyLudiqCore/Changelog_1_4_9.cs - Importer: ScriptedImporter/UnityEditor.QuickSearchModule:UnityEditor.Search:ASIAI0B' with importer (ScriptedImporter : UnityEditor.QuickSearchModule:UnityEditor.Search:ASIAI0B)
Imported 'GUID: f054a4715ad254dfab245269e62c3b44' -> (Import Result ID: '521b021bfd960e6da5b4c13dfd8e008d') in 0.002 seconds [static and dynamic dependencies]. Details - ImportResultOutputID=b588f2e360bd0fee6f1bda28c1c140c1 DependenciesID=f6988a1f1c458b5c40e9037147f60add StaticDependenciesID=d238e387fadb3f06dd6c263bd1667ef8 
Number of updated asset objects reloaded before import = 0
Number of asset objects unloaded after import = 0
========================================================================
Received Import Request.
  Time of request: 2026-08-05T18:44:47.3765333Z
  Time since last request: 0.0003794 seconds.
  importAddress: GUID: a92931672c51943ebb6d1c3da58ac6dc - Path: Packages/com.unity.visualscripting/Editor/VisualScripting.Core/Plugin/Changelogs/LegacyLudiqGraphs/Changelog_1_4_6.cs - Importer: ScriptedImporter/UnityEditor.QuickSearchModule:UnityEditor.Search:ASIAI0B
Importing 'GUID: a92931672c51943ebb6d1c3da58ac6dc - Path: Packages/com.unity.visualscripting/Editor/VisualScripting.Core/Plugin/Changelogs/LegacyLudiqGraphs/Changelog_1_4_6.cs - Importer: ScriptedImporter/UnityEditor.QuickSearchModule:UnityEditor.Search:ASIAI0B' with importer (ScriptedImporter : UnityEditor.QuickSearchModule:UnityEditor.Search:ASIAI0B)
Imported 'GUID: a92931672c51943ebb6d1c3da58ac6dc' -> (Import Result ID: 'f5e2fcf5156f5bfda1a8a84c171a1430') in 0.002 seconds [static and dynamic dependencies]. Details - ImportResultOutputID=b6ba503e5fcdfc4d37a1526b79e5f5b6 DependenciesID=908f84284b621d165b4eab5a31883e90 StaticDependenciesID=4348b4354bc03b3c4e9791705626fee7 
Number of updated asset objects reloaded before import = 0
Number of asset objects unloaded after import = 0
========================================================================
Received Import Request.
  Time of request: 2026-08-05T18:44:47.4088482Z
  Time since last request: 0.0233253 seconds.
  importAddress: GUID: e4a7c13c64f25473ea761f6e55d8aeed - Path: Packages/com.unity.visualscripting/Runtime/VisualScripting.Flow/Framework/Collections/Dictionaries/RemoveDictionaryItem.cs - Importer: ScriptedImporter/UnityEditor.QuickSearchModule:UnityEditor.Search:ASIAI0B
Importing 'GUID: e4a7c13c64f25473ea761f6e55d8aeed - Path: Packages/com.unity.visualscripting/Runtime/VisualScripting.Flow/Framework/Collections/Dictionaries/RemoveDictionaryItem.cs - Importer: ScriptedImporter/UnityEditor.QuickSearchModule:UnityEditor.Search:ASIAI0B' with importer (ScriptedImporter : UnityEditor.QuickSearchModule:UnityEditor.Search:ASIAI0B)
Imported 'GUID: e4a7c13c64f25473ea761f6e55d8aeed' -> (Import Result ID: 'dc660b32fd2aa1457c12c940f99f0fd7') in 0.002 seconds [static and dynamic dependencies]. Details - ImportResultOutputID=40c9cd1c3ad93fa9c0cc2b9d5aa2d976 DependenciesID=aec5e327a9f7b542e60ec411746102ee StaticDependenciesID=3328e533d890f7cab432d16f50490c01 
Number of updated asset objects reloaded before import = 0
Number of asset objects unloaded after import = 0
========================================================================
Received Import Request.
  Time of request: 2026-08-05T18:44:47.4181557Z
  Time since last request: 0.000519 seconds.
  importAddress: GUID: 845c21f63a3264ef1b3405aa9ab7ca34 - Path: Packages/com.unity.visualscripting/Runtime/VisualScripting.Flow/Framework/Events/Application/OnApplicationPause.cs - Importer: ScriptedImporter/UnityEditor.QuickSearchModule:UnityEditor.Search:ASIAI0B
Importing 'GUID: 845c21f63a3264ef1b3405aa9ab7ca34 - Path: Packages/com.unity.visualscripting/Runtime/VisualScripting.Flow/Framework/Events/Application/OnApplicationPause.cs - Importer: ScriptedImporter/UnityEditor.QuickSearchModule:UnityEditor.Search:ASIAI0B' with importer (ScriptedImporter : UnityEditor.QuickSearchModule:UnityEditor.Search:ASIAI0B)
Imported 'GUID: 845c21f63a3264ef1b3405aa9ab7ca34' -> (Import Result ID: 'b51c51ce73f355216228925eda330edd') in 0.003 seconds [static and dynamic dependencies]. Details - ImportResultOutputID=0cfccf26360567ca8e5e6b62669220da DependenciesID=7bf720cfc3ebfd80cf5214d13fbbbf4e StaticDependenciesID=a9f0f31ac9780f92a719501e756836e5 
Number of updated asset objects reloaded before import = 0
Number of asset objects unloaded after import = 0
========================================================================
Received Import Request.
  Time of request: 2026-08-05T18:44:47.4291621Z
  Time since last request: 0.0002164 seconds.
  importAddress: GUID: 2a27e2d609de84c398a54131860c6a4c - Path: Packages/com.unity.visualscripting/Runtime/VisualScripting.Flow/Framework/Events/GUI/OnMove.cs - Importer: ScriptedImporter/UnityEditor.QuickSearchModule:UnityEditor.Search:ASIAI0B
Importing 'GUID: 2a27e2d609de84c398a54131860c6a4c - Path: Packages/com.unity.visualscripting/Runtime/VisualScripting.Flow/Framework/Events/GUI/OnMove.cs - Importer: ScriptedImporter/UnityEditor.QuickSearchModule:UnityEditor.Search:ASIAI0B' with importer (ScriptedImporter : UnityEditor.QuickSearchModule:UnityEditor.Search:ASIAI0B)
Imported 'GUID: 2a27e2d609de84c398a54131860c6a4c' -> (Import Result ID: '03691bdc2e529b4a5c7e838d4a4044ef') in 0.003 seconds [static and dynamic dependencies]. Details - ImportResultOutputID=1fcdb4ce2d0c10fadcb7e9697d18694f DependenciesID=6db5e268f2ac4bf3e07efe3b2ef2fe7d StaticDependenciesID=693f2f6709868fb9fd1a3f3f3c4f6cac 
Number of updated asset objects reloaded before import = 0
Number of asset objects unloaded after import = 0
========================================================================
Received Import Request.
  Time of request: 2026-08-05T18:44:47.4410008Z
  Time since last request: 0.0002711 seconds.
  importAddress: GUID: 962e1af06fc3e44f49a53caa13aff21e - Path: Packages/com.unity.visualscripting/Runtime/VisualScripting.Flow/Framework/Events/GUI/OnScroll.cs - Importer: ScriptedImporter/UnityEditor.QuickSearchModule:UnityEditor.Search:ASIAI0B
Importing 'GUID: 962e1af06fc3e44f49a53caa13aff21e - Path: Packages/com.unity.visualscripting/Runtime/VisualScripting.Flow/Framework/Events/GUI/OnScroll.cs - Importer: ScriptedImporter/UnityEditor.QuickSearchModule:UnityEditor.Search:ASIAI0B' with importer (ScriptedImporter : UnityEditor.QuickSearchModule:UnityEditor.Search:ASIAI0B)
Imported 'GUID: 962e1af06fc3e44f49a53caa13aff21e' -> (Import Result ID: 'c812de92040c6aadbf50911db82538c1') in 0.003 seconds [static and dynamic dependencies]. Details - ImportResultOutputID=a3734a90c9e99c37fdc3f76ffc36faad DependenciesID=89658ba9edc50a15cbd26ac2d8457227 StaticDependenciesID=15361e80e96436188c02e9084087372b 
Number of updated asset objects reloaded before import = 0
Number of asset objects unloaded after import = 0
========================================================================
Received Import Request.
  Time of request: 2026-08-05T18:44:47.4516411Z
  Time since last request: 0.0007691 seconds.
  importAddress: GUID: 4fb1cea9670ed404b8b39e9753cb227d - Path: Packages/com.unity.visualscripting/Runtime/VisualScripting.Flow/Framework/Events/GUI/OnPointerDown.cs - Importer: ScriptedImporter/UnityEditor.QuickSearchModule:UnityEditor.Search:ASIAI0B
Importing 'GUID: 4fb1cea9670ed404b8b39e9753cb227d - Path: Packages/com.unity.visualscripting/Runtime/VisualScripting.Flow/Framework/Events/GUI/OnPointerDown.cs - Importer: ScriptedImporter/UnityEditor.QuickSearchModule:UnityEditor.Search:ASIAI0B' with importer (ScriptedImporter : UnityEditor.QuickSearchModule:UnityEditor.Search:ASIAI0B)
Imported 'GUID: 4fb1cea9670ed404b8b39e9753cb227d' -> (Import Result ID: '6de240b7008a5c280849adb114d1f510') in 0.002 seconds [static and dynamic dependencies]. Details - ImportResultOutputID=a5ff755a7468c134e050b5234908ae49 DependenciesID=02907cb4a950184dec2fbe86e367a70f StaticDependenciesID=62779cd51ebe222a36c4914a1832445e 
Number of updated asset objects reloaded before import = 0
Number of asset objects unloaded after import = 0
========================================================================
Received Import Request.
  Time of request: 2026-08-05T18:44:47.4614706Z
  Time since last request: 0.0004495 seconds.
  importAddress: GUID: 6341e6a17829143b5894fd27dbf04b8a - Path: Packages/com.unity.visualscripting/Runtime/VisualScripting.Flow/Framework/Collections/Lists/MergeLists.cs - Importer: ScriptedImporter/UnityEditor.QuickSearchModule:UnityEditor.Search:ASIAI0B
Importing 'GUID: 6341e6a17829143b5894fd27dbf04b8a - Path: Packages/com.unity.visualscripting/Runtime/VisualScripting.Flow/Framework/Collections/Lists/MergeLists.cs - Importer: ScriptedImporter/UnityEditor.QuickSearchModule:UnityEditor.Search:ASIAI0B' with importer (ScriptedImporter : UnityEditor.QuickSearchModule:UnityEditor.Search:ASIAI0B)
Imported 'GUID: 6341e6a17829143b5894fd27dbf04b8a' -> (Import Result ID: '0787b57a548ee777cb58c24f4dc6e814') in 0.003 seconds [static and dynamic dependencies]. Details - ImportResultOutputID=fc90b283eeb7964001a2d924fda1e58c DependenciesID=4845a8a0e643831fe627d8fdf51030b9 StaticDependenciesID=8c891a6ede76d05de6493870216db736 
Number of updated asset objects reloaded before import = 0
Number of asset objects unloaded after import = 0
========================================================================
Received Import Request.
  Time of request: 2026-08-05T18:44:47.4722438Z
  Time since last request: 0.0003952 seconds.
  importAddress: GUID: 57352352fce8a4f57800fb25fb539745 - Path: Packages/com.unity.visualscripting/Runtime/VisualScripting.Core/Dependencies/FullSerializer/Converters/fsWeakReferenceConverter.cs - Importer: ScriptedImporter/UnityEditor.QuickSearchModule:UnityEditor.Search:ASIAI0B
Importing 'GUID: 57352352fce8a4f57800fb25fb539745 - Path: Packages/com.unity.visualscripting/Runtime/VisualScripting.Core/Dependencies/FullSerializer/Converters/fsWeakReferenceConverter.cs - Importer: ScriptedImporter/UnityEditor.QuickSearchModule:UnityEditor.Search:ASIAI0B' with importer (ScriptedImporter : UnityEditor.QuickSearchModule:UnityEditor.Search:ASIAI0B)
Imported 'GUID: 57352352fce8a4f57800fb25fb539745' -> (Import Result ID: 'd6032ab63e81c0ff063b2b6deb18eed2') in 0.002 seconds [static and dynamic dependencies]. Details - ImportResultOutputID=013fa475e70230c4a93d9192d70766ac DependenciesID=7ca4d6997f6e987873bcafda08cd3ff2 StaticDependenciesID=f4e06ea3a77b05073c4ad5889cb9ec8a 
Number of updated asset objects reloaded before import = 0
Number of asset objects unloaded after import = 0
========================================================================
Received Import Request.
  Time of request: 2026-08-05T18:44:47.4822645Z
  Time since last request: 0.0003036 seconds.
  importAddress: GUID: 56f45147e53b74230964d1066cb73f72 - Path: Packages/com.unity.visualscripting/Runtime/VisualScripting.Flow/Framework/Collections/Lists/AddListItem.cs - Importer: ScriptedImporter/UnityEditor.QuickSearchModule:UnityEditor.Search:ASIAI0B
Importing 'GUID: 56f45147e53b74230964d1066cb73f72 - Path: Packages/com.unity.visualscripting/Runtime/VisualScripting.Flow/Framework/Collections/Lists/AddListItem.cs - Importer: ScriptedImporter/UnityEditor.QuickSearchModule:UnityEditor.Search:ASIAI0B' with importer (ScriptedImporter : UnityEditor.QuickSearchModule:UnityEditor.Search:ASIAI0B)
Imported 'GUID: 56f45147e53b74230964d1066cb73f72' -> (Import Result ID: 'bb74b31603c245d4d03699c0b0b08796') in 0.002 seconds [static and dynamic dependencies]. Details - ImportResultOutputID=5427edb436dac6e51ebaf7e3d25deed3 DependenciesID=fd80e3fb205c88df02f1dbf0479fd0aa StaticDependenciesID=2664cdb42246c58e5468530f0a80edb7 
Number of updated asset objects reloaded before import = 0
Number of asset objects unloaded after import = 0
========================================================================
Received Import Request.
  Time of request: 2026-08-05T18:44:47.4926307Z
  Time since last request: 0.0004223 seconds.
  importAddress: GUID: c7f8ec277ae294bb78e0034461acc14f - Path: Packages/com.unity.visualscripting/Runtime/VisualScripting.Flow/Framework/Events/Animation/BoltAnimationEvent.cs - Importer: ScriptedImporter/UnityEditor.QuickSearchModule:UnityEditor.Search:ASIAI0B
Importing 'GUID: c7f8ec277ae294bb78e0034461acc14f - Path: Packages/com.unity.visualscripting/Runtime/VisualScripting.Flow/Framework/Events/Animation/BoltAnimationEvent.cs - Importer: ScriptedImporter/UnityEditor.QuickSearchModule:UnityEditor.Search:ASIAI0B' with importer (ScriptedImporter : UnityEditor.QuickSearchModule:UnityEditor.Search:ASIAI0B)
Imported 'GUID: c7f8ec277ae294bb78e0034461acc14f' -> (Import Result ID: 'dfb91bd72d7754ac7db5ee552fd05ed6') in 0.003 seconds [static and dynamic dependencies]. Details - ImportResultOutputID=cb818fa43d2281581fe5fbf7a963885b DependenciesID=ad67efb15b7141ce63f451bdd267a77a StaticDependenciesID=17e737bd0253f62e5c891adfdbd08578 
Number of updated asset objects reloaded before import = 0
Number of asset objects unloaded after import = 0
========================================================================
Received Import Request.
  Time of request: 2026-08-05T18:44:47.5254068Z
  Time since last request: 0.020264 seconds.
  importAddress: GUID: ddd8f3642494344d7937d9b32f751b2d - Path: Packages/com.unity.visualscripting/Runtime/VisualScripting.Flow/Framework/Events/Physics2D/OnCollisionEnter2D.cs - Importer: ScriptedImporter/UnityEditor.QuickSearchModule:UnityEditor.Search:ASIAI0B
Importing 'GUID: ddd8f3642494344d7937d9b32f751b2d - Path: Packages/com.unity.visualscripting/Runtime/VisualScripting.Flow/Framework/Events/Physics2D/OnCollisionEnter2D.cs - Importer: ScriptedImporter/UnityEditor.QuickSearchModule:UnityEditor.Search:ASIAI0B' with importer (ScriptedImporter : UnityEditor.QuickSearchModule:UnityEditor.Search:ASIAI0B)
Imported 'GUID: ddd8f3642494344d7937d9b32f751b2d' -> (Import Result ID: 'fc30cceeea52cc2cfdbdea0eec01a4c2') in 0.003 seconds [static and dynamic dependencies]. Details - ImportResultOutputID=05db5ceefde92ac7d040fd6f47ad6dd2 DependenciesID=8efed7a0b7a554d9cd9a4ffa1706e6aa StaticDependenciesID=b56eea651e26436cf1d4adceccee5216 
Number of updated asset objects reloaded before import = 0
Number of asset objects unloaded after import = 0
========================================================================
Received Import Request.
  Time of request: 2026-08-05T18:44:47.535788Z
  Time since last request: 0.0001845 seconds.
  importAddress: GUID: 2ef854128303c4cb7be7bf717c50f5f8 - Path: Packages/com.unity.visualscripting/Runtime/VisualScripting.Flow/Framework/Events/Rendering/OnBecameInvisible.cs - Importer: ScriptedImporter/UnityEditor.QuickSearchModule:UnityEditor.Search:ASIAI0B
Importing 'GUID: 2ef854128303c4cb7be7bf717c50f5f8 - Path: Packages/com.unity.visualscripting/Runtime/VisualScripting.Flow/Framework/Events/Rendering/OnBecameInvisible.cs - Importer: ScriptedImporter/UnityEditor.QuickSearchModule:UnityEditor.Search:ASIAI0B' with importer (ScriptedImporter : UnityEditor.QuickSearchModule:UnityEditor.Search:ASIAI0B)
Imported 'GUID: 2ef854128303c4cb7be7bf717c50f5f8' -> (Import Result ID: 'c55560529f5bc1c8cda51c56beacf8da') in 0.002 seconds [static and dynamic dependencies]. Details - ImportResultOutputID=672e8ce9fef130c8e81509f5d8221280 DependenciesID=3fd8046961aa8d6c9d4c37dd271ff6c5 StaticDependenciesID=f5189990ad9bc12b528b82333e4569af 
Number of updated asset objects reloaded before import = 0
Number of asset objects unloaded after import = 0
========================================================================
Received Import Request.
  Time of request: 2026-08-05T18:44:47.5454872Z
  Time since last request: 0.000432 seconds.
  importAddress: GUID: cfcb9515328904f638aa187b04404c6c - Path: Packages/com.unity.visualscripting/Runtime/VisualScripting.Flow/Framework/Events/Input/OnMouseEnter.cs - Importer: ScriptedImporter/UnityEditor.QuickSearchModule:UnityEditor.Search:ASIAI0B
Importing 'GUID: cfcb9515328904f638aa187b04404c6c - Path: Packages/com.unity.visualscripting/Runtime/VisualScripting.Flow/Framework/Events/Input/OnMouseEnter.cs - Importer: ScriptedImporter/UnityEditor.QuickSearchModule:UnityEditor.Search:ASIAI0B' with importer (ScriptedImporter : UnityEditor.QuickSearchModule:UnityEditor.Search:ASIAI0B)
Imported 'GUID: cfcb9515328904f638aa187b04404c6c' -> (Import Result ID: 'd57c1153651e418bc682b0901066e345') in 0.002 seconds [static and dynamic dependencies]. Details - ImportResultOutputID=8fa2e41f6a4811cc12496d9d95bc5177 DependenciesID=74e61dac991ade2124a84111330360d7 StaticDependenciesID=638ebcbbc8727651116abf5f085441bb 
Number of updated asset objects reloaded before import = 0
Number of asset objects unloaded after import = 0
========================================================================
Received Import Request.
  Time of request: 2026-08-05T18:44:47.5560101Z
  Time since last request: 0.000254 seconds.
  importAddress: GUID: 8f4ccd0eb5d9c446e82f3dee47a53b4b - Path: Packages/com.unity.visualscripting/Runtime/VisualScripting.Flow/Framework/Events/Physics/OnControllerColliderHit.cs - Importer: ScriptedImporter/UnityEditor.QuickSearchModule:UnityEditor.Search:ASIAI0B
Importing 'GUID: 8f4ccd0eb5d9c446e82f3dee47a53b4b - Path: Packages/com.unity.visualscripting/Runtime/VisualScripting.Flow/Framework/Events/Physics/OnControllerColliderHit.cs - Importer: ScriptedImporter/UnityEditor.QuickSearchModule:UnityEditor.Search:ASIAI0B' with importer (ScriptedImporter : UnityEditor.QuickSearchModule:UnityEditor.Search:ASIAI0B)
Imported 'GUID: 8f4ccd0eb5d9c446e82f3dee47a53b4b' -> (Import Result ID: '8599a3ef6110ce63dce2fa4d1ef73bf0') in 0.002 seconds [static and dynamic dependencies]. Details - ImportResultOutputID=951d7d5fa4498091c850885735531a94 DependenciesID=3b8891f3f23fd91134a3bd909d89608e StaticDependenciesID=ae5395da64010ef86118d363781f0566 
Number of updated asset objects reloaded before import = 0
Number of asset objects unloaded after import = 0
========================================================================
Received Import Request.
  Time of request: 2026-08-05T18:44:47.5661074Z
  Time since last request: 0.0002444 seconds.
  importAddress: GUID: 0f0cfc99f3fe74ed1907db1119a5e976 - Path: Packages/com.unity.visualscripting/Runtime/VisualScripting.Flow/Framework/Events/Lifecycle/OnDisable.cs - Importer: ScriptedImporter/UnityEditor.QuickSearchModule:UnityEditor.Search:ASIAI0B
Importing 'GUID: 0f0cfc99f3fe74ed1907db1119a5e976 - Path: Packages/com.unity.visualscripting/Runtime/VisualScripting.Flow/Framework/Events/Lifecycle/OnDisable.cs - Importer: ScriptedImporter/UnityEditor.QuickSearchModule:UnityEditor.Search:ASIAI0B' with importer (ScriptedImporter : UnityEditor.QuickSearchModule:UnityEditor.Search:ASIAI0B)
Imported 'GUID: 0f0cfc99f3fe74ed1907db1119a5e976' -> (Import Result ID: '3abd94fa3971e5dfc460df444365b9b8') in 0.002 seconds [static and dynamic dependencies]. Details - ImportResultOutputID=fa900b4d0727eb9441ab28ba08b9ad98 DependenciesID=c6758cddd94bf9a1be42b615ee6ac013 StaticDependenciesID=eb53a33086c6c2a22b7feed07a87e525 
Number of updated asset objects reloaded before import = 0
Number of asset objects unloaded after import = 0
========================================================================
Received Import Request.
  Time of request: 2026-08-05T18:44:47.5763273Z
  Time since last request: 0.0005288 seconds.
  importAddress: GUID: 388725224c49a43ffbaf106cda6dccad - Path: Packages/com.unity.visualscripting/Runtime/VisualScripting.Flow/Framework/Events/GUI/PointerEventUnit.cs - Importer: ScriptedImporter/UnityEditor.QuickSearchModule:UnityEditor.Search:ASIAI0B
Importing 'GUID: 388725224c49a43ffbaf106cda6dccad - Path: Packages/com.unity.visualscripting/Runtime/VisualScripting.Flow/Framework/Events/GUI/PointerEventUnit.cs - Importer: ScriptedImporter/UnityEditor.QuickSearchModule:UnityEditor.Search:ASIAI0B' with importer (ScriptedImporter : UnityEditor.QuickSearchModule:UnityEditor.Search:ASIAI0B)
Imported 'GUID: 388725224c49a43ffbaf106cda6dccad' -> (Import Result ID: '24a7724fd262f71a98047295ad04b5cc') in 0.002 seconds [static and dynamic dependencies]. Details - ImportResultOutputID=455282a2cbc4985b083a5f29de06e29c DependenciesID=27f2b25876e509e2f48b12de7f722c03 StaticDependenciesID=fc18ee68e70d9264825c5da2bca4bec1 
Number of updated asset objects reloaded before import = 0
Number of asset objects unloaded after import = 0
========================================================================
Received Import Request.
  Time of request: 2026-08-05T18:44:47.5859404Z
  Time since last request: 0.0002552 seconds.
  importAddress: GUID: f5c7d46981c95407fa5f0f213c2333ee - Path: Packages/com.unity.visualscripting/Runtime/VisualScripting.Flow/Framework/Events/Lifecycle/Update.cs - Importer: ScriptedImporter/UnityEditor.QuickSearchModule:UnityEditor.Search:ASIAI0B
Importing 'GUID: f5c7d46981c95407fa5f0f213c2333ee - Path: Packages/com.unity.visualscripting/Runtime/VisualScripting.Flow/Framework/Events/Lifecycle/Update.cs - Importer: ScriptedImporter/UnityEditor.QuickSearchModule:UnityEditor.Search:ASIAI0B' with importer (ScriptedImporter : UnityEditor.QuickSearchModule:UnityEditor.Search:ASIAI0B)
Imported 'GUID: f5c7d46981c95407fa5f0f213c2333ee' -> (Import Result ID: '9573d2b1ad9880f8af94abb0b6d5c011') in 0.003 seconds [static and dynamic dependencies]. Details - ImportResultOutputID=fd6462b5fba73f6e2fcffd0040568867 DependenciesID=3f92ac3dbbba5d15c2943742d34595ac StaticDependenciesID=e925da423fcbeeaac370cbba7dad1d11 
Number of updated asset objects reloaded before import = 0
Number of asset objects unloaded after import = 0
========================================================================
Received Import Request.
  Time of request: 2026-08-05T18:44:47.5972385Z
  Time since last request: 0.0003173 seconds.
  importAddress: GUID: 1b4c4e23f5b364a6b80e705ce14c8c4e - Path: Packages/com.unity.visualscripting/Runtime/VisualScripting.Flow/Framework/Math/Scalar/ScalarMoveTowards.cs - Importer: ScriptedImporter/UnityEditor.QuickSearchModule:UnityEditor.Search:ASIAI0B
Importing 'GUID: 1b4c4e23f5b364a6b80e705ce14c8c4e - Path: Packages/com.unity.visualscripting/Runtime/VisualScripting.Flow/Framework/Math/Scalar/ScalarMoveTowards.cs - Importer: ScriptedImporter/UnityEditor.QuickSearchModule:UnityEditor.Search:ASIAI0B' with importer (ScriptedImporter : UnityEditor.QuickSearchModule:UnityEditor.Search:ASIAI0B)
Imported 'GUID: 1b4c4e23f5b364a6b80e705ce14c8c4e' -> (Import Result ID: 'b40160382f4dd24d2b96f753b34a97d4') in 0.002 seconds [static and dynamic dependencies]. Details - ImportResultOutputID=814061c94cc2674e81f308e03994aee4 DependenciesID=4e4ff997422097e3ad82f37be2e473d8 StaticDependenciesID=761ba6da77f9a9faf2204379016f83c4 
Number of updated asset objects reloaded before import = 0
Number of asset objects unloaded after import = 0
========================================================================
Received Import Request.
  Time of request: 2026-08-05T18:44:47.6083867Z
  Time since last request: 0.0002059 seconds.
  importAddress: GUID: 383636a6e24034076b7445729e8f5c39 - Path: Packages/com.unity.visualscripting/Runtime/VisualScripting.Flow/Framework/Events/Time/OnTimerElapsed.cs - Importer: ScriptedImporter/UnityEditor.QuickSearchModule:UnityEditor.Search:ASIAI0B
Importing 'GUID: 383636a6e24034076b7445729e8f5c39 - Path: Packages/com.unity.visualscripting/Runtime/VisualScripting.Flow/Framework/Events/Time/OnTimerElapsed.cs - Importer: ScriptedImporter/UnityEditor.QuickSearchModule:UnityEditor.Search:ASIAI0B' with importer (ScriptedImporter : UnityEditor.QuickSearchModule:UnityEditor.Search:ASIAI0B)
Imported 'GUID: 383636a6e24034076b7445729e8f5c39' -> (Import Result ID: '76ab4ae29c61f6b8417a7f12f6f68c83') in 0.002 seconds [static and dynamic dependencies]. Details - ImportResultOutputID=8324d591019110b7cee5095861d5da63 DependenciesID=5ffd236a22291c13bd619969cea112fa StaticDependenciesID=205066c861b36b802abce0f739a12f1d 
Number of updated asset objects reloaded before import = 0
Number of asset objects unloaded after import = 0
========================================================================
Received Import Request.
  Time of request: 2026-08-05T18:44:47.6261922Z
  Time since last request: 0.0077612 seconds.
  importAddress: GUID: 0125b60bd8dc34ae0ab7f775d53256c9 - Path: Packages/com.unity.visualscripting/Runtime/VisualScripting.Flow/Framework/Math/Vector3/Vector3DotProduct.cs - Importer: ScriptedImporter/UnityEditor.QuickSearchModule:UnityEditor.Search:ASIAI0B
Importing 'GUID: 0125b60bd8dc34ae0ab7f775d53256c9 - Path: Packages/com.unity.visualscripting/Runtime/VisualScripting.Flow/Framework/Math/Vector3/Vector3DotProduct.cs - Importer: ScriptedImporter/UnityEditor.QuickSearchModule:UnityEditor.Search:ASIAI0B' with importer (ScriptedImporter : UnityEditor.QuickSearchModule:UnityEditor.Search:ASIAI0B)
Imported 'GUID: 0125b60bd8dc34ae0ab7f775d53256c9' -> (Import Result ID: 'fd6a975fbcba261df12ed265869d727b') in 0.002 seconds [static and dynamic dependencies]. Details - ImportResultOutputID=ae6c5b04f7a772e4cba709104b4ac7c0 DependenciesID=b19d55dd0ad5ce06521e54d31db4e1f5 StaticDependenciesID=8e51a0e063c66ca81e7d6a86cfcc9e2a 
Number of updated asset objects reloaded before import = 0
Number of asset objects unloaded after import = 0
========================================================================
Received Import Request.
  Time of request: 2026-08-05T18:44:47.635454Z
  Time since last request: 0.0004733 seconds.
  importAddress: GUID: 8ac28fde6331642239c0d8fc317211bf - Path: Packages/com.unity.visualscripting/Runtime/VisualScripting.Flow/Framework/Math/Vector4/Vector4Absolute.cs - Importer: ScriptedImporter/UnityEditor.QuickSearchModule:UnityEditor.Search:ASIAI0B
Importing 'GUID: 8ac28fde6331642239c0d8fc317211bf - Path: Packages/com.unity.visualscripting/Runtime/VisualScripting.Flow/Framework/Math/Vector4/Vector4Absolute.cs - Importer: ScriptedImporter/UnityEditor.QuickSearchModule:UnityEditor.Search:ASIAI0B' with importer (ScriptedImporter : UnityEditor.QuickSearchModule:UnityEditor.Search:ASIAI0B)
Imported 'GUID: 8ac28fde6331642239c0d8fc317211bf' -> (Import Result ID: 'e077599ca7b9e25968bdb154bf714ca5') in 0.003 seconds [static and dynamic dependencies]. Details - ImportResultOutputID=7fa4485bb01cd80c11c6aec0c91b4675 DependenciesID=60e8f99f4be2d5a657e563b77d014ae0 StaticDependenciesID=96db7bb5eb6b8b17ba901eab33487cd1 
Number of updated asset objects reloaded before import = 0
Number of asset objects unloaded after import = 0
========================================================================
Received Import Request.
  Time of request: 2026-08-05T18:44:47.6460715Z
  Time since last request: 0.0004996 seconds.
  importAddress: GUID: bd23b2742a008498a9531c8eaab6f321 - Path: Packages/com.unity.visualscripting/Runtime/VisualScripting.Flow/Framework/Math/Vector2/Vector2Modulo.cs - Importer: ScriptedImporter/UnityEditor.QuickSearchModule:UnityEditor.Search:ASIAI0B
Importing 'GUID: bd23b2742a008498a9531c8eaab6f321 - Path: Packages/com.unity.visualscripting/Runtime/VisualScripting.Flow/Framework/Math/Vector2/Vector2Modulo.cs - Importer: ScriptedImporter/UnityEditor.QuickSearchModule:UnityEditor.Search:ASIAI0B' with importer (ScriptedImporter : UnityEditor.QuickSearchModule:UnityEditor.Search:ASIAI0B)
Imported 'GUID: bd23b2742a008498a9531c8eaab6f321' -> (Import Result ID: 'e909ef885304a596369338df9912f7fd') in 0.002 seconds [static and dynamic dependencies]. Details - ImportResultOutputID=59a226551919529f5b75206a1f75274e DependenciesID=01be32352b9d89388b0f468fd3c6cc2f StaticDependenciesID=8052427231f326f824ae598f9d192050 
Number of updated asset objects reloaded before import = 0
Number of asset objects unloaded after import = 0
========================================================================
Received Import Request.
  Time of request: 2026-08-05T18:44:47.6559704Z
  Time since last request: 0.0003306 seconds.
  importAddress: GUID: f9f2286b8c9244c3b855f2abe9f244ba - Path: Packages/com.unity.visualscripting/Runtime/VisualScripting.Flow/Framework/Math/Vector3/Vector3Lerp.cs - Importer: ScriptedImporter/UnityEditor.QuickSearchModule:UnityEditor.Search:ASIAI0B
Importing 'GUID: f9f2286b8c9244c3b855f2abe9f244ba - Path: Packages/com.unity.visualscripting/Runtime/VisualScripting.Flow/Framework/Math/Vector3/Vector3Lerp.cs - Importer: ScriptedImporter/UnityEditor.QuickSearchModule:UnityEditor.Search:ASIAI0B' with importer (ScriptedImporter : UnityEditor.QuickSearchModule:UnityEditor.Search:ASIAI0B)
Imported 'GUID: f9f2286b8c9244c3b855f2abe9f244ba' -> (Import Result ID: '8c7045275bebc91491c50e47ec72d91a') in 0.002 seconds [static and dynamic dependencies]. Details - ImportResultOutputID=df3ca0f0092f1c1bd786f74484701edf DependenciesID=9718eaf4c63607b5c4ef7e862245636b StaticDependenciesID=2b648154ee182f229e5282d9328bb2ee 
Number of updated asset objects reloaded before import = 0
Number of asset objects unloaded after import = 0
========================================================================
Received Import Request.
  Time of request: 2026-08-05T18:44:47.6659824Z
  Time since last request: 0.0004077 seconds.
  importAddress: GUID: 1295b2f73900d49faa55b8f4392a7bef - Path: Packages/com.unity.visualscripting/Runtime/VisualScripting.Flow/Framework/Math/Vector2/Vector2Round.cs - Importer: ScriptedImporter/UnityEditor.QuickSearchModule:UnityEditor.Search:ASIAI0B
Importing 'GUID: 1295b2f73900d49faa55b8f4392a7bef - Path: Packages/com.unity.visualscripting/Runtime/VisualScripting.Flow/Framework/Math/Vector2/Vector2Round.cs - Importer: ScriptedImporter/UnityEditor.QuickSearchModule:UnityEditor.Search:ASIAI0B' with importer (ScriptedImporter : UnityEditor.QuickSearchModule:UnityEditor.Search:ASIAI0B)
Imported 'GUID: 1295b2f73900d49faa55b8f4392a7bef' -> (Import Result ID: '1a602e70a03fe944b66c9b5b9ee798ff') in 0.002 seconds [static and dynamic dependencies]. Details - ImportResultOutputID=be3a36c7301944b677c753f6cec9945b DependenciesID=08afe34d90b5239572c1fc02976225b1 StaticDependenciesID=77e1b7a98e072d02314da1e02f4765c0 
Number of updated asset objects reloaded before import = 0
Number of asset objects unloaded after import = 0
========================================================================
Received Import Request.
  Time of request: 2026-08-05T18:44:47.6772811Z
  Time since last request: 0.0003873 seconds.
  importAddress: GUID: 552168985037f4d698a2bb5a726be36d - Path: Packages/com.unity.visualscripting/Runtime/VisualScripting.Flow/Framework/Math/Vector3/Vector3Project.cs - Importer: ScriptedImporter/UnityEditor.QuickSearchModule:UnityEditor.Search:ASIAI0B
Importing 'GUID: 552168985037f4d698a2bb5a726be36d - Path: Packages/com.unity.visualscripting/Runtime/VisualScripting.Flow/Framework/Math/Vector3/Vector3Project.cs - Importer: ScriptedImporter/UnityEditor.QuickSearchModule:UnityEditor.Search:ASIAI0B' with importer (ScriptedImporter : UnityEditor.QuickSearchModule:UnityEditor.Search:ASIAI0B)
Imported 'GUID: 552168985037f4d698a2bb5a726be36d' -> (Import Result ID: '09c893ddeed798375f16dc4001556cd4') in 0.002 seconds [static and dynamic dependencies]. Details - ImportResultOutputID=87bd0c74c400b5dd70e8fa71192a452b DependenciesID=44eea2aa1f70e4b14fd56a46586bdbae StaticDependenciesID=bdf6a3fe56a84bb8f77b92a7f565f7ac 
Number of updated asset objects reloaded before import = 0
Number of asset objects unloaded after import = 0
========================================================================
Received Import Request.
  Time of request: 2026-08-05T18:44:47.6888852Z
  Time since last request: 0.0008149 seconds.
  importAddress: GUID: b447bbe2cf703451c93ce54b5554590d - Path: Packages/com.unity.visualscripting/Runtime/VisualScripting.Flow/Framework/Math/Vector4/Vector4Minimum.cs - Importer: ScriptedImporter/UnityEditor.QuickSearchModule:UnityEditor.Search:ASIAI0B
Importing 'GUID: b447bbe2cf703451c93ce54b5554590d - Path: Packages/com.unity.visualscripting/Runtime/VisualScripting.Flow/Framework/Math/Vector4/Vector4Minimum.cs - Importer: ScriptedImporter/UnityEditor.QuickSearchModule:UnityEditor.Search:ASIAI0B' with importer (ScriptedImporter : UnityEditor.QuickSearchModule:UnityEditor.Search:ASIAI0B)
Imported 'GUID: b447bbe2cf703451c93ce54b5554590d' -> (Import Result ID: '81e3a5958f2ffad072442e2138047634') in 0.003 seconds [static and dynamic dependencies]. Details - ImportResultOutputID=6326fa44883b3550d73be2f88b6e08df DependenciesID=7d7f4baaa902e15402d0864d08bdb05d StaticDependenciesID=43b807c8e116540ab167cdcfa7dff22d 
Number of updated asset objects reloaded before import = 0
Number of asset objects unloaded after import = 0
========================================================================
Received Import Request.
  Time of request: 2026-08-05T18:44:47.700607Z
  Time since last request: 0.0002508 seconds.
  importAddress: GUID: 69b3064e843284997ad557b3308b2fbc - Path: Packages/com.unity.visualscripting/Runtime/VisualScripting.Flow/Framework/Math/Vector3/Vector3Normalize.cs - Importer: ScriptedImporter/UnityEditor.QuickSearchModule:UnityEditor.Search:ASIAI0B
Importing 'GUID: 69b3064e843284997ad557b3308b2fbc - Path: Packages/com.unity.visualscripting/Runtime/VisualScripting.Flow/Framework/Math/Vector3/Vector3Normalize.cs - Importer: ScriptedImporter/UnityEditor.QuickSearchModule:UnityEditor.Search:ASIAI0B' with importer (ScriptedImporter : UnityEditor.QuickSearchModule:UnityEditor.Search:ASIAI0B)
Imported 'GUID: 69b3064e843284997ad557b3308b2fbc' -> (Import Result ID: '2e7d69496901a11e069d271756203d35') in 0.003 seconds [static and dynamic dependencies]. Details - ImportResultOutputID=fe12314fd0ad5ddd633e48014b2d47b8 DependenciesID=68e8b3667bb891a2ed2ff89f832ff0d2 StaticDependenciesID=6f0908b8c9a757b119d151272b27a4b2 
Number of updated asset objects reloaded before import = 0
Number of asset objects unloaded after import = 0
========================================================================
Received Import Request.
  Time of request: 2026-08-05T18:44:47.726944Z
  Time since last request: 0.0150998 seconds.
  importAddress: GUID: f6feb2f28f8c42deb866964fcd39ab9d - Path: Packages/com.unity.2d.aseprite/Editor/AsepriteImporterDataProvider.cs - Importer: ScriptedImporter/UnityEditor.QuickSearchModule:UnityEditor.Search:ASIAI0B
Importing 'GUID: f6feb2f28f8c42deb866964fcd39ab9d - Path: Packages/com.unity.2d.aseprite/Editor/AsepriteImporterDataProvider.cs - Importer: ScriptedImporter/UnityEditor.QuickSearchModule:UnityEditor.Search:ASIAI0B' with importer (ScriptedImporter : UnityEditor.QuickSearchModule:UnityEditor.Search:ASIAI0B)
Imported 'GUID: f6feb2f28f8c42deb866964fcd39ab9d' -> (Import Result ID: 'f781f4aa266e2468a72980e28984998a') in 0.003 seconds [static and dynamic dependencies]. Details - ImportResultOutputID=01916c5679d4ff95d216e04ea3fb5b41 DependenciesID=feebb413620d6f3f2d1635cd3cf9fd4c StaticDependenciesID=e1169d551f4d45e71bd1664ba033deba 
Number of updated asset objects reloaded before import = 0
Number of asset objects unloaded after import = 0
========================================================================
Received Import Request.
  Time of request: 2026-08-05T18:44:47.7377154Z
  Time since last request: 0.0010806 seconds.
  importAddress: GUID: 62a9f0aa5b59740cfbadc7e5f9823bb0 - Path: Packages/com.unity.2d.aseprite/Editor/AsepriteImporter.cs - Importer: ScriptedImporter/UnityEditor.QuickSearchModule:UnityEditor.Search:ASIAI0B
Importing 'GUID: 62a9f0aa5b59740cfbadc7e5f9823bb0 - Path: Packages/com.unity.2d.aseprite/Editor/AsepriteImporter.cs - Importer: ScriptedImporter/UnityEditor.QuickSearchModule:UnityEditor.Search:ASIAI0B' with importer (ScriptedImporter : UnityEditor.QuickSearchModule:UnityEditor.Search:ASIAI0B)
Imported 'GUID: 62a9f0aa5b59740cfbadc7e5f9823bb0' -> (Import Result ID: '7a28f06a42ff6d3f5e9a69e525a1cd4d') in 0.002 seconds [static and dynamic dependencies]. Details - ImportResultOutputID=78527cb988d109b811935849ea0085da DependenciesID=6ffd4dfcdb45528708d692d0122fee36 StaticDependenciesID=2c27f63ddedd2ef0604fbd06c3a7fffd 
Number of updated asset objects reloaded before import = 0
Number of asset objects unloaded after import = 0
========================================================================
Received Import Request.
  Time of request: 2026-08-05T18:44:47.7476752Z
  Time since last request: 0.0002261 seconds.
  importAddress: GUID: 17a1fcc79c9564c8481ae2568e1d4d9f - Path: Packages/com.unity.2d.aseprite/LICENSE.md - Importer: ScriptedImporter/UnityEditor.QuickSearchModule:UnityEditor.Search:ASIAI0B
Importing 'GUID: 17a1fcc79c9564c8481ae2568e1d4d9f - Path: Packages/com.unity.2d.aseprite/LICENSE.md - Importer: ScriptedImporter/UnityEditor.QuickSearchModule:UnityEditor.Search:ASIAI0B' with importer (ScriptedImporter : UnityEditor.QuickSearchModule:UnityEditor.Search:ASIAI0B)
Imported 'GUID: 17a1fcc79c9564c8481ae2568e1d4d9f' -> (Import Result ID: '42778da79977909f5faa24b04df694f5') in 0.009 seconds [static and dynamic dependencies]. Details - ImportResultOutputID=0ba5c7912736a3461371c86b2fafb3dc DependenciesID=fa7299d093b7f8624547a1534b8c5c27 StaticDependenciesID=1c4f909ccea266805206d62b22f38809 
Number of updated asset objects reloaded before import = 0
Number of asset objects unloaded after import = 1
========================================================================
Received Import Request.
  Time of request: 2026-08-05T18:44:47.7638685Z
  Time since last request: 0.0003796 seconds.
  importAddress: GUID: 7f819e9b71fcc40da8cab6328e655887 - Path: Packages/com.unity.visualscripting/Runtime/VisualScripting.Core/Dependencies/FullSerializer/Converters/Unity/Rect_DirectConverter.cs - Importer: ScriptedImporter/UnityEditor.QuickSearchModule:UnityEditor.Search:ASIAI0B
Importing 'GUID: 7f819e9b71fcc40da8cab6328e655887 - Path: Packages/com.unity.visualscripting/Runtime/VisualScripting.Core/Dependencies/FullSerializer/Converters/Unity/Rect_DirectConverter.cs - Importer: ScriptedImporter/UnityEditor.QuickSearchModule:UnityEditor.Search:ASIAI0B' with importer (ScriptedImporter : UnityEditor.QuickSearchModule:UnityEditor.Search:ASIAI0B)
Imported 'GUID: 7f819e9b71fcc40da8cab6328e655887' -> (Import Result ID: 'c8f08301c66c619254fa332156fb9c70') in 0.002 seconds [static and dynamic dependencies]. Details - ImportResultOutputID=334a4a8d63b3aa475fe880e59325b5c6 DependenciesID=4b8720eb69248a7b11c423c26581a80a StaticDependenciesID=722bfd9bbfe37f61e6d179449a4fea70 
Number of updated asset objects reloaded before import = 0
Number of asset objects unloaded after import = 0
========================================================================
Received Import Request.
  Time of request: 2026-08-05T18:44:47.7732273Z
  Time since last request: 0.0002624 seconds.
  importAddress: GUID: 9e436b053414c45eaa6b4880789e2d01 - Path: Packages/com.unity.visualscripting/Runtime/VisualScripting.Flow/Framework/Variables/Obsolete/IsVariableDefinedUnit.cs - Importer: ScriptedImporter/UnityEditor.QuickSearchModule:UnityEditor.Search:ASIAI0B
Importing 'GUID: 9e436b053414c45eaa6b4880789e2d01 - Path: Packages/com.unity.visualscripting/Runtime/VisualScripting.Flow/Framework/Variables/Obsolete/IsVariableDefinedUnit.cs - Importer: ScriptedImporter/UnityEditor.QuickSearchModule:UnityEditor.Search:ASIAI0B' with importer (ScriptedImporter : UnityEditor.QuickSearchModule:UnityEditor.Search:ASIAI0B)
Imported 'GUID: 9e436b053414c45eaa6b4880789e2d01' -> (Import Result ID: 'a594f3cb330c48592bc6d44a7d3b2ba3') in 0.002 seconds [static and dynamic dependencies]. Details - ImportResultOutputID=091af038769493c6b4a0a56115d5b34f DependenciesID=82eb5c910544e3f0fbcfe1b7cb7315a6 StaticDependenciesID=74ebac809e4e4ea9707c306b74df4c13 
Number of updated asset objects reloaded before import = 0
Number of asset objects unloaded after import = 0
========================================================================
Received Import Request.
  Time of request: 2026-08-05T18:44:47.7821209Z
  Time since last request: 0.0003041 seconds.
  importAddress: GUID: 8baf6181321244e55ae38cb2427d1f31 - Path: Packages/com.unity.visualscripting/Runtime/VisualScripting.Core/Dependencies/FullSerializer/Converters/Unity/GUIStyle_DirectConverter.cs - Importer: ScriptedImporter/UnityEditor.QuickSearchModule:UnityEditor.Search:ASIAI0B
Importing 'GUID: 8baf6181321244e55ae38cb2427d1f31 - Path: Packages/com.unity.visualscripting/Runtime/VisualScripting.Core/Dependencies/FullSerializer/Converters/Unity/GUIStyle_DirectConverter.cs - Importer: ScriptedImporter/UnityEditor.QuickSearchModule:UnityEditor.Search:ASIAI0B' with importer (ScriptedImporter : UnityEditor.QuickSearchModule:UnityEditor.Search:ASIAI0B)
Imported 'GUID: 8baf6181321244e55ae38cb2427d1f31' -> (Import Result ID: '8daf48586e185166fb070be68e58b0f0') in 0.002 seconds [static and dynamic dependencies]. Details - ImportResultOutputID=b9e157bf83956231ea3fbd8e56e83421 DependenciesID=44dc8ef5027be1cd42342b4dfa4c1188 StaticDependenciesID=989fd72c3a52fb761fd113ec32a2e42d 
Number of updated asset objects reloaded before import = 0
Number of asset objects unloaded after import = 0
========================================================================
Received Import Request.
  Time of request: 2026-08-05T18:44:47.7922992Z
  Time since last request: 0.0002021 seconds.
  importAddress: GUID: 16328af959ef4a4da3b2abdb5745f014 - Path: Packages/com.unity.2d.aseprite/Editor/AsepriteImporterAPIs.cs - Importer: ScriptedImporter/UnityEditor.QuickSearchModule:UnityEditor.Search:ASIAI0B
Importing 'GUID: 16328af959ef4a4da3b2abdb5745f014 - Path: Packages/com.unity.2d.aseprite/Editor/AsepriteImporterAPIs.cs - Importer: ScriptedImporter/UnityEditor.QuickSearchModule:UnityEditor.Search:ASIAI0B' with importer (ScriptedImporter : UnityEditor.QuickSearchModule:UnityEditor.Search:ASIAI0B)
Imported 'GUID: 16328af959ef4a4da3b2abdb5745f014' -> (Import Result ID: '56b4254e150a0ac56cf56f413e72f040') in 0.002 seconds [static and dynamic dependencies]. Details - ImportResultOutputID=dcbb8f12b26064fe23a6c410360fabd5 DependenciesID=c58437b4c20cca3325143327f172ddc8 StaticDependenciesID=ca54cc262cbdb57c5e23db76d47c940b 
Number of updated asset objects reloaded before import = 0
Number of asset objects unloaded after import = 0
========================================================================
Received Import Request.
  Time of request: 2026-08-05T18:44:47.8023088Z
  Time since last request: 0.0004321 seconds.
  importAddress: GUID: a8de6966b2124773bf111fc22f4bb715 - Path: Packages/com.unity.2d.aseprite/Editor/SpriteData.cs - Importer: ScriptedImporter/UnityEditor.QuickSearchModule:UnityEditor.Search:ASIAI0B
Importing 'GUID: a8de6966b2124773bf111fc22f4bb715 - Path: Packages/com.unity.2d.aseprite/Editor/SpriteData.cs - Importer: ScriptedImporter/UnityEditor.QuickSearchModule:UnityEditor.Search:ASIAI0B' with importer (ScriptedImporter : UnityEditor.QuickSearchModule:UnityEditor.Search:ASIAI0B)
Imported 'GUID: a8de6966b2124773bf111fc22f4bb715' -> (Import Result ID: 'c066768781ced858ab88d5ed4ff14ec2') in 0.002 seconds [static and dynamic dependencies]. Details - ImportResultOutputID=97045620c8f51d5084eae89608761d41 DependenciesID=78d3ec30058b280ddb75d770b5c33cbf StaticDependenciesID=591ebe8c2876ad4f133d9a6bb2c95afa 
Number of updated asset objects reloaded before import = 0
Number of asset objects unloaded after import = 0
========================================================================
Received Import Request.
  Time of request: 2026-08-05T18:44:47.8279609Z
  Time since last request: 0.015377 seconds.
  importAddress: GUID: d81eeb60b32344f398077a6142c46b53 - Path: Packages/com.unity.2d.aseprite/Editor/Aseprite/Chunks/MaskChunk.cs - Importer: ScriptedImporter/UnityEditor.QuickSearchModule:UnityEditor.Search:ASIAI0B
Importing 'GUID: d81eeb60b32344f398077a6142c46b53 - Path: Packages/com.unity.2d.aseprite/Editor/Aseprite/Chunks/MaskChunk.cs - Importer: ScriptedImporter/UnityEditor.QuickSearchModule:UnityEditor.Search:ASIAI0B' with importer (ScriptedImporter : UnityEditor.QuickSearchModule:UnityEditor.Search:ASIAI0B)
Imported 'GUID: d81eeb60b32344f398077a6142c46b53' -> (Import Result ID: 'ec1715f22d04cba3ccd2efb5185696e8') in 0.002 seconds [static and dynamic dependencies]. Details - ImportResultOutputID=8a3508044733f99e987335c0c0498df9 DependenciesID=b842a2d60d683688f98be82d74de70be StaticDependenciesID=475fd34d8b6db673add55f6566d4d3bb 
Number of updated asset objects reloaded before import = 0
Number of asset objects unloaded after import = 0
========================================================================
Received Import Request.
  Time of request: 2026-08-05T18:44:47.8372664Z
  Time since last request: 0.0004426 seconds.
  importAddress: GUID: 026439db814c4cfbbca28e1c74e746cc - Path: Packages/com.unity.2d.aseprite/Editor/Aseprite/Chunks/IPaletteProvider.cs - Importer: ScriptedImporter/UnityEditor.QuickSearchModule:UnityEditor.Search:ASIAI0B
Importing 'GUID: 026439db814c4cfbbca28e1c74e746cc - Path: Packages/com.unity.2d.aseprite/Editor/Aseprite/Chunks/IPaletteProvider.cs - Importer: ScriptedImporter/UnityEditor.QuickSearchModule:UnityEditor.Search:ASIAI0B' with importer (ScriptedImporter : UnityEditor.QuickSearchModule:UnityEditor.Search:ASIAI0B)
Imported 'GUID: 026439db814c4cfbbca28e1c74e746cc' -> (Import Result ID: 'a5c448ba2e12efaf4fb37778df1d43e4') in 0.002 seconds [static and dynamic dependencies]. Details - ImportResultOutputID=36cf59bdbc74cb395207f7a7a2302796 DependenciesID=5501732dabb54a45e5228f606aa58b23 StaticDependenciesID=eeb35c2846fab1f874fa105ea6e8846b 
Number of updated asset objects reloaded before import = 0
Number of asset objects unloaded after import = 0
========================================================================
Received Import Request.
  Time of request: 2026-08-05T18:44:47.846621Z
  Time since last request: 0.0003959 seconds.
  importAddress: GUID: eb95e19e2b194be89dd90d8532f0ad89 - Path: Packages/com.unity.timeline/Editor/ObjectIdExtension.cs - Importer: ScriptedImporter/UnityEditor.QuickSearchModule:UnityEditor.Search:ASIAI0B
Importing 'GUID: eb95e19e2b194be89dd90d8532f0ad89 - Path: Packages/com.unity.timeline/Editor/ObjectIdExtension.cs - Importer: ScriptedImporter/UnityEditor.QuickSearchModule:UnityEditor.Search:ASIAI0B' with importer (ScriptedImporter : UnityEditor.QuickSearchModule:UnityEditor.Search:ASIAI0B)
Imported 'GUID: eb95e19e2b194be89dd90d8532f0ad89' -> (Import Result ID: '521ddc9c64b366042271ee6c8d24a8d7') in 0.002 seconds [static and dynamic dependencies]. Details - ImportResultOutputID=561f7437a27d3d51dc527275d798823f DependenciesID=21f273a320fbec9d643e778021b9bb76 StaticDependenciesID=ed5c73622bcdb3971cf6306f5cc3062f 
Number of updated asset objects reloaded before import = 0
Number of asset objects unloaded after import = 0
========================================================================
Received Import Request.
  Time of request: 2026-08-05T18:44:47.8558239Z
  Time since last request: 0.0002315 seconds.
  importAddress: GUID: 6dbf9c13eb9f4c14806bf9a6ec61140f - Path: Packages/com.unity.2d.aseprite/Editor/Aseprite/Chunks/CellChunk.cs - Importer: ScriptedImporter/UnityEditor.QuickSearchModule:UnityEditor.Search:ASIAI0B
Importing 'GUID: 6dbf9c13eb9f4c14806bf9a6ec61140f - Path: Packages/com.unity.2d.aseprite/Editor/Aseprite/Chunks/CellChunk.cs - Importer: ScriptedImporter/UnityEditor.QuickSearchModule:UnityEditor.Search:ASIAI0B' with importer (ScriptedImporter : UnityEditor.QuickSearchModule:UnityEditor.Search:ASIAI0B)
Imported 'GUID: 6dbf9c13eb9f4c14806bf9a6ec61140f' -> (Import Result ID: '9a76ccff3664e86d0a078efa9a7a7052') in 0.002 seconds [static and dynamic dependencies]. Details - ImportResultOutputID=c6ca724a092b398ee32b9446aa9fd402 DependenciesID=37f9a3b0fb14e648f47b8820bc8a6681 StaticDependenciesID=d9881cc5fc0c2f8b1383e76d1cfebd4c 
Number of updated asset objects reloaded before import = 0
Number of asset objects unloaded after import = 0
========================================================================
Received Import Request.
  Time of request: 2026-08-05T18:44:47.8660184Z
  Time since last request: 0.0002544 seconds.
  importAddress: GUID: c8b8e2589ccf4d3ba594afa054b8ccc0 - Path: Packages/com.unity.2d.aseprite/Editor/Aseprite/Chunks/ColorProfileChunk.cs - Importer: ScriptedImporter/UnityEditor.QuickSearchModule:UnityEditor.Search:ASIAI0B
Importing 'GUID: c8b8e2589ccf4d3ba594afa054b8ccc0 - Path: Packages/com.unity.2d.aseprite/Editor/Aseprite/Chunks/ColorProfileChunk.cs - Importer: ScriptedImporter/UnityEditor.QuickSearchModule:UnityEditor.Search:ASIAI0B' with importer (ScriptedImporter : UnityEditor.QuickSearchModule:UnityEditor.Search:ASIAI0B)
Imported 'GUID: c8b8e2589ccf4d3ba594afa054b8ccc0' -> (Import Result ID: '59567b3da8881be4d5e5bef71c13724e') in 0.002 seconds [static and dynamic dependencies]. Details - ImportResultOutputID=d7a4e82e37608cd04c48326107ada5ee DependenciesID=5aec0fe4c2d76caff371282248698255 StaticDependenciesID=41646843ac0608368369c3d5de67c33d 
Number of updated asset objects reloaded before import = 0
Number of asset objects unloaded after import = 0
========================================================================
Received Import Request.
  Time of request: 2026-08-05T18:44:47.8762524Z
  Time since last request: 0.0002601 seconds.
  importAddress: GUID: 13a9c1b4df2e489e8eb9cacca7429596 - Path: Packages/com.unity.timeline/package.json - Importer: ScriptedImporter/UnityEditor.QuickSearchModule:UnityEditor.Search:ASIAI0B
Importing 'GUID: 13a9c1b4df2e489e8eb9cacca7429596 - Path: Packages/com.unity.timeline/package.json - Importer: ScriptedImporter/UnityEditor.QuickSearchModule:UnityEditor.Search:ASIAI0B' with importer (ScriptedImporter : UnityEditor.QuickSearchModule:UnityEditor.Search:ASIAI0B)
Imported 'GUID: 13a9c1b4df2e489e8eb9cacca7429596' -> (Import Result ID: 'af6c4e94d21d97624d407e2ed7aef99e') in 0.008 seconds [static and dynamic dependencies]. Details - ImportResultOutputID=157966164beb751930645784632f0586 DependenciesID=55ac37bd0eedea1fb7ae40ced143b7bc StaticDependenciesID=74d9cbafa4e8f24c1306874a08fc5d19 
Number of updated asset objects reloaded before import = 0
Number of asset objects unloaded after import = 1
========================================================================
Received Import Request.
  Time of request: 2026-08-05T18:44:47.8929316Z
  Time since last request: 0.0002084 seconds.
  importAddress: GUID: 98cdbe3bc2f5646e8a17cb25f9d93d51 - Path: Packages/com.unity.2d.aseprite/Editor/Common/InternalBridge/InternalEditorBridge.cs - Importer: ScriptedImporter/UnityEditor.QuickSearchModule:UnityEditor.Search:ASIAI0B
Importing 'GUID: 98cdbe3bc2f5646e8a17cb25f9d93d51 - Path: Packages/com.unity.2d.aseprite/Editor/Common/InternalBridge/InternalEditorBridge.cs - Importer: ScriptedImporter/UnityEditor.QuickSearchModule:UnityEditor.Search:ASIAI0B' with importer (ScriptedImporter : UnityEditor.QuickSearchModule:UnityEditor.Search:ASIAI0B)
Imported 'GUID: 98cdbe3bc2f5646e8a17cb25f9d93d51' -> (Import Result ID: 'e7c8a4cab65db00da08a4bbd1e123535') in 0.002 seconds [static and dynamic dependencies]. Details - ImportResultOutputID=4f376e0ce61b9571da74fe640f810a55 DependenciesID=f8b40ae3c9368137d1a48b6c6fe9df32 StaticDependenciesID=588328a4dac818bb033e604b344208f7 
Number of updated asset objects reloaded before import = 0
Number of asset objects unloaded after import = 0
========================================================================
Received Import Request.
  Time of request: 2026-08-05T18:44:47.9026832Z
  Time since last request: 0.0002196 seconds.
  importAddress: GUID: 8c67d9fafab224c399c8eb76e0620f99 - Path: Packages/com.unity.timeline/ValidationExceptions.json - Importer: ScriptedImporter/UnityEditor.QuickSearchModule:UnityEditor.Search:ASIAI0B
Importing 'GUID: 8c67d9fafab224c399c8eb76e0620f99 - Path: Packages/com.unity.timeline/ValidationExceptions.json - Importer: ScriptedImporter/UnityEditor.QuickSearchModule:UnityEditor.Search:ASIAI0B' with importer (ScriptedImporter : UnityEditor.QuickSearchModule:UnityEditor.Search:ASIAI0B)
Imported 'GUID: 8c67d9fafab224c399c8eb76e0620f99' -> (Import Result ID: '28f1c771772cb7c7a0226d113b27e6fa') in 0.007 seconds [static and dynamic dependencies]. Details - ImportResultOutputID=3c090ccfbbc33751f4590099e3e0f67a DependenciesID=428a4f0977894be1fd8e64fc5c3d1ab7 StaticDependenciesID=fe000de6c40b9dcb1c0fed81e54d44fb 
Number of updated asset objects reloaded before import = 0
Number of asset objects unloaded after import = 1
========================================================================
Received Import Request.
  Time of request: 2026-08-05T18:44:47.9281521Z
  Time since last request: 0.0115963 seconds.
  importAddress: GUID: b185b14d428805c46aceb7c663825b2d - Path: Packages/com.unity.timeline/Editor/Actions/ActionManager.cs - Importer: ScriptedImporter/UnityEditor.QuickSearchModule:UnityEditor.Search:ASIAI0B
Importing 'GUID: b185b14d428805c46aceb7c663825b2d - Path: Packages/com.unity.timeline/Editor/Actions/ActionManager.cs - Importer: ScriptedImporter/UnityEditor.QuickSearchModule:UnityEditor.Search:ASIAI0B' with importer (ScriptedImporter : UnityEditor.QuickSearchModule:UnityEditor.Search:ASIAI0B)
Imported 'GUID: b185b14d428805c46aceb7c663825b2d' -> (Import Result ID: '724ea95f164b0205b0cc5b9f38e2e209') in 0.002 seconds [static and dynamic dependencies]. Details - ImportResultOutputID=c54861a1f5a028ed9e7ffda2f30b1d4f DependenciesID=4e7a6b4058047bab865f6f9e008d764a StaticDependenciesID=c7319f38cf81ae7db77ff69d85753b10 
Number of updated asset objects reloaded before import = 0
Number of asset objects unloaded after import = 0
========================================================================
Received Import Request.
  Time of request: 2026-08-05T18:44:47.9379237Z
  Time since last request: 0.0008792 seconds.
  importAddress: GUID: c3b87750f9f94e8c918b71ec7d369bd4 - Path: Packages/com.unity.timeline/Editor/Animation/AnimationClipExtensions.cs - Importer: ScriptedImporter/UnityEditor.QuickSearchModule:UnityEditor.Search:ASIAI0B
Importing 'GUID: c3b87750f9f94e8c918b71ec7d369bd4 - Path: Packages/com.unity.timeline/Editor/Animation/AnimationClipExtensions.cs - Importer: ScriptedImporter/UnityEditor.QuickSearchModule:UnityEditor.Search:ASIAI0B' with importer (ScriptedImporter : UnityEditor.QuickSearchModule:UnityEditor.Search:ASIAI0B)
Imported 'GUID: c3b87750f9f94e8c918b71ec7d369bd4' -> (Import Result ID: 'a02f7ee2e8359e09eed283fbfd4116da') in 0.002 seconds [static and dynamic dependencies]. Details - ImportResultOutputID=8d4588ea1e61b046ed48c9a243c9fad9 DependenciesID=321bb2414a8065297c916d2124b500cd StaticDependenciesID=7b1524c099c58dccd344a4f0ab67a2cc 
Number of updated asset objects reloaded before import = 0
Number of asset objects unloaded after import = 0
========================================================================
Received Import Request.
  Time of request: 2026-08-05T18:44:47.9471812Z
  Time since last request: 0.0003735 seconds.
  importAddress: GUID: 57acdaad593b8d143b8fb5052a09d7d0 - Path: Packages/com.unity.timeline/Editor/Audio/AudioTrackInspector.cs - Importer: ScriptedImporter/UnityEditor.QuickSearchModule:UnityEditor.Search:ASIAI0B
Importing 'GUID: 57acdaad593b8d143b8fb5052a09d7d0 - Path: Packages/com.unity.timeline/Editor/Audio/AudioTrackInspector.cs - Importer: ScriptedImporter/UnityEditor.QuickSearchModule:UnityEditor.Search:ASIAI0B' with importer (ScriptedImporter : UnityEditor.QuickSearchModule:UnityEditor.Search:ASIAI0B)
Imported 'GUID: 57acdaad593b8d143b8fb5052a09d7d0' -> (Import Result ID: 'fa0025c073210a841aa8691a80c503d0') in 0.002 seconds [static and dynamic dependencies]. Details - ImportResultOutputID=33c203b9fcbf5f2ce8bf561fc9a7b42f DependenciesID=17671aece3e3c9aa834a3b8712a3680d StaticDependenciesID=f26c4de88ccd6dd7f7b83816dde13044 
Number of updated asset objects reloaded before import = 0
Number of asset objects unloaded after import = 0
========================================================================
Received Import Request.
  Time of request: 2026-08-05T18:44:47.9577981Z
  Time since last request: 0.0004708 seconds.
  importAddress: GUID: 03d19e545aea1b446b1c56530a4438ae - Path: Packages/com.unity.timeline/Editor/Actions/MarkerAction.cs - Importer: ScriptedImporter/UnityEditor.QuickSearchModule:UnityEditor.Search:ASIAI0B
Importing 'GUID: 03d19e545aea1b446b1c56530a4438ae - Path: Packages/com.unity.timeline/Editor/Actions/MarkerAction.cs - Importer: ScriptedImporter/UnityEditor.QuickSearchModule:UnityEditor.Search:ASIAI0B' with importer (ScriptedImporter : UnityEditor.QuickSearchModule:UnityEditor.Search:ASIAI0B)
Imported 'GUID: 03d19e545aea1b446b1c56530a4438ae' -> (Import Result ID: '17deed1c8d0d03a1a3f34c4624153e1a') in 0.002 seconds [static and dynamic dependencies]. Details - ImportResultOutputID=4579a5b18d45c5e5cf5388871438132e DependenciesID=603cf734b3a76e10e3d14f188fd4fb3f StaticDependenciesID=6ce84f3929061359950287febdf3740c 
Number of updated asset objects reloaded before import = 0
Number of asset objects unloaded after import = 0
========================================================================
Received Import Request.
  Time of request: 2026-08-05T18:44:47.9679081Z
  Time since last request: 0.0003801 seconds.
  importAddress: GUID: f9045505a91f4aee87d5768fffc7de5c - Path: Packages/com.unity.timeline/Editor/UnityEditorInternals.cs - Importer: ScriptedImporter/UnityEditor.QuickSearchModule:UnityEditor.Search:ASIAI0B
Importing 'GUID: f9045505a91f4aee87d5768fffc7de5c - Path: Packages/com.unity.timeline/Editor/UnityEditorInternals.cs - Importer: ScriptedImporter/UnityEditor.QuickSearchModule:UnityEditor.Search:ASIAI0B' with importer (ScriptedImporter : UnityEditor.QuickSearchModule:UnityEditor.Search:ASIAI0B)
Imported 'GUID: f9045505a91f4aee87d5768fffc7de5c' -> (Import Result ID: '7baa889421a3d32ffe4a5b30bcc59573') in 0.002 seconds [static and dynamic dependencies]. Details - ImportResultOutputID=9c6b7fde742c534a36e079f1e5b34020 DependenciesID=def4d68820b697c1b0852c84c0e6bd96 StaticDependenciesID=025ad3dc097f6a7e6b42b38e86170945 
Number of updated asset objects reloaded before import = 0
Number of asset objects unloaded after import = 0
========================================================================
Received Import Request.
  Time of request: 2026-08-05T18:44:47.9775992Z
  Time since last request: 0.0002544 seconds.
  importAddress: GUID: 73777638379e4182aab687f602c721a0 - Path: Packages/com.unity.timeline/Runtime/TimelinePlayable_Animation.cs - Importer: ScriptedImporter/UnityEditor.QuickSearchModule:UnityEditor.Search:ASIAI0B
Importing 'GUID: 73777638379e4182aab687f602c721a0 - Path: Packages/com.unity.timeline/Runtime/TimelinePlayable_Animation.cs - Importer: ScriptedImporter/UnityEditor.QuickSearchModule:UnityEditor.Search:ASIAI0B' with importer (ScriptedImporter : UnityEditor.QuickSearchModule:UnityEditor.Search:ASIAI0B)
Imported 'GUID: 73777638379e4182aab687f602c721a0' -> (Import Result ID: 'f2c6aade9f947b3cfb169c12610bd85c') in 0.002 seconds [static and dynamic dependencies]. Details - ImportResultOutputID=abf7e7292e691fc2365e436f5137da67 DependenciesID=a85b9c8a45717e6931bab095994eb528 StaticDependenciesID=a923c0395048e0efcf4c2d21b7715914 
Number of updated asset objects reloaded before import = 0
Number of asset objects unloaded after import = 0
========================================================================
Received Import Request.
  Time of request: 2026-08-05T18:44:47.9878892Z
  Time since last request: 0.0002837 seconds.
  importAddress: GUID: 5b6cac4a98010394791c66942a33caf4 - Path: Packages/com.unity.timeline/Editor/Audio/AudioClipPropertiesDrawer.cs - Importer: ScriptedImporter/UnityEditor.QuickSearchModule:UnityEditor.Search:ASIAI0B
Importing 'GUID: 5b6cac4a98010394791c66942a33caf4 - Path: Packages/com.unity.timeline/Editor/Audio/AudioClipPropertiesDrawer.cs - Importer: ScriptedImporter/UnityEditor.QuickSearchModule:UnityEditor.Search:ASIAI0B' with importer (ScriptedImporter : UnityEditor.QuickSearchModule:UnityEditor.Search:ASIAI0B)
Imported 'GUID: 5b6cac4a98010394791c66942a33caf4' -> (Import Result ID: 'fed998d943fa29f29d9051b98bae8e49') in 0.002 seconds [static and dynamic dependencies]. Details - ImportResultOutputID=b87ffa7e34f6c680e755f1a05bc4f88e DependenciesID=0a406dff39710b2ba522d0876adf1b4d StaticDependenciesID=efb2b189f8ec36e1375523abae0a4d93 
Number of updated asset objects reloaded before import = 0
Number of asset objects unloaded after import = 0
========================================================================
Received Import Request.
  Time of request: 2026-08-05T18:44:47.997092Z
  Time since last request: 0.0002975 seconds.
  importAddress: GUID: 5a7f0d89a47f18c41b6ddf60dfae1bde - Path: Packages/com.unity.timeline/Editor/TimelineHelpers.cs - Importer: ScriptedImporter/UnityEditor.QuickSearchModule:UnityEditor.Search:ASIAI0B
Importing 'GUID: 5a7f0d89a47f18c41b6ddf60dfae1bde - Path: Packages/com.unity.timeline/Editor/TimelineHelpers.cs - Importer: ScriptedImporter/UnityEditor.QuickSearchModule:UnityEditor.Search:ASIAI0B' with importer (ScriptedImporter : UnityEditor.QuickSearchModule:UnityEditor.Search:ASIAI0B)
Imported 'GUID: 5a7f0d89a47f18c41b6ddf60dfae1bde' -> (Import Result ID: 'd16851080bad715923a40d97f8cc492d') in 0.002 seconds [static and dynamic dependencies]. Details - ImportResultOutputID=b33e0c0d9bdbe24dbb428c91b1d9eee1 DependenciesID=74ce4c4d01082c6fb5dee2811545b23c StaticDependenciesID=86a8dde90728ef929575e659ea0d5468 
Number of updated asset objects reloaded before import = 0
Number of asset objects unloaded after import = 0
========================================================================
Received Import Request.
  Time of request: 2026-08-05T18:44:48.0377316Z
  Time since last request: 0.0298305 seconds.
  importAddress: GUID: 6ba7805325c426c43b8e85b5be4eae36 - Path: Packages/com.unity.timeline/Editor/Signals/SignalEventDrawer.cs - Importer: ScriptedImporter/UnityEditor.QuickSearchModule:UnityEditor.Search:ASIAI0B
Importing 'GUID: 6ba7805325c426c43b8e85b5be4eae36 - Path: Packages/com.unity.timeline/Editor/Signals/SignalEventDrawer.cs - Importer: ScriptedImporter/UnityEditor.QuickSearchModule:UnityEditor.Search:ASIAI0B' with importer (ScriptedImporter : UnityEditor.QuickSearchModule:UnityEditor.Search:ASIAI0B)
Imported 'GUID: 6ba7805325c426c43b8e85b5be4eae36' -> (Import Result ID: '52ddf0924224f9c151df02ee9f93a2d0') in 0.004 seconds [static and dynamic dependencies]. Details - ImportResultOutputID=18f98ec1f3e072ded610194fa6c9ef74 DependenciesID=107098058b476c71dad68bd0591bfc4e StaticDependenciesID=6611dacc6cded49e9c81dd82abc9320d 
Number of updated asset objects reloaded before import = 0
Number of asset objects unloaded after import = 0
========================================================================
Received Import Request.
  Time of request: 2026-08-05T18:44:48.0512804Z
  Time since last request: 0.0001887 seconds.
  importAddress: GUID: 6acc614d8b9423d4db1b43e745ecba5b - Path: Packages/com.unity.timeline/Editor/Samples/SampleDependencyImporter.cs - Importer: ScriptedImporter/UnityEditor.QuickSearchModule:UnityEditor.Search:ASIAI0B
Importing 'GUID: 6acc614d8b9423d4db1b43e745ecba5b - Path: Packages/com.unity.timeline/Editor/Samples/SampleDependencyImporter.cs - Importer: ScriptedImporter/UnityEditor.QuickSearchModule:UnityEditor.Search:ASIAI0B' with importer (ScriptedImporter : UnityEditor.QuickSearchModule:UnityEditor.Search:ASIAI0B)
Imported 'GUID: 6acc614d8b9423d4db1b43e745ecba5b' -> (Import Result ID: '5236f41f438e32de31b5f73ae7f17a14') in 0.002 seconds [static and dynamic dependencies]. Details - ImportResultOutputID=ae3a390e6d1e2c17ba4801d733e6c09e DependenciesID=be188d529268f3e8ee779d7265fadba3 StaticDependenciesID=d3a6cab2189333fc305d48996effe62d 
Number of updated asset objects reloaded before import = 0
Number of asset objects unloaded after import = 0
========================================================================
Received Import Request.
  Time of request: 2026-08-05T18:44:48.0624118Z
  Time since last request: 0.0003931 seconds.
  importAddress: GUID: 6c503dbc4e0a4e9db2d004409138d5cc - Path: Packages/com.unity.timeline/Editor/inspectors/FrameRateDrawer.cs - Importer: ScriptedImporter/UnityEditor.QuickSearchModule:UnityEditor.Search:ASIAI0B
Importing 'GUID: 6c503dbc4e0a4e9db2d004409138d5cc - Path: Packages/com.unity.timeline/Editor/inspectors/FrameRateDrawer.cs - Importer: ScriptedImporter/UnityEditor.QuickSearchModule:UnityEditor.Search:ASIAI0B' with importer (ScriptedImporter : UnityEditor.QuickSearchModule:UnityEditor.Search:ASIAI0B)
Imported 'GUID: 6c503dbc4e0a4e9db2d004409138d5cc' -> (Import Result ID: '703981a313d38b9f8b25ef7e5e6e9e74') in 0.002 seconds [static and dynamic dependencies]. Details - ImportResultOutputID=8df157c483c18cc17ddcc20eb0f19981 DependenciesID=fc75f94024134ecd4ffa4d95a7aad8f4 StaticDependenciesID=8c11c7bc32f55ab428564552081453b2 
Number of updated asset objects reloaded before import = 0
Number of asset objects unloaded after import = 0
========================================================================
Received Import Request.
  Time of request: 2026-08-05T18:44:48.0717574Z
  Time since last request: 0.0003256 seconds.
  importAddress: GUID: 5a31542ccf4e8584ca4f60843e9d02d0 - Path: Packages/com.unity.timeline/Editor/Extensions/AnimationTrackExtensions.cs - Importer: ScriptedImporter/UnityEditor.QuickSearchModule:UnityEditor.Search:ASIAI0B
Importing 'GUID: 5a31542ccf4e8584ca4f60843e9d02d0 - Path: Packages/com.unity.timeline/Editor/Extensions/AnimationTrackExtensions.cs - Importer: ScriptedImporter/UnityEditor.QuickSearchModule:UnityEditor.Search:ASIAI0B' with importer (ScriptedImporter : UnityEditor.QuickSearchModule:UnityEditor.Search:ASIAI0B)
Imported 'GUID: 5a31542ccf4e8584ca4f60843e9d02d0' -> (Import Result ID: '90918b59d17eaa7d22e0eb5882a9684a') in 0.002 seconds [static and dynamic dependencies]. Details - ImportResultOutputID=4c32922ce337ebe5c55cb1342e197504 DependenciesID=88c29bcd3824e77f35a9e1e47efd8e02 StaticDependenciesID=cde91cd92ed07c5e430ab182056e57e1 
Number of updated asset objects reloaded before import = 0
Number of asset objects unloaded after import = 0
========================================================================
Received Import Request.
  Time of request: 2026-08-05T18:44:48.0813168Z
  Time since last request: 0.0002685 seconds.
  importAddress: GUID: 1d446e57147ca9b4183edfbbfa9bf206 - Path: Packages/com.unity.timeline/Editor/Manipulators/TimeIndicator.cs - Importer: ScriptedImporter/UnityEditor.QuickSearchModule:UnityEditor.Search:ASIAI0B
Importing 'GUID: 1d446e57147ca9b4183edfbbfa9bf206 - Path: Packages/com.unity.timeline/Editor/Manipulators/TimeIndicator.cs - Importer: ScriptedImporter/UnityEditor.QuickSearchModule:UnityEditor.Search:ASIAI0B' with importer (ScriptedImporter : UnityEditor.QuickSearchModule:UnityEditor.Search:ASIAI0B)
Imported 'GUID: 1d446e57147ca9b4183edfbbfa9bf206' -> (Import Result ID: '1c63f3de00553e1f217a857bf7abf231') in 0.002 seconds [static and dynamic dependencies]. Details - ImportResultOutputID=3e965910ad0a58f193bb09aac030463a DependenciesID=d68cf3e8cc2eed1261869729c1e2ce25 StaticDependenciesID=de1d6b905c50c4f6ac124cd4e64f1fd7 
Number of updated asset objects reloaded before import = 0
Number of asset objects unloaded after import = 0
========================================================================
Received Import Request.
  Time of request: 2026-08-05T18:44:48.092512Z
  Time since last request: 0.0003254 seconds.
  importAddress: GUID: 6901fab4d5157ac48b9f263730387c03 - Path: Packages/com.unity.timeline/Editor/State/SequenceHierarchy.cs - Importer: ScriptedImporter/UnityEditor.QuickSearchModule:UnityEditor.Search:ASIAI0B
Importing 'GUID: 6901fab4d5157ac48b9f263730387c03 - Path: Packages/com.unity.timeline/Editor/State/SequenceHierarchy.cs - Importer: ScriptedImporter/UnityEditor.QuickSearchModule:UnityEditor.Search:ASIAI0B' with importer (ScriptedImporter : UnityEditor.QuickSearchModule:UnityEditor.Search:ASIAI0B)
Imported 'GUID: 6901fab4d5157ac48b9f263730387c03' -> (Import Result ID: 'cdedfbc97cd5fb01dd4d418471a7ecf4') in 0.002 seconds [static and dynamic dependencies]. Details - ImportResultOutputID=6c98518325213af4881819820c7b9beb DependenciesID=4f7e3c499e95c8a7775d6984ce4c451b StaticDependenciesID=2e396b5a83cfd82358824303dc433a0d 
Number of updated asset objects reloaded before import = 0
Number of asset objects unloaded after import = 0
========================================================================
Received Import Request.
  Time of request: 2026-08-05T18:44:48.1019555Z
  Time since last request: 0.0002212 seconds.
  importAddress: GUID: 9c8ceb9efacb4974bb3b7e2a87137b07 - Path: Packages/com.unity.timeline/Editor/inspectors/DirectorNamedColorInspector.cs - Importer: ScriptedImporter/UnityEditor.QuickSearchModule:UnityEditor.Search:ASIAI0B
Importing 'GUID: 9c8ceb9efacb4974bb3b7e2a87137b07 - Path: Packages/com.unity.timeline/Editor/inspectors/DirectorNamedColorInspector.cs - Importer: ScriptedImporter/UnityEditor.QuickSearchModule:UnityEditor.Search:ASIAI0B' with importer (ScriptedImporter : UnityEditor.QuickSearchModule:UnityEditor.Search:ASIAI0B)
Imported 'GUID: 9c8ceb9efacb4974bb3b7e2a87137b07' -> (Import Result ID: '1465b022ffea319c667e1687eff699e3') in 0.002 seconds [static and dynamic dependencies]. Details - ImportResultOutputID=f592dd022e8fce726655d7bff7dcd026 DependenciesID=7dd11e6c3eba558033a3e3e4c38a68a8 StaticDependenciesID=1b33ad8a30381d358aeb9a500e93fa4a 
Number of updated asset objects reloaded before import = 0
Number of asset objects unloaded after import = 0
========================================================================
Received Import Request.
  Time of request: 2026-08-05T18:44:48.1110987Z
  Time since last request: 0.0003775 seconds.
  importAddress: GUID: d5718b3fe3a758b4a9ec29170290d4f6 - Path: Packages/com.unity.timeline/Editor/Properties/AssemblyInfo.cs - Importer: ScriptedImporter/UnityEditor.QuickSearchModule:UnityEditor.Search:ASIAI0B
Importing 'GUID: d5718b3fe3a758b4a9ec29170290d4f6 - Path: Packages/com.unity.timeline/Editor/Properties/AssemblyInfo.cs - Importer: ScriptedImporter/UnityEditor.QuickSearchModule:UnityEditor.Search:ASIAI0B' with importer (ScriptedImporter : UnityEditor.QuickSearchModule:UnityEditor.Search:ASIAI0B)
Imported 'GUID: d5718b3fe3a758b4a9ec29170290d4f6' -> (Import Result ID: '47b9f81f16e2d3b57da3128b1bcc3096') in 0.003 seconds [static and dynamic dependencies]. Details - ImportResultOutputID=af0b0936c497651f595072178517b27b DependenciesID=a86b0c3d6c6ba5566cc5456fd5e89b0d StaticDependenciesID=ea13e22c6e88f0a54562966f88bcea73 
Number of updated asset objects reloaded before import = 0
Number of asset objects unloaded after import = 0
========================================================================
Received Import Request.
  Time of request: 2026-08-05T18:44:48.13749Z
  Time since last request: 0.0147745 seconds.
  importAddress: GUID: b7abcd1a72bb7174ca58e813c6eee9c2 - Path: Packages/com.unity.timeline/Editor/Window/TimelineWindow_ActiveTimeline.cs - Importer: ScriptedImporter/UnityEditor.QuickSearchModule:UnityEditor.Search:ASIAI0B
Importing 'GUID: b7abcd1a72bb7174ca58e813c6eee9c2 - Path: Packages/com.unity.timeline/Editor/Window/TimelineWindow_ActiveTimeline.cs - Importer: ScriptedImporter/UnityEditor.QuickSearchModule:UnityEditor.Search:ASIAI0B' with importer (ScriptedImporter : UnityEditor.QuickSearchModule:UnityEditor.Search:ASIAI0B)
Imported 'GUID: b7abcd1a72bb7174ca58e813c6eee9c2' -> (Import Result ID: 'a5c3a46b94931cb09b725b5306d78bf2') in 0.003 seconds [static and dynamic dependencies]. Details - ImportResultOutputID=6ff6b491126b4c52afe9350e5c24a2cb DependenciesID=a16014718d0b29e2dc5c240526803e3e StaticDependenciesID=f256a90c0642be437f4fba287b1ec046 
Number of updated asset objects reloaded before import = 0
Number of asset objects unloaded after import = 0
========================================================================
Received Import Request.
  Time of request: 2026-08-05T18:44:48.1474667Z
  Time since last request: 0.0005283 seconds.
  importAddress: GUID: 2fa2cf7de51b0d34d9dce3747b72e49d - Path: Packages/com.unity.timeline/Editor/Utilities/SpacePartitioner.cs - Importer: ScriptedImporter/UnityEditor.QuickSearchModule:UnityEditor.Search:ASIAI0B
Importing 'GUID: 2fa2cf7de51b0d34d9dce3747b72e49d - Path: Packages/com.unity.timeline/Editor/Utilities/SpacePartitioner.cs - Importer: ScriptedImporter/UnityEditor.QuickSearchModule:UnityEditor.Search:ASIAI0B' with importer (ScriptedImporter : UnityEditor.QuickSearchModule:UnityEditor.Search:ASIAI0B)
Imported 'GUID: 2fa2cf7de51b0d34d9dce3747b72e49d' -> (Import Result ID: '3e976de47f129e470729810fc3a0f10d') in 0.002 seconds [static and dynamic dependencies]. Details - ImportResultOutputID=e47234a91bf509ba63043579c83215fb DependenciesID=9af2c3a85d52bc4d0cbd12c221c90871 StaticDependenciesID=e0c122f328511ddefa079c4ca4f06255 
Number of updated asset objects reloaded before import = 0
Number of asset objects unloaded after import = 0
========================================================================
Received Import Request.
  Time of request: 2026-08-05T18:44:48.158546Z
  Time since last request: 0.0006419 seconds.
  importAddress: GUID: f8964ef46e1d446dc9eb17a36a3e1f14 - Path: Packages/com.unity.timeline/Editor/treeview/TrackPropertyCurvesDataSource.cs - Importer: ScriptedImporter/UnityEditor.QuickSearchModule:UnityEditor.Search:ASIAI0B
Importing 'GUID: f8964ef46e1d446dc9eb17a36a3e1f14 - Path: Packages/com.unity.timeline/Editor/treeview/TrackPropertyCurvesDataSource.cs - Importer: ScriptedImporter/UnityEditor.QuickSearchModule:UnityEditor.Search:ASIAI0B' with importer (ScriptedImporter : UnityEditor.QuickSearchModule:UnityEditor.Search:ASIAI0B)
Imported 'GUID: f8964ef46e1d446dc9eb17a36a3e1f14' -> (Import Result ID: 'd8ee25feab5351b32c8b536956cfccae') in 0.002 seconds [static and dynamic dependencies]. Details - ImportResultOutputID=f8db40b3809c0f83d0a9b7f40e2f62d1 DependenciesID=b0f71d30096b3a6bcd525bea1e06107a StaticDependenciesID=6fc132bc3f3767f7db046fb15def49c8 
Number of updated asset objects reloaded before import = 0
Number of asset objects unloaded after import = 0
========================================================================
Received Import Request.
  Time of request: 2026-08-05T18:44:48.1685181Z
  Time since last request: 0.0002112 seconds.
  importAddress: GUID: d1c9c1ed454d0594b951eb6a76ac62ad - Path: Packages/com.unity.timeline/Editor/Window/TimelineWindow_EditorCallbacks.cs - Importer: ScriptedImporter/UnityEditor.QuickSearchModule:UnityEditor.Search:ASIAI0B
Importing 'GUID: d1c9c1ed454d0594b951eb6a76ac62ad - Path: Packages/com.unity.timeline/Editor/Window/TimelineWindow_EditorCallbacks.cs - Importer: ScriptedImporter/UnityEditor.QuickSearchModule:UnityEditor.Search:ASIAI0B' with importer (ScriptedImporter : UnityEditor.QuickSearchModule:UnityEditor.Search:ASIAI0B)
Imported 'GUID: d1c9c1ed454d0594b951eb6a76ac62ad' -> (Import Result ID: '3c9c9ff56111b1f0939607fe3396196b') in 0.004 seconds [static and dynamic dependencies]. Details - ImportResultOutputID=122371f935e8f965a625a734f4e33ce4 DependenciesID=c205ca3578debb3ca12a72a3b38cd880 StaticDependenciesID=dbfa7be90e010656a07d56b93168ef1c 
Number of updated asset objects reloaded before import = 0
Number of asset objects unloaded after import = 0
========================================================================
Received Import Request.
  Time of request: 2026-08-05T18:44:48.1810307Z
  Time since last request: 0.0003331 seconds.
  importAddress: GUID: d029640460cf8ff47bbbfe69f49ddf29 - Path: Packages/com.unity.timeline/Editor/treeview/ManipulationsTimeline.cs - Importer: ScriptedImporter/UnityEditor.QuickSearchModule:UnityEditor.Search:ASIAI0B
Importing 'GUID: d029640460cf8ff47bbbfe69f49ddf29 - Path: Packages/com.unity.timeline/Editor/treeview/ManipulationsTimeline.cs - Importer: ScriptedImporter/UnityEditor.QuickSearchModule:UnityEditor.Search:ASIAI0B' with importer (ScriptedImporter : UnityEditor.QuickSearchModule:UnityEditor.Search:ASIAI0B)
Imported 'GUID: d029640460cf8ff47bbbfe69f49ddf29' -> (Import Result ID: 'b669451b533a704d40f4c73595da500f') in 0.002 seconds [static and dynamic dependencies]. Details - ImportResultOutputID=5e9ba371169d5125b497de74db03073a DependenciesID=8865ba756b4a6808851cdcebabe8e3c4 StaticDependenciesID=c63e3b645a1e7ef348a9f249c32a4b92 
Number of updated asset objects reloaded before import = 0
Number of asset objects unloaded after import = 0
========================================================================
Received Import Request.
  Time of request: 2026-08-05T18:44:48.1919621Z
  Time since last request: 0.0003564 seconds.
  importAddress: GUID: 63f2caa33e79582448112b2e286d576d - Path: Packages/com.unity.timeline/Editor/Utilities/TrackResourceCache.cs - Importer: ScriptedImporter/UnityEditor.QuickSearchModule:UnityEditor.Search:ASIAI0B
Importing 'GUID: 63f2caa33e79582448112b2e286d576d - Path: Packages/com.unity.timeline/Editor/Utilities/TrackResourceCache.cs - Importer: ScriptedImporter/UnityEditor.QuickSearchModule:UnityEditor.Search:ASIAI0B' with importer (ScriptedImporter : UnityEditor.QuickSearchModule:UnityEditor.Search:ASIAI0B)
Imported 'GUID: 63f2caa33e79582448112b2e286d576d' -> (Import Result ID: '10157050fdc7a9d08dc6c6950ef4de08') in 0.002 seconds [static and dynamic dependencies]. Details - ImportResultOutputID=814a0cb9a3d45300fb7519018cb6b13d DependenciesID=bdfa4043cab05a9f8f1e9ec9e6a8d75f StaticDependenciesID=0171d22dc482dc6ea8b4a7fcb6df4a44 
Number of updated asset objects reloaded before import = 0
Number of asset objects unloaded after import = 0
========================================================================
Received Import Request.
  Time of request: 2026-08-05T18:44:48.2014412Z
  Time since last request: 0.0004952 seconds.
  importAddress: GUID: 5151708d47edd4344ba8e7bd469d966e - Path: Packages/com.unity.timeline/Editor/treeview/ManipulationsTracks.cs - Importer: ScriptedImporter/UnityEditor.QuickSearchModule:UnityEditor.Search:ASIAI0B
Importing 'GUID: 5151708d47edd4344ba8e7bd469d966e - Path: Packages/com.unity.timeline/Editor/treeview/ManipulationsTracks.cs - Importer: ScriptedImporter/UnityEditor.QuickSearchModule:UnityEditor.Search:ASIAI0B' with importer (ScriptedImporter : UnityEditor.QuickSearchModule:UnityEditor.Search:ASIAI0B)
Imported 'GUID: 5151708d47edd4344ba8e7bd469d966e' -> (Import Result ID: '0c3c3cc03fac6ffdf289edd9e95b1162') in 0.002 seconds [static and dynamic dependencies]. Details - ImportResultOutputID=099696482386acec4ae3d2df5ecbb004 DependenciesID=3a9c7d4319af3b058b3961b12c3486af StaticDependenciesID=a72ad7a7e1d28104e0115f9b97dcc049 
Number of updated asset objects reloaded before import = 0
Number of asset objects unloaded after import = 0
========================================================================
Received Import Request.
  Time of request: 2026-08-05T18:44:48.2107884Z
  Time since last request: 0.0003271 seconds.
  importAddress: GUID: b662f155e14546d0b72f129800d013d0 - Path: Packages/com.unity.timeline/Editor/Window/TimelinePlaybackControls.cs - Importer: ScriptedImporter/UnityEditor.QuickSearchModule:UnityEditor.Search:ASIAI0B
Importing 'GUID: b662f155e14546d0b72f129800d013d0 - Path: Packages/com.unity.timeline/Editor/Window/TimelinePlaybackControls.cs - Importer: ScriptedImporter/UnityEditor.QuickSearchModule:UnityEditor.Search:ASIAI0B' with importer (ScriptedImporter : UnityEditor.QuickSearchModule:UnityEditor.Search:ASIAI0B)
Imported 'GUID: b662f155e14546d0b72f129800d013d0' -> (Import Result ID: 'e1e9be89b92ae812d69881ee72bb64b7') in 0.002 seconds [static and dynamic dependencies]. Details - ImportResultOutputID=cad95fec7cdd23791715c13554dc7316 DependenciesID=6f53b355618e6f7f06eb11644c2f577e StaticDependenciesID=2ca259e6ef247a3477e5f44f8bf4b3a8 
Number of updated asset objects reloaded before import = 0
Number of asset objects unloaded after import = 0
========================================================================
Received Import Request.
  Time of request: 2026-08-05T18:44:48.236769Z
  Time since last request: 0.0158238 seconds.
  importAddress: GUID: 14d748c963c7b3549bed45457cc92c4f - Path: Packages/com.unity.timeline/Editor/Window/TimelineWindow_PlayRange.cs - Importer: ScriptedImporter/UnityEditor.QuickSearchModule:UnityEditor.Search:ASIAI0B
Importing 'GUID: 14d748c963c7b3549bed45457cc92c4f - Path: Packages/com.unity.timeline/Editor/Window/TimelineWindow_PlayRange.cs - Importer: ScriptedImporter/UnityEditor.QuickSearchModule:UnityEditor.Search:ASIAI0B' with importer (ScriptedImporter : UnityEditor.QuickSearchModule:UnityEditor.Search:ASIAI0B)
Imported 'GUID: 14d748c963c7b3549bed45457cc92c4f' -> (Import Result ID: 'd670237a67695f93609143d9822bc09c') in 0.002 seconds [static and dynamic dependencies]. Details - ImportResultOutputID=5dc55707d61b1932f4e9036d912282da DependenciesID=a563585aa81314ba427254b67bf99917 StaticDependenciesID=eaceb31e2860c6e76b4f59d2734ad426 
Number of updated asset objects reloaded before import = 0
Number of asset objects unloaded after import = 0
========================================================================
Received Import Request.
  Time of request: 2026-08-05T18:44:48.2467746Z
  Time since last request: 0.0007902 seconds.
  importAddress: GUID: 5082cb99a8f99b84d84dd8b4c5233a9e - Path: Packages/com.unity.timeline/Runtime/Events/INotificationOptionProvider.cs - Importer: ScriptedImporter/UnityEditor.QuickSearchModule:UnityEditor.Search:ASIAI0B
Importing 'GUID: 5082cb99a8f99b84d84dd8b4c5233a9e - Path: Packages/com.unity.timeline/Runtime/Events/INotificationOptionProvider.cs - Importer: ScriptedImporter/UnityEditor.QuickSearchModule:UnityEditor.Search:ASIAI0B' with importer (ScriptedImporter : UnityEditor.QuickSearchModule:UnityEditor.Search:ASIAI0B)
Imported 'GUID: 5082cb99a8f99b84d84dd8b4c5233a9e' -> (Import Result ID: '9f5ecb2cc0d124f24f89bd1b069dd71b') in 0.003 seconds [static and dynamic dependencies]. Details - ImportResultOutputID=5ea862057e00b1c78d80f5cf06df0809 DependenciesID=709049c4756c11e3eb51b27998a53b51 StaticDependenciesID=5f4b94e120aa3308aa9704a54cb2ca7f 
Number of updated asset objects reloaded before import = 0
Number of asset objects unloaded after import = 0
========================================================================
Received Import Request.
  Time of request: 2026-08-05T18:44:48.256609Z
  Time since last request: 0.0005292 seconds.
  importAddress: GUID: c35b6ea5f1d7cd74eac79413eb70670c - Path: Packages/com.unity.timeline/Runtime/Attributes/TimelineHelpURLAttribute.cs - Importer: ScriptedImporter/UnityEditor.QuickSearchModule:UnityEditor.Search:ASIAI0B
Importing 'GUID: c35b6ea5f1d7cd74eac79413eb70670c - Path: Packages/com.unity.timeline/Runtime/Attributes/TimelineHelpURLAttribute.cs - Importer: ScriptedImporter/UnityEditor.QuickSearchModule:UnityEditor.Search:ASIAI0B' with importer (ScriptedImporter : UnityEditor.QuickSearchModule:UnityEditor.Search:ASIAI0B)
Imported 'GUID: c35b6ea5f1d7cd74eac79413eb70670c' -> (Import Result ID: 'e6a08fe3612cb3072fcaf2ddab70c1b8') in 0.002 seconds [static and dynamic dependencies]. Details - ImportResultOutputID=cc5521fb4f311e4cb3390d278e609746 DependenciesID=b4831e6a8f38b52b30fba1fb3abe8e0d StaticDependenciesID=0bb86971008f22ce026124f46db1248c 
Number of updated asset objects reloaded before import = 0
Number of asset objects unloaded after import = 0
========================================================================
Received Import Request.
  Time of request: 2026-08-05T18:44:48.2670682Z
  Time since last request: 0.0002308 seconds.
  importAddress: GUID: 08d23c0b73905c148b525c3c93fff580 - Path: Packages/com.unity.timeline/Editor/Window/TimelineWindow_TrackGui.cs - Importer: ScriptedImporter/UnityEditor.QuickSearchModule:UnityEditor.Search:ASIAI0B
Importing 'GUID: 08d23c0b73905c148b525c3c93fff580 - Path: Packages/com.unity.timeline/Editor/Window/TimelineWindow_TrackGui.cs - Importer: ScriptedImporter/UnityEditor.QuickSearchModule:UnityEditor.Search:ASIAI0B' with importer (ScriptedImporter : UnityEditor.QuickSearchModule:UnityEditor.Search:ASIAI0B)
Imported 'GUID: 08d23c0b73905c148b525c3c93fff580' -> (Import Result ID: '54a0fc964a0ea9c70a98b6b18d80c502') in 0.002 seconds [static and dynamic dependencies]. Details - ImportResultOutputID=edd746d980fe0a0bd4d5efb1b4184e3d DependenciesID=e5e15dd5eff850d2faebf6b33a262f8d StaticDependenciesID=e49bba0cd8f74bcb6aa8fa1414a4e445 
Number of updated asset objects reloaded before import = 0
Number of asset objects unloaded after import = 0
========================================================================
Received Import Request.
  Time of request: 2026-08-05T18:44:48.2779275Z
  Time since last request: 0.0001929 seconds.
  importAddress: GUID: d8c4a920f001ca64680ed6fdb52d1753 - Path: Packages/com.unity.timeline/Runtime/Audio/AudioMixerProperties.cs - Importer: ScriptedImporter/UnityEditor.QuickSearchModule:UnityEditor.Search:ASIAI0B
Importing 'GUID: d8c4a920f001ca64680ed6fdb52d1753 - Path: Packages/com.unity.timeline/Runtime/Audio/AudioMixerProperties.cs - Importer: ScriptedImporter/UnityEditor.QuickSearchModule:UnityEditor.Search:ASIAI0B' with importer (ScriptedImporter : UnityEditor.QuickSearchModule:UnityEditor.Search:ASIAI0B)
Imported 'GUID: d8c4a920f001ca64680ed6fdb52d1753' -> (Import Result ID: '2bf8b6b97d11e7d946a3304f0402afcc') in 0.002 seconds [static and dynamic dependencies]. Details - ImportResultOutputID=cceb38337daec2f1d0f5b19093594bc5 DependenciesID=d9944587ce6499eb131e77e368a66f9a StaticDependenciesID=db7b2d5c3edf4bf912ac72d97c10cd64 
Number of updated asset objects reloaded before import = 0
Number of asset objects unloaded after import = 0
========================================================================
Received Import Request.
  Time of request: 2026-08-05T18:44:48.2869396Z
  Time since last request: 0.0002474 seconds.
  importAddress: GUID: e763a90581e2d8143bc9a0e384ce6f0f - Path: Packages/com.unity.timeline/Editor/Window/TimelineWindow_TimeCursor.cs - Importer: ScriptedImporter/UnityEditor.QuickSearchModule:UnityEditor.Search:ASIAI0B
Importing 'GUID: e763a90581e2d8143bc9a0e384ce6f0f - Path: Packages/com.unity.timeline/Editor/Window/TimelineWindow_TimeCursor.cs - Importer: ScriptedImporter/UnityEditor.QuickSearchModule:UnityEditor.Search:ASIAI0B' with importer (ScriptedImporter : UnityEditor.QuickSearchModule:UnityEditor.Search:ASIAI0B)
Imported 'GUID: e763a90581e2d8143bc9a0e384ce6f0f' -> (Import Result ID: '6a27afe0b756bdd258ec5029de90c216') in 0.002 seconds [static and dynamic dependencies]. Details - ImportResultOutputID=47027973a12be3145c7b5b3476366721 DependenciesID=e45cfa3729ddf8a6f462a9bcc6add5ee StaticDependenciesID=1280f5ca44efada757aa98436e8c6ca1 
Number of updated asset objects reloaded before import = 0
Number of asset objects unloaded after import = 0
========================================================================
Received Import Request.
  Time of request: 2026-08-05T18:44:48.298525Z
  Time since last request: 0.0002824 seconds.
  importAddress: GUID: 5415c904c4fbc3e498253bc2866b37cd - Path: Packages/com.unity.timeline/Runtime/Playables/ITimeControl.cs - Importer: ScriptedImporter/UnityEditor.QuickSearchModule:UnityEditor.Search:ASIAI0B
Importing 'GUID: 5415c904c4fbc3e498253bc2866b37cd - Path: Packages/com.unity.timeline/Runtime/Playables/ITimeControl.cs - Importer: ScriptedImporter/UnityEditor.QuickSearchModule:UnityEditor.Search:ASIAI0B' with importer (ScriptedImporter : UnityEditor.QuickSearchModule:UnityEditor.Search:ASIAI0B)
Imported 'GUID: 5415c904c4fbc3e498253bc2866b37cd' -> (Import Result ID: '0f81366b929723fafe098f4a7184551f') in 0.002 seconds [static and dynamic dependencies]. Details - ImportResultOutputID=dadb8abc94aafb9b865c29a27c4a0940 DependenciesID=56994d481c417abd499d242e383107e7 StaticDependenciesID=3ad26b2fea0b0a17862f7cf2d9dfbc98 
Number of updated asset objects reloaded before import = 0
Number of asset objects unloaded after import = 0
========================================================================
Received Import Request.
  Time of request: 2026-08-05T18:44:48.3084618Z
  Time since last request: 0.0002381 seconds.
  importAddress: GUID: 48853ae485fa386428341ac1ea122570 - Path: Packages/com.unity.timeline/Runtime/Control/ControlPlayableAsset.cs - Importer: ScriptedImporter/UnityEditor.QuickSearchModule:UnityEditor.Search:ASIAI0B
Importing 'GUID: 48853ae485fa386428341ac1ea122570 - Path: Packages/com.unity.timeline/Runtime/Control/ControlPlayableAsset.cs - Importer: ScriptedImporter/UnityEditor.QuickSearchModule:UnityEditor.Search:ASIAI0B' with importer (ScriptedImporter : UnityEditor.QuickSearchModule:UnityEditor.Search:ASIAI0B)
Imported 'GUID: 48853ae485fa386428341ac1ea122570' -> (Import Result ID: '5238e5817739221a39528c52eae6b56d') in 0.003 seconds [static and dynamic dependencies]. Details - ImportResultOutputID=e0a192dd783d4dea1fa83f6a7ae2a376 DependenciesID=7376eeb285ea106b6784b0796c7ad67a StaticDependenciesID=3bb4a19aef143136a1835a8ee5ff174d 
Number of updated asset objects reloaded before import = 0
Number of asset objects unloaded after import = 0
========================================================================
Received Import Request.
  Time of request: 2026-08-05T18:44:48.336923Z
  Time since last request: 0.0167942 seconds.
  importAddress: GUID: cb281723220c9964094e6c52e0ece792 - Path: Packages/com.unity.timeline/Editor/treeview/Drawers/AnimationTrackDrawer.cs - Importer: ScriptedImporter/UnityEditor.QuickSearchModule:UnityEditor.Search:ASIAI0B
Importing 'GUID: cb281723220c9964094e6c52e0ece792 - Path: Packages/com.unity.timeline/Editor/treeview/Drawers/AnimationTrackDrawer.cs - Importer: ScriptedImporter/UnityEditor.QuickSearchModule:UnityEditor.Search:ASIAI0B' with importer (ScriptedImporter : UnityEditor.QuickSearchModule:UnityEditor.Search:ASIAI0B)
Imported 'GUID: cb281723220c9964094e6c52e0ece792' -> (Import Result ID: 'be3f2d970d0b704c7fdc72f02ab9ddd7') in 0.002 seconds [static and dynamic dependencies]. Details - ImportResultOutputID=7c3fb60c36c195115a32111d79c7c0c2 DependenciesID=774ee85ba843affce6b4e7434f79e674 StaticDependenciesID=b15e1c524703a9a32f37293c224c17fc 
Number of updated asset objects reloaded before import = 0
Number of asset objects unloaded after import = 0
========================================================================
Received Import Request.
  Time of request: 2026-08-05T18:44:48.3471369Z
  Time since last request: 0.0002653 seconds.
  importAddress: GUID: 495e2738ac7d88a41a158cd2e237d70b - Path: Packages/com.unity.timeline/Editor/Manipulators/Utils/EditModeRippleUtils.cs - Importer: ScriptedImporter/UnityEditor.QuickSearchModule:UnityEditor.Search:ASIAI0B
Importing 'GUID: 495e2738ac7d88a41a158cd2e237d70b - Path: Packages/com.unity.timeline/Editor/Manipulators/Utils/EditModeRippleUtils.cs - Importer: ScriptedImporter/UnityEditor.QuickSearchModule:UnityEditor.Search:ASIAI0B' with importer (ScriptedImporter : UnityEditor.QuickSearchModule:UnityEditor.Search:ASIAI0B)
Imported 'GUID: 495e2738ac7d88a41a158cd2e237d70b' -> (Import Result ID: '504d9cc68de9832dd67eff271a5be166') in 0.002 seconds [static and dynamic dependencies]. Details - ImportResultOutputID=4fae2639aa1fbe333c5e63d7e83f6bf4 DependenciesID=ce58dc7c7fff9e64af5f8c86776e5682 StaticDependenciesID=f208c55c87d822f855c3c2c8c6b0cdb9 
Number of updated asset objects reloaded before import = 0
Number of asset objects unloaded after import = 0
========================================================================
Received Import Request.
  Time of request: 2026-08-05T18:44:48.358062Z
  Time since last request: 0.0002035 seconds.
  importAddress: GUID: ea28dc637ae40484da709200d3328587 - Path: Packages/com.unity.timeline/Editor/Manipulators/AddDelete/AddDeleteItemModeReplace.cs - Importer: ScriptedImporter/UnityEditor.QuickSearchModule:UnityEditor.Search:ASIAI0B
Importing 'GUID: ea28dc637ae40484da709200d3328587 - Path: Packages/com.unity.timeline/Editor/Manipulators/AddDelete/AddDeleteItemModeReplace.cs - Importer: ScriptedImporter/UnityEditor.QuickSearchModule:UnityEditor.Search:ASIAI0B' with importer (ScriptedImporter : UnityEditor.QuickSearchModule:UnityEditor.Search:ASIAI0B)
Imported 'GUID: ea28dc637ae40484da709200d3328587' -> (Import Result ID: '5553fbb0f445290e2a71927fb1f3b52f') in 0.002 seconds [static and dynamic dependencies]. Details - ImportResultOutputID=1b7b3d23b924dbb453c5b0d07638dceb DependenciesID=ad39c933385e6de1d271852906790284 StaticDependenciesID=25c13216679890658aa403f91ff99038 
Number of updated asset objects reloaded before import = 0
Number of asset objects unloaded after import = 0
========================================================================
Received Import Request.
  Time of request: 2026-08-05T18:44:48.3677935Z
  Time since last request: 0.0002225 seconds.
  importAddress: GUID: 505965fb9ab352b4d88882d7c8d822bf - Path: Packages/com.unity.timeline/Editor/Manipulators/Utils/EditModeMixUtils.cs - Importer: ScriptedImporter/UnityEditor.QuickSearchModule:UnityEditor.Search:ASIAI0B
Importing 'GUID: 505965fb9ab352b4d88882d7c8d822bf - Path: Packages/com.unity.timeline/Editor/Manipulators/Utils/EditModeMixUtils.cs - Importer: ScriptedImporter/UnityEditor.QuickSearchModule:UnityEditor.Search:ASIAI0B' with importer (ScriptedImporter : UnityEditor.QuickSearchModule:UnityEditor.Search:ASIAI0B)
Imported 'GUID: 505965fb9ab352b4d88882d7c8d822bf' -> (Import Result ID: '888f3ae681e8fd9e985f6ad60dcfb8da') in 0.002 seconds [static and dynamic dependencies]. Details - ImportResultOutputID=746799d9da50054ad8c25bcc59893133 DependenciesID=74ce80111a30247a6038526993075bbc StaticDependenciesID=be050a4508701264ed8cda2764e9eb78 
Number of updated asset objects reloaded before import = 0
Number of asset objects unloaded after import = 0
========================================================================
Received Import Request.
  Time of request: 2026-08-05T18:44:48.3765801Z
  Time since last request: 0.0002675 seconds.
  importAddress: GUID: ada555936059fa149bb48537842ee230 - Path: Packages/com.unity.timeline/Editor/StyleSheets/Extensions/common.uss - Importer: ScriptedImporter/UnityEditor.QuickSearchModule:UnityEditor.Search:ASIAI0B
Importing 'GUID: ada555936059fa149bb48537842ee230 - Path: Packages/com.unity.timeline/Editor/StyleSheets/Extensions/common.uss - Importer: ScriptedImporter/UnityEditor.QuickSearchModule:UnityEditor.Search:ASIAI0B' with importer (ScriptedImporter : UnityEditor.QuickSearchModule:UnityEditor.Search:ASIAI0B)
Imported 'GUID: ada555936059fa149bb48537842ee230' -> (Import Result ID: '93d03d1d19cf27cb10d0d2c1d0b559fc') in 0.009 seconds [static and dynamic dependencies]. Details - ImportResultOutputID=eed4ff58890584e1b019ede4a20497b3 DependenciesID=25a57eb5433e8731cf6f6b320be6ed1d StaticDependenciesID=6daf300df4949cc5202abd5f4949242e 
Number of updated asset objects reloaded before import = 0
Number of asset objects unloaded after import = 1
========================================================================
Received Import Request.
  Time of request: 2026-08-05T18:44:48.3928989Z
  Time since last request: 0.0001789 seconds.
  importAddress: GUID: 01cd96d8687272f4898cfd1562079dd7 - Path: Packages/com.unity.timeline/Editor/Signals/TreeView/SignalListFactory.cs - Importer: ScriptedImporter/UnityEditor.QuickSearchModule:UnityEditor.Search:ASIAI0B
Importing 'GUID: 01cd96d8687272f4898cfd1562079dd7 - Path: Packages/com.unity.timeline/Editor/Signals/TreeView/SignalListFactory.cs - Importer: ScriptedImporter/UnityEditor.QuickSearchModule:UnityEditor.Search:ASIAI0B' with importer (ScriptedImporter : UnityEditor.QuickSearchModule:UnityEditor.Search:ASIAI0B)
Imported 'GUID: 01cd96d8687272f4898cfd1562079dd7' -> (Import Result ID: 'e01aeeec2872c149d795b35778de7e2d') in 0.003 seconds [static and dynamic dependencies]. Details - ImportResultOutputID=6aa5ffec3773c5a6ef7f28e23188abd7 DependenciesID=383ab7dcf0d79d8ddac8b665ea934d45 StaticDependenciesID=a37db3f02349f7bdf26e1f93b56b6994 
Number of updated asset objects reloaded before import = 0
Number of asset objects unloaded after import = 0
========================================================================
Received Import Request.
  Time of request: 2026-08-05T18:44:48.403715Z
  Time since last request: 0.0002613 seconds.
  importAddress: GUID: 41e14f40b915ca743a3dffd18ffc65ab - Path: Packages/com.unity.timeline/Editor/Manipulators/AddDelete/AddDeleteItemModeMix.cs - Importer: ScriptedImporter/UnityEditor.QuickSearchModule:UnityEditor.Search:ASIAI0B
Importing 'GUID: 41e14f40b915ca743a3dffd18ffc65ab - Path: Packages/com.unity.timeline/Editor/Manipulators/AddDelete/AddDeleteItemModeMix.cs - Importer: ScriptedImporter/UnityEditor.QuickSearchModule:UnityEditor.Search:ASIAI0B' with importer (ScriptedImporter : UnityEditor.QuickSearchModule:UnityEditor.Search:ASIAI0B)
Imported 'GUID: 41e14f40b915ca743a3dffd18ffc65ab' -> (Import Result ID: 'b29edf3ac257161b4feaee6b6f4387d9') in 0.002 seconds [static and dynamic dependencies]. Details - ImportResultOutputID=1348b1d99fd2120d85824624dcbef8c2 DependenciesID=9f740b2338f005e06e0586a4bbbd18d4 StaticDependenciesID=5448d7617617aa75e9aa32ba1e379757 
Number of updated asset objects reloaded before import = 0
Number of asset objects unloaded after import = 0
========================================================================
Received Import Request.
  Time of request: 2026-08-05T18:44:48.4140188Z
  Time since last request: 0.0002658 seconds.
  importAddress: GUID: 70eae1897c9d308448eb3bb0b5be9f58 - Path: Packages/com.unity.timeline/Editor/Manipulators/Utils/EditModeUtils.cs - Importer: ScriptedImporter/UnityEditor.QuickSearchModule:UnityEditor.Search:ASIAI0B
Importing 'GUID: 70eae1897c9d308448eb3bb0b5be9f58 - Path: Packages/com.unity.timeline/Editor/Manipulators/Utils/EditModeUtils.cs - Importer: ScriptedImporter/UnityEditor.QuickSearchModule:UnityEditor.Search:ASIAI0B' with importer (ScriptedImporter : UnityEditor.QuickSearchModule:UnityEditor.Search:ASIAI0B)
Imported 'GUID: 70eae1897c9d308448eb3bb0b5be9f58' -> (Import Result ID: 'fd1ce8c0ef1bcc2274804ac3ba7aacd9') in 0.002 seconds [static and dynamic dependencies]. Details - ImportResultOutputID=bf22cb15263d9a8c66f9dc65fbb25630 DependenciesID=edf379c85e820957331c4a0c0c7e3df1 StaticDependenciesID=2746bda67a60d85348fef1234223e7f0 
Number of updated asset objects reloaded before import = 0
Number of asset objects unloaded after import = 0
========================================================================
Received Import Request.
  Time of request: 2026-08-05T18:44:48.453779Z
  Time since last request: 0.0294819 seconds.
  importAddress: GUID: 9d095bb54df44c01a27e76a2b060a072 - Path: Packages/com.unity.timeline/Editor/Utilities/Scopes/LabelWidthScope.cs - Importer: ScriptedImporter/UnityEditor.QuickSearchModule:UnityEditor.Search:ASIAI0B
Importing 'GUID: 9d095bb54df44c01a27e76a2b060a072 - Path: Packages/com.unity.timeline/Editor/Utilities/Scopes/LabelWidthScope.cs - Importer: ScriptedImporter/UnityEditor.QuickSearchModule:UnityEditor.Search:ASIAI0B' with importer (ScriptedImporter : UnityEditor.QuickSearchModule:UnityEditor.Search:ASIAI0B)
Imported 'GUID: 9d095bb54df44c01a27e76a2b060a072' -> (Import Result ID: '739bee90ef2eb29f82680f7c058f5174') in 0.003 seconds [static and dynamic dependencies]. Details - ImportResultOutputID=8ad864f2b4ca200707907b7059488a15 DependenciesID=e8b9ad807e84b2e4a65b25d9b7a74e43 StaticDependenciesID=d8aa372b30c5134068f9ecc7edb8b5e9 
Number of updated asset objects reloaded before import = 0
Number of asset objects unloaded after import = 0
========================================================================
Received Import Request.
  Time of request: 2026-08-05T18:44:48.4638434Z
  Time since last request: 0.0007764 seconds.
  importAddress: GUID: 34d6f60b171c1004e8335d52c65928a3 - Path: Packages/com.unity.timeline/Editor/Window/Modes/TimeReferenceMode.cs - Importer: ScriptedImporter/UnityEditor.QuickSearchModule:UnityEditor.Search:ASIAI0B
Importing 'GUID: 34d6f60b171c1004e8335d52c65928a3 - Path: Packages/com.unity.timeline/Editor/Window/Modes/TimeReferenceMode.cs - Importer: ScriptedImporter/UnityEditor.QuickSearchModule:UnityEditor.Search:ASIAI0B' with importer (ScriptedImporter : UnityEditor.QuickSearchModule:UnityEditor.Search:ASIAI0B)
Imported 'GUID: 34d6f60b171c1004e8335d52c65928a3' -> (Import Result ID: '50d3d5dd89a9b50d5546fdbea89d538c') in 0.003 seconds [static and dynamic dependencies]. Details - ImportResultOutputID=98d5e4509a7cccd2d0e341938cb761c4 DependenciesID=2ee2fe8ccd5ee2af4a6210291f3b94a2 StaticDependenciesID=42a823db33a7573de80a1ccc23f325c0 
Number of updated asset objects reloaded before import = 0
Number of asset objects unloaded after import = 0
========================================================================
Received Import Request.
  Time of request: 2026-08-05T18:44:48.4754449Z
  Time since last request: 0.0004101 seconds.
  importAddress: GUID: 105515c1653548242b4fe973c0f375f7 - Path: Packages/com.unity.timeline/Editor/Window/ViewModel/TimelineWindowViewPrefs.cs - Importer: ScriptedImporter/UnityEditor.QuickSearchModule:UnityEditor.Search:ASIAI0B
Importing 'GUID: 105515c1653548242b4fe973c0f375f7 - Path: Packages/com.unity.timeline/Editor/Window/ViewModel/TimelineWindowViewPrefs.cs - Importer: ScriptedImporter/UnityEditor.QuickSearchModule:UnityEditor.Search:ASIAI0B' with importer (ScriptedImporter : UnityEditor.QuickSearchModule:UnityEditor.Search:ASIAI0B)
Imported 'GUID: 105515c1653548242b4fe973c0f375f7' -> (Import Result ID: '58e2ef256f52f1c563e2705035e44f54') in 0.002 seconds [static and dynamic dependencies]. Details - ImportResultOutputID=4919fff587b76ee8c094814c47095a23 DependenciesID=f6ffd7aef931ab7c3eb01acc2c982661 StaticDependenciesID=fb9aea23a08400121d91380ba65271df 
Number of updated asset objects reloaded before import = 0
Number of asset objects unloaded after import = 0
========================================================================
Received Import Request.
  Time of request: 2026-08-05T18:44:48.4852981Z
  Time since last request: 0.0002922 seconds.
  importAddress: GUID: 042c802f94d43dc45a049bf3b5be79ab - Path: Packages/com.unity.timeline/Editor/treeview/TrackGui/TrackResizeHandle.cs - Importer: ScriptedImporter/UnityEditor.QuickSearchModule:UnityEditor.Search:ASIAI0B
Importing 'GUID: 042c802f94d43dc45a049bf3b5be79ab - Path: Packages/com.unity.timeline/Editor/treeview/TrackGui/TrackResizeHandle.cs - Importer: ScriptedImporter/UnityEditor.QuickSearchModule:UnityEditor.Search:ASIAI0B' with importer (ScriptedImporter : UnityEditor.QuickSearchModule:UnityEditor.Search:ASIAI0B)
Imported 'GUID: 042c802f94d43dc45a049bf3b5be79ab' -> (Import Result ID: '8ec3421eb0df76933f0c54044a1d0795') in 0.003 seconds [static and dynamic dependencies]. Details - ImportResultOutputID=da189cd9c7ba889e30103a14bbde041c DependenciesID=d7e0f8b62708537cc4aef9d3a4797b8a StaticDependenciesID=d2dfa1e05e9b86f600de88452eb9a7c1 
Number of updated asset objects reloaded before import = 0
Number of asset objects unloaded after import = 0
========================================================================
Received Import Request.
  Time of request: 2026-08-05T18:44:48.5194475Z
  Time since last request: 0.022728 seconds.
  importAddress: GUID: 8eba099eb091faf419fecdcd5cdabfd7 - Path: Packages/com.unity.timeline/Editor/StyleSheets/Images/DarkSkin/TimelineKeyframe.png - Importer: ScriptedImporter/UnityEditor.QuickSearchModule:UnityEditor.Search:ASIAI0B
Importing 'GUID: 8eba099eb091faf419fecdcd5cdabfd7 - Path: Packages/com.unity.timeline/Editor/StyleSheets/Images/DarkSkin/TimelineKeyframe.png - Importer: ScriptedImporter/UnityEditor.QuickSearchModule:UnityEditor.Search:ASIAI0B' with importer (ScriptedImporter : UnityEditor.QuickSearchModule:UnityEditor.Search:ASIAI0B)
Imported 'GUID: 8eba099eb091faf419fecdcd5cdabfd7' -> (Import Result ID: '3680c936f8660a6c93fd807c400db3cc') in 0.011 seconds [static and dynamic dependencies]. Details - ImportResultOutputID=ec2b984654afec40868ecccaf6e8773a DependenciesID=91b36d6f41e0b6e05ceb6563e1b9faa4 StaticDependenciesID=eb67ec915b8b60eb23fa1c4cacf960c2 
Number of updated asset objects reloaded before import = 0
Number of asset objects unloaded after import = 1
========================================================================
Received Import Request.
  Time of request: 2026-08-05T18:44:48.5374889Z
  Time since last request: 0.0003895 seconds.
  importAddress: GUID: eae63adb172f1164db61a7f4bdfc3637 - Path: Packages/com.unity.timeline/Editor/StyleSheets/Images/DarkSkin/TimelineInfiniteTrackNoShadow.png - Importer: ScriptedImporter/UnityEditor.QuickSearchModule:UnityEditor.Search:ASIAI0B
Importing 'GUID: eae63adb172f1164db61a7f4bdfc3637 - Path: Packages/com.unity.timeline/Editor/StyleSheets/Images/DarkSkin/TimelineInfiniteTrackNoShadow.png - Importer: ScriptedImporter/UnityEditor.QuickSearchModule:UnityEditor.Search:ASIAI0B' with importer (ScriptedImporter : UnityEditor.QuickSearchModule:UnityEditor.Search:ASIAI0B)
Imported 'GUID: eae63adb172f1164db61a7f4bdfc3637' -> (Import Result ID: 'acd30da58253a779f8877f5e54c41ae1') in 0.009 seconds [static and dynamic dependencies]. Details - ImportResultOutputID=8b49c73f4f34927245e2294f17649fdc DependenciesID=615112263122be3f37bec8c6f55a2ae1 StaticDependenciesID=1e6dad89ac559897352035a4a353e3fa 
Number of updated asset objects reloaded before import = 0
Number of asset objects unloaded after import = 1
========================================================================
Received Import Request.
  Time of request: 2026-08-05T18:44:48.5532727Z
  Time since last request: 0.000254 seconds.
  importAddress: GUID: e17ee60887efdd04389991a15ee0c578 - Path: Packages/com.unity.timeline/Editor/StyleSheets/Images/DarkSkin/TimelineAutokey_active.png - Importer: ScriptedImporter/UnityEditor.QuickSearchModule:UnityEditor.Search:ASIAI0B
Importing 'GUID: e17ee60887efdd04389991a15ee0c578 - Path: Packages/com.unity.timeline/Editor/StyleSheets/Images/DarkSkin/TimelineAutokey_active.png - Importer: ScriptedImporter/UnityEditor.QuickSearchModule:UnityEditor.Search:ASIAI0B' with importer (ScriptedImporter : UnityEditor.QuickSearchModule:UnityEditor.Search:ASIAI0B)
Imported 'GUID: e17ee60887efdd04389991a15ee0c578' -> (Import Result ID: '1310d78efa542ba968ec2388c2d48868') in 0.009 seconds [static and dynamic dependencies]. Details - ImportResultOutputID=3509aa04760209d5cd24ae76436ba63f DependenciesID=6c8904089aff0021ecd47b453abf1719 StaticDependenciesID=3205735b20040fb55484d996fbbb63e5 
Number of updated asset objects reloaded before import = 0
Number of asset objects unloaded after import = 1
========================================================================
Received Import Request.
  Time of request: 2026-08-05T18:44:48.5705067Z
  Time since last request: 0.0002638 seconds.
  importAddress: GUID: 5060c9f9eb2f7ee4695b638a21d8fe01 - Path: Packages/com.unity.timeline/Editor/StyleSheets/Images/DarkSkin/TimelineStartPlayback.png - Importer: ScriptedImporter/UnityEditor.QuickSearchModule:UnityEditor.Search:ASIAI0B
Importing 'GUID: 5060c9f9eb2f7ee4695b638a21d8fe01 - Path: Packages/com.unity.timeline/Editor/StyleSheets/Images/DarkSkin/TimelineStartPlayback.png - Importer: ScriptedImporter/UnityEditor.QuickSearchModule:UnityEditor.Search:ASIAI0B' with importer (ScriptedImporter : UnityEditor.QuickSearchModule:UnityEditor.Search:ASIAI0B)
Imported 'GUID: 5060c9f9eb2f7ee4695b638a21d8fe01' -> (Import Result ID: 'e0b7c7eab137943cabee8fd5a3cf5780') in 0.009 seconds [static and dynamic dependencies]. Details - ImportResultOutputID=03d4e894ef3b05cc44c6878400e39667 DependenciesID=dff4afdc5a7ce3fb78ee49b6dd140456 StaticDependenciesID=e31fb68724d68e4c645744eef1f6cb6b 
Number of updated asset objects reloaded before import = 0
Number of asset objects unloaded after import = 1
========================================================================
Received Import Request.
  Time of request: 2026-08-05T18:44:48.6016547Z
  Time since last request: 0.0141087 seconds.
  importAddress: GUID: 43ed4593c5ddda0439fcc1bdaf8309fe - Path: Packages/com.unity.timeline/Editor/StyleSheets/Images/Icons/d_TrackCurvesButtonEnabled@2x.png - Importer: ScriptedImporter/UnityEditor.QuickSearchModule:UnityEditor.Search:ASIAI0B
Importing 'GUID: 43ed4593c5ddda0439fcc1bdaf8309fe - Path: Packages/com.unity.timeline/Editor/StyleSheets/Images/Icons/d_TrackCurvesButtonEnabled@2x.png - Importer: ScriptedImporter/UnityEditor.QuickSearchModule:UnityEditor.Search:ASIAI0B' with importer (ScriptedImporter : UnityEditor.QuickSearchModule:UnityEditor.Search:ASIAI0B)
Imported 'GUID: 43ed4593c5ddda0439fcc1bdaf8309fe' -> (Import Result ID: '87c953734e231597c504468fc81692a7') in 0.011 seconds [static and dynamic dependencies]. Details - ImportResultOutputID=1f154c8c6c935eb7d8bd96385faf097e DependenciesID=245f3fa075927a00f223102c0a20d342 StaticDependenciesID=4f6388af5737a8de97fedb917c603c58 
Number of updated asset objects reloaded before import = 0
Number of asset objects unloaded after import = 1
========================================================================
Received Import Request.
  Time of request: 2026-08-05T18:44:48.6208245Z
  Time since last request: 0.000215 seconds.
  importAddress: GUID: bf1debab21103154b99778ba6e074175 - Path: Packages/com.unity.timeline/Editor/StyleSheets/Images/Icons/TimelineHeaderMarkerIcon.png - Importer: ScriptedImporter/UnityEditor.QuickSearchModule:UnityEditor.Search:ASIAI0B
Importing 'GUID: bf1debab21103154b99778ba6e074175 - Path: Packages/com.unity.timeline/Editor/StyleSheets/Images/Icons/TimelineHeaderMarkerIcon.png - Importer: ScriptedImporter/UnityEditor.QuickSearchModule:UnityEditor.Search:ASIAI0B' with importer (ScriptedImporter : UnityEditor.QuickSearchModule:UnityEditor.Search:ASIAI0B)
Imported 'GUID: bf1debab21103154b99778ba6e074175' -> (Import Result ID: 'bb35d2bc89ffb9613b18faac2bf9df03') in 0.010 seconds [static and dynamic dependencies]. Details - ImportResultOutputID=fe2c24bc07923ea7533ffa3a5bed9438 DependenciesID=596c5b4f16b1d48f0d6a9b7aac8160c8 StaticDependenciesID=92e3d77e37b58432ca85f891d7e6b394 
Number of updated asset objects reloaded before import = 0
Number of asset objects unloaded after import = 1
========================================================================
Received Import Request.
  Time of request: 2026-08-05T18:44:48.6380491Z
  Time since last request: 0.0003155 seconds.
  importAddress: GUID: c35a22ede3f5feb488bf69587ddc36ed - Path: Packages/com.unity.timeline/Editor/StyleSheets/Images/Icons/TrackMarkerButtonEnabled@2x.png - Importer: ScriptedImporter/UnityEditor.QuickSearchModule:UnityEditor.Search:ASIAI0B
Importing 'GUID: c35a22ede3f5feb488bf69587ddc36ed - Path: Packages/com.unity.timeline/Editor/StyleSheets/Images/Icons/TrackMarkerButtonEnabled@2x.png - Importer: ScriptedImporter/UnityEditor.QuickSearchModule:UnityEditor.Search:ASIAI0B' with importer (ScriptedImporter : UnityEditor.QuickSearchModule:UnityEditor.Search:ASIAI0B)
Imported 'GUID: c35a22ede3f5feb488bf69587ddc36ed' -> (Import Result ID: '813f960a8b2653d1e67bed6a7f01dc7c') in 0.010 seconds [static and dynamic dependencies]. Details - ImportResultOutputID=d6e88c017943b03f45c070210441da54 DependenciesID=269756ff5a516ed7368c2c4160a8a15c StaticDependenciesID=24b75f6ddf0b92b213f1814885f94ea2 
Number of updated asset objects reloaded before import = 0
Number of asset objects unloaded after import = 1
========================================================================
Received Import Request.
  Time of request: 2026-08-05T18:44:48.6556032Z
  Time since last request: 0.0004296 seconds.
  importAddress: GUID: 4bf6507f1346b2746a35384f6a5fd5f9 - Path: Packages/com.unity.timeline/Editor/StyleSheets/Images/Icons/TrackAvatarButtonEnabled.png - Importer: ScriptedImporter/UnityEditor.QuickSearchModule:UnityEditor.Search:ASIAI0B
Importing 'GUID: 4bf6507f1346b2746a35384f6a5fd5f9 - Path: Packages/com.unity.timeline/Editor/StyleSheets/Images/Icons/TrackAvatarButtonEnabled.png - Importer: ScriptedImporter/UnityEditor.QuickSearchModule:UnityEditor.Search:ASIAI0B' with importer (ScriptedImporter : UnityEditor.QuickSearchModule:UnityEditor.Search:ASIAI0B)
Imported 'GUID: 4bf6507f1346b2746a35384f6a5fd5f9' -> (Import Result ID: 'cf0a365cabd24a7a45959b83b89f290a') in 0.009 seconds [static and dynamic dependencies]. Details - ImportResultOutputID=254076eec1ddf943e4da15e2be0b3c12 DependenciesID=14e7f3aef467b68fb5bba20be78a0c33 StaticDependenciesID=6c8d2160e8ab5c69d8ddef368de50e54 
Number of updated asset objects reloaded before import = 0
Number of asset objects unloaded after import = 1
========================================================================
Received Import Request.
  Time of request: 2026-08-05T18:44:48.6717424Z
  Time since last request: 0.000282 seconds.
  importAddress: GUID: 52ee3ba2abc3da14a95cdf64d32ae0ae - Path: Packages/com.unity.timeline/Editor/StyleSheets/Images/Icons/d_TrackLockButtonDisabled.png - Importer: ScriptedImporter/UnityEditor.QuickSearchModule:UnityEditor.Search:ASIAI0B
Importing 'GUID: 52ee3ba2abc3da14a95cdf64d32ae0ae - Path: Packages/com.unity.timeline/Editor/StyleSheets/Images/Icons/d_TrackLockButtonDisabled.png - Importer: ScriptedImporter/UnityEditor.QuickSearchModule:UnityEditor.Search:ASIAI0B' with importer (ScriptedImporter : UnityEditor.QuickSearchModule:UnityEditor.Search:ASIAI0B)
Imported 'GUID: 52ee3ba2abc3da14a95cdf64d32ae0ae' -> (Import Result ID: 'de08585c24605e169ad3df01aea24acf') in 0.009 seconds [static and dynamic dependencies]. Details - ImportResultOutputID=2f92c486f976456d5ceec1db73d93f8c DependenciesID=b4457023ece2b8d4325e8967a1fdb7f6 StaticDependenciesID=e4afee6841c1b1c0e1b993633b3ce134 
Number of updated asset objects reloaded before import = 0
Number of asset objects unloaded after import = 1
========================================================================
Received Import Request.
  Time of request: 2026-08-05T18:44:48.6891087Z
  Time since last request: 0.0002137 seconds.
  importAddress: GUID: 0f1c9a12872a30f45bab34f536332bb3 - Path: Packages/com.unity.timeline/Editor/StyleSheets/Images/Icons/d_TrackRecordButtonEnabled@2x.png - Importer: ScriptedImporter/UnityEditor.QuickSearchModule:UnityEditor.Search:ASIAI0B
Importing 'GUID: 0f1c9a12872a30f45bab34f536332bb3 - Path: Packages/com.unity.timeline/Editor/StyleSheets/Images/Icons/d_TrackRecordButtonEnabled@2x.png - Importer: ScriptedImporter/UnityEditor.QuickSearchModule:UnityEditor.Search:ASIAI0B' with importer (ScriptedImporter : UnityEditor.QuickSearchModule:UnityEditor.Search:ASIAI0B)
Imported 'GUID: 0f1c9a12872a30f45bab34f536332bb3' -> (Import Result ID: 'e86b42bec4a82df26e5985dca604b2a1') in 0.011 seconds [static and dynamic dependencies]. Details - ImportResultOutputID=0d36d72f97cc1d57dd82f9e59d82fbf8 DependenciesID=198b1492000239712a974c6572ab5459 StaticDependenciesID=f67b2e4b4a0e5ef29d06aa2af8a6fc89 
Number of updated asset objects reloaded before import = 0
Number of asset objects unloaded after import = 1
========================================================================
Received Import Request.
  Time of request: 2026-08-05T18:44:48.7085648Z
  Time since last request: 0.0002482 seconds.
  importAddress: GUID: ad2e3e92b00839c4e991ca602ef19822 - Path: Packages/com.unity.timeline/Editor/StyleSheets/Images/Icons/d_TimelineSignal.png - Importer: ScriptedImporter/UnityEditor.QuickSearchModule:UnityEditor.Search:ASIAI0B
Importing 'GUID: ad2e3e92b00839c4e991ca602ef19822 - Path: Packages/com.unity.timeline/Editor/StyleSheets/Images/Icons/d_TimelineSignal.png - Importer: ScriptedImporter/UnityEditor.QuickSearchModule:UnityEditor.Search:ASIAI0B' with importer (ScriptedImporter : UnityEditor.QuickSearchModule:UnityEditor.Search:ASIAI0B)
Imported 'GUID: ad2e3e92b00839c4e991ca602ef19822' -> (Import Result ID: '10e37496a1ae093f41a89af6f2e4c647') in 0.009 seconds [static and dynamic dependencies]. Details - ImportResultOutputID=1da9b13c47dabbb8b4e47a65e264c28b DependenciesID=fefc0d6e80a4bd76dad2ec376241020c StaticDependenciesID=20b9bbcb88f88cdd91ae6cec545c6682 
Number of updated asset objects reloaded before import = 0
Number of asset objects unloaded after import = 1
========================================================================
Received Import Request.
  Time of request: 2026-08-05T18:44:48.7260114Z
  Time since last request: 0.0002916 seconds.
  importAddress: GUID: 6ab002208ec290544b44bc263dc58a95 - Path: Packages/com.unity.timeline/Editor/StyleSheets/Images/Icons/d_TrackMuteButtonDisabled.png - Importer: ScriptedImporter/UnityEditor.QuickSearchModule:UnityEditor.Search:ASIAI0B
Importing 'GUID: 6ab002208ec290544b44bc263dc58a95 - Path: Packages/com.unity.timeline/Editor/StyleSheets/Images/Icons/d_TrackMuteButtonDisabled.png - Importer: ScriptedImporter/UnityEditor.QuickSearchModule:UnityEditor.Search:ASIAI0B' with importer (ScriptedImporter : UnityEditor.QuickSearchModule:UnityEditor.Search:ASIAI0B)
Imported 'GUID: 6ab002208ec290544b44bc263dc58a95' -> (Import Result ID: '46ad29f92dac6789092e8219f9b0cdcb') in 0.011 seconds [static and dynamic dependencies]. Details - ImportResultOutputID=18d267e9877358d35ed899e48b7afa7b DependenciesID=e13566e7d771b2593757d9cb46128e83 StaticDependenciesID=734112941a8ec38a7a88132a0a449d07 
Number of updated asset objects reloaded before import = 0
Number of asset objects unloaded after import = 1
========================================================================
Received Import Request.
  Time of request: 2026-08-05T18:44:48.7568541Z
  Time since last request: 0.012156 seconds.
  importAddress: GUID: 5216b1b48296ef345ad2d2ec43105bf0 - Path: Packages/com.unity.timeline/Editor/StyleSheets/Images/Icons/TrackMuteButtonDisabled.png - Importer: ScriptedImporter/UnityEditor.QuickSearchModule:UnityEditor.Search:ASIAI0B
Importing 'GUID: 5216b1b48296ef345ad2d2ec43105bf0 - Path: Packages/com.unity.timeline/Editor/StyleSheets/Images/Icons/TrackMuteButtonDisabled.png - Importer: ScriptedImporter/UnityEditor.QuickSearchModule:UnityEditor.Search:ASIAI0B' with importer (ScriptedImporter : UnityEditor.QuickSearchModule:UnityEditor.Search:ASIAI0B)
Imported 'GUID: 5216b1b48296ef345ad2d2ec43105bf0' -> (Import Result ID: '735644ed0b6be9365fd8e79823c925ed') in 0.010 seconds [static and dynamic dependencies]. Details - ImportResultOutputID=423a4e726671c6b05ab343e785f17590 DependenciesID=922e5cd93aa731927807bc2330afbf07 StaticDependenciesID=6374f93aa6623b1dd725c9b267b23ad7 
Number of updated asset objects reloaded before import = 0
Number of asset objects unloaded after import = 1
========================================================================
Received Import Request.
  Time of request: 2026-08-05T18:44:48.7742911Z
  Time since last request: 0.0002337 seconds.
  importAddress: GUID: 69ff79f863a32ad44a9497d4896d9d1c - Path: Packages/com.unity.timeline/Editor/StyleSheets/Images/LightSkin/TimelineInfiniteTrackNoShadow.png - Importer: ScriptedImporter/UnityEditor.QuickSearchModule:UnityEditor.Search:ASIAI0B
Importing 'GUID: 69ff79f863a32ad44a9497d4896d9d1c - Path: Packages/com.unity.timeline/Editor/StyleSheets/Images/LightSkin/TimelineInfiniteTrackNoShadow.png - Importer: ScriptedImporter/UnityEditor.QuickSearchModule:UnityEditor.Search:ASIAI0B' with importer (ScriptedImporter : UnityEditor.QuickSearchModule:UnityEditor.Search:ASIAI0B)
Imported 'GUID: 69ff79f863a32ad44a9497d4896d9d1c' -> (Import Result ID: '400cb3a78a4b559418f890ec5f113112') in 0.009 seconds [static and dynamic dependencies]. Details - ImportResultOutputID=44c3d731effe1b80f1dc58501594e940 DependenciesID=b15e2f917e18022d038ab3bd48d9fb6d StaticDependenciesID=a9be4a4a8f347245b046a7978c328ccf 
Number of updated asset objects reloaded before import = 0
Number of asset objects unloaded after import = 1
========================================================================
Received Import Request.
  Time of request: 2026-08-05T18:44:48.7916821Z
  Time since last request: 0.0005298 seconds.
  importAddress: GUID: a04f1625bf500f64e97445265dfbcc93 - Path: Packages/com.unity.timeline/Editor/StyleSheets/Images/Shared/TimelineConnector.png - Importer: ScriptedImporter/UnityEditor.QuickSearchModule:UnityEditor.Search:ASIAI0B
Importing 'GUID: a04f1625bf500f64e97445265dfbcc93 - Path: Packages/com.unity.timeline/Editor/StyleSheets/Images/Shared/TimelineConnector.png - Importer: ScriptedImporter/UnityEditor.QuickSearchModule:UnityEditor.Search:ASIAI0B' with importer (ScriptedImporter : UnityEditor.QuickSearchModule:UnityEditor.Search:ASIAI0B)
Imported 'GUID: a04f1625bf500f64e97445265dfbcc93' -> (Import Result ID: 'cd095060faa8cbeab3d6b23056f6bf7b') in 0.011 seconds [static and dynamic dependencies]. Details - ImportResultOutputID=e51e886a977e55680480bedc5c497318 DependenciesID=54ee200fbb13931db043ea3b108ae233 StaticDependenciesID=4c91916be6ea3e4a24337b908508dbb3 
Number of updated asset objects reloaded before import = 0
Number of asset objects unloaded after import = 1
========================================================================
Received Import Request.
  Time of request: 2026-08-05T18:44:48.8112697Z
  Time since last request: 0.0002125 seconds.
  importAddress: GUID: 824c4beb0ca6c934bbc7a26919302236 - Path: Packages/com.unity.timeline/Editor/StyleSheets/Images/LightSkin/TimelineStartPlayback.png - Importer: ScriptedImporter/UnityEditor.QuickSearchModule:UnityEditor.Search:ASIAI0B
Importing 'GUID: 824c4beb0ca6c934bbc7a26919302236 - Path: Packages/com.unity.timeline/Editor/StyleSheets/Images/LightSkin/TimelineStartPlayback.png - Importer: ScriptedImporter/UnityEditor.QuickSearchModule:UnityEditor.Search:ASIAI0B' with importer (ScriptedImporter : UnityEditor.QuickSearchModule:UnityEditor.Search:ASIAI0B)
Imported 'GUID: 824c4beb0ca6c934bbc7a26919302236' -> (Import Result ID: 'f0e233bc2dbf7b661c850575d269b995') in 0.010 seconds [static and dynamic dependencies]. Details - ImportResultOutputID=8b6077894a5982310335c8e41fc625e1 DependenciesID=2bd8428b86bd61ef4db37cf64033328f StaticDependenciesID=af05a45a855027852e2adb423709680a 
Number of updated asset objects reloaded before import = 0
Number of asset objects unloaded after import = 1
========================================================================
Received Import Request.
  Time of request: 2026-08-05T18:44:48.8286391Z
  Time since last request: 0.0002234 seconds.
  importAddress: GUID: 81e8b4a4bcbf7a14898e2658fd827642 - Path: Packages/com.unity.timeline/Editor/StyleSheets/Images/Icons/TrackMuteButtonEnabled.png - Importer: ScriptedImporter/UnityEditor.QuickSearchModule:UnityEditor.Search:ASIAI0B
Importing 'GUID: 81e8b4a4bcbf7a14898e2658fd827642 - Path: Packages/com.unity.timeline/Editor/StyleSheets/Images/Icons/TrackMuteButtonEnabled.png - Importer: ScriptedImporter/UnityEditor.QuickSearchModule:UnityEditor.Search:ASIAI0B' with importer (ScriptedImporter : UnityEditor.QuickSearchModule:UnityEditor.Search:ASIAI0B)
Imported 'GUID: 81e8b4a4bcbf7a14898e2658fd827642' -> (Import Result ID: '0e8398985619cea75a70d46762025d0c') in 0.010 seconds [static and dynamic dependencies]. Details - ImportResultOutputID=e04a31877f9080250fc763392c0866b7 DependenciesID=8da951ddbffca55683d3f2a09ad64349 StaticDependenciesID=b7fdebca45909174e595e4afe0aebdab 
Number of updated asset objects reloaded before import = 0
Number of asset objects unloaded after import = 1
========================================================================
Received Import Request.
  Time of request: 2026-08-05T18:44:48.8742933Z
  Time since last request: 0.0277362 seconds.
  importAddress: GUID: c5c6fed447622d14cabac1b6abcdd8a9 - Path: Packages/com.unity.shadergraph/Editor/DefaultShaderIncludes.cs - Importer: ScriptedImporter/UnityEditor.QuickSearchModule:UnityEditor.Search:ASIAI0B
Importing 'GUID: c5c6fed447622d14cabac1b6abcdd8a9 - Path: Packages/com.unity.shadergraph/Editor/DefaultShaderIncludes.cs - Importer: ScriptedImporter/UnityEditor.QuickSearchModule:UnityEditor.Search:ASIAI0B' with importer (ScriptedImporter : UnityEditor.QuickSearchModule:UnityEditor.Search:ASIAI0B)
Imported 'GUID: c5c6fed447622d14cabac1b6abcdd8a9' -> (Import Result ID: '6c40d9c3c2d91163f1dbc6258353d89b') in 0.003 seconds [static and dynamic dependencies]. Details - ImportResultOutputID=da953bb758732daa1ac689adb7b6d65f DependenciesID=12f66e0ea215dfe231dbbec6a3f99195 StaticDependenciesID=7c376b7e3f5d88bead575ebff70e761b 
Number of updated asset objects reloaded before import = 0
Number of asset objects unloaded after import = 0
========================================================================
Received Import Request.
  Time of request: 2026-08-05T18:44:48.8844262Z
  Time since last request: 0.000223 seconds.
  importAddress: GUID: d15809863a4410e409c1b23c81a2e5f4 - Path: Packages/com.unity.shadergraph/Editor/AssemblyInfo.cs - Importer: ScriptedImporter/UnityEditor.QuickSearchModule:UnityEditor.Search:ASIAI0B
Importing 'GUID: d15809863a4410e409c1b23c81a2e5f4 - Path: Packages/com.unity.shadergraph/Editor/AssemblyInfo.cs - Importer: ScriptedImporter/UnityEditor.QuickSearchModule:UnityEditor.Search:ASIAI0B' with importer (ScriptedImporter : UnityEditor.QuickSearchModule:UnityEditor.Search:ASIAI0B)
Imported 'GUID: d15809863a4410e409c1b23c81a2e5f4' -> (Import Result ID: '4ba331e103917ae38e4a582887f8237b') in 0.002 seconds [static and dynamic dependencies]. Details - ImportResultOutputID=928b10b18e9704cf50e579d525981857 DependenciesID=ad99405cb750ee1f0c06c39cfb6c5031 StaticDependenciesID=4ade4bf81012cf02b42cc15621752357 
Number of updated asset objects reloaded before import = 0
Number of asset objects unloaded after import = 0
========================================================================
Received Import Request.
  Time of request: 2026-08-05T18:44:48.8940182Z
  Time since last request: 0.0002011 seconds.
  importAddress: GUID: c5ef7306e5722094a96fcf2c37d286eb - Path: Packages/com.unity.shadergraph/Editor/ShaderGraphToolbarExtension.cs - Importer: ScriptedImporter/UnityEditor.QuickSearchModule:UnityEditor.Search:ASIAI0B
Importing 'GUID: c5ef7306e5722094a96fcf2c37d286eb - Path: Packages/com.unity.shadergraph/Editor/ShaderGraphToolbarExtension.cs - Importer: ScriptedImporter/UnityEditor.QuickSearchModule:UnityEditor.Search:ASIAI0B' with importer (ScriptedImporter : UnityEditor.QuickSearchModule:UnityEditor.Search:ASIAI0B)
Imported 'GUID: c5ef7306e5722094a96fcf2c37d286eb' -> (Import Result ID: 'c1d79adf6ecfb7beae2235344524a46d') in 0.003 seconds [static and dynamic dependencies]. Details - ImportResultOutputID=6bb71df8b22b062ed7d0b845e99c8993 DependenciesID=bad23b5e13454ce4dce60ff79b4379ac StaticDependenciesID=c92e40eda843c649c3034becfe167bcc 
Number of updated asset objects reloaded before import = 0
Number of asset objects unloaded after import = 0
========================================================================
Received Import Request.
  Time of request: 2026-08-05T18:44:48.9038966Z
  Time since last request: 0.0001967 seconds.
  importAddress: GUID: 9ab28bd513962504d96a202884dabd23 - Path: Packages/com.unity.shadergraph/Editor/ShaderGraphNodeValidationExtension.cs - Importer: ScriptedImporter/UnityEditor.QuickSearchModule:UnityEditor.Search:ASIAI0B
Importing 'GUID: 9ab28bd513962504d96a202884dabd23 - Path: Packages/com.unity.shadergraph/Editor/ShaderGraphNodeValidationExtension.cs - Importer: ScriptedImporter/UnityEditor.QuickSearchModule:UnityEditor.Search:ASIAI0B' with importer (ScriptedImporter : UnityEditor.QuickSearchModule:UnityEditor.Search:ASIAI0B)
Imported 'GUID: 9ab28bd513962504d96a202884dabd23' -> (Import Result ID: '9c713b43a03dfa396d88a7c7cd84f7b8') in 0.002 seconds [static and dynamic dependencies]. Details - ImportResultOutputID=d06a275bb1ad5fbea44975a1b53a6efd DependenciesID=6f98de25b1b57aea2abedef0207ca250 StaticDependenciesID=8f02ef4567125b228ca43885a84aab73 
Number of updated asset objects reloaded before import = 0
Number of asset objects unloaded after import = 0
========================================================================
Received Import Request.
  Time of request: 2026-08-05T18:44:48.9387658Z
  Time since last request: 0.0255242 seconds.
  importAddress: GUID: ca6b9d3e5c1927e4cb49fc3107f72c1c - Path: Packages/com.unity.shadergraph/Editor/Importers/ShaderSubGraphImporterEditor.cs - Importer: ScriptedImporter/UnityEditor.QuickSearchModule:UnityEditor.Search:ASIAI0B
Importing 'GUID: ca6b9d3e5c1927e4cb49fc3107f72c1c - Path: Packages/com.unity.shadergraph/Editor/Importers/ShaderSubGraphImporterEditor.cs - Importer: ScriptedImporter/UnityEditor.QuickSearchModule:UnityEditor.Search:ASIAI0B' with importer (ScriptedImporter : UnityEditor.QuickSearchModule:UnityEditor.Search:ASIAI0B)
Imported 'GUID: ca6b9d3e5c1927e4cb49fc3107f72c1c' -> (Import Result ID: 'd88194c6be555d0c751ea6609b74afbd') in 0.002 seconds [static and dynamic dependencies]. Details - ImportResultOutputID=94df01f34e554d7801f4a74dfa70bc6d DependenciesID=42bac423eaaab6ecb293d5f38bf30f33 StaticDependenciesID=8fcc9e8a00abf9196f748a282acac2cf 
Number of updated asset objects reloaded before import = 0
Number of asset objects unloaded after import = 0
========================================================================
Received Import Request.
  Time of request: 2026-08-05T18:44:48.9480935Z
  Time since last request: 0.0004766 seconds.
  importAddress: GUID: 76c5c0b7561134f0ca526e50f239a4a2 - Path: Packages/com.unity.shadergraph/ShaderGraphLibrary/Functions.hlsl - Importer: ScriptedImporter/UnityEditor.QuickSearchModule:UnityEditor.Search:ASIAI0B
Importing 'GUID: 76c5c0b7561134f0ca526e50f239a4a2 - Path: Packages/com.unity.shadergraph/ShaderGraphLibrary/Functions.hlsl - Importer: ScriptedImporter/UnityEditor.QuickSearchModule:UnityEditor.Search:ASIAI0B' with importer (ScriptedImporter : UnityEditor.QuickSearchModule:UnityEditor.Search:ASIAI0B)
Imported 'GUID: 76c5c0b7561134f0ca526e50f239a4a2' -> (Import Result ID: 'ef5616b2df75610428f46a6abb08bd23') in 0.009 seconds [static and dynamic dependencies]. Details - ImportResultOutputID=6fda8fa971af92de5e08b54bc1c1a795 DependenciesID=958d2c87a31d2993f2282f2eb84072c0 StaticDependenciesID=f96aaa427c811b6e47496e3eb3d50bbb 
Number of updated asset objects reloaded before import = 0
Number of asset objects unloaded after import = 1
========================================================================
Received Import Request.
  Time of request: 2026-08-05T18:44:48.965903Z
  Time since last request: 0.0002501 seconds.
  importAddress: GUID: 924ffcbe75518854f97b48776d0f1939 - Path: Packages/com.unity.shadergraph/Editor/Drawing/MaterialGraphEditWindow.cs - Importer: ScriptedImporter/UnityEditor.QuickSearchModule:UnityEditor.Search:ASIAI0B
Importing 'GUID: 924ffcbe75518854f97b48776d0f1939 - Path: Packages/com.unity.shadergraph/Editor/Drawing/MaterialGraphEditWindow.cs - Importer: ScriptedImporter/UnityEditor.QuickSearchModule:UnityEditor.Search:ASIAI0B' with importer (ScriptedImporter : UnityEditor.QuickSearchModule:UnityEditor.Search:ASIAI0B)
Imported 'GUID: 924ffcbe75518854f97b48776d0f1939' -> (Import Result ID: '635eaef8a2a9877f3a20386921553b3a') in 0.002 seconds [static and dynamic dependencies]. Details - ImportResultOutputID=049b6220657f6b101c5e83863e9dff52 DependenciesID=20d9e327644e3b3accc24e48d73a4893 StaticDependenciesID=ca5b0d262459facb403692dd31797963 
Number of updated asset objects reloaded before import = 0
Number of asset objects unloaded after import = 0
========================================================================
Received Import Request.
  Time of request: 2026-08-05T18:44:48.9745626Z
  Time since last request: 0.0002161 seconds.
  importAddress: GUID: a6e816750db52e34e8e463c3377a974e - Path: Packages/com.unity.shadergraph/Editor/InternalBridge/ObjectSelector.cs - Importer: ScriptedImporter/UnityEditor.QuickSearchModule:UnityEditor.Search:ASIAI0B
Importing 'GUID: a6e816750db52e34e8e463c3377a974e - Path: Packages/com.unity.shadergraph/Editor/InternalBridge/ObjectSelector.cs - Importer: ScriptedImporter/UnityEditor.QuickSearchModule:UnityEditor.Search:ASIAI0B' with importer (ScriptedImporter : UnityEditor.QuickSearchModule:UnityEditor.Search:ASIAI0B)
Imported 'GUID: a6e816750db52e34e8e463c3377a974e' -> (Import Result ID: '45f9afcf736b0f6733627ad6f3f349eb') in 0.002 seconds [static and dynamic dependencies]. Details - ImportResultOutputID=f2a359c6bf443632492e8fbe6b760c0c DependenciesID=8fe9db11286564f9a05f2e0a224a1637 StaticDependenciesID=f5cee99dcd696b29077f2d12fb2420ef 
Number of updated asset objects reloaded before import = 0
Number of asset objects unloaded after import = 0
========================================================================
Received Import Request.
  Time of request: 2026-08-05T18:44:48.9840252Z
  Time since last request: 0.0001695 seconds.
  importAddress: GUID: dbb40aecee858904688ec620c225e96b - Path: Packages/com.unity.shadergraph/Editor/Interface/IConditional.cs - Importer: ScriptedImporter/UnityEditor.QuickSearchModule:UnityEditor.Search:ASIAI0B
Importing 'GUID: dbb40aecee858904688ec620c225e96b - Path: Packages/com.unity.shadergraph/Editor/Interface/IConditional.cs - Importer: ScriptedImporter/UnityEditor.QuickSearchModule:UnityEditor.Search:ASIAI0B' with importer (ScriptedImporter : UnityEditor.QuickSearchModule:UnityEditor.Search:ASIAI0B)
Imported 'GUID: dbb40aecee858904688ec620c225e96b' -> (Import Result ID: '270f42643a36bac7dbd4b3fc01dda699') in 0.002 seconds [static and dynamic dependencies]. Details - ImportResultOutputID=df9dcde28638e39b539f2abdc3732d2f DependenciesID=7a233310a40e2fd1af006179960d2b08 StaticDependenciesID=c7636b5e438eb1b7e528f35ab2ee9d34 
Number of updated asset objects reloaded before import = 0
Number of asset objects unloaded after import = 0
========================================================================
Received Import Request.
  Time of request: 2026-08-05T18:44:48.9937861Z
  Time since last request: 0.0002248 seconds.
  importAddress: GUID: 58c573829af3c7c44aaf7d3125df048a - Path: Packages/com.unity.shadergraph/Editor/Resources/Selectable.uss - Importer: ScriptedImporter/UnityEditor.QuickSearchModule:UnityEditor.Search:ASIAI0B
Importing 'GUID: 58c573829af3c7c44aaf7d3125df048a - Path: Packages/com.unity.shadergraph/Editor/Resources/Selectable.uss - Importer: ScriptedImporter/UnityEditor.QuickSearchModule:UnityEditor.Search:ASIAI0B' with importer (ScriptedImporter : UnityEditor.QuickSearchModule:UnityEditor.Search:ASIAI0B)
Imported 'GUID: 58c573829af3c7c44aaf7d3125df048a' -> (Import Result ID: '0c68d7b98a6cfaed08ee83723bbd1dc1') in 0.011 seconds [static and dynamic dependencies]. Details - ImportResultOutputID=ba4a0646c26579b7e7f68ba352b2c55f DependenciesID=b58c5a5238e50f51f1ce5acba177256c StaticDependenciesID=72468d1d4fee5531da70e1294d02d759 
Number of updated asset objects reloaded before import = 0
Number of asset objects unloaded after import = 1
========================================================================
Received Import Request.
  Time of request: 2026-08-05T18:44:49.0121931Z
  Time since last request: 0.0002171 seconds.
  importAddress: GUID: 43f4de31cc4ea49b8ab005fb966d553c - Path: Packages/com.unity.shadergraph/Editor/Generation/ShaderGraphVfxAsset.cs - Importer: ScriptedImporter/UnityEditor.QuickSearchModule:UnityEditor.Search:ASIAI0B
Importing 'GUID: 43f4de31cc4ea49b8ab005fb966d553c - Path: Packages/com.unity.shadergraph/Editor/Generation/ShaderGraphVfxAsset.cs - Importer: ScriptedImporter/UnityEditor.QuickSearchModule:UnityEditor.Search:ASIAI0B' with importer (ScriptedImporter : UnityEditor.QuickSearchModule:UnityEditor.Search:ASIAI0B)
Imported 'GUID: 43f4de31cc4ea49b8ab005fb966d553c' -> (Import Result ID: 'e1be9e807658744713d3802e21c050f7') in 0.010 seconds [static and dynamic dependencies]. Details - ImportResultOutputID=868fced5f2e25129c823cf6dc0084fd9 DependenciesID=2e0b9be8de464993db73b7c227378c4c StaticDependenciesID=a0fdf0d958a70cd0d6079b8a2bf3d4e7 
Number of updated asset objects reloaded before import = 0
Number of asset objects unloaded after import = 1
========================================================================
Received Import Request.
  Time of request: 2026-08-05T18:44:49.0561202Z
  Time since last request: 0.0268879 seconds.
  importAddress: GUID: 3536b8f2543044f72bb45c2e5dd889e9 - Path: Packages/com.unity.shadergraph/Editor/Util/MessageManager.cs - Importer: ScriptedImporter/UnityEditor.QuickSearchModule:UnityEditor.Search:ASIAI0B
Importing 'GUID: 3536b8f2543044f72bb45c2e5dd889e9 - Path: Packages/com.unity.shadergraph/Editor/Util/MessageManager.cs - Importer: ScriptedImporter/UnityEditor.QuickSearchModule:UnityEditor.Search:ASIAI0B' with importer (ScriptedImporter : UnityEditor.QuickSearchModule:UnityEditor.Search:ASIAI0B)
Imported 'GUID: 3536b8f2543044f72bb45c2e5dd889e9' -> (Import Result ID: '545ef9d99add2cf7be5c1050d9dea4bb') in 0.002 seconds [static and dynamic dependencies]. Details - ImportResultOutputID=551ec4fe44f24e3fa02e7ebf3e99f759 DependenciesID=7067edfa6be44bc94727cbad8add8cf9 StaticDependenciesID=2fea43e53982cf72fc42b89d22b1dded 
Number of updated asset objects reloaded before import = 0
Number of asset objects unloaded after import = 0
========================================================================
Received Import Request.
  Time of request: 2026-08-05T18:44:49.0658591Z
  Time since last request: 0.0007267 seconds.
  importAddress: GUID: af66091e0eca0c04a9c3584ae867418a - Path: Packages/com.unity.shadergraph/GraphTemplates/Cross Pipeline/0_Particle Unlit.shadergraph - Importer: ScriptedImporter/UnityEditor.QuickSearchModule:UnityEditor.Search:ASIAI0B
Importing 'GUID: af66091e0eca0c04a9c3584ae867418a - Path: Packages/com.unity.shadergraph/GraphTemplates/Cross Pipeline/0_Particle Unlit.shadergraph - Importer: ScriptedImporter/UnityEditor.QuickSearchModule:UnityEditor.Search:ASIAI0B' with importer (ScriptedImporter : UnityEditor.QuickSearchModule:UnityEditor.Search:ASIAI0B)
Imported 'GUID: af66091e0eca0c04a9c3584ae867418a' -> (Import Result ID: '86d69c7846f2080b5d5fe4ec9b739fba') in 0.041 seconds [static and dynamic dependencies]. Details - ImportResultOutputID=a192faf9375cad0e2b09afcf88a3aace DependenciesID=f64175b580ccad099f9ec299f8b9c026 StaticDependenciesID=c552e28b01b56f769682e7f06ef46df3 
Number of updated asset objects reloaded before import = 0
Number of asset objects unloaded after import = 8
========================================================================
Received Import Request.
  Time of request: 2026-08-05T18:44:49.1150144Z
  Time since last request: 0.0000166 seconds.
  importAddress: GUID: 8bbfe621c0368244b80a10cdd14cd70e - Path: Packages/com.unity.shadergraph/GraphTemplates/Subgraphs/Depth Fade.shadersubgraph - Importer: ScriptedImporter/UnityEditor.QuickSearchModule:UnityEditor.Search:ASIAI0B
Importing 'GUID: 8bbfe621c0368244b80a10cdd14cd70e - Path: Packages/com.unity.shadergraph/GraphTemplates/Subgraphs/Depth Fade.shadersubgraph - Importer: ScriptedImporter/UnityEditor.QuickSearchModule:UnityEditor.Search:ASIAI0B' with importer (ScriptedImporter : UnityEditor.QuickSearchModule:UnityEditor.Search:ASIAI0B)
Imported 'GUID: 8bbfe621c0368244b80a10cdd14cd70e' -> (Import Result ID: '2818bcfee1c24736808de54e77e97abf') in 0.010 seconds [static and dynamic dependencies]. Details - ImportResultOutputID=d45601dcfb071e3e5303f82b0ce05a23 DependenciesID=ba2dd6cc7fb18875f24e25b0860aa1c2 StaticDependenciesID=9205e41e10af3a1a19bf3b05d9548b08 
Number of updated asset objects reloaded before import = 0
Number of asset objects unloaded after import = 1
========================================================================
Received Import Request.
  Time of request: 2026-08-05T18:44:49.1323901Z
  Time since last request: 0.0003079 seconds.
  importAddress: GUID: 39144937a5efe954dac51acbbe54157e - Path: Packages/com.unity.shadergraph/GraphTemplates/Cross Pipeline/0_Decal Simple.shadergraph - Importer: ScriptedImporter/UnityEditor.QuickSearchModule:UnityEditor.Search:ASIAI0B
Importing 'GUID: 39144937a5efe954dac51acbbe54157e - Path: Packages/com.unity.shadergraph/GraphTemplates/Cross Pipeline/0_Decal Simple.shadergraph - Importer: ScriptedImporter/UnityEditor.QuickSearchModule:UnityEditor.Search:ASIAI0B' with importer (ScriptedImporter : UnityEditor.QuickSearchModule:UnityEditor.Search:ASIAI0B)
Imported 'GUID: 39144937a5efe954dac51acbbe54157e' -> (Import Result ID: '7bef5f05238e71233e69cb1db00c2a97') in 0.013 seconds [static and dynamic dependencies]. Details - ImportResultOutputID=f5d12e4aed483d839dacc48a6c455af7 DependenciesID=5d95bb55843c62a2d246363bc5bdffe9 StaticDependenciesID=4b6cf0c7b5afb33743f8509a5621eaab 
Number of updated asset objects reloaded before import = 0
Number of asset objects unloaded after import = 5
========================================================================
Received Import Request.
  Time of request: 2026-08-05T18:44:49.1535028Z
  Time since last request: 0.0000796 seconds.
  importAddress: GUID: bb515ce764324b444b925949646460fe - Path: Packages/com.unity.shadergraph/GraphTemplates/Subgraphs/HeightMask.shadersubgraph - Importer: ScriptedImporter/UnityEditor.QuickSearchModule:UnityEditor.Search:ASIAI0B
Importing 'GUID: bb515ce764324b444b925949646460fe - Path: Packages/com.unity.shadergraph/GraphTemplates/Subgraphs/HeightMask.shadersubgraph - Importer: ScriptedImporter/UnityEditor.QuickSearchModule:UnityEditor.Search:ASIAI0B' with importer (ScriptedImporter : UnityEditor.QuickSearchModule:UnityEditor.Search:ASIAI0B)
Imported 'GUID: bb515ce764324b444b925949646460fe' -> (Import Result ID: '3bafdf265ada2f3c9f7c3ad7f1cd8b54') in 0.009 seconds [static and dynamic dependencies]. Details - ImportResultOutputID=3de39a3a6f5da8ab20c03ee31bdff1d5 DependenciesID=aecefd219530649027126e04d8c573bf StaticDependenciesID=3052023ea39db2acf28bcf2f566145b2 
Number of updated asset objects reloaded before import = 0
Number of asset objects unloaded after import = 1
========================================================================
Received Import Request.
  Time of request: 2026-08-05T18:44:49.171498Z
  Time since last request: 0.000212 seconds.
  importAddress: GUID: def488a52add6574d9f295a507032cb8 - Path: Packages/com.unity.shadergraph/GraphTemplates/Cross Pipeline/Terrain Simple.shadergraph - Importer: ScriptedImporter/UnityEditor.QuickSearchModule:UnityEditor.Search:ASIAI0B
Importing 'GUID: def488a52add6574d9f295a507032cb8 - Path: Packages/com.unity.shadergraph/GraphTemplates/Cross Pipeline/Terrain Simple.shadergraph - Importer: ScriptedImporter/UnityEditor.QuickSearchModule:UnityEditor.Search:ASIAI0B' with importer (ScriptedImporter : UnityEditor.QuickSearchModule:UnityEditor.Search:ASIAI0B)
Imported 'GUID: def488a52add6574d9f295a507032cb8' -> (Import Result ID: '4b7deb245d5f247a4a2b38e630effcbf') in 0.018 seconds [static and dynamic dependencies]. Details - ImportResultOutputID=e49065667eb4dad323555f1770f7e771 DependenciesID=401f1f5b16c7d26dcf3d8050dcf065f7 StaticDependenciesID=88c7c070fd26c55bcd1fd89cc2a538d2 
Number of updated asset objects reloaded before import = 0
Number of asset objects unloaded after import = 7
========================================================================
Received Import Request.
  Time of request: 2026-08-05T18:44:49.5141254Z
  Time since last request: 0.3172969 seconds.
  importAddress: GUID: 5b3ff0f8519f4c0aa38ae4251a329e34 - Path: Packages/com.unity.shadergraph/Tests/Editor/TestNode.cs - Importer: ScriptedImporter/UnityEditor.QuickSearchModule:UnityEditor.Search:ASIAI0B
Importing 'GUID: 5b3ff0f8519f4c0aa38ae4251a329e34 - Path: Packages/com.unity.shadergraph/Tests/Editor/TestNode.cs - Importer: ScriptedImporter/UnityEditor.QuickSearchModule:UnityEditor.Search:ASIAI0B' with importer (ScriptedImporter : UnityEditor.QuickSearchModule:UnityEditor.Search:ASIAI0B)
Imported 'GUID: 5b3ff0f8519f4c0aa38ae4251a329e34' -> (Import Result ID: 'f36f2546c16274f596d9a39b7cc86994') in 0.003 seconds [static and dynamic dependencies]. Details - ImportResultOutputID=65d9060e6f045a1ff1c38baa194dd8c3 DependenciesID=d8256ce2db27fe0b50330e3c7e0baa4c StaticDependenciesID=707c04732001069e7e7aa51e12e63c04 
Number of updated asset objects reloaded before import = 0
Number of asset objects unloaded after import = 0
========================================================================
Received Import Request.
  Time of request: 2026-08-05T18:44:49.5245957Z
  Time since last request: 0.0004205 seconds.
  importAddress: GUID: 38026d07e949e0043a9daa90b1917d90 - Path: Packages/com.unity.shadergraph/GraphTemplates/Subgraphs/Switch4.shadersubgraph - Importer: ScriptedImporter/UnityEditor.QuickSearchModule:UnityEditor.Search:ASIAI0B
Importing 'GUID: 38026d07e949e0043a9daa90b1917d90 - Path: Packages/com.unity.shadergraph/GraphTemplates/Subgraphs/Switch4.shadersubgraph - Importer: ScriptedImporter/UnityEditor.QuickSearchModule:UnityEditor.Search:ASIAI0B' with importer (ScriptedImporter : UnityEditor.QuickSearchModule:UnityEditor.Search:ASIAI0B)
Imported 'GUID: 38026d07e949e0043a9daa90b1917d90' -> (Import Result ID: 'b82a62cb21ed700b9b452ed045447c78') in 0.009 seconds [static and dynamic dependencies]. Details - ImportResultOutputID=0698ee4e59afc03fcca07a30ab13128c DependenciesID=c07d6b10ec4c1b84c39c3c59a32c2c3c StaticDependenciesID=ad76fc5b1504e5f5f75b59bf1a0f7a03 
Number of updated asset objects reloaded before import = 0
Number of asset objects unloaded after import = 1
========================================================================
Received Import Request.
  Time of request: 2026-08-05T18:44:49.5410832Z
  Time since last request: 0.0002508 seconds.
  importAddress: GUID: bf9b048907d0a604eab6a5552630c26d - Path: Packages/com.unity.shadergraph/Tests/Editor/Unity.ShaderGraph.Editor.Tests.asmdef - Importer: ScriptedImporter/UnityEditor.QuickSearchModule:UnityEditor.Search:ASIAI0B
Importing 'GUID: bf9b048907d0a604eab6a5552630c26d - Path: Packages/com.unity.shadergraph/Tests/Editor/Unity.ShaderGraph.Editor.Tests.asmdef - Importer: ScriptedImporter/UnityEditor.QuickSearchModule:UnityEditor.Search:ASIAI0B' with importer (ScriptedImporter : UnityEditor.QuickSearchModule:UnityEditor.Search:ASIAI0B)
Imported 'GUID: bf9b048907d0a604eab6a5552630c26d' -> (Import Result ID: 'f4153e949f41d16f52a1ea5e785d74c5') in 0.008 seconds [static and dynamic dependencies]. Details - ImportResultOutputID=823e6b05ba2ff8d0e7f0b49945aff388 DependenciesID=f6a6067d3e7af862f7ae8d25f9774af1 StaticDependenciesID=93c2b0d8ff4113832630aa2279d2a3dd 
Number of updated asset objects reloaded before import = 0
Number of asset objects unloaded after import = 1
========================================================================
Received Import Request.
  Time of request: 2026-08-05T18:44:49.5557913Z
  Time since last request: 0.0002244 seconds.
  importAddress: GUID: e7e4d50a46ff471096f3c60fb06a364d - Path: Packages/com.unity.shadergraph/Tests/Editor/TestSlot.cs - Importer: ScriptedImporter/UnityEditor.QuickSearchModule:UnityEditor.Search:ASIAI0B
Importing 'GUID: e7e4d50a46ff471096f3c60fb06a364d - Path: Packages/com.unity.shadergraph/Tests/Editor/TestSlot.cs - Importer: ScriptedImporter/UnityEditor.QuickSearchModule:UnityEditor.Search:ASIAI0B' with importer (ScriptedImporter : UnityEditor.QuickSearchModule:UnityEditor.Search:ASIAI0B)
Imported 'GUID: e7e4d50a46ff471096f3c60fb06a364d' -> (Import Result ID: 'd7090d389795b6bd115e56d8247a1a82') in 0.003 seconds [static and dynamic dependencies]. Details - ImportResultOutputID=9832231d8a58395eb048132560dd4951 DependenciesID=be975b0c7c3b15222a84907200b10ec2 StaticDependenciesID=15ec4c35d2d9505e92840da67f0d209f 
Number of updated asset objects reloaded before import = 0
Number of asset objects unloaded after import = 0
========================================================================
Received Import Request.
  Time of request: 2026-08-05T18:44:49.5658155Z
  Time since last request: 0.000245 seconds.
  importAddress: GUID: 291f21a1598748ba8fe53ab69eb10b5e - Path: Packages/com.unity.shadergraph/Editor/Data/Attributes/SGPropertyDrawerAttribute.cs - Importer: ScriptedImporter/UnityEditor.QuickSearchModule:UnityEditor.Search:ASIAI0B
Importing 'GUID: 291f21a1598748ba8fe53ab69eb10b5e - Path: Packages/com.unity.shadergraph/Editor/Data/Attributes/SGPropertyDrawerAttribute.cs - Importer: ScriptedImporter/UnityEditor.QuickSearchModule:UnityEditor.Search:ASIAI0B' with importer (ScriptedImporter : UnityEditor.QuickSearchModule:UnityEditor.Search:ASIAI0B)
Imported 'GUID: 291f21a1598748ba8fe53ab69eb10b5e' -> (Import Result ID: '6a70759036ba72fb2d44c53703321c1e') in 0.003 seconds [static and dynamic dependencies]. Details - ImportResultOutputID=2edecd26f868ca6e42bf8c6e4aafc52d DependenciesID=0c19554495946e08d3a1c4514c5760a8 StaticDependenciesID=96ef0ef4aa51943fd79de9c9f63b8d59 
Number of updated asset objects reloaded before import = 0
Number of asset objects unloaded after import = 0
========================================================================
Received Import Request.
  Time of request: 2026-08-05T18:44:49.6049688Z
  Time since last request: 0.0276303 seconds.
  importAddress: GUID: 94492244ef44a2e48b3e7790d7ac681d - Path: Packages/com.unity.shadergraph/Editor/Data/Graphs/IMaterialSlotHasValue.cs - Importer: ScriptedImporter/UnityEditor.QuickSearchModule:UnityEditor.Search:ASIAI0B
Importing 'GUID: 94492244ef44a2e48b3e7790d7ac681d - Path: Packages/com.unity.shadergraph/Editor/Data/Graphs/IMaterialSlotHasValue.cs - Importer: ScriptedImporter/UnityEditor.QuickSearchModule:UnityEditor.Search:ASIAI0B' with importer (ScriptedImporter : UnityEditor.QuickSearchModule:UnityEditor.Search:ASIAI0B)
Imported 'GUID: 94492244ef44a2e48b3e7790d7ac681d' -> (Import Result ID: '62966c15d957c241c52a33a2ee6e0ec0') in 0.003 seconds [static and dynamic dependencies]. Details - ImportResultOutputID=7f0e44786f81de08f6d80d24caa51775 DependenciesID=c4cf2e4e4b3eaf953f04e4685d159ab7 StaticDependenciesID=f87b2a093bf1767cf901fac10a36a646 
Number of updated asset objects reloaded before import = 0
Number of asset objects unloaded after import = 0
========================================================================
Received Import Request.
  Time of request: 2026-08-05T18:44:49.6153436Z
  Time since last request: 0.000917 seconds.
  importAddress: GUID: 63a7cfa9798c44c73adc75d485d666d9 - Path: Packages/com.unity.shadergraph/Editor/Data/Graphs/Texture2DShaderProperty.cs - Importer: ScriptedImporter/UnityEditor.QuickSearchModule:UnityEditor.Search:ASIAI0B
Importing 'GUID: 63a7cfa9798c44c73adc75d485d666d9 - Path: Packages/com.unity.shadergraph/Editor/Data/Graphs/Texture2DShaderProperty.cs - Importer: ScriptedImporter/UnityEditor.QuickSearchModule:UnityEditor.Search:ASIAI0B' with importer (ScriptedImporter : UnityEditor.QuickSearchModule:UnityEditor.Search:ASIAI0B)
Imported 'GUID: 63a7cfa9798c44c73adc75d485d666d9' -> (Import Result ID: 'a5019a540ab3578635b8ec5f325df113') in 0.002 seconds [static and dynamic dependencies]. Details - ImportResultOutputID=6f3cdeb27e67d8f2155da6f69380007c DependenciesID=bfb289ba9311c7e2edc4c46ded04d88d StaticDependenciesID=324683bf76d8f66e4b2e42b9427252ad 
Number of updated asset objects reloaded before import = 0
Number of asset objects unloaded after import = 0
========================================================================
Received Import Request.
  Time of request: 2026-08-05T18:44:49.6249665Z
  Time since last request: 0.0003464 seconds.
  importAddress: GUID: a2a07faeb385402e85122a34d1680458 - Path: Packages/com.unity.shadergraph/Editor/Data/Graphs/DefaultVector2MaterialSlot.cs - Importer: ScriptedImporter/UnityEditor.QuickSearchModule:UnityEditor.Search:ASIAI0B
Importing 'GUID: a2a07faeb385402e85122a34d1680458 - Path: Packages/com.unity.shadergraph/Editor/Data/Graphs/DefaultVector2MaterialSlot.cs - Importer: ScriptedImporter/UnityEditor.QuickSearchModule:UnityEditor.Search:ASIAI0B' with importer (ScriptedImporter : UnityEditor.QuickSearchModule:UnityEditor.Search:ASIAI0B)
Imported 'GUID: a2a07faeb385402e85122a34d1680458' -> (Import Result ID: 'a454f2143b0f08889a4e38beca3c295c') in 0.002 seconds [static and dynamic dependencies]. Details - ImportResultOutputID=8bc66d519483cd473651ea429fc14a78 DependenciesID=0b6e7d0d2c280d5a6d5c4857dd312b6b StaticDependenciesID=95dd74b4e7d99de7c90482e3563d888d 
Number of updated asset objects reloaded before import = 0
Number of asset objects unloaded after import = 0
========================================================================
Received Import Request.
  Time of request: 2026-08-05T18:44:49.6355181Z
  Time since last request: 0.0002258 seconds.
  importAddress: GUID: 08969711a3defe445a6803416d676b5b - Path: Packages/com.unity.shadergraph/Editor/Data/Graphs/NormalMaterialSlot.cs - Importer: ScriptedImporter/UnityEditor.QuickSearchModule:UnityEditor.Search:ASIAI0B
Importing 'GUID: 08969711a3defe445a6803416d676b5b - Path: Packages/com.unity.shadergraph/Editor/Data/Graphs/NormalMaterialSlot.cs - Importer: ScriptedImporter/UnityEditor.QuickSearchModule:UnityEditor.Search:ASIAI0B' with importer (ScriptedImporter : UnityEditor.QuickSearchModule:UnityEditor.Search:ASIAI0B)
Imported 'GUID: 08969711a3defe445a6803416d676b5b' -> (Import Result ID: '09648558b146b2c340e099ce572a41f2') in 0.002 seconds [static and dynamic dependencies]. Details - ImportResultOutputID=b5b1c91e4e59d0163794540a15b41c0a DependenciesID=deef5ade39afd1b64106cbd0367d97e8 StaticDependenciesID=f4597bf6d542c6712de485b380ddb526 
Number of updated asset objects reloaded before import = 0
Number of asset objects unloaded after import = 0
========================================================================
Received Import Request.
  Time of request: 2026-08-05T18:44:49.6446872Z
  Time since last request: 0.000247 seconds.
  importAddress: GUID: 7b17999de35a0d2438cd21b07e04115d - Path: Packages/com.unity.shadergraph/Editor/Data/Graphs/ShaderInput.cs - Importer: ScriptedImporter/UnityEditor.QuickSearchModule:UnityEditor.Search:ASIAI0B
Importing 'GUID: 7b17999de35a0d2438cd21b07e04115d - Path: Packages/com.unity.shadergraph/Editor/Data/Graphs/ShaderInput.cs - Importer: ScriptedImporter/UnityEditor.QuickSearchModule:UnityEditor.Search:ASIAI0B' with importer (ScriptedImporter : UnityEditor.QuickSearchModule:UnityEditor.Search:ASIAI0B)
Imported 'GUID: 7b17999de35a0d2438cd21b07e04115d' -> (Import Result ID: 'd52ba34e46f3bb9b3e17747e294cdec7') in 0.002 seconds [static and dynamic dependencies]. Details - ImportResultOutputID=547174dc390c76d84b825223ef3ba46e DependenciesID=6932f02247f96b05562272ebb73f9458 StaticDependenciesID=d7f7b829d78149ba8c67eb185a7bb401 
Number of updated asset objects reloaded before import = 0
Number of asset objects unloaded after import = 0
========================================================================
Received Import Request.
  Time of request: 2026-08-05T18:44:49.6544703Z
  Time since last request: 0.0002729 seconds.
  importAddress: GUID: b1acbb0046e714669a0792cec877146c - Path: Packages/com.unity.shadergraph/Editor/Data/Graphs/GradientInputMaterialSlot.cs - Importer: ScriptedImporter/UnityEditor.QuickSearchModule:UnityEditor.Search:ASIAI0B
Importing 'GUID: b1acbb0046e714669a0792cec877146c - Path: Packages/com.unity.shadergraph/Editor/Data/Graphs/GradientInputMaterialSlot.cs - Importer: ScriptedImporter/UnityEditor.QuickSearchModule:UnityEditor.Search:ASIAI0B' with importer (ScriptedImporter : UnityEditor.QuickSearchModule:UnityEditor.Search:ASIAI0B)
Imported 'GUID: b1acbb0046e714669a0792cec877146c' -> (Import Result ID: 'ec00ee05e91ffc6c1b0e20cc752faf6e') in 0.002 seconds [static and dynamic dependencies]. Details - ImportResultOutputID=1c8135da81fea3c72a92c467d2d8f01b DependenciesID=c0629fdd72bf3548bf83309b68cf9770 StaticDependenciesID=39c759f55b8567cdd58d43b311c5612a 
Number of updated asset objects reloaded before import = 0
Number of asset objects unloaded after import = 0
========================================================================
Received Import Request.
  Time of request: 2026-08-05T18:44:49.6665297Z
  Time since last request: 0.0002724 seconds.
  importAddress: GUID: b87c46f06c359416e8bf44a90c7737d8 - Path: Packages/com.unity.shadergraph/Editor/Data/Graphs/Texture2DArrayMaterialSlot.cs - Importer: ScriptedImporter/UnityEditor.QuickSearchModule:UnityEditor.Search:ASIAI0B
Importing 'GUID: b87c46f06c359416e8bf44a90c7737d8 - Path: Packages/com.unity.shadergraph/Editor/Data/Graphs/Texture2DArrayMaterialSlot.cs - Importer: ScriptedImporter/UnityEditor.QuickSearchModule:UnityEditor.Search:ASIAI0B' with importer (ScriptedImporter : UnityEditor.QuickSearchModule:UnityEditor.Search:ASIAI0B)
Imported 'GUID: b87c46f06c359416e8bf44a90c7737d8' -> (Import Result ID: '8d996c2f29813c50e0533cea2c7e7716') in 0.003 seconds [static and dynamic dependencies]. Details - ImportResultOutputID=9965e2331afbdb6730146d41b041e2bc DependenciesID=f786677444ebc385961c137c408b2dc1 StaticDependenciesID=b68a802b192c0463b436e82f799273e6 
Number of updated asset objects reloaded before import = 0
Number of asset objects unloaded after import = 0
========================================================================
Received Import Request.
  Time of request: 2026-08-05T18:44:49.678973Z
  Time since last request: 0.0004578 seconds.
  importAddress: GUID: e0a5780bf979b06409897f2eb2c23c13 - Path: Packages/com.unity.shadergraph/Editor/Data/Graphs/GraphDataUtils.cs - Importer: ScriptedImporter/UnityEditor.QuickSearchModule:UnityEditor.Search:ASIAI0B
Importing 'GUID: e0a5780bf979b06409897f2eb2c23c13 - Path: Packages/com.unity.shadergraph/Editor/Data/Graphs/GraphDataUtils.cs - Importer: ScriptedImporter/UnityEditor.QuickSearchModule:UnityEditor.Search:ASIAI0B' with importer (ScriptedImporter : UnityEditor.QuickSearchModule:UnityEditor.Search:ASIAI0B)
Imported 'GUID: e0a5780bf979b06409897f2eb2c23c13' -> (Import Result ID: '9333f7f0cb54a407ccb6e703aafbbca9') in 0.003 seconds [static and dynamic dependencies]. Details - ImportResultOutputID=fcf17309f876926578ceee48ccea291b DependenciesID=ab8ea55cd0372aa35a4bb27bec6fd622 StaticDependenciesID=ef703dfeb8a6f57d71cc7094adbf98ec 
Number of updated asset objects reloaded before import = 0
Number of asset objects unloaded after import = 0
========================================================================
Received Import Request.
  Time of request: 2026-08-05T18:44:49.7051586Z
  Time since last request: 0.0142571 seconds.
  importAddress: GUID: 55b79ff3831685f4eb272ac0a2cc2238 - Path: Packages/com.unity.shadergraph/Editor/Data/Graphs/Vector1MaterialIntegerSlot.cs - Importer: ScriptedImporter/UnityEditor.QuickSearchModule:UnityEditor.Search:ASIAI0B
Importing 'GUID: 55b79ff3831685f4eb272ac0a2cc2238 - Path: Packages/com.unity.shadergraph/Editor/Data/Graphs/Vector1MaterialIntegerSlot.cs - Importer: ScriptedImporter/UnityEditor.QuickSearchModule:UnityEditor.Search:ASIAI0B' with importer (ScriptedImporter : UnityEditor.QuickSearchModule:UnityEditor.Search:ASIAI0B)
Imported 'GUID: 55b79ff3831685f4eb272ac0a2cc2238' -> (Import Result ID: 'a6a1614a6b679fc5ac401588284ad7dd') in 0.002 seconds [static and dynamic dependencies]. Details - ImportResultOutputID=1957a086c160b9ea59218c07a59af484 DependenciesID=726f330fa7bb829fe6383cd3e4a26a8f StaticDependenciesID=d7e58693c23d7e6feb39c24f624777ca 
Number of updated asset objects reloaded before import = 0
Number of asset objects unloaded after import = 0
========================================================================
Received Import Request.
  Time of request: 2026-08-05T18:44:49.7147089Z
  Time since last request: 0.0005121 seconds.
  importAddress: GUID: 0af67b17919f687478340e3af5ea9a52 - Path: Packages/com.unity.shadergraph/Editor/Data/Legacy/ILegacyTarget.cs - Importer: ScriptedImporter/UnityEditor.QuickSearchModule:UnityEditor.Search:ASIAI0B
Importing 'GUID: 0af67b17919f687478340e3af5ea9a52 - Path: Packages/com.unity.shadergraph/Editor/Data/Legacy/ILegacyTarget.cs - Importer: ScriptedImporter/UnityEditor.QuickSearchModule:UnityEditor.Search:ASIAI0B' with importer (ScriptedImporter : UnityEditor.QuickSearchModule:UnityEditor.Search:ASIAI0B)
Imported 'GUID: 0af67b17919f687478340e3af5ea9a52' -> (Import Result ID: 'a823cd58d8bc58674b0efe61a9993dfd') in 0.002 seconds [static and dynamic dependencies]. Details - ImportResultOutputID=b9fff807640925968fdec0cf3c52750d DependenciesID=a2bdaa88f5c3845da25c204939883132 StaticDependenciesID=4f2f7b5f61034766ddd4607effbed871 
Number of updated asset objects reloaded before import = 0
Number of asset objects unloaded after import = 0
========================================================================
Received Import Request.
  Time of request: 2026-08-05T18:44:49.7263889Z
  Time since last request: 0.0003749 seconds.
  importAddress: GUID: 463ff292c8554dc18fb52fb725707a21 - Path: Packages/com.unity.shadergraph/Editor/Data/Implementation/GraphObject.cs - Importer: ScriptedImporter/UnityEditor.QuickSearchModule:UnityEditor.Search:ASIAI0B
Importing 'GUID: 463ff292c8554dc18fb52fb725707a21 - Path: Packages/com.unity.shadergraph/Editor/Data/Implementation/GraphObject.cs - Importer: ScriptedImporter/UnityEditor.QuickSearchModule:UnityEditor.Search:ASIAI0B' with importer (ScriptedImporter : UnityEditor.QuickSearchModule:UnityEditor.Search:ASIAI0B)
Imported 'GUID: 463ff292c8554dc18fb52fb725707a21' -> (Import Result ID: '5094227827d3d31f06311de974bc3f07') in 0.002 seconds [static and dynamic dependencies]. Details - ImportResultOutputID=ea70fbf05b20112e0b34f292a5a38e78 DependenciesID=3964597312a46b43b43a259cbedd2f53 StaticDependenciesID=eb39a0ff6eaaf24644f87aed4b5d4135 
Number of updated asset objects reloaded before import = 0
Number of asset objects unloaded after import = 0
========================================================================
Received Import Request.
  Time of request: 2026-08-05T18:44:49.7375467Z
  Time since last request: 0.0003194 seconds.
  importAddress: GUID: 24f07b05b5f6f4c2c8dffd53c3d22cb7 - Path: Packages/com.unity.shadergraph/Editor/Data/Legacy/SerializableGuid.cs - Importer: ScriptedImporter/UnityEditor.QuickSearchModule:UnityEditor.Search:ASIAI0B
Importing 'GUID: 24f07b05b5f6f4c2c8dffd53c3d22cb7 - Path: Packages/com.unity.shadergraph/Editor/Data/Legacy/SerializableGuid.cs - Importer: ScriptedImporter/UnityEditor.QuickSearchModule:UnityEditor.Search:ASIAI0B' with importer (ScriptedImporter : UnityEditor.QuickSearchModule:UnityEditor.Search:ASIAI0B)
Imported 'GUID: 24f07b05b5f6f4c2c8dffd53c3d22cb7' -> (Import Result ID: '257c73122c01e38384582633e0992ef5') in 0.002 seconds [static and dynamic dependencies]. Details - ImportResultOutputID=36f53f2216e62860ad7ce94ee82a3c51 DependenciesID=29418231124db751863b9c5c6eeac8e7 StaticDependenciesID=96c3d796f9e18aeb822651c3e3f779a4 
Number of updated asset objects reloaded before import = 0
Number of asset objects unloaded after import = 0
========================================================================
Received Import Request.
  Time of request: 2026-08-05T18:44:49.746643Z
  Time since last request: 0.0003291 seconds.
  importAddress: GUID: ca7d3a56d2cd0c840b76155c0a92eaca - Path: Packages/com.unity.shadergraph/Editor/Data/Graphs/VirtualTextureShaderProperty.cs - Importer: ScriptedImporter/UnityEditor.QuickSearchModule:UnityEditor.Search:ASIAI0B
Importing 'GUID: ca7d3a56d2cd0c840b76155c0a92eaca - Path: Packages/com.unity.shadergraph/Editor/Data/Graphs/VirtualTextureShaderProperty.cs - Importer: ScriptedImporter/UnityEditor.QuickSearchModule:UnityEditor.Search:ASIAI0B' with importer (ScriptedImporter : UnityEditor.QuickSearchModule:UnityEditor.Search:ASIAI0B)
Imported 'GUID: ca7d3a56d2cd0c840b76155c0a92eaca' -> (Import Result ID: 'bb223513b4ca5461ca2a3991ed69667a') in 0.002 seconds [static and dynamic dependencies]. Details - ImportResultOutputID=8fc6970c0c466e7ea738167d24e7bb3a DependenciesID=be837a6acd000aadfaf8e79a904890e7 StaticDependenciesID=54564dfc174e3460490a4211853e5b3d 
Number of updated asset objects reloaded before import = 0
Number of asset objects unloaded after import = 0
========================================================================
Received Import Request.
  Time of request: 2026-08-05T18:44:49.7574314Z
  Time since last request: 0.0002208 seconds.
  importAddress: GUID: 17362586a4e694d44881897b8a642dcc - Path: Packages/com.unity.shadergraph/Editor/Data/Legacy/IMasterNode1.cs - Importer: ScriptedImporter/UnityEditor.QuickSearchModule:UnityEditor.Search:ASIAI0B
Importing 'GUID: 17362586a4e694d44881897b8a642dcc - Path: Packages/com.unity.shadergraph/Editor/Data/Legacy/IMasterNode1.cs - Importer: ScriptedImporter/UnityEditor.QuickSearchModule:UnityEditor.Search:ASIAI0B' with importer (ScriptedImporter : UnityEditor.QuickSearchModule:UnityEditor.Search:ASIAI0B)
Imported 'GUID: 17362586a4e694d44881897b8a642dcc' -> (Import Result ID: 'aa30e6b5bce234f47a732441f1de04e7') in 0.002 seconds [static and dynamic dependencies]. Details - ImportResultOutputID=618d49f92b0133aaadaf6f7046fae0af DependenciesID=38e84e54df60087255c237e21009c9a4 StaticDependenciesID=2f3ef65e140e239333497c9c0e1a4122 
Number of updated asset objects reloaded before import = 0
Number of asset objects unloaded after import = 0
========================================================================
Received Import Request.
  Time of request: 2026-08-05T18:44:49.7671673Z
  Time since last request: 0.0003112 seconds.
  importAddress: GUID: 8d9d2a94c350c0d4791c2220a26a54b0 - Path: Packages/com.unity.shadergraph/Editor/Data/Interfaces/IMayRequireViewDirection.cs - Importer: ScriptedImporter/UnityEditor.QuickSearchModule:UnityEditor.Search:ASIAI0B
Importing 'GUID: 8d9d2a94c350c0d4791c2220a26a54b0 - Path: Packages/com.unity.shadergraph/Editor/Data/Interfaces/IMayRequireViewDirection.cs - Importer: ScriptedImporter/UnityEditor.QuickSearchModule:UnityEditor.Search:ASIAI0B' with importer (ScriptedImporter : UnityEditor.QuickSearchModule:UnityEditor.Search:ASIAI0B)
Imported 'GUID: 8d9d2a94c350c0d4791c2220a26a54b0' -> (Import Result ID: 'c299ab8dc830c562cd04c05f9a2e2b85') in 0.002 seconds [static and dynamic dependencies]. Details - ImportResultOutputID=f39aef9075c1c83c89983f699fdd01a6 DependenciesID=434b579b21b82001211e4671d4977e5e StaticDependenciesID=51fca50c4300d1a4c8bfabe735ecb04c 
Number of updated asset objects reloaded before import = 0
Number of asset objects unloaded after import = 0
========================================================================
Received Import Request.
  Time of request: 2026-08-05T18:44:49.7772657Z
  Time since last request: 0.0002711 seconds.
  importAddress: GUID: 4f83ebb04c5c4df184601ef18aa7d89d - Path: Packages/com.unity.shadergraph/Editor/Data/Graphs/VectorShaderProperty.cs - Importer: ScriptedImporter/UnityEditor.QuickSearchModule:UnityEditor.Search:ASIAI0B
Importing 'GUID: 4f83ebb04c5c4df184601ef18aa7d89d - Path: Packages/com.unity.shadergraph/Editor/Data/Graphs/VectorShaderProperty.cs - Importer: ScriptedImporter/UnityEditor.QuickSearchModule:UnityEditor.Search:ASIAI0B' with importer (ScriptedImporter : UnityEditor.QuickSearchModule:UnityEditor.Search:ASIAI0B)
Imported 'GUID: 4f83ebb04c5c4df184601ef18aa7d89d' -> (Import Result ID: '81cc25f1ee8d4b7516787aececad68cc') in 0.002 seconds [static and dynamic dependencies]. Details - ImportResultOutputID=85c1050150f3971d75469cd7eae36fc6 DependenciesID=a694b6f6400b77170d15c0dadb5914ca StaticDependenciesID=3a16cb6e49731fafff3bd1127a846d0c 
Number of updated asset objects reloaded before import = 0
Number of asset objects unloaded after import = 0
========================================================================
Received Import Request.
  Time of request: 2026-08-05T18:44:49.8061Z
  Time since last request: 0.0194936 seconds.
  importAddress: GUID: 3c01e026e3d1ea44397e3bcf9a8f5a4d - Path: Packages/com.unity.shadergraph/Editor/Data/Nodes/BlockNode.cs - Importer: ScriptedImporter/UnityEditor.QuickSearchModule:UnityEditor.Search:ASIAI0B
Importing 'GUID: 3c01e026e3d1ea44397e3bcf9a8f5a4d - Path: Packages/com.unity.shadergraph/Editor/Data/Nodes/BlockNode.cs - Importer: ScriptedImporter/UnityEditor.QuickSearchModule:UnityEditor.Search:ASIAI0B' with importer (ScriptedImporter : UnityEditor.QuickSearchModule:UnityEditor.Search:ASIAI0B)
Imported 'GUID: 3c01e026e3d1ea44397e3bcf9a8f5a4d' -> (Import Result ID: 'd6d91936de438d49fb31acc95863aa41') in 0.003 seconds [static and dynamic dependencies]. Details - ImportResultOutputID=95848f13265bc8376cca36198a4cd4ca DependenciesID=aba347f4de0804e487f67fe8b502756a StaticDependenciesID=074d31908f805e449255a26a42aabafb 
Number of updated asset objects reloaded before import = 0
Number of asset objects unloaded after import = 0
========================================================================
Received Import Request.
  Time of request: 2026-08-05T18:44:49.8167195Z
  Time since last request: 0.0011428 seconds.
  importAddress: GUID: fe59c334e540aec4a85baa797cb6783b - Path: Packages/com.unity.shadergraph/Editor/Data/Legacy/SpriteLitMasterNode1.cs - Importer: ScriptedImporter/UnityEditor.QuickSearchModule:UnityEditor.Search:ASIAI0B
Importing 'GUID: fe59c334e540aec4a85baa797cb6783b - Path: Packages/com.unity.shadergraph/Editor/Data/Legacy/SpriteLitMasterNode1.cs - Importer: ScriptedImporter/UnityEditor.QuickSearchModule:UnityEditor.Search:ASIAI0B' with importer (ScriptedImporter : UnityEditor.QuickSearchModule:UnityEditor.Search:ASIAI0B)
Imported 'GUID: fe59c334e540aec4a85baa797cb6783b' -> (Import Result ID: 'a3156e371a109e532ca55265a2331a90') in 0.002 seconds [static and dynamic dependencies]. Details - ImportResultOutputID=6a3eafe3fa1a4aabebb7e1063097bc6f DependenciesID=03a9a3de3829d5a4deab328026213d09 StaticDependenciesID=d478e6322a80c8a95326a19dda098c55 
Number of updated asset objects reloaded before import = 0
Number of asset objects unloaded after import = 0
========================================================================
Received Import Request.
  Time of request: 2026-08-05T18:44:49.825839Z
  Time since last request: 0.0003654 seconds.
  importAddress: GUID: 9f3065ccf1f64e219d8039d355a788a1 - Path: Packages/com.unity.shadergraph/Editor/Data/Util/PooledList.cs - Importer: ScriptedImporter/UnityEditor.QuickSearchModule:UnityEditor.Search:ASIAI0B
Importing 'GUID: 9f3065ccf1f64e219d8039d355a788a1 - Path: Packages/com.unity.shadergraph/Editor/Data/Util/PooledList.cs - Importer: ScriptedImporter/UnityEditor.QuickSearchModule:UnityEditor.Search:ASIAI0B' with importer (ScriptedImporter : UnityEditor.QuickSearchModule:UnityEditor.Search:ASIAI0B)
Imported 'GUID: 9f3065ccf1f64e219d8039d355a788a1' -> (Import Result ID: '979dc88a6c09a68d430056903cea6e76') in 0.002 seconds [static and dynamic dependencies]. Details - ImportResultOutputID=25bedbddc4e1c86176fe276555519c45 DependenciesID=3aced83189108ea68e61fb811c4d9f82 StaticDependenciesID=8b948645019bbeac5ec70cb5dfef849a 
Number of updated asset objects reloaded before import = 0
Number of asset objects unloaded after import = 0
========================================================================
Received Import Request.
  Time of request: 2026-08-05T18:44:49.8359059Z
  Time since last request: 0.000237 seconds.
  importAddress: GUID: 62dfc9136db64ec5a9b7749af077d376 - Path: Packages/com.unity.shadergraph/Editor/Drawing/Colors/ShaderGraphHeatmapValues.cs - Importer: ScriptedImporter/UnityEditor.QuickSearchModule:UnityEditor.Search:ASIAI0B
Importing 'GUID: 62dfc9136db64ec5a9b7749af077d376 - Path: Packages/com.unity.shadergraph/Editor/Drawing/Colors/ShaderGraphHeatmapValues.cs - Importer: ScriptedImporter/UnityEditor.QuickSearchModule:UnityEditor.Search:ASIAI0B' with importer (ScriptedImporter : UnityEditor.QuickSearchModule:UnityEditor.Search:ASIAI0B)
Imported 'GUID: 62dfc9136db64ec5a9b7749af077d376' -> (Import Result ID: 'f559946bbefa7eecf4cddc65d6b17566') in 0.002 seconds [static and dynamic dependencies]. Details - ImportResultOutputID=666c672f50f64140fb394874f23d0a33 DependenciesID=6c8ed355ed48a31ba5e92742af524cee StaticDependenciesID=296e3fa93cfe68a8855dd22923bd5011 
Number of updated asset objects reloaded before import = 0
Number of asset objects unloaded after import = 0
========================================================================
Received Import Request.
  Time of request: 2026-08-05T18:44:49.8457173Z
  Time since last request: 0.0003758 seconds.
  importAddress: GUID: b59f719ccd61c3348bcda608976bd9aa - Path: Packages/com.unity.shadergraph/Editor/Data/Util/GradientUtil.cs - Importer: ScriptedImporter/UnityEditor.QuickSearchModule:UnityEditor.Search:ASIAI0B
Importing 'GUID: b59f719ccd61c3348bcda608976bd9aa - Path: Packages/com.unity.shadergraph/Editor/Data/Util/GradientUtil.cs - Importer: ScriptedImporter/UnityEditor.QuickSearchModule:UnityEditor.Search:ASIAI0B' with importer (ScriptedImporter : UnityEditor.QuickSearchModule:UnityEditor.Search:ASIAI0B)
Imported 'GUID: b59f719ccd61c3348bcda608976bd9aa' -> (Import Result ID: 'fa35a54fd0be3a45f5b1375072f1c420') in 0.002 seconds [static and dynamic dependencies]. Details - ImportResultOutputID=de1df8e4528c6ffc070e17bd04f03fd8 DependenciesID=9fe505f857b215c4a8571b4c8e0c6f29 StaticDependenciesID=bd5d34d172433372ea060780638433ee 
Number of updated asset objects reloaded before import = 0
Number of asset objects unloaded after import = 0
========================================================================
Received Import Request.
  Time of request: 2026-08-05T18:44:49.8560316Z
  Time since last request: 0.000362 seconds.
  importAddress: GUID: 34772c0f4dfcde7428f8bacfb0ce0552 - Path: Packages/com.unity.shadergraph/Editor/Data/Util/KeywordDependentCollection.cs - Importer: ScriptedImporter/UnityEditor.QuickSearchModule:UnityEditor.Search:ASIAI0B
Importing 'GUID: 34772c0f4dfcde7428f8bacfb0ce0552 - Path: Packages/com.unity.shadergraph/Editor/Data/Util/KeywordDependentCollection.cs - Importer: ScriptedImporter/UnityEditor.QuickSearchModule:UnityEditor.Search:ASIAI0B' with importer (ScriptedImporter : UnityEditor.QuickSearchModule:UnityEditor.Search:ASIAI0B)
Imported 'GUID: 34772c0f4dfcde7428f8bacfb0ce0552' -> (Import Result ID: '6f381b982c3ab4a4b1ceb612fd33cfc5') in 0.002 seconds [static and dynamic dependencies]. Details - ImportResultOutputID=8bf9a1c27012cb109ac27aa806f434ed DependenciesID=393a268525760dc6474ff145f74c495d StaticDependenciesID=a66b574c8897de05b6d54d58b16d8219 
Number of updated asset objects reloaded before import = 0
Number of asset objects unloaded after import = 0
========================================================================
Received Import Request.
  Time of request: 2026-08-05T18:44:49.8654847Z
  Time since last request: 0.0003273 seconds.
  importAddress: GUID: 084958a703164b0fa26e0667aaa1767f - Path: Packages/com.unity.shadergraph/Editor/Data/Util/Identifier.cs - Importer: ScriptedImporter/UnityEditor.QuickSearchModule:UnityEditor.Search:ASIAI0B
Importing 'GUID: 084958a703164b0fa26e0667aaa1767f - Path: Packages/com.unity.shadergraph/Editor/Data/Util/Identifier.cs - Importer: ScriptedImporter/UnityEditor.QuickSearchModule:UnityEditor.Search:ASIAI0B' with importer (ScriptedImporter : UnityEditor.QuickSearchModule:UnityEditor.Search:ASIAI0B)
Imported 'GUID: 084958a703164b0fa26e0667aaa1767f' -> (Import Result ID: '9f629d6b9bc4046d332e386170612954') in 0.002 seconds [static and dynamic dependencies]. Details - ImportResultOutputID=6a51698dadbe4f86090ceede02e1c565 DependenciesID=9060964448b4655677b57c001ea5f602 StaticDependenciesID=5f3f91d8e650a9989db2e9df27a59c1d 
Number of updated asset objects reloaded before import = 0
Number of asset objects unloaded after import = 0
========================================================================
Received Import Request.
  Time of request: 2026-08-05T18:44:49.8752127Z
  Time since last request: 0.0003038 seconds.
  importAddress: GUID: a8f1b9181107ac644a363625fa793f9a - Path: Packages/com.unity.shadergraph/Editor/Data/Nodes/LegacyUnknownTypeNode.cs - Importer: ScriptedImporter/UnityEditor.QuickSearchModule:UnityEditor.Search:ASIAI0B
Importing 'GUID: a8f1b9181107ac644a363625fa793f9a - Path: Packages/com.unity.shadergraph/Editor/Data/Nodes/LegacyUnknownTypeNode.cs - Importer: ScriptedImporter/UnityEditor.QuickSearchModule:UnityEditor.Search:ASIAI0B' with importer (ScriptedImporter : UnityEditor.QuickSearchModule:UnityEditor.Search:ASIAI0B)
Imported 'GUID: a8f1b9181107ac644a363625fa793f9a' -> (Import Result ID: '7f1479a0c90f410d93e229c0404577b5') in 0.002 seconds [static and dynamic dependencies]. Details - ImportResultOutputID=f0d9b58669ea1aa7588da27691b6408e DependenciesID=d0c79ccd0c376c2a425afff2e4d9a2ba StaticDependenciesID=06d6ddc7e8e850c4695b1801b53c16af 
Number of updated asset objects reloaded before import = 0
Number of asset objects unloaded after import = 0
========================================================================
Received Import Request.
  Time of request: 2026-08-05T18:44:49.8942335Z
  Time since last request: 0.0092427 seconds.
  importAddress: GUID: f879ff3347f445a2bbadebebbc166b8e - Path: Packages/com.unity.shadergraph/Editor/Drawing/ViewModels/BlackboardViewModel.cs - Importer: ScriptedImporter/UnityEditor.QuickSearchModule:UnityEditor.Search:ASIAI0B
Importing 'GUID: f879ff3347f445a2bbadebebbc166b8e - Path: Packages/com.unity.shadergraph/Editor/Drawing/ViewModels/BlackboardViewModel.cs - Importer: ScriptedImporter/UnityEditor.QuickSearchModule:UnityEditor.Search:ASIAI0B' with importer (ScriptedImporter : UnityEditor.QuickSearchModule:UnityEditor.Search:ASIAI0B)
Imported 'GUID: f879ff3347f445a2bbadebebbc166b8e' -> (Import Result ID: '92492e32b79c6efdaccca9c64e84cb01') in 0.003 seconds [static and dynamic dependencies]. Details - ImportResultOutputID=8370f6c5849360f4d289a27916d5bafd DependenciesID=80522e3661446d5eef7a98d1b6fb4078 StaticDependenciesID=2b52c05f5fba29b37f8a4d88bc369858 
Number of updated asset objects reloaded before import = 0
Number of asset objects unloaded after import = 0
========================================================================
Received Import Request.
  Time of request: 2026-08-05T18:44:49.9070139Z
  Time since last request: 0.000268 seconds.
  importAddress: GUID: e46a56ca9b0244c08697df31c1a4e9e4 - Path: Packages/com.unity.shadergraph/Editor/Drawing/ViewModels/BlackboardCategoryViewModel.cs - Importer: ScriptedImporter/UnityEditor.QuickSearchModule:UnityEditor.Search:ASIAI0B
Importing 'GUID: e46a56ca9b0244c08697df31c1a4e9e4 - Path: Packages/com.unity.shadergraph/Editor/Drawing/ViewModels/BlackboardCategoryViewModel.cs - Importer: ScriptedImporter/UnityEditor.QuickSearchModule:UnityEditor.Search:ASIAI0B' with importer (ScriptedImporter : UnityEditor.QuickSearchModule:UnityEditor.Search:ASIAI0B)
Imported 'GUID: e46a56ca9b0244c08697df31c1a4e9e4' -> (Import Result ID: '4cbe83f08b8d1fdf76b3f6766a7ba7b2') in 0.002 seconds [static and dynamic dependencies]. Details - ImportResultOutputID=088e330b3507dca42204985c7981011d DependenciesID=8f4a0cd14509283579e091aa79dcfede StaticDependenciesID=a964121c707ec9900b202e8004790d78 
Number of updated asset objects reloaded before import = 0
Number of asset objects unloaded after import = 0
========================================================================
Received Import Request.
  Time of request: 2026-08-05T18:44:49.9169989Z
  Time since last request: 0.0002667 seconds.
  importAddress: GUID: 37873c3b010e40d1ac1e6aace3c0fb10 - Path: Packages/com.unity.shadergraph/Editor/Drawing/Views/PreviewSceneResources.cs - Importer: ScriptedImporter/UnityEditor.QuickSearchModule:UnityEditor.Search:ASIAI0B
Importing 'GUID: 37873c3b010e40d1ac1e6aace3c0fb10 - Path: Packages/com.unity.shadergraph/Editor/Drawing/Views/PreviewSceneResources.cs - Importer: ScriptedImporter/UnityEditor.QuickSearchModule:UnityEditor.Search:ASIAI0B' with importer (ScriptedImporter : UnityEditor.QuickSearchModule:UnityEditor.Search:ASIAI0B)
Imported 'GUID: 37873c3b010e40d1ac1e6aace3c0fb10' -> (Import Result ID: 'ac40f0d75972bafb2c9cee5d09560ca3') in 0.002 seconds [static and dynamic dependencies]. Details - ImportResultOutputID=32157e5fafc2ab8bba14d38b23325023 DependenciesID=23185e0d47afcc76fa0e93f1b826bd90 StaticDependenciesID=620d872cd3a61cc81c392f6dd8b9ff4b 
Number of updated asset objects reloaded before import = 0
Number of asset objects unloaded after import = 0
========================================================================
Received Import Request.
  Time of request: 2026-08-05T18:44:49.9264419Z
  Time since last request: 0.0003981 seconds.
  importAddress: GUID: 827eeffd55f0ac94b9c13553edbe457b - Path: Packages/com.unity.shadergraph/Editor/Drawing/Views/NodeSettingsView.cs - Importer: ScriptedImporter/UnityEditor.QuickSearchModule:UnityEditor.Search:ASIAI0B
Importing 'GUID: 827eeffd55f0ac94b9c13553edbe457b - Path: Packages/com.unity.shadergraph/Editor/Drawing/Views/NodeSettingsView.cs - Importer: ScriptedImporter/UnityEditor.QuickSearchModule:UnityEditor.Search:ASIAI0B' with importer (ScriptedImporter : UnityEditor.QuickSearchModule:UnityEditor.Search:ASIAI0B)
Imported 'GUID: 827eeffd55f0ac94b9c13553edbe457b' -> (Import Result ID: 'a23d1b06f6e893b4a2bd6b28ba2a45dd') in 0.002 seconds [static and dynamic dependencies]. Details - ImportResultOutputID=79cd1b0bc5526ea9800c9b570d862e35 DependenciesID=4721def94c27d29a6f59dedf154c5eec StaticDependenciesID=2a694cdf39360f539035aa971d718f0d 
Number of updated asset objects reloaded before import = 0
Number of asset objects unloaded after import = 0
========================================================================
Received Import Request.
  Time of request: 2026-08-05T18:44:49.9363723Z
  Time since last request: 0.0003578 seconds.
  importAddress: GUID: 29c513b592822a84d99669e7845b9d45 - Path: Packages/com.unity.shadergraph/Editor/Drawing/Controls/TextControl.cs - Importer: ScriptedImporter/UnityEditor.QuickSearchModule:UnityEditor.Search:ASIAI0B
Importing 'GUID: 29c513b592822a84d99669e7845b9d45 - Path: Packages/com.unity.shadergraph/Editor/Drawing/Controls/TextControl.cs - Importer: ScriptedImporter/UnityEditor.QuickSearchModule:UnityEditor.Search:ASIAI0B' with importer (ScriptedImporter : UnityEditor.QuickSearchModule:UnityEditor.Search:ASIAI0B)
Imported 'GUID: 29c513b592822a84d99669e7845b9d45' -> (Import Result ID: 'b1302a75771a9c4c899f41dc5ef67ade') in 0.002 seconds [static and dynamic dependencies]. Details - ImportResultOutputID=b9fab975188f6e77ef7729919df0722e DependenciesID=5e3279b93fe1dda91ee56b69e52966d5 StaticDependenciesID=19441650f54e05858ab0ac818aa33d58 
Number of updated asset objects reloaded before import = 0
Number of asset objects unloaded after import = 0
========================================================================
Received Import Request.
  Time of request: 2026-08-05T18:44:49.9471915Z
  Time since last request: 0.0002841 seconds.
  importAddress: GUID: 57d18a57866821542806ab5253cf4310 - Path: Packages/com.unity.shadergraph/Editor/Drawing/Controls/IntegerControl.cs - Importer: ScriptedImporter/UnityEditor.QuickSearchModule:UnityEditor.Search:ASIAI0B
Importing 'GUID: 57d18a57866821542806ab5253cf4310 - Path: Packages/com.unity.shadergraph/Editor/Drawing/Controls/IntegerControl.cs - Importer: ScriptedImporter/UnityEditor.QuickSearchModule:UnityEditor.Search:ASIAI0B' with importer (ScriptedImporter : UnityEditor.QuickSearchModule:UnityEditor.Search:ASIAI0B)
Imported 'GUID: 57d18a57866821542806ab5253cf4310' -> (Import Result ID: '0f33a3b78f9793f94f336990c0148bb5') in 0.002 seconds [static and dynamic dependencies]. Details - ImportResultOutputID=134ff625d00e5f34a9fe72765332b54f DependenciesID=a9a967136960d714bbdf88f37752527a StaticDependenciesID=d48de2e1df41fe61e1ba39f28e12ad89 
Number of updated asset objects reloaded before import = 0
Number of asset objects unloaded after import = 0
========================================================================
Received Import Request.
  Time of request: 2026-08-05T18:44:49.9579776Z
  Time since last request: 0.0003084 seconds.
  importAddress: GUID: 5f008211c3394775bdefde0b20e5c8ff - Path: Packages/com.unity.shadergraph/Editor/Drawing/Controls/IControlAttribute.cs - Importer: ScriptedImporter/UnityEditor.QuickSearchModule:UnityEditor.Search:ASIAI0B
Importing 'GUID: 5f008211c3394775bdefde0b20e5c8ff - Path: Packages/com.unity.shadergraph/Editor/Drawing/Controls/IControlAttribute.cs - Importer: ScriptedImporter/UnityEditor.QuickSearchModule:UnityEditor.Search:ASIAI0B' with importer (ScriptedImporter : UnityEditor.QuickSearchModule:UnityEditor.Search:ASIAI0B)
Imported 'GUID: 5f008211c3394775bdefde0b20e5c8ff' -> (Import Result ID: '9762840690a8ff530c0e6fe5dd6ac7e9') in 0.002 seconds [static and dynamic dependencies]. Details - ImportResultOutputID=c93c8db88d680a3a61cddf670e3a227c DependenciesID=795be7e223e0a07e6286fd0bdd658dfd StaticDependenciesID=baecc1a9cb19f2b6e33f7e0029b99b29 
Number of updated asset objects reloaded before import = 0
Number of asset objects unloaded after import = 0
========================================================================
Received Import Request.
  Time of request: 2026-08-05T18:44:49.9668543Z
  Time since last request: 0.0003292 seconds.
  importAddress: GUID: 09ee586b510e67243986436d6d148bac - Path: Packages/com.unity.shadergraph/Editor/Drawing/Views/ReorderableListView.cs - Importer: ScriptedImporter/UnityEditor.QuickSearchModule:UnityEditor.Search:ASIAI0B
Importing 'GUID: 09ee586b510e67243986436d6d148bac - Path: Packages/com.unity.shadergraph/Editor/Drawing/Views/ReorderableListView.cs - Importer: ScriptedImporter/UnityEditor.QuickSearchModule:UnityEditor.Search:ASIAI0B' with importer (ScriptedImporter : UnityEditor.QuickSearchModule:UnityEditor.Search:ASIAI0B)
Imported 'GUID: 09ee586b510e67243986436d6d148bac' -> (Import Result ID: '1e43ebdc3e95130f651402ffb1402e7a') in 0.002 seconds [static and dynamic dependencies]. Details - ImportResultOutputID=2233d59bc070b0aef0cf7d9244335d06 DependenciesID=21838afc462c9787abe8f5d8aa27047f StaticDependenciesID=fee1d00991f49cbc7267cdaa559b4acd 
Number of updated asset objects reloaded before import = 0
Number of asset objects unloaded after import = 0
========================================================================
Received Import Request.
  Time of request: 2026-08-05T18:44:49.9961764Z
  Time since last request: 0.0197498 seconds.
  importAddress: GUID: df5618ff481ae324cb444e2dda9674e4 - Path: Packages/com.unity.shadergraph/Editor/Generation/Data/DropdownEntry.cs - Importer: ScriptedImporter/UnityEditor.QuickSearchModule:UnityEditor.Search:ASIAI0B
Importing 'GUID: df5618ff481ae324cb444e2dda9674e4 - Path: Packages/com.unity.shadergraph/Editor/Generation/Data/DropdownEntry.cs - Importer: ScriptedImporter/UnityEditor.QuickSearchModule:UnityEditor.Search:ASIAI0B' with importer (ScriptedImporter : UnityEditor.QuickSearchModule:UnityEditor.Search:ASIAI0B)
Imported 'GUID: df5618ff481ae324cb444e2dda9674e4' -> (Import Result ID: 'ca85cdaa88943c86ff1a824d65bb7158') in 0.003 seconds [static and dynamic dependencies]. Details - ImportResultOutputID=0302b8549e941c0794727a680d106910 DependenciesID=3c318ecbffa7a684923d5e75dd05c469 StaticDependenciesID=ad13f3544b3aa5c2cc394058f809eb08 
Number of updated asset objects reloaded before import = 0
Number of asset objects unloaded after import = 0
========================================================================
Received Import Request.
  Time of request: 2026-08-05T18:44:50.0064567Z
  Time since last request: 0.0009966 seconds.
  importAddress: GUID: 1b72eab244c7bf14cabec1afc06beebb - Path: Packages/com.unity.shadergraph/Editor/Generation/Contexts/TargetFieldContext.cs - Importer: ScriptedImporter/UnityEditor.QuickSearchModule:UnityEditor.Search:ASIAI0B
Importing 'GUID: 1b72eab244c7bf14cabec1afc06beebb - Path: Packages/com.unity.shadergraph/Editor/Generation/Contexts/TargetFieldContext.cs - Importer: ScriptedImporter/UnityEditor.QuickSearchModule:UnityEditor.Search:ASIAI0B' with importer (ScriptedImporter : UnityEditor.QuickSearchModule:UnityEditor.Search:ASIAI0B)
Imported 'GUID: 1b72eab244c7bf14cabec1afc06beebb' -> (Import Result ID: '53a801d736c06ae58bb1dc7868800229') in 0.002 seconds [static and dynamic dependencies]. Details - ImportResultOutputID=e89352b6b30621259ab55c89fa1f9e32 DependenciesID=403464029f4105c217d8c77fbc984b89 StaticDependenciesID=d08e73d065dca7ac1f480dae6bf32d25 
Number of updated asset objects reloaded before import = 0
Number of asset objects unloaded after import = 0
========================================================================
Received Import Request.
  Time of request: 2026-08-05T18:44:50.0183051Z
  Time since last request: 0.000528 seconds.
  importAddress: GUID: 03e494bdcf7e6474693797d5feaccb15 - Path: Packages/com.unity.shadergraph/Editor/Generation/Processors/ActiveFields.cs - Importer: ScriptedImporter/UnityEditor.QuickSearchModule:UnityEditor.Search:ASIAI0B
Importing 'GUID: 03e494bdcf7e6474693797d5feaccb15 - Path: Packages/com.unity.shadergraph/Editor/Generation/Processors/ActiveFields.cs - Importer: ScriptedImporter/UnityEditor.QuickSearchModule:UnityEditor.Search:ASIAI0B' with importer (ScriptedImporter : UnityEditor.QuickSearchModule:UnityEditor.Search:ASIAI0B)
Imported 'GUID: 03e494bdcf7e6474693797d5feaccb15' -> (Import Result ID: 'd9b224f744adee9ed06407844a7b77f4') in 0.002 seconds [static and dynamic dependencies]. Details - ImportResultOutputID=10b91a43b9d73a9caf109543820b6b5c DependenciesID=aa99d3cf56e9d80e0c5a6e1ae46757dd StaticDependenciesID=bc708429f1ed32042893e258adb59d9f 
Number of updated asset objects reloaded before import = 0
Number of asset objects unloaded after import = 0
========================================================================
Received Import Request.
  Time of request: 2026-08-05T18:44:50.0277844Z
  Time since last request: 0.000316 seconds.
  importAddress: GUID: b681d2c61f5433e4e9be20bfb43db249 - Path: Packages/com.unity.shadergraph/Editor/Generation/Contexts/TargetSetupContext.cs - Importer: ScriptedImporter/UnityEditor.QuickSearchModule:UnityEditor.Search:ASIAI0B
Importing 'GUID: b681d2c61f5433e4e9be20bfb43db249 - Path: Packages/com.unity.shadergraph/Editor/Generation/Contexts/TargetSetupContext.cs - Importer: ScriptedImporter/UnityEditor.QuickSearchModule:UnityEditor.Search:ASIAI0B' with importer (ScriptedImporter : UnityEditor.QuickSearchModule:UnityEditor.Search:ASIAI0B)
Imported 'GUID: b681d2c61f5433e4e9be20bfb43db249' -> (Import Result ID: '48020d256b30a26620ff5e0ec9d37e00') in 0.002 seconds [static and dynamic dependencies]. Details - ImportResultOutputID=9b2070de448e633dc683488f4e3f4005 DependenciesID=e6426815618d00e2fb5d221ede4cbe93 StaticDependenciesID=0dc3337601dc24aa5de2a471bb945509 
Number of updated asset objects reloaded before import = 0
Number of asset objects unloaded after import = 0
========================================================================
Received Import Request.
  Time of request: 2026-08-05T18:44:50.0390334Z
  Time since last request: 0.000617 seconds.
  importAddress: GUID: aff9190e7c4f0f2418d0b551cdfac094 - Path: Packages/com.unity.shadergraph/Editor/Generation/Descriptors/SubShaderDescriptor.cs - Importer: ScriptedImporter/UnityEditor.QuickSearchModule:UnityEditor.Search:ASIAI0B
Importing 'GUID: aff9190e7c4f0f2418d0b551cdfac094 - Path: Packages/com.unity.shadergraph/Editor/Generation/Descriptors/SubShaderDescriptor.cs - Importer: ScriptedImporter/UnityEditor.QuickSearchModule:UnityEditor.Search:ASIAI0B' with importer (ScriptedImporter : UnityEditor.QuickSearchModule:UnityEditor.Search:ASIAI0B)
Imported 'GUID: aff9190e7c4f0f2418d0b551cdfac094' -> (Import Result ID: '2c740c3057640be5a5fd2839a7dc813c') in 0.002 seconds [static and dynamic dependencies]. Details - ImportResultOutputID=db2a9a7dfd9862c32588da7fc156461f DependenciesID=206ea551d32feca25b9e3efe5fff9fd4 StaticDependenciesID=2af16a2d9ce866b5b4c4013445a0a5e8 
Number of updated asset objects reloaded before import = 0
Number of asset objects unloaded after import = 0
========================================================================
Received Import Request.
  Time of request: 2026-08-05T18:44:50.0479511Z
  Time since last request: 0.0002105 seconds.
  importAddress: GUID: 33b35111bec577a4f87a215814291d59 - Path: Packages/com.unity.shadergraph/Editor/Generation/Enumerations/Blend.cs - Importer: ScriptedImporter/UnityEditor.QuickSearchModule:UnityEditor.Search:ASIAI0B
Importing 'GUID: 33b35111bec577a4f87a215814291d59 - Path: Packages/com.unity.shadergraph/Editor/Generation/Enumerations/Blend.cs - Importer: ScriptedImporter/UnityEditor.QuickSearchModule:UnityEditor.Search:ASIAI0B' with importer (ScriptedImporter : UnityEditor.QuickSearchModule:UnityEditor.Search:ASIAI0B)
Imported 'GUID: 33b35111bec577a4f87a215814291d59' -> (Import Result ID: 'c43aefbd9dbd9f660a255173c289ac56') in 0.003 seconds [static and dynamic dependencies]. Details - ImportResultOutputID=8c252e7d187581f1dd50f6dd230062f8 DependenciesID=5282c65d8adb0270940b6b961b599382 StaticDependenciesID=1fc859afb7e7831cc5f05f6607d51897 
Number of updated asset objects reloaded before import = 0
Number of asset objects unloaded after import = 0
========================================================================
Received Import Request.
  Time of request: 2026-08-05T18:44:50.0584355Z
  Time since last request: 0.0002704 seconds.
  importAddress: GUID: b6fd360d8ee574e7d85d34a382a182f0 - Path: Packages/com.unity.shadergraph/Editor/Generation/Collections/PragmaCollection.cs - Importer: ScriptedImporter/UnityEditor.QuickSearchModule:UnityEditor.Search:ASIAI0B
Importing 'GUID: b6fd360d8ee574e7d85d34a382a182f0 - Path: Packages/com.unity.shadergraph/Editor/Generation/Collections/PragmaCollection.cs - Importer: ScriptedImporter/UnityEditor.QuickSearchModule:UnityEditor.Search:ASIAI0B' with importer (ScriptedImporter : UnityEditor.QuickSearchModule:UnityEditor.Search:ASIAI0B)
Imported 'GUID: b6fd360d8ee574e7d85d34a382a182f0' -> (Import Result ID: '6a0f8daf928b7566c6c96b98ba8319f0') in 0.002 seconds [static and dynamic dependencies]. Details - ImportResultOutputID=5d52a2e63583df771ed02f5801989fe1 DependenciesID=6a3e21fce22d1ae134a0b80279cb4a6f StaticDependenciesID=25a967a3357e67aef7e454fe613f79da 
Number of updated asset objects reloaded before import = 0
Number of asset objects unloaded after import = 0
========================================================================
Received Import Request.
  Time of request: 2026-08-05T18:44:50.068814Z
  Time since last request: 0.000305 seconds.
  importAddress: GUID: 96f5a3d0303d4d9395a450dcce906110 - Path: Packages/com.unity.shadergraph/Editor/Drawing/Views/ShaderPort.cs - Importer: ScriptedImporter/UnityEditor.QuickSearchModule:UnityEditor.Search:ASIAI0B
Importing 'GUID: 96f5a3d0303d4d9395a450dcce906110 - Path: Packages/com.unity.shadergraph/Editor/Drawing/Views/ShaderPort.cs - Importer: ScriptedImporter/UnityEditor.QuickSearchModule:UnityEditor.Search:ASIAI0B' with importer (ScriptedImporter : UnityEditor.QuickSearchModule:UnityEditor.Search:ASIAI0B)
Imported 'GUID: 96f5a3d0303d4d9395a450dcce906110' -> (Import Result ID: '0409f2b0177a52853fadb155c79e1cf9') in 0.002 seconds [static and dynamic dependencies]. Details - ImportResultOutputID=a9be15351f9f9140435d4c78afbda00f DependenciesID=180dad5239464c02ab7ce012d6378aab StaticDependenciesID=c28bb0a6aff918549fb44c26fb3dcbee 
Number of updated asset objects reloaded before import = 0
Number of asset objects unloaded after import = 0
========================================================================
Received Import Request.
  Time of request: 2026-08-05T18:44:50.0952038Z
  Time since last request: 0.01747 seconds.
  importAddress: GUID: 7129268cf102b2f45809905bcb27ce8b - Path: Packages/com.unity.shadergraph/Editor/Resources/Icons/sg_graph_icon_gray_dark.png - Importer: ScriptedImporter/UnityEditor.QuickSearchModule:UnityEditor.Search:ASIAI0B
Importing 'GUID: 7129268cf102b2f45809905bcb27ce8b - Path: Packages/com.unity.shadergraph/Editor/Resources/Icons/sg_graph_icon_gray_dark.png - Importer: ScriptedImporter/UnityEditor.QuickSearchModule:UnityEditor.Search:ASIAI0B' with importer (ScriptedImporter : UnityEditor.QuickSearchModule:UnityEditor.Search:ASIAI0B)
Imported 'GUID: 7129268cf102b2f45809905bcb27ce8b' -> (Import Result ID: '3def0910c34297049927e92d8dfef467') in 0.010 seconds [static and dynamic dependencies]. Details - ImportResultOutputID=768cab6bf254b26a4b04d2e98de066cd DependenciesID=96da913b0b11416d5f9f673256478cbf StaticDependenciesID=501f9f31c8c4d8d73ee0de8ad7b3c974 
Number of updated asset objects reloaded before import = 0
Number of asset objects unloaded after import = 1
========================================================================
Received Import Request.
  Time of request: 2026-08-05T18:44:50.1119275Z
  Time since last request: 0.0001911 seconds.
  importAddress: GUID: 8f2459b0837a8411dbfa2b61fdaca36e - Path: Packages/com.unity.shadergraph/Editor/Generation/TargetResources/BlockFields.cs - Importer: ScriptedImporter/UnityEditor.QuickSearchModule:UnityEditor.Search:ASIAI0B
Importing 'GUID: 8f2459b0837a8411dbfa2b61fdaca36e - Path: Packages/com.unity.shadergraph/Editor/Generation/TargetResources/BlockFields.cs - Importer: ScriptedImporter/UnityEditor.QuickSearchModule:UnityEditor.Search:ASIAI0B' with importer (ScriptedImporter : UnityEditor.QuickSearchModule:UnityEditor.Search:ASIAI0B)
Imported 'GUID: 8f2459b0837a8411dbfa2b61fdaca36e' -> (Import Result ID: '3c0e74925d04955d0734791f512d08aa') in 0.002 seconds [static and dynamic dependencies]. Details - ImportResultOutputID=31f8cc1bce6101994e86997c0496d87a DependenciesID=af728fdc23adf2e0c0c6715143d61c08 StaticDependenciesID=e40b805be84e98deaed942d45c700595 
Number of updated asset objects reloaded before import = 0
Number of asset objects unloaded after import = 0
========================================================================
Received Import Request.
  Time of request: 2026-08-05T18:44:50.1204663Z
  Time since last request: 0.0003636 seconds.
  importAddress: GUID: 072c6e9b7b3794539a6f638e7584621a - Path: Packages/com.unity.shadergraph/Editor/ProviderSystem/ShaderObjects/ShaderObjectUtils.cs - Importer: ScriptedImporter/UnityEditor.QuickSearchModule:UnityEditor.Search:ASIAI0B
Importing 'GUID: 072c6e9b7b3794539a6f638e7584621a - Path: Packages/com.unity.shadergraph/Editor/ProviderSystem/ShaderObjects/ShaderObjectUtils.cs - Importer: ScriptedImporter/UnityEditor.QuickSearchModule:UnityEditor.Search:ASIAI0B' with importer (ScriptedImporter : UnityEditor.QuickSearchModule:UnityEditor.Search:ASIAI0B)
Imported 'GUID: 072c6e9b7b3794539a6f638e7584621a' -> (Import Result ID: '5f7ffd3795a4e248c9b23f81d7f2ca51') in 0.002 seconds [static and dynamic dependencies]. Details - ImportResultOutputID=ad7c64cf055c172b39813acd55190953 DependenciesID=f098d3b3c40b0ab284c9fa8189f414a8 StaticDependenciesID=d3b8a2d41be38561b9b31886729ad557 
Number of updated asset objects reloaded before import = 0
Number of asset objects unloaded after import = 0
========================================================================
Received Import Request.
  Time of request: 2026-08-05T18:44:50.1306243Z
  Time since last request: 0.0002127 seconds.
  importAddress: GUID: 7372d18840093464cb19d9432af6b71f - Path: Packages/com.unity.shadergraph/Editor/ProviderSystem/Model/ExternalMaterialSlot.cs - Importer: ScriptedImporter/UnityEditor.QuickSearchModule:UnityEditor.Search:ASIAI0B
Importing 'GUID: 7372d18840093464cb19d9432af6b71f - Path: Packages/com.unity.shadergraph/Editor/ProviderSystem/Model/ExternalMaterialSlot.cs - Importer: ScriptedImporter/UnityEditor.QuickSearchModule:UnityEditor.Search:ASIAI0B' with importer (ScriptedImporter : UnityEditor.QuickSearchModule:UnityEditor.Search:ASIAI0B)
Imported 'GUID: 7372d18840093464cb19d9432af6b71f' -> (Import Result ID: '36b0bdd6c00698ed96ea9795f0f43fa3') in 0.002 seconds [static and dynamic dependencies]. Details - ImportResultOutputID=283a7b3746fcb369862d93d9538b89c9 DependenciesID=aa5ac4f2c85b1e61814d81060ab1178a StaticDependenciesID=b983271ff32f0bf2f5c603c64889c5fd 
Number of updated asset objects reloaded before import = 0
Number of asset objects unloaded after import = 0
========================================================================
Received Import Request.
  Time of request: 2026-08-05T18:44:50.1399405Z
  Time since last request: 0.0002989 seconds.
  importAddress: GUID: 5f258658ff6f1c842b38d746f69fa370 - Path: Packages/com.unity.shadergraph/Editor/ProviderSystem/Model/ProviderNode.cs - Importer: ScriptedImporter/UnityEditor.QuickSearchModule:UnityEditor.Search:ASIAI0B
Importing 'GUID: 5f258658ff6f1c842b38d746f69fa370 - Path: Packages/com.unity.shadergraph/Editor/ProviderSystem/Model/ProviderNode.cs - Importer: ScriptedImporter/UnityEditor.QuickSearchModule:UnityEditor.Search:ASIAI0B' with importer (ScriptedImporter : UnityEditor.QuickSearchModule:UnityEditor.Search:ASIAI0B)
Imported 'GUID: 5f258658ff6f1c842b38d746f69fa370' -> (Import Result ID: '590eb5abc2ef1b0a80be590e966022b9') in 0.002 seconds [static and dynamic dependencies]. Details - ImportResultOutputID=ba6faab2c192376efb1f23cbfcaf92e2 DependenciesID=2902e019f162ae7d4c86086b286691c6 StaticDependenciesID=3ceb9ad9adb70c10a3188b8ecff13064 
Number of updated asset objects reloaded before import = 0
Number of asset objects unloaded after import = 0
========================================================================
Received Import Request.
  Time of request: 2026-08-05T18:44:50.149767Z
  Time since last request: 0.0002895 seconds.
  importAddress: GUID: 46fe9e42c0090d24391ef04f22ea4514 - Path: Packages/com.unity.shadergraph/Editor/ProviderSystem/Model/ProviderNodePropertyDrawer.cs - Importer: ScriptedImporter/UnityEditor.QuickSearchModule:UnityEditor.Search:ASIAI0B
Importing 'GUID: 46fe9e42c0090d24391ef04f22ea4514 - Path: Packages/com.unity.shadergraph/Editor/ProviderSystem/Model/ProviderNodePropertyDrawer.cs - Importer: ScriptedImporter/UnityEditor.QuickSearchModule:UnityEditor.Search:ASIAI0B' with importer (ScriptedImporter : UnityEditor.QuickSearchModule:UnityEditor.Search:ASIAI0B)
Imported 'GUID: 46fe9e42c0090d24391ef04f22ea4514' -> (Import Result ID: '12db383e1f2e16549efc31f8689d882b') in 0.002 seconds [static and dynamic dependencies]. Details - ImportResultOutputID=c5ea59e2575134f22f62074beea372b2 DependenciesID=c49a8cc07dabc4f8884b142cf29e7c94 StaticDependenciesID=6475cd22df1f6cf32ced8bdeee5bf3df 
Number of updated asset objects reloaded before import = 0
Number of asset objects unloaded after import = 0
========================================================================
Received Import Request.
  Time of request: 2026-08-05T18:44:50.1589668Z
  Time since last request: 0.0002494 seconds.
  importAddress: GUID: c1e1b751487e43d43923f055990214ea - Path: Packages/com.unity.shadergraph/Editor/Resources/Icons/sg_graph_icon@2x.png - Importer: ScriptedImporter/UnityEditor.QuickSearchModule:UnityEditor.Search:ASIAI0B
Importing 'GUID: c1e1b751487e43d43923f055990214ea - Path: Packages/com.unity.shadergraph/Editor/Resources/Icons/sg_graph_icon@2x.png - Importer: ScriptedImporter/UnityEditor.QuickSearchModule:UnityEditor.Search:ASIAI0B' with importer (ScriptedImporter : UnityEditor.QuickSearchModule:UnityEditor.Search:ASIAI0B)
Imported 'GUID: c1e1b751487e43d43923f055990214ea' -> (Import Result ID: '92fb81c26e938e10c825d61f7acef44e') in 0.010 seconds [static and dynamic dependencies]. Details - ImportResultOutputID=51a15ece3400c21cde7bf789245f57e0 DependenciesID=78c85cc8e1657865fe857fabcf9d3cbf StaticDependenciesID=e26979e1e9f7b90182c73abaca3e7834 
Number of updated asset objects reloaded before import = 0
Number of asset objects unloaded after import = 1
========================================================================
Received Import Request.
  Time of request: 2026-08-05T18:44:50.1771077Z
  Time since last request: 0.0002309 seconds.
  importAddress: GUID: 323995a5201d24acfbf34e49a52da528 - Path: Packages/com.unity.shadergraph/Editor/ProviderSystem/Provider/ReflectedFunctionProvider.cs - Importer: ScriptedImporter/UnityEditor.QuickSearchModule:UnityEditor.Search:ASIAI0B
Importing 'GUID: 323995a5201d24acfbf34e49a52da528 - Path: Packages/com.unity.shadergraph/Editor/ProviderSystem/Provider/ReflectedFunctionProvider.cs - Importer: ScriptedImporter/UnityEditor.QuickSearchModule:UnityEditor.Search:ASIAI0B' with importer (ScriptedImporter : UnityEditor.QuickSearchModule:UnityEditor.Search:ASIAI0B)
Imported 'GUID: 323995a5201d24acfbf34e49a52da528' -> (Import Result ID: '25d55f5b11e62ab0913421d6cb8fae4b') in 0.002 seconds [static and dynamic dependencies]. Details - ImportResultOutputID=2740ad9ed54ac75bb0e78a9c459f982d DependenciesID=9d1354f0cfe31212fc9214480d607626 StaticDependenciesID=c6ce24e5d2015f5bc3d6f840f081a8c1 
Number of updated asset objects reloaded before import = 0
Number of asset objects unloaded after import = 0
========================================================================
Received Import Request.
  Time of request: 2026-08-05T18:44:50.1874235Z
  Time since last request: 0.0002948 seconds.
  importAddress: GUID: 178e97de727d74a1389b07dee0ebf556 - Path: Packages/com.unity.shadergraph/Editor/Generation/TargetResources/Structs.cs - Importer: ScriptedImporter/UnityEditor.QuickSearchModule:UnityEditor.Search:ASIAI0B
Importing 'GUID: 178e97de727d74a1389b07dee0ebf556 - Path: Packages/com.unity.shadergraph/Editor/Generation/TargetResources/Structs.cs - Importer: ScriptedImporter/UnityEditor.QuickSearchModule:UnityEditor.Search:ASIAI0B' with importer (ScriptedImporter : UnityEditor.QuickSearchModule:UnityEditor.Search:ASIAI0B)
Imported 'GUID: 178e97de727d74a1389b07dee0ebf556' -> (Import Result ID: 'cfffe3447f9609072b6fce81effcfb82') in 0.002 seconds [static and dynamic dependencies]. Details - ImportResultOutputID=b638cb561499f0af5ff09381fc83a418 DependenciesID=1910e441f52d67c516c5aa2b2af5e5fc StaticDependenciesID=09041316aea26719bd2fc6da528a46cb 
Number of updated asset objects reloaded before import = 0
Number of asset objects unloaded after import = 0
========================================================================
Received Import Request.
  Time of request: 2026-08-05T18:44:50.197275Z
  Time since last request: 0.0002532 seconds.
  importAddress: GUID: a856114c5ad0f47bdbac070c94eebd84 - Path: Packages/com.unity.shadergraph/Editor/Generation/Targets/VFXTarget.cs - Importer: ScriptedImporter/UnityEditor.QuickSearchModule:UnityEditor.Search:ASIAI0B
Importing 'GUID: a856114c5ad0f47bdbac070c94eebd84 - Path: Packages/com.unity.shadergraph/Editor/Generation/Targets/VFXTarget.cs - Importer: ScriptedImporter/UnityEditor.QuickSearchModule:UnityEditor.Search:ASIAI0B' with importer (ScriptedImporter : UnityEditor.QuickSearchModule:UnityEditor.Search:ASIAI0B)
Imported 'GUID: a856114c5ad0f47bdbac070c94eebd84' -> (Import Result ID: '893c39c953df6661020ef4b79b55b16e') in 0.002 seconds [static and dynamic dependencies]. Details - ImportResultOutputID=6f7f4fe2a733494508c24b0cb68b0de0 DependenciesID=6367c6fa3acea9884645b30eadba81c2 StaticDependenciesID=fe270cfe65fcd9243b1ef2e573c2713d 
Number of updated asset objects reloaded before import = 0
Number of asset objects unloaded after import = 0
========================================================================
Received Import Request.
  Time of request: 2026-08-05T18:44:50.2231616Z
  Time since last request: 0.0161794 seconds.
  importAddress: GUID: d8d596b309d3eaa48bd57234e7567aee - Path: Packages/com.unity.shadergraph/GraphTemplates/Subgraphs/Terrain/Premultiply Layer.shadersubgraph - Importer: ScriptedImporter/UnityEditor.QuickSearchModule:UnityEditor.Search:ASIAI0B
Importing 'GUID: d8d596b309d3eaa48bd57234e7567aee - Path: Packages/com.unity.shadergraph/GraphTemplates/Subgraphs/Terrain/Premultiply Layer.shadersubgraph - Importer: ScriptedImporter/UnityEditor.QuickSearchModule:UnityEditor.Search:ASIAI0B' with importer (ScriptedImporter : UnityEditor.QuickSearchModule:UnityEditor.Search:ASIAI0B)
Imported 'GUID: d8d596b309d3eaa48bd57234e7567aee' -> (Import Result ID: '7590eebecbcd97a4e742a885f4167f58') in 0.011 seconds [static and dynamic dependencies]. Details - ImportResultOutputID=42f0dd9422deab5b1a7dac1264eccd11 DependenciesID=d8ea6a556c4497b00641d70a5a1149ab StaticDependenciesID=688a7b1dd1f05af09fec7555682eeed7 
Number of updated asset objects reloaded before import = 0
Number of asset objects unloaded after import = 1
========================================================================
Received Import Request.
  Time of request: 2026-08-05T18:44:50.2407369Z
  Time since last request: 0.0002164 seconds.
  importAddress: GUID: e1a4e0aa330ca2f43b4625b248a0539e - Path: Packages/com.unity.shadergraph/Editor/Resources/Styles/RedirectNode.uss - Importer: ScriptedImporter/UnityEditor.QuickSearchModule:UnityEditor.Search:ASIAI0B
Importing 'GUID: e1a4e0aa330ca2f43b4625b248a0539e - Path: Packages/com.unity.shadergraph/Editor/Resources/Styles/RedirectNode.uss - Importer: ScriptedImporter/UnityEditor.QuickSearchModule:UnityEditor.Search:ASIAI0B' with importer (ScriptedImporter : UnityEditor.QuickSearchModule:UnityEditor.Search:ASIAI0B)
Imported 'GUID: e1a4e0aa330ca2f43b4625b248a0539e' -> (Import Result ID: 'f387c895278e32de1266ac8232c5502b') in 0.008 seconds [static and dynamic dependencies]. Details - ImportResultOutputID=dfa30ec746536e93a6b98b3066649118 DependenciesID=4c28c934f52c07f939b98e1385dd8f17 StaticDependenciesID=62905377462c6972df391d330517f38e 
Number of updated asset objects reloaded before import = 0
Number of asset objects unloaded after import = 1
========================================================================
Received Import Request.
  Time of request: 2026-08-05T18:44:50.2563747Z
  Time since last request: 0.0002298 seconds.
  importAddress: GUID: 86af34a821ab1e64aa04298dc9cafb4e - Path: Packages/com.unity.shadergraph/Editor/Resources/Styles/ReorderableSlotListView.uss - Importer: ScriptedImporter/UnityEditor.QuickSearchModule:UnityEditor.Search:ASIAI0B
Importing 'GUID: 86af34a821ab1e64aa04298dc9cafb4e - Path: Packages/com.unity.shadergraph/Editor/Resources/Styles/ReorderableSlotListView.uss - Importer: ScriptedImporter/UnityEditor.QuickSearchModule:UnityEditor.Search:ASIAI0B' with importer (ScriptedImporter : UnityEditor.QuickSearchModule:UnityEditor.Search:ASIAI0B)
Imported 'GUID: 86af34a821ab1e64aa04298dc9cafb4e' -> (Import Result ID: 'd3f3875bb4be72fca77ff969a938b061') in 0.008 seconds [static and dynamic dependencies]. Details - ImportResultOutputID=586683844fa6adcead9ba2a30da648bb DependenciesID=36db588818f23bebce6a7827c8ef1cfd StaticDependenciesID=85ada2bf206f8cdef2ae401e2980a5c9 
Number of updated asset objects reloaded before import = 0
Number of asset objects unloaded after import = 1
========================================================================
Received Import Request.
  Time of request: 2026-08-05T18:44:50.3088416Z
  Time since last request: 0.0356023 seconds.
  importAddress: GUID: a6f00720402a4d0391ccb88ab5f2e74c - Path: Packages/com.unity.shadergraph/Tests/Editor/UnitTests/HeatmapTests.cs - Importer: ScriptedImporter/UnityEditor.QuickSearchModule:UnityEditor.Search:ASIAI0B
Importing 'GUID: a6f00720402a4d0391ccb88ab5f2e74c - Path: Packages/com.unity.shadergraph/Tests/Editor/UnitTests/HeatmapTests.cs - Importer: ScriptedImporter/UnityEditor.QuickSearchModule:UnityEditor.Search:ASIAI0B' with importer (ScriptedImporter : UnityEditor.QuickSearchModule:UnityEditor.Search:ASIAI0B)
Imported 'GUID: a6f00720402a4d0391ccb88ab5f2e74c' -> (Import Result ID: 'c3241239fdbaf0891e5799bdfcd196af') in 0.002 seconds [static and dynamic dependencies]. Details - ImportResultOutputID=8a98f3113bea8b87c6e28590ecf73c73 DependenciesID=b73c0452dfe8b3000a8944651d4215cf StaticDependenciesID=3f0fe70ee1ddc78e4a686ac4ba58dd18 
Number of updated asset objects reloaded before import = 0
Number of asset objects unloaded after import = 0
========================================================================
Received Import Request.
  Time of request: 2026-08-05T18:44:50.318461Z
  Time since last request: 0.0006407 seconds.
  importAddress: GUID: fc814c257422bf1449688696b94fae44 - Path: Packages/com.unity.shadergraph/Tests/Editor/UnitTests/PropertyNodeTests.cs - Importer: ScriptedImporter/UnityEditor.QuickSearchModule:UnityEditor.Search:ASIAI0B
Importing 'GUID: fc814c257422bf1449688696b94fae44 - Path: Packages/com.unity.shadergraph/Tests/Editor/UnitTests/PropertyNodeTests.cs - Importer: ScriptedImporter/UnityEditor.QuickSearchModule:UnityEditor.Search:ASIAI0B' with importer (ScriptedImporter : UnityEditor.QuickSearchModule:UnityEditor.Search:ASIAI0B)
Imported 'GUID: fc814c257422bf1449688696b94fae44' -> (Import Result ID: 'd358233caf19d8264543e10ce17f2a75') in 0.002 seconds [static and dynamic dependencies]. Details - ImportResultOutputID=ba079ba8bb2d469e6184534bcc4d3557 DependenciesID=500abd279cfcefac7b55f34760f05a1d StaticDependenciesID=61ad770375e211585249e97559e6f923 
Number of updated asset objects reloaded before import = 0
Number of asset objects unloaded after import = 0
========================================================================
Received Import Request.
  Time of request: 2026-08-05T18:44:50.3289651Z
  Time since last request: 0.0006734 seconds.
  importAddress: GUID: 4a239dffbe2cc4fcd83c1e3480f7d5c2 - Path: Packages/com.unity.shadergraph/Tests/Editor/ProviderTests/ExpressionTests.cs - Importer: ScriptedImporter/UnityEditor.QuickSearchModule:UnityEditor.Search:ASIAI0B
Importing 'GUID: 4a239dffbe2cc4fcd83c1e3480f7d5c2 - Path: Packages/com.unity.shadergraph/Tests/Editor/ProviderTests/ExpressionTests.cs - Importer: ScriptedImporter/UnityEditor.QuickSearchModule:UnityEditor.Search:ASIAI0B' with importer (ScriptedImporter : UnityEditor.QuickSearchModule:UnityEditor.Search:ASIAI0B)
Imported 'GUID: 4a239dffbe2cc4fcd83c1e3480f7d5c2' -> (Import Result ID: '21b12051d81dee5d7d8892c777f5371e') in 0.002 seconds [static and dynamic dependencies]. Details - ImportResultOutputID=696abdc3378e9dcbbba5424efeaafd14 DependenciesID=d87cbcd397b2eefff7f12d2a693e84b9 StaticDependenciesID=f6611866f22f0c30599185832e127493 
Number of updated asset objects reloaded before import = 0
Number of asset objects unloaded after import = 0
========================================================================
Received Import Request.
  Time of request: 2026-08-05T18:44:50.3399606Z
  Time since last request: 0.0001643 seconds.
  importAddress: GUID: 558a60e942a60164d8f8570adf26a57a - Path: Packages/com.unity.shadergraph/Editor/Data/Nodes/UI/DefaultTextureNode.cs - Importer: ScriptedImporter/UnityEditor.QuickSearchModule:UnityEditor.Search:ASIAI0B
Importing 'GUID: 558a60e942a60164d8f8570adf26a57a - Path: Packages/com.unity.shadergraph/Editor/Data/Nodes/UI/DefaultTextureNode.cs - Importer: ScriptedImporter/UnityEditor.QuickSearchModule:UnityEditor.Search:ASIAI0B' with importer (ScriptedImporter : UnityEditor.QuickSearchModule:UnityEditor.Search:ASIAI0B)
Imported 'GUID: 558a60e942a60164d8f8570adf26a57a' -> (Import Result ID: 'c74938ea11525f5e09d1def07ece2623') in 0.002 seconds [static and dynamic dependencies]. Details - ImportResultOutputID=ed972ecd771ec8bc852b792f6b5c49b0 DependenciesID=1cf5f665db86f66448186d58ff73f748 StaticDependenciesID=d69eee4e1102550d04fe5de77bf3d736 
Number of updated asset objects reloaded before import = 0
Number of asset objects unloaded after import = 0
========================================================================
Received Import Request.
  Time of request: 2026-08-05T18:44:50.3519027Z
  Time since last request: 0.0003418 seconds.
  importAddress: GUID: b16d3bd20d4d2c644969258425ff071a - Path: Packages/com.unity.shadergraph/Editor/Data/Interfaces/Graph/INode.cs - Importer: ScriptedImporter/UnityEditor.QuickSearchModule:UnityEditor.Search:ASIAI0B
Importing 'GUID: b16d3bd20d4d2c644969258425ff071a - Path: Packages/com.unity.shadergraph/Editor/Data/Interfaces/Graph/INode.cs - Importer: ScriptedImporter/UnityEditor.QuickSearchModule:UnityEditor.Search:ASIAI0B' with importer (ScriptedImporter : UnityEditor.QuickSearchModule:UnityEditor.Search:ASIAI0B)
Imported 'GUID: b16d3bd20d4d2c644969258425ff071a' -> (Import Result ID: 'd6c409ae5249847092ba46820e288e5d') in 0.002 seconds [static and dynamic dependencies]. Details - ImportResultOutputID=6c25dcab1dfa01bd43eeb37f71184ffd DependenciesID=1e1239216656040466967d52b640abd2 StaticDependenciesID=7e5eeda7ebcfd4166036a737c5b60e1a 
Number of updated asset objects reloaded before import = 0
Number of asset objects unloaded after import = 0
========================================================================
Received Import Request.
  Time of request: 2026-08-05T18:44:50.3612613Z
  Time since last request: 0.0002402 seconds.
  importAddress: GUID: cda199a8cac8e415ebec2dca28c8df30 - Path: Packages/com.unity.shadergraph/Tests/Editor/ProviderTests/TestUtils.cs - Importer: ScriptedImporter/UnityEditor.QuickSearchModule:UnityEditor.Search:ASIAI0B
Importing 'GUID: cda199a8cac8e415ebec2dca28c8df30 - Path: Packages/com.unity.shadergraph/Tests/Editor/ProviderTests/TestUtils.cs - Importer: ScriptedImporter/UnityEditor.QuickSearchModule:UnityEditor.Search:ASIAI0B' with importer (ScriptedImporter : UnityEditor.QuickSearchModule:UnityEditor.Search:ASIAI0B)
Imported 'GUID: cda199a8cac8e415ebec2dca28c8df30' -> (Import Result ID: '17e07c028d541b03a0bf05d26cd40870') in 0.002 seconds [static and dynamic dependencies]. Details - ImportResultOutputID=8999c8c23bc1229586d057177faec6cd DependenciesID=f6669fd4b8863510eeb5b0dc76e62d36 StaticDependenciesID=6067ece2050fb0aff3e7fca52fc0e5b0 
Number of updated asset objects reloaded before import = 0
Number of asset objects unloaded after import = 0
========================================================================
Received Import Request.
  Time of request: 2026-08-05T18:44:50.3713902Z
  Time since last request: 0.0002293 seconds.
  importAddress: GUID: 1b8bcd39f0b64c14eba5885020ae7349 - Path: Packages/com.unity.shadergraph/Editor/Data/Nodes/MeshDeformation/ComputeDeformNode.cs - Importer: ScriptedImporter/UnityEditor.QuickSearchModule:UnityEditor.Search:ASIAI0B
Importing 'GUID: 1b8bcd39f0b64c14eba5885020ae7349 - Path: Packages/com.unity.shadergraph/Editor/Data/Nodes/MeshDeformation/ComputeDeformNode.cs - Importer: ScriptedImporter/UnityEditor.QuickSearchModule:UnityEditor.Search:ASIAI0B' with importer (ScriptedImporter : UnityEditor.QuickSearchModule:UnityEditor.Search:ASIAI0B)
Imported 'GUID: 1b8bcd39f0b64c14eba5885020ae7349' -> (Import Result ID: '98178332bb67e9a2de920264f2f7e190') in 0.002 seconds [static and dynamic dependencies]. Details - ImportResultOutputID=fc206c25054a2d99999754ae58d52961 DependenciesID=a992e092f6aad59a405be36a2c8bdb02 StaticDependenciesID=93430aecba2258df1098b72d66c4c7d5 
Number of updated asset objects reloaded before import = 0
Number of asset objects unloaded after import = 0
========================================================================
Received Import Request.
  Time of request: 2026-08-05T18:44:50.3820658Z
  Time since last request: 0.0002262 seconds.
  importAddress: GUID: 34bb760e026fa494c83d62660c2c9b4a - Path: Packages/com.unity.shadergraph/Editor/Data/Nodes/Channel/AppendVectorNode.cs - Importer: ScriptedImporter/UnityEditor.QuickSearchModule:UnityEditor.Search:ASIAI0B
Importing 'GUID: 34bb760e026fa494c83d62660c2c9b4a - Path: Packages/com.unity.shadergraph/Editor/Data/Nodes/Channel/AppendVectorNode.cs - Importer: ScriptedImporter/UnityEditor.QuickSearchModule:UnityEditor.Search:ASIAI0B' with importer (ScriptedImporter : UnityEditor.QuickSearchModule:UnityEditor.Search:ASIAI0B)
Imported 'GUID: 34bb760e026fa494c83d62660c2c9b4a' -> (Import Result ID: '641e046610a82d218a937177eefd4278') in 0.002 seconds [static and dynamic dependencies]. Details - ImportResultOutputID=304a68e32e70e3741b4adc643b66def4 DependenciesID=490977d4a7aa99674bf22a0633076ef9 StaticDependenciesID=fb8584adb8a493c04f685d89f3ddc1df 
Number of updated asset objects reloaded before import = 0
Number of asset objects unloaded after import = 0
========================================================================
Received Import Request.
  Time of request: 2026-08-05T18:44:50.4090624Z
  Time since last request: 0.0156911 seconds.
  importAddress: GUID: d58a109f5d7f9154a862ddc85c4d1cc1 - Path: Packages/com.unity.shadergraph/Editor/Drawing/Inspector/PropertyDrawers/SamplerStateNodePropertyDrawer.cs - Importer: ScriptedImporter/UnityEditor.QuickSearchModule:UnityEditor.Search:ASIAI0B
Importing 'GUID: d58a109f5d7f9154a862ddc85c4d1cc1 - Path: Packages/com.unity.shadergraph/Editor/Drawing/Inspector/PropertyDrawers/SamplerStateNodePropertyDrawer.cs - Importer: ScriptedImporter/UnityEditor.QuickSearchModule:UnityEditor.Search:ASIAI0B' with importer (ScriptedImporter : UnityEditor.QuickSearchModule:UnityEditor.Search:ASIAI0B)
Imported 'GUID: d58a109f5d7f9154a862ddc85c4d1cc1' -> (Import Result ID: 'd60cb5104328c61bfdfab8daf4900a7d') in 0.002 seconds [static and dynamic dependencies]. Details - ImportResultOutputID=c5a18cefad200486407539379949d8f2 DependenciesID=d3e2788eeb5bf95dd10ba8f0301c4688 StaticDependenciesID=f96f86270f90ed5a1e5ff6c2494f8545 
Number of updated asset objects reloaded before import = 0
Number of asset objects unloaded after import = 0
========================================================================
Received Import Request.
  Time of request: 2026-08-05T18:44:50.418925Z
  Time since last request: 0.0006666 seconds.
  importAddress: GUID: 83fc180327d27574e82b361da1ea2d11 - Path: Packages/com.unity.shadergraph/Editor/Drawing/Inspector/PropertyDrawers/TransformNodePropertyDrawer.cs - Importer: ScriptedImporter/UnityEditor.QuickSearchModule:UnityEditor.Search:ASIAI0B
Importing 'GUID: 83fc180327d27574e82b361da1ea2d11 - Path: Packages/com.unity.shadergraph/Editor/Drawing/Inspector/PropertyDrawers/TransformNodePropertyDrawer.cs - Importer: ScriptedImporter/UnityEditor.QuickSearchModule:UnityEditor.Search:ASIAI0B' with importer (ScriptedImporter : UnityEditor.QuickSearchModule:UnityEditor.Search:ASIAI0B)
Imported 'GUID: 83fc180327d27574e82b361da1ea2d11' -> (Import Result ID: '15b27dcf45367899c195a4f3b79304ee') in 0.003 seconds [static and dynamic dependencies]. Details - ImportResultOutputID=e141ba91689a120d4c711ec91229ece3 DependenciesID=55c4e63d1d8c4bd022fd043c83ddd478 StaticDependenciesID=5832de2091f0b7dab373e8d2501a7d8d 
Number of updated asset objects reloaded before import = 0
Number of asset objects unloaded after import = 0
========================================================================
Received Import Request.
  Time of request: 2026-08-05T18:44:50.4316501Z
  Time since last request: 0.0002491 seconds.
  importAddress: GUID: 28273174b61bbd246b556e236deb7556 - Path: Packages/com.unity.shadergraph/Editor/Data/Nodes/UV/TilingAndOffsetNode.cs - Importer: ScriptedImporter/UnityEditor.QuickSearchModule:UnityEditor.Search:ASIAI0B
Importing 'GUID: 28273174b61bbd246b556e236deb7556 - Path: Packages/com.unity.shadergraph/Editor/Data/Nodes/UV/TilingAndOffsetNode.cs - Importer: ScriptedImporter/UnityEditor.QuickSearchModule:UnityEditor.Search:ASIAI0B' with importer (ScriptedImporter : UnityEditor.QuickSearchModule:UnityEditor.Search:ASIAI0B)
Imported 'GUID: 28273174b61bbd246b556e236deb7556' -> (Import Result ID: '7e46c12b44e1810b3f62a4974ccae2fb') in 0.002 seconds [static and dynamic dependencies]. Details - ImportResultOutputID=07b9baaa751afa15085be6637c8dcb55 DependenciesID=2cc96d255e515e8a7d1129cc8c5f2aa4 StaticDependenciesID=749b7f24dca30d528f999a5c0645844d 
Number of updated asset objects reloaded before import = 0
Number of asset objects unloaded after import = 0
========================================================================
Received Import Request.
  Time of request: 2026-08-05T18:44:50.4413258Z
  Time since last request: 0.0002277 seconds.
  importAddress: GUID: e68777ed02ae4f5db2f87972b309ae0e - Path: Packages/com.unity.shadergraph/Editor/Drawing/Inspector/PropertyDrawers/TextPropertyDrawer.cs - Importer: ScriptedImporter/UnityEditor.QuickSearchModule:UnityEditor.Search:ASIAI0B
Importing 'GUID: e68777ed02ae4f5db2f87972b309ae0e - Path: Packages/com.unity.shadergraph/Editor/Drawing/Inspector/PropertyDrawers/TextPropertyDrawer.cs - Importer: ScriptedImporter/UnityEditor.QuickSearchModule:UnityEditor.Search:ASIAI0B' with importer (ScriptedImporter : UnityEditor.QuickSearchModule:UnityEditor.Search:ASIAI0B)
Imported 'GUID: e68777ed02ae4f5db2f87972b309ae0e' -> (Import Result ID: 'c368e653f5234b25855ac8774df6106f') in 0.003 seconds [static and dynamic dependencies]. Details - ImportResultOutputID=1f9c198ea302292641262fd831ee0236 DependenciesID=0485e4e0baaaab779ff5c85484e55285 StaticDependenciesID=f3845e2e0edae5ede8efa525d703f4a3 
Number of updated asset objects reloaded before import = 0
Number of asset objects unloaded after import = 0
========================================================================
Received Import Request.
  Time of request: 2026-08-05T18:44:50.4515851Z
  Time since last request: 0.0002307 seconds.
  importAddress: GUID: 910f6b8c5cf5eb9449864d4b7f2e40ce - Path: Packages/com.unity.shadergraph/Editor/Drawing/Inspector/PropertyDrawers/ProceduralVirtualTextureNodePropertyDrawer.cs - Importer: ScriptedImporter/UnityEditor.QuickSearchModule:UnityEditor.Search:ASIAI0B
Importing 'GUID: 910f6b8c5cf5eb9449864d4b7f2e40ce - Path: Packages/com.unity.shadergraph/Editor/Drawing/Inspector/PropertyDrawers/ProceduralVirtualTextureNodePropertyDrawer.cs - Importer: ScriptedImporter/UnityEditor.QuickSearchModule:UnityEditor.Search:ASIAI0B' with importer (ScriptedImporter : UnityEditor.QuickSearchModule:UnityEditor.Search:ASIAI0B)
Imported 'GUID: 910f6b8c5cf5eb9449864d4b7f2e40ce' -> (Import Result ID: '2b26a50915d5c5ec861e462b009fa3ed') in 0.002 seconds [static and dynamic dependencies]. Details - ImportResultOutputID=47504fca9b872d7fffea9599be43b3cd DependenciesID=92ae5a0b6c987926195d6f36e0519202 StaticDependenciesID=dc47b3d43809b361acfcbaa2f4a939cf 
Number of updated asset objects reloaded before import = 0
Number of asset objects unloaded after import = 0
========================================================================
Received Import Request.
  Time of request: 2026-08-05T18:44:50.4610649Z
  Time since last request: 0.0003242 seconds.
  importAddress: GUID: 470e3787e0cd4e3f8dba9518074b91da - Path: Packages/com.unity.shadergraph/Editor/Generation/Targets/Canvas/CanvasData.cs - Importer: ScriptedImporter/UnityEditor.QuickSearchModule:UnityEditor.Search:ASIAI0B
Importing 'GUID: 470e3787e0cd4e3f8dba9518074b91da - Path: Packages/com.unity.shadergraph/Editor/Generation/Targets/Canvas/CanvasData.cs - Importer: ScriptedImporter/UnityEditor.QuickSearchModule:UnityEditor.Search:ASIAI0B' with importer (ScriptedImporter : UnityEditor.QuickSearchModule:UnityEditor.Search:ASIAI0B)
Imported 'GUID: 470e3787e0cd4e3f8dba9518074b91da' -> (Import Result ID: '19f3f5d311bbca3605f9817ad66226fb') in 0.002 seconds [static and dynamic dependencies]. Details - ImportResultOutputID=a8d8d5f9a17ff2d1543e6a9783dcf000 DependenciesID=27e7c390c74fe0913627bf4d22d53809 StaticDependenciesID=6b431a80332ec910cb0e03266b587846 
Number of updated asset objects reloaded before import = 0
Number of asset objects unloaded after import = 0
========================================================================
Received Import Request.
  Time of request: 2026-08-05T18:44:50.4708849Z
  Time since last request: 0.0003924 seconds.
  importAddress: GUID: c9a458e42c243844a8725ccc1e32f53b - Path: Packages/com.unity.shadergraph/Editor/Drawing/Inspector/PropertyDrawers/SampleTexture2DArrayNodePropertyDrawer.cs - Importer: ScriptedImporter/UnityEditor.QuickSearchModule:UnityEditor.Search:ASIAI0B
Importing 'GUID: c9a458e42c243844a8725ccc1e32f53b - Path: Packages/com.unity.shadergraph/Editor/Drawing/Inspector/PropertyDrawers/SampleTexture2DArrayNodePropertyDrawer.cs - Importer: ScriptedImporter/UnityEditor.QuickSearchModule:UnityEditor.Search:ASIAI0B' with importer (ScriptedImporter : UnityEditor.QuickSearchModule:UnityEditor.Search:ASIAI0B)
Imported 'GUID: c9a458e42c243844a8725ccc1e32f53b' -> (Import Result ID: 'fbff65665cb86f07bcee9e78d05129ef') in 0.002 seconds [static and dynamic dependencies]. Details - ImportResultOutputID=4ba90acaf7fc083cce8ae85a070ee164 DependenciesID=2f049b3f1d4190a67007bb52fd928f2d StaticDependenciesID=1cdcdb4f6aa10dc1f8419aa847f6a400 
Number of updated asset objects reloaded before import = 0
Number of asset objects unloaded after import = 0
========================================================================
Received Import Request.
  Time of request: 2026-08-05T18:44:50.4801331Z
  Time since last request: 0.000201 seconds.
  importAddress: GUID: 63458f45f3af4d04b99a4ccd21430c8a - Path: Packages/com.unity.shadergraph/Editor/Drawing/Inspector/PropertyDrawers/Texture3DPropertyDrawer.cs - Importer: ScriptedImporter/UnityEditor.QuickSearchModule:UnityEditor.Search:ASIAI0B
Importing 'GUID: 63458f45f3af4d04b99a4ccd21430c8a - Path: Packages/com.unity.shadergraph/Editor/Drawing/Inspector/PropertyDrawers/Texture3DPropertyDrawer.cs - Importer: ScriptedImporter/UnityEditor.QuickSearchModule:UnityEditor.Search:ASIAI0B' with importer (ScriptedImporter : UnityEditor.QuickSearchModule:UnityEditor.Search:ASIAI0B)
Imported 'GUID: 63458f45f3af4d04b99a4ccd21430c8a' -> (Import Result ID: 'd8b6f078ad5a9f71e388923a0cd0f802') in 0.003 seconds [static and dynamic dependencies]. Details - ImportResultOutputID=d4b0132ce6066f66ad72532ed6081539 DependenciesID=679a4a4eaf9c9ae75cf8dc4fd90bb424 StaticDependenciesID=bf5f5ac8eec8a1e849b7e51fbd6cc24b 
Number of updated asset objects reloaded before import = 0
Number of asset objects unloaded after import = 0
========================================================================
Received Import Request.
  Time of request: 2026-08-05T18:44:50.5100558Z
  Time since last request: 0.0189494 seconds.
  importAddress: GUID: 5b2d4724a38a5485ba5e7dc2f7d86f1a - Path: Packages/com.unity.shadergraph/Editor/Generation/Targets/CustomRenderTexture/CustomTextureSubTarget.cs - Importer: ScriptedImporter/UnityEditor.QuickSearchModule:UnityEditor.Search:ASIAI0B
Importing 'GUID: 5b2d4724a38a5485ba5e7dc2f7d86f1a - Path: Packages/com.unity.shadergraph/Editor/Generation/Targets/CustomRenderTexture/CustomTextureSubTarget.cs - Importer: ScriptedImporter/UnityEditor.QuickSearchModule:UnityEditor.Search:ASIAI0B' with importer (ScriptedImporter : UnityEditor.QuickSearchModule:UnityEditor.Search:ASIAI0B)
Imported 'GUID: 5b2d4724a38a5485ba5e7dc2f7d86f1a' -> (Import Result ID: '67bc8dc52d4001974981bfde6e698792') in 0.002 seconds [static and dynamic dependencies]. Details - ImportResultOutputID=53a0f014005878bf0474e1004a3ad0c5 DependenciesID=1f578b248c08e03a901cfb7077349ee7 StaticDependenciesID=ee5c84a817116ab2dac7889b50347caf 
Number of updated asset objects reloaded before import = 0
Number of asset objects unloaded after import = 0
========================================================================
Received Import Request.
  Time of request: 2026-08-05T18:44:50.5193818Z
  Time since last request: 0.0004091 seconds.
  importAddress: GUID: e425c4562a777aa40a6daed5f97d03b7 - Path: Packages/com.unity.shadergraph/Editor/Resources/Styles/Controls/SliderControlView.uss - Importer: ScriptedImporter/UnityEditor.QuickSearchModule:UnityEditor.Search:ASIAI0B
Importing 'GUID: e425c4562a777aa40a6daed5f97d03b7 - Path: Packages/com.unity.shadergraph/Editor/Resources/Styles/Controls/SliderControlView.uss - Importer: ScriptedImporter/UnityEditor.QuickSearchModule:UnityEditor.Search:ASIAI0B' with importer (ScriptedImporter : UnityEditor.QuickSearchModule:UnityEditor.Search:ASIAI0B)
Imported 'GUID: e425c4562a777aa40a6daed5f97d03b7' -> (Import Result ID: '61818b6beb8d9a9de5b345bf53b0acc1') in 0.008 seconds [static and dynamic dependencies]. Details - ImportResultOutputID=6d2b6e76817fb84d3518bda418df68b5 DependenciesID=b888df3ece27c17f5fd78f0b4907f306 StaticDependenciesID=56be0dfa0e8a1058bc3463920c9ddc05 
Number of updated asset objects reloaded before import = 0
Number of asset objects unloaded after import = 1
========================================================================
Received Import Request.
  Time of request: 2026-08-05T18:44:50.5350721Z
  Time since last request: 0.0003604 seconds.
  importAddress: GUID: 2e8113252e9a1b245a81dc384ae86446 - Path: Packages/com.unity.shadergraph/Editor/Resources/GraphView/Nodes/BlackboardFieldExposed.png - Importer: ScriptedImporter/UnityEditor.QuickSearchModule:UnityEditor.Search:ASIAI0B
Importing 'GUID: 2e8113252e9a1b245a81dc384ae86446 - Path: Packages/com.unity.shadergraph/Editor/Resources/GraphView/Nodes/BlackboardFieldExposed.png - Importer: ScriptedImporter/UnityEditor.QuickSearchModule:UnityEditor.Search:ASIAI0B' with importer (ScriptedImporter : UnityEditor.QuickSearchModule:UnityEditor.Search:ASIAI0B)
Imported 'GUID: 2e8113252e9a1b245a81dc384ae86446' -> (Import Result ID: '69b1837d6b5eb89d2dab8d9804a91391') in 0.011 seconds [static and dynamic dependencies]. Details - ImportResultOutputID=85b67538503baf65ecfc010aa69e94ff DependenciesID=990959b58a119fe511a1baf4797378ff StaticDependenciesID=55e6e2b3b91f07c2661eeef06b25bda1 
Number of updated asset objects reloaded before import = 0
Number of asset objects unloaded after import = 1
========================================================================
Received Import Request.
  Time of request: 2026-08-05T18:44:50.5550758Z
  Time since last request: 0.0002085 seconds.
  importAddress: GUID: 59e85404e1156534e84e3f06ad9d3bff - Path: Packages/com.unity.shadergraph/Editor/Resources/GraphView/Nodes/NodeChevronUp.png - Importer: ScriptedImporter/UnityEditor.QuickSearchModule:UnityEditor.Search:ASIAI0B
Importing 'GUID: 59e85404e1156534e84e3f06ad9d3bff - Path: Packages/com.unity.shadergraph/Editor/Resources/GraphView/Nodes/NodeChevronUp.png - Importer: ScriptedImporter/UnityEditor.QuickSearchModule:UnityEditor.Search:ASIAI0B' with importer (ScriptedImporter : UnityEditor.QuickSearchModule:UnityEditor.Search:ASIAI0B)
Imported 'GUID: 59e85404e1156534e84e3f06ad9d3bff' -> (Import Result ID: '2b4c269d8aa173220af4bc0f84345fdf') in 0.010 seconds [static and dynamic dependencies]. Details - ImportResultOutputID=2945f872192ccd432203899cadabc52a DependenciesID=a104414b2ef4333e70e88b341bd3cc12 StaticDependenciesID=566fa1b0c5e507d33d5a59f1388540ac 
Number of updated asset objects reloaded before import = 0
Number of asset objects unloaded after import = 1
========================================================================
Received Import Request.
  Time of request: 2026-08-05T18:44:50.5733458Z
  Time since last request: 0.0001769 seconds.
  importAddress: GUID: f51d58a379852433783c60d784f44626 - Path: Packages/com.unity.shadergraph/Editor/ProviderSystem/Model/Header/FunctionHints.cs - Importer: ScriptedImporter/UnityEditor.QuickSearchModule:UnityEditor.Search:ASIAI0B
Importing 'GUID: f51d58a379852433783c60d784f44626 - Path: Packages/com.unity.shadergraph/Editor/ProviderSystem/Model/Header/FunctionHints.cs - Importer: ScriptedImporter/UnityEditor.QuickSearchModule:UnityEditor.Search:ASIAI0B' with importer (ScriptedImporter : UnityEditor.QuickSearchModule:UnityEditor.Search:ASIAI0B)
Imported 'GUID: f51d58a379852433783c60d784f44626' -> (Import Result ID: '66d91c8a547711e0a47d6d735e99d971') in 0.002 seconds [static and dynamic dependencies]. Details - ImportResultOutputID=5b47b876bee81c31dbde634efe15cda0 DependenciesID=bfe3e8ead6fa6b59d8390f4e6feab65d StaticDependenciesID=da5a357ababf67aa2cfe5deacc6eab4f 
Number of updated asset objects reloaded before import = 0
Number of asset objects unloaded after import = 0
========================================================================
Received Import Request.
  Time of request: 2026-08-05T18:44:50.5823507Z
  Time since last request: 0.0002847 seconds.
  importAddress: GUID: 96a8b300b2dfb474bb4fd8118749fdec - Path: Packages/com.unity.shadergraph/Editor/Generation/Targets/CustomRenderTexture/CustomTextureGraph.hlsl - Importer: ScriptedImporter/UnityEditor.QuickSearchModule:UnityEditor.Search:ASIAI0B
Importing 'GUID: 96a8b300b2dfb474bb4fd8118749fdec - Path: Packages/com.unity.shadergraph/Editor/Generation/Targets/CustomRenderTexture/CustomTextureGraph.hlsl - Importer: ScriptedImporter/UnityEditor.QuickSearchModule:UnityEditor.Search:ASIAI0B' with importer (ScriptedImporter : UnityEditor.QuickSearchModule:UnityEditor.Search:ASIAI0B)
Imported 'GUID: 96a8b300b2dfb474bb4fd8118749fdec' -> (Import Result ID: 'ff5a04e00b6ad142a44c92db4cc340ee') in 0.008 seconds [static and dynamic dependencies]. Details - ImportResultOutputID=3ec6a9a7c0f8e747fa7de917c5f8cf57 DependenciesID=ae5a91d10d96919daa29835bb8b2cb3c StaticDependenciesID=d8b269b679955f18d7a7e29bb1aee7bb 
Number of updated asset objects reloaded before import = 0
Number of asset objects unloaded after import = 1
========================================================================
Received Import Request.
  Time of request: 2026-08-05T18:44:50.5981147Z
  Time since last request: 0.0002493 seconds.
  importAddress: GUID: b6e0d19d1d9f531419f20cd97c102ad5 - Path: Packages/com.unity.shadergraph/Editor/Resources/Styles/Controls/DielectricSpecularControlView.uss - Importer: ScriptedImporter/UnityEditor.QuickSearchModule:UnityEditor.Search:ASIAI0B
Importing 'GUID: b6e0d19d1d9f531419f20cd97c102ad5 - Path: Packages/com.unity.shadergraph/Editor/Resources/Styles/Controls/DielectricSpecularControlView.uss - Importer: ScriptedImporter/UnityEditor.QuickSearchModule:UnityEditor.Search:ASIAI0B' with importer (ScriptedImporter : UnityEditor.QuickSearchModule:UnityEditor.Search:ASIAI0B)
Imported 'GUID: b6e0d19d1d9f531419f20cd97c102ad5' -> (Import Result ID: '8a72aede34cfd9f2ad29fd899131df3f') in 0.008 seconds [static and dynamic dependencies]. Details - ImportResultOutputID=1850f03f72bf2186bd9800715a32d8ed DependenciesID=7f232ab059b4c699905695abc493f09e StaticDependenciesID=087f2723ee6859a5cd6cad45694513fe 
Number of updated asset objects reloaded before import = 0
Number of asset objects unloaded after import = 1
========================================================================
Received Import Request.
  Time of request: 2026-08-05T18:44:50.6125991Z
  Time since last request: 0.0001702 seconds.
  importAddress: GUID: 4b038bc8dced2a440bc294aeff20a4ac - Path: Packages/com.unity.shadergraph/Editor/Resources/Styles/Controls/ColorControlView.uss - Importer: ScriptedImporter/UnityEditor.QuickSearchModule:UnityEditor.Search:ASIAI0B
Importing 'GUID: 4b038bc8dced2a440bc294aeff20a4ac - Path: Packages/com.unity.shadergraph/Editor/Resources/Styles/Controls/ColorControlView.uss - Importer: ScriptedImporter/UnityEditor.QuickSearchModule:UnityEditor.Search:ASIAI0B' with importer (ScriptedImporter : UnityEditor.QuickSearchModule:UnityEditor.Search:ASIAI0B)
Imported 'GUID: 4b038bc8dced2a440bc294aeff20a4ac' -> (Import Result ID: '2ae04e2111774d81349f242ca24a0944') in 0.007 seconds [static and dynamic dependencies]. Details - ImportResultOutputID=8772dcf04753346b28a5de4d062d09b5 DependenciesID=883bf05222925dbaa6698ad8c4ee8da2 StaticDependenciesID=e93582db80137e8a465254aaa7a08df0 
Number of updated asset objects reloaded before import = 0
Number of asset objects unloaded after import = 1
========================================================================
Received Import Request.
  Time of request: 2026-08-05T18:44:50.6966848Z
  Time since last request: 0.06993 seconds.
  importAddress: GUID: 1350e4a38ff5ae44a9d8627d33b48de8 - Path: Packages/com.unity.shadergraph/Editor/Data/Nodes/Input/Basic/Vector3Node.cs - Importer: ScriptedImporter/UnityEditor.QuickSearchModule:UnityEditor.Search:ASIAI0B
Importing 'GUID: 1350e4a38ff5ae44a9d8627d33b48de8 - Path: Packages/com.unity.shadergraph/Editor/Data/Nodes/Input/Basic/Vector3Node.cs - Importer: ScriptedImporter/UnityEditor.QuickSearchModule:UnityEditor.Search:ASIAI0B' with importer (ScriptedImporter : UnityEditor.QuickSearchModule:UnityEditor.Search:ASIAI0B)
Imported 'GUID: 1350e4a38ff5ae44a9d8627d33b48de8' -> (Import Result ID: '258e1b64bac56638569fd4f2b7b90af2') in 0.002 seconds [static and dynamic dependencies]. Details - ImportResultOutputID=d71563b1d16f31acd01a25ae66d2e636 DependenciesID=a6a67fa2bffb9eb3a0dd7b3e0c147998 StaticDependenciesID=c358e63f2750042207d1ebada9ab4ca0 
Number of updated asset objects reloaded before import = 0
Number of asset objects unloaded after import = 0
========================================================================
Received Import Request.
  Time of request: 2026-08-05T18:44:50.7073362Z
  Time since last request: 0.0003061 seconds.
  importAddress: GUID: 4dc57a132d2b8f346b104de7154e28a2 - Path: Packages/com.unity.shadergraph/Editor/Data/Nodes/Input/Gradient/BlackbodyNode.cs - Importer: ScriptedImporter/UnityEditor.QuickSearchModule:UnityEditor.Search:ASIAI0B
Importing 'GUID: 4dc57a132d2b8f346b104de7154e28a2 - Path: Packages/com.unity.shadergraph/Editor/Data/Nodes/Input/Gradient/BlackbodyNode.cs - Importer: ScriptedImporter/UnityEditor.QuickSearchModule:UnityEditor.Search:ASIAI0B' with importer (ScriptedImporter : UnityEditor.QuickSearchModule:UnityEditor.Search:ASIAI0B)
Imported 'GUID: 4dc57a132d2b8f346b104de7154e28a2' -> (Import Result ID: '194129ad9bf5e93f76382867d72a9064') in 0.003 seconds [static and dynamic dependencies]. Details - ImportResultOutputID=366d9f33d82d8fe7c0f25d336c28442a DependenciesID=036a7e21139134fa019e2644f63025cc StaticDependenciesID=1db6e32440c6eacc52f77345d332760f 
Number of updated asset objects reloaded before import = 0
Number of asset objects unloaded after import = 0
========================================================================
Received Import Request.
  Time of request: 2026-08-05T18:44:50.7167963Z
  Time since last request: 0.0004571 seconds.
  importAddress: GUID: a01da6bf9ffa118478ae371b28d2e166 - Path: Packages/com.unity.shadergraph/Editor/Data/Nodes/Input/Matrix/Matrix2Node.cs - Importer: ScriptedImporter/UnityEditor.QuickSearchModule:UnityEditor.Search:ASIAI0B
Importing 'GUID: a01da6bf9ffa118478ae371b28d2e166 - Path: Packages/com.unity.shadergraph/Editor/Data/Nodes/Input/Matrix/Matrix2Node.cs - Importer: ScriptedImporter/UnityEditor.QuickSearchModule:UnityEditor.Search:ASIAI0B' with importer (ScriptedImporter : UnityEditor.QuickSearchModule:UnityEditor.Search:ASIAI0B)
Imported 'GUID: a01da6bf9ffa118478ae371b28d2e166' -> (Import Result ID: 'ff82a4384bcdf3cf8b53670e5906171f') in 0.002 seconds [static and dynamic dependencies]. Details - ImportResultOutputID=4062497761f1f07933b09dae859bfefd DependenciesID=99ef350b18ac304b26bb10a9d73d7664 StaticDependenciesID=02447e6c17e8f9a80932678431c1dced 
Number of updated asset objects reloaded before import = 0
Number of asset objects unloaded after import = 0
========================================================================
Received Import Request.
  Time of request: 2026-08-05T18:44:50.7266226Z
  Time since last request: 0.0003348 seconds.
  importAddress: GUID: 5b12835ccaa954dc3ad06e9958e1e740 - Path: Packages/com.unity.shadergraph/Editor/Data/Nodes/Input/Gradient/SampleGradientNode.cs - Importer: ScriptedImporter/UnityEditor.QuickSearchModule:UnityEditor.Search:ASIAI0B
Importing 'GUID: 5b12835ccaa954dc3ad06e9958e1e740 - Path: Packages/com.unity.shadergraph/Editor/Data/Nodes/Input/Gradient/SampleGradientNode.cs - Importer: ScriptedImporter/UnityEditor.QuickSearchModule:UnityEditor.Search:ASIAI0B' with importer (ScriptedImporter : UnityEditor.QuickSearchModule:UnityEditor.Search:ASIAI0B)
Imported 'GUID: 5b12835ccaa954dc3ad06e9958e1e740' -> (Import Result ID: 'bfde49989c3438430e67e1d4ccd08ca4') in 0.002 seconds [static and dynamic dependencies]. Details - ImportResultOutputID=fa5bfed59acf14cd8e9fd10639b0c276 DependenciesID=7f18162db8471442aacae1f9b467142b StaticDependenciesID=229ed36abce304565aea2aa6bc534c95 
Number of updated asset objects reloaded before import = 0
Number of asset objects unloaded after import = 0
========================================================================
Received Import Request.
  Time of request: 2026-08-05T18:44:50.7382484Z
  Time since last request: 0.0003038 seconds.
  importAddress: GUID: 96dd6bbf093ac3d41a5bdaa467b58e6c - Path: Packages/com.unity.shadergraph/Editor/Data/Nodes/Artistic/Utility/ColorspaceConversion.cs - Importer: ScriptedImporter/UnityEditor.QuickSearchModule:UnityEditor.Search:ASIAI0B
Importing 'GUID: 96dd6bbf093ac3d41a5bdaa467b58e6c - Path: Packages/com.unity.shadergraph/Editor/Data/Nodes/Artistic/Utility/ColorspaceConversion.cs - Importer: ScriptedImporter/UnityEditor.QuickSearchModule:UnityEditor.Search:ASIAI0B' with importer (ScriptedImporter : UnityEditor.QuickSearchModule:UnityEditor.Search:ASIAI0B)
Imported 'GUID: 96dd6bbf093ac3d41a5bdaa467b58e6c' -> (Import Result ID: '8ac1e3d22aae6a799ec97724d9d473b6') in 0.003 seconds [static and dynamic dependencies]. Details - ImportResultOutputID=6c2d8b495fbd95729ae8fd29279b5853 DependenciesID=dae435d8f5f5c6cd1e4e428ed1b46c98 StaticDependenciesID=b3e3dcf380e49f1cd340bc861357e00e 
Number of updated asset objects reloaded before import = 0
Number of asset objects unloaded after import = 0
========================================================================
Received Import Request.
  Time of request: 2026-08-05T18:44:50.7495064Z
  Time since last request: 0.0002598 seconds.
  importAddress: GUID: 6eaeb9c846408f74daeadcc3314810e4 - Path: Packages/com.unity.shadergraph/Editor/Data/Nodes/Input/Texture/SampleCubemapNode.cs - Importer: ScriptedImporter/UnityEditor.QuickSearchModule:UnityEditor.Search:ASIAI0B
Importing 'GUID: 6eaeb9c846408f74daeadcc3314810e4 - Path: Packages/com.unity.shadergraph/Editor/Data/Nodes/Input/Texture/SampleCubemapNode.cs - Importer: ScriptedImporter/UnityEditor.QuickSearchModule:UnityEditor.Search:ASIAI0B' with importer (ScriptedImporter : UnityEditor.QuickSearchModule:UnityEditor.Search:ASIAI0B)
Imported 'GUID: 6eaeb9c846408f74daeadcc3314810e4' -> (Import Result ID: 'ae170c09ee088ff59423c0ce1ec5e46d') in 0.002 seconds [static and dynamic dependencies]. Details - ImportResultOutputID=3a38529a8be22d6412b900916ea1fa06 DependenciesID=b84bd0e1bcd287b24e6e6c9c586b528a StaticDependenciesID=9fd6ac81528a546a31790c04233314b0 
Number of updated asset objects reloaded before import = 0
Number of asset objects unloaded after import = 0
========================================================================
Received Import Request.
  Time of request: 2026-08-05T18:44:50.7588195Z
  Time since last request: 0.0002414 seconds.
  importAddress: GUID: 25ded6c13e7523d48935f8bd1b9afcb6 - Path: Packages/com.unity.shadergraph/Editor/Data/Nodes/Input/Geometry/BitangentVectorNode.cs - Importer: ScriptedImporter/UnityEditor.QuickSearchModule:UnityEditor.Search:ASIAI0B
Importing 'GUID: 25ded6c13e7523d48935f8bd1b9afcb6 - Path: Packages/com.unity.shadergraph/Editor/Data/Nodes/Input/Geometry/BitangentVectorNode.cs - Importer: ScriptedImporter/UnityEditor.QuickSearchModule:UnityEditor.Search:ASIAI0B' with importer (ScriptedImporter : UnityEditor.QuickSearchModule:UnityEditor.Search:ASIAI0B)
Imported 'GUID: 25ded6c13e7523d48935f8bd1b9afcb6' -> (Import Result ID: 'e94e1499b02cb9807c8d5fa44bb11251') in 0.002 seconds [static and dynamic dependencies]. Details - ImportResultOutputID=9f58bcff26d24fbc3dcb1ce5e59cd76a DependenciesID=c339f765867c88cfd69d3a81b0362cab StaticDependenciesID=f59ef7dc88deed01cc92ef3079b39fda 
Number of updated asset objects reloaded before import = 0
Number of asset objects unloaded after import = 0
========================================================================
Received Import Request.
  Time of request: 2026-08-05T18:44:50.7688007Z
  Time since last request: 0.0002007 seconds.
  importAddress: GUID: 0f9e9a126b4ecf24d81258763ac4a64d - Path: Packages/com.unity.shadergraph/Editor/Data/Nodes/Input/Lighting/AmbientNode.cs - Importer: ScriptedImporter/UnityEditor.QuickSearchModule:UnityEditor.Search:ASIAI0B
Importing 'GUID: 0f9e9a126b4ecf24d81258763ac4a64d - Path: Packages/com.unity.shadergraph/Editor/Data/Nodes/Input/Lighting/AmbientNode.cs - Importer: ScriptedImporter/UnityEditor.QuickSearchModule:UnityEditor.Search:ASIAI0B' with importer (ScriptedImporter : UnityEditor.QuickSearchModule:UnityEditor.Search:ASIAI0B)
Imported 'GUID: 0f9e9a126b4ecf24d81258763ac4a64d' -> (Import Result ID: 'a9b31b7580372171e23ad21fbc57f191') in 0.002 seconds [static and dynamic dependencies]. Details - ImportResultOutputID=c70a4ed7ae0f7d5f984abef4fbc4d43e DependenciesID=a7b3099d9624e5885ab1430884148300 StaticDependenciesID=739bbf8448cbd36f3812cd32318b6dcb 
Number of updated asset objects reloaded before import = 0
Number of asset objects unloaded after import = 0
========================================================================
Received Import Request.
  Time of request: 2026-08-05T18:44:50.791321Z
  Time since last request: 0.013368 seconds.
  importAddress: GUID: 088fb5bde3ece0f4190136b3ab43f7c4 - Path: Packages/com.unity.shadergraph/Editor/Data/Nodes/Math/Basic/MultiplyNode.cs - Importer: ScriptedImporter/UnityEditor.QuickSearchModule:UnityEditor.Search:ASIAI0B
Importing 'GUID: 088fb5bde3ece0f4190136b3ab43f7c4 - Path: Packages/com.unity.shadergraph/Editor/Data/Nodes/Math/Basic/MultiplyNode.cs - Importer: ScriptedImporter/UnityEditor.QuickSearchModule:UnityEditor.Search:ASIAI0B' with importer (ScriptedImporter : UnityEditor.QuickSearchModule:UnityEditor.Search:ASIAI0B)
Imported 'GUID: 088fb5bde3ece0f4190136b3ab43f7c4' -> (Import Result ID: 'd7e2f019562fef553300b60fdf0b04e1') in 0.002 seconds [static and dynamic dependencies]. Details - ImportResultOutputID=10b6466c41bac91bed0bbdca3ef26c83 DependenciesID=80b275ae8edc4580a106da2293f4b6af StaticDependenciesID=948d70fbef9c843ff02bcaf39e593f9b 
Number of updated asset objects reloaded before import = 0
Number of asset objects unloaded after import = 0
========================================================================
Received Import Request.
  Time of request: 2026-08-05T18:44:50.8012512Z
  Time since last request: 0.0007491 seconds.
  importAddress: GUID: 2b52706eb67bd8445b13f43ae287c679 - Path: Packages/com.unity.shadergraph/Editor/Data/Nodes/Math/Advanced/ReciprocalNode.cs - Importer: ScriptedImporter/UnityEditor.QuickSearchModule:UnityEditor.Search:ASIAI0B
Importing 'GUID: 2b52706eb67bd8445b13f43ae287c679 - Path: Packages/com.unity.shadergraph/Editor/Data/Nodes/Math/Advanced/ReciprocalNode.cs - Importer: ScriptedImporter/UnityEditor.QuickSearchModule:UnityEditor.Search:ASIAI0B' with importer (ScriptedImporter : UnityEditor.QuickSearchModule:UnityEditor.Search:ASIAI0B)
Imported 'GUID: 2b52706eb67bd8445b13f43ae287c679' -> (Import Result ID: '5d60470b725255d3d76aa3a8bfcb581a') in 0.002 seconds [static and dynamic dependencies]. Details - ImportResultOutputID=f114bfb56b5e42e8de0fea112a2cce3e DependenciesID=d304dda026db6a59c53fd1cffc9e6d8d StaticDependenciesID=082ada473174d27fd514d9204374dee3 
Number of updated asset objects reloaded before import = 0
Number of asset objects unloaded after import = 0
========================================================================
Received Import Request.
  Time of request: 2026-08-05T18:44:50.8116727Z
  Time since last request: 0.0006859 seconds.
  importAddress: GUID: ea3f39b56fc9544ff80cbe84aa0753d0 - Path: Packages/com.unity.shadergraph/Editor/Data/Nodes/Math/Range/OneMinusNode.cs - Importer: ScriptedImporter/UnityEditor.QuickSearchModule:UnityEditor.Search:ASIAI0B
Importing 'GUID: ea3f39b56fc9544ff80cbe84aa0753d0 - Path: Packages/com.unity.shadergraph/Editor/Data/Nodes/Math/Range/OneMinusNode.cs - Importer: ScriptedImporter/UnityEditor.QuickSearchModule:UnityEditor.Search:ASIAI0B' with importer (ScriptedImporter : UnityEditor.QuickSearchModule:UnityEditor.Search:ASIAI0B)
Imported 'GUID: ea3f39b56fc9544ff80cbe84aa0753d0' -> (Import Result ID: 'fed8cda09e10cda1fc3d5932cb01c07a') in 0.003 seconds [static and dynamic dependencies]. Details - ImportResultOutputID=0683553eca5f6b16f52f8a4821116142 DependenciesID=26da67480501171bc6efaf39bf8560c3 StaticDependenciesID=be5d244cadc06a991b90abdfb9dc4361 
Number of updated asset objects reloaded before import = 0
Number of asset objects unloaded after import = 0
========================================================================
Received Import Request.
  Time of request: 2026-08-05T18:44:50.8231158Z
  Time since last request: 0.0002961 seconds.
  importAddress: GUID: ab454fbbbc9f31d4083c178cf885c672 - Path: Packages/com.unity.shadergraph/Editor/Data/Nodes/Input/Texture/TexelSizeNode.cs - Importer: ScriptedImporter/UnityEditor.QuickSearchModule:UnityEditor.Search:ASIAI0B
Importing 'GUID: ab454fbbbc9f31d4083c178cf885c672 - Path: Packages/com.unity.shadergraph/Editor/Data/Nodes/Input/Texture/TexelSizeNode.cs - Importer: ScriptedImporter/UnityEditor.QuickSearchModule:UnityEditor.Search:ASIAI0B' with importer (ScriptedImporter : UnityEditor.QuickSearchModule:UnityEditor.Search:ASIAI0B)
Imported 'GUID: ab454fbbbc9f31d4083c178cf885c672' -> (Import Result ID: '4b6cb46f5fdff0912e3dc39273ba46c0') in 0.002 seconds [static and dynamic dependencies]. Details - ImportResultOutputID=4d1187efdae16866cc5ab683f3786248 DependenciesID=e2bda2ddee70f5234f6d5993449907e6 StaticDependenciesID=03712398d299a89b62cc28cfa120a45f 
Number of updated asset objects reloaded before import = 0
Number of asset objects unloaded after import = 0
========================================================================
Received Import Request.
  Time of request: 2026-08-05T18:44:50.833369Z
  Time since last request: 0.0002274 seconds.
  importAddress: GUID: 29b42276bd0679743bb3386305aa7691 - Path: Packages/com.unity.shadergraph/Editor/Data/Nodes/Input/Texture/SampleVirtualTextureNode.cs - Importer: ScriptedImporter/UnityEditor.QuickSearchModule:UnityEditor.Search:ASIAI0B
Importing 'GUID: 29b42276bd0679743bb3386305aa7691 - Path: Packages/com.unity.shadergraph/Editor/Data/Nodes/Input/Texture/SampleVirtualTextureNode.cs - Importer: ScriptedImporter/UnityEditor.QuickSearchModule:UnityEditor.Search:ASIAI0B' with importer (ScriptedImporter : UnityEditor.QuickSearchModule:UnityEditor.Search:ASIAI0B)
Imported 'GUID: 29b42276bd0679743bb3386305aa7691' -> (Import Result ID: 'fe3f1889c274e8743fe36fd601c38ab8') in 0.003 seconds [static and dynamic dependencies]. Details - ImportResultOutputID=da34f7db796987671c83889ccd764297 DependenciesID=2342b7422d84bf004c2c56ce6dfc587f StaticDependenciesID=2f800469df0d27c394665120ada9b5a5 
Number of updated asset objects reloaded before import = 0
Number of asset objects unloaded after import = 0
========================================================================
Received Import Request.
  Time of request: 2026-08-05T18:44:50.8449105Z
  Time since last request: 0.0002568 seconds.
  importAddress: GUID: 2b10d839969f5484cad9632519dc7324 - Path: Packages/com.unity.shadergraph/Editor/Data/Nodes/Math/Trigonometry/SineNode.cs - Importer: ScriptedImporter/UnityEditor.QuickSearchModule:UnityEditor.Search:ASIAI0B
Importing 'GUID: 2b10d839969f5484cad9632519dc7324 - Path: Packages/com.unity.shadergraph/Editor/Data/Nodes/Math/Trigonometry/SineNode.cs - Importer: ScriptedImporter/UnityEditor.QuickSearchModule:UnityEditor.Search:ASIAI0B' with importer (ScriptedImporter : UnityEditor.QuickSearchModule:UnityEditor.Search:ASIAI0B)
Imported 'GUID: 2b10d839969f5484cad9632519dc7324' -> (Import Result ID: 'f131a1c9855eea6a1f21c763232a49e1') in 0.002 seconds [static and dynamic dependencies]. Details - ImportResultOutputID=7eff2d3aee8f576632501c365243c8ce DependenciesID=72338f62d234433bc756e65a031b7087 StaticDependenciesID=172b572572708837fc91002c868ed169 
Number of updated asset objects reloaded before import = 0
Number of asset objects unloaded after import = 0
========================================================================
Received Import Request.
  Time of request: 2026-08-05T18:44:50.8537935Z
  Time since last request: 0.0003799 seconds.
  importAddress: GUID: b2957c4e08e061444a7444a1a03fb584 - Path: Packages/com.unity.shadergraph/Editor/Data/Nodes/Math/Basic/PowerNode.cs - Importer: ScriptedImporter/UnityEditor.QuickSearchModule:UnityEditor.Search:ASIAI0B
Importing 'GUID: b2957c4e08e061444a7444a1a03fb584 - Path: Packages/com.unity.shadergraph/Editor/Data/Nodes/Math/Basic/PowerNode.cs - Importer: ScriptedImporter/UnityEditor.QuickSearchModule:UnityEditor.Search:ASIAI0B' with importer (ScriptedImporter : UnityEditor.QuickSearchModule:UnityEditor.Search:ASIAI0B)
Imported 'GUID: b2957c4e08e061444a7444a1a03fb584' -> (Import Result ID: '855e8855593a99d650fd0c0c25469a3f') in 0.002 seconds [static and dynamic dependencies]. Details - ImportResultOutputID=3fd00af8a4ff4d01edeae0ed87d7d0f3 DependenciesID=7727f854a8661c378c5b6c61f7d7f43a StaticDependenciesID=85e5a5dfa982f8a0618921ee6263ae71 
Number of updated asset objects reloaded before import = 0
Number of asset objects unloaded after import = 0
========================================================================
Received Import Request.
  Time of request: 2026-08-05T18:44:50.8637367Z
  Time since last request: 0.0002705 seconds.
  importAddress: GUID: 25857c1c6903f40f382b8857bba28668 - Path: Packages/com.unity.shadergraph/Editor/Data/Nodes/Math/Interpolation/InverseLerpNode.cs - Importer: ScriptedImporter/UnityEditor.QuickSearchModule:UnityEditor.Search:ASIAI0B
Importing 'GUID: 25857c1c6903f40f382b8857bba28668 - Path: Packages/com.unity.shadergraph/Editor/Data/Nodes/Math/Interpolation/InverseLerpNode.cs - Importer: ScriptedImporter/UnityEditor.QuickSearchModule:UnityEditor.Search:ASIAI0B' with importer (ScriptedImporter : UnityEditor.QuickSearchModule:UnityEditor.Search:ASIAI0B)
Imported 'GUID: 25857c1c6903f40f382b8857bba28668' -> (Import Result ID: 'c1fc4da84b59c86a016b478fac453b71') in 0.002 seconds [static and dynamic dependencies]. Details - ImportResultOutputID=9c77c89f6f3cdadeeeebefa8e9ced500 DependenciesID=57e0dcce3298757fc2c4231983dc53f4 StaticDependenciesID=e291f085df35c37f5e70058ffa9f9475 
Number of updated asset objects reloaded before import = 0
Number of asset objects unloaded after import = 0
========================================================================
Received Import Request.
  Time of request: 2026-08-05T18:44:50.8925109Z
  Time since last request: 0.0189554 seconds.
  importAddress: GUID: 53413c183a3867a44a249b129ae86e6e - Path: Packages/com.unity.shadergraph/Editor/Data/Nodes/Utility/Logic/SwitchNode.cs - Importer: ScriptedImporter/UnityEditor.QuickSearchModule:UnityEditor.Search:ASIAI0B
Importing 'GUID: 53413c183a3867a44a249b129ae86e6e - Path: Packages/com.unity.shadergraph/Editor/Data/Nodes/Utility/Logic/SwitchNode.cs - Importer: ScriptedImporter/UnityEditor.QuickSearchModule:UnityEditor.Search:ASIAI0B' with importer (ScriptedImporter : UnityEditor.QuickSearchModule:UnityEditor.Search:ASIAI0B)
Imported 'GUID: 53413c183a3867a44a249b129ae86e6e' -> (Import Result ID: 'ce472b7009becd02b02df69ade53b7e4') in 0.002 seconds [static and dynamic dependencies]. Details - ImportResultOutputID=2a143d2e2c5fe789c8875312ff85df1f DependenciesID=3e8c867c6e81b37eb7ccd1b14349c06c StaticDependenciesID=dc089164f62d33de5559eb43d4a9c930 
Number of updated asset objects reloaded before import = 0
Number of asset objects unloaded after import = 0
========================================================================
Received Import Request.
  Time of request: 2026-08-05T18:44:50.9018543Z
  Time since last request: 0.0005003 seconds.
  importAddress: GUID: 51db4cfe7bc15d249a840d3643e41b7a - Path: Packages/com.unity.shadergraph/Editor/Generation/Targets/BuiltIn/ShaderLibrary/MetaInput.hlsl - Importer: ScriptedImporter/UnityEditor.QuickSearchModule:UnityEditor.Search:ASIAI0B
Importing 'GUID: 51db4cfe7bc15d249a840d3643e41b7a - Path: Packages/com.unity.shadergraph/Editor/Generation/Targets/BuiltIn/ShaderLibrary/MetaInput.hlsl - Importer: ScriptedImporter/UnityEditor.QuickSearchModule:UnityEditor.Search:ASIAI0B' with importer (ScriptedImporter : UnityEditor.QuickSearchModule:UnityEditor.Search:ASIAI0B)
Imported 'GUID: 51db4cfe7bc15d249a840d3643e41b7a' -> (Import Result ID: '32b1e7cc121cc8b0c17aad93aec655bf') in 0.009 seconds [static and dynamic dependencies]. Details - ImportResultOutputID=98f8f0986163d24e2535dcc2f3a74cff DependenciesID=0486ea953da87dcf047e446c6da5cf6e StaticDependenciesID=1c7038745ab8c51590b03d9c38d24594 
Number of updated asset objects reloaded before import = 0
Number of asset objects unloaded after import = 1
========================================================================
Received Import Request.
  Time of request: 2026-08-05T18:44:50.9185857Z
  Time since last request: 0.0002397 seconds.
  importAddress: GUID: 9b185d0244daaf94894ec0689c057a42 - Path: Packages/com.unity.shadergraph/Editor/Generation/Targets/BuiltIn/ShaderLibrary/ShaderVariablesFunctions.hlsl - Importer: ScriptedImporter/UnityEditor.QuickSearchModule:UnityEditor.Search:ASIAI0B
Importing 'GUID: 9b185d0244daaf94894ec0689c057a42 - Path: Packages/com.unity.shadergraph/Editor/Generation/Targets/BuiltIn/ShaderLibrary/ShaderVariablesFunctions.hlsl - Importer: ScriptedImporter/UnityEditor.QuickSearchModule:UnityEditor.Search:ASIAI0B' with importer (ScriptedImporter : UnityEditor.QuickSearchModule:UnityEditor.Search:ASIAI0B)
Imported 'GUID: 9b185d0244daaf94894ec0689c057a42' -> (Import Result ID: '18b9417afef75dddb2bbe926236aa4be') in 0.003 seconds [static and dynamic dependencies]. Details - ImportResultOutputID=b4ed9b51949aa3718d9393e40dcee934 DependenciesID=eb4e7ac7b420b04d1135ff0a2cc61e4e StaticDependenciesID=a0b4751790bce404693ce938c334fbe8 
Number of updated asset objects reloaded before import = 0
Number of asset objects unloaded after import = 1
========================================================================
Received Import Request.
  Time of request: 2026-08-05T18:44:50.9291827Z
  Time since last request: 0.0001993 seconds.
  importAddress: GUID: 0f23589566e318c408af431d95bb492c - Path: Packages/com.unity.shadergraph/Editor/Data/Nodes/Procedural/Shape/RectangleNode.cs - Importer: ScriptedImporter/UnityEditor.QuickSearchModule:UnityEditor.Search:ASIAI0B
Importing 'GUID: 0f23589566e318c408af431d95bb492c - Path: Packages/com.unity.shadergraph/Editor/Data/Nodes/Procedural/Shape/RectangleNode.cs - Importer: ScriptedImporter/UnityEditor.QuickSearchModule:UnityEditor.Search:ASIAI0B' with importer (ScriptedImporter : UnityEditor.QuickSearchModule:UnityEditor.Search:ASIAI0B)
Imported 'GUID: 0f23589566e318c408af431d95bb492c' -> (Import Result ID: '683e9a6023a36f5861ce3fc6c2a84dd1') in 0.002 seconds [static and dynamic dependencies]. Details - ImportResultOutputID=de69ed62087ecb0cc5e984e295fe5040 DependenciesID=01e53c5ed81213e4ba8815fc2908bb85 StaticDependenciesID=55f0fa9b4fd22ec1fee9b88d08c6583a 
Number of updated asset objects reloaded before import = 0
Number of asset objects unloaded after import = 0
========================================================================
Received Import Request.
  Time of request: 2026-08-05T18:44:50.9382624Z
  Time since last request: 0.0002414 seconds.
  importAddress: GUID: be7845eb62257564492a5c3ba1d0d181 - Path: Packages/com.unity.shadergraph/Editor/Data/Nodes/Utility/Logic/BranchOnInputConnection.cs - Importer: ScriptedImporter/UnityEditor.QuickSearchModule:UnityEditor.Search:ASIAI0B
Importing 'GUID: be7845eb62257564492a5c3ba1d0d181 - Path: Packages/com.unity.shadergraph/Editor/Data/Nodes/Utility/Logic/BranchOnInputConnection.cs - Importer: ScriptedImporter/UnityEditor.QuickSearchModule:UnityEditor.Search:ASIAI0B' with importer (ScriptedImporter : UnityEditor.QuickSearchModule:UnityEditor.Search:ASIAI0B)
Imported 'GUID: be7845eb62257564492a5c3ba1d0d181' -> (Import Result ID: 'ea72966af669fbd4ca61d3571d3582c0') in 0.002 seconds [static and dynamic dependencies]. Details - ImportResultOutputID=a601edd2be3369f4d1bbe288ddd98320 DependenciesID=a0ebf899606a5fc20c2f00553161030c StaticDependenciesID=e12607d22044a4db0454b42d457f9fe0 
Number of updated asset objects reloaded before import = 0
Number of asset objects unloaded after import = 0
========================================================================
Received Import Request.
  Time of request: 2026-08-05T18:44:50.9488102Z
  Time since last request: 0.0002911 seconds.
  importAddress: GUID: 87c2af44d69c0194687e11c33c85f6c2 - Path: Packages/com.unity.shadergraph/Editor/Generation/Targets/BuiltIn/ShaderLibrary/Shadows.hlsl - Importer: ScriptedImporter/UnityEditor.QuickSearchModule:UnityEditor.Search:ASIAI0B
Importing 'GUID: 87c2af44d69c0194687e11c33c85f6c2 - Path: Packages/com.unity.shadergraph/Editor/Generation/Targets/BuiltIn/ShaderLibrary/Shadows.hlsl - Importer: ScriptedImporter/UnityEditor.QuickSearchModule:UnityEditor.Search:ASIAI0B' with importer (ScriptedImporter : UnityEditor.QuickSearchModule:UnityEditor.Search:ASIAI0B)
Imported 'GUID: 87c2af44d69c0194687e11c33c85f6c2' -> (Import Result ID: 'fa87fcaa0dbd1c679ed19f322a9da1e6') in 0.008 seconds [static and dynamic dependencies]. Details - ImportResultOutputID=577b5cc3a79bd9c9d38c9233f9e187c4 DependenciesID=c6aba6e5e18f72a29ab1d4d21f6a2911 StaticDependenciesID=0ba43290f79f4f75fb25f42b7c1e1052 
Number of updated asset objects reloaded before import = 0
Number of asset objects unloaded after import = 1
========================================================================
Received Import Request.
  Time of request: 2026-08-05T18:44:50.9665511Z
  Time since last request: 0.0003054 seconds.
  importAddress: GUID: 114d56cbf65e5a94ca8aaf64e35d43a9 - Path: Packages/com.unity.shadergraph/Editor/Generation/Targets/BuiltIn/ShaderLibrary/SurfaceInput.hlsl - Importer: ScriptedImporter/UnityEditor.QuickSearchModule:UnityEditor.Search:ASIAI0B
Importing 'GUID: 114d56cbf65e5a94ca8aaf64e35d43a9 - Path: Packages/com.unity.shadergraph/Editor/Generation/Targets/BuiltIn/ShaderLibrary/SurfaceInput.hlsl - Importer: ScriptedImporter/UnityEditor.QuickSearchModule:UnityEditor.Search:ASIAI0B' with importer (ScriptedImporter : UnityEditor.QuickSearchModule:UnityEditor.Search:ASIAI0B)
Imported 'GUID: 114d56cbf65e5a94ca8aaf64e35d43a9' -> (Import Result ID: 'e465dad620ec172d26a482b9f2563e2c') in 0.007 seconds [static and dynamic dependencies]. Details - ImportResultOutputID=0aef0a126b671a57ba9e32827db66924 DependenciesID=24f0200deb945363d15fa8dc0ce331df StaticDependenciesID=e20636d47602bedd26ad5423e48b1012 
Number of updated asset objects reloaded before import = 0
Number of asset objects unloaded after import = 1
========================================================================
Received Import Request.
  Time of request: 2026-08-05T18:44:50.9805048Z
  Time since last request: 0.0002243 seconds.
  importAddress: GUID: 77f0b7eb337d453f907ab78780c7372e - Path: Packages/com.unity.shadergraph/Editor/Generation/Targets/Canvas/AssetCallbacks/CreateCanvasShadergraph.cs - Importer: ScriptedImporter/UnityEditor.QuickSearchModule:UnityEditor.Search:ASIAI0B
Importing 'GUID: 77f0b7eb337d453f907ab78780c7372e - Path: Packages/com.unity.shadergraph/Editor/Generation/Targets/Canvas/AssetCallbacks/CreateCanvasShadergraph.cs - Importer: ScriptedImporter/UnityEditor.QuickSearchModule:UnityEditor.Search:ASIAI0B' with importer (ScriptedImporter : UnityEditor.QuickSearchModule:UnityEditor.Search:ASIAI0B)
Imported 'GUID: 77f0b7eb337d453f907ab78780c7372e' -> (Import Result ID: '300e62fdc14860b79818951300db9d91') in 0.002 seconds [static and dynamic dependencies]. Details - ImportResultOutputID=e59014072bed2bc2a59e911b8f7f9826 DependenciesID=37e4a0c7c84a9e585b6a849622466063 StaticDependenciesID=854d6a055018109ab77c91adf57949b5 
Number of updated asset objects reloaded before import = 0
Number of asset objects unloaded after import = 0
========================================================================
Received Import Request.
  Time of request: 2026-08-05T18:44:51.0077233Z
  Time since last request: 0.0174526 seconds.
  importAddress: GUID: 16201fed0715efa48a8908fedb361bf0 - Path: Packages/com.unity.shadergraph/Editor/Generation/Targets/Fullscreen/Templates/SharedCode.template.hlsl - Importer: ScriptedImporter/UnityEditor.QuickSearchModule:UnityEditor.Search:ASIAI0B
Importing 'GUID: 16201fed0715efa48a8908fedb361bf0 - Path: Packages/com.unity.shadergraph/Editor/Generation/Targets/Fullscreen/Templates/SharedCode.template.hlsl - Importer: ScriptedImporter/UnityEditor.QuickSearchModule:UnityEditor.Search:ASIAI0B' with importer (ScriptedImporter : UnityEditor.QuickSearchModule:UnityEditor.Search:ASIAI0B)
Imported 'GUID: 16201fed0715efa48a8908fedb361bf0' -> (Import Result ID: '12c65c0d6fb8766c3b17fbb8ce81c16e') in 0.009 seconds [static and dynamic dependencies]. Details - ImportResultOutputID=d711e7344aae80f833d43d150a2f5bda DependenciesID=92e564ebfe00c0319df95c5f8228067c StaticDependenciesID=7384a427ad106ca4496228970eaae910 
Number of updated asset objects reloaded before import = 0
Number of asset objects unloaded after import = 1
========================================================================
Received Import Request.
  Time of request: 2026-08-05T18:44:51.0458318Z
  Time since last request: 0.022749 seconds.
  importAddress: GUID: 1b9beb1a3480dfc43b16ca024c921089 - Path: Packages/com.unity.shadergraph/Editor/Generation/Targets/BuiltIn/Editor/AssetPostProcessors/MaterialPostprocessor.cs - Importer: ScriptedImporter/UnityEditor.QuickSearchModule:UnityEditor.Search:ASIAI0B
Importing 'GUID: 1b9beb1a3480dfc43b16ca024c921089 - Path: Packages/com.unity.shadergraph/Editor/Generation/Targets/BuiltIn/Editor/AssetPostProcessors/MaterialPostprocessor.cs - Importer: ScriptedImporter/UnityEditor.QuickSearchModule:UnityEditor.Search:ASIAI0B' with importer (ScriptedImporter : UnityEditor.QuickSearchModule:UnityEditor.Search:ASIAI0B)
Imported 'GUID: 1b9beb1a3480dfc43b16ca024c921089' -> (Import Result ID: 'ef0e7d23cc3252eab9acb26bdd018e6d') in 0.003 seconds [static and dynamic dependencies]. Details - ImportResultOutputID=120a6fc64d9bbfd5160a4bae5ae6f5f9 DependenciesID=aa633922296945c1bb3f4d15a42d001e StaticDependenciesID=cb3728da885277aeebe59d291917bde7 
Number of updated asset objects reloaded before import = 0
Number of asset objects unloaded after import = 0
========================================================================
Received Import Request.
  Time of request: 2026-08-05T18:44:51.0622117Z
  Time since last request: 0.0072002 seconds.
  importAddress: GUID: 3ed09dfc4bb69694ca13ae03dbab44df - Path: Packages/com.unity.shadergraph/Editor/Generation/Targets/BuiltIn/Editor/ShaderGraph/Includes/PBRGBufferPass.hlsl - Importer: ScriptedImporter/UnityEditor.QuickSearchModule:UnityEditor.Search:ASIAI0B
Importing 'GUID: 3ed09dfc4bb69694ca13ae03dbab44df - Path: Packages/com.unity.shadergraph/Editor/Generation/Targets/BuiltIn/Editor/ShaderGraph/Includes/PBRGBufferPass.hlsl - Importer: ScriptedImporter/UnityEditor.QuickSearchModule:UnityEditor.Search:ASIAI0B' with importer (ScriptedImporter : UnityEditor.QuickSearchModule:UnityEditor.Search:ASIAI0B)
Imported 'GUID: 3ed09dfc4bb69694ca13ae03dbab44df' -> (Import Result ID: '2c2f569f594c514e7b4a6fe61cbed11c') in 0.010 seconds [static and dynamic dependencies]. Details - ImportResultOutputID=15bf3878b0efd583692b6cbce8022ef3 DependenciesID=df445b53ed2bfedb110efff381b25241 StaticDependenciesID=90c14a9964689a22386049c5f1ddc7a5 
Number of updated asset objects reloaded before import = 0
Number of asset objects unloaded after import = 1
========================================================================
Received Import Request.
  Time of request: 2026-08-05T18:44:51.0786154Z
  Time since last request: 0.0002588 seconds.
  importAddress: GUID: ea3ec41b33345cd4f9298a51abdaa198 - Path: Packages/com.unity.ide.rider/Rider/Editor/JetBrains.Rider.PathLocator.dll - Importer: ScriptedImporter/UnityEditor.QuickSearchModule:UnityEditor.Search:ASIAI0B
Importing 'GUID: ea3ec41b33345cd4f9298a51abdaa198 - Path: Packages/com.unity.ide.rider/Rider/Editor/JetBrains.Rider.PathLocator.dll - Importer: ScriptedImporter/UnityEditor.QuickSearchModule:UnityEditor.Search:ASIAI0B' with importer (ScriptedImporter : UnityEditor.QuickSearchModule:UnityEditor.Search:ASIAI0B)
Imported 'GUID: ea3ec41b33345cd4f9298a51abdaa198' -> (Import Result ID: 'bd0f6e71b69334926e6e147fc911306f') in 0.003 seconds [static and dynamic dependencies]. Details - ImportResultOutputID=43ac7f54dd09175d70762a0c66f7061f DependenciesID=a3bf9a1990659e32b8a96f2aa76f6234 StaticDependenciesID=f5ba20ed50bee1174b6c2667162db566 
Number of updated asset objects reloaded before import = 0
Number of asset objects unloaded after import = 0
========================================================================
Received Import Request.
  Time of request: 2026-08-05T18:44:51.0884749Z
  Time since last request: 0.000296 seconds.
  importAddress: GUID: 8645aa9c3c74fb34ba9499e14fb332b5 - Path: Packages/com.unity.ide.rider/CHANGELOG.md - Importer: ScriptedImporter/UnityEditor.QuickSearchModule:UnityEditor.Search:ASIAI0B
Importing 'GUID: 8645aa9c3c74fb34ba9499e14fb332b5 - Path: Packages/com.unity.ide.rider/CHANGELOG.md - Importer: ScriptedImporter/UnityEditor.QuickSearchModule:UnityEditor.Search:ASIAI0B' with importer (ScriptedImporter : UnityEditor.QuickSearchModule:UnityEditor.Search:ASIAI0B)
Imported 'GUID: 8645aa9c3c74fb34ba9499e14fb332b5' -> (Import Result ID: '12135e937120cf4fae03b7a4e3f8449a') in 0.008 seconds [static and dynamic dependencies]. Details - ImportResultOutputID=5ec0764617ffc8b3e25b8025b8460989 DependenciesID=0f73bb683683559d7d74a5717f92b69f StaticDependenciesID=e75f35166c4e746a5f3a02b74bae7434 
Number of updated asset objects reloaded before import = 0
Number of asset objects unloaded after import = 1
========================================================================
Received Import Request.
  Time of request: 2026-08-05T18:44:51.1041327Z
  Time since last request: 0.000218 seconds.
  importAddress: GUID: 0807df336df54b879e1b97aa9306c0da - Path: Packages/com.unity.shadergraph/Editor/Generation/Targets/BuiltIn/ShaderLibrary/Shim/UIShim.hlsl - Importer: ScriptedImporter/UnityEditor.QuickSearchModule:UnityEditor.Search:ASIAI0B
Importing 'GUID: 0807df336df54b879e1b97aa9306c0da - Path: Packages/com.unity.shadergraph/Editor/Generation/Targets/BuiltIn/ShaderLibrary/Shim/UIShim.hlsl - Importer: ScriptedImporter/UnityEditor.QuickSearchModule:UnityEditor.Search:ASIAI0B' with importer (ScriptedImporter : UnityEditor.QuickSearchModule:UnityEditor.Search:ASIAI0B)
Imported 'GUID: 0807df336df54b879e1b97aa9306c0da' -> (Import Result ID: '1497f885c3218e3b588e373a632b5998') in 0.007 seconds [static and dynamic dependencies]. Details - ImportResultOutputID=d48f50983ab01c521bac72644294fac2 DependenciesID=0b9d788c2b657b2bad3527c39c109dc5 StaticDependenciesID=0d7ffd0a836370583a7a4f309a4a3252 
Number of updated asset objects reloaded before import = 0
Number of asset objects unloaded after import = 1
========================================================================
Received Import Request.
  Time of request: 2026-08-05T18:44:51.1188603Z
  Time since last request: 0.0002088 seconds.
  importAddress: GUID: 8c2d5b55aa47443878a55a05f4294270 - Path: Packages/com.unity.shadergraph/Editor/Generation/Targets/BuiltIn/Editor/ShaderGraph/Targets/BuiltInLitSubTarget.cs - Importer: ScriptedImporter/UnityEditor.QuickSearchModule:UnityEditor.Search:ASIAI0B
Importing 'GUID: 8c2d5b55aa47443878a55a05f4294270 - Path: Packages/com.unity.shadergraph/Editor/Generation/Targets/BuiltIn/Editor/ShaderGraph/Targets/BuiltInLitSubTarget.cs - Importer: ScriptedImporter/UnityEditor.QuickSearchModule:UnityEditor.Search:ASIAI0B' with importer (ScriptedImporter : UnityEditor.QuickSearchModule:UnityEditor.Search:ASIAI0B)
Imported 'GUID: 8c2d5b55aa47443878a55a05f4294270' -> (Import Result ID: '77d221b5f23d2e30c07d05788162c594') in 0.002 seconds [static and dynamic dependencies]. Details - ImportResultOutputID=0ba3ea589a731b0941eced5848fcdbe4 DependenciesID=b28ab66dc2aca64fe59cb14cbc8b398b StaticDependenciesID=6fceafc006ab876a76403e613f60a9eb 
Number of updated asset objects reloaded before import = 0
Number of asset objects unloaded after import = 0
========================================================================
Received Import Request.
  Time of request: 2026-08-05T18:44:51.1293991Z
  Time since last request: 0.0002807 seconds.
  importAddress: GUID: bc3a27147f944790916176e2172ad506 - Path: Packages/com.unity.ide.rider/Rider/Editor/RiderScriptEditorDataPersisted.cs - Importer: ScriptedImporter/UnityEditor.QuickSearchModule:UnityEditor.Search:ASIAI0B
Importing 'GUID: bc3a27147f944790916176e2172ad506 - Path: Packages/com.unity.ide.rider/Rider/Editor/RiderScriptEditorDataPersisted.cs - Importer: ScriptedImporter/UnityEditor.QuickSearchModule:UnityEditor.Search:ASIAI0B' with importer (ScriptedImporter : UnityEditor.QuickSearchModule:UnityEditor.Search:ASIAI0B)
Imported 'GUID: bc3a27147f944790916176e2172ad506' -> (Import Result ID: '3c05f5790d52d6d65d56f2777d1a041e') in 0.002 seconds [static and dynamic dependencies]. Details - ImportResultOutputID=c98acfe2a6880d8c161c405be4d76b05 DependenciesID=37fb504ce3353690a48a6391100ff3d9 StaticDependenciesID=767acf4c661662b01c4dc841cef5454f 
Number of updated asset objects reloaded before import = 0
Number of asset objects unloaded after import = 0
========================================================================
Received Import Request.
  Time of request: 2026-08-05T18:44:51.1383603Z
  Time since last request: 0.000238 seconds.
  importAddress: GUID: 5461cde96a0881146aed77bccd1c72ec - Path: Packages/com.unity.shadergraph/Editor/Generation/Targets/BuiltIn/Editor/ShaderGraph/Includes/LegacySurfaceVertex.hlsl - Importer: ScriptedImporter/UnityEditor.QuickSearchModule:UnityEditor.Search:ASIAI0B
Importing 'GUID: 5461cde96a0881146aed77bccd1c72ec - Path: Packages/com.unity.shadergraph/Editor/Generation/Targets/BuiltIn/Editor/ShaderGraph/Includes/LegacySurfaceVertex.hlsl - Importer: ScriptedImporter/UnityEditor.QuickSearchModule:UnityEditor.Search:ASIAI0B' with importer (ScriptedImporter : UnityEditor.QuickSearchModule:UnityEditor.Search:ASIAI0B)
Imported 'GUID: 5461cde96a0881146aed77bccd1c72ec' -> (Import Result ID: 'e7b2c0e74ea7414cb2697759960cb66f') in 0.007 seconds [static and dynamic dependencies]. Details - ImportResultOutputID=7391e539e07fb75d85d27e6286945356 DependenciesID=e7bfc6c998e33869e7c21f0b79f9de69 StaticDependenciesID=ccb1d8de1438db33eae57dae4acb921a 
Number of updated asset objects reloaded before import = 0
Number of asset objects unloaded after import = 1
========================================================================
Received Import Request.
  Time of request: 2026-08-05T18:44:51.1638331Z
  Time since last request: 0.0117486 seconds.
  importAddress: GUID: 3e4e7fdc19414089a0fb43e43b1bdae1 - Path: Packages/com.unity.ide.rider/Rider/Editor/ProjectGeneration/SolutionGuidGenerator.cs - Importer: ScriptedImporter/UnityEditor.QuickSearchModule:UnityEditor.Search:ASIAI0B
Importing 'GUID: 3e4e7fdc19414089a0fb43e43b1bdae1 - Path: Packages/com.unity.ide.rider/Rider/Editor/ProjectGeneration/SolutionGuidGenerator.cs - Importer: ScriptedImporter/UnityEditor.QuickSearchModule:UnityEditor.Search:ASIAI0B' with importer (ScriptedImporter : UnityEditor.QuickSearchModule:UnityEditor.Search:ASIAI0B)
Imported 'GUID: 3e4e7fdc19414089a0fb43e43b1bdae1' -> (Import Result ID: '2979ec8de1e273320c73457f7274b9df') in 0.002 seconds [static and dynamic dependencies]. Details - ImportResultOutputID=e350df08ae8a5bea42c4050aa1d12a90 DependenciesID=575b288a82ed482354a58fd301d837eb StaticDependenciesID=ef6eb48dbfd7fbfe4660cc1801303549 
Number of updated asset objects reloaded before import = 0
Number of asset objects unloaded after import = 0
========================================================================
Received Import Request.
  Time of request: 2026-08-05T18:44:51.1736065Z
  Time since last request: 0.0005491 seconds.
  importAddress: GUID: 48483563a64de3a4e8690122762055f1 - Path: Packages/com.unity.ide.rider/Rider/Editor/UnitTesting/SyncTestRunEventsHandler.cs - Importer: ScriptedImporter/UnityEditor.QuickSearchModule:UnityEditor.Search:ASIAI0B
Importing 'GUID: 48483563a64de3a4e8690122762055f1 - Path: Packages/com.unity.ide.rider/Rider/Editor/UnitTesting/SyncTestRunEventsHandler.cs - Importer: ScriptedImporter/UnityEditor.QuickSearchModule:UnityEditor.Search:ASIAI0B' with importer (ScriptedImporter : UnityEditor.QuickSearchModule:UnityEditor.Search:ASIAI0B)
Imported 'GUID: 48483563a64de3a4e8690122762055f1' -> (Import Result ID: 'c90292b14eb38a706a8000c81aee9185') in 0.003 seconds [static and dynamic dependencies]. Details - ImportResultOutputID=d3d2bf8cd658a69918ac632c44d41536 DependenciesID=19ed4f5947d62714594d9b7c8358ab1b StaticDependenciesID=999962ae01ef516ebe2d6b4c47a66364 
Number of updated asset objects reloaded before import = 0
Number of asset objects unloaded after import = 0
========================================================================
Received Import Request.
  Time of request: 2026-08-05T18:44:51.1860339Z
  Time since last request: 0.0002028 seconds.
  importAddress: GUID: aa1c6b1a353ab464782fc1e7c051eb02 - Path: Packages/com.unity.ide.rider/Rider/Editor/UnitTesting/CallbackInitializer.cs - Importer: ScriptedImporter/UnityEditor.QuickSearchModule:UnityEditor.Search:ASIAI0B
Importing 'GUID: aa1c6b1a353ab464782fc1e7c051eb02 - Path: Packages/com.unity.ide.rider/Rider/Editor/UnitTesting/CallbackInitializer.cs - Importer: ScriptedImporter/UnityEditor.QuickSearchModule:UnityEditor.Search:ASIAI0B' with importer (ScriptedImporter : UnityEditor.QuickSearchModule:UnityEditor.Search:ASIAI0B)
Imported 'GUID: aa1c6b1a353ab464782fc1e7c051eb02' -> (Import Result ID: '34960c526c68e35fc94149b82678c75b') in 0.003 seconds [static and dynamic dependencies]. Details - ImportResultOutputID=e6b80544634da01a5f2873bffccb7b7b DependenciesID=79d7d60a9069d7a8df6f9fcaed544d53 StaticDependenciesID=8d0e3b21affe99e5ec9610b7458f6005 
Number of updated asset objects reloaded before import = 0
Number of asset objects unloaded after import = 0
========================================================================
Received Import Request.
  Time of request: 2026-08-05T18:44:51.1953457Z
  Time since last request: 0.0002268 seconds.
  importAddress: GUID: dc4f14b5fb9db4e99a705e5f81c13cf5 - Path: Packages/com.unity.render-pipelines.universal/Editor/LightExplorer.cs - Importer: ScriptedImporter/UnityEditor.QuickSearchModule:UnityEditor.Search:ASIAI0B
Importing 'GUID: dc4f14b5fb9db4e99a705e5f81c13cf5 - Path: Packages/com.unity.render-pipelines.universal/Editor/LightExplorer.cs - Importer: ScriptedImporter/UnityEditor.QuickSearchModule:UnityEditor.Search:ASIAI0B' with importer (ScriptedImporter : UnityEditor.QuickSearchModule:UnityEditor.Search:ASIAI0B)
Imported 'GUID: dc4f14b5fb9db4e99a705e5f81c13cf5' -> (Import Result ID: 'a9ad876314f11ecd4ecb80e9bfb6b6be') in 0.002 seconds [static and dynamic dependencies]. Details - ImportResultOutputID=cb354282e3294c2b308f40aebfbd2b9f DependenciesID=4b6991027c78772b9cf8d06179578399 StaticDependenciesID=90c2325b8bc471c4bbbc60d62fd4d6a0 
Number of updated asset objects reloaded before import = 0
Number of asset objects unloaded after import = 0
========================================================================
Received Import Request.
  Time of request: 2026-08-05T18:44:51.2062225Z
  Time since last request: 0.0002954 seconds.
  importAddress: GUID: 43674d438e19b89d7fe6af07234f3252 - Path: Packages/com.unity.modules.accessibility/package.json - Importer: ScriptedImporter/UnityEditor.QuickSearchModule:UnityEditor.Search:ASIAI0B
Importing 'GUID: 43674d438e19b89d7fe6af07234f3252 - Path: Packages/com.unity.modules.accessibility/package.json - Importer: ScriptedImporter/UnityEditor.QuickSearchModule:UnityEditor.Search:ASIAI0B' with importer (ScriptedImporter : UnityEditor.QuickSearchModule:UnityEditor.Search:ASIAI0B)
Imported 'GUID: 43674d438e19b89d7fe6af07234f3252' -> (Import Result ID: '118e169cb0ff0b507140ec0d8144bdfa') in 0.009 seconds [static and dynamic dependencies]. Details - ImportResultOutputID=4670adb74a8ca054b4527b518b2b40b5 DependenciesID=4af16782cffdaab45669d9f678cf96dd StaticDependenciesID=037655a9c50dc1bb97a2cc078a92fcf1 
Number of updated asset objects reloaded before import = 0
Number of asset objects unloaded after import = 1
========================================================================
Received Import Request.
  Time of request: 2026-08-05T18:44:51.2224969Z
  Time since last request: 0.0003073 seconds.
  importAddress: GUID: f9413c47b3a14a64e8810ce76d1a6032 - Path: Packages/com.unity.ide.rider/Rider/Editor/UnitTesting/TestEvent.cs - Importer: ScriptedImporter/UnityEditor.QuickSearchModule:UnityEditor.Search:ASIAI0B
Importing 'GUID: f9413c47b3a14a64e8810ce76d1a6032 - Path: Packages/com.unity.ide.rider/Rider/Editor/UnitTesting/TestEvent.cs - Importer: ScriptedImporter/UnityEditor.QuickSearchModule:UnityEditor.Search:ASIAI0B' with importer (ScriptedImporter : UnityEditor.QuickSearchModule:UnityEditor.Search:ASIAI0B)
Imported 'GUID: f9413c47b3a14a64e8810ce76d1a6032' -> (Import Result ID: '73be9e0cd2bdda946a2bdc7d4fb0c170') in 0.002 seconds [static and dynamic dependencies]. Details - ImportResultOutputID=c8ef4d2e80f3de70c72400909d529eb7 DependenciesID=d3e4dc78df118d0fc7d201c8cd7ecac8 StaticDependenciesID=e1c398e9d7aac2156c15afa9d861b7bc 
Number of updated asset objects reloaded before import = 0
Number of asset objects unloaded after import = 0
========================================================================
Received Import Request.
  Time of request: 2026-08-05T18:44:51.232701Z
  Time since last request: 0.0002448 seconds.
  importAddress: GUID: 8a8d9e4408d3f1247884b71451a0abcf - Path: Packages/com.unity.render-pipelines.universal-config/LICENSE.md - Importer: ScriptedImporter/UnityEditor.QuickSearchModule:UnityEditor.Search:ASIAI0B
Importing 'GUID: 8a8d9e4408d3f1247884b71451a0abcf - Path: Packages/com.unity.render-pipelines.universal-config/LICENSE.md - Importer: ScriptedImporter/UnityEditor.QuickSearchModule:UnityEditor.Search:ASIAI0B' with importer (ScriptedImporter : UnityEditor.QuickSearchModule:UnityEditor.Search:ASIAI0B)
Imported 'GUID: 8a8d9e4408d3f1247884b71451a0abcf' -> (Import Result ID: '4da385fd53431722149f725ccac296a5') in 0.008 seconds [static and dynamic dependencies]. Details - ImportResultOutputID=dbf6e998eed5aa82b3ebdaeb61ad51af DependenciesID=593cb0af60e94f9fd6601ec7f8818437 StaticDependenciesID=5438e142a1a65dd90485ec9e2fec98f6 
Number of updated asset objects reloaded before import = 0
Number of asset objects unloaded after import = 1
========================================================================
Received Import Request.
  Time of request: 2026-08-05T18:44:51.2478789Z
  Time since last request: 0.0002609 seconds.
  importAddress: GUID: 326a8d75f68804067b40c83168c19c62 - Path: Assets/Art/Cards/kenney_playing-cards-pack-2/PNG/Cards (large)/card_clubs_02.png - Importer: PreviewImporter
Importing 'GUID: 326a8d75f68804067b40c83168c19c62 - Path: Assets/Art/Cards/kenney_playing-cards-pack-2/PNG/Cards (large)/card_clubs_02.png - Importer: PreviewImporter' with importer (PreviewImporter)
Imported 'GUID: 326a8d75f68804067b40c83168c19c62' -> (Import Result ID: 'ba29cbadde69c80b2b3bc1c8521fa19e') in 0.075 seconds [static and dynamic dependencies]. Details - ImportResultOutputID=44fd7eccf670e603326c1806baa280ca DependenciesID=aef147f2b58c955becd9af703277caac StaticDependenciesID=225d7597464f05b7b6b8eafadc594cb1 
Number of updated asset objects reloaded before import = 0
Number of asset objects unloaded after import = 3
========================================================================
Received Import Request.
  Time of request: 2026-08-05T18:44:51.3313672Z
  Time since last request: 0.0000193 seconds.
  importAddress: GUID: e325eaafb90d419598a94581ba3335a4 - Path: Packages/com.unity.render-pipelines.universal/ShaderLibrary/BRDF.hlsl - Importer: ScriptedImporter/UnityEditor.QuickSearchModule:UnityEditor.Search:ASIAI0B
Importing 'GUID: e325eaafb90d419598a94581ba3335a4 - Path: Packages/com.unity.render-pipelines.universal/ShaderLibrary/BRDF.hlsl - Importer: ScriptedImporter/UnityEditor.QuickSearchModule:UnityEditor.Search:ASIAI0B' with importer (ScriptedImporter : UnityEditor.QuickSearchModule:UnityEditor.Search:ASIAI0B)
Imported 'GUID: e325eaafb90d419598a94581ba3335a4' -> (Import Result ID: '64d015051cabec2916d0cbb710acdd11') in 0.009 seconds [static and dynamic dependencies]. Details - ImportResultOutputID=1e5ede0fa376a78f78c238aaa3378a10 DependenciesID=3a1c22342c19f17740260afe25fb4ca0 StaticDependenciesID=97dd581e35b50afae02fd81028ed846d 
Number of updated asset objects reloaded before import = 0
Number of asset objects unloaded after import = 1
========================================================================
Received Import Request.
  Time of request: 2026-08-05T18:44:51.3487817Z
  Time since last request: 0.0002516 seconds.
  importAddress: GUID: 650505b0a35f6314a8a49c1f2fccaeaa - Path: Packages/com.unity.render-pipelines.universal/Runtime/StencilUsage.cs - Importer: ScriptedImporter/UnityEditor.QuickSearchModule:UnityEditor.Search:ASIAI0B
Importing 'GUID: 650505b0a35f6314a8a49c1f2fccaeaa - Path: Packages/com.unity.render-pipelines.universal/Runtime/StencilUsage.cs - Importer: ScriptedImporter/UnityEditor.QuickSearchModule:UnityEditor.Search:ASIAI0B' with importer (ScriptedImporter : UnityEditor.QuickSearchModule:UnityEditor.Search:ASIAI0B)
Imported 'GUID: 650505b0a35f6314a8a49c1f2fccaeaa' -> (Import Result ID: '7072102ddb1d1e977c3ed62740e1c743') in 0.002 seconds [static and dynamic dependencies]. Details - ImportResultOutputID=0a89284601eda0284a6cc16aec13c340 DependenciesID=ef0a697b76ad0e9670fd2347163c4fbb StaticDependenciesID=043a03659428626947346ee3837806fb 
Number of updated asset objects reloaded before import = 0
Number of asset objects unloaded after import = 0
========================================================================
Received Import Request.
  Time of request: 2026-08-05T18:44:51.3598864Z
  Time since last request: 0.0003294 seconds.
  importAddress: GUID: d7a47b64c248a9448845c28f15c6ca10 - Path: Packages/com.unity.render-pipelines.universal/Runtime/RenderTargetHandle.cs - Importer: ScriptedImporter/UnityEditor.QuickSearchModule:UnityEditor.Search:ASIAI0B
Importing 'GUID: d7a47b64c248a9448845c28f15c6ca10 - Path: Packages/com.unity.render-pipelines.universal/Runtime/RenderTargetHandle.cs - Importer: ScriptedImporter/UnityEditor.QuickSearchModule:UnityEditor.Search:ASIAI0B' with importer (ScriptedImporter : UnityEditor.QuickSearchModule:UnityEditor.Search:ASIAI0B)
Imported 'GUID: d7a47b64c248a9448845c28f15c6ca10' -> (Import Result ID: '4d7c1c8d3271cfdf3cad0bc7b7ecd1ac') in 0.002 seconds [static and dynamic dependencies]. Details - ImportResultOutputID=50b3177da84ea01ced8bda4817383f68 DependenciesID=87b5964a75498159c89a0d19e533b71e StaticDependenciesID=3138d4f22dd2f3ca36103afade675c2b 
Number of updated asset objects reloaded before import = 0
Number of asset objects unloaded after import = 0
========================================================================
Received Import Request.
  Time of request: 2026-08-05T18:44:51.3883961Z
  Time since last request: 0.0197268 seconds.
  importAddress: GUID: a20568904d9c412459181938be987e12 - Path: Packages/com.unity.render-pipelines.universal/ShaderLibrary/MotionVectorsCommon.hlsl - Importer: ScriptedImporter/UnityEditor.QuickSearchModule:UnityEditor.Search:ASIAI0B
Importing 'GUID: a20568904d9c412459181938be987e12 - Path: Packages/com.unity.render-pipelines.universal/ShaderLibrary/MotionVectorsCommon.hlsl - Importer: ScriptedImporter/UnityEditor.QuickSearchModule:UnityEditor.Search:ASIAI0B' with importer (ScriptedImporter : UnityEditor.QuickSearchModule:UnityEditor.Search:ASIAI0B)
Imported 'GUID: a20568904d9c412459181938be987e12' -> (Import Result ID: 'df008b8d3e54a5f2ab71a2364539ef62') in 0.008 seconds [static and dynamic dependencies]. Details - ImportResultOutputID=47bf03d3166ec5e050a2aa1a4d88f827 DependenciesID=3462108ee8f589a498790b18af253087 StaticDependenciesID=fc50ad33c7082e7b1b4cdd017786cc90 
Number of updated asset objects reloaded before import = 0
Number of asset objects unloaded after import = 1
========================================================================
Received Import Request.
  Time of request: 2026-08-05T18:44:51.4031223Z
  Time since last request: 0.0004172 seconds.
  importAddress: GUID: 2b30f99b47dd40adaf41fd8e6573daa4 - Path: Packages/com.unity.render-pipelines.universal/ShaderLibrary/GBufferInput.hlsl - Importer: ScriptedImporter/UnityEditor.QuickSearchModule:UnityEditor.Search:ASIAI0B
Importing 'GUID: 2b30f99b47dd40adaf41fd8e6573daa4 - Path: Packages/com.unity.render-pipelines.universal/ShaderLibrary/GBufferInput.hlsl - Importer: ScriptedImporter/UnityEditor.QuickSearchModule:UnityEditor.Search:ASIAI0B' with importer (ScriptedImporter : UnityEditor.QuickSearchModule:UnityEditor.Search:ASIAI0B)
Imported 'GUID: 2b30f99b47dd40adaf41fd8e6573daa4' -> (Import Result ID: '880bedd3cd0a40efaa9eaf5f7865f67d') in 0.008 seconds [static and dynamic dependencies]. Details - ImportResultOutputID=0276ead26df413654c01c594d2d78814 DependenciesID=61190fb5db702b5a5a4d6de26dc54c38 StaticDependenciesID=ff479637841bd9355630cbaaf8ba8b71 
Number of updated asset objects reloaded before import = 0
Number of asset objects unloaded after import = 1
========================================================================
Received Import Request.
  Time of request: 2026-08-05T18:44:51.41951Z
  Time since last request: 0.0002028 seconds.
  importAddress: GUID: f82f912becb8b444f8f6c886f823bea6 - Path: Packages/com.unity.render-pipelines.universal/ShaderLibrary/ShaderTypes.cs - Importer: ScriptedImporter/UnityEditor.QuickSearchModule:UnityEditor.Search:ASIAI0B
Importing 'GUID: f82f912becb8b444f8f6c886f823bea6 - Path: Packages/com.unity.render-pipelines.universal/ShaderLibrary/ShaderTypes.cs - Importer: ScriptedImporter/UnityEditor.QuickSearchModule:UnityEditor.Search:ASIAI0B' with importer (ScriptedImporter : UnityEditor.QuickSearchModule:UnityEditor.Search:ASIAI0B)
Imported 'GUID: f82f912becb8b444f8f6c886f823bea6' -> (Import Result ID: 'e4fca585eb6f28c9c8a5bc075dcd5f09') in 0.002 seconds [static and dynamic dependencies]. Details - ImportResultOutputID=d00d5d01180d457276f11cadcebeb5d7 DependenciesID=8320eaf84a0a2f3c0f85283dd3fdd416 StaticDependenciesID=b53796f0767224b72f79e6514188be5f 
Number of updated asset objects reloaded before import = 0
Number of asset objects unloaded after import = 0
========================================================================
Received Import Request.
  Time of request: 2026-08-05T18:44:51.4287484Z
  Time since last request: 0.0003437 seconds.
  importAddress: GUID: db51e39af1b3c01449a3e6b1ce782a48 - Path: Packages/com.unity.render-pipelines.universal/ShaderLibrary/GBufferOutput.hlsl - Importer: ScriptedImporter/UnityEditor.QuickSearchModule:UnityEditor.Search:ASIAI0B
Importing 'GUID: db51e39af1b3c01449a3e6b1ce782a48 - Path: Packages/com.unity.render-pipelines.universal/ShaderLibrary/GBufferOutput.hlsl - Importer: ScriptedImporter/UnityEditor.QuickSearchModule:UnityEditor.Search:ASIAI0B' with importer (ScriptedImporter : UnityEditor.QuickSearchModule:UnityEditor.Search:ASIAI0B)
Imported 'GUID: db51e39af1b3c01449a3e6b1ce782a48' -> (Import Result ID: '0b1cc44a929edfa6f294e82117e771c8') in 0.008 seconds [static and dynamic dependencies]. Details - ImportResultOutputID=70335c0637ed71ff5c6165198afc8deb DependenciesID=266964cb875f822f7855e08a1bdb4ae9 StaticDependenciesID=c78dd92b99398e2fc18896b167fdf867 
Number of updated asset objects reloaded before import = 0
Number of asset objects unloaded after import = 1
========================================================================
Received Import Request.
  Time of request: 2026-08-05T18:44:51.4442551Z
  Time since last request: 0.0003319 seconds.
  importAddress: GUID: 9adc879d74aec4400bbdce89ff664a05 - Path: Packages/com.unity.render-pipelines.universal/ShaderLibrary/ShaderGraphFunctions.hlsl - Importer: ScriptedImporter/UnityEditor.QuickSearchModule:UnityEditor.Search:ASIAI0B
Importing 'GUID: 9adc879d74aec4400bbdce89ff664a05 - Path: Packages/com.unity.render-pipelines.universal/ShaderLibrary/ShaderGraphFunctions.hlsl - Importer: ScriptedImporter/UnityEditor.QuickSearchModule:UnityEditor.Search:ASIAI0B' with importer (ScriptedImporter : UnityEditor.QuickSearchModule:UnityEditor.Search:ASIAI0B)
Imported 'GUID: 9adc879d74aec4400bbdce89ff664a05' -> (Import Result ID: 'b66720b7e02018c1d50eebc513558008') in 0.002 seconds [static and dynamic dependencies]. Details - ImportResultOutputID=63a2fb9573e45bddd3c216a96cebe4e8 DependenciesID=18537f35a8d6b2c248953aba38c30d51 StaticDependenciesID=b1fa4b819355c564393c451b03eba564 
Number of updated asset objects reloaded before import = 0
Number of asset objects unloaded after import = 1
========================================================================
Received Import Request.
  Time of request: 2026-08-05T18:44:51.4541492Z
  Time since last request: 0.0002195 seconds.
  importAddress: GUID: 463a8185744c2459f8e621f4e4eb74d3 - Path: Packages/com.unity.render-pipelines.universal/Shaders/BakedLitInput.hlsl - Importer: ScriptedImporter/UnityEditor.QuickSearchModule:UnityEditor.Search:ASIAI0B
Importing 'GUID: 463a8185744c2459f8e621f4e4eb74d3 - Path: Packages/com.unity.render-pipelines.universal/Shaders/BakedLitInput.hlsl - Importer: ScriptedImporter/UnityEditor.QuickSearchModule:UnityEditor.Search:ASIAI0B' with importer (ScriptedImporter : UnityEditor.QuickSearchModule:UnityEditor.Search:ASIAI0B)
Imported 'GUID: 463a8185744c2459f8e621f4e4eb74d3' -> (Import Result ID: '3463c7e71a0ffecbd67af01f686cb0a1') in 0.007 seconds [static and dynamic dependencies]. Details - ImportResultOutputID=095f6aa78b1a83990febdfa4fe93924e DependenciesID=8b220e83891159bb8072bedec2bbf572 StaticDependenciesID=25eccbf5d3054145edefe427512cb51e 
Number of updated asset objects reloaded before import = 0
Number of asset objects unloaded after import = 1
========================================================================
Received Import Request.
  Time of request: 2026-08-05T18:44:51.4677473Z
  Time since last request: 0.0002475 seconds.
  importAddress: GUID: 9604e389528d04ae39fe05a7b4212172 - Path: Packages/com.unity.render-pipelines.universal/Shaders/BakedLitDepthNormalsPass.hlsl - Importer: ScriptedImporter/UnityEditor.QuickSearchModule:UnityEditor.Search:ASIAI0B
Importing 'GUID: 9604e389528d04ae39fe05a7b4212172 - Path: Packages/com.unity.render-pipelines.universal/Shaders/BakedLitDepthNormalsPass.hlsl - Importer: ScriptedImporter/UnityEditor.QuickSearchModule:UnityEditor.Search:ASIAI0B' with importer (ScriptedImporter : UnityEditor.QuickSearchModule:UnityEditor.Search:ASIAI0B)
Imported 'GUID: 9604e389528d04ae39fe05a7b4212172' -> (Import Result ID: 'ad131f38767b114283285b518c9647ca') in 0.007 seconds [static and dynamic dependencies]. Details - ImportResultOutputID=633dea08e00a310afba799c19519c4c7 DependenciesID=16fdf90a6da49e8d400b7b43e14390f4 StaticDependenciesID=41f110de01e96c9da295f79c429d1fdf 
Number of updated asset objects reloaded before import = 0
Number of asset objects unloaded after import = 1
========================================================================
Received Import Request.
  Time of request: 2026-08-05T18:44:51.4817307Z
  Time since last request: 0.0002199 seconds.
  importAddress: GUID: 70003ec87ea6481a920369a377c1b623 - Path: Packages/com.unity.render-pipelines.universal/Shaders/BakedLitForwardPass.hlsl - Importer: ScriptedImporter/UnityEditor.QuickSearchModule:UnityEditor.Search:ASIAI0B
Importing 'GUID: 70003ec87ea6481a920369a377c1b623 - Path: Packages/com.unity.render-pipelines.universal/Shaders/BakedLitForwardPass.hlsl - Importer: ScriptedImporter/UnityEditor.QuickSearchModule:UnityEditor.Search:ASIAI0B' with importer (ScriptedImporter : UnityEditor.QuickSearchModule:UnityEditor.Search:ASIAI0B)
Imported 'GUID: 70003ec87ea6481a920369a377c1b623' -> (Import Result ID: '884a66abf56dce36c8e07c2d836d09ce') in 0.007 seconds [static and dynamic dependencies]. Details - ImportResultOutputID=6fda1edf74dd7d2c56a514339d8ddefb DependenciesID=923e151fcefc04c31af19e62e1579d45 StaticDependenciesID=e244785d814ad5192af3532fcd019592 
Number of updated asset objects reloaded before import = 0
Number of asset objects unloaded after import = 1
========================================================================
Received Import Request.
  Time of request: 2026-08-05T18:44:51.5048185Z
  Time since last request: 0.0078101 seconds.
  importAddress: GUID: c2fe41a21634ebe40a7786f6472b3cac - Path: Packages/com.unity.render-pipelines.universal/Editor/2D/Renderer2DDataEditor.cs - Importer: ScriptedImporter/UnityEditor.QuickSearchModule:UnityEditor.Search:ASIAI0B
Importing 'GUID: c2fe41a21634ebe40a7786f6472b3cac - Path: Packages/com.unity.render-pipelines.universal/Editor/2D/Renderer2DDataEditor.cs - Importer: ScriptedImporter/UnityEditor.QuickSearchModule:UnityEditor.Search:ASIAI0B' with importer (ScriptedImporter : UnityEditor.QuickSearchModule:UnityEditor.Search:ASIAI0B)
Imported 'GUID: c2fe41a21634ebe40a7786f6472b3cac' -> (Import Result ID: '1bab158e8cb2032514ac057956269d75') in 0.002 seconds [static and dynamic dependencies]. Details - ImportResultOutputID=c6b051347c54b63e88917e09e44ba0d9 DependenciesID=93d89a43df93bebe914f4ca7c4c69d3a StaticDependenciesID=cb002d1a12b8d1721353346cdcc7f68a 
Number of updated asset objects reloaded before import = 0
Number of asset objects unloaded after import = 0
========================================================================
Received Import Request.
  Time of request: 2026-08-05T18:44:51.514295Z
  Time since last request: 0.0004963 seconds.
  importAddress: GUID: 42eb65042d6a95942a0e667ce8fcd209 - Path: Packages/com.unity.render-pipelines.universal/Editor/AssetPostProcessors/SketchupMaterialDescriptionPostprocessor.cs - Importer: ScriptedImporter/UnityEditor.QuickSearchModule:UnityEditor.Search:ASIAI0B
Importing 'GUID: 42eb65042d6a95942a0e667ce8fcd209 - Path: Packages/com.unity.render-pipelines.universal/Editor/AssetPostProcessors/SketchupMaterialDescriptionPostprocessor.cs - Importer: ScriptedImporter/UnityEditor.QuickSearchModule:UnityEditor.Search:ASIAI0B' with importer (ScriptedImporter : UnityEditor.QuickSearchModule:UnityEditor.Search:ASIAI0B)
Imported 'GUID: 42eb65042d6a95942a0e667ce8fcd209' -> (Import Result ID: 'be110943b420ddc1dd3bfe93ddd87555') in 0.003 seconds [static and dynamic dependencies]. Details - ImportResultOutputID=890c627a44a8052b787ed92a6cf4917c DependenciesID=b182ef7ca46531dbde65ac94697b5fe4 StaticDependenciesID=a564e66280bc13b1369f0ba13de1dbe8 
Number of updated asset objects reloaded before import = 0
Number of asset objects unloaded after import = 0
========================================================================
Received Import Request.
  Time of request: 2026-08-05T18:44:51.5252193Z
  Time since last request: 0.0002174 seconds.
  importAddress: GUID: 1c4da76b9d8087f4f99ecdfc238a4d2e - Path: Packages/com.unity.render-pipelines.universal/Editor/BuildProcessors/URPBuildDataValidator.cs - Importer: ScriptedImporter/UnityEditor.QuickSearchModule:UnityEditor.Search:ASIAI0B
Importing 'GUID: 1c4da76b9d8087f4f99ecdfc238a4d2e - Path: Packages/com.unity.render-pipelines.universal/Editor/BuildProcessors/URPBuildDataValidator.cs - Importer: ScriptedImporter/UnityEditor.QuickSearchModule:UnityEditor.Search:ASIAI0B' with importer (ScriptedImporter : UnityEditor.QuickSearchModule:UnityEditor.Search:ASIAI0B)
Imported 'GUID: 1c4da76b9d8087f4f99ecdfc238a4d2e' -> (Import Result ID: 'd2e9a802220c10696dac92959915a6bd') in 0.004 seconds [static and dynamic dependencies]. Details - ImportResultOutputID=dc72371ae81c2119ff82cc25ddb424da DependenciesID=2ce98c62b49ae6135cba2d22b280f808 StaticDependenciesID=63d54d4d55685a537c46d5d0395485c7 
Number of updated asset objects reloaded before import = 0
Number of asset objects unloaded after import = 0
========================================================================
Received Import Request.
  Time of request: 2026-08-05T18:44:51.5359812Z
  Time since last request: 0.0002048 seconds.
  importAddress: GUID: 5a6bc694ac42d3343b113dd49606145c - Path: Packages/com.unity.render-pipelines.universal/Editor/Camera/UniversalRenderPipelineCameraUI.Output.Drawers.cs - Importer: ScriptedImporter/UnityEditor.QuickSearchModule:UnityEditor.Search:ASIAI0B
Importing 'GUID: 5a6bc694ac42d3343b113dd49606145c - Path: Packages/com.unity.render-pipelines.universal/Editor/Camera/UniversalRenderPipelineCameraUI.Output.Drawers.cs - Importer: ScriptedImporter/UnityEditor.QuickSearchModule:UnityEditor.Search:ASIAI0B' with importer (ScriptedImporter : UnityEditor.QuickSearchModule:UnityEditor.Search:ASIAI0B)
Imported 'GUID: 5a6bc694ac42d3343b113dd49606145c' -> (Import Result ID: 'f9c27b21269b7bdad12b708eefe503f6') in 0.002 seconds [static and dynamic dependencies]. Details - ImportResultOutputID=e3599dd24454bb04257cebf2efa1e10f DependenciesID=0a12a900a7cd9b986b6093643dd4e947 StaticDependenciesID=1f869406696f3abe901320eb2e9cf8a6 
Number of updated asset objects reloaded before import = 0
Number of asset objects unloaded after import = 0
========================================================================
Received Import Request.
  Time of request: 2026-08-05T18:44:51.5451081Z
  Time since last request: 0.0002406 seconds.
  importAddress: GUID: 09cca3e7fbb9d25469cfb2bb082201d4 - Path: Packages/com.unity.render-pipelines.universal/Editor/Analytics/PostProcessDataAnalytics.cs - Importer: ScriptedImporter/UnityEditor.QuickSearchModule:UnityEditor.Search:ASIAI0B
Importing 'GUID: 09cca3e7fbb9d25469cfb2bb082201d4 - Path: Packages/com.unity.render-pipelines.universal/Editor/Analytics/PostProcessDataAnalytics.cs - Importer: ScriptedImporter/UnityEditor.QuickSearchModule:UnityEditor.Search:ASIAI0B' with importer (ScriptedImporter : UnityEditor.QuickSearchModule:UnityEditor.Search:ASIAI0B)
Imported 'GUID: 09cca3e7fbb9d25469cfb2bb082201d4' -> (Import Result ID: '8868a8e8e64ee86806761ec798729562') in 0.002 seconds [static and dynamic dependencies]. Details - ImportResultOutputID=719be75291a0b581db0669d93e26278c DependenciesID=e9278ec35c04c57693850a5403a3595c StaticDependenciesID=b8d2df067e2664c46d1b4688a2449ac6 
Number of updated asset objects reloaded before import = 0
Number of asset objects unloaded after import = 0
========================================================================
Received Import Request.
  Time of request: 2026-08-05T18:44:51.5558795Z
  Time since last request: 0.0002298 seconds.
  importAddress: GUID: 14ecd35dd3ee4504c84e850f72cac9b4 - Path: Packages/com.unity.render-pipelines.universal/Editor/Camera/UniversalRenderPipelineCameraUI.PhysicalCamera.Drawers.cs - Importer: ScriptedImporter/UnityEditor.QuickSearchModule:UnityEditor.Search:ASIAI0B
Importing 'GUID: 14ecd35dd3ee4504c84e850f72cac9b4 - Path: Packages/com.unity.render-pipelines.universal/Editor/Camera/UniversalRenderPipelineCameraUI.PhysicalCamera.Drawers.cs - Importer: ScriptedImporter/UnityEditor.QuickSearchModule:UnityEditor.Search:ASIAI0B' with importer (ScriptedImporter : UnityEditor.QuickSearchModule:UnityEditor.Search:ASIAI0B)
Imported 'GUID: 14ecd35dd3ee4504c84e850f72cac9b4' -> (Import Result ID: '3c9619be6e663de9d3116c8d84ccf97f') in 0.002 seconds [static and dynamic dependencies]. Details - ImportResultOutputID=251d453a68c380725169405fc79d00de DependenciesID=e52724cd4768cec43f5feaec00fc15e2 StaticDependenciesID=424ab9f30d34d7af91abbe2a12729013 
Number of updated asset objects reloaded before import = 0
Number of asset objects unloaded after import = 0
========================================================================
Received Import Request.
  Time of request: 2026-08-05T18:44:51.5657685Z
  Time since last request: 0.0004009 seconds.
  importAddress: GUID: 92673cbb58cac8e4d8b5d044ce912dd8 - Path: Packages/com.unity.render-pipelines.universal/Shaders/LitGBufferPass.hlsl - Importer: ScriptedImporter/UnityEditor.QuickSearchModule:UnityEditor.Search:ASIAI0B
Importing 'GUID: 92673cbb58cac8e4d8b5d044ce912dd8 - Path: Packages/com.unity.render-pipelines.universal/Shaders/LitGBufferPass.hlsl - Importer: ScriptedImporter/UnityEditor.QuickSearchModule:UnityEditor.Search:ASIAI0B' with importer (ScriptedImporter : UnityEditor.QuickSearchModule:UnityEditor.Search:ASIAI0B)
Imported 'GUID: 92673cbb58cac8e4d8b5d044ce912dd8' -> (Import Result ID: '6adc563199a4d67f64e97aecc32aee3b') in 0.007 seconds [static and dynamic dependencies]. Details - ImportResultOutputID=83c4c41aa693325a9a6899362bf703f1 DependenciesID=25bd6deab61fc35d7364049b17c75ff6 StaticDependenciesID=ac82e2d3ced3715efb9defb371b9ff9d 
Number of updated asset objects reloaded before import = 0
Number of asset objects unloaded after import = 1
========================================================================
Received Import Request.
  Time of request: 2026-08-05T18:44:51.5799379Z
  Time since last request: 0.0001939 seconds.
  importAddress: GUID: e6b197b525ca7a545aa2c6a4d0cd6190 - Path: Packages/com.unity.render-pipelines.universal/Editor/Analytics/AssetReimporterAnalytic.cs - Importer: ScriptedImporter/UnityEditor.QuickSearchModule:UnityEditor.Search:ASIAI0B
Importing 'GUID: e6b197b525ca7a545aa2c6a4d0cd6190 - Path: Packages/com.unity.render-pipelines.universal/Editor/Analytics/AssetReimporterAnalytic.cs - Importer: ScriptedImporter/UnityEditor.QuickSearchModule:UnityEditor.Search:ASIAI0B' with importer (ScriptedImporter : UnityEditor.QuickSearchModule:UnityEditor.Search:ASIAI0B)
Imported 'GUID: e6b197b525ca7a545aa2c6a4d0cd6190' -> (Import Result ID: '8adcbb9ce6a109217f89205057e9fecd') in 0.003 seconds [static and dynamic dependencies]. Details - ImportResultOutputID=1cc9ef3087dc84606dd316d056377aaf DependenciesID=e38bfdd9f85e293b18b82df72b04eee7 StaticDependenciesID=31eb37ddade0528ebe4bd9f02931916c 
Number of updated asset objects reloaded before import = 0
Number of asset objects unloaded after import = 0
========================================================================
Received Import Request.
  Time of request: 2026-08-05T18:44:51.5903632Z
  Time since last request: 0.000247 seconds.
  importAddress: GUID: b080c5c57a34e6e4584e1e2c3e96a0c5 - Path: Packages/com.unity.render-pipelines.universal/Editor/2D/GameObjectCreation.cs - Importer: ScriptedImporter/UnityEditor.QuickSearchModule:UnityEditor.Search:ASIAI0B
Importing 'GUID: b080c5c57a34e6e4584e1e2c3e96a0c5 - Path: Packages/com.unity.render-pipelines.universal/Editor/2D/GameObjectCreation.cs - Importer: ScriptedImporter/UnityEditor.QuickSearchModule:UnityEditor.Search:ASIAI0B' with importer (ScriptedImporter : UnityEditor.QuickSearchModule:UnityEditor.Search:ASIAI0B)
Imported 'GUID: b080c5c57a34e6e4584e1e2c3e96a0c5' -> (Import Result ID: '785a9c31b7f7def021aa42384ef30fb8') in 0.002 seconds [static and dynamic dependencies]. Details - ImportResultOutputID=6eb5f1c5f378024017319a75d5bd5845 DependenciesID=c69adf818a954afde1ec74b3d73385d1 StaticDependenciesID=b0370f783ef10c3ac44435f133db1208 
Number of updated asset objects reloaded before import = 0
Number of asset objects unloaded after import = 0
========================================================================
Received Import Request.
  Time of request: 2026-08-05T18:44:51.6051759Z
  Time since last request: 0.0059778 seconds.
  importAddress: GUID: d2654ad3c17ab8a4ebb9fd0719795d21 - Path: Packages/com.unity.render-pipelines.universal/Editor/ShaderGraph/UniversalMetadata.cs - Importer: ScriptedImporter/UnityEditor.QuickSearchModule:UnityEditor.Search:ASIAI0B
Importing 'GUID: d2654ad3c17ab8a4ebb9fd0719795d21 - Path: Packages/com.unity.render-pipelines.universal/Editor/ShaderGraph/UniversalMetadata.cs - Importer: ScriptedImporter/UnityEditor.QuickSearchModule:UnityEditor.Search:ASIAI0B' with importer (ScriptedImporter : UnityEditor.QuickSearchModule:UnityEditor.Search:ASIAI0B)
Imported 'GUID: d2654ad3c17ab8a4ebb9fd0719795d21' -> (Import Result ID: 'ac286edd41fcb2961ae09f2951878369') in 0.002 seconds [static and dynamic dependencies]. Details - ImportResultOutputID=ab2c88e2d3d4459a9ea1743878da5bfc DependenciesID=b875c27a0ba0dda8348edfcfca6fee7a StaticDependenciesID=05625fe8e426dc78cca20c346d1b7cc3 
Number of updated asset objects reloaded before import = 0
Number of asset objects unloaded after import = 0
========================================================================
Received Import Request.
  Time of request: 2026-08-05T18:44:51.6148142Z
  Time since last request: 0.0004956 seconds.
  importAddress: GUID: ed534566ab68d00408f22fdba23b0848 - Path: Packages/com.unity.render-pipelines.universal/Editor/Decal/DisplacableRectHandles.cs - Importer: ScriptedImporter/UnityEditor.QuickSearchModule:UnityEditor.Search:ASIAI0B
Importing 'GUID: ed534566ab68d00408f22fdba23b0848 - Path: Packages/com.unity.render-pipelines.universal/Editor/Decal/DisplacableRectHandles.cs - Importer: ScriptedImporter/UnityEditor.QuickSearchModule:UnityEditor.Search:ASIAI0B' with importer (ScriptedImporter : UnityEditor.QuickSearchModule:UnityEditor.Search:ASIAI0B)
Imported 'GUID: ed534566ab68d00408f22fdba23b0848' -> (Import Result ID: '3c90fd7f84973871eb632b053284fe74') in 0.002 seconds [static and dynamic dependencies]. Details - ImportResultOutputID=bad75a474b88c28b49c54fff04d05654 DependenciesID=0de17c0d64fccf4845f1c28c3b22ee9e StaticDependenciesID=e963ae3e6f3ce051d6a018ba7ec41bed 
Number of updated asset objects reloaded before import = 0
Number of asset objects unloaded after import = 0
========================================================================
Received Import Request.
  Time of request: 2026-08-05T18:44:51.6250629Z
  Time since last request: 0.0003641 seconds.
  importAddress: GUID: de03ee604e709ec44b8356ef5776a893 - Path: Packages/com.unity.render-pipelines.universal/Editor/RendererFeatures/NewPostProcessVolumeComponent.cs.txt - Importer: ScriptedImporter/UnityEditor.QuickSearchModule:UnityEditor.Search:ASIAI0B
Importing 'GUID: de03ee604e709ec44b8356ef5776a893 - Path: Packages/com.unity.render-pipelines.universal/Editor/RendererFeatures/NewPostProcessVolumeComponent.cs.txt - Importer: ScriptedImporter/UnityEditor.QuickSearchModule:UnityEditor.Search:ASIAI0B' with importer (ScriptedImporter : UnityEditor.QuickSearchModule:UnityEditor.Search:ASIAI0B)
Imported 'GUID: de03ee604e709ec44b8356ef5776a893' -> (Import Result ID: '10af95c550ff2fa2325e9e7da0fc8468') in 0.008 seconds [static and dynamic dependencies]. Details - ImportResultOutputID=bc6d003a6ac6eb1f85885debaedc60b8 DependenciesID=7213cb3bd040c27afac53e6bcefd5ebb StaticDependenciesID=c69c959853d5682a5f3b8c8d3bd1ea1f 
Number of updated asset objects reloaded before import = 0
Number of asset objects unloaded after import = 1
========================================================================
Received Import Request.
  Time of request: 2026-08-05T18:44:51.6400836Z
  Time since last request: 0.0002625 seconds.
  importAddress: GUID: dfe4e1c6ce66d514bafdec16128f59ed - Path: Packages/com.unity.render-pipelines.universal/Editor/Settings/UniversalRenderPipelinePreferencesProvider.cs - Importer: ScriptedImporter/UnityEditor.QuickSearchModule:UnityEditor.Search:ASIAI0B
Importing 'GUID: dfe4e1c6ce66d514bafdec16128f59ed - Path: Packages/com.unity.render-pipelines.universal/Editor/Settings/UniversalRenderPipelinePreferencesProvider.cs - Importer: ScriptedImporter/UnityEditor.QuickSearchModule:UnityEditor.Search:ASIAI0B' with importer (ScriptedImporter : UnityEditor.QuickSearchModule:UnityEditor.Search:ASIAI0B)
Imported 'GUID: dfe4e1c6ce66d514bafdec16128f59ed' -> (Import Result ID: 'd72c6cd61e15fc1e3fb691c42ca28a96') in 0.002 seconds [static and dynamic dependencies]. Details - ImportResultOutputID=14f81a78a9199ea41dc3965a39a95e92 DependenciesID=568fc7c12978acc4a160a7e016fdc90e StaticDependenciesID=644a00a424c77037cb0724f6d9caa8f8 
Number of updated asset objects reloaded before import = 0
Number of asset objects unloaded after import = 0
========================================================================
Received Import Request.
  Time of request: 2026-08-05T18:44:51.6497314Z
  Time since last request: 0.0002797 seconds.
  importAddress: GUID: aab14984951054bfc8673ef85a1b5017 - Path: Packages/com.unity.render-pipelines.universal/Editor/ShaderGraph/UniversalStructFields.cs - Importer: ScriptedImporter/UnityEditor.QuickSearchModule:UnityEditor.Search:ASIAI0B
Importing 'GUID: aab14984951054bfc8673ef85a1b5017 - Path: Packages/com.unity.render-pipelines.universal/Editor/ShaderGraph/UniversalStructFields.cs - Importer: ScriptedImporter/UnityEditor.QuickSearchModule:UnityEditor.Search:ASIAI0B' with importer (ScriptedImporter : UnityEditor.QuickSearchModule:UnityEditor.Search:ASIAI0B)
Imported 'GUID: aab14984951054bfc8673ef85a1b5017' -> (Import Result ID: '053824a3e3166f259361605bda9bfcc4') in 0.002 seconds [static and dynamic dependencies]. Details - ImportResultOutputID=faa921d388f58422953cc663ca7a47b9 DependenciesID=d3391de9f539063737997fe98588f32a StaticDependenciesID=4c09167d2574a92d64c85ad2e3cdbbbf 
Number of updated asset objects reloaded before import = 0
Number of asset objects unloaded after import = 0
========================================================================
Received Import Request.
  Time of request: 2026-08-05T18:44:51.6611686Z
  Time since last request: 0.0002225 seconds.
  importAddress: GUID: e353ed204c92da941bcf3116819f9b91 - Path: Packages/com.unity.render-pipelines.universal/Editor/SceneTemplates/URPBasicScenePipeline.cs - Importer: ScriptedImporter/UnityEditor.QuickSearchModule:UnityEditor.Search:ASIAI0B
Importing 'GUID: e353ed204c92da941bcf3116819f9b91 - Path: Packages/com.unity.render-pipelines.universal/Editor/SceneTemplates/URPBasicScenePipeline.cs - Importer: ScriptedImporter/UnityEditor.QuickSearchModule:UnityEditor.Search:ASIAI0B' with importer (ScriptedImporter : UnityEditor.QuickSearchModule:UnityEditor.Search:ASIAI0B)
Imported 'GUID: e353ed204c92da941bcf3116819f9b91' -> (Import Result ID: '93a9089b72b98125a6e2e332a112650b') in 0.003 seconds [static and dynamic dependencies]. Details - ImportResultOutputID=9970a9a96e7d1a5335529a50192839af DependenciesID=06b1306bdce4fd9e9a648162bd99d3d5 StaticDependenciesID=de04e96bab23deb0c72567f0abf2d2f6 
Number of updated asset objects reloaded before import = 0
Number of asset objects unloaded after import = 0
========================================================================
Received Import Request.
  Time of request: 2026-08-05T18:44:51.6723613Z
  Time since last request: 0.0002269 seconds.
  importAddress: GUID: 49e2a2aa8fc7a8d4aa8e8dd82ac844dd - Path: Packages/com.unity.render-pipelines.universal/Editor/Overrides/MotionBlurEditor.cs - Importer: ScriptedImporter/UnityEditor.QuickSearchModule:UnityEditor.Search:ASIAI0B
Importing 'GUID: 49e2a2aa8fc7a8d4aa8e8dd82ac844dd - Path: Packages/com.unity.render-pipelines.universal/Editor/Overrides/MotionBlurEditor.cs - Importer: ScriptedImporter/UnityEditor.QuickSearchModule:UnityEditor.Search:ASIAI0B' with importer (ScriptedImporter : UnityEditor.QuickSearchModule:UnityEditor.Search:ASIAI0B)
Imported 'GUID: 49e2a2aa8fc7a8d4aa8e8dd82ac844dd' -> (Import Result ID: 'ed019a0e16f1f837de34e16f1a18a047') in 0.002 seconds [static and dynamic dependencies]. Details - ImportResultOutputID=d113ead48391727504622e91fa473dba DependenciesID=4a72fbfe1bf6e85503120793bf2bb763 StaticDependenciesID=77945df1a022226103ca904d38b98d1d 
Number of updated asset objects reloaded before import = 0
Number of asset objects unloaded after import = 0
========================================================================
Received Import Request.
  Time of request: 2026-08-05T18:44:51.6817516Z
  Time since last request: 0.0002054 seconds.
  importAddress: GUID: be08ea2d1e97b4edfb6c3b9eb27db748 - Path: Packages/com.unity.render-pipelines.universal/Editor/ScriptTemplates/ScriptTemplates.cs - Importer: ScriptedImporter/UnityEditor.QuickSearchModule:UnityEditor.Search:ASIAI0B
Importing 'GUID: be08ea2d1e97b4edfb6c3b9eb27db748 - Path: Packages/com.unity.render-pipelines.universal/Editor/ScriptTemplates/ScriptTemplates.cs - Importer: ScriptedImporter/UnityEditor.QuickSearchModule:UnityEditor.Search:ASIAI0B' with importer (ScriptedImporter : UnityEditor.QuickSearchModule:UnityEditor.Search:ASIAI0B)
Imported 'GUID: be08ea2d1e97b4edfb6c3b9eb27db748' -> (Import Result ID: 'd8a42c13a47fb03198e62d05545f50fb') in 0.002 seconds [static and dynamic dependencies]. Details - ImportResultOutputID=bdd10501c1be7c08f503dd5cc0372552 DependenciesID=41e552e2ceb4f0bb0635a5f17916ef74 StaticDependenciesID=2fb6cc4b77210a4f3faf55b0521f870a 
Number of updated asset objects reloaded before import = 0
Number of asset objects unloaded after import = 0
========================================================================
Received Import Request.
  Time of request: 2026-08-05T18:44:51.6912278Z
  Time since last request: 0.0002896 seconds.
  importAddress: GUID: aeaf92920a76aae4eaebbddf67a76c1f - Path: Packages/com.unity.render-pipelines.universal/Editor/ShaderGraph/UniversalProperties.cs - Importer: ScriptedImporter/UnityEditor.QuickSearchModule:UnityEditor.Search:ASIAI0B
Importing 'GUID: aeaf92920a76aae4eaebbddf67a76c1f - Path: Packages/com.unity.render-pipelines.universal/Editor/ShaderGraph/UniversalProperties.cs - Importer: ScriptedImporter/UnityEditor.QuickSearchModule:UnityEditor.Search:ASIAI0B' with importer (ScriptedImporter : UnityEditor.QuickSearchModule:UnityEditor.Search:ASIAI0B)
Imported 'GUID: aeaf92920a76aae4eaebbddf67a76c1f' -> (Import Result ID: '5640edd8512904a67849f5eb299ad1cb') in 0.002 seconds [static and dynamic dependencies]. Details - ImportResultOutputID=aa2336628a627ec09d485c54e89e0ea7 DependenciesID=ffac95c80c69c5799cac8257f1ae205c StaticDependenciesID=6283a8e4c9430e06c1560aa5fb35d65c 
Number of updated asset objects reloaded before import = 0
Number of asset objects unloaded after import = 0
========================================================================
Received Import Request.
  Time of request: 2026-08-05T18:44:51.7020187Z
  Time since last request: 0.0002495 seconds.
  importAddress: GUID: 4b15ac5de32362a4a9ef0bc5b349ac4d - Path: Packages/com.unity.render-pipelines.universal/Editor/Overrides/ShadowsMidtonesHighlightsEditor.cs - Importer: ScriptedImporter/UnityEditor.QuickSearchModule:UnityEditor.Search:ASIAI0B
Importing 'GUID: 4b15ac5de32362a4a9ef0bc5b349ac4d - Path: Packages/com.unity.render-pipelines.universal/Editor/Overrides/ShadowsMidtonesHighlightsEditor.cs - Importer: ScriptedImporter/UnityEditor.QuickSearchModule:UnityEditor.Search:ASIAI0B' with importer (ScriptedImporter : UnityEditor.QuickSearchModule:UnityEditor.Search:ASIAI0B)
Imported 'GUID: 4b15ac5de32362a4a9ef0bc5b349ac4d' -> (Import Result ID: 'ef6fc24aee35b8ef8b91db327e131c0a') in 0.002 seconds [static and dynamic dependencies]. Details - ImportResultOutputID=4dd6752c40f25705260b6a7b7038c096 DependenciesID=732086e05ea282d4f777e91adb3f9d45 StaticDependenciesID=534a97a5d61384a623dc58a7276d1c00 
Number of updated asset objects reloaded before import = 0
Number of asset objects unloaded after import = 0
========================================================================
Received Import Request.
  Time of request: 2026-08-05T18:44:51.7554246Z
  Time since last request: 0.0409032 seconds.
  importAddress: GUID: f2216b7cb5772784daf9ad851edda832 - Path: Packages/com.unity.render-pipelines.universal/Editor/ShaderGUI/TerrainLitShaderGUI.cs - Importer: ScriptedImporter/UnityEditor.QuickSearchModule:UnityEditor.Search:ASIAI0B
Importing 'GUID: f2216b7cb5772784daf9ad851edda832 - Path: Packages/com.unity.render-pipelines.universal/Editor/ShaderGUI/TerrainLitShaderGUI.cs - Importer: ScriptedImporter/UnityEditor.QuickSearchModule:UnityEditor.Search:ASIAI0B' with importer (ScriptedImporter : UnityEditor.QuickSearchModule:UnityEditor.Search:ASIAI0B)
Imported 'GUID: f2216b7cb5772784daf9ad851edda832' -> (Import Result ID: 'ab480452a72113fe95849426839bd4a5') in 0.002 seconds [static and dynamic dependencies]. Details - ImportResultOutputID=0c3ac0091b615957935d5947645a90c6 DependenciesID=94c7617dc213373d1c6dbafd40a51e99 StaticDependenciesID=fce45e7db5437c47278360314bd21a3e 
Number of updated asset objects reloaded before import = 0
Number of asset objects unloaded after import = 0
========================================================================
Received Import Request.
  Time of request: 2026-08-05T18:44:51.7652925Z
  Time since last request: 0.0002383 seconds.
  importAddress: GUID: 9d9379906932aeb42948429db294542e - Path: Packages/com.unity.render-pipelines.universal/Runtime/2D/URP2D_GraphicsExtensions.cs - Importer: ScriptedImporter/UnityEditor.QuickSearchModule:UnityEditor.Search:ASIAI0B
Importing 'GUID: 9d9379906932aeb42948429db294542e - Path: Packages/com.unity.render-pipelines.universal/Runtime/2D/URP2D_GraphicsExtensions.cs - Importer: ScriptedImporter/UnityEditor.QuickSearchModule:UnityEditor.Search:ASIAI0B' with importer (ScriptedImporter : UnityEditor.QuickSearchModule:UnityEditor.Search:ASIAI0B)
Imported 'GUID: 9d9379906932aeb42948429db294542e' -> (Import Result ID: 'eeb72f21ab59d2bb57bece7cc917933f') in 0.003 seconds [static and dynamic dependencies]. Details - ImportResultOutputID=c4ab78573c0dc381d4417de96ff24161 DependenciesID=312a4dcb740c4974448633443ff09022 StaticDependenciesID=60bc9a5f99dce757dbf39574d3a29dd4 
Number of updated asset objects reloaded before import = 0
Number of asset objects unloaded after import = 0
========================================================================
Received Import Request.
  Time of request: 2026-08-05T18:44:51.7769201Z
  Time since last request: 0.0002804 seconds.
  importAddress: GUID: adcb49d2b04b1654b85e627fe5dde64f - Path: Packages/com.unity.render-pipelines.universal/Runtime/2D/PixelPerfectCameraInternal.cs - Importer: ScriptedImporter/UnityEditor.QuickSearchModule:UnityEditor.Search:ASIAI0B
Importing 'GUID: adcb49d2b04b1654b85e627fe5dde64f - Path: Packages/com.unity.render-pipelines.universal/Runtime/2D/PixelPerfectCameraInternal.cs - Importer: ScriptedImporter/UnityEditor.QuickSearchModule:UnityEditor.Search:ASIAI0B' with importer (ScriptedImporter : UnityEditor.QuickSearchModule:UnityEditor.Search:ASIAI0B)
Imported 'GUID: adcb49d2b04b1654b85e627fe5dde64f' -> (Import Result ID: '9e753e17bc12d23f6504137bf85a7c1f') in 0.003 seconds [static and dynamic dependencies]. Details - ImportResultOutputID=421bbf8c4fb0977d5c1e0b30651568c7 DependenciesID=8f1e7b84994ef5e12e2066d9d1f03f13 StaticDependenciesID=c691e0ae7ddb05958826ed82f5293803 
Number of updated asset objects reloaded before import = 0
Number of asset objects unloaded after import = 0
========================================================================
Received Import Request.
  Time of request: 2026-08-05T18:44:51.7886872Z
  Time since last request: 0.0002269 seconds.
  importAddress: GUID: aadc678256814bc4948f5dec6dddd861 - Path: Packages/com.unity.render-pipelines.universal/Editor/VFXGraph/VFXDecalURPOutput.cs - Importer: ScriptedImporter/UnityEditor.QuickSearchModule:UnityEditor.Search:ASIAI0B
Importing 'GUID: aadc678256814bc4948f5dec6dddd861 - Path: Packages/com.unity.render-pipelines.universal/Editor/VFXGraph/VFXDecalURPOutput.cs - Importer: ScriptedImporter/UnityEditor.QuickSearchModule:UnityEditor.Search:ASIAI0B' with importer (ScriptedImporter : UnityEditor.QuickSearchModule:UnityEditor.Search:ASIAI0B)
Imported 'GUID: aadc678256814bc4948f5dec6dddd861' -> (Import Result ID: 'eaf393a7fa7fbfa6ce97df0b5c8fc7d1') in 0.002 seconds [static and dynamic dependencies]. Details - ImportResultOutputID=884a4a9876ef6706fd3b69a3995a4a4e DependenciesID=602a44be53e5ff705de33352633d4a1a StaticDependenciesID=72d1e6d06fc7d2dd2f0bb8d9f0a07bd7 
Number of updated asset objects reloaded before import = 0
Number of asset objects unloaded after import = 0
========================================================================
Received Import Request.
  Time of request: 2026-08-05T18:44:51.7989879Z
  Time since last request: 0.0002041 seconds.
  importAddress: GUID: f104ef5e898a82f4c9814ea70f7dfb2b - Path: Packages/com.unity.render-pipelines.universal/Runtime/Decal/DecalPreviewPass.cs - Importer: ScriptedImporter/UnityEditor.QuickSearchModule:UnityEditor.Search:ASIAI0B
Importing 'GUID: f104ef5e898a82f4c9814ea70f7dfb2b - Path: Packages/com.unity.render-pipelines.universal/Runtime/Decal/DecalPreviewPass.cs - Importer: ScriptedImporter/UnityEditor.QuickSearchModule:UnityEditor.Search:ASIAI0B' with importer (ScriptedImporter : UnityEditor.QuickSearchModule:UnityEditor.Search:ASIAI0B)
Imported 'GUID: f104ef5e898a82f4c9814ea70f7dfb2b' -> (Import Result ID: 'cd854244fa557a315a175950c1e9c66b') in 0.002 seconds [static and dynamic dependencies]. Details - ImportResultOutputID=b0b0da6e0f7983e67dac4aeed9167257 DependenciesID=8aeff00e5aefe35ba254760bb7703712 StaticDependenciesID=c059208338ba96de3118cb4427b31e16 
Number of updated asset objects reloaded before import = 0
Number of asset objects unloaded after import = 0
========================================================================
Received Import Request.
  Time of request: 2026-08-05T18:44:51.8088948Z
  Time since last request: 0.0001893 seconds.
  importAddress: GUID: a684da720c3a43aaa94d1c3e9de4321f - Path: Packages/com.unity.render-pipelines.universal/Runtime/Debug/DebugHandler.cs - Importer: ScriptedImporter/UnityEditor.QuickSearchModule:UnityEditor.Search:ASIAI0B
Importing 'GUID: a684da720c3a43aaa94d1c3e9de4321f - Path: Packages/com.unity.render-pipelines.universal/Runtime/Debug/DebugHandler.cs - Importer: ScriptedImporter/UnityEditor.QuickSearchModule:UnityEditor.Search:ASIAI0B' with importer (ScriptedImporter : UnityEditor.QuickSearchModule:UnityEditor.Search:ASIAI0B)
Imported 'GUID: a684da720c3a43aaa94d1c3e9de4321f' -> (Import Result ID: '4a8d6818145ffebabeaf084b29c879b7') in 0.002 seconds [static and dynamic dependencies]. Details - ImportResultOutputID=b0b6211b612a9fe58ada5c0ecff14106 DependenciesID=ceba8d06d068ef7433faeaed3211a5a2 StaticDependenciesID=96ce07447f4d221168cc5521fc39c202 
Number of updated asset objects reloaded before import = 0
Number of asset objects unloaded after import = 0
========================================================================
Received Import Request.
  Time of request: 2026-08-05T18:44:51.8183246Z
  Time since last request: 0.0003309 seconds.
  importAddress: GUID: ef136de7def056a4d8aa337fa0bcd989 - Path: Packages/com.unity.render-pipelines.universal/Editor/Terrain/BuildTerrainSurfaceDescriptionInputs.template.hlsl - Importer: ScriptedImporter/UnityEditor.QuickSearchModule:UnityEditor.Search:ASIAI0B
Importing 'GUID: ef136de7def056a4d8aa337fa0bcd989 - Path: Packages/com.unity.render-pipelines.universal/Editor/Terrain/BuildTerrainSurfaceDescriptionInputs.template.hlsl - Importer: ScriptedImporter/UnityEditor.QuickSearchModule:UnityEditor.Search:ASIAI0B' with importer (ScriptedImporter : UnityEditor.QuickSearchModule:UnityEditor.Search:ASIAI0B)
Imported 'GUID: ef136de7def056a4d8aa337fa0bcd989' -> (Import Result ID: 'ac9e89b4ea048bda0f601a9373cdf07b') in 0.008 seconds [static and dynamic dependencies]. Details - ImportResultOutputID=576926d2536a8dce03feb77ca753bc78 DependenciesID=056962be8e92241f37aa5bec14e0a532 StaticDependenciesID=757953e6595481d3c09606f2fd70f830 
Number of updated asset objects reloaded before import = 0
Number of asset objects unloaded after import = 1
========================================================================
Received Import Request.
  Time of request: 2026-08-05T18:44:51.8349986Z
  Time since last request: 0.0002696 seconds.
  importAddress: GUID: 89bc0329853842ae999d6f86829fc126 - Path: Packages/com.unity.render-pipelines.universal/Runtime/Debug/DebugDisplaySettingsCommon.cs - Importer: ScriptedImporter/UnityEditor.QuickSearchModule:UnityEditor.Search:ASIAI0B
Importing 'GUID: 89bc0329853842ae999d6f86829fc126 - Path: Packages/com.unity.render-pipelines.universal/Runtime/Debug/DebugDisplaySettingsCommon.cs - Importer: ScriptedImporter/UnityEditor.QuickSearchModule:UnityEditor.Search:ASIAI0B' with importer (ScriptedImporter : UnityEditor.QuickSearchModule:UnityEditor.Search:ASIAI0B)
Imported 'GUID: 89bc0329853842ae999d6f86829fc126' -> (Import Result ID: 'e7646d28900d599b7d625560f8d856c9') in 0.002 seconds [static and dynamic dependencies]. Details - ImportResultOutputID=c9b37efd18f71219b24561aaf83dd5aa DependenciesID=b23a222e139f7d1f6f29a32b618e394b StaticDependenciesID=073cde9d8708a6007be07d73061cf4bb 
Number of updated asset objects reloaded before import = 0
Number of asset objects unloaded after import = 0
========================================================================
Received Import Request.
  Time of request: 2026-08-05T18:44:51.8603332Z
  Time since last request: 0.0154715 seconds.
  importAddress: GUID: ae3e4e9915f7b6347b65203987c4f8b0 - Path: Packages/com.unity.render-pipelines.universal/Runtime/Passes/DrawSkyboxPass.cs - Importer: ScriptedImporter/UnityEditor.QuickSearchModule:UnityEditor.Search:ASIAI0B
Importing 'GUID: ae3e4e9915f7b6347b65203987c4f8b0 - Path: Packages/com.unity.render-pipelines.universal/Runtime/Passes/DrawSkyboxPass.cs - Importer: ScriptedImporter/UnityEditor.QuickSearchModule:UnityEditor.Search:ASIAI0B' with importer (ScriptedImporter : UnityEditor.QuickSearchModule:UnityEditor.Search:ASIAI0B)
Imported 'GUID: ae3e4e9915f7b6347b65203987c4f8b0' -> (Import Result ID: '3e346abb4ece75ceed204da1a6e0114b') in 0.002 seconds [static and dynamic dependencies]. Details - ImportResultOutputID=e0ded779f30d59b2bffe88d7f054d6cc DependenciesID=4325f0d0c219ce080f733d8626b1d830 StaticDependenciesID=1f81454fc30a3ecb64238d7a544c4fd3 
Number of updated asset objects reloaded before import = 0
Number of asset objects unloaded after import = 0
========================================================================
Received Import Request.
  Time of request: 2026-08-05T18:44:51.8700525Z
  Time since last request: 0.0006316 seconds.
  importAddress: GUID: 78a08787ca30045abb69f6f7dd878e09 - Path: Packages/com.unity.render-pipelines.universal/Runtime/Materials/FullscreenInvertColors.mat - Importer: ScriptedImporter/UnityEditor.QuickSearchModule:UnityEditor.Search:ASIAI0B
Importing 'GUID: 78a08787ca30045abb69f6f7dd878e09 - Path: Packages/com.unity.render-pipelines.universal/Runtime/Materials/FullscreenInvertColors.mat - Importer: ScriptedImporter/UnityEditor.QuickSearchModule:UnityEditor.Search:ASIAI0B' with importer (ScriptedImporter : UnityEditor.QuickSearchModule:UnityEditor.Search:ASIAI0B)
Imported 'GUID: 78a08787ca30045abb69f6f7dd878e09' -> (Import Result ID: 'a416eb79f403ec1f79df723e759b9d87') in 0.010 seconds [static and dynamic dependencies]. Details - ImportResultOutputID=411b241c9d7985d0ea08131e2cf0aff5 DependenciesID=11aea5e2dfe9e44eaf3fe6fbd8de3b33 StaticDependenciesID=5f777bfc71eb8131100380db0ee4b8e9 
Number of updated asset objects reloaded before import = 0
Number of asset objects unloaded after import = 2
========================================================================
Received Import Request.
  Time of request: 2026-08-05T18:44:51.889263Z
  Time since last request: 0.0001379 seconds.
  importAddress: GUID: 5485954d14dfb9a4c8ead8edb0ded5b1 - Path: Packages/com.unity.render-pipelines.universal/Runtime/Overrides/LiftGammaGain.cs - Importer: ScriptedImporter/UnityEditor.QuickSearchModule:UnityEditor.Search:ASIAI0B
Importing 'GUID: 5485954d14dfb9a4c8ead8edb0ded5b1 - Path: Packages/com.unity.render-pipelines.universal/Runtime/Overrides/LiftGammaGain.cs - Importer: ScriptedImporter/UnityEditor.QuickSearchModule:UnityEditor.Search:ASIAI0B' with importer (ScriptedImporter : UnityEditor.QuickSearchModule:UnityEditor.Search:ASIAI0B)
Imported 'GUID: 5485954d14dfb9a4c8ead8edb0ded5b1' -> (Import Result ID: '95037ca7fb9a0927dffe532b4ded07ca') in 0.002 seconds [static and dynamic dependencies]. Details - ImportResultOutputID=1d0f415d4d77e25264cfb648f37e6eb2 DependenciesID=67163fe4f7629b714dee0dd5cf42e541 StaticDependenciesID=a4b895c449a8b503689746405ad6ec28 
Number of updated asset objects reloaded before import = 0
Number of asset objects unloaded after import = 0
========================================================================
Received Import Request.
  Time of request: 2026-08-05T18:44:51.8989206Z
  Time since last request: 0.000336 seconds.
  importAddress: GUID: 594ea882c5a793440b60ff72d896021e - Path: Packages/com.unity.render-pipelines.universal/Runtime/Materials/TerrainLit.mat - Importer: ScriptedImporter/UnityEditor.QuickSearchModule:UnityEditor.Search:ASIAI0B
Importing 'GUID: 594ea882c5a793440b60ff72d896021e - Path: Packages/com.unity.render-pipelines.universal/Runtime/Materials/TerrainLit.mat - Importer: ScriptedImporter/UnityEditor.QuickSearchModule:UnityEditor.Search:ASIAI0B' with importer (ScriptedImporter : UnityEditor.QuickSearchModule:UnityEditor.Search:ASIAI0B)
Imported 'GUID: 594ea882c5a793440b60ff72d896021e' -> (Import Result ID: '905c0ce444f60d08ade3f192dbe674d0') in 0.003 seconds [static and dynamic dependencies]. Details - ImportResultOutputID=f544dc19c55a6dd8e08bef3adcf54852 DependenciesID=190c694cb3cc97d2e615d5e2901f2558 StaticDependenciesID=a53f9f66969e15519dfcf7d9d83f883b 
Number of updated asset objects reloaded before import = 0
Number of asset objects unloaded after import = 1
========================================================================
Received Import Request.
  Time of request: 2026-08-05T18:44:51.9089931Z
  Time since last request: 0.0003781 seconds.
  importAddress: GUID: 0b2db86121404754db890f4c8dfe81b2 - Path: Packages/com.unity.render-pipelines.universal/Runtime/Overrides/Bloom.cs - Importer: ScriptedImporter/UnityEditor.QuickSearchModule:UnityEditor.Search:ASIAI0B
Importing 'GUID: 0b2db86121404754db890f4c8dfe81b2 - Path: Packages/com.unity.render-pipelines.universal/Runtime/Overrides/Bloom.cs - Importer: ScriptedImporter/UnityEditor.QuickSearchModule:UnityEditor.Search:ASIAI0B' with importer (ScriptedImporter : UnityEditor.QuickSearchModule:UnityEditor.Search:ASIAI0B)
Imported 'GUID: 0b2db86121404754db890f4c8dfe81b2' -> (Import Result ID: 'f28f9662649a32cdbcbef2838242353d') in 0.002 seconds [static and dynamic dependencies]. Details - ImportResultOutputID=d852ed8cb9a480180b5cf80d8d789895 DependenciesID=10f328db5e2d28a392ea4535b13e4c14 StaticDependenciesID=49e8e78d8c538661f211bca951e33cdc 
Number of updated asset objects reloaded before import = 0
Number of asset objects unloaded after import = 0
========================================================================
Received Import Request.
  Time of request: 2026-08-05T18:44:51.9193168Z
  Time since last request: 0.0001968 seconds.
  importAddress: GUID: 0f5a9bd148c9a4a3198fdd2365b6e514 - Path: Packages/com.unity.render-pipelines.universal/Runtime/Passes/CapturePass.cs - Importer: ScriptedImporter/UnityEditor.QuickSearchModule:UnityEditor.Search:ASIAI0B
Importing 'GUID: 0f5a9bd148c9a4a3198fdd2365b6e514 - Path: Packages/com.unity.render-pipelines.universal/Runtime/Passes/CapturePass.cs - Importer: ScriptedImporter/UnityEditor.QuickSearchModule:UnityEditor.Search:ASIAI0B' with importer (ScriptedImporter : UnityEditor.QuickSearchModule:UnityEditor.Search:ASIAI0B)
Imported 'GUID: 0f5a9bd148c9a4a3198fdd2365b6e514' -> (Import Result ID: '4d05ea8028c5bb85485b40a91b0c5e1c') in 0.002 seconds [static and dynamic dependencies]. Details - ImportResultOutputID=2eddf8f8ae3bba172636b7f887f80ee7 DependenciesID=e179b4b33368bfacdd37c5044111bed6 StaticDependenciesID=8b0bef0068477aadea1311f1ebe8e087 
Number of updated asset objects reloaded before import = 0
Number of asset objects unloaded after import = 0
========================================================================
Received Import Request.
  Time of request: 2026-08-05T18:44:51.9282955Z
  Time since last request: 0.0002699 seconds.
  importAddress: GUID: d2138a73081d8c34d901cf7a321f1099 - Path: Packages/com.unity.render-pipelines.universal/Runtime/Passes/DrawObjectsPass.cs - Importer: ScriptedImporter/UnityEditor.QuickSearchModule:UnityEditor.Search:ASIAI0B
Importing 'GUID: d2138a73081d8c34d901cf7a321f1099 - Path: Packages/com.unity.render-pipelines.universal/Runtime/Passes/DrawObjectsPass.cs - Importer: ScriptedImporter/UnityEditor.QuickSearchModule:UnityEditor.Search:ASIAI0B' with importer (ScriptedImporter : UnityEditor.QuickSearchModule:UnityEditor.Search:ASIAI0B)
Imported 'GUID: d2138a73081d8c34d901cf7a321f1099' -> (Import Result ID: '487985a743285da3e83caad9e1a8469a') in 0.003 seconds [static and dynamic dependencies]. Details - ImportResultOutputID=b7c43b5e040b4c86df6317af3c24a7ae DependenciesID=8ead0947a4545aee158093467766c436 StaticDependenciesID=841dfebeb340081cc9eb19aa2fca1cc7 
Number of updated asset objects reloaded before import = 0
Number of asset objects unloaded after import = 0
========================================================================
Received Import Request.
  Time of request: 2026-08-05T18:44:51.9407703Z
  Time since last request: 0.0002434 seconds.
  importAddress: GUID: 71942363c5608a64bb62421349d39c9c - Path: Packages/com.unity.render-pipelines.universal/Runtime/Materials/Mesh2D-Unlit-Default.mat - Importer: ScriptedImporter/UnityEditor.QuickSearchModule:UnityEditor.Search:ASIAI0B
Importing 'GUID: 71942363c5608a64bb62421349d39c9c - Path: Packages/com.unity.render-pipelines.universal/Runtime/Materials/Mesh2D-Unlit-Default.mat - Importer: ScriptedImporter/UnityEditor.QuickSearchModule:UnityEditor.Search:ASIAI0B' with importer (ScriptedImporter : UnityEditor.QuickSearchModule:UnityEditor.Search:ASIAI0B)
Imported 'GUID: 71942363c5608a64bb62421349d39c9c' -> (Import Result ID: 'bca5c977e48b7c1a6e433821499d77e9') in 0.009 seconds [static and dynamic dependencies]. Details - ImportResultOutputID=1018ec7c5f73d0fda750ce35b021e106 DependenciesID=cf6fd6183ea2ed4ba9990c7dbad477fe StaticDependenciesID=70cc463c3ca3a93b21b2ad3506ef89ae 
Number of updated asset objects reloaded before import = 0
Number of asset objects unloaded after import = 1
========================================================================
Received Import Request.
  Time of request: 2026-08-05T18:44:51.9777175Z
  Time since last request: 0.0210135 seconds.
  importAddress: GUID: 43a7ba8bc4aba4c199e05fe79d3f9bee - Path: Packages/com.unity.render-pipelines.universal/Runtime/RendererFeatures/DisallowMultipleRendererFeature.cs - Importer: ScriptedImporter/UnityEditor.QuickSearchModule:UnityEditor.Search:ASIAI0B
Importing 'GUID: 43a7ba8bc4aba4c199e05fe79d3f9bee - Path: Packages/com.unity.render-pipelines.universal/Runtime/RendererFeatures/DisallowMultipleRendererFeature.cs - Importer: ScriptedImporter/UnityEditor.QuickSearchModule:UnityEditor.Search:ASIAI0B' with importer (ScriptedImporter : UnityEditor.QuickSearchModule:UnityEditor.Search:ASIAI0B)
Imported 'GUID: 43a7ba8bc4aba4c199e05fe79d3f9bee' -> (Import Result ID: '2bbf44de4c251ff584c81f2de3148069') in 0.002 seconds [static and dynamic dependencies]. Details - ImportResultOutputID=9bce83ca82830374dd5181acc69f3c7b DependenciesID=89a1e7bc1301b743ebb6ab75cb2db275 StaticDependenciesID=aad752dfebcfc603351063045fce4576 
Number of updated asset objects reloaded before import = 0
Number of asset objects unloaded after import = 0
========================================================================
Received Import Request.
  Time of request: 2026-08-05T18:44:51.9875572Z
  Time since last request: 0.0007502 seconds.
  importAddress: GUID: e39bd598ce13f44ba8af997d3e42cd18 - Path: Packages/com.unity.render-pipelines.universal/Shaders/2D/Sprite-Mask.shader - Importer: ScriptedImporter/UnityEditor.QuickSearchModule:UnityEditor.Search:ASIAI0B
Importing 'GUID: e39bd598ce13f44ba8af997d3e42cd18 - Path: Packages/com.unity.render-pipelines.universal/Shaders/2D/Sprite-Mask.shader - Importer: ScriptedImporter/UnityEditor.QuickSearchModule:UnityEditor.Search:ASIAI0B' with importer (ScriptedImporter : UnityEditor.QuickSearchModule:UnityEditor.Search:ASIAI0B)
Imported 'GUID: e39bd598ce13f44ba8af997d3e42cd18' -> (Import Result ID: '52b98f6eacd1851bc055943e164754c3') in 0.003 seconds [static and dynamic dependencies]. Details - ImportResultOutputID=722edb45d9b82acd90e7447da79d98b9 DependenciesID=b3bed206f364579224b0ae44c90ebe46 StaticDependenciesID=9db5a286ee3412f47c9870865d680f3f 
Number of updated asset objects reloaded before import = 0
Number of asset objects unloaded after import = 1
========================================================================
Received Import Request.
  Time of request: 2026-08-05T18:44:51.9972813Z
  Time since last request: 0.0003772 seconds.
  importAddress: GUID: 56d37d33776d0f44586207d08936dd58 - Path: Packages/com.unity.render-pipelines.universal/Runtime/Passes/XRDepthMotionPass.cs - Importer: ScriptedImporter/UnityEditor.QuickSearchModule:UnityEditor.Search:ASIAI0B
Importing 'GUID: 56d37d33776d0f44586207d08936dd58 - Path: Packages/com.unity.render-pipelines.universal/Runtime/Passes/XRDepthMotionPass.cs - Importer: ScriptedImporter/UnityEditor.QuickSearchModule:UnityEditor.Search:ASIAI0B' with importer (ScriptedImporter : UnityEditor.QuickSearchModule:UnityEditor.Search:ASIAI0B)
Imported 'GUID: 56d37d33776d0f44586207d08936dd58' -> (Import Result ID: 'dd7e2d13f2bd28e034bebdce996ebbab') in 0.002 seconds [static and dynamic dependencies]. Details - ImportResultOutputID=e16873696d74ccff4304d29af623117f DependenciesID=6bd510f3e00f9b7720945e1386ac79ff StaticDependenciesID=cd13d72a11c684bdc3f751050a73aa96 
Number of updated asset objects reloaded before import = 0
Number of asset objects unloaded after import = 0
========================================================================
Received Import Request.
  Time of request: 2026-08-05T18:44:52.0063428Z
  Time since last request: 0.0001986 seconds.
  importAddress: GUID: 666fd5e17c3205e469d806ca3f160378 - Path: Packages/com.unity.render-pipelines.universal/Runtime/RendererFeatures/FullScreenPassRendererFeature.migration.cs - Importer: ScriptedImporter/UnityEditor.QuickSearchModule:UnityEditor.Search:ASIAI0B
Importing 'GUID: 666fd5e17c3205e469d806ca3f160378 - Path: Packages/com.unity.render-pipelines.universal/Runtime/RendererFeatures/FullScreenPassRendererFeature.migration.cs - Importer: ScriptedImporter/UnityEditor.QuickSearchModule:UnityEditor.Search:ASIAI0B' with importer (ScriptedImporter : UnityEditor.QuickSearchModule:UnityEditor.Search:ASIAI0B)
Imported 'GUID: 666fd5e17c3205e469d806ca3f160378' -> (Import Result ID: 'cefc9a1b82c7c398f0990762f4ed982b') in 0.003 seconds [static and dynamic dependencies]. Details - ImportResultOutputID=50efc9464facd55ceeb2c8b231fd7116 DependenciesID=1bb8e1e8b4dcc04dc8fd0c8a363a57da StaticDependenciesID=20ce4b6cf3b69adf6dc85cf5acf0781f 
Number of updated asset objects reloaded before import = 0
Number of asset objects unloaded after import = 0
========================================================================
Received Import Request.
  Time of request: 2026-08-05T18:44:52.0181496Z
  Time since last request: 0.000274 seconds.
  importAddress: GUID: dae808f0fde427b45a0db45f2a9e635b - Path: Packages/com.unity.render-pipelines.universal/Runtime/RenderPipelineResources/UniversalRenderPipelineEditorAssets.cs - Importer: ScriptedImporter/UnityEditor.QuickSearchModule:UnityEditor.Search:ASIAI0B
Importing 'GUID: dae808f0fde427b45a0db45f2a9e635b - Path: Packages/com.unity.render-pipelines.universal/Runtime/RenderPipelineResources/UniversalRenderPipelineEditorAssets.cs - Importer: ScriptedImporter/UnityEditor.QuickSearchModule:UnityEditor.Search:ASIAI0B' with importer (ScriptedImporter : UnityEditor.QuickSearchModule:UnityEditor.Search:ASIAI0B)
Imported 'GUID: dae808f0fde427b45a0db45f2a9e635b' -> (Import Result ID: '3d691320bcbb01c0b0926cb956013efa') in 0.004 seconds [static and dynamic dependencies]. Details - ImportResultOutputID=2e8ea04bb64d4ee7cf9192dd8296af0e DependenciesID=3c2c32063bfb3a72909cbd53874da4d9 StaticDependenciesID=ebde5746dfac4b37900fc5bf60b50c1c 
Number of updated asset objects reloaded before import = 0
Number of asset objects unloaded after import = 0
========================================================================
Received Import Request.
  Time of request: 2026-08-05T18:44:52.0285252Z
  Time since last request: 0.0002848 seconds.
  importAddress: GUID: 3f6c848ca3d7bca4bbe846546ac701a1 - Path: Packages/com.unity.render-pipelines.universal/Shaders/2D/Light2D.shader - Importer: ScriptedImporter/UnityEditor.QuickSearchModule:UnityEditor.Search:ASIAI0B
Importing 'GUID: 3f6c848ca3d7bca4bbe846546ac701a1 - Path: Packages/com.unity.render-pipelines.universal/Shaders/2D/Light2D.shader - Importer: ScriptedImporter/UnityEditor.QuickSearchModule:UnityEditor.Search:ASIAI0B' with importer (ScriptedImporter : UnityEditor.QuickSearchModule:UnityEditor.Search:ASIAI0B)
Imported 'GUID: 3f6c848ca3d7bca4bbe846546ac701a1' -> (Import Result ID: 'd9c932fdc3b91b8cdbb0a94ac8bd9e4a') in 0.003 seconds [static and dynamic dependencies]. Details - ImportResultOutputID=60a3b8f9ee05ff6386db8800af77af27 DependenciesID=625869db1aa35b9ad0f7157f5ab214ac StaticDependenciesID=4cc6dbe522e04937834b405b65ef0cbb 
Number of updated asset objects reloaded before import = 0
Number of asset objects unloaded after import = 1
========================================================================
Received Import Request.
  Time of request: 2026-08-05T18:44:52.0381652Z
  Time since last request: 0.0002297 seconds.
  importAddress: GUID: 4ee4501622ea4008903e313980a6b1b2 - Path: Packages/com.unity.render-pipelines.universal/ShaderLibrary/Debug/Debugging2D.hlsl - Importer: ScriptedImporter/UnityEditor.QuickSearchModule:UnityEditor.Search:ASIAI0B
Importing 'GUID: 4ee4501622ea4008903e313980a6b1b2 - Path: Packages/com.unity.render-pipelines.universal/ShaderLibrary/Debug/Debugging2D.hlsl - Importer: ScriptedImporter/UnityEditor.QuickSearchModule:UnityEditor.Search:ASIAI0B' with importer (ScriptedImporter : UnityEditor.QuickSearchModule:UnityEditor.Search:ASIAI0B)
Imported 'GUID: 4ee4501622ea4008903e313980a6b1b2' -> (Import Result ID: '1289e06dbbf3749724ff4c0f6f9dec6e') in 0.007 seconds [static and dynamic dependencies]. Details - ImportResultOutputID=be81f740845c1ff86777df8c2227b4cc DependenciesID=605730746cc52195579440123dca3bde StaticDependenciesID=8dff7c262a4dfdc0cd1c7e9407795e1a 
Number of updated asset objects reloaded before import = 0
Number of asset objects unloaded after import = 1
========================================================================
Received Import Request.
  Time of request: 2026-08-05T18:44:52.0542878Z
  Time since last request: 0.0002167 seconds.
  importAddress: GUID: 4203f0a40f114a18a614d8fa38c29be9 - Path: Packages/com.unity.render-pipelines.universal/ShaderLibrary/Debug/DebuggingFullscreen.hlsl - Importer: ScriptedImporter/UnityEditor.QuickSearchModule:UnityEditor.Search:ASIAI0B
Importing 'GUID: 4203f0a40f114a18a614d8fa38c29be9 - Path: Packages/com.unity.render-pipelines.universal/ShaderLibrary/Debug/DebuggingFullscreen.hlsl - Importer: ScriptedImporter/UnityEditor.QuickSearchModule:UnityEditor.Search:ASIAI0B' with importer (ScriptedImporter : UnityEditor.QuickSearchModule:UnityEditor.Search:ASIAI0B)
Imported 'GUID: 4203f0a40f114a18a614d8fa38c29be9' -> (Import Result ID: '82fa259a08cbebd32fb2007ecac44dd1') in 0.008 seconds [static and dynamic dependencies]. Details - ImportResultOutputID=6cbf7a8600bdeae0d4eb5d6a4c445dbe DependenciesID=53b62947dac31cc43733ccbfbc724770 StaticDependenciesID=1eaaa75aee7e532c39c2b63c25c469d6 
Number of updated asset objects reloaded before import = 0
Number of asset objects unloaded after import = 1
========================================================================
Received Import Request.
  Time of request: 2026-08-05T18:44:52.0794139Z
  Time since last request: 0.0100073 seconds.
  importAddress: GUID: ca0e14e5bf6ac934086f42ca329f4ef1 - Path: Packages/com.unity.render-pipelines.universal/Shaders/Particles/ParticlesSimpleLitGBufferPass.hlsl - Importer: ScriptedImporter/UnityEditor.QuickSearchModule:UnityEditor.Search:ASIAI0B
Importing 'GUID: ca0e14e5bf6ac934086f42ca329f4ef1 - Path: Packages/com.unity.render-pipelines.universal/Shaders/Particles/ParticlesSimpleLitGBufferPass.hlsl - Importer: ScriptedImporter/UnityEditor.QuickSearchModule:UnityEditor.Search:ASIAI0B' with importer (ScriptedImporter : UnityEditor.QuickSearchModule:UnityEditor.Search:ASIAI0B)
Imported 'GUID: ca0e14e5bf6ac934086f42ca329f4ef1' -> (Import Result ID: '18a4c29e40d51785d9b9ee7419c72263') in 0.007 seconds [static and dynamic dependencies]. Details - ImportResultOutputID=897a6ca92136369071d97317a7102973 DependenciesID=d66ccfb2678db142ceac00a59fd72c48 StaticDependenciesID=fa77255eaf14cfa976c7a77bd0805f9f 
Number of updated asset objects reloaded before import = 0
Number of asset objects unloaded after import = 1
========================================================================
Received Import Request.
  Time of request: 2026-08-05T18:44:52.0936403Z
  Time since last request: 0.0003164 seconds.
  importAddress: GUID: a8d5c97876fe84413b2f630e2debf75b - Path: Packages/com.unity.render-pipelines.universal/Shaders/Particles/ParticlesLitForwardPass.hlsl - Importer: ScriptedImporter/UnityEditor.QuickSearchModule:UnityEditor.Search:ASIAI0B
Importing 'GUID: a8d5c97876fe84413b2f630e2debf75b - Path: Packages/com.unity.render-pipelines.universal/Shaders/Particles/ParticlesLitForwardPass.hlsl - Importer: ScriptedImporter/UnityEditor.QuickSearchModule:UnityEditor.Search:ASIAI0B' with importer (ScriptedImporter : UnityEditor.QuickSearchModule:UnityEditor.Search:ASIAI0B)
Imported 'GUID: a8d5c97876fe84413b2f630e2debf75b' -> (Import Result ID: '8542e45555f9b95c59e770bdf0c33fa5') in 0.008 seconds [static and dynamic dependencies]. Details - ImportResultOutputID=816955c265cae91b37485675e7e1589a DependenciesID=78efaa068bd4920c31717552263b7da7 StaticDependenciesID=27fae0a63c85263fc9852fd4b68da52b 
Number of updated asset objects reloaded before import = 0
Number of asset objects unloaded after import = 1
========================================================================
Received Import Request.
  Time of request: 2026-08-05T18:44:52.1096524Z
  Time since last request: 0.0003738 seconds.
  importAddress: GUID: 55e6929e00a20d64eadff49d59e097db - Path: Packages/com.unity.render-pipelines.universal/Shaders/Nature/SpeedTree7CommonInput.hlsl - Importer: ScriptedImporter/UnityEditor.QuickSearchModule:UnityEditor.Search:ASIAI0B
Importing 'GUID: 55e6929e00a20d64eadff49d59e097db - Path: Packages/com.unity.render-pipelines.universal/Shaders/Nature/SpeedTree7CommonInput.hlsl - Importer: ScriptedImporter/UnityEditor.QuickSearchModule:UnityEditor.Search:ASIAI0B' with importer (ScriptedImporter : UnityEditor.QuickSearchModule:UnityEditor.Search:ASIAI0B)
Imported 'GUID: 55e6929e00a20d64eadff49d59e097db' -> (Import Result ID: 'baef19529c7c1e831c413553c217592f') in 0.007 seconds [static and dynamic dependencies]. Details - ImportResultOutputID=e9cbfb3e58d2d8ae5afb9f072469e34d DependenciesID=b1762b23bcf7277ba7d2b170e1acd83f StaticDependenciesID=0351a4902e601eaa246847f5ba8d06a6 
Number of updated asset objects reloaded before import = 0
Number of asset objects unloaded after import = 1
========================================================================
Received Import Request.
  Time of request: 2026-08-05T18:44:52.1237212Z
  Time since last request: 0.0002685 seconds.
  importAddress: GUID: 8ba36b6596e931145bbad992032afb1a - Path: Packages/com.unity.render-pipelines.universal/Shaders/Nature/SpeedTree7BillboardPasses.hlsl - Importer: ScriptedImporter/UnityEditor.QuickSearchModule:UnityEditor.Search:ASIAI0B
Importing 'GUID: 8ba36b6596e931145bbad992032afb1a - Path: Packages/com.unity.render-pipelines.universal/Shaders/Nature/SpeedTree7BillboardPasses.hlsl - Importer: ScriptedImporter/UnityEditor.QuickSearchModule:UnityEditor.Search:ASIAI0B' with importer (ScriptedImporter : UnityEditor.QuickSearchModule:UnityEditor.Search:ASIAI0B)
Imported 'GUID: 8ba36b6596e931145bbad992032afb1a' -> (Import Result ID: 'c68b92d679b2c9c8f13acc77ba1b5c77') in 0.010 seconds [static and dynamic dependencies]. Details - ImportResultOutputID=013baaf2805b902a86807c7893a049df DependenciesID=533499e96c4edb70f3c9aa1f46bf048d StaticDependenciesID=4cc5b0a90c9e1cfa5c3ce7cd65d0776a 
Number of updated asset objects reloaded before import = 0
Number of asset objects unloaded after import = 1
========================================================================
Received Import Request.
  Time of request: 2026-08-05T18:44:52.1414048Z
  Time since last request: 0.0002339 seconds.
  importAddress: GUID: 573620ae32aec764abd4d728906d2587 - Path: Packages/com.unity.render-pipelines.universal/Shaders/Debug/HDRDebugView.shader - Importer: ScriptedImporter/UnityEditor.QuickSearchModule:UnityEditor.Search:ASIAI0B
Importing 'GUID: 573620ae32aec764abd4d728906d2587 - Path: Packages/com.unity.render-pipelines.universal/Shaders/Debug/HDRDebugView.shader - Importer: ScriptedImporter/UnityEditor.QuickSearchModule:UnityEditor.Search:ASIAI0B' with importer (ScriptedImporter : UnityEditor.QuickSearchModule:UnityEditor.Search:ASIAI0B)
Imported 'GUID: 573620ae32aec764abd4d728906d2587' -> (Import Result ID: '06e05cf782520900649fac796b1d779c') in 0.003 seconds [static and dynamic dependencies]. Details - ImportResultOutputID=7d637386c0721285a1dc15a81d3298a5 DependenciesID=8ac11d8f61b668fc441f1125a3a31d2c StaticDependenciesID=95e09698ba8888ac8b18f9bcecbb04aa 
Number of updated asset objects reloaded before import = 0
Number of asset objects unloaded after import = 1
========================================================================
Received Import Request.
  Time of request: 2026-08-05T18:44:52.1514207Z
  Time since last request: 0.0002624 seconds.
  importAddress: GUID: 21322c8b137c66e49b86085d3c8161f6 - Path: Packages/com.unity.render-pipelines.universal/Shaders/Terrain/TerrainLitBase.shader - Importer: ScriptedImporter/UnityEditor.QuickSearchModule:UnityEditor.Search:ASIAI0B
Importing 'GUID: 21322c8b137c66e49b86085d3c8161f6 - Path: Packages/com.unity.render-pipelines.universal/Shaders/Terrain/TerrainLitBase.shader - Importer: ScriptedImporter/UnityEditor.QuickSearchModule:UnityEditor.Search:ASIAI0B' with importer (ScriptedImporter : UnityEditor.QuickSearchModule:UnityEditor.Search:ASIAI0B)
Imported 'GUID: 21322c8b137c66e49b86085d3c8161f6' -> (Import Result ID: '3ae13595b05ce03ef46a0c3de2efd693') in 0.003 seconds [static and dynamic dependencies]. Details - ImportResultOutputID=21654517b7b39d2cfaf67554597100e3 DependenciesID=f06314cd81ea3d179d3d3b127bf46dab StaticDependenciesID=bbff9c8dce963b4e6f79c38d259889dc 
Number of updated asset objects reloaded before import = 0
Number of asset objects unloaded after import = 1
========================================================================
Received Import Request.
  Time of request: 2026-08-05T18:44:52.1635873Z
  Time since last request: 0.0002029 seconds.
  importAddress: GUID: 8516d7a69675844a7a0b7095af7c46af - Path: Packages/com.unity.render-pipelines.universal/Shaders/Particles/ParticlesSimpleLit.shader - Importer: ScriptedImporter/UnityEditor.QuickSearchModule:UnityEditor.Search:ASIAI0B
Importing 'GUID: 8516d7a69675844a7a0b7095af7c46af - Path: Packages/com.unity.render-pipelines.universal/Shaders/Particles/ParticlesSimpleLit.shader - Importer: ScriptedImporter/UnityEditor.QuickSearchModule:UnityEditor.Search:ASIAI0B' with importer (ScriptedImporter : UnityEditor.QuickSearchModule:UnityEditor.Search:ASIAI0B)
Imported 'GUID: 8516d7a69675844a7a0b7095af7c46af' -> (Import Result ID: '48b6baaf1867d8d1945a6a66bf1b52f9') in 0.003 seconds [static and dynamic dependencies]. Details - ImportResultOutputID=7fbdd0f77edf4509c79d190ab171757b DependenciesID=59a69dc702fba2111a12eabd5021bf59 StaticDependenciesID=4517a2a63e561e1cbea1b5576d141f89 
Number of updated asset objects reloaded before import = 0
Number of asset objects unloaded after import = 1
========================================================================
Received Import Request.
  Time of request: 2026-08-05T18:44:52.2006042Z
  Time since last request: 0.0260466 seconds.
  importAddress: GUID: cf9e72a1bdd854b65a42b0d13738efcd - Path: Packages/com.unity.render-pipelines.universal/Tests/Runtime/ShadowCaster2DTests.cs - Importer: ScriptedImporter/UnityEditor.QuickSearchModule:UnityEditor.Search:ASIAI0B
Importing 'GUID: cf9e72a1bdd854b65a42b0d13738efcd - Path: Packages/com.unity.render-pipelines.universal/Tests/Runtime/ShadowCaster2DTests.cs - Importer: ScriptedImporter/UnityEditor.QuickSearchModule:UnityEditor.Search:ASIAI0B' with importer (ScriptedImporter : UnityEditor.QuickSearchModule:UnityEditor.Search:ASIAI0B)
Imported 'GUID: cf9e72a1bdd854b65a42b0d13738efcd' -> (Import Result ID: '51dec32b29e9549144c3e50530bea91a') in 0.002 seconds [static and dynamic dependencies]. Details - ImportResultOutputID=c5690ba53325e1fc4c57340fc22c22a3 DependenciesID=507afe137f890816ad5a5af603fe8d41 StaticDependenciesID=1ebf8506d6c14dd19705aaf37f2ddcd7 
Number of updated asset objects reloaded before import = 0
Number of asset objects unloaded after import = 0
========================================================================
Received Import Request.
  Time of request: 2026-08-05T18:44:52.2104783Z
  Time since last request: 0.0007957 seconds.
  importAddress: GUID: a545bf4d761e01b42818d52899606ced - Path: Packages/com.unity.render-pipelines.universal/Tests/Runtime/LightClusteringTests.cs - Importer: ScriptedImporter/UnityEditor.QuickSearchModule:UnityEditor.Search:ASIAI0B
Importing 'GUID: a545bf4d761e01b42818d52899606ced - Path: Packages/com.unity.render-pipelines.universal/Tests/Runtime/LightClusteringTests.cs - Importer: ScriptedImporter/UnityEditor.QuickSearchModule:UnityEditor.Search:ASIAI0B' with importer (ScriptedImporter : UnityEditor.QuickSearchModule:UnityEditor.Search:ASIAI0B)
Imported 'GUID: a545bf4d761e01b42818d52899606ced' -> (Import Result ID: '16d9f732e7b7ac0d45d5d19044797626') in 0.002 seconds [static and dynamic dependencies]. Details - ImportResultOutputID=f195581fc64a8f05f3580152247f6799 DependenciesID=c42b94260741fe79b59690473bd89db0 StaticDependenciesID=b1fa1b10d7b0dd9c550f5a0a06f2e828 
Number of updated asset objects reloaded before import = 0
Number of asset objects unloaded after import = 0
========================================================================
Received Import Request.
  Time of request: 2026-08-05T18:44:52.2198389Z
  Time since last request: 0.0003184 seconds.
  importAddress: GUID: 7b6328a4b0ed14a9ea5e0629d7c7966c - Path: Packages/com.unity.render-pipelines.universal/Shaders/Terrain/TerrainLitDepthNormalsPass.hlsl - Importer: ScriptedImporter/UnityEditor.QuickSearchModule:UnityEditor.Search:ASIAI0B
Importing 'GUID: 7b6328a4b0ed14a9ea5e0629d7c7966c - Path: Packages/com.unity.render-pipelines.universal/Shaders/Terrain/TerrainLitDepthNormalsPass.hlsl - Importer: ScriptedImporter/UnityEditor.QuickSearchModule:UnityEditor.Search:ASIAI0B' with importer (ScriptedImporter : UnityEditor.QuickSearchModule:UnityEditor.Search:ASIAI0B)
Imported 'GUID: 7b6328a4b0ed14a9ea5e0629d7c7966c' -> (Import Result ID: 'b2fce31d7c7e412bb98bea290264f2b8') in 0.008 seconds [static and dynamic dependencies]. Details - ImportResultOutputID=dcbf7a495493e17b0362e5e7ae9ed0b1 DependenciesID=ffc1245864f746af6bacbd7bd4de4792 StaticDependenciesID=14fc21bfbe569298f1af3ac361625f01 
Number of updated asset objects reloaded before import = 0
Number of asset objects unloaded after import = 1
========================================================================
Received Import Request.
  Time of request: 2026-08-05T18:44:52.2363706Z
  Time since last request: 0.0002463 seconds.
  importAddress: GUID: 4431b1f1f743fbf4eb310a967890cbea - Path: Packages/com.unity.render-pipelines.universal/Shaders/XR/XROcclusionMesh.shader - Importer: ScriptedImporter/UnityEditor.QuickSearchModule:UnityEditor.Search:ASIAI0B
Importing 'GUID: 4431b1f1f743fbf4eb310a967890cbea - Path: Packages/com.unity.render-pipelines.universal/Shaders/XR/XROcclusionMesh.shader - Importer: ScriptedImporter/UnityEditor.QuickSearchModule:UnityEditor.Search:ASIAI0B' with importer (ScriptedImporter : UnityEditor.QuickSearchModule:UnityEditor.Search:ASIAI0B)
Imported 'GUID: 4431b1f1f743fbf4eb310a967890cbea' -> (Import Result ID: '836859428e71d6c643bf5708aab760f7') in 0.003 seconds [static and dynamic dependencies]. Details - ImportResultOutputID=2af30bd8167e8097313b4e877b974777 DependenciesID=ede3ef39db1c900acfba82ddbb8f8927 StaticDependenciesID=975ad08141fbe86cb7b4d074a534ea6b 
Number of updated asset objects reloaded before import = 0
Number of asset objects unloaded after import = 1
========================================================================
Received Import Request.
  Time of request: 2026-08-05T18:44:52.2474755Z
  Time since last request: 0.0002816 seconds.
  importAddress: GUID: e8d6afcb728d4974abc7ecfec3d77a6d - Path: Packages/com.unity.render-pipelines.universal/Tests/Runtime/DecalTests.cs - Importer: ScriptedImporter/UnityEditor.QuickSearchModule:UnityEditor.Search:ASIAI0B
Importing 'GUID: e8d6afcb728d4974abc7ecfec3d77a6d - Path: Packages/com.unity.render-pipelines.universal/Tests/Runtime/DecalTests.cs - Importer: ScriptedImporter/UnityEditor.QuickSearchModule:UnityEditor.Search:ASIAI0B' with importer (ScriptedImporter : UnityEditor.QuickSearchModule:UnityEditor.Search:ASIAI0B)
Imported 'GUID: e8d6afcb728d4974abc7ecfec3d77a6d' -> (Import Result ID: '9ebb3c3f9d900161ee1ab1915de38507') in 0.002 seconds [static and dynamic dependencies]. Details - ImportResultOutputID=b28f10f43e13744b09bf6bd50869a9a2 DependenciesID=8bb99bf82c209edf1b13b6d42f25f571 StaticDependenciesID=4ca2cb6a4610741d13cf37ef97ecdff8 
Number of updated asset objects reloaded before import = 0
Number of asset objects unloaded after import = 0
========================================================================
Received Import Request.
  Time of request: 2026-08-05T18:44:52.2586303Z
  Time since last request: 0.0002786 seconds.
  importAddress: GUID: d6dae50ee9e1bfa4db75f19f99355220 - Path: Packages/com.unity.render-pipelines.universal/Shaders/Utils/CopyDepth.shader - Importer: ScriptedImporter/UnityEditor.QuickSearchModule:UnityEditor.Search:ASIAI0B
Importing 'GUID: d6dae50ee9e1bfa4db75f19f99355220 - Path: Packages/com.unity.render-pipelines.universal/Shaders/Utils/CopyDepth.shader - Importer: ScriptedImporter/UnityEditor.QuickSearchModule:UnityEditor.Search:ASIAI0B' with importer (ScriptedImporter : UnityEditor.QuickSearchModule:UnityEditor.Search:ASIAI0B)
Imported 'GUID: d6dae50ee9e1bfa4db75f19f99355220' -> (Import Result ID: '3343806a8c891e37cc6bef8c36eeb21c') in 0.003 seconds [static and dynamic dependencies]. Details - ImportResultOutputID=fae7f86fdefb599f5372280040134f8f DependenciesID=dbed43555b6417d91ec1602f8f58362f StaticDependenciesID=2436af62aec022817fc1affc8e467c9f 
Number of updated asset objects reloaded before import = 0
Number of asset objects unloaded after import = 1
========================================================================
Received Import Request.
  Time of request: 2026-08-05T18:44:52.270299Z
  Time since last request: 0.0002027 seconds.
  importAddress: GUID: 7f888aff2ac86494babad1c2c5daeee2 - Path: Packages/com.unity.render-pipelines.universal/Shaders/Utils/FallbackLoading.shader - Importer: ScriptedImporter/UnityEditor.QuickSearchModule:UnityEditor.Search:ASIAI0B
Importing 'GUID: 7f888aff2ac86494babad1c2c5daeee2 - Path: Packages/com.unity.render-pipelines.universal/Shaders/Utils/FallbackLoading.shader - Importer: ScriptedImporter/UnityEditor.QuickSearchModule:UnityEditor.Search:ASIAI0B' with importer (ScriptedImporter : UnityEditor.QuickSearchModule:UnityEditor.Search:ASIAI0B)
Imported 'GUID: 7f888aff2ac86494babad1c2c5daeee2' -> (Import Result ID: 'c798705cf3aef12f5ae0f5e034d2f78a') in 0.003 seconds [static and dynamic dependencies]. Details - ImportResultOutputID=9280fbdf8b8f1c531b0fcb07c1cf340e DependenciesID=4cd872e8aa407d2f67895f6a24d1e61e StaticDependenciesID=c958b8cc0ade44212bd28cb55ef29ec0 
Number of updated asset objects reloaded before import = 0
Number of asset objects unloaded after import = 1
========================================================================
Received Import Request.
  Time of request: 2026-08-05T18:44:52.2797812Z
  Time since last request: 0.0002647 seconds.
  importAddress: GUID: a89bee29cffa951418fc1e2da94d1959 - Path: Packages/com.unity.render-pipelines.universal/Shaders/Utils/BlitHDROverlay.shader - Importer: ScriptedImporter/UnityEditor.QuickSearchModule:UnityEditor.Search:ASIAI0B
Importing 'GUID: a89bee29cffa951418fc1e2da94d1959 - Path: Packages/com.unity.render-pipelines.universal/Shaders/Utils/BlitHDROverlay.shader - Importer: ScriptedImporter/UnityEditor.QuickSearchModule:UnityEditor.Search:ASIAI0B' with importer (ScriptedImporter : UnityEditor.QuickSearchModule:UnityEditor.Search:ASIAI0B)
Imported 'GUID: a89bee29cffa951418fc1e2da94d1959' -> (Import Result ID: '59a8a71e403c2693bd9195b30880dd7e') in 0.002 seconds [static and dynamic dependencies]. Details - ImportResultOutputID=4dd2a770e15bdba3d604a0ce3980458e DependenciesID=790e015d89e9ba55d6bfe522c2e513af StaticDependenciesID=15c943ab0a36c8517ec807647c636a57 
Number of updated asset objects reloaded before import = 0
Number of asset objects unloaded after import = 1
========================================================================
Received Import Request.
  Time of request: 2026-08-05T18:44:52.2892254Z
  Time since last request: 0.0002799 seconds.
  importAddress: GUID: ded32ce19f1afce42a36cb8e415e3aca - Path: Packages/com.unity.render-pipelines.universal/Shaders/XR/XRVisibilityMeshHelper.hlsl - Importer: ScriptedImporter/UnityEditor.QuickSearchModule:UnityEditor.Search:ASIAI0B
Importing 'GUID: ded32ce19f1afce42a36cb8e415e3aca - Path: Packages/com.unity.render-pipelines.universal/Shaders/XR/XRVisibilityMeshHelper.hlsl - Importer: ScriptedImporter/UnityEditor.QuickSearchModule:UnityEditor.Search:ASIAI0B' with importer (ScriptedImporter : UnityEditor.QuickSearchModule:UnityEditor.Search:ASIAI0B)
Imported 'GUID: ded32ce19f1afce42a36cb8e415e3aca' -> (Import Result ID: '4ee392248a27fff26ced17ed9835fa81') in 0.007 seconds [static and dynamic dependencies]. Details - ImportResultOutputID=a926d25f9ae4d01c71e13398f65ab01f DependenciesID=aad7a13f2c9670f19efee5a0ae7aa652 StaticDependenciesID=d7e43c39d3b667b47addca920e5229ee 
Number of updated asset objects reloaded before import = 0
Number of asset objects unloaded after import = 1
========================================================================
Received Import Request.
  Time of request: 2026-08-05T18:44:52.3224798Z
  Time since last request: 0.0184351 seconds.
  importAddress: GUID: bde473d70341e914d94eb75dadeae951 - Path: Packages/com.unity.render-pipelines.universal/Editor/2D/Provider2D/Provider2DSources_PropertyDrawer.cs - Importer: ScriptedImporter/UnityEditor.QuickSearchModule:UnityEditor.Search:ASIAI0B
Importing 'GUID: bde473d70341e914d94eb75dadeae951 - Path: Packages/com.unity.render-pipelines.universal/Editor/2D/Provider2D/Provider2DSources_PropertyDrawer.cs - Importer: ScriptedImporter/UnityEditor.QuickSearchModule:UnityEditor.Search:ASIAI0B' with importer (ScriptedImporter : UnityEditor.QuickSearchModule:UnityEditor.Search:ASIAI0B)
Imported 'GUID: bde473d70341e914d94eb75dadeae951' -> (Import Result ID: '07bc57e6a31759a1f5fbbbb4f4f605f8') in 0.002 seconds [static and dynamic dependencies]. Details - ImportResultOutputID=97b36373648b7e98c38c9f16b7ea3988 DependenciesID=c0a043e9031a32cb2e4cdfff836ea8ff StaticDependenciesID=dc32abe250791997a69e88ae994fc6fc 
Number of updated asset objects reloaded before import = 0
Number of asset objects unloaded after import = 0
========================================================================
Received Import Request.
  Time of request: 2026-08-05T18:44:52.3317623Z
  Time since last request: 0.0003868 seconds.
  importAddress: GUID: 8ff6b33302abd394d9b73a719ab6dde0 - Path: Packages/com.unity.render-pipelines.universal/Editor/2D/Provider2D/ShadowShape2DProvider_SpriteSkin_PropertyDrawer.cs - Importer: ScriptedImporter/UnityEditor.QuickSearchModule:UnityEditor.Search:ASIAI0B
Importing 'GUID: 8ff6b33302abd394d9b73a719ab6dde0 - Path: Packages/com.unity.render-pipelines.universal/Editor/2D/Provider2D/ShadowShape2DProvider_SpriteSkin_PropertyDrawer.cs - Importer: ScriptedImporter/UnityEditor.QuickSearchModule:UnityEditor.Search:ASIAI0B' with importer (ScriptedImporter : UnityEditor.QuickSearchModule:UnityEditor.Search:ASIAI0B)
Imported 'GUID: 8ff6b33302abd394d9b73a719ab6dde0' -> (Import Result ID: 'd9d69877dfbee42e4c5905be1736d1dd') in 0.002 seconds [static and dynamic dependencies]. Details - ImportResultOutputID=013c1c8a5321a3bfed4a00ae7eb8adf6 DependenciesID=35ab5c2aa5d87ebc1dcbbe150fa45bea StaticDependenciesID=d892363a0f9ea3acfcf7a8ca8e2d6a1e 
Number of updated asset objects reloaded before import = 0
Number of asset objects unloaded after import = 0
========================================================================
Received Import Request.
  Time of request: 2026-08-05T18:44:52.3417541Z
  Time since last request: 0.0002004 seconds.
  importAddress: GUID: cb76dd40fa7654f9587f6a344f125c9a - Path: Packages/com.unity.render-pipelines.universal/Textures/BlueNoise256/LDR_LLL1_3.png - Importer: ScriptedImporter/UnityEditor.QuickSearchModule:UnityEditor.Search:ASIAI0B
Importing 'GUID: cb76dd40fa7654f9587f6a344f125c9a - Path: Packages/com.unity.render-pipelines.universal/Textures/BlueNoise256/LDR_LLL1_3.png - Importer: ScriptedImporter/UnityEditor.QuickSearchModule:UnityEditor.Search:ASIAI0B' with importer (ScriptedImporter : UnityEditor.QuickSearchModule:UnityEditor.Search:ASIAI0B)
Imported 'GUID: cb76dd40fa7654f9587f6a344f125c9a' -> (Import Result ID: '16e2b37c853d6d11b6e8f40290b6ae5b') in 0.005 seconds [static and dynamic dependencies]. Details - ImportResultOutputID=b278b4f2b0d8de51672a28eb94d4f935 DependenciesID=ed2659d2a7ecfa698e89458d05525192 StaticDependenciesID=b32d1ad77255aee9151fa15720627a09 
Number of updated asset objects reloaded before import = 0
Number of asset objects unloaded after import = 1
========================================================================
Received Import Request.
  Time of request: 2026-08-05T18:44:52.3549667Z
  Time since last request: 0.0002105 seconds.
  importAddress: GUID: 36f118343fc974119bee3d09e2111500 - Path: Packages/com.unity.render-pipelines.universal/Textures/BlueNoise256/LDR_LLL1_0.png - Importer: ScriptedImporter/UnityEditor.QuickSearchModule:UnityEditor.Search:ASIAI0B
Importing 'GUID: 36f118343fc974119bee3d09e2111500 - Path: Packages/com.unity.render-pipelines.universal/Textures/BlueNoise256/LDR_LLL1_0.png - Importer: ScriptedImporter/UnityEditor.QuickSearchModule:UnityEditor.Search:ASIAI0B' with importer (ScriptedImporter : UnityEditor.QuickSearchModule:UnityEditor.Search:ASIAI0B)
Imported 'GUID: 36f118343fc974119bee3d09e2111500' -> (Import Result ID: '7fcf345a72d5348af48be11d8b7b8786') in 0.004 seconds [static and dynamic dependencies]. Details - ImportResultOutputID=1b7177261a53106640669db1999bd776 DependenciesID=d825373058aea26fd67ead3fcdbc7709 StaticDependenciesID=95bc7c50c64a61674987c49af47dacb7 
Number of updated asset objects reloaded before import = 0
Number of asset objects unloaded after import = 1
========================================================================
Received Import Request.
  Time of request: 2026-08-05T18:44:52.3662181Z
  Time since last request: 0.0002263 seconds.
  importAddress: GUID: 8a5fe95d62765c0459615b3a5e71c3a1 - Path: Packages/com.unity.render-pipelines.universal/Editor/2D/Converter/BuiltInPixelPerfectCameraConverter.cs - Importer: ScriptedImporter/UnityEditor.QuickSearchModule:UnityEditor.Search:ASIAI0B
Importing 'GUID: 8a5fe95d62765c0459615b3a5e71c3a1 - Path: Packages/com.unity.render-pipelines.universal/Editor/2D/Converter/BuiltInPixelPerfectCameraConverter.cs - Importer: ScriptedImporter/UnityEditor.QuickSearchModule:UnityEditor.Search:ASIAI0B' with importer (ScriptedImporter : UnityEditor.QuickSearchModule:UnityEditor.Search:ASIAI0B)
Imported 'GUID: 8a5fe95d62765c0459615b3a5e71c3a1' -> (Import Result ID: 'e30b77a8e4f8549e73e134f7eefd8f7a') in 0.002 seconds [static and dynamic dependencies]. Details - ImportResultOutputID=6bc1f83899b05cf0e02af0193ddbb6ea DependenciesID=1441f5d43acfc3aa1b42119d58c44fc9 StaticDependenciesID=0b705393c629950f080afd00e1a25a5c 
Number of updated asset objects reloaded before import = 0
Number of asset objects unloaded after import = 0
========================================================================
Received Import Request.
  Time of request: 2026-08-05T18:44:52.3773015Z
  Time since last request: 0.0002624 seconds.
  importAddress: GUID: ec2f01df0bb1bfe459b5562a9e71c8d4 - Path: Packages/com.unity.render-pipelines.universal/Editor/2D/Resources/Cinemachine.png - Importer: ScriptedImporter/UnityEditor.QuickSearchModule:UnityEditor.Search:ASIAI0B
Importing 'GUID: ec2f01df0bb1bfe459b5562a9e71c8d4 - Path: Packages/com.unity.render-pipelines.universal/Editor/2D/Resources/Cinemachine.png - Importer: ScriptedImporter/UnityEditor.QuickSearchModule:UnityEditor.Search:ASIAI0B' with importer (ScriptedImporter : UnityEditor.QuickSearchModule:UnityEditor.Search:ASIAI0B)
Imported 'GUID: ec2f01df0bb1bfe459b5562a9e71c8d4' -> (Import Result ID: 'd16d866aa9d35f2be02bcbfeabd2c851') in 0.012 seconds [static and dynamic dependencies]. Details - ImportResultOutputID=1d3ca1d97b5de778a91b0ec296969c1a DependenciesID=7c40a155fe199dfc52ee229a10b97978 StaticDependenciesID=a5a7571b51a9975492ca695bfd6f6f75 
Number of updated asset objects reloaded before import = 0
Number of asset objects unloaded after import = 1
========================================================================
Received Import Request.
  Time of request: 2026-08-05T18:44:52.3961026Z
  Time since last request: 0.0003116 seconds.
  importAddress: GUID: 0f8c4e2f372f94e4dbbdc7ce528a8ba4 - Path: Packages/com.unity.render-pipelines.universal/Editor/2D/Overrides/ScriptableRendererFeature2DEditor.cs - Importer: ScriptedImporter/UnityEditor.QuickSearchModule:UnityEditor.Search:ASIAI0B
Importing 'GUID: 0f8c4e2f372f94e4dbbdc7ce528a8ba4 - Path: Packages/com.unity.render-pipelines.universal/Editor/2D/Overrides/ScriptableRendererFeature2DEditor.cs - Importer: ScriptedImporter/UnityEditor.QuickSearchModule:UnityEditor.Search:ASIAI0B' with importer (ScriptedImporter : UnityEditor.QuickSearchModule:UnityEditor.Search:ASIAI0B)
Imported 'GUID: 0f8c4e2f372f94e4dbbdc7ce528a8ba4' -> (Import Result ID: '8bd8fe2d42584158e132125a30815b8b') in 0.003 seconds [static and dynamic dependencies]. Details - ImportResultOutputID=a3cef5417ab6ffae13959e9ef7516958 DependenciesID=3841bb8008cd8c5a3f000e6ba5338f76 StaticDependenciesID=6f6ee8ccd1a58eb9f47e0c77633d162a 
Number of updated asset objects reloaded before import = 0
Number of asset objects unloaded after import = 0
========================================================================
Received Import Request.
  Time of request: 2026-08-05T18:44:52.4071667Z
  Time since last request: 0.0002202 seconds.
  importAddress: GUID: 9ba98ca4f0fc0754caca09e38af0cc0a - Path: Packages/com.unity.render-pipelines.universal/Editor/Decal/Resources/DecalGizmo.png - Importer: ScriptedImporter/UnityEditor.QuickSearchModule:UnityEditor.Search:ASIAI0B
Importing 'GUID: 9ba98ca4f0fc0754caca09e38af0cc0a - Path: Packages/com.unity.render-pipelines.universal/Editor/Decal/Resources/DecalGizmo.png - Importer: ScriptedImporter/UnityEditor.QuickSearchModule:UnityEditor.Search:ASIAI0B' with importer (ScriptedImporter : UnityEditor.QuickSearchModule:UnityEditor.Search:ASIAI0B)
Imported 'GUID: 9ba98ca4f0fc0754caca09e38af0cc0a' -> (Import Result ID: 'c21191c70f362d16d6924cf5ae6fa6c1') in 0.009 seconds [static and dynamic dependencies]. Details - ImportResultOutputID=ebe55b502dc7a6f98c7dbc87fbb60e62 DependenciesID=ab12c08419f1a19065e92847cfd2fa91 StaticDependenciesID=5bd7a7f92f06c03a1bbee0f918c19697 
Number of updated asset objects reloaded before import = 0
Number of asset objects unloaded after import = 1
========================================================================
Received Import Request.
  Time of request: 2026-08-05T18:44:52.4418562Z
  Time since last request: 0.0173442 seconds.
  importAddress: GUID: 0618e9bb046736646afe2346a3813db4 - Path: Packages/com.unity.render-pipelines.universal/Editor/ShaderGraph/Includes/CanvasPass.hlsl - Importer: ScriptedImporter/UnityEditor.QuickSearchModule:UnityEditor.Search:ASIAI0B
Importing 'GUID: 0618e9bb046736646afe2346a3813db4 - Path: Packages/com.unity.render-pipelines.universal/Editor/ShaderGraph/Includes/CanvasPass.hlsl - Importer: ScriptedImporter/UnityEditor.QuickSearchModule:UnityEditor.Search:ASIAI0B' with importer (ScriptedImporter : UnityEditor.QuickSearchModule:UnityEditor.Search:ASIAI0B)
Imported 'GUID: 0618e9bb046736646afe2346a3813db4' -> (Import Result ID: '4136b1a8f10b44afae650206bfc76717') in 0.008 seconds [static and dynamic dependencies]. Details - ImportResultOutputID=a96d986616d0b740d5c35ea62e50e34a DependenciesID=91e7801f18acdae21f67698d72d76c0f StaticDependenciesID=4d097889821a606e2f8beca701fad44c 
Number of updated asset objects reloaded before import = 0
Number of asset objects unloaded after import = 1
========================================================================
Received Import Request.
  Time of request: 2026-08-05T18:44:52.4563962Z
  Time since last request: 0.000253 seconds.
  importAddress: GUID: ea5e0c2b753f4b5287a5a23f0e61407e - Path: Packages/com.unity.render-pipelines.universal/Editor/ShaderGraph/Includes/SixWayForwardPass.hlsl - Importer: ScriptedImporter/UnityEditor.QuickSearchModule:UnityEditor.Search:ASIAI0B
Importing 'GUID: ea5e0c2b753f4b5287a5a23f0e61407e - Path: Packages/com.unity.render-pipelines.universal/Editor/ShaderGraph/Includes/SixWayForwardPass.hlsl - Importer: ScriptedImporter/UnityEditor.QuickSearchModule:UnityEditor.Search:ASIAI0B' with importer (ScriptedImporter : UnityEditor.QuickSearchModule:UnityEditor.Search:ASIAI0B)
Imported 'GUID: ea5e0c2b753f4b5287a5a23f0e61407e' -> (Import Result ID: '5771cb35adcecac86a165213da55b7cd') in 0.009 seconds [static and dynamic dependencies]. Details - ImportResultOutputID=1fe71ebc947ec1c10bd4e432f237b790 DependenciesID=28b4f6cf35a80ac3e498ce2ba5e927ae StaticDependenciesID=1da0929abe9582e651b560c0e604fad7 
Number of updated asset objects reloaded before import = 0
Number of asset objects unloaded after import = 1
========================================================================
Received Import Request.
  Time of request: 2026-08-05T18:44:52.4749208Z
  Time since last request: 0.0004224 seconds.
  importAddress: GUID: ba78d2682f9fed14fb0827a24fb5a1f0 - Path: Packages/com.unity.render-pipelines.universal/Editor/ShaderGraph/Includes/ShaderPass.hlsl - Importer: ScriptedImporter/UnityEditor.QuickSearchModule:UnityEditor.Search:ASIAI0B
Importing 'GUID: ba78d2682f9fed14fb0827a24fb5a1f0 - Path: Packages/com.unity.render-pipelines.universal/Editor/ShaderGraph/Includes/ShaderPass.hlsl - Importer: ScriptedImporter/UnityEditor.QuickSearchModule:UnityEditor.Search:ASIAI0B' with importer (ScriptedImporter : UnityEditor.QuickSearchModule:UnityEditor.Search:ASIAI0B)
Imported 'GUID: ba78d2682f9fed14fb0827a24fb5a1f0' -> (Import Result ID: '67603120e12711dd0fbef0f188985b13') in 0.002 seconds [static and dynamic dependencies]. Details - ImportResultOutputID=b9414d473f8168b4dddbb763f67bcafc DependenciesID=00e3d898ecc2cf374a31df88d6cc73f9 StaticDependenciesID=ce574a98fcbf0df25e1fc6ecdcb7ac4f 
Number of updated asset objects reloaded before import = 0
Number of asset objects unloaded after import = 1
========================================================================
Received Import Request.
  Time of request: 2026-08-05T18:44:52.4858817Z
  Time since last request: 0.000228 seconds.
  importAddress: GUID: df41eefe8c13d444ca890dddbbc61f8d - Path: Packages/com.unity.render-pipelines.universal/Editor/ShaderGraph/GraphTemplates/Fullscreen Basic URP.shadergraph - Importer: ScriptedImporter/UnityEditor.QuickSearchModule:UnityEditor.Search:ASIAI0B
Importing 'GUID: df41eefe8c13d444ca890dddbbc61f8d - Path: Packages/com.unity.render-pipelines.universal/Editor/ShaderGraph/GraphTemplates/Fullscreen Basic URP.shadergraph - Importer: ScriptedImporter/UnityEditor.QuickSearchModule:UnityEditor.Search:ASIAI0B' with importer (ScriptedImporter : UnityEditor.QuickSearchModule:UnityEditor.Search:ASIAI0B)
Imported 'GUID: df41eefe8c13d444ca890dddbbc61f8d' -> (Import Result ID: '0e04158af10cad38cf27394f5f9d69e7') in 0.017 seconds [static and dynamic dependencies]. Details - ImportResultOutputID=56148d900379d1a4e805b29382bf34a7 DependenciesID=d9bdb5a73871848be089892c833a6793 StaticDependenciesID=29be307faf39c934b10f4d2179a47bac 
Number of updated asset objects reloaded before import = 0
Number of asset objects unloaded after import = 5
========================================================================
Received Import Request.
  Time of request: 2026-08-05T18:44:52.5106291Z
  Time since last request: 0.0001674 seconds.
  importAddress: GUID: 928853c33a90408408408d3b4bfb96e8 - Path: Packages/com.unity.render-pipelines.universal/Editor/ShaderGraph/Targets/UniversalTerrainLitSubTarget.cs - Importer: ScriptedImporter/UnityEditor.QuickSearchModule:UnityEditor.Search:ASIAI0B
Importing 'GUID: 928853c33a90408408408d3b4bfb96e8 - Path: Packages/com.unity.render-pipelines.universal/Editor/ShaderGraph/Targets/UniversalTerrainLitSubTarget.cs - Importer: ScriptedImporter/UnityEditor.QuickSearchModule:UnityEditor.Search:ASIAI0B' with importer (ScriptedImporter : UnityEditor.QuickSearchModule:UnityEditor.Search:ASIAI0B)
Imported 'GUID: 928853c33a90408408408d3b4bfb96e8' -> (Import Result ID: 'de9eac4e0982354ffe875ff2eddb072e') in 0.002 seconds [static and dynamic dependencies]. Details - ImportResultOutputID=de7d7c22af7062447e07555e2a92e3d4 DependenciesID=13d64ba647e930d5494c4dae44aab478 StaticDependenciesID=58639f21bb90c24aae94bdf72fef7da3 
Number of updated asset objects reloaded before import = 0
Number of asset objects unloaded after import = 0
========================================================================
Received Import Request.
  Time of request: 2026-08-05T18:44:52.5203112Z
  Time since last request: 0.0004049 seconds.
  importAddress: GUID: 131f64991fbd3cb4286f7fbc05dcf29e - Path: Packages/com.unity.render-pipelines.universal/Editor/ShaderGraph/Includes/ShaderPassDecal.hlsl - Importer: ScriptedImporter/UnityEditor.QuickSearchModule:UnityEditor.Search:ASIAI0B
Importing 'GUID: 131f64991fbd3cb4286f7fbc05dcf29e - Path: Packages/com.unity.render-pipelines.universal/Editor/ShaderGraph/Includes/ShaderPassDecal.hlsl - Importer: ScriptedImporter/UnityEditor.QuickSearchModule:UnityEditor.Search:ASIAI0B' with importer (ScriptedImporter : UnityEditor.QuickSearchModule:UnityEditor.Search:ASIAI0B)
Imported 'GUID: 131f64991fbd3cb4286f7fbc05dcf29e' -> (Import Result ID: '40780cdb08fadca74a6b65d7316bff2b') in 0.007 seconds [static and dynamic dependencies]. Details - ImportResultOutputID=0ed3ebb8708da2077595145dea61adb4 DependenciesID=acc8bc1f76273e2367c0a00ebbb20f5b StaticDependenciesID=4e10ea65e70d25c3812b19385e441588 
Number of updated asset objects reloaded before import = 0
Number of asset objects unloaded after import = 1
========================================================================
Received Import Request.
  Time of request: 2026-08-05T18:44:52.5350086Z
  Time since last request: 0.0001887 seconds.
  importAddress: GUID: 8f266648f26372548b2ae696d6db739e - Path: Packages/com.unity.render-pipelines.universal/Editor/ShaderGraph/Includes/DepthOnlyPass.hlsl - Importer: ScriptedImporter/UnityEditor.QuickSearchModule:UnityEditor.Search:ASIAI0B
Importing 'GUID: 8f266648f26372548b2ae696d6db739e - Path: Packages/com.unity.render-pipelines.universal/Editor/ShaderGraph/Includes/DepthOnlyPass.hlsl - Importer: ScriptedImporter/UnityEditor.QuickSearchModule:UnityEditor.Search:ASIAI0B' with importer (ScriptedImporter : UnityEditor.QuickSearchModule:UnityEditor.Search:ASIAI0B)
Imported 'GUID: 8f266648f26372548b2ae696d6db739e' -> (Import Result ID: '28bc057813a07c3d742abe17d0e05a54') in 0.003 seconds [static and dynamic dependencies]. Details - ImportResultOutputID=e5af7c4be90ed77e5a2b46fe9c747a27 DependenciesID=fe1f1658ba3efe7b51f3a33963dde0ce StaticDependenciesID=8b1293c462fe75e8dcfbadd8d21f4876 
Number of updated asset objects reloaded before import = 0
Number of asset objects unloaded after import = 1
========================================================================
Received Import Request.
  Time of request: 2026-08-05T18:44:52.5578134Z
  Time since last request: 0.0124908 seconds.
  importAddress: GUID: d422a258210649e8bf5d57f759d8e5da - Path: Packages/com.unity.render-pipelines.universal/Editor/VFXGraph/Shaders/VFXDecal.template - Importer: ScriptedImporter/UnityEditor.QuickSearchModule:UnityEditor.Search:ASIAI0B
Importing 'GUID: d422a258210649e8bf5d57f759d8e5da - Path: Packages/com.unity.render-pipelines.universal/Editor/VFXGraph/Shaders/VFXDecal.template - Importer: ScriptedImporter/UnityEditor.QuickSearchModule:UnityEditor.Search:ASIAI0B' with importer (ScriptedImporter : UnityEditor.QuickSearchModule:UnityEditor.Search:ASIAI0B)
Imported 'GUID: d422a258210649e8bf5d57f759d8e5da' -> (Import Result ID: '24d90038148146c2d21542a7df230bf4') in 0.002 seconds [static and dynamic dependencies]. Details - ImportResultOutputID=0db28126e0463a65c9a36dffcea12c77 DependenciesID=344cfad7a972a67bd53923a60aa9f2d2 StaticDependenciesID=a20cfafce92a2d54a596f26b58a3f0cd 
Number of updated asset objects reloaded before import = 0
Number of asset objects unloaded after import = 1
========================================================================
Received Import Request.
  Time of request: 2026-08-05T18:44:52.5679398Z
  Time since last request: 0.0008289 seconds.
  importAddress: GUID: 3fce2db4cb62a33459ea6809881ae780 - Path: Packages/com.unity.render-pipelines.universal/Runtime/2D/Sources/Provider2DSource.cs - Importer: ScriptedImporter/UnityEditor.QuickSearchModule:UnityEditor.Search:ASIAI0B
Importing 'GUID: 3fce2db4cb62a33459ea6809881ae780 - Path: Packages/com.unity.render-pipelines.universal/Runtime/2D/Sources/Provider2DSource.cs - Importer: ScriptedImporter/UnityEditor.QuickSearchModule:UnityEditor.Search:ASIAI0B' with importer (ScriptedImporter : UnityEditor.QuickSearchModule:UnityEditor.Search:ASIAI0B)
Imported 'GUID: 3fce2db4cb62a33459ea6809881ae780' -> (Import Result ID: 'bc8b7bfb720b9c402149fb8858b6a6e7') in 0.003 seconds [static and dynamic dependencies]. Details - ImportResultOutputID=c7e66d2af80e2bf14f5f8eff6a9e91e4 DependenciesID=b46f4a72af2f7c312110c5b36295e872 StaticDependenciesID=ba5d8b20b81c8b0ff94c409e24fa1a91 
Number of updated asset objects reloaded before import = 0
Number of asset objects unloaded after import = 0
========================================================================
Received Import Request.
  Time of request: 2026-08-05T18:44:52.5801612Z
  Time since last request: 0.0002407 seconds.
  importAddress: GUID: b3c58a63bfb3ecb4d81289bf60b5b802 - Path: Packages/com.unity.render-pipelines.universal/Editor/Tools/Converters/BuiltInToURP3DMaterialUpgrader.cs - Importer: ScriptedImporter/UnityEditor.QuickSearchModule:UnityEditor.Search:ASIAI0B
Importing 'GUID: b3c58a63bfb3ecb4d81289bf60b5b802 - Path: Packages/com.unity.render-pipelines.universal/Editor/Tools/Converters/BuiltInToURP3DMaterialUpgrader.cs - Importer: ScriptedImporter/UnityEditor.QuickSearchModule:UnityEditor.Search:ASIAI0B' with importer (ScriptedImporter : UnityEditor.QuickSearchModule:UnityEditor.Search:ASIAI0B)
Imported 'GUID: b3c58a63bfb3ecb4d81289bf60b5b802' -> (Import Result ID: '07449e096bed69e099c050ca9cbadc61') in 0.002 seconds [static and dynamic dependencies]. Details - ImportResultOutputID=198dab248599d66d5ba98769055d6be1 DependenciesID=88e7fd0355e14583a1bef28d1c8ade23 StaticDependenciesID=3bb06b8a9efb4490df47bdc5d5c5b8ba 
Number of updated asset objects reloaded before import = 0
Number of asset objects unloaded after import = 0
========================================================================
Received Import Request.
  Time of request: 2026-08-05T18:44:52.5897967Z
  Time since last request: 0.0002416 seconds.
  importAddress: GUID: 8fe5351dffe46e648adb2abd7a167ce7 - Path: Packages/com.unity.render-pipelines.universal/Editor/Tools/MaterialUpgrader/UpgradeCommon.cs - Importer: ScriptedImporter/UnityEditor.QuickSearchModule:UnityEditor.Search:ASIAI0B
Importing 'GUID: 8fe5351dffe46e648adb2abd7a167ce7 - Path: Packages/com.unity.render-pipelines.universal/Editor/Tools/MaterialUpgrader/UpgradeCommon.cs - Importer: ScriptedImporter/UnityEditor.QuickSearchModule:UnityEditor.Search:ASIAI0B' with importer (ScriptedImporter : UnityEditor.QuickSearchModule:UnityEditor.Search:ASIAI0B)
Imported 'GUID: 8fe5351dffe46e648adb2abd7a167ce7' -> (Import Result ID: '47f88ac1b5004870695729eae9f99474') in 0.002 seconds [static and dynamic dependencies]. Details - ImportResultOutputID=0a89f7b0a7e0b5fbbda29ee97c623318 DependenciesID=395d93668d59d2b4ffd45b387f23f9e0 StaticDependenciesID=727386cc07ac779fb152404a07857917 
Number of updated asset objects reloaded before import = 0
Number of asset objects unloaded after import = 0
========================================================================
Received Import Request.
  Time of request: 2026-08-05T18:44:52.5994425Z
  Time since last request: 0.0002258 seconds.
  importAddress: GUID: 56d99b71230e8854aa450311b2cc4e85 - Path: Packages/com.unity.render-pipelines.universal/Runtime/2D/Sources/Light2DProviderSources.cs - Importer: ScriptedImporter/UnityEditor.QuickSearchModule:UnityEditor.Search:ASIAI0B
Importing 'GUID: 56d99b71230e8854aa450311b2cc4e85 - Path: Packages/com.unity.render-pipelines.universal/Runtime/2D/Sources/Light2DProviderSources.cs - Importer: ScriptedImporter/UnityEditor.QuickSearchModule:UnityEditor.Search:ASIAI0B' with importer (ScriptedImporter : UnityEditor.QuickSearchModule:UnityEditor.Search:ASIAI0B)
Imported 'GUID: 56d99b71230e8854aa450311b2cc4e85' -> (Import Result ID: 'da93daa62997100be9d25bb9c63db8e0') in 0.002 seconds [static and dynamic dependencies]. Details - ImportResultOutputID=800955ef42e0416bf39bce650710bbbe DependenciesID=1150be6ac3fb14ece5a0970cf256f0bb StaticDependenciesID=ca0eac0633617d4caaf6b1ca49406190 
Number of updated asset objects reloaded before import = 0
Number of asset objects unloaded after import = 0
========================================================================
Received Import Request.
  Time of request: 2026-08-05T18:44:52.6096212Z
  Time since last request: 0.000221 seconds.
  importAddress: GUID: 9818dc043dbe84466a71ed6178bbffda - Path: Packages/com.unity.render-pipelines.universal/Editor/ShaderGUI/Shaders/ParticlesLitShader.cs - Importer: ScriptedImporter/UnityEditor.QuickSearchModule:UnityEditor.Search:ASIAI0B
Importing 'GUID: 9818dc043dbe84466a71ed6178bbffda - Path: Packages/com.unity.render-pipelines.universal/Editor/ShaderGUI/Shaders/ParticlesLitShader.cs - Importer: ScriptedImporter/UnityEditor.QuickSearchModule:UnityEditor.Search:ASIAI0B' with importer (ScriptedImporter : UnityEditor.QuickSearchModule:UnityEditor.Search:ASIAI0B)
Imported 'GUID: 9818dc043dbe84466a71ed6178bbffda' -> (Import Result ID: '5cd6adba9d198d4bd01df5ca91990703') in 0.002 seconds [static and dynamic dependencies]. Details - ImportResultOutputID=c58c9fe9a6139db3dc5a290607663800 DependenciesID=25da161f1d22ed380cd9b468bba01742 StaticDependenciesID=8c9ef103d72fc7eb6705368b7c24b10d 
Number of updated asset objects reloaded before import = 0
Number of asset objects unloaded after import = 0
========================================================================
Received Import Request.
  Time of request: 2026-08-05T18:44:52.6190539Z
  Time since last request: 0.0003183 seconds.
  importAddress: GUID: ed33028ae86f863468162a7c6b0ae962 - Path: Packages/com.unity.render-pipelines.universal/Editor/ShaderGraph/Templates/SharedCode.template.hlsl - Importer: ScriptedImporter/UnityEditor.QuickSearchModule:UnityEditor.Search:ASIAI0B
Importing 'GUID: ed33028ae86f863468162a7c6b0ae962 - Path: Packages/com.unity.render-pipelines.universal/Editor/ShaderGraph/Templates/SharedCode.template.hlsl - Importer: ScriptedImporter/UnityEditor.QuickSearchModule:UnityEditor.Search:ASIAI0B' with importer (ScriptedImporter : UnityEditor.QuickSearchModule:UnityEditor.Search:ASIAI0B)
Imported 'GUID: ed33028ae86f863468162a7c6b0ae962' -> (Import Result ID: 'c0e8c0c5cf00510272752276d98932f2') in 0.003 seconds [static and dynamic dependencies]. Details - ImportResultOutputID=5bfe3e519ef103051f97cf59aae3b90c DependenciesID=c6ea3fcdad5cbefe93be2b9abae46c26 StaticDependenciesID=c23d1051ba20fc62e3597c9a6580c38c 
Number of updated asset objects reloaded before import = 0
Number of asset objects unloaded after import = 1
========================================================================
Received Import Request.
  Time of request: 2026-08-05T18:44:52.6313503Z
  Time since last request: 0.0004592 seconds.
  importAddress: GUID: 75b765822461a574aa8530ff269a3686 - Path: Packages/com.unity.render-pipelines.universal/Runtime/2D/Rendergraph/DrawShadow2DPass.cs - Importer: ScriptedImporter/UnityEditor.QuickSearchModule:UnityEditor.Search:ASIAI0B
Importing 'GUID: 75b765822461a574aa8530ff269a3686 - Path: Packages/com.unity.render-pipelines.universal/Runtime/2D/Rendergraph/DrawShadow2DPass.cs - Importer: ScriptedImporter/UnityEditor.QuickSearchModule:UnityEditor.Search:ASIAI0B' with importer (ScriptedImporter : UnityEditor.QuickSearchModule:UnityEditor.Search:ASIAI0B)
Imported 'GUID: 75b765822461a574aa8530ff269a3686' -> (Import Result ID: 'cac1ce031ed364c8ba1d31d2db200103') in 0.002 seconds [static and dynamic dependencies]. Details - ImportResultOutputID=875c281b5dcc6f5c8d800b84e21bb1ca DependenciesID=6017b235537c5cb42f653cc9ad253820 StaticDependenciesID=84f69828af1b426ef85037461d9896ab 
Number of updated asset objects reloaded before import = 0
Number of asset objects unloaded after import = 0
========================================================================
Received Import Request.
  Time of request: 2026-08-05T18:44:52.6569528Z
  Time since last request: 0.0158465 seconds.
  importAddress: GUID: 1a207e3bee00db44b940e6f362a8e148 - Path: Packages/com.unity.render-pipelines.universal/Runtime/Materials/PhysicalMaterial3DsMax/PhysicalMaterial3DsMaxTransparent.shadergraph - Importer: ScriptedImporter/UnityEditor.QuickSearchModule:UnityEditor.Search:ASIAI0B
Importing 'GUID: 1a207e3bee00db44b940e6f362a8e148 - Path: Packages/com.unity.render-pipelines.universal/Runtime/Materials/PhysicalMaterial3DsMax/PhysicalMaterial3DsMaxTransparent.shadergraph - Importer: ScriptedImporter/UnityEditor.QuickSearchModule:UnityEditor.Search:ASIAI0B' with importer (ScriptedImporter : UnityEditor.QuickSearchModule:UnityEditor.Search:ASIAI0B)
Imported 'GUID: 1a207e3bee00db44b940e6f362a8e148' -> (Import Result ID: 'd02d28d08aabd7eec80a147b047b424f') in 0.014 seconds [static and dynamic dependencies]. Details - ImportResultOutputID=99c73ae524279da8446a6128012a5d96 DependenciesID=a1da13c8e492c834accbc320566c9177 StaticDependenciesID=b073f6233628b707dcbfd25fa2c1cb09 
Number of updated asset objects reloaded before import = 0
Number of asset objects unloaded after import = 6
========================================================================
Received Import Request.
  Time of request: 2026-08-05T18:44:52.6780908Z
  Time since last request: 0.0003219 seconds.
  importAddress: GUID: d2bfdb1a6a725194f86f62742dda59d2 - Path: Packages/com.unity.render-pipelines.universal/Runtime/Decal/DBuffer/DBufferRenderPass.cs - Importer: ScriptedImporter/UnityEditor.QuickSearchModule:UnityEditor.Search:ASIAI0B
Importing 'GUID: d2bfdb1a6a725194f86f62742dda59d2 - Path: Packages/com.unity.render-pipelines.universal/Runtime/Decal/DBuffer/DBufferRenderPass.cs - Importer: ScriptedImporter/UnityEditor.QuickSearchModule:UnityEditor.Search:ASIAI0B' with importer (ScriptedImporter : UnityEditor.QuickSearchModule:UnityEditor.Search:ASIAI0B)
Imported 'GUID: d2bfdb1a6a725194f86f62742dda59d2' -> (Import Result ID: '8bf89de8a01e86af533a2d9444a083ae') in 0.002 seconds [static and dynamic dependencies]. Details - ImportResultOutputID=b76bbb4ec76ed81b1018b1c3ad9ec1aa DependenciesID=d367cf8beabc6bc6603c60e64f171c49 StaticDependenciesID=90faac210fb2e91fcb32b562432b9d64 
Number of updated asset objects reloaded before import = 0
Number of asset objects unloaded after import = 0
========================================================================
Received Import Request.
  Time of request: 2026-08-05T18:44:52.6890986Z
  Time since last request: 0.0003033 seconds.
  importAddress: GUID: 7c68662492324997981f99fb0847793d - Path: Packages/com.unity.render-pipelines.universal/Runtime/Passes/PostProcess/LensFlareScreenSpacePostProcessPass.cs - Importer: ScriptedImporter/UnityEditor.QuickSearchModule:UnityEditor.Search:ASIAI0B
Importing 'GUID: 7c68662492324997981f99fb0847793d - Path: Packages/com.unity.render-pipelines.universal/Runtime/Passes/PostProcess/LensFlareScreenSpacePostProcessPass.cs - Importer: ScriptedImporter/UnityEditor.QuickSearchModule:UnityEditor.Search:ASIAI0B' with importer (ScriptedImporter : UnityEditor.QuickSearchModule:UnityEditor.Search:ASIAI0B)
Imported 'GUID: 7c68662492324997981f99fb0847793d' -> (Import Result ID: '9f5b9329fa12938a1d76f2c1a70dfae0') in 0.002 seconds [static and dynamic dependencies]. Details - ImportResultOutputID=18926569374b9174a75bff331f420d37 DependenciesID=affacb2fecf87b4b70f4c39c555a5fd5 StaticDependenciesID=cd3082c2425313161858005e34e1c07c 
Number of updated asset objects reloaded before import = 0
Number of asset objects unloaded after import = 0
========================================================================
Received Import Request.
  Time of request: 2026-08-05T18:44:52.6987444Z
  Time since last request: 0.0003657 seconds.
  importAddress: GUID: bc72453fe7004b54a9b676b403c0ba54 - Path: Packages/com.unity.render-pipelines.universal/Runtime/Decal/DBuffer/DBufferDepthCopyPass.cs - Importer: ScriptedImporter/UnityEditor.QuickSearchModule:UnityEditor.Search:ASIAI0B
Importing 'GUID: bc72453fe7004b54a9b676b403c0ba54 - Path: Packages/com.unity.render-pipelines.universal/Runtime/Decal/DBuffer/DBufferDepthCopyPass.cs - Importer: ScriptedImporter/UnityEditor.QuickSearchModule:UnityEditor.Search:ASIAI0B' with importer (ScriptedImporter : UnityEditor.QuickSearchModule:UnityEditor.Search:ASIAI0B)
Imported 'GUID: bc72453fe7004b54a9b676b403c0ba54' -> (Import Result ID: 'f88b808a499645d221ed1a4b8843da29') in 0.002 seconds [static and dynamic dependencies]. Details - ImportResultOutputID=9d1f432798e73f5c0a46ad1928fc811e DependenciesID=8c9fe89ba816023a8a712efbe8ecc333 StaticDependenciesID=a447bef8ac9e53d09c9fb972ee5ca268 
Number of updated asset objects reloaded before import = 0
Number of asset objects unloaded after import = 0
========================================================================
Received Import Request.
  Time of request: 2026-08-05T18:44:52.7092579Z
  Time since last request: 0.0003492 seconds.
  importAddress: GUID: 93c9bd87382837c4aab136fa4c0c7bf8 - Path: Packages/com.unity.render-pipelines.universal/Runtime/Decal/DBuffer/DecalForwardEmissivePass.cs - Importer: ScriptedImporter/UnityEditor.QuickSearchModule:UnityEditor.Search:ASIAI0B
Importing 'GUID: 93c9bd87382837c4aab136fa4c0c7bf8 - Path: Packages/com.unity.render-pipelines.universal/Runtime/Decal/DBuffer/DecalForwardEmissivePass.cs - Importer: ScriptedImporter/UnityEditor.QuickSearchModule:UnityEditor.Search:ASIAI0B' with importer (ScriptedImporter : UnityEditor.QuickSearchModule:UnityEditor.Search:ASIAI0B)
Imported 'GUID: 93c9bd87382837c4aab136fa4c0c7bf8' -> (Import Result ID: 'bba949e607d6aa1b72070a7682a19eb5') in 0.002 seconds [static and dynamic dependencies]. Details - ImportResultOutputID=7537e385118d8b8a59552d743f6408c0 DependenciesID=1633f67aac7583409b05cad425cc2c98 StaticDependenciesID=a3c6cdb7517df1e91ef1f9b23fd6750d 
Number of updated asset objects reloaded before import = 0
Number of asset objects unloaded after import = 0
========================================================================
Received Import Request.
  Time of request: 2026-08-05T18:44:52.7196221Z
  Time since last request: 0.000201 seconds.
  importAddress: GUID: 730c9c8a21ae0a64aba043694dfacca7 - Path: Packages/com.unity.render-pipelines.universal/Runtime/VFXGraph/Shaders/VFXDefines.hlsl - Importer: ScriptedImporter/UnityEditor.QuickSearchModule:UnityEditor.Search:ASIAI0B
Importing 'GUID: 730c9c8a21ae0a64aba043694dfacca7 - Path: Packages/com.unity.render-pipelines.universal/Runtime/VFXGraph/Shaders/VFXDefines.hlsl - Importer: ScriptedImporter/UnityEditor.QuickSearchModule:UnityEditor.Search:ASIAI0B' with importer (ScriptedImporter : UnityEditor.QuickSearchModule:UnityEditor.Search:ASIAI0B)
Imported 'GUID: 730c9c8a21ae0a64aba043694dfacca7' -> (Import Result ID: '4736387114aec2deef795de1062155cd') in 0.009 seconds [static and dynamic dependencies]. Details - ImportResultOutputID=f389e2cba8cc1547239a7afd332ba789 DependenciesID=ce2fa9025f7834059724f7d356914ef6 StaticDependenciesID=5f5974ab828f5ea08b86943835b967a0 
Number of updated asset objects reloaded before import = 0
Number of asset objects unloaded after import = 1
========================================================================
Received Import Request.
  Time of request: 2026-08-05T18:44:52.7489361Z
  Time since last request: 0.0132668 seconds.
  importAddress: GUID: 4151cfb2494f10243a255c8a553306e3 - Path: Packages/com.unity.render-pipelines.universal/Shaders/2D/Include/ShapeLightShared.hlsl - Importer: ScriptedImporter/UnityEditor.QuickSearchModule:UnityEditor.Search:ASIAI0B
Importing 'GUID: 4151cfb2494f10243a255c8a553306e3 - Path: Packages/com.unity.render-pipelines.universal/Shaders/2D/Include/ShapeLightShared.hlsl - Importer: ScriptedImporter/UnityEditor.QuickSearchModule:UnityEditor.Search:ASIAI0B' with importer (ScriptedImporter : UnityEditor.QuickSearchModule:UnityEditor.Search:ASIAI0B)
Imported 'GUID: 4151cfb2494f10243a255c8a553306e3' -> (Import Result ID: '183048a2ba188836b273474210304a84') in 0.008 seconds [static and dynamic dependencies]. Details - ImportResultOutputID=60cf0f833f51d3d90733c4c3bfa875f4 DependenciesID=13d1c00dd7f216c43d225bfde0cc0373 StaticDependenciesID=774091cc5d7bdf49ad96c43462f315d6 
Number of updated asset objects reloaded before import = 0
Number of asset objects unloaded after import = 1
========================================================================
Received Import Request.
  Time of request: 2026-08-05T18:44:52.7652159Z
  Time since last request: 0.0002995 seconds.
  importAddress: GUID: 10b6c6d22e73dea46a8ab36b6eebd629 - Path: Packages/com.unity.render-pipelines.universal/Textures/BlueNoise16/L/LDR_LLL1_23.png - Importer: ScriptedImporter/UnityEditor.QuickSearchModule:UnityEditor.Search:ASIAI0B
Importing 'GUID: 10b6c6d22e73dea46a8ab36b6eebd629 - Path: Packages/com.unity.render-pipelines.universal/Textures/BlueNoise16/L/LDR_LLL1_23.png - Importer: ScriptedImporter/UnityEditor.QuickSearchModule:UnityEditor.Search:ASIAI0B' with importer (ScriptedImporter : UnityEditor.QuickSearchModule:UnityEditor.Search:ASIAI0B)
Imported 'GUID: 10b6c6d22e73dea46a8ab36b6eebd629' -> (Import Result ID: '5df1b56297e3330760e411eb3fda9df0') in 0.005 seconds [static and dynamic dependencies]. Details - ImportResultOutputID=47ea4955a39e8197ca0538cf48d8cc6d DependenciesID=884eabfb7b9b9c984a9ae0ebd4d6f258 StaticDependenciesID=53ad2a0015e2bd95dd957dc9b7971568 
Number of updated asset objects reloaded before import = 0
Number of asset objects unloaded after import = 1
========================================================================
Received Import Request.
  Time of request: 2026-08-05T18:44:52.7776227Z
  Time since last request: 0.000427 seconds.
  importAddress: GUID: 47a45908f6db0cb44a0d5e961143afec - Path: Packages/com.unity.render-pipelines.universal/Textures/BlueNoise16/L/LDR_LLL1_14.png - Importer: ScriptedImporter/UnityEditor.QuickSearchModule:UnityEditor.Search:ASIAI0B
Importing 'GUID: 47a45908f6db0cb44a0d5e961143afec - Path: Packages/com.unity.render-pipelines.universal/Textures/BlueNoise16/L/LDR_LLL1_14.png - Importer: ScriptedImporter/UnityEditor.QuickSearchModule:UnityEditor.Search:ASIAI0B' with importer (ScriptedImporter : UnityEditor.QuickSearchModule:UnityEditor.Search:ASIAI0B)
Imported 'GUID: 47a45908f6db0cb44a0d5e961143afec' -> (Import Result ID: '4557e1bfa18c5c52ce6954d9474675e6') in 0.004 seconds [static and dynamic dependencies]. Details - ImportResultOutputID=6f0a08b45e82cdffae8dcbd6fa419fd6 DependenciesID=55af44eb9ae9a9bf77df14f6a4d05c56 StaticDependenciesID=db6216d8414b66b3e251fc138f5541d2 
Number of updated asset objects reloaded before import = 0
Number of asset objects unloaded after import = 1
========================================================================
Received Import Request.
  Time of request: 2026-08-05T18:44:52.7905699Z
  Time since last request: 0.0002703 seconds.
  importAddress: GUID: 350a709cf1218764c94f752764b6ab69 - Path: Packages/com.unity.render-pipelines.universal/Tests/Editor/PostProcessDataTests/PostProcessData BloomPS Different 1.asset - Importer: ScriptedImporter/UnityEditor.QuickSearchModule:UnityEditor.Search:ASIAI0B
Importing 'GUID: 350a709cf1218764c94f752764b6ab69 - Path: Packages/com.unity.render-pipelines.universal/Tests/Editor/PostProcessDataTests/PostProcessData BloomPS Different 1.asset - Importer: ScriptedImporter/UnityEditor.QuickSearchModule:UnityEditor.Search:ASIAI0B' with importer (ScriptedImporter : UnityEditor.QuickSearchModule:UnityEditor.Search:ASIAI0B)
Imported 'GUID: 350a709cf1218764c94f752764b6ab69' -> (Import Result ID: '0e2bcd516435188c01d47f7daf7cecf2') in 0.010 seconds [static and dynamic dependencies]. Details - ImportResultOutputID=7fb7fc8ea5162b62e9d0a2b011c28e16 DependenciesID=9079c4c4ba29770a6408577600f6ee2c StaticDependenciesID=bb0c5f3e5cf47fa77814dda748df6b90 
Number of updated asset objects reloaded before import = 0
Number of asset objects unloaded after import = 1
========================================================================
Received Import Request.
  Time of request: 2026-08-05T18:44:52.8075261Z
  Time since last request: 0.0002091 seconds.
  importAddress: GUID: 81200413a40918d4d8702e94db29911c - Path: Packages/com.unity.render-pipelines.universal/Textures/BlueNoise16/L/LDR_LLL1_0.png - Importer: ScriptedImporter/UnityEditor.QuickSearchModule:UnityEditor.Search:ASIAI0B
Importing 'GUID: 81200413a40918d4d8702e94db29911c - Path: Packages/com.unity.render-pipelines.universal/Textures/BlueNoise16/L/LDR_LLL1_0.png - Importer: ScriptedImporter/UnityEditor.QuickSearchModule:UnityEditor.Search:ASIAI0B' with importer (ScriptedImporter : UnityEditor.QuickSearchModule:UnityEditor.Search:ASIAI0B)
Imported 'GUID: 81200413a40918d4d8702e94db29911c' -> (Import Result ID: '1992617f98a3afc4d1b392a12e22ea0f') in 0.005 seconds [static and dynamic dependencies]. Details - ImportResultOutputID=a0d257ff33bd2192c44ee3b2e36fe9c6 DependenciesID=4f13795b7306b85cf6bf79f1e62d1590 StaticDependenciesID=61da2fcc474a05c0b85e82165075dd63 
Number of updated asset objects reloaded before import = 0
Number of asset objects unloaded after import = 1
========================================================================
Received Import Request.
  Time of request: 2026-08-05T18:44:52.8383931Z
  Time since last request: 0.0191406 seconds.
  importAddress: GUID: 39ce338156d9f6b40b4702eb2d26d40d - Path: Packages/com.unity.render-pipelines.universal/Editor/2D/ShaderGraph/Includes/SpriteNormalPass.hlsl - Importer: ScriptedImporter/UnityEditor.QuickSearchModule:UnityEditor.Search:ASIAI0B
Importing 'GUID: 39ce338156d9f6b40b4702eb2d26d40d - Path: Packages/com.unity.render-pipelines.universal/Editor/2D/ShaderGraph/Includes/SpriteNormalPass.hlsl - Importer: ScriptedImporter/UnityEditor.QuickSearchModule:UnityEditor.Search:ASIAI0B' with importer (ScriptedImporter : UnityEditor.QuickSearchModule:UnityEditor.Search:ASIAI0B)
Imported 'GUID: 39ce338156d9f6b40b4702eb2d26d40d' -> (Import Result ID: '9357f3720059ff400b7162f538ed880b') in 0.008 seconds [static and dynamic dependencies]. Details - ImportResultOutputID=15a407aa5fdb9709ea1307c8bd710786 DependenciesID=5e83b250e9696aee99828df681a76b9d StaticDependenciesID=8d0f71ee6a414c6cb79909c6030ac476 
Number of updated asset objects reloaded before import = 0
Number of asset objects unloaded after import = 1
========================================================================
Received Import Request.
  Time of request: 2026-08-05T18:44:52.8530841Z
  Time since last request: 0.0003092 seconds.
  importAddress: GUID: b52dc03557c43a54dba259bd9f78a779 - Path: Packages/com.unity.render-pipelines.universal/Editor/2D/ShaderGraph/Nodes/SpriteSkinningNode.cs - Importer: ScriptedImporter/UnityEditor.QuickSearchModule:UnityEditor.Search:ASIAI0B
Importing 'GUID: b52dc03557c43a54dba259bd9f78a779 - Path: Packages/com.unity.render-pipelines.universal/Editor/2D/ShaderGraph/Nodes/SpriteSkinningNode.cs - Importer: ScriptedImporter/UnityEditor.QuickSearchModule:UnityEditor.Search:ASIAI0B' with importer (ScriptedImporter : UnityEditor.QuickSearchModule:UnityEditor.Search:ASIAI0B)
Imported 'GUID: b52dc03557c43a54dba259bd9f78a779' -> (Import Result ID: '1320b360a6a6649bf905254d10f30b4b') in 0.003 seconds [static and dynamic dependencies]. Details - ImportResultOutputID=263bdca339ef7c8abb871859fb42cebc DependenciesID=0063c16c52c64668b3d96c32c47e1fb9 StaticDependenciesID=787536609753ca0e1d4009950defbfff 
Number of updated asset objects reloaded before import = 0
Number of asset objects unloaded after import = 0
========================================================================
Received Import Request.
  Time of request: 2026-08-05T18:44:52.8647316Z
  Time since last request: 0.0002065 seconds.
  importAddress: GUID: 3a737aafdc720423fac5e90590a0f05f - Path: Packages/com.unity.render-pipelines.universal/Editor/ShaderGraph/Includes/Terrain/TerrainVert.hlsl - Importer: ScriptedImporter/UnityEditor.QuickSearchModule:UnityEditor.Search:ASIAI0B
Importing 'GUID: 3a737aafdc720423fac5e90590a0f05f - Path: Packages/com.unity.render-pipelines.universal/Editor/ShaderGraph/Includes/Terrain/TerrainVert.hlsl - Importer: ScriptedImporter/UnityEditor.QuickSearchModule:UnityEditor.Search:ASIAI0B' with importer (ScriptedImporter : UnityEditor.QuickSearchModule:UnityEditor.Search:ASIAI0B)
Imported 'GUID: 3a737aafdc720423fac5e90590a0f05f' -> (Import Result ID: '5a0535600a1044838c3277987ae68948') in 0.007 seconds [static and dynamic dependencies]. Details - ImportResultOutputID=330e313adc7048b700cda341aaf104fe DependenciesID=71b987a18d465f7ad3ecf6ea7bd327d3 StaticDependenciesID=e82eb409c4955371f5a7b038f7a9f493 
Number of updated asset objects reloaded before import = 0
Number of asset objects unloaded after import = 1
========================================================================
Received Import Request.
  Time of request: 2026-08-05T18:44:52.8807139Z
  Time since last request: 0.0002614 seconds.
  importAddress: GUID: c6ab9c7256c4d6c41afda3ecc2eabe48 - Path: Packages/com.unity.render-pipelines.universal/Editor/Tools/Converters/AnimationClipConverter/AnimationClipUpgrader_Types.cs - Importer: ScriptedImporter/UnityEditor.QuickSearchModule:UnityEditor.Search:ASIAI0B
Importing 'GUID: c6ab9c7256c4d6c41afda3ecc2eabe48 - Path: Packages/com.unity.render-pipelines.universal/Editor/Tools/Converters/AnimationClipConverter/AnimationClipUpgrader_Types.cs - Importer: ScriptedImporter/UnityEditor.QuickSearchModule:UnityEditor.Search:ASIAI0B' with importer (ScriptedImporter : UnityEditor.QuickSearchModule:UnityEditor.Search:ASIAI0B)
Imported 'GUID: c6ab9c7256c4d6c41afda3ecc2eabe48' -> (Import Result ID: 'e909e05a13b8e0dbfa37842b1ec9a2e4') in 0.002 seconds [static and dynamic dependencies]. Details - ImportResultOutputID=17ad10a103d911c7529941433c24aa45 DependenciesID=5ca7761803486acab5b35a5f5047aed5 StaticDependenciesID=657ab9da09ebaddfa293285b895d1e28 
Number of updated asset objects reloaded before import = 0
Number of asset objects unloaded after import = 0
========================================================================
Received Import Request.
  Time of request: 2026-08-05T18:44:52.8900608Z
  Time since last request: 0.0002531 seconds.
  importAddress: GUID: a8438a1564134e1fbb2669e697bee11f - Path: Packages/com.unity.render-pipelines.universal/Editor/2D/ShaderGraph/AssetCallbacks/CreateSpriteCustomLitShaderGraph.cs - Importer: ScriptedImporter/UnityEditor.QuickSearchModule:UnityEditor.Search:ASIAI0B
Importing 'GUID: a8438a1564134e1fbb2669e697bee11f - Path: Packages/com.unity.render-pipelines.universal/Editor/2D/ShaderGraph/AssetCallbacks/CreateSpriteCustomLitShaderGraph.cs - Importer: ScriptedImporter/UnityEditor.QuickSearchModule:UnityEditor.Search:ASIAI0B' with importer (ScriptedImporter : UnityEditor.QuickSearchModule:UnityEditor.Search:ASIAI0B)
Imported 'GUID: a8438a1564134e1fbb2669e697bee11f' -> (Import Result ID: '83d4dca4b77462aa6e52832ea3ec4327') in 0.002 seconds [static and dynamic dependencies]. Details - ImportResultOutputID=3ff9be4ddd16ef1d2f8e9560740109af DependenciesID=cf09f21b3b422d114fec73053be134ba StaticDependenciesID=544e9adef31c4ef0dfda942132483452 
Number of updated asset objects reloaded before import = 0
Number of asset objects unloaded after import = 0
========================================================================
Received Import Request.
  Time of request: 2026-08-05T18:44:52.8995198Z
  Time since last request: 0.0001779 seconds.
  importAddress: GUID: e957854850ccb7140a538f7a93f8761b - Path: Packages/com.unity.render-pipelines.universal/Editor/2D/Resources/InspectorIcons/ParametricLight.png - Importer: ScriptedImporter/UnityEditor.QuickSearchModule:UnityEditor.Search:ASIAI0B
Importing 'GUID: e957854850ccb7140a538f7a93f8761b - Path: Packages/com.unity.render-pipelines.universal/Editor/2D/Resources/InspectorIcons/ParametricLight.png - Importer: ScriptedImporter/UnityEditor.QuickSearchModule:UnityEditor.Search:ASIAI0B' with importer (ScriptedImporter : UnityEditor.QuickSearchModule:UnityEditor.Search:ASIAI0B)
Imported 'GUID: e957854850ccb7140a538f7a93f8761b' -> (Import Result ID: '4032fdc844277396926722ea43e3c545') in 0.011 seconds [static and dynamic dependencies]. Details - ImportResultOutputID=5ed87b4fdc45d2482a9c13a671ac2f81 DependenciesID=a045b2b6f57e8b2f51194ea1abbe5e46 StaticDependenciesID=6b5cf1d97a146f04961cf2025ea13b1a 
Number of updated asset objects reloaded before import = 0
Number of asset objects unloaded after import = 1
========================================================================
Received Import Request.
  Time of request: 2026-08-05T18:44:52.919354Z
  Time since last request: 0.0002011 seconds.
  importAddress: GUID: 713d6952dfc661f44b856f1bfc9a4880 - Path: Packages/com.unity.render-pipelines.universal/Editor/ShaderGraph/Includes/Terrain/PBRForwardPass.hlsl - Importer: ScriptedImporter/UnityEditor.QuickSearchModule:UnityEditor.Search:ASIAI0B
Importing 'GUID: 713d6952dfc661f44b856f1bfc9a4880 - Path: Packages/com.unity.render-pipelines.universal/Editor/ShaderGraph/Includes/Terrain/PBRForwardPass.hlsl - Importer: ScriptedImporter/UnityEditor.QuickSearchModule:UnityEditor.Search:ASIAI0B' with importer (ScriptedImporter : UnityEditor.QuickSearchModule:UnityEditor.Search:ASIAI0B)
Imported 'GUID: 713d6952dfc661f44b856f1bfc9a4880' -> (Import Result ID: 'b855e030d73c38339b56c0a6e207e94f') in 0.002 seconds [static and dynamic dependencies]. Details - ImportResultOutputID=742d4d97410a22b02f55b60d2e62cc6c DependenciesID=d7ab69acaa7b0a4b6dec813320fd5234 StaticDependenciesID=288841f2ea4e4e4a3aa07c75f5fe1e8c 
Number of updated asset objects reloaded before import = 0
Number of asset objects unloaded after import = 1
========================================================================
Received Import Request.
  Time of request: 2026-08-05T18:44:52.9288551Z
  Time since last request: 0.0002527 seconds.
  importAddress: GUID: 8813ce52b5a413e40b14da5290946105 - Path: Packages/com.unity.render-pipelines.universal/Editor/2D/ShaderGraph/Targets/Universal2DSubTargetDescriptors.cs - Importer: ScriptedImporter/UnityEditor.QuickSearchModule:UnityEditor.Search:ASIAI0B
Importing 'GUID: 8813ce52b5a413e40b14da5290946105 - Path: Packages/com.unity.render-pipelines.universal/Editor/2D/ShaderGraph/Targets/Universal2DSubTargetDescriptors.cs - Importer: ScriptedImporter/UnityEditor.QuickSearchModule:UnityEditor.Search:ASIAI0B' with importer (ScriptedImporter : UnityEditor.QuickSearchModule:UnityEditor.Search:ASIAI0B)
Imported 'GUID: 8813ce52b5a413e40b14da5290946105' -> (Import Result ID: 'f6d420f1d3b952d7d20f9fe6a647d96e') in 0.002 seconds [static and dynamic dependencies]. Details - ImportResultOutputID=0d27985f3ba233fa112349e0e94be739 DependenciesID=0ccf22411d0b1a57b116bbf064bc2a19 StaticDependenciesID=d821d5abe4ee00467829ae91a0b4588d 
Number of updated asset objects reloaded before import = 0
Number of asset objects unloaded after import = 0
========================================================================
Received Import Request.
  Time of request: 2026-08-05T18:44:52.9589596Z
  Time since last request: 0.02102 seconds.
  importAddress: GUID: 5c847e0daeb638146931797574071502 - Path: Packages/com.unity.render-pipelines.universal/Runtime/VFXGraph/Utility/PropertyBinders/URPCameraBinder.cs - Importer: ScriptedImporter/UnityEditor.QuickSearchModule:UnityEditor.Search:ASIAI0B
Importing 'GUID: 5c847e0daeb638146931797574071502 - Path: Packages/com.unity.render-pipelines.universal/Runtime/VFXGraph/Utility/PropertyBinders/URPCameraBinder.cs - Importer: ScriptedImporter/UnityEditor.QuickSearchModule:UnityEditor.Search:ASIAI0B' with importer (ScriptedImporter : UnityEditor.QuickSearchModule:UnityEditor.Search:ASIAI0B)
Imported 'GUID: 5c847e0daeb638146931797574071502' -> (Import Result ID: '75676b47722ec76e97df836fb910bfde') in 0.003 seconds [static and dynamic dependencies]. Details - ImportResultOutputID=d501e6f17025514be4f5555052691af0 DependenciesID=ddf3a4816a292467d18dea6172667db1 StaticDependenciesID=07fad747c7702d4c467deb670ff26012 
Number of updated asset objects reloaded before import = 0
Number of asset objects unloaded after import = 0
========================================================================
Received Import Request.
  Time of request: 2026-08-05T18:44:52.9688377Z
  Time since last request: 0.0006132 seconds.
  importAddress: GUID: 995fdaab737f1d14d94e74bd8aee25e4 - Path: Packages/com.unity.render-pipelines.universal/Runtime/2D/Shadows/Shadow Provider Utility/ShadowMesh2D.cs - Importer: ScriptedImporter/UnityEditor.QuickSearchModule:UnityEditor.Search:ASIAI0B
Importing 'GUID: 995fdaab737f1d14d94e74bd8aee25e4 - Path: Packages/com.unity.render-pipelines.universal/Runtime/2D/Shadows/Shadow Provider Utility/ShadowMesh2D.cs - Importer: ScriptedImporter/UnityEditor.QuickSearchModule:UnityEditor.Search:ASIAI0B' with importer (ScriptedImporter : UnityEditor.QuickSearchModule:UnityEditor.Search:ASIAI0B)
Imported 'GUID: 995fdaab737f1d14d94e74bd8aee25e4' -> (Import Result ID: 'fd51c7ad5cb8cb80b833131bbf0bec90') in 0.004 seconds [static and dynamic dependencies]. Details - ImportResultOutputID=3a9feb64027fe65f388040dd69a5f141 DependenciesID=8e5d25317afbdc9bce51fd4ceaeadc29 StaticDependenciesID=1660d11bc66f0150efa1c28b9c3e5e34 
Number of updated asset objects reloaded before import = 0
Number of asset objects unloaded after import = 0
========================================================================
Received Import Request.
  Time of request: 2026-08-05T18:44:52.9809828Z
  Time since last request: 0.0003143 seconds.
  importAddress: GUID: 861a5dbe0501bf64e90daafd28655f4e - Path: Packages/com.unity.render-pipelines.universal/Runtime/2D/Shadows/Shadow Provider Utility/VertexDictionary.cs - Importer: ScriptedImporter/UnityEditor.QuickSearchModule:UnityEditor.Search:ASIAI0B
Importing 'GUID: 861a5dbe0501bf64e90daafd28655f4e - Path: Packages/com.unity.render-pipelines.universal/Runtime/2D/Shadows/Shadow Provider Utility/VertexDictionary.cs - Importer: ScriptedImporter/UnityEditor.QuickSearchModule:UnityEditor.Search:ASIAI0B' with importer (ScriptedImporter : UnityEditor.QuickSearchModule:UnityEditor.Search:ASIAI0B)
Imported 'GUID: 861a5dbe0501bf64e90daafd28655f4e' -> (Import Result ID: 'dc204f87bb93a09b21072fe985fa24ac') in 0.002 seconds [static and dynamic dependencies]. Details - ImportResultOutputID=17de94935e1df6bc3d6d964f5621d0e3 DependenciesID=7fb6624b6aa7a2a2bad432dc72a69dbf StaticDependenciesID=c28eafa496079d145e0e260b4380add2 
Number of updated asset objects reloaded before import = 0
Number of asset objects unloaded after import = 0
========================================================================
Received Import Request.
  Time of request: 2026-08-05T18:44:53.0106543Z
  Time since last request: 0.0190864 seconds.
  importAddress: GUID: fce1ffd6e78acfd4aa944af71b8a07d9 - Path: Packages/com.unity.render-pipelines.universal/Editor/Tools/Converters/PPv2/EffectConverters/PostProcessEffectSettingsConverter.cs - Importer: ScriptedImporter/UnityEditor.QuickSearchModule:UnityEditor.Search:ASIAI0B
Importing 'GUID: fce1ffd6e78acfd4aa944af71b8a07d9 - Path: Packages/com.unity.render-pipelines.universal/Editor/Tools/Converters/PPv2/EffectConverters/PostProcessEffectSettingsConverter.cs - Importer: ScriptedImporter/UnityEditor.QuickSearchModule:UnityEditor.Search:ASIAI0B' with importer (ScriptedImporter : UnityEditor.QuickSearchModule:UnityEditor.Search:ASIAI0B)
Imported 'GUID: fce1ffd6e78acfd4aa944af71b8a07d9' -> (Import Result ID: '4ff53370e29908c4fda0e0cbe745292e') in 0.003 seconds [static and dynamic dependencies]. Details - ImportResultOutputID=4be6f109c472a398e52f4835585d450f DependenciesID=41c0acb1417453eaf4b5296dadb7bb8b StaticDependenciesID=61a4ec31008fa945107c6c97e29d41bc 
Number of updated asset objects reloaded before import = 0
Number of asset objects unloaded after import = 0
========================================================================
Received Import Request.
  Time of request: 2026-08-05T18:44:53.0208676Z
  Time since last request: 0.0008046 seconds.
  importAddress: GUID: e54411f64dc2beb43998b9727f62fa32 - Path: Packages/com.unity.render-pipelines.universal/Editor/VFXGraph/Shaders/Templates/ParticlePlanarPrimitivesLit/PassDepthOrMV.template - Importer: ScriptedImporter/UnityEditor.QuickSearchModule:UnityEditor.Search:ASIAI0B
Importing 'GUID: e54411f64dc2beb43998b9727f62fa32 - Path: Packages/com.unity.render-pipelines.universal/Editor/VFXGraph/Shaders/Templates/ParticlePlanarPrimitivesLit/PassDepthOrMV.template - Importer: ScriptedImporter/UnityEditor.QuickSearchModule:UnityEditor.Search:ASIAI0B' with importer (ScriptedImporter : UnityEditor.QuickSearchModule:UnityEditor.Search:ASIAI0B)
Imported 'GUID: e54411f64dc2beb43998b9727f62fa32' -> (Import Result ID: 'e00837bb01cfc2e98bb9588ef704af06') in 0.002 seconds [static and dynamic dependencies]. Details - ImportResultOutputID=bad17efd399502c58ee41445a18591d6 DependenciesID=78f8be2b08271d516052c36d6abeb1f9 StaticDependenciesID=94c3fa258b1be49efc6caa0184b4c900 
Number of updated asset objects reloaded before import = 0
Number of asset objects unloaded after import = 1
========================================================================
Received Import Request.
  Time of request: 2026-08-05T18:44:53.0305715Z
  Time since last request: 0.0001667 seconds.
  importAddress: GUID: 7d07176ae506b05458500c8aa695d90e - Path: Packages/com.unity.render-pipelines.universal/Editor/VFXGraph/Shaders/Templates/ParticlePlanarPrimitivesLit/PassShadowCaster.template - Importer: ScriptedImporter/UnityEditor.QuickSearchModule:UnityEditor.Search:ASIAI0B
Importing 'GUID: 7d07176ae506b05458500c8aa695d90e - Path: Packages/com.unity.render-pipelines.universal/Editor/VFXGraph/Shaders/Templates/ParticlePlanarPrimitivesLit/PassShadowCaster.template - Importer: ScriptedImporter/UnityEditor.QuickSearchModule:UnityEditor.Search:ASIAI0B' with importer (ScriptedImporter : UnityEditor.QuickSearchModule:UnityEditor.Search:ASIAI0B)
Imported 'GUID: 7d07176ae506b05458500c8aa695d90e' -> (Import Result ID: '791f44a72b46bba8fb43bf59e7bf97d5') in 0.002 seconds [static and dynamic dependencies]. Details - ImportResultOutputID=9a70ed69862c4d2830fe3c65576a9159 DependenciesID=972c86317de7a9916ff53e3a1c54a8fc StaticDependenciesID=5f66a319f10b622fa60e917b3a46db63 
Number of updated asset objects reloaded before import = 0
Number of asset objects unloaded after import = 1
========================================================================
Received Import Request.
  Time of request: 2026-08-05T18:44:53.0407561Z
  Time since last request: 0.0003006 seconds.
  importAddress: GUID: f857058956905cc46809c39c05d64706 - Path: Packages/com.unity.render-pipelines.universal/Tests/Editor/Tools/Converters/ConvertersTests.cs - Importer: ScriptedImporter/UnityEditor.QuickSearchModule:UnityEditor.Search:ASIAI0B
Importing 'GUID: f857058956905cc46809c39c05d64706 - Path: Packages/com.unity.render-pipelines.universal/Tests/Editor/Tools/Converters/ConvertersTests.cs - Importer: ScriptedImporter/UnityEditor.QuickSearchModule:UnityEditor.Search:ASIAI0B' with importer (ScriptedImporter : UnityEditor.QuickSearchModule:UnityEditor.Search:ASIAI0B)
Imported 'GUID: f857058956905cc46809c39c05d64706' -> (Import Result ID: 'b49b79d4e23fc6d85dd8698c46068285') in 0.002 seconds [static and dynamic dependencies]. Details - ImportResultOutputID=df6f5fff70915846345e16cffef3ddc6 DependenciesID=662c9e395482e44b0c0b4d44dee1206f StaticDependenciesID=6c268aeb2a49e34746cbb9ca7a9c3da2 
Number of updated asset objects reloaded before import = 0
Number of asset objects unloaded after import = 0
========================================================================
Received Import Request.
  Time of request: 2026-08-05T18:44:53.0505162Z
  Time since last request: 0.0002964 seconds.
  importAddress: GUID: ef31d99f657209a468edc1f49b350cb5 - Path: Packages/com.unity.render-pipelines.universal/Editor/Tools/Converters/PPv2/EffectConverters/ChromaticAberrationConverter.cs - Importer: ScriptedImporter/UnityEditor.QuickSearchModule:UnityEditor.Search:ASIAI0B
Importing 'GUID: ef31d99f657209a468edc1f49b350cb5 - Path: Packages/com.unity.render-pipelines.universal/Editor/Tools/Converters/PPv2/EffectConverters/ChromaticAberrationConverter.cs - Importer: ScriptedImporter/UnityEditor.QuickSearchModule:UnityEditor.Search:ASIAI0B' with importer (ScriptedImporter : UnityEditor.QuickSearchModule:UnityEditor.Search:ASIAI0B)
Imported 'GUID: ef31d99f657209a468edc1f49b350cb5' -> (Import Result ID: '671795d4bb997856aab80b4db003eccc') in 0.003 seconds [static and dynamic dependencies]. Details - ImportResultOutputID=7eff1afbff339c056dc04ad7784cbf44 DependenciesID=6872bbb30b13bb15ba478c28003e2134 StaticDependenciesID=c6f9e0766bba44b12843c241da499666 
Number of updated asset objects reloaded before import = 0
Number of asset objects unloaded after import = 0
========================================================================
Received Import Request.
  Time of request: 2026-08-05T18:44:53.0614239Z
  Time since last request: 0.0003514 seconds.
  importAddress: GUID: ec0dd9ca912a8824590a57224cabd290 - Path: Packages/com.unity.render-pipelines.universal/Editor/VFXGraph/Shaders/Templates/ParticleMeshes/PassForward2D.template - Importer: ScriptedImporter/UnityEditor.QuickSearchModule:UnityEditor.Search:ASIAI0B
Importing 'GUID: ec0dd9ca912a8824590a57224cabd290 - Path: Packages/com.unity.render-pipelines.universal/Editor/VFXGraph/Shaders/Templates/ParticleMeshes/PassForward2D.template - Importer: ScriptedImporter/UnityEditor.QuickSearchModule:UnityEditor.Search:ASIAI0B' with importer (ScriptedImporter : UnityEditor.QuickSearchModule:UnityEditor.Search:ASIAI0B)
Imported 'GUID: ec0dd9ca912a8824590a57224cabd290' -> (Import Result ID: 'ebf9d7a6fb92373dae947743bcbf6acc') in 0.002 seconds [static and dynamic dependencies]. Details - ImportResultOutputID=68f3e06f382b90e42e83b25af2e1992e DependenciesID=7a1dca26b6095323056924f0b04fc306 StaticDependenciesID=79f299b50f0873aabf14ab3ad3887bb9 
Number of updated asset objects reloaded before import = 0
Number of asset objects unloaded after import = 1
========================================================================
Received Import Request.
  Time of request: 2026-08-05T18:44:53.0821171Z
  Time since last request: 0.0117645 seconds.
  importAddress: GUID: a9f15b7c9363d9944a7d69248fd279ec - Path: Packages/com.unity.2d.tilemap.extras/package.json - Importer: ScriptedImporter/UnityEditor.QuickSearchModule:UnityEditor.Search:ASIAI0B
Importing 'GUID: a9f15b7c9363d9944a7d69248fd279ec - Path: Packages/com.unity.2d.tilemap.extras/package.json - Importer: ScriptedImporter/UnityEditor.QuickSearchModule:UnityEditor.Search:ASIAI0B' with importer (ScriptedImporter : UnityEditor.QuickSearchModule:UnityEditor.Search:ASIAI0B)
Imported 'GUID: a9f15b7c9363d9944a7d69248fd279ec' -> (Import Result ID: '0a25ad8e4284d3192f045c6e56aab8ea') in 0.008 seconds [static and dynamic dependencies]. Details - ImportResultOutputID=d028df203f2d4b7a6e2501092277f3af DependenciesID=11465c3c5ae633dd3bf9d0a714d4c2cf StaticDependenciesID=c6c3367f58c7023f971b501c2a8f9fd7 
Number of updated asset objects reloaded before import = 0
Number of asset objects unloaded after import = 1
========================================================================
Received Import Request.
  Time of request: 2026-08-05T18:44:53.0976408Z
  Time since last request: 0.0003531 seconds.
  importAddress: GUID: ace421d79f5a6bd41bca418cddff7683 - Path: Packages/com.unity.render-pipelines.universal/Tests/Editor/Tools/Converters/ReadonlyMaterialConverter/ReadonlyMaterialConverterTests.MaterialReferenceBuilder.cs - Importer: ScriptedImporter/UnityEditor.QuickSearchModule:UnityEditor.Search:ASIAI0B
Importing 'GUID: ace421d79f5a6bd41bca418cddff7683 - Path: Packages/com.unity.render-pipelines.universal/Tests/Editor/Tools/Converters/ReadonlyMaterialConverter/ReadonlyMaterialConverterTests.MaterialReferenceBuilder.cs - Importer: ScriptedImporter/UnityEditor.QuickSearchModule:UnityEditor.Search:ASIAI0B' with importer (ScriptedImporter : UnityEditor.QuickSearchModule:UnityEditor.Search:ASIAI0B)
Imported 'GUID: ace421d79f5a6bd41bca418cddff7683' -> (Import Result ID: '8c67270a81e1e4b06d2eee1d57224ea8') in 0.002 seconds [static and dynamic dependencies]. Details - ImportResultOutputID=f219ff8d3a5bdcf0345400884fd5af86 DependenciesID=b3606be497019150cf82ba0abf20da82 StaticDependenciesID=ecd5460f72b66c5a271b10ea852741da 
Number of updated asset objects reloaded before import = 0
Number of asset objects unloaded after import = 0
========================================================================
Received Import Request.
  Time of request: 2026-08-05T18:44:53.1076108Z
  Time since last request: 0.0002989 seconds.
  importAddress: GUID: d096e666129ea0247bb05049143ba33a - Path: Packages/com.unity.2d.tilemap.extras/LICENSE.md - Importer: ScriptedImporter/UnityEditor.QuickSearchModule:UnityEditor.Search:ASIAI0B
Importing 'GUID: d096e666129ea0247bb05049143ba33a - Path: Packages/com.unity.2d.tilemap.extras/LICENSE.md - Importer: ScriptedImporter/UnityEditor.QuickSearchModule:UnityEditor.Search:ASIAI0B' with importer (ScriptedImporter : UnityEditor.QuickSearchModule:UnityEditor.Search:ASIAI0B)
Imported 'GUID: d096e666129ea0247bb05049143ba33a' -> (Import Result ID: '9549bb8d481c3e59393b6a53aab22230') in 0.007 seconds [static and dynamic dependencies]. Details - ImportResultOutputID=c2c019e1707115763e6d6df1af2b85ae DependenciesID=365bb3305e74b8d2bc9cf515cdba397c StaticDependenciesID=93d92866f98bd63f047c087a917d3302 
Number of updated asset objects reloaded before import = 0
Number of asset objects unloaded after import = 1
========================================================================
Received Import Request.
  Time of request: 2026-08-05T18:44:53.1390756Z
  Time since last request: 0.0154085 seconds.
  importAddress: GUID: b5650d2786c7443fe80be179cf75a907 - Path: Packages/com.unity.2d.tilemap.extras/Editor/Brushes/GroupBrush/d_GroupBrush.png - Importer: ScriptedImporter/UnityEditor.QuickSearchModule:UnityEditor.Search:ASIAI0B
Importing 'GUID: b5650d2786c7443fe80be179cf75a907 - Path: Packages/com.unity.2d.tilemap.extras/Editor/Brushes/GroupBrush/d_GroupBrush.png - Importer: ScriptedImporter/UnityEditor.QuickSearchModule:UnityEditor.Search:ASIAI0B' with importer (ScriptedImporter : UnityEditor.QuickSearchModule:UnityEditor.Search:ASIAI0B)
Imported 'GUID: b5650d2786c7443fe80be179cf75a907' -> (Import Result ID: '37182ae94f8cc0e02105e46298ddb93a') in 0.014 seconds [static and dynamic dependencies]. Details - ImportResultOutputID=5dc7892a27e0f72fb61c3d474d5e0b0d DependenciesID=4c6588b338014d3a70df21e68e4db83b StaticDependenciesID=a8ced503d53de674e985321d9960ae2a 
Number of updated asset objects reloaded before import = 0
Number of asset objects unloaded after import = 3
========================================================================
Received Import Request.
  Time of request: 2026-08-05T18:44:53.1598634Z
  Time since last request: 0.0004486 seconds.
  importAddress: GUID: b7d42367c2bb040c3846aba77adc0dab - Path: Packages/com.unity.2d.tilemap.extras/Editor/Brushes/RandomBrush/RandomBrush.png - Importer: ScriptedImporter/UnityEditor.QuickSearchModule:UnityEditor.Search:ASIAI0B
Importing 'GUID: b7d42367c2bb040c3846aba77adc0dab - Path: Packages/com.unity.2d.tilemap.extras/Editor/Brushes/RandomBrush/RandomBrush.png - Importer: ScriptedImporter/UnityEditor.QuickSearchModule:UnityEditor.Search:ASIAI0B' with importer (ScriptedImporter : UnityEditor.QuickSearchModule:UnityEditor.Search:ASIAI0B)
Imported 'GUID: b7d42367c2bb040c3846aba77adc0dab' -> (Import Result ID: 'b40c5230322edacbc88ff7f7e5dfe13a') in 0.010 seconds [static and dynamic dependencies]. Details - ImportResultOutputID=332a459b373fe190ac91ced08aef4018 DependenciesID=a9edae99ff20e6d2be42f0aafc87b68d StaticDependenciesID=d90d902d17f575bc04d9eb8785bd97b6 
Number of updated asset objects reloaded before import = 0
Number of asset objects unloaded after import = 3
========================================================================
Received Import Request.
  Time of request: 2026-08-05T18:44:53.1773882Z
  Time since last request: 0.0004453 seconds.
  importAddress: GUID: 6210598a979f8724a8dac4531c428889 - Path: Packages/com.unity.2d.tilemap.extras/Editor/Brushes/LineBrush/LineBrush.cs - Importer: ScriptedImporter/UnityEditor.QuickSearchModule:UnityEditor.Search:ASIAI0B
Importing 'GUID: 6210598a979f8724a8dac4531c428889 - Path: Packages/com.unity.2d.tilemap.extras/Editor/Brushes/LineBrush/LineBrush.cs - Importer: ScriptedImporter/UnityEditor.QuickSearchModule:UnityEditor.Search:ASIAI0B' with importer (ScriptedImporter : UnityEditor.QuickSearchModule:UnityEditor.Search:ASIAI0B)
Imported 'GUID: 6210598a979f8724a8dac4531c428889' -> (Import Result ID: 'a8b656b9b956082f5664f3b7c8a2925a') in 0.002 seconds [static and dynamic dependencies]. Details - ImportResultOutputID=41282bb6759776cc107a268cc5d2dc46 DependenciesID=107dbab4276340552e93c3aea17e7031 StaticDependenciesID=806f19ac222253aac2f8ac5c01255ac2 
Number of updated asset objects reloaded before import = 0
Number of asset objects unloaded after import = 0
========================================================================
Received Import Request.
  Time of request: 2026-08-05T18:44:53.1882115Z
  Time since last request: 0.0002291 seconds.
  importAddress: GUID: 55f747e8af38fbe4d8819f37be6fd5aa - Path: Packages/com.unity.2d.tilemap.extras/Runtime/Tiles/HexagonalRuleTile/HexagonalRuleTile.cs - Importer: ScriptedImporter/UnityEditor.QuickSearchModule:UnityEditor.Search:ASIAI0B
Importing 'GUID: 55f747e8af38fbe4d8819f37be6fd5aa - Path: Packages/com.unity.2d.tilemap.extras/Runtime/Tiles/HexagonalRuleTile/HexagonalRuleTile.cs - Importer: ScriptedImporter/UnityEditor.QuickSearchModule:UnityEditor.Search:ASIAI0B' with importer (ScriptedImporter : UnityEditor.QuickSearchModule:UnityEditor.Search:ASIAI0B)
Imported 'GUID: 55f747e8af38fbe4d8819f37be6fd5aa' -> (Import Result ID: '319f44561fb5fba68a3df6c9156fb36a') in 0.002 seconds [static and dynamic dependencies]. Details - ImportResultOutputID=6455fd1bf877b9c4993a03446d5f3f3b DependenciesID=9911801b2452c6f0fdb135adb913f561 StaticDependenciesID=d43ccb2c92887ebd2c65a55b32fead3d 
Number of updated asset objects reloaded before import = 0
Number of asset objects unloaded after import = 0
========================================================================
Received Import Request.
  Time of request: 2026-08-05T18:44:53.1976449Z
  Time since last request: 0.0002437 seconds.
  importAddress: GUID: 6b3bffe22de404f319ed8587790d10ed - Path: Packages/com.unity.2d.tilemap.extras/Editor/Brushes/RandomBrush/d_RandomBrush@2x.png - Importer: ScriptedImporter/UnityEditor.QuickSearchModule:UnityEditor.Search:ASIAI0B
Importing 'GUID: 6b3bffe22de404f319ed8587790d10ed - Path: Packages/com.unity.2d.tilemap.extras/Editor/Brushes/RandomBrush/d_RandomBrush@2x.png - Importer: ScriptedImporter/UnityEditor.QuickSearchModule:UnityEditor.Search:ASIAI0B' with importer (ScriptedImporter : UnityEditor.QuickSearchModule:UnityEditor.Search:ASIAI0B)
Imported 'GUID: 6b3bffe22de404f319ed8587790d10ed' -> (Import Result ID: '95d8123c107bc806de55b6f7f6054baa') in 0.012 seconds [static and dynamic dependencies]. Details - ImportResultOutputID=b7533f7be0502f3cec223f840ebc1ca0 DependenciesID=3c811ca18744987bd1d6d0f1b10439ce StaticDependenciesID=6d98cd586f6d0225d07f87baff025bcd 
Number of updated asset objects reloaded before import = 0
Number of asset objects unloaded after import = 3
========================================================================
Received Import Request.
  Time of request: 2026-08-05T18:44:53.2404339Z
  Time since last request: 0.0241219 seconds.
  importAddress: GUID: 8a61e4b297fe5f94cb16e6f77a71892c - Path: Packages/com.unity.test-framework.performance/Runtime/Data/SampleUnit.cs - Importer: ScriptedImporter/UnityEditor.QuickSearchModule:UnityEditor.Search:ASIAI0B
Importing 'GUID: 8a61e4b297fe5f94cb16e6f77a71892c - Path: Packages/com.unity.test-framework.performance/Runtime/Data/SampleUnit.cs - Importer: ScriptedImporter/UnityEditor.QuickSearchModule:UnityEditor.Search:ASIAI0B' with importer (ScriptedImporter : UnityEditor.QuickSearchModule:UnityEditor.Search:ASIAI0B)
Imported 'GUID: 8a61e4b297fe5f94cb16e6f77a71892c' -> (Import Result ID: '41329777e016756c8585088c8bd3fd70') in 0.003 seconds [static and dynamic dependencies]. Details - ImportResultOutputID=0d526374432fa3ec7f95bf95d9b39116 DependenciesID=5f03ad0dba69b4e4416631d85cfce89f StaticDependenciesID=de19d10c0917ac6b4ec0060c33fd9e74 
Number of updated asset objects reloaded before import = 0
Number of asset objects unloaded after import = 0
========================================================================
Received Import Request.
  Time of request: 2026-08-05T18:44:53.2506285Z
  Time since last request: 0.0008718 seconds.
  importAddress: GUID: 357714a00c191294d87f51252d5f7d92 - Path: Packages/com.unity.test-framework.performance/Runtime/PerformanceTest.cs - Importer: ScriptedImporter/UnityEditor.QuickSearchModule:UnityEditor.Search:ASIAI0B
Importing 'GUID: 357714a00c191294d87f51252d5f7d92 - Path: Packages/com.unity.test-framework.performance/Runtime/PerformanceTest.cs - Importer: ScriptedImporter/UnityEditor.QuickSearchModule:UnityEditor.Search:ASIAI0B' with importer (ScriptedImporter : UnityEditor.QuickSearchModule:UnityEditor.Search:ASIAI0B)
Imported 'GUID: 357714a00c191294d87f51252d5f7d92' -> (Import Result ID: '74b20df51a16fceb8409e326312c8ded') in 0.002 seconds [static and dynamic dependencies]. Details - ImportResultOutputID=9ad44c95605816e842f2919ad6456e83 DependenciesID=74e9badd410385efed61b54dcb099be6 StaticDependenciesID=17fb88bc4673d1eb190cf4411255780a 
Number of updated asset objects reloaded before import = 0
Number of asset objects unloaded after import = 0
========================================================================
Received Import Request.
  Time of request: 2026-08-05T18:44:53.2607371Z
  Time since last request: 0.0003426 seconds.
  importAddress: GUID: 634ca08416be7e446b17074b7a8d85ef - Path: Packages/com.unity.test-framework.performance/Runtime/Data/Editor.cs - Importer: ScriptedImporter/UnityEditor.QuickSearchModule:UnityEditor.Search:ASIAI0B
Importing 'GUID: 634ca08416be7e446b17074b7a8d85ef - Path: Packages/com.unity.test-framework.performance/Runtime/Data/Editor.cs - Importer: ScriptedImporter/UnityEditor.QuickSearchModule:UnityEditor.Search:ASIAI0B' with importer (ScriptedImporter : UnityEditor.QuickSearchModule:UnityEditor.Search:ASIAI0B)
Imported 'GUID: 634ca08416be7e446b17074b7a8d85ef' -> (Import Result ID: 'a7e8c873d80d2d0673dde7f2bf30ce18') in 0.002 seconds [static and dynamic dependencies]. Details - ImportResultOutputID=8894e8dd3c6d8cd9aaee7d13760c4707 DependenciesID=ae89aad6c020a3a14c07adb497e21b1e StaticDependenciesID=2558eb7f060445c44c6edb3452974f78 
Number of updated asset objects reloaded before import = 0
Number of asset objects unloaded after import = 0
========================================================================
Received Import Request.
  Time of request: 2026-08-05T18:44:53.271186Z
  Time since last request: 0.0006551 seconds.
  importAddress: GUID: 0d9f444a464203c478024791eff61732 - Path: Packages/com.unity.test-framework.performance/Runtime/Attributes/RequiredMemberAttribute.cs - Importer: ScriptedImporter/UnityEditor.QuickSearchModule:UnityEditor.Search:ASIAI0B
Importing 'GUID: 0d9f444a464203c478024791eff61732 - Path: Packages/com.unity.test-framework.performance/Runtime/Attributes/RequiredMemberAttribute.cs - Importer: ScriptedImporter/UnityEditor.QuickSearchModule:UnityEditor.Search:ASIAI0B' with importer (ScriptedImporter : UnityEditor.QuickSearchModule:UnityEditor.Search:ASIAI0B)
Imported 'GUID: 0d9f444a464203c478024791eff61732' -> (Import Result ID: '5e90c2ded11f2553f8d3af99843ee017') in 0.002 seconds [static and dynamic dependencies]. Details - ImportResultOutputID=9f8ffef85f2d690b31d33b5f1b5475ba DependenciesID=5e9d6c143510bb33cc5ce5679eefe654 StaticDependenciesID=503d2e636c732a39b6311e931a09b960 
Number of updated asset objects reloaded before import = 0
Number of asset objects unloaded after import = 0
========================================================================
Received Import Request.
  Time of request: 2026-08-05T18:44:53.2812066Z
  Time since last request: 0.0006679 seconds.
  importAddress: GUID: ac464bc14bd17cc4ca2e8f909ca4f061 - Path: Packages/com.unity.test-framework.performance/Runtime/AssemblyInfo.cs - Importer: ScriptedImporter/UnityEditor.QuickSearchModule:UnityEditor.Search:ASIAI0B
Importing 'GUID: ac464bc14bd17cc4ca2e8f909ca4f061 - Path: Packages/com.unity.test-framework.performance/Runtime/AssemblyInfo.cs - Importer: ScriptedImporter/UnityEditor.QuickSearchModule:UnityEditor.Search:ASIAI0B' with importer (ScriptedImporter : UnityEditor.QuickSearchModule:UnityEditor.Search:ASIAI0B)
Imported 'GUID: ac464bc14bd17cc4ca2e8f909ca4f061' -> (Import Result ID: '39d187dc011637379f1bb7c1c5e86777') in 0.002 seconds [static and dynamic dependencies]. Details - ImportResultOutputID=46f9964e950bd6d57c53f7e04901b995 DependenciesID=9bdb6e6e999a83ab0582476f59ff0f79 StaticDependenciesID=0609de30074f288f24c276c174dfab3f 
Number of updated asset objects reloaded before import = 0
Number of asset objects unloaded after import = 0
========================================================================
Received Import Request.
  Time of request: 2026-08-05T18:44:53.2901802Z
  Time since last request: 0.0002652 seconds.
  importAddress: GUID: c6efe3fc0e07c46468863dfd0a15978d - Path: Packages/com.unity.test-framework.performance/Editor/TestReportGraph/SampleGroupAdditionalData.cs - Importer: ScriptedImporter/UnityEditor.QuickSearchModule:UnityEditor.Search:ASIAI0B
Importing 'GUID: c6efe3fc0e07c46468863dfd0a15978d - Path: Packages/com.unity.test-framework.performance/Editor/TestReportGraph/SampleGroupAdditionalData.cs - Importer: ScriptedImporter/UnityEditor.QuickSearchModule:UnityEditor.Search:ASIAI0B' with importer (ScriptedImporter : UnityEditor.QuickSearchModule:UnityEditor.Search:ASIAI0B)
Imported 'GUID: c6efe3fc0e07c46468863dfd0a15978d' -> (Import Result ID: 'be123014e94d965f36e4a9c95796e1aa') in 0.002 seconds [static and dynamic dependencies]. Details - ImportResultOutputID=846d8660e21254805e5bd701263a4ba1 DependenciesID=d1847b94dfd56d9b734df39804ef2ac1 StaticDependenciesID=cea5933ca6a4bd7e0878db1ae80d3d6f 
Number of updated asset objects reloaded before import = 0
Number of asset objects unloaded after import = 0
========================================================================
Received Import Request.
  Time of request: 2026-08-05T18:44:53.2997527Z
  Time since last request: 0.0002966 seconds.
  importAddress: GUID: 00438930dbe34b76b23c0046d05948b1 - Path: Packages/com.unity.test-framework.performance/Runtime/Statistics/ConfidenceLevel.cs - Importer: ScriptedImporter/UnityEditor.QuickSearchModule:UnityEditor.Search:ASIAI0B
Importing 'GUID: 00438930dbe34b76b23c0046d05948b1 - Path: Packages/com.unity.test-framework.performance/Runtime/Statistics/ConfidenceLevel.cs - Importer: ScriptedImporter/UnityEditor.QuickSearchModule:UnityEditor.Search:ASIAI0B' with importer (ScriptedImporter : UnityEditor.QuickSearchModule:UnityEditor.Search:ASIAI0B)
Imported 'GUID: 00438930dbe34b76b23c0046d05948b1' -> (Import Result ID: '67b3686e44bc935d8dea7b675051204c') in 0.002 seconds [static and dynamic dependencies]. Details - ImportResultOutputID=0bd2815daea56e91f7371cdf5339b0b1 DependenciesID=dbf17ac3ccc20cfcebdfcdc74cd8378c StaticDependenciesID=614fffd972559781e085d1a40efc4196 
Number of updated asset objects reloaded before import = 0
Number of asset objects unloaded after import = 0
========================================================================
Received Import Request.
  Time of request: 2026-08-05T18:44:53.3093783Z
  Time since last request: 0.0003821 seconds.
  importAddress: GUID: d1ed5968494d4f81bd53a7c212ca8d72 - Path: Packages/com.unity.test-framework.performance/Runtime/PerformanceTestHelper.cs - Importer: ScriptedImporter/UnityEditor.QuickSearchModule:UnityEditor.Search:ASIAI0B
Importing 'GUID: d1ed5968494d4f81bd53a7c212ca8d72 - Path: Packages/com.unity.test-framework.performance/Runtime/PerformanceTestHelper.cs - Importer: ScriptedImporter/UnityEditor.QuickSearchModule:UnityEditor.Search:ASIAI0B' with importer (ScriptedImporter : UnityEditor.QuickSearchModule:UnityEditor.Search:ASIAI0B)
Imported 'GUID: d1ed5968494d4f81bd53a7c212ca8d72' -> (Import Result ID: '016ebb0b3a1e1181018ea3431d407343') in 0.002 seconds [static and dynamic dependencies]. Details - ImportResultOutputID=0542424e44e240b9865708efd6276817 DependenciesID=16aad38411ae8c3b22339d749e608a89 StaticDependenciesID=98251a18352d592dfed90ba3581347c0 
Number of updated asset objects reloaded before import = 0
Number of asset objects unloaded after import = 0
========================================================================
Received Import Request.
  Time of request: 2026-08-05T18:44:53.3195513Z
  Time since last request: 0.000244 seconds.
  importAddress: GUID: 242480b4ab9580c44b35d75dfa073192 - Path: Packages/com.unity.test-framework.performance/Editor/TestReportGraph/TestListTable.cs - Importer: ScriptedImporter/UnityEditor.QuickSearchModule:UnityEditor.Search:ASIAI0B
Importing 'GUID: 242480b4ab9580c44b35d75dfa073192 - Path: Packages/com.unity.test-framework.performance/Editor/TestReportGraph/TestListTable.cs - Importer: ScriptedImporter/UnityEditor.QuickSearchModule:UnityEditor.Search:ASIAI0B' with importer (ScriptedImporter : UnityEditor.QuickSearchModule:UnityEditor.Search:ASIAI0B)
Imported 'GUID: 242480b4ab9580c44b35d75dfa073192' -> (Import Result ID: 'fd3f1e1b86496ccc8ae1b3ac714db6d8') in 0.002 seconds [static and dynamic dependencies]. Details - ImportResultOutputID=83e0da153479f62744656a842fb4c860 DependenciesID=f6e5b443e1491f1fd78a45eac9a680fa StaticDependenciesID=348d917e7171a1ace4a5b9c96c0e0fd9 
Number of updated asset objects reloaded before import = 0
Number of asset objects unloaded after import = 0
Editor requested this worker to shutdown with reason: Scaling down because of idle timeout
AcceleratorClientConnectionCallback - disconnected - :0
AssetImportWorker is now disconnected from the server
Process exiting
Exiting without the bug reporter. Application will terminate with return code 0