[Licensing::Module] Trying to connect to existing licensing client channel...
Built from '6000.5/staging' branch; Version is '6000.5.0f1 (88b47c5e7076) revision 8959100'; Using compiler version '194234433'; Build Type 'Release'
[Licensing::IpcConnector] Successfully connected to: "LicenseClient-Filip" at "2026-08-04T17:31:12.843544Z"
OS: 'Windows 10  (10.0.19045) 64bit Professional' Language: 'en' Physical Memory: 64640 MB
BatchMode: 1, IsHumanControllingUs: 0, StartBugReporterOnCrash: 0, Is64bit: 1
System  architecture: x64
Process architecture: x64
Date: 2026-08-04T17:31:12Z

COMMAND LINE ARGUMENTS:
D:\Software\Unity Installs\6000.5.0f1\Editor\Unity.exe
-adb2
-batchMode
-noUpm
-name
AssetImportWorkerHW2
-projectPath
D:/Projects/Kobold Collective/CardGameTakeHomeStarter
-logFile
Logs/AssetImportWorkerHW2.log
-srvPort
51719
-parentPid
110012
-analyticsCloudUserId
3573578210267
-analyticsCloudProjectId
1304c6e3-abd4-4b49-8156-dccc98aa1145
-analyticsLocalProjectId
1a724b6c99c414aacad9983827ba13a6
-licensingIpc
LicenseClient-Filip
-noDiagnosticSwitchPersistentStore
-job-worker-count
15
-background-job-worker-count
8
-asset-garbage-collectors
1
-force-d3d12
-name
AssetImport
Successfully changed project path to: D:/Projects/Kobold Collective/CardGameTakeHomeStarter
D:/Projects/Kobold Collective/CardGameTakeHomeStarter
[UnityMemory] Configuration Parameters - Can be set up in boot.config
    "memorysetup-temp-allocator-size-gi-baking-worker=262144"
    "memorysetup-temp-allocator-size-gi-baking-worker=262144"
    "memorysetup-temp-allocator-size-gi-baking-worker=262144"
    "memorysetup-temp-allocator-size-gi-baking-worker=262144"
    "memorysetup-temp-allocator-size-gi-baking-worker=262144"
    "memorysetup-temp-allocator-size-nav-mesh-worker=65536"
    "memorysetup-temp-allocator-size-audio-worker=65536"
    "memorysetup-temp-allocator-size-cloud-worker=32768"
    "memorysetup-temp-allocator-size-gfx=262144"
    "memorysetup-temp-allocator-size-preload-manager=33554432"
    "memorysetup-allocator-temp-initial-block-size-main=262144"
    "memorysetup-allocator-temp-initial-block-size-worker=262144"
    "memorysetup-temp-allocator-size-job-worker=262144"
    "memorysetup-temp-allocator-size-background-worker=32768"
    "memorysetup-bucket-allocator-granularity=16"
    "memorysetup-bucket-allocator-bucket-count=8"
    "memorysetup-bucket-allocator-block-size=33554432"
    "memorysetup-bucket-allocator-block-count=8"
    "memorysetup-main-allocator-block-size=16777216"
    "memorysetup-thread-allocator-block-size=16777216"
    "memorysetup-main-allocator-mimalloc-enabled=0"
    "memorysetup-gfx-main-allocator-block-size=16777216"
    "memorysetup-gfx-thread-allocator-block-size=16777216"
    "memorysetup-cache-allocator-block-size=4194304"
    "memorysetup-typetree-allocator-block-size=2097152"
    "memorysetup-profiler-bucket-allocator-granularity=16"
    "memorysetup-profiler-bucket-allocator-bucket-count=8"
    "memorysetup-profiler-bucket-allocator-block-size=33554432"
    "memorysetup-profiler-bucket-allocator-block-count=8"
    "memorysetup-profiler-allocator-block-size=16777216"
    "memorysetup-profiler-editor-allocator-block-size=1048576"
    "memorysetup-temp-allocator-size-main=16777216"
    "memorysetup-job-temp-allocator-block-size=2097152"
    "memorysetup-job-temp-allocator-block-size-background=1048576"
    "memorysetup-job-temp-allocator-reduction-small-platforms=262144"
Player connection [138840]  Target information:

Player connection [138840]  * "[IP] 10.0.0.10 [Port] 0 [Flags] 2 [Guid] 3740998698 [EditorId] 3740998698 [Version] 1048832 [Id] WindowsEditor(7,DESKTOP-LOE394D) [Debug] 1 [PackageName] WindowsEditor [ProjectName] Editor" 

Player connection [138840]  * "[IP] 172.18.224.1 [Port] 0 [Flags] 2 [Guid] 3740998698 [EditorId] 3740998698 [Version] 1048832 [Id] WindowsEditor(7,DESKTOP-LOE394D) [Debug] 1 [PackageName] WindowsEditor [ProjectName] Editor" 

Player connection [138840] Host joined multi-casting on [225.0.0.222:54997]...
Player connection [138840] Host joined alternative multi-casting on [225.0.0.222:34997]...
JobSystem: Creating JobQueue using job-worker-count value 15
Input System module state changed to: Initialized.
[Physics::Module] Initialized fallback backend.
[Physics::Module] Id: 0xdecafbad
Library Redirect Path: Library/
[Physics::Module] Selected backend.
[Physics::Module] Name: PhysX
[Physics::Module] Id: 0xf2b8ea05
[Physics::Module] SDK Version: 4.1.2
[Physics::Module] Integration Version: 1.0.0
[Physics::Module] Threading Mode: Multi-Threaded
Refreshing native plugins compatible for Editor in 2.08 ms, found 5 plugins.
Initialize engine version: 6000.5.0f1 (88b47c5e7076)
[Subsystems] Discovering subsystems at path D:/Software/Unity Installs/6000.5.0f1/Editor/Data/Resources/UnitySubsystems
[Subsystems] Discovering subsystems at path D:/Projects/Kobold Collective/CardGameTakeHomeStarter/Assets
Forcing GfxDevice: Direct3D 12
GfxDevice: creating device client; kGfxThreadingModeNonThreaded
[Licensing::Client] Error: HandshakeResponse reported an error:
	ResponseCode: 505
	ResponseStatus: Unsupported protocol version '1.18.1'.
[Licensing::Module] Error: Failed to handshake to channel: "LicenseClient-Filip"
[Licensing::IpcConnector] LicenseClient-Filip channel disconnected successfully.
[Licensing::IpcConnector] Successfully connected to: "LicenseClient-Filip-6000.5.0" at "2026-08-04T17:31:13.3696393Z"
[Licensing::Client] Code 10 while verifying Licensing Client signature (process Id: 119488, path: "D:/Software/Unity Installs/6000.5.0f1/Editor/Data/Resources/Licensing/Client/Unity.Licensing.Client.exe")
[Licensing::Module] LicensingClient has failed validation; ignoring
[Licensing::Client] Handshaking with LicensingClient:
  Version:                 1.18.1+9fbee8e
  Session Id:              c49773f31c384f6c9feda9cccfbc7d23
  Correlation Id:          313b0384e4b086877edc58dacf8a6333
  External correlation Id: 3456846585924902377
  Machine Id:              WdbJyY1ohjOZjQBbuRdciEBLWqo=
[Licensing::Module] Successfully connected to LicensingClient on channel: "LicenseClient-Filip-6000.5.0" (connect: 0.00s, validation: 0.00s, handshake: 0.00s)
[Licensing::IpcConnector] Successfully connected to: "LicenseClient-Filip-6000.5.0-notifications" at "2026-08-04T17:31:13.3739353Z"
[Licensing::Module] Licensing Background thread has ended after 0.53s
d3d12: failed to query info queue interface (0x80004002).
Direct3D:
    Version:         Direct3D 12 [level 12.2]
    Renderer:        NVIDIA GeForce RTX 4070 Ti SUPER (ID=0x2689)
    Vendor:          NVIDIA
    VRAM:            16061 MB
    App VRAM Budget: 15293 MB
    Driver:          32.0.16.1062
Initialize mono
Mono path[0] = 'D:/Software/Unity Installs/6000.5.0f1/Editor/Data/Managed'
Mono path[1] = 'D:/Software/Unity Installs/6000.5.0f1/Editor/Data/BCLExtensions/runtime/netstandard2.1'
Mono path[2] = 'D:/Software/Unity Installs/6000.5.0f1/Editor/Data/MonoBleedingEdge/lib/mono/unityjit-win32'
Mono config path = 'D:/Software/Unity Installs/6000.5.0f1/Editor/Data/MonoBleedingEdge/etc'
Using monoOptions --debugger-agent=transport=dt_socket,embedding=1,server=y,suspend=n,address=127.0.0.1:56220
CodeReloadManager initialized
Begin MonoManager ReloadAssembly
Registering precompiled unity dll's ...
Register platform support module: D:/Software/Unity Installs/6000.5.0f1/Editor/Data/PlaybackEngines/WindowsStandaloneSupport/UnityEditor.WindowsStandalone.Extensions.dll
Registered in 0.000719 seconds.
Native extension for WindowsStandalone target not found
Package Manager log level set to [2]
[Package Manager] Failed to launch server process. Reason: Unity was launched with the -noUpm command-line argument
[Package Manager] Unable to send message (not connected to server process).
[Package Manager] Cannot connect to Unity Package Manager local server
ScheduleIndexationOnStartup MainProcess:False IndexOnStartup:True
Mono: successfully reloaded assembly
- Finished resetting the current domain, in  0.285 seconds
Domain Reload Profiling: 628ms
	BeginReloadAssembly (96ms)
	RebuildCommonClasses (4ms)
	RebuildNativeTypeToScriptingClass (12ms)
	initialDomainReloadingComplete (41ms)
	LoadAllAssembliesAndSetupDomain (189ms)
		LoadAssemblies (95ms)
		AnalyzeDomain (141ms)
			TypeCache.Refresh (140ms)
				TypeCache.ScanAssembly (130ms)
	FinalizeReload (286ms)
		SetupLoadedEditorAssemblies (0ms)
			BeforeProcessingInitializeOnLoad (72ms)
			ProcessInitializeOnLoadAttributes (72ms)
			ProcessInitializeOnLoadMethodAttributes (82ms)
Initializing Unity extensions:
[Licensing::Client] Successfully resolved entitlement details
[Licensing::Module] License group:
  Id: 3573578210267-UnityPersXXXX
  Product: Unity Personal
  Type: Assigned
  Expiration: Unlimited
========================================================================
Worker process is ready to serve import requests
Import Worker Mode flag is 0x00
Begin MonoManager ReloadAssembly
Native extension for WindowsStandalone target not found
[Package Manager] Failed to launch server process. Reason: Unity was launched with the -noUpm command-line argument
[Package Manager] Unable to send message (not connected to server process).
[Package Manager] Cannot connect to Unity Package Manager local server
[Package Manager] Failed to launch server process. Reason: Unity was launched with the -noUpm command-line argument
[Package Manager] Unable to send message (not connected to server process).
[Package Manager] Cannot connect to Unity Package Manager local server
ScheduleIndexationOnStartup MainProcess:False IndexOnStartup:True
Mono: successfully reloaded assembly
- Finished resetting the current domain, in  0.607 seconds
Domain Reload Profiling: 1225ms
	BeginReloadAssembly (129ms)
		DisableScriptedObjects (4ms)
		CreateAndSetChildDomain (26ms)
	RebuildCommonClasses (6ms)
	RebuildNativeTypeToScriptingClass (13ms)
	initialDomainReloadingComplete (33ms)
	LoadAllAssembliesAndSetupDomain (437ms)
		LoadAssemblies (230ms)
		AnalyzeDomain (198ms)
			TypeCache.Refresh (130ms)
				TypeCache.ScanAssembly (119ms)
			BuildScriptInfoCaches (59ms)
			ResolveRequiredComponents (6ms)
	FinalizeReload (608ms)
		SetupLoadedEditorAssemblies (0ms)
			BeforeProcessingInitializeOnLoad (67ms)
			ProcessInitializeOnLoadAttributes (235ms)
			ProcessInitializeOnLoadMethodAttributes (184ms)
AcceleratorClientConnectionCallback - disconnected - :0
Launched and connected shader compiler UnityShaderCompiler.exe after 0.01 seconds
Unloading 22 Unused Serialized files (Serialized files now loaded: 0)
Curl error 3: URL rejected: Malformed input to a URL function
Unloading 7156 unused Assets / (6.3 MB). Loaded Objects now: 8040.
Memory consumption went from 343.2 MB to 337.0 MB.
Total: 9.538700 ms (FindLiveObjects: 0.830000 ms CreateObjectMapping: 1.645800 ms MarkObjects: 4.202500 ms  DeleteObjects: 2.858700 ms)

========================================================================
Received Import Request.
  Time of request: 2026-08-04T17:31:16.1105368Z
  Time since last request: 662976.5400017000502 seconds.
  importAddress: GUID: ee8ce5cd9c0883f4182b5cfd43cfd7fe - Path: Packages/com.unity.collab-proxy/Editor/Assets/Images/buttonssosigninunity@2x.png - Importer: ScriptedImporter/UnityEditor.QuickSearchModule:UnityEditor.Search:ASIAI0B
Importing 'GUID: ee8ce5cd9c0883f4182b5cfd43cfd7fe - Path: Packages/com.unity.collab-proxy/Editor/Assets/Images/buttonssosigninunity@2x.png - Importer: ScriptedImporter/UnityEditor.QuickSearchModule:UnityEditor.Search:ASIAI0B' with importer (ScriptedImporter : UnityEditor.QuickSearchModule:UnityEditor.Search:ASIAI0B)
Imported 'GUID: ee8ce5cd9c0883f4182b5cfd43cfd7fe' -> (Import Result ID: 'a64a847c93063e8c878f59d313955e5d') in 0.084 seconds [static and dynamic dependencies]. Details - ImportResultOutputID=3352180bc859379bc629f424e16c7e02 DependenciesID=260cb5e35dd838e23a60276a93078eb8 StaticDependenciesID=db9ac600ed18789c377cce6aafaa045f 
Number of updated asset objects reloaded before import = 0
Number of asset objects unloaded after import = 3
========================================================================
Received Import Request.
  Time of request: 2026-08-04T17:31:16.2037553Z
  Time since last request: 0.0000975 seconds.
  importAddress: GUID: 8b1d1407c22e5844698f18df6a9f1781 - Path: Packages/com.unity.collab-proxy/Editor/_Deprecated/CollabPlugin.cs - Importer: ScriptedImporter/UnityEditor.QuickSearchModule:UnityEditor.Search:ASIAI0B
Importing 'GUID: 8b1d1407c22e5844698f18df6a9f1781 - Path: Packages/com.unity.collab-proxy/Editor/_Deprecated/CollabPlugin.cs - Importer: ScriptedImporter/UnityEditor.QuickSearchModule:UnityEditor.Search:ASIAI0B' with importer (ScriptedImporter : UnityEditor.QuickSearchModule:UnityEditor.Search:ASIAI0B)
Imported 'GUID: 8b1d1407c22e5844698f18df6a9f1781' -> (Import Result ID: '18edb6c82a1a2cce8fbe84f73fecd93e') in 0.003 seconds [static and dynamic dependencies]. Details - ImportResultOutputID=4f6a3704497649b1257ddcee278fd314 DependenciesID=7e146e9a5747b27a61151908cdd012d7 StaticDependenciesID=c3a41448b4c4fc25eb703f28dc6dec26 
Number of updated asset objects reloaded before import = 0
Number of asset objects unloaded after import = 0
========================================================================
Received Import Request.
  Time of request: 2026-08-04T17:31:16.2155374Z
  Time since last request: 0.0002511 seconds.
  importAddress: GUID: f09eae8c0ea04254b90c5386a034a225 - Path: Packages/com.unity.collab-proxy/Editor/Assets/Images/buttonssosigningoogle.png - Importer: ScriptedImporter/UnityEditor.QuickSearchModule:UnityEditor.Search:ASIAI0B
Importing 'GUID: f09eae8c0ea04254b90c5386a034a225 - Path: Packages/com.unity.collab-proxy/Editor/Assets/Images/buttonssosigningoogle.png - Importer: ScriptedImporter/UnityEditor.QuickSearchModule:UnityEditor.Search:ASIAI0B' with importer (ScriptedImporter : UnityEditor.QuickSearchModule:UnityEditor.Search:ASIAI0B)
Imported 'GUID: f09eae8c0ea04254b90c5386a034a225' -> (Import Result ID: '3f18847bcb6dd02bab22fe526ad0f21f') in 0.005 seconds [static and dynamic dependencies]. Details - ImportResultOutputID=db66dc6c9ce4a1be8d85c31b3d4f26c9 DependenciesID=b3a96ca0786b367d3d63297976bac1b0 StaticDependenciesID=52a845afffab5f63a7bcd012fb9cb99a 
Number of updated asset objects reloaded before import = 0
Number of asset objects unloaded after import = 1
========================================================================
Received Import Request.
  Time of request: 2026-08-04T17:31:16.2280069Z
  Time since last request: 0.0003005 seconds.
  importAddress: GUID: 1c16a099b53fd4712b2d4cdb8fecd9f8 - Path: Packages/com.unity.collab-proxy/Editor/Assets/Images/ArrowCaretLeft.png - Importer: ScriptedImporter/UnityEditor.QuickSearchModule:UnityEditor.Search:ASIAI0B
Importing 'GUID: 1c16a099b53fd4712b2d4cdb8fecd9f8 - Path: Packages/com.unity.collab-proxy/Editor/Assets/Images/ArrowCaretLeft.png - Importer: ScriptedImporter/UnityEditor.QuickSearchModule:UnityEditor.Search:ASIAI0B' with importer (ScriptedImporter : UnityEditor.QuickSearchModule:UnityEditor.Search:ASIAI0B)
Imported 'GUID: 1c16a099b53fd4712b2d4cdb8fecd9f8' -> (Import Result ID: 'a16ea2ad6982d14d8553be95acc8fb6e') in 0.005 seconds [static and dynamic dependencies]. Details - ImportResultOutputID=fc8847c4c5dcc651bcb5f631e6777737 DependenciesID=63c053a2f839b5fa0d7e0a33508bed7c StaticDependenciesID=a746ab3510eccc1ed97e59234a4db29a 
Number of updated asset objects reloaded before import = 0
Number of asset objects unloaded after import = 3
========================================================================
Received Import Request.
  Time of request: 2026-08-04T17:31:16.2428163Z
  Time since last request: 0.0002307 seconds.
  importAddress: GUID: 421fea03dd9d4ac089ca279ee87c573b - Path: Packages/com.unity.collab-proxy/Editor/Views/EnableSwitchAndShelveFeatureDialog.cs - Importer: ScriptedImporter/UnityEditor.QuickSearchModule:UnityEditor.Search:ASIAI0B
Importing 'GUID: 421fea03dd9d4ac089ca279ee87c573b - Path: Packages/com.unity.collab-proxy/Editor/Views/EnableSwitchAndShelveFeatureDialog.cs - Importer: ScriptedImporter/UnityEditor.QuickSearchModule:UnityEditor.Search:ASIAI0B' with importer (ScriptedImporter : UnityEditor.QuickSearchModule:UnityEditor.Search:ASIAI0B)
Imported 'GUID: 421fea03dd9d4ac089ca279ee87c573b' -> (Import Result ID: 'a9225a30550ed38d1dcd641aec3d4bac') in 0.003 seconds [static and dynamic dependencies]. Details - ImportResultOutputID=48dcc7154d8a335b1ca43f7d1d4b1112 DependenciesID=70eaf1fab058854913fb11faccefddd1 StaticDependenciesID=18273c37b0532c17bd56f9b83be1f7ad 
Number of updated asset objects reloaded before import = 0
Number of asset objects unloaded after import = 0
========================================================================
Received Import Request.
  Time of request: 2026-08-04T17:31:16.2529584Z
  Time since last request: 0.0002062 seconds.
  importAddress: GUID: d24e7e0b75e1a244bb9687d6fd4315ef - Path: Packages/com.unity.collab-proxy/Editor/Assets/Images/buttonssosigninemail.png - Importer: ScriptedImporter/UnityEditor.QuickSearchModule:UnityEditor.Search:ASIAI0B
Importing 'GUID: d24e7e0b75e1a244bb9687d6fd4315ef - Path: Packages/com.unity.collab-proxy/Editor/Assets/Images/buttonssosigninemail.png - Importer: ScriptedImporter/UnityEditor.QuickSearchModule:UnityEditor.Search:ASIAI0B' with importer (ScriptedImporter : UnityEditor.QuickSearchModule:UnityEditor.Search:ASIAI0B)
Imported 'GUID: d24e7e0b75e1a244bb9687d6fd4315ef' -> (Import Result ID: 'e783472e6d41db1670544d5a7ff5137b') in 0.004 seconds [static and dynamic dependencies]. Details - ImportResultOutputID=33a9aa94f551e6c9dac5c4064dbc2c3a DependenciesID=3f829d7308e0b68b3973443b59de1955 StaticDependenciesID=798caefce74abf42ea0a65ad5ea0f3a3 
Number of updated asset objects reloaded before import = 0
Number of asset objects unloaded after import = 1
========================================================================
Received Import Request.
  Time of request: 2026-08-04T17:31:16.2639547Z
  Time since last request: 0.0002571 seconds.
  importAddress: GUID: 217d1c918b0005940b43c6099bbad952 - Path: Packages/com.unity.collab-proxy/Editor/UnityInternals/UVCSToolbarBoostrap_Legacy.cs - Importer: ScriptedImporter/UnityEditor.QuickSearchModule:UnityEditor.Search:ASIAI0B
Importing 'GUID: 217d1c918b0005940b43c6099bbad952 - Path: Packages/com.unity.collab-proxy/Editor/UnityInternals/UVCSToolbarBoostrap_Legacy.cs - Importer: ScriptedImporter/UnityEditor.QuickSearchModule:UnityEditor.Search:ASIAI0B' with importer (ScriptedImporter : UnityEditor.QuickSearchModule:UnityEditor.Search:ASIAI0B)
Imported 'GUID: 217d1c918b0005940b43c6099bbad952' -> (Import Result ID: 'a650fa0d3fc9720ccfd5456c95a77c6f') in 0.002 seconds [static and dynamic dependencies]. Details - ImportResultOutputID=0a0fbb2d9d94b605e32c144b4ca663ef DependenciesID=46354a1cdd4b5d90d0110c611caf965b StaticDependenciesID=846f40e82a57fc7c48738c675040c833 
Number of updated asset objects reloaded before import = 0
Number of asset objects unloaded after import = 0
========================================================================
Received Import Request.
  Time of request: 2026-08-04T17:31:16.2733582Z
  Time since last request: 0.000243 seconds.
  importAddress: GUID: 226459a134855504d841db6b61519d2b - Path: Packages/com.unity.collab-proxy/Editor/AssetOverlays/Cache/LocalStatusCache.cs - Importer: ScriptedImporter/UnityEditor.QuickSearchModule:UnityEditor.Search:ASIAI0B
Importing 'GUID: 226459a134855504d841db6b61519d2b - Path: Packages/com.unity.collab-proxy/Editor/AssetOverlays/Cache/LocalStatusCache.cs - Importer: ScriptedImporter/UnityEditor.QuickSearchModule:UnityEditor.Search:ASIAI0B' with importer (ScriptedImporter : UnityEditor.QuickSearchModule:UnityEditor.Search:ASIAI0B)
Imported 'GUID: 226459a134855504d841db6b61519d2b' -> (Import Result ID: '64f63deb3b0c8fcc104dfa107510d3c5') in 0.002 seconds [static and dynamic dependencies]. Details - ImportResultOutputID=108b28ebc7297e9e6894ddc3fe7481ef DependenciesID=c0acaa0d126b4d069f217d8f3e2de130 StaticDependenciesID=feb42fffd58ef304c18399e254c033a7 
Number of updated asset objects reloaded before import = 0
Number of asset objects unloaded after import = 0
========================================================================
Received Import Request.
  Time of request: 2026-08-04T17:31:16.2830758Z
  Time since last request: 0.0002846 seconds.
  importAddress: GUID: 2ab28149ef514131a59b505412f5bb87 - Path: Packages/com.unity.collab-proxy/Editor/Views/SummaryTextArea.cs - Importer: ScriptedImporter/UnityEditor.QuickSearchModule:UnityEditor.Search:ASIAI0B
Importing 'GUID: 2ab28149ef514131a59b505412f5bb87 - Path: Packages/com.unity.collab-proxy/Editor/Views/SummaryTextArea.cs - Importer: ScriptedImporter/UnityEditor.QuickSearchModule:UnityEditor.Search:ASIAI0B' with importer (ScriptedImporter : UnityEditor.QuickSearchModule:UnityEditor.Search:ASIAI0B)
Imported 'GUID: 2ab28149ef514131a59b505412f5bb87' -> (Import Result ID: '79034b5ed54ccae0c1ae11581e3252c1') in 0.002 seconds [static and dynamic dependencies]. Details - ImportResultOutputID=b0001414d43f8e21c22679df9c92d63c DependenciesID=7418d36e60b6a2daa1f506abf1684d01 StaticDependenciesID=8f637beeddb7661719296b0920ab82c5 
Number of updated asset objects reloaded before import = 0
Number of asset objects unloaded after import = 0
========================================================================
Received Import Request.
  Time of request: 2026-08-04T17:31:16.2965509Z
  Time since last request: 0.0034224 seconds.
  importAddress: GUID: 3f65802f2a170a145bd30ab3801b8d80 - Path: Packages/com.unity.collab-proxy/Editor/Assets/Images/d_iconclipboard.png - Importer: ScriptedImporter/UnityEditor.QuickSearchModule:UnityEditor.Search:ASIAI0B
Importing 'GUID: 3f65802f2a170a145bd30ab3801b8d80 - Path: Packages/com.unity.collab-proxy/Editor/Assets/Images/d_iconclipboard.png - Importer: ScriptedImporter/UnityEditor.QuickSearchModule:UnityEditor.Search:ASIAI0B' with importer (ScriptedImporter : UnityEditor.QuickSearchModule:UnityEditor.Search:ASIAI0B)
Imported 'GUID: 3f65802f2a170a145bd30ab3801b8d80' -> (Import Result ID: '8bf42cf3623733d970274455c921061f') in 0.004 seconds [static and dynamic dependencies]. Details - ImportResultOutputID=db4ca7ec9808b71119b036b11192abf1 DependenciesID=c0da075f6805856ff936a418d8392bb1 StaticDependenciesID=64b5a8e71d571f54477af9da64dba608 
Number of updated asset objects reloaded before import = 0
Number of asset objects unloaded after import = 3
========================================================================
Received Import Request.
  Time of request: 2026-08-04T17:31:16.3087966Z
  Time since last request: 0.0002171 seconds.
  importAddress: GUID: ba2e8a5b6413ebc46b4f580903cb911d - Path: Packages/com.unity.collab-proxy/Editor/Assets/Images/d_iconlockretained.png - Importer: ScriptedImporter/UnityEditor.QuickSearchModule:UnityEditor.Search:ASIAI0B
Importing 'GUID: ba2e8a5b6413ebc46b4f580903cb911d - Path: Packages/com.unity.collab-proxy/Editor/Assets/Images/d_iconlockretained.png - Importer: ScriptedImporter/UnityEditor.QuickSearchModule:UnityEditor.Search:ASIAI0B' with importer (ScriptedImporter : UnityEditor.QuickSearchModule:UnityEditor.Search:ASIAI0B)
Imported 'GUID: ba2e8a5b6413ebc46b4f580903cb911d' -> (Import Result ID: '43ebbcbd721550826960fcc34f08a01e') in 0.005 seconds [static and dynamic dependencies]. Details - ImportResultOutputID=8d502b238904aa807014f77a6052df9d DependenciesID=c17526600f3e4f3f8529e4bedacd3335 StaticDependenciesID=e18610cbb887009a8287416a4d8c12d4 
Number of updated asset objects reloaded before import = 0
Number of asset objects unloaded after import = 3
========================================================================
Received Import Request.
  Time of request: 2026-08-04T17:31:16.3210293Z
  Time since last request: 0.0001909 seconds.
  importAddress: GUID: 3cf8ae89579fd29479f4269d09600e16 - Path: Packages/com.unity.collab-proxy/Editor/Assets/Images/d_iconinfobellnotification@2x.png - Importer: ScriptedImporter/UnityEditor.QuickSearchModule:UnityEditor.Search:ASIAI0B
Importing 'GUID: 3cf8ae89579fd29479f4269d09600e16 - Path: Packages/com.unity.collab-proxy/Editor/Assets/Images/d_iconinfobellnotification@2x.png - Importer: ScriptedImporter/UnityEditor.QuickSearchModule:UnityEditor.Search:ASIAI0B' with importer (ScriptedImporter : UnityEditor.QuickSearchModule:UnityEditor.Search:ASIAI0B)
Imported 'GUID: 3cf8ae89579fd29479f4269d09600e16' -> (Import Result ID: '114672329a93eae00a51d722c4c64f9d') in 0.005 seconds [static and dynamic dependencies]. Details - ImportResultOutputID=9db08fe0dc3ba758249abb2750d05315 DependenciesID=8fb9823ac5b3e66454a653c285152f60 StaticDependenciesID=3d4402dae096757349acc05bb78bf9b1 
Number of updated asset objects reloaded before import = 0
Number of asset objects unloaded after import = 3
========================================================================
Received Import Request.
  Time of request: 2026-08-04T17:31:16.333789Z
  Time since last request: 0.0002527 seconds.
  importAddress: GUID: 8b32b34c806b4de4cb7f04b3344b6966 - Path: Packages/com.unity.collab-proxy/Editor/Assets/Images/d_iconclouddriveview.png - Importer: ScriptedImporter/UnityEditor.QuickSearchModule:UnityEditor.Search:ASIAI0B
Importing 'GUID: 8b32b34c806b4de4cb7f04b3344b6966 - Path: Packages/com.unity.collab-proxy/Editor/Assets/Images/d_iconclouddriveview.png - Importer: ScriptedImporter/UnityEditor.QuickSearchModule:UnityEditor.Search:ASIAI0B' with importer (ScriptedImporter : UnityEditor.QuickSearchModule:UnityEditor.Search:ASIAI0B)
Imported 'GUID: 8b32b34c806b4de4cb7f04b3344b6966' -> (Import Result ID: '2a061a5f7c1849b09c9f38176f9c4e14') in 0.005 seconds [static and dynamic dependencies]. Details - ImportResultOutputID=731c9323b18be612b1a43b01edc59837 DependenciesID=b5b581435c4a243ac32b3ec58d0c9765 StaticDependenciesID=4805902587e116bb68a4a7ee71439bcb 
Number of updated asset objects reloaded before import = 0
Number of asset objects unloaded after import = 3
========================================================================
Received Import Request.
  Time of request: 2026-08-04T17:31:16.3457437Z
  Time since last request: 0.0002309 seconds.
  importAddress: GUID: c41381829109cd84786a392ea6e3db60 - Path: Packages/com.unity.collab-proxy/Editor/Assets/Images/d_iconadd@2x.png - Importer: ScriptedImporter/UnityEditor.QuickSearchModule:UnityEditor.Search:ASIAI0B
Importing 'GUID: c41381829109cd84786a392ea6e3db60 - Path: Packages/com.unity.collab-proxy/Editor/Assets/Images/d_iconadd@2x.png - Importer: ScriptedImporter/UnityEditor.QuickSearchModule:UnityEditor.Search:ASIAI0B' with importer (ScriptedImporter : UnityEditor.QuickSearchModule:UnityEditor.Search:ASIAI0B)
Imported 'GUID: c41381829109cd84786a392ea6e3db60' -> (Import Result ID: '59da983d712526e79606f00e35befa28') in 0.004 seconds [static and dynamic dependencies]. Details - ImportResultOutputID=60b93511ef4649293d8edf9132b3936b DependenciesID=7a8561a1b334adc9f0ce2704a329db22 StaticDependenciesID=e524f28f0903e179a5847c548d185c22 
Number of updated asset objects reloaded before import = 0
Number of asset objects unloaded after import = 3
========================================================================
Received Import Request.
  Time of request: 2026-08-04T17:31:16.3578508Z
  Time since last request: 0.0001735 seconds.
  importAddress: GUID: 3094096a150921c409ef35579f2ada0f - Path: Packages/com.unity.collab-proxy/Editor/Assets/Images/d_iconinviteusers.png - Importer: ScriptedImporter/UnityEditor.QuickSearchModule:UnityEditor.Search:ASIAI0B
Importing 'GUID: 3094096a150921c409ef35579f2ada0f - Path: Packages/com.unity.collab-proxy/Editor/Assets/Images/d_iconinviteusers.png - Importer: ScriptedImporter/UnityEditor.QuickSearchModule:UnityEditor.Search:ASIAI0B' with importer (ScriptedImporter : UnityEditor.QuickSearchModule:UnityEditor.Search:ASIAI0B)
Imported 'GUID: 3094096a150921c409ef35579f2ada0f' -> (Import Result ID: 'ae33ba16f7f295d0f2c0ac75dffdaeb9') in 0.004 seconds [static and dynamic dependencies]. Details - ImportResultOutputID=4cf108421c10bde3bb36a4509de6ab7f DependenciesID=5ac2bc986eb8aeb035e4199486d6a7ea StaticDependenciesID=5238f380213407d35a811eaf1b347ff2 
Number of updated asset objects reloaded before import = 0
Number of asset objects unloaded after import = 3
========================================================================
Received Import Request.
  Time of request: 2026-08-04T17:31:16.3693436Z
  Time since last request: 0.000331 seconds.
  importAddress: GUID: 59eedc7f076ac5749993ec0e94b87af3 - Path: Packages/com.unity.collab-proxy/Editor/Assets/Images/d_iconclouddriveview@2x.png - Importer: ScriptedImporter/UnityEditor.QuickSearchModule:UnityEditor.Search:ASIAI0B
Importing 'GUID: 59eedc7f076ac5749993ec0e94b87af3 - Path: Packages/com.unity.collab-proxy/Editor/Assets/Images/d_iconclouddriveview@2x.png - Importer: ScriptedImporter/UnityEditor.QuickSearchModule:UnityEditor.Search:ASIAI0B' with importer (ScriptedImporter : UnityEditor.QuickSearchModule:UnityEditor.Search:ASIAI0B)
Imported 'GUID: 59eedc7f076ac5749993ec0e94b87af3' -> (Import Result ID: 'e05bac942fb977753efc6108c21e6055') in 0.006 seconds [static and dynamic dependencies]. Details - ImportResultOutputID=24f4ad58f354697cd8a781dbfa4f631a DependenciesID=86e7b308dea69c4541cff734b24c9718 StaticDependenciesID=dac4e64c43cf32a06391a874b1044633 
Number of updated asset objects reloaded before import = 0
Number of asset objects unloaded after import = 3
========================================================================
Received Import Request.
  Time of request: 2026-08-04T17:31:16.3834033Z
  Time since last request: 0.0002385 seconds.
  importAddress: GUID: 4da274d970a82a943ae3979e7833f3dd - Path: Packages/com.unity.collab-proxy/Editor/Assets/Images/d_icondeletedlocaloverlay.png - Importer: ScriptedImporter/UnityEditor.QuickSearchModule:UnityEditor.Search:ASIAI0B
Importing 'GUID: 4da274d970a82a943ae3979e7833f3dd - Path: Packages/com.unity.collab-proxy/Editor/Assets/Images/d_icondeletedlocaloverlay.png - Importer: ScriptedImporter/UnityEditor.QuickSearchModule:UnityEditor.Search:ASIAI0B' with importer (ScriptedImporter : UnityEditor.QuickSearchModule:UnityEditor.Search:ASIAI0B)
Imported 'GUID: 4da274d970a82a943ae3979e7833f3dd' -> (Import Result ID: '1ae42a9733d466c06bfffea75080a70a') in 0.004 seconds [static and dynamic dependencies]. Details - ImportResultOutputID=7777e9ee90448c789f2b1686e13de2a0 DependenciesID=ea9c3b656fac4264e04fea2f806eae3a StaticDependenciesID=e319efbd97bbb34f5a646236b7354d91 
Number of updated asset objects reloaded before import = 0
Number of asset objects unloaded after import = 1
========================================================================
Received Import Request.
  Time of request: 2026-08-04T17:31:16.3948213Z
  Time since last request: 0.0002799 seconds.
  importAddress: GUID: 9aebd705574f9e642aef1e5f59b3e4d8 - Path: Packages/com.unity.collab-proxy/Editor/Assets/Images/d_iconemptygravatar.png - Importer: ScriptedImporter/UnityEditor.QuickSearchModule:UnityEditor.Search:ASIAI0B
Importing 'GUID: 9aebd705574f9e642aef1e5f59b3e4d8 - Path: Packages/com.unity.collab-proxy/Editor/Assets/Images/d_iconemptygravatar.png - Importer: ScriptedImporter/UnityEditor.QuickSearchModule:UnityEditor.Search:ASIAI0B' with importer (ScriptedImporter : UnityEditor.QuickSearchModule:UnityEditor.Search:ASIAI0B)
Imported 'GUID: 9aebd705574f9e642aef1e5f59b3e4d8' -> (Import Result ID: '8054dd36024403bbeb2e8592274658f0') in 0.004 seconds [static and dynamic dependencies]. Details - ImportResultOutputID=ec6bc9754fe5b6da3de81edbb92488f4 DependenciesID=1243f8183269bba34c059a54a3a6df27 StaticDependenciesID=71a653963ec8cce1cd704b05f3b3df9e 
Number of updated asset objects reloaded before import = 0
Number of asset objects unloaded after import = 1
========================================================================
Received Import Request.
  Time of request: 2026-08-04T17:31:16.4065796Z
  Time since last request: 0.0002914 seconds.
  importAddress: GUID: 02800fb9cff14da47a04572790384d8b - Path: Packages/com.unity.collab-proxy/Editor/Assets/Images/d_iconaddedlocal@2x.png - Importer: ScriptedImporter/UnityEditor.QuickSearchModule:UnityEditor.Search:ASIAI0B
Importing 'GUID: 02800fb9cff14da47a04572790384d8b - Path: Packages/com.unity.collab-proxy/Editor/Assets/Images/d_iconaddedlocal@2x.png - Importer: ScriptedImporter/UnityEditor.QuickSearchModule:UnityEditor.Search:ASIAI0B' with importer (ScriptedImporter : UnityEditor.QuickSearchModule:UnityEditor.Search:ASIAI0B)
Imported 'GUID: 02800fb9cff14da47a04572790384d8b' -> (Import Result ID: '4817ad97ea8d9660dd52f5e3a90d6576') in 0.004 seconds [static and dynamic dependencies]. Details - ImportResultOutputID=2717222e83c930debccc59bb3caea87c DependenciesID=d5a76416738b6549b128dc8bb4c12ec7 StaticDependenciesID=38392aea9c178c86b5050f9afe6dce21 
Number of updated asset objects reloaded before import = 0
Number of asset objects unloaded after import = 1
========================================================================
Received Import Request.
  Time of request: 2026-08-04T17:31:16.419117Z
  Time since last request: 0.0002698 seconds.
  importAddress: GUID: ec597fbbebec64e4f8725c31ce52fdb7 - Path: Packages/com.unity.collab-proxy/Editor/Assets/Images/d_hideversioncontrol.png - Importer: ScriptedImporter/UnityEditor.QuickSearchModule:UnityEditor.Search:ASIAI0B
Importing 'GUID: ec597fbbebec64e4f8725c31ce52fdb7 - Path: Packages/com.unity.collab-proxy/Editor/Assets/Images/d_hideversioncontrol.png - Importer: ScriptedImporter/UnityEditor.QuickSearchModule:UnityEditor.Search:ASIAI0B' with importer (ScriptedImporter : UnityEditor.QuickSearchModule:UnityEditor.Search:ASIAI0B)
Imported 'GUID: ec597fbbebec64e4f8725c31ce52fdb7' -> (Import Result ID: '60509cba524a2e11be86fa31d4b07ba0') in 0.005 seconds [static and dynamic dependencies]. Details - ImportResultOutputID=1a1cff08d4b8efb6bb5de1cca1f82b11 DependenciesID=bca3bb2d071950cacf80549e899f7d2c StaticDependenciesID=88c54b576e01427f9eab4a0fc1e74de4 
Number of updated asset objects reloaded before import = 0
Number of asset objects unloaded after import = 3
========================================================================
Received Import Request.
  Time of request: 2026-08-04T17:31:16.4330713Z
  Time since last request: 0.0002353 seconds.
  importAddress: GUID: 23e66f7264c74424889342127f229577 - Path: Packages/com.unity.collab-proxy/Editor/Assets/Images/d_icondeletedremote.png - Importer: ScriptedImporter/UnityEditor.QuickSearchModule:UnityEditor.Search:ASIAI0B
Importing 'GUID: 23e66f7264c74424889342127f229577 - Path: Packages/com.unity.collab-proxy/Editor/Assets/Images/d_icondeletedremote.png - Importer: ScriptedImporter/UnityEditor.QuickSearchModule:UnityEditor.Search:ASIAI0B' with importer (ScriptedImporter : UnityEditor.QuickSearchModule:UnityEditor.Search:ASIAI0B)
Imported 'GUID: 23e66f7264c74424889342127f229577' -> (Import Result ID: 'd917755934cea588f78562e687ee848c') in 0.005 seconds [static and dynamic dependencies]. Details - ImportResultOutputID=1dd29ab7d2fb36f69b6ce7085aff1abb DependenciesID=71593532d01cbeaab3045d2a8eb54c6b StaticDependenciesID=2b8de08e8bc1bb63afc575be8b7458ba 
Number of updated asset objects reloaded before import = 0
Number of asset objects unloaded after import = 1
========================================================================
Received Import Request.
  Time of request: 2026-08-04T17:31:16.4455961Z
  Time since last request: 0.0002755 seconds.
  importAddress: GUID: 9b76c79563c3a274aa48b0dbdf009693 - Path: Packages/com.unity.collab-proxy/Editor/Assets/Images/d_iconbrex@2x.png - Importer: ScriptedImporter/UnityEditor.QuickSearchModule:UnityEditor.Search:ASIAI0B
Importing 'GUID: 9b76c79563c3a274aa48b0dbdf009693 - Path: Packages/com.unity.collab-proxy/Editor/Assets/Images/d_iconbrex@2x.png - Importer: ScriptedImporter/UnityEditor.QuickSearchModule:UnityEditor.Search:ASIAI0B' with importer (ScriptedImporter : UnityEditor.QuickSearchModule:UnityEditor.Search:ASIAI0B)
Imported 'GUID: 9b76c79563c3a274aa48b0dbdf009693' -> (Import Result ID: '8a9ec22c3cad60d17281e06a3eedd3c2') in 0.004 seconds [static and dynamic dependencies]. Details - ImportResultOutputID=a8da27e7748f250f9887fdc3d5c8020f DependenciesID=82bdba16f6b5b46e246bb9ac2ccdc9ad StaticDependenciesID=6d5d27dcf5c16976927712542add6027 
Number of updated asset objects reloaded before import = 0
Number of asset objects unloaded after import = 3
========================================================================
Received Import Request.
  Time of request: 2026-08-04T17:31:16.4579653Z
  Time since last request: 0.0003099 seconds.
  importAddress: GUID: e1e64e28e7631534d8408668bcb82502 - Path: Packages/com.unity.collab-proxy/Editor/Assets/Images/d_iconlabel.png - Importer: ScriptedImporter/UnityEditor.QuickSearchModule:UnityEditor.Search:ASIAI0B
Importing 'GUID: e1e64e28e7631534d8408668bcb82502 - Path: Packages/com.unity.collab-proxy/Editor/Assets/Images/d_iconlabel.png - Importer: ScriptedImporter/UnityEditor.QuickSearchModule:UnityEditor.Search:ASIAI0B' with importer (ScriptedImporter : UnityEditor.QuickSearchModule:UnityEditor.Search:ASIAI0B)
Imported 'GUID: e1e64e28e7631534d8408668bcb82502' -> (Import Result ID: '4b1b22e3c31624335a91364761c17426') in 0.005 seconds [static and dynamic dependencies]. Details - ImportResultOutputID=1557746b26c3a7ebff0d0dc6e5a89e70 DependenciesID=b5fb7be46a5ced7212a51f287b45cece StaticDependenciesID=33546e8b706f4d46dca55acab7323b1e 
Number of updated asset objects reloaded before import = 0
Number of asset objects unloaded after import = 3
========================================================================
Received Import Request.
  Time of request: 2026-08-04T17:31:16.4704941Z
  Time since last request: 0.0002199 seconds.
  importAddress: GUID: ce435fe40bff4da41aadc577ebfb27d7 - Path: Packages/com.unity.collab-proxy/Editor/Assets/Images/d_iconlabel@2x.png - Importer: ScriptedImporter/UnityEditor.QuickSearchModule:UnityEditor.Search:ASIAI0B
Importing 'GUID: ce435fe40bff4da41aadc577ebfb27d7 - Path: Packages/com.unity.collab-proxy/Editor/Assets/Images/d_iconlabel@2x.png - Importer: ScriptedImporter/UnityEditor.QuickSearchModule:UnityEditor.Search:ASIAI0B' with importer (ScriptedImporter : UnityEditor.QuickSearchModule:UnityEditor.Search:ASIAI0B)
Imported 'GUID: ce435fe40bff4da41aadc577ebfb27d7' -> (Import Result ID: 'fc46430dba4c79d21c69483de3b2e0dc') in 0.005 seconds [static and dynamic dependencies]. Details - ImportResultOutputID=5c64bf466efc6ce8c0905e829f0695d6 DependenciesID=34165c909cb7bc0da5fdabc180b97d31 StaticDependenciesID=1d7089f78427b9114edc6eefb750ff6e 
Number of updated asset objects reloaded before import = 0
Number of asset objects unloaded after import = 3
========================================================================
Received Import Request.
  Time of request: 2026-08-04T17:31:16.4832579Z
  Time since last request: 0.00029 seconds.
  importAddress: GUID: 0c6a2a64ca9f9c946a7dbbd1674cf5bd - Path: Packages/com.unity.collab-proxy/Editor/Assets/Images/d_iconaddedlocal.png - Importer: ScriptedImporter/UnityEditor.QuickSearchModule:UnityEditor.Search:ASIAI0B
Importing 'GUID: 0c6a2a64ca9f9c946a7dbbd1674cf5bd - Path: Packages/com.unity.collab-proxy/Editor/Assets/Images/d_iconaddedlocal.png - Importer: ScriptedImporter/UnityEditor.QuickSearchModule:UnityEditor.Search:ASIAI0B' with importer (ScriptedImporter : UnityEditor.QuickSearchModule:UnityEditor.Search:ASIAI0B)
Imported 'GUID: 0c6a2a64ca9f9c946a7dbbd1674cf5bd' -> (Import Result ID: '04222d9de8eae9bd871dbf38fa069134') in 0.004 seconds [static and dynamic dependencies]. Details - ImportResultOutputID=291c738d9a028cd5c6bbb82130e9ced4 DependenciesID=e938b1d9f019a5a4204b135ea1237594 StaticDependenciesID=98bdc544ec9ec5acc849c5116f622bf8 
Number of updated asset objects reloaded before import = 0
Number of asset objects unloaded after import = 1
========================================================================
Received Import Request.
  Time of request: 2026-08-04T17:31:16.494661Z
  Time since last request: 0.0002686 seconds.
  importAddress: GUID: 4da398eacd0c045bebf576a9f11339b0 - Path: Packages/com.unity.collab-proxy/Editor/Assets/Images/d_iconchangesets.png - Importer: ScriptedImporter/UnityEditor.QuickSearchModule:UnityEditor.Search:ASIAI0B
Importing 'GUID: 4da398eacd0c045bebf576a9f11339b0 - Path: Packages/com.unity.collab-proxy/Editor/Assets/Images/d_iconchangesets.png - Importer: ScriptedImporter/UnityEditor.QuickSearchModule:UnityEditor.Search:ASIAI0B' with importer (ScriptedImporter : UnityEditor.QuickSearchModule:UnityEditor.Search:ASIAI0B)
Imported 'GUID: 4da398eacd0c045bebf576a9f11339b0' -> (Import Result ID: '5c5f1ae5b5c35a1e15ccb912a19584ac') in 0.007 seconds [static and dynamic dependencies]. Details - ImportResultOutputID=7722449ce05bdeacb5f1b7418792bdf0 DependenciesID=e8eab06e75f638094f4d2065d6888296 StaticDependenciesID=9b7ac0e2f3bdc3a640d7ae340836258e 
Number of updated asset objects reloaded before import = 0
Number of asset objects unloaded after import = 3
========================================================================
Received Import Request.
  Time of request: 2026-08-04T17:31:16.5090891Z
  Time since last request: 0.0002285 seconds.
  importAddress: GUID: c1516142c0a669b42aecce30a3459017 - Path: Packages/com.unity.collab-proxy/Editor/Assets/Images/d_iconbranch.png - Importer: ScriptedImporter/UnityEditor.QuickSearchModule:UnityEditor.Search:ASIAI0B
Importing 'GUID: c1516142c0a669b42aecce30a3459017 - Path: Packages/com.unity.collab-proxy/Editor/Assets/Images/d_iconbranch.png - Importer: ScriptedImporter/UnityEditor.QuickSearchModule:UnityEditor.Search:ASIAI0B' with importer (ScriptedImporter : UnityEditor.QuickSearchModule:UnityEditor.Search:ASIAI0B)
Imported 'GUID: c1516142c0a669b42aecce30a3459017' -> (Import Result ID: '75f10a7032752e84999875640c833e50') in 0.004 seconds [static and dynamic dependencies]. Details - ImportResultOutputID=f064130668445acf735ee9f9e37f5437 DependenciesID=2892909bad2ccb3e1f712f0fb29ea6bd StaticDependenciesID=a19bd13218d6c1ce72af5f7a2d0a91f3 
Number of updated asset objects reloaded before import = 0
Number of asset objects unloaded after import = 3
========================================================================
Received Import Request.
  Time of request: 2026-08-04T17:31:16.5208894Z
  Time since last request: 0.0004303 seconds.
  importAddress: GUID: 6768dd39d3740af429fb2d88f53390c2 - Path: Packages/com.unity.collab-proxy/Editor/Assets/Images/d_iconignoredoverlay.png - Importer: ScriptedImporter/UnityEditor.QuickSearchModule:UnityEditor.Search:ASIAI0B
Importing 'GUID: 6768dd39d3740af429fb2d88f53390c2 - Path: Packages/com.unity.collab-proxy/Editor/Assets/Images/d_iconignoredoverlay.png - Importer: ScriptedImporter/UnityEditor.QuickSearchModule:UnityEditor.Search:ASIAI0B' with importer (ScriptedImporter : UnityEditor.QuickSearchModule:UnityEditor.Search:ASIAI0B)
Imported 'GUID: 6768dd39d3740af429fb2d88f53390c2' -> (Import Result ID: 'd33d040cd2db1f62c90fe1fdf82f1791') in 0.005 seconds [static and dynamic dependencies]. Details - ImportResultOutputID=e8dbb212d0d7e3685cab5a1bc0371617 DependenciesID=84ee24aad69a0ce458dab46cc432f35c StaticDependenciesID=c128abe7e8476fb81088f4cdb075fdd0 
Number of updated asset objects reloaded before import = 0
Number of asset objects unloaded after import = 3
========================================================================
Received Import Request.
  Time of request: 2026-08-04T17:31:16.533452Z
  Time since last request: 0.000307 seconds.
  importAddress: GUID: 50d1ea51731fa43db9ce0ec4fe5f0b07 - Path: Packages/com.unity.collab-proxy/Editor/Assets/Images/d_iconhistory@2x.png - Importer: ScriptedImporter/UnityEditor.QuickSearchModule:UnityEditor.Search:ASIAI0B
Importing 'GUID: 50d1ea51731fa43db9ce0ec4fe5f0b07 - Path: Packages/com.unity.collab-proxy/Editor/Assets/Images/d_iconhistory@2x.png - Importer: ScriptedImporter/UnityEditor.QuickSearchModule:UnityEditor.Search:ASIAI0B' with importer (ScriptedImporter : UnityEditor.QuickSearchModule:UnityEditor.Search:ASIAI0B)
Imported 'GUID: 50d1ea51731fa43db9ce0ec4fe5f0b07' -> (Import Result ID: '7858b0149373735e88e54c41a5e1e3e5') in 0.004 seconds [static and dynamic dependencies]. Details - ImportResultOutputID=e2f06856828aab85629cb65304e3f4d5 DependenciesID=92f01d9854959a5929f66bcc13b89ed9 StaticDependenciesID=2375308a7e5db5d1de808a3c234ea795 
Number of updated asset objects reloaded before import = 0
Number of asset objects unloaded after import = 3
========================================================================
Received Import Request.
  Time of request: 2026-08-04T17:31:16.5715433Z
  Time since last request: 0.0260756 seconds.
  importAddress: GUID: e27bb56b83f03421880673ee2b951102 - Path: Packages/com.unity.collab-proxy/Editor/Assets/Images/d_iconmovedoverlay@2x.png - Importer: ScriptedImporter/UnityEditor.QuickSearchModule:UnityEditor.Search:ASIAI0B
Importing 'GUID: e27bb56b83f03421880673ee2b951102 - Path: Packages/com.unity.collab-proxy/Editor/Assets/Images/d_iconmovedoverlay@2x.png - Importer: ScriptedImporter/UnityEditor.QuickSearchModule:UnityEditor.Search:ASIAI0B' with importer (ScriptedImporter : UnityEditor.QuickSearchModule:UnityEditor.Search:ASIAI0B)
Imported 'GUID: e27bb56b83f03421880673ee2b951102' -> (Import Result ID: '32c65c893c2d8fce6436352f77c1835f') in 0.006 seconds [static and dynamic dependencies]. Details - ImportResultOutputID=f136148769263bb1800412cd9332c1c1 DependenciesID=4f3cb9dca31ebb96765357061b56be24 StaticDependenciesID=771515194d2b33c1f4392f03d34f2e59 
Number of updated asset objects reloaded before import = 0
Number of asset objects unloaded after import = 3
========================================================================
Received Import Request.
  Time of request: 2026-08-04T17:31:16.5839239Z
  Time since last request: 0.0001589 seconds.
  importAddress: GUID: f31d2c855644aad4cb2030bce12859f6 - Path: Packages/com.unity.collab-proxy/Editor/Assets/Images/d_iconplasticnotifyincoming.png - Importer: ScriptedImporter/UnityEditor.QuickSearchModule:UnityEditor.Search:ASIAI0B
Importing 'GUID: f31d2c855644aad4cb2030bce12859f6 - Path: Packages/com.unity.collab-proxy/Editor/Assets/Images/d_iconplasticnotifyincoming.png - Importer: ScriptedImporter/UnityEditor.QuickSearchModule:UnityEditor.Search:ASIAI0B' with importer (ScriptedImporter : UnityEditor.QuickSearchModule:UnityEditor.Search:ASIAI0B)
Imported 'GUID: f31d2c855644aad4cb2030bce12859f6' -> (Import Result ID: 'a219fa369e76c928dc85b5047c8b406b') in 0.004 seconds [static and dynamic dependencies]. Details - ImportResultOutputID=a5d9227634f273d8bb54478233312385 DependenciesID=fda2db7213aabc9407596b4b85770459 StaticDependenciesID=ddf4e23f8f65c4b7fc74e8a02b12a219 
Number of updated asset objects reloaded before import = 0
Number of asset objects unloaded after import = 1
========================================================================
Received Import Request.
  Time of request: 2026-08-04T17:31:16.5951814Z
  Time since last request: 0.0002184 seconds.
  importAddress: GUID: fbfdd7d489e0bd54f946ebc8e19db8bd - Path: Packages/com.unity.collab-proxy/Editor/Assets/Images/hideversioncontrol@2x.png - Importer: ScriptedImporter/UnityEditor.QuickSearchModule:UnityEditor.Search:ASIAI0B
Importing 'GUID: fbfdd7d489e0bd54f946ebc8e19db8bd - Path: Packages/com.unity.collab-proxy/Editor/Assets/Images/hideversioncontrol@2x.png - Importer: ScriptedImporter/UnityEditor.QuickSearchModule:UnityEditor.Search:ASIAI0B' with importer (ScriptedImporter : UnityEditor.QuickSearchModule:UnityEditor.Search:ASIAI0B)
Imported 'GUID: fbfdd7d489e0bd54f946ebc8e19db8bd' -> (Import Result ID: '5357a5a3e58d29438fcb792dd404b9e7') in 0.004 seconds [static and dynamic dependencies]. Details - ImportResultOutputID=1a2b149373826505f3b06a833f163840 DependenciesID=d7d9d968ca49b4315f4e50385a0bc7cf StaticDependenciesID=def08995caec8e45247324235b0cf587 
Number of updated asset objects reloaded before import = 0
Number of asset objects unloaded after import = 3
========================================================================
Received Import Request.
  Time of request: 2026-08-04T17:31:16.6075731Z
  Time since last request: 0.0001659 seconds.
  importAddress: GUID: c9ed6d6ea2f9657409bfa068d4846139 - Path: Packages/com.unity.collab-proxy/Editor/Assets/Images/d_step3@2x.png - Importer: ScriptedImporter/UnityEditor.QuickSearchModule:UnityEditor.Search:ASIAI0B
Importing 'GUID: c9ed6d6ea2f9657409bfa068d4846139 - Path: Packages/com.unity.collab-proxy/Editor/Assets/Images/d_step3@2x.png - Importer: ScriptedImporter/UnityEditor.QuickSearchModule:UnityEditor.Search:ASIAI0B' with importer (ScriptedImporter : UnityEditor.QuickSearchModule:UnityEditor.Search:ASIAI0B)
Imported 'GUID: c9ed6d6ea2f9657409bfa068d4846139' -> (Import Result ID: 'ac358bf0f67415722445633ee9b57dea') in 0.004 seconds [static and dynamic dependencies]. Details - ImportResultOutputID=d13dc3d64b09e4f3c124c59b3c32114b DependenciesID=60127948b09171c581f4bd0f3bf7ea41 StaticDependenciesID=0aee3a53c08e7cafcf618af970f5d6c5 
Number of updated asset objects reloaded before import = 0
Number of asset objects unloaded after import = 1
========================================================================
Received Import Request.
  Time of request: 2026-08-04T17:31:16.6189277Z
  Time since last request: 0.0002619 seconds.
  importAddress: GUID: 691dc543ff5b9ca44bf846657ba04161 - Path: Packages/com.unity.collab-proxy/Editor/Assets/Images/d_iconundo.png - Importer: ScriptedImporter/UnityEditor.QuickSearchModule:UnityEditor.Search:ASIAI0B
Importing 'GUID: 691dc543ff5b9ca44bf846657ba04161 - Path: Packages/com.unity.collab-proxy/Editor/Assets/Images/d_iconundo.png - Importer: ScriptedImporter/UnityEditor.QuickSearchModule:UnityEditor.Search:ASIAI0B' with importer (ScriptedImporter : UnityEditor.QuickSearchModule:UnityEditor.Search:ASIAI0B)
Imported 'GUID: 691dc543ff5b9ca44bf846657ba04161' -> (Import Result ID: '88a86a2197dd2d2d1918b1aa6b8ae1c4') in 0.004 seconds [static and dynamic dependencies]. Details - ImportResultOutputID=b65e12b9e742e66af8db104b7b992482 DependenciesID=e796774d3c97aca14d3a6137ed481379 StaticDependenciesID=fac169abb504c1d8459f27bf99acaedf 
Number of updated asset objects reloaded before import = 0
Number of asset objects unloaded after import = 1
========================================================================
Received Import Request.
  Time of request: 2026-08-04T17:31:16.6310539Z
  Time since last request: 0.0003322 seconds.
  importAddress: GUID: 3494dc956dfd7174abc07060940a2848 - Path: Packages/com.unity.collab-proxy/Editor/Assets/Images/d_stepok@2x.png - Importer: ScriptedImporter/UnityEditor.QuickSearchModule:UnityEditor.Search:ASIAI0B
Importing 'GUID: 3494dc956dfd7174abc07060940a2848 - Path: Packages/com.unity.collab-proxy/Editor/Assets/Images/d_stepok@2x.png - Importer: ScriptedImporter/UnityEditor.QuickSearchModule:UnityEditor.Search:ASIAI0B' with importer (ScriptedImporter : UnityEditor.QuickSearchModule:UnityEditor.Search:ASIAI0B)
Imported 'GUID: 3494dc956dfd7174abc07060940a2848' -> (Import Result ID: 'a69bb9613ab5d8626645ed007b937a62') in 0.005 seconds [static and dynamic dependencies]. Details - ImportResultOutputID=13d55a0f345debc805f1c36a52099dcf DependenciesID=8367f720ce7ecfbcc4dfe6c3c01fa3a9 StaticDependenciesID=f7096844aa88e9e7f3674aa89ee7d3d4 
Number of updated asset objects reloaded before import = 0
Number of asset objects unloaded after import = 1
========================================================================
Received Import Request.
  Time of request: 2026-08-04T17:31:16.6438907Z
  Time since last request: 0.0003114 seconds.
  importAddress: GUID: 3168140d6f409d0448447f18568d9482 - Path: Packages/com.unity.collab-proxy/Editor/Assets/Images/d_iconplasticview@2x.png - Importer: ScriptedImporter/UnityEditor.QuickSearchModule:UnityEditor.Search:ASIAI0B
Importing 'GUID: 3168140d6f409d0448447f18568d9482 - Path: Packages/com.unity.collab-proxy/Editor/Assets/Images/d_iconplasticview@2x.png - Importer: ScriptedImporter/UnityEditor.QuickSearchModule:UnityEditor.Search:ASIAI0B' with importer (ScriptedImporter : UnityEditor.QuickSearchModule:UnityEditor.Search:ASIAI0B)
Imported 'GUID: 3168140d6f409d0448447f18568d9482' -> (Import Result ID: 'a1e4a72950d86da4d46a763c547d8d20') in 0.004 seconds [static and dynamic dependencies]. Details - ImportResultOutputID=b03db7867a0a4daab1eb0396637188c9 DependenciesID=685d9da420e6b007a3ba889f99a87096 StaticDependenciesID=6e2bc8f378ed8c19b481970431846d30 
Number of updated asset objects reloaded before import = 0
Number of asset objects unloaded after import = 1
========================================================================
Received Import Request.
  Time of request: 2026-08-04T17:31:16.656007Z
  Time since last request: 0.0001721 seconds.
  importAddress: GUID: 43735cb4df8a4aa49b379e83bd9d77b8 - Path: Packages/com.unity.collab-proxy/Editor/Assets/Images/d_iconzoomout.png - Importer: ScriptedImporter/UnityEditor.QuickSearchModule:UnityEditor.Search:ASIAI0B
Importing 'GUID: 43735cb4df8a4aa49b379e83bd9d77b8 - Path: Packages/com.unity.collab-proxy/Editor/Assets/Images/d_iconzoomout.png - Importer: ScriptedImporter/UnityEditor.QuickSearchModule:UnityEditor.Search:ASIAI0B' with importer (ScriptedImporter : UnityEditor.QuickSearchModule:UnityEditor.Search:ASIAI0B)
Imported 'GUID: 43735cb4df8a4aa49b379e83bd9d77b8' -> (Import Result ID: '2bb4b75c5f4d53f6acbeac48294dd339') in 0.004 seconds [static and dynamic dependencies]. Details - ImportResultOutputID=762fbc69cf637560b98a4d1bc033f8e7 DependenciesID=8a72737ce3e843acd85d481db8fff3f8 StaticDependenciesID=f49b26de28b6b106646129dc39ba8228 
Number of updated asset objects reloaded before import = 0
Number of asset objects unloaded after import = 3
========================================================================
Received Import Request.
  Time of request: 2026-08-04T17:31:16.667408Z
  Time since last request: 0.0002064 seconds.
  importAddress: GUID: 11d4f7dd8fc834c8e92cab84d5137828 - Path: Packages/com.unity.collab-proxy/Editor/Assets/Images/d_iconpendingchangesview.png - Importer: ScriptedImporter/UnityEditor.QuickSearchModule:UnityEditor.Search:ASIAI0B
Importing 'GUID: 11d4f7dd8fc834c8e92cab84d5137828 - Path: Packages/com.unity.collab-proxy/Editor/Assets/Images/d_iconpendingchangesview.png - Importer: ScriptedImporter/UnityEditor.QuickSearchModule:UnityEditor.Search:ASIAI0B' with importer (ScriptedImporter : UnityEditor.QuickSearchModule:UnityEditor.Search:ASIAI0B)
Imported 'GUID: 11d4f7dd8fc834c8e92cab84d5137828' -> (Import Result ID: '2ae4e339251b201a40c22b8d70dc0439') in 0.005 seconds [static and dynamic dependencies]. Details - ImportResultOutputID=57da197742ee6a8c0130580ef05b2bf9 DependenciesID=c1a48f97562727eeaafcd16225759d0b StaticDependenciesID=7694b03a9688c8c9b1c72a3db9b802ad 
Number of updated asset objects reloaded before import = 0
Number of asset objects unloaded after import = 3
========================================================================
Received Import Request.
  Time of request: 2026-08-04T17:31:16.6801735Z
  Time since last request: 0.0003287 seconds.
  importAddress: GUID: 23743f0c0ed1e6546808a5d645c2a6a5 - Path: Packages/com.unity.collab-proxy/Editor/Assets/Images/d_iconplasticnotifyconflict@2x.png - Importer: ScriptedImporter/UnityEditor.QuickSearchModule:UnityEditor.Search:ASIAI0B
Importing 'GUID: 23743f0c0ed1e6546808a5d645c2a6a5 - Path: Packages/com.unity.collab-proxy/Editor/Assets/Images/d_iconplasticnotifyconflict@2x.png - Importer: ScriptedImporter/UnityEditor.QuickSearchModule:UnityEditor.Search:ASIAI0B' with importer (ScriptedImporter : UnityEditor.QuickSearchModule:UnityEditor.Search:ASIAI0B)
Imported 'GUID: 23743f0c0ed1e6546808a5d645c2a6a5' -> (Import Result ID: '71a3285b0efd803da22534cd17e3b5a9') in 0.004 seconds [static and dynamic dependencies]. Details - ImportResultOutputID=7fce1aa559fcfb11bd264deda709ddf6 DependenciesID=3ceba06a6c5e485cd1c8e8718d247716 StaticDependenciesID=edfe06d76e552f54369327b0a969b403 
Number of updated asset objects reloaded before import = 0
Number of asset objects unloaded after import = 1
========================================================================
Received Import Request.
  Time of request: 2026-08-04T17:31:16.6927824Z
  Time since last request: 0.0002147 seconds.
  importAddress: GUID: 9aa4348290784b2468144a97eb15d8d7 - Path: Packages/com.unity.collab-proxy/Editor/Assets/Images/d_secondarytabclosehover@2x.png - Importer: ScriptedImporter/UnityEditor.QuickSearchModule:UnityEditor.Search:ASIAI0B
Importing 'GUID: 9aa4348290784b2468144a97eb15d8d7 - Path: Packages/com.unity.collab-proxy/Editor/Assets/Images/d_secondarytabclosehover@2x.png - Importer: ScriptedImporter/UnityEditor.QuickSearchModule:UnityEditor.Search:ASIAI0B' with importer (ScriptedImporter : UnityEditor.QuickSearchModule:UnityEditor.Search:ASIAI0B)
Imported 'GUID: 9aa4348290784b2468144a97eb15d8d7' -> (Import Result ID: '8b7665db9af811747fe60a9746c257e6') in 0.005 seconds [static and dynamic dependencies]. Details - ImportResultOutputID=d550011645a7137c1e30f4776a4bf564 DependenciesID=1d488d24775bf81d58ba8601744fe555 StaticDependenciesID=0032fcede545fb8025ea24690c12d77f 
Number of updated asset objects reloaded before import = 0
Number of asset objects unloaded after import = 1
========================================================================
Received Import Request.
  Time of request: 2026-08-04T17:31:16.7062002Z
  Time since last request: 0.0003933 seconds.
  importAddress: GUID: 68302c8c48e3cee4aad72dbbf7894781 - Path: Packages/com.unity.collab-proxy/Editor/Assets/Images/d_iconpendingchanges@2x.png - Importer: ScriptedImporter/UnityEditor.QuickSearchModule:UnityEditor.Search:ASIAI0B
Importing 'GUID: 68302c8c48e3cee4aad72dbbf7894781 - Path: Packages/com.unity.collab-proxy/Editor/Assets/Images/d_iconpendingchanges@2x.png - Importer: ScriptedImporter/UnityEditor.QuickSearchModule:UnityEditor.Search:ASIAI0B' with importer (ScriptedImporter : UnityEditor.QuickSearchModule:UnityEditor.Search:ASIAI0B)
Imported 'GUID: 68302c8c48e3cee4aad72dbbf7894781' -> (Import Result ID: 'b1f33cb93494ada7020a48595931fc46') in 0.007 seconds [static and dynamic dependencies]. Details - ImportResultOutputID=5a950ad54ba08c3cd8fa314313a07414 DependenciesID=cbbcde0e0a64916d175e227df8434279 StaticDependenciesID=17eeffe98f345f027bd3af6d461aeb12 
Number of updated asset objects reloaded before import = 0
Number of asset objects unloaded after import = 3
========================================================================
Received Import Request.
  Time of request: 2026-08-04T17:31:16.7242436Z
  Time since last request: 0.0003163 seconds.
  importAddress: GUID: 05ba7199286b24c6ca7441e2c454f5c3 - Path: Packages/com.unity.collab-proxy/Editor/Assets/Images/d_inclusionrule.png - Importer: ScriptedImporter/UnityEditor.QuickSearchModule:UnityEditor.Search:ASIAI0B
Importing 'GUID: 05ba7199286b24c6ca7441e2c454f5c3 - Path: Packages/com.unity.collab-proxy/Editor/Assets/Images/d_inclusionrule.png - Importer: ScriptedImporter/UnityEditor.QuickSearchModule:UnityEditor.Search:ASIAI0B' with importer (ScriptedImporter : UnityEditor.QuickSearchModule:UnityEditor.Search:ASIAI0B)
Imported 'GUID: 05ba7199286b24c6ca7441e2c454f5c3' -> (Import Result ID: 'c99dbd550b8ce3e67b160c6a312de21f') in 0.005 seconds [static and dynamic dependencies]. Details - ImportResultOutputID=e73dfe1b304d6a2203d35a81ac6510eb DependenciesID=0ff4c055e8e24729520a6d45fe5e7aa3 StaticDependenciesID=c343aa75a5639c39c579a44133e1699b 
Number of updated asset objects reloaded before import = 0
Number of asset objects unloaded after import = 3
========================================================================
Received Import Request.
  Time of request: 2026-08-04T17:31:16.7391779Z
  Time since last request: 0.000338 seconds.
  importAddress: GUID: 46930b20180b59e46b73494adf53abbb - Path: Packages/com.unity.collab-proxy/Editor/Assets/Images/d_step3.png - Importer: ScriptedImporter/UnityEditor.QuickSearchModule:UnityEditor.Search:ASIAI0B
Importing 'GUID: 46930b20180b59e46b73494adf53abbb - Path: Packages/com.unity.collab-proxy/Editor/Assets/Images/d_step3.png - Importer: ScriptedImporter/UnityEditor.QuickSearchModule:UnityEditor.Search:ASIAI0B' with importer (ScriptedImporter : UnityEditor.QuickSearchModule:UnityEditor.Search:ASIAI0B)
Imported 'GUID: 46930b20180b59e46b73494adf53abbb' -> (Import Result ID: '566d826f1f82a44e3bb5b8e1a3570962') in 0.004 seconds [static and dynamic dependencies]. Details - ImportResultOutputID=2cc809fbb95811f46b52270e47ef4585 DependenciesID=89ade8132dcafba3be7b424c595988f1 StaticDependenciesID=1bd9a2ed8cae3161a40b2d28b00ee9fe 
Number of updated asset objects reloaded before import = 0
Number of asset objects unloaded after import = 1
========================================================================
Received Import Request.
  Time of request: 2026-08-04T17:31:16.7520454Z
  Time since last request: 0.0002323 seconds.
  importAddress: GUID: f0c047e73e3b41341822a9e31da81877 - Path: Packages/com.unity.collab-proxy/Editor/Assets/Images/d_iconplasticnotifypendingchanges@2x.png - Importer: ScriptedImporter/UnityEditor.QuickSearchModule:UnityEditor.Search:ASIAI0B
Importing 'GUID: f0c047e73e3b41341822a9e31da81877 - Path: Packages/com.unity.collab-proxy/Editor/Assets/Images/d_iconplasticnotifypendingchanges@2x.png - Importer: ScriptedImporter/UnityEditor.QuickSearchModule:UnityEditor.Search:ASIAI0B' with importer (ScriptedImporter : UnityEditor.QuickSearchModule:UnityEditor.Search:ASIAI0B)
Imported 'GUID: f0c047e73e3b41341822a9e31da81877' -> (Import Result ID: '590b963f0aba21acf1c9df47387dcce4') in 0.006 seconds [static and dynamic dependencies]. Details - ImportResultOutputID=dc69099e0f626ccf29bacafa5e2e909e DependenciesID=19cfc3e28be3f67dd0679497fcad2bd9 StaticDependenciesID=98542086bbe423b597084c8ed9c197cd 
Number of updated asset objects reloaded before import = 0
Number of asset objects unloaded after import = 3
========================================================================
Received Import Request.
  Time of request: 2026-08-04T17:31:16.7649319Z
  Time since last request: 0.00039 seconds.
  importAddress: GUID: 0e80bd0b4a8196f46acf73711b9505ec - Path: Packages/com.unity.collab-proxy/Editor/Assets/Images/d_iconoutofsync.png - Importer: ScriptedImporter/UnityEditor.QuickSearchModule:UnityEditor.Search:ASIAI0B
Importing 'GUID: 0e80bd0b4a8196f46acf73711b9505ec - Path: Packages/com.unity.collab-proxy/Editor/Assets/Images/d_iconoutofsync.png - Importer: ScriptedImporter/UnityEditor.QuickSearchModule:UnityEditor.Search:ASIAI0B' with importer (ScriptedImporter : UnityEditor.QuickSearchModule:UnityEditor.Search:ASIAI0B)
Imported 'GUID: 0e80bd0b4a8196f46acf73711b9505ec' -> (Import Result ID: '6aa9960f2611f124c0802ca749f1c1b1') in 0.005 seconds [static and dynamic dependencies]. Details - ImportResultOutputID=2a253dc0564b2e20e6ea560cac3a032a DependenciesID=51542277752508c2875a10c1a02421f3 StaticDependenciesID=6b96d29b7378cf95f7052feb10fac31c 
Number of updated asset objects reloaded before import = 0
Number of asset objects unloaded after import = 1
========================================================================
Received Import Request.
  Time of request: 2026-08-04T17:31:16.7782856Z
  Time since last request: 0.0002866 seconds.
  importAddress: GUID: f180c6addffab449cb6897ba994abec5 - Path: Packages/com.unity.collab-proxy/Editor/Assets/Images/d_iconplasticnotifypendingchangesandincoming.png - Importer: ScriptedImporter/UnityEditor.QuickSearchModule:UnityEditor.Search:ASIAI0B
Importing 'GUID: f180c6addffab449cb6897ba994abec5 - Path: Packages/com.unity.collab-proxy/Editor/Assets/Images/d_iconplasticnotifypendingchangesandincoming.png - Importer: ScriptedImporter/UnityEditor.QuickSearchModule:UnityEditor.Search:ASIAI0B' with importer (ScriptedImporter : UnityEditor.QuickSearchModule:UnityEditor.Search:ASIAI0B)
Imported 'GUID: f180c6addffab449cb6897ba994abec5' -> (Import Result ID: '43d63ea7797b8ef47f75333f7e66eca8') in 0.005 seconds [static and dynamic dependencies]. Details - ImportResultOutputID=751eb7497cb76f83b7a366ea3f51e74e DependenciesID=b9976de7ce1a793d4d8ab6f94ccde427 StaticDependenciesID=16d46fa742e97fa1d4ae76417644e2a6 
Number of updated asset objects reloaded before import = 0
Number of asset objects unloaded after import = 3
========================================================================
Received Import Request.
  Time of request: 2026-08-04T17:31:16.7915639Z
  Time since last request: 0.0002001 seconds.
  importAddress: GUID: 92b8c447daf4d4b41a0ec148d1091261 - Path: Packages/com.unity.collab-proxy/Editor/Assets/Images/d_refresh.png - Importer: ScriptedImporter/UnityEditor.QuickSearchModule:UnityEditor.Search:ASIAI0B
Importing 'GUID: 92b8c447daf4d4b41a0ec148d1091261 - Path: Packages/com.unity.collab-proxy/Editor/Assets/Images/d_refresh.png - Importer: ScriptedImporter/UnityEditor.QuickSearchModule:UnityEditor.Search:ASIAI0B' with importer (ScriptedImporter : UnityEditor.QuickSearchModule:UnityEditor.Search:ASIAI0B)
Imported 'GUID: 92b8c447daf4d4b41a0ec148d1091261' -> (Import Result ID: '0d2eb83e871e5cabfb9dc18175384f2c') in 0.005 seconds [static and dynamic dependencies]. Details - ImportResultOutputID=b8c80e98877a46c54f4af10a8fe74ee4 DependenciesID=a579d3d23d3d4c53261689ec6e0d8555 StaticDependenciesID=ccea8555374db0e5932d0f7ca90aa5ac 
Number of updated asset objects reloaded before import = 0
Number of asset objects unloaded after import = 1
========================================================================
Received Import Request.
  Time of request: 2026-08-04T17:31:16.804189Z
  Time since last request: 0.0002784 seconds.
  importAddress: GUID: 4a652ffb5816840768619c35903cb1fa - Path: Packages/com.unity.collab-proxy/Editor/Assets/Images/d_iconprivateoverlay.png - Importer: ScriptedImporter/UnityEditor.QuickSearchModule:UnityEditor.Search:ASIAI0B
Importing 'GUID: 4a652ffb5816840768619c35903cb1fa - Path: Packages/com.unity.collab-proxy/Editor/Assets/Images/d_iconprivateoverlay.png - Importer: ScriptedImporter/UnityEditor.QuickSearchModule:UnityEditor.Search:ASIAI0B' with importer (ScriptedImporter : UnityEditor.QuickSearchModule:UnityEditor.Search:ASIAI0B)
Imported 'GUID: 4a652ffb5816840768619c35903cb1fa' -> (Import Result ID: '07fcff5e08b603cdfb9fbb69b7189f29') in 0.004 seconds [static and dynamic dependencies]. Details - ImportResultOutputID=3cdd3c3bef6ff0bb43e0f9d9dd1b6ac1 DependenciesID=01fd98db3048d26cfdbbd7848ebf2a6d StaticDependenciesID=13850f6a9ddc8d6ca86ee0ec3bc087f3 
Number of updated asset objects reloaded before import = 0
Number of asset objects unloaded after import = 3
========================================================================
Received Import Request.
  Time of request: 2026-08-04T17:31:16.8158899Z
  Time since last request: 0.0002554 seconds.
  importAddress: GUID: 4c635bf514a064e8d9688218d937fe77 - Path: Packages/com.unity.collab-proxy/Editor/Assets/Images/exclusionrule@2x.png - Importer: ScriptedImporter/UnityEditor.QuickSearchModule:UnityEditor.Search:ASIAI0B
Importing 'GUID: 4c635bf514a064e8d9688218d937fe77 - Path: Packages/com.unity.collab-proxy/Editor/Assets/Images/exclusionrule@2x.png - Importer: ScriptedImporter/UnityEditor.QuickSearchModule:UnityEditor.Search:ASIAI0B' with importer (ScriptedImporter : UnityEditor.QuickSearchModule:UnityEditor.Search:ASIAI0B)
Imported 'GUID: 4c635bf514a064e8d9688218d937fe77' -> (Import Result ID: '4e019a79cfe4a4c564af58d411b58b4c') in 0.006 seconds [static and dynamic dependencies]. Details - ImportResultOutputID=d3aa99dddc48483db44b8f7d159a7eba DependenciesID=9a1da91b1296749f665212a171632108 StaticDependenciesID=532292862c48af0661b517bbf504c48c 
Number of updated asset objects reloaded before import = 0
Number of asset objects unloaded after import = 3
========================================================================
Received Import Request.
  Time of request: 2026-08-04T17:31:16.8293084Z
  Time since last request: 0.0002049 seconds.
  importAddress: GUID: 74ef721fef79c44489d4e3edb0ab0c01 - Path: Packages/com.unity.collab-proxy/Editor/Assets/Images/iconaddedoverlay@2x.png - Importer: ScriptedImporter/UnityEditor.QuickSearchModule:UnityEditor.Search:ASIAI0B
Importing 'GUID: 74ef721fef79c44489d4e3edb0ab0c01 - Path: Packages/com.unity.collab-proxy/Editor/Assets/Images/iconaddedoverlay@2x.png - Importer: ScriptedImporter/UnityEditor.QuickSearchModule:UnityEditor.Search:ASIAI0B' with importer (ScriptedImporter : UnityEditor.QuickSearchModule:UnityEditor.Search:ASIAI0B)
Imported 'GUID: 74ef721fef79c44489d4e3edb0ab0c01' -> (Import Result ID: '52af380e237b21661fef14fa50a34c21') in 0.006 seconds [static and dynamic dependencies]. Details - ImportResultOutputID=858d49457780e90ee2aad8fa2ed034a9 DependenciesID=54dfb3084fcd95e31bcef11e23da6427 StaticDependenciesID=eb87e71b71363a04899d791179b52c0e 
Number of updated asset objects reloaded before import = 0
Number of asset objects unloaded after import = 1
========================================================================
Received Import Request.
  Time of request: 2026-08-04T17:31:16.85157Z
  Time since last request: 0.0086768 seconds.
  importAddress: GUID: 4cffcba66879d7a4a9da8554709e9825 - Path: Packages/com.unity.collab-proxy/Editor/Assets/Images/iconlockedremoteoverlay.png - Importer: ScriptedImporter/UnityEditor.QuickSearchModule:UnityEditor.Search:ASIAI0B
Importing 'GUID: 4cffcba66879d7a4a9da8554709e9825 - Path: Packages/com.unity.collab-proxy/Editor/Assets/Images/iconlockedremoteoverlay.png - Importer: ScriptedImporter/UnityEditor.QuickSearchModule:UnityEditor.Search:ASIAI0B' with importer (ScriptedImporter : UnityEditor.QuickSearchModule:UnityEditor.Search:ASIAI0B)
Imported 'GUID: 4cffcba66879d7a4a9da8554709e9825' -> (Import Result ID: '9f34798ee80b7abce147eee10f1ad654') in 0.005 seconds [static and dynamic dependencies]. Details - ImportResultOutputID=a9cd60eceff8d073e8bf94ed68f67d21 DependenciesID=4ddb6810caa1644250b6a847beb785d4 StaticDependenciesID=7b10d4321501502428bc650d39fde91a 
Number of updated asset objects reloaded before import = 0
Number of asset objects unloaded after import = 3
========================================================================
Received Import Request.
  Time of request: 2026-08-04T17:31:16.8658905Z
  Time since last request: 0.0002369 seconds.
  importAddress: GUID: 0ff35d4ec6d381941bdbe1fb4b6dbceb - Path: Packages/com.unity.collab-proxy/Editor/Assets/Images/iconclipboard@2x.png - Importer: ScriptedImporter/UnityEditor.QuickSearchModule:UnityEditor.Search:ASIAI0B
Importing 'GUID: 0ff35d4ec6d381941bdbe1fb4b6dbceb - Path: Packages/com.unity.collab-proxy/Editor/Assets/Images/iconclipboard@2x.png - Importer: ScriptedImporter/UnityEditor.QuickSearchModule:UnityEditor.Search:ASIAI0B' with importer (ScriptedImporter : UnityEditor.QuickSearchModule:UnityEditor.Search:ASIAI0B)
Imported 'GUID: 0ff35d4ec6d381941bdbe1fb4b6dbceb' -> (Import Result ID: 'dd8bcdfccc1f614698603425eaf725b8') in 0.005 seconds [static and dynamic dependencies]. Details - ImportResultOutputID=8887ccd648a032bb80c00234542a7f27 DependenciesID=1ad895f34da59d020cddb449f5268b8c StaticDependenciesID=d0f5c66e3e917c1b220d966907f670bb 
Number of updated asset objects reloaded before import = 0
Number of asset objects unloaded after import = 3
========================================================================
Received Import Request.
  Time of request: 2026-08-04T17:31:16.8813367Z
  Time since last request: 0.0002163 seconds.
  importAddress: GUID: 636d03a8834e3ed4cac3a1cb4b82deaf - Path: Packages/com.unity.collab-proxy/Editor/Assets/Images/iconoutofsync.png - Importer: ScriptedImporter/UnityEditor.QuickSearchModule:UnityEditor.Search:ASIAI0B
Importing 'GUID: 636d03a8834e3ed4cac3a1cb4b82deaf - Path: Packages/com.unity.collab-proxy/Editor/Assets/Images/iconoutofsync.png - Importer: ScriptedImporter/UnityEditor.QuickSearchModule:UnityEditor.Search:ASIAI0B' with importer (ScriptedImporter : UnityEditor.QuickSearchModule:UnityEditor.Search:ASIAI0B)
Imported 'GUID: 636d03a8834e3ed4cac3a1cb4b82deaf' -> (Import Result ID: '639b07d6bc18fe1cddd00457f3e7f27e') in 0.004 seconds [static and dynamic dependencies]. Details - ImportResultOutputID=11472c6b74e682e7567374fbd56b147b DependenciesID=e360180838ee4a67d2156cde1137ad49 StaticDependenciesID=a3dae11156db3fda2ff9a724517f41bd 
Number of updated asset objects reloaded before import = 0
Number of asset objects unloaded after import = 1
========================================================================
Received Import Request.
  Time of request: 2026-08-04T17:31:16.893435Z
  Time since last request: 0.0002649 seconds.
  importAddress: GUID: e9cc02852345307449379a9a877679da - Path: Packages/com.unity.collab-proxy/Editor/Assets/Images/iconpackageupdateavailable.png - Importer: ScriptedImporter/UnityEditor.QuickSearchModule:UnityEditor.Search:ASIAI0B
Importing 'GUID: e9cc02852345307449379a9a877679da - Path: Packages/com.unity.collab-proxy/Editor/Assets/Images/iconpackageupdateavailable.png - Importer: ScriptedImporter/UnityEditor.QuickSearchModule:UnityEditor.Search:ASIAI0B' with importer (ScriptedImporter : UnityEditor.QuickSearchModule:UnityEditor.Search:ASIAI0B)
Imported 'GUID: e9cc02852345307449379a9a877679da' -> (Import Result ID: '003e4b8eaa384ad5d76760df8c6148ce') in 0.006 seconds [static and dynamic dependencies]. Details - ImportResultOutputID=1896dd48600d78bef9aae1c46b20a4b2 DependenciesID=5114f127738c8046b4f96b762412245e StaticDependenciesID=6e345371c867f69b9b93239a2cf18f00 
Number of updated asset objects reloaded before import = 0
Number of asset objects unloaded after import = 3
========================================================================
Received Import Request.
  Time of request: 2026-08-04T17:31:16.9076333Z
  Time since last request: 0.0002643 seconds.
  importAddress: GUID: 6d3f95684dd634b18aa9ab45b3e06cfd - Path: Packages/com.unity.collab-proxy/Editor/Assets/Images/iconlock.png - Importer: ScriptedImporter/UnityEditor.QuickSearchModule:UnityEditor.Search:ASIAI0B
Importing 'GUID: 6d3f95684dd634b18aa9ab45b3e06cfd - Path: Packages/com.unity.collab-proxy/Editor/Assets/Images/iconlock.png - Importer: ScriptedImporter/UnityEditor.QuickSearchModule:UnityEditor.Search:ASIAI0B' with importer (ScriptedImporter : UnityEditor.QuickSearchModule:UnityEditor.Search:ASIAI0B)
Imported 'GUID: 6d3f95684dd634b18aa9ab45b3e06cfd' -> (Import Result ID: '7108f0f1c765b5f56d903a520e8a134d') in 0.006 seconds [static and dynamic dependencies]. Details - ImportResultOutputID=f5b6d2a5491fbc7e9f0444c1931fa9a3 DependenciesID=2ff4c5eb81bb1681e93d5f24cc3a3cd9 StaticDependenciesID=74dbe34ce74021db5254404ba0a5c194 
Number of updated asset objects reloaded before import = 0
Number of asset objects unloaded after import = 3
========================================================================
Received Import Request.
  Time of request: 2026-08-04T17:31:16.9227411Z
  Time since last request: 0.0003478 seconds.
  importAddress: GUID: 91976e8b9ce0f0341838727acd55621c - Path: Packages/com.unity.collab-proxy/Editor/Assets/Images/iconemptygravatar.png - Importer: ScriptedImporter/UnityEditor.QuickSearchModule:UnityEditor.Search:ASIAI0B
Importing 'GUID: 91976e8b9ce0f0341838727acd55621c - Path: Packages/com.unity.collab-proxy/Editor/Assets/Images/iconemptygravatar.png - Importer: ScriptedImporter/UnityEditor.QuickSearchModule:UnityEditor.Search:ASIAI0B' with importer (ScriptedImporter : UnityEditor.QuickSearchModule:UnityEditor.Search:ASIAI0B)
Imported 'GUID: 91976e8b9ce0f0341838727acd55621c' -> (Import Result ID: 'cc91a66cfa49aa80162786d2d1360aad') in 0.005 seconds [static and dynamic dependencies]. Details - ImportResultOutputID=be5665c5786d3b415d467fdbcb9819cb DependenciesID=27f9be3e77e9e0ca3a97d4bf49f39d93 StaticDependenciesID=807e58471d0b9f8163f186574271b699 
Number of updated asset objects reloaded before import = 0
Number of asset objects unloaded after import = 1
========================================================================
Received Import Request.
  Time of request: 2026-08-04T17:31:16.9355344Z
  Time since last request: 0.0002514 seconds.
  importAddress: GUID: 13527793884104b46b7446fd7464c3ed - Path: Packages/com.unity.collab-proxy/Editor/Assets/Images/iconclosebutton.png - Importer: ScriptedImporter/UnityEditor.QuickSearchModule:UnityEditor.Search:ASIAI0B
Importing 'GUID: 13527793884104b46b7446fd7464c3ed - Path: Packages/com.unity.collab-proxy/Editor/Assets/Images/iconclosebutton.png - Importer: ScriptedImporter/UnityEditor.QuickSearchModule:UnityEditor.Search:ASIAI0B' with importer (ScriptedImporter : UnityEditor.QuickSearchModule:UnityEditor.Search:ASIAI0B)
Imported 'GUID: 13527793884104b46b7446fd7464c3ed' -> (Import Result ID: '3a1e1b6c16b780a8a2f5d8d60f0330e0') in 0.004 seconds [static and dynamic dependencies]. Details - ImportResultOutputID=dbe65466f8cc83f11c7d70f4bab3bfb4 DependenciesID=249f1b8c44979f96cf210c9c7e872825 StaticDependenciesID=d7b7969fceb00cf263a934ad3753f43d 
Number of updated asset objects reloaded before import = 0
Number of asset objects unloaded after import = 1
========================================================================
Received Import Request.
  Time of request: 2026-08-04T17:31:16.9474903Z
  Time since last request: 0.0002519 seconds.
  importAddress: GUID: c8396bd7e257d6b4b8d1d72fdb7a2684 - Path: Packages/com.unity.collab-proxy/Editor/Assets/Images/iconlabel@2x.png - Importer: ScriptedImporter/UnityEditor.QuickSearchModule:UnityEditor.Search:ASIAI0B
Importing 'GUID: c8396bd7e257d6b4b8d1d72fdb7a2684 - Path: Packages/com.unity.collab-proxy/Editor/Assets/Images/iconlabel@2x.png - Importer: ScriptedImporter/UnityEditor.QuickSearchModule:UnityEditor.Search:ASIAI0B' with importer (ScriptedImporter : UnityEditor.QuickSearchModule:UnityEditor.Search:ASIAI0B)
Imported 'GUID: c8396bd7e257d6b4b8d1d72fdb7a2684' -> (Import Result ID: 'b29ff73406ba3379d4f5a38eb4c61506') in 0.004 seconds [static and dynamic dependencies]. Details - ImportResultOutputID=b72262d73c028b65834246bd1cfcbe8d DependenciesID=7b42f0efae6797147722ef252af45dc1 StaticDependenciesID=77fab44b2b7c8e7faed525fea165852e 
Number of updated asset objects reloaded before import = 0
Number of asset objects unloaded after import = 3
========================================================================
Received Import Request.
  Time of request: 2026-08-04T17:31:16.9590058Z
  Time since last request: 0.0002411 seconds.
  importAddress: GUID: d1c88f142eee55b4eb2b2cfd7b3624ce - Path: Packages/com.unity.collab-proxy/Editor/Assets/Images/iconconflicted.png - Importer: ScriptedImporter/UnityEditor.QuickSearchModule:UnityEditor.Search:ASIAI0B
Importing 'GUID: d1c88f142eee55b4eb2b2cfd7b3624ce - Path: Packages/com.unity.collab-proxy/Editor/Assets/Images/iconconflicted.png - Importer: ScriptedImporter/UnityEditor.QuickSearchModule:UnityEditor.Search:ASIAI0B' with importer (ScriptedImporter : UnityEditor.QuickSearchModule:UnityEditor.Search:ASIAI0B)
Imported 'GUID: d1c88f142eee55b4eb2b2cfd7b3624ce' -> (Import Result ID: '364d886944dcd0ab515a53ecf3e7819f') in 0.005 seconds [static and dynamic dependencies]. Details - ImportResultOutputID=c289a893bd27b941343caa0505e7d4d2 DependenciesID=dc75a436718c03b162c2adeddac1052d StaticDependenciesID=a78c18efe632e2c39bacd16578b23328 
Number of updated asset objects reloaded before import = 0
Number of asset objects unloaded after import = 1
========================================================================
Received Import Request.
  Time of request: 2026-08-04T17:31:16.9710934Z
  Time since last request: 0.0002884 seconds.
  importAddress: GUID: 120bf54dff785a0429b068b814e9c12a - Path: Packages/com.unity.collab-proxy/Editor/Assets/Images/iconmergelink.png - Importer: ScriptedImporter/UnityEditor.QuickSearchModule:UnityEditor.Search:ASIAI0B
Importing 'GUID: 120bf54dff785a0429b068b814e9c12a - Path: Packages/com.unity.collab-proxy/Editor/Assets/Images/iconmergelink.png - Importer: ScriptedImporter/UnityEditor.QuickSearchModule:UnityEditor.Search:ASIAI0B' with importer (ScriptedImporter : UnityEditor.QuickSearchModule:UnityEditor.Search:ASIAI0B)
Imported 'GUID: 120bf54dff785a0429b068b814e9c12a' -> (Import Result ID: 'b9021830ba7ee8609d3248eb8d3ae1a2') in 0.004 seconds [static and dynamic dependencies]. Details - ImportResultOutputID=4479593472ff4e59d3b42297fe221c43 DependenciesID=b37041c3eeec29adcc9695854425b232 StaticDependenciesID=aabde6eb738eaebe4f24723b130cb1c7 
Number of updated asset objects reloaded before import = 0
Number of asset objects unloaded after import = 1
========================================================================
Received Import Request.
  Time of request: 2026-08-04T17:31:16.9829685Z
  Time since last request: 0.0001879 seconds.
  importAddress: GUID: 3728580c149181a44b359e89f6edacae - Path: Packages/com.unity.collab-proxy/Editor/Assets/Images/iconoutofsyncoverlay@2x.png - Importer: ScriptedImporter/UnityEditor.QuickSearchModule:UnityEditor.Search:ASIAI0B
Importing 'GUID: 3728580c149181a44b359e89f6edacae - Path: Packages/com.unity.collab-proxy/Editor/Assets/Images/iconoutofsyncoverlay@2x.png - Importer: ScriptedImporter/UnityEditor.QuickSearchModule:UnityEditor.Search:ASIAI0B' with importer (ScriptedImporter : UnityEditor.QuickSearchModule:UnityEditor.Search:ASIAI0B)
Imported 'GUID: 3728580c149181a44b359e89f6edacae' -> (Import Result ID: 'f718f555fe3dd0b17b227819b41de552') in 0.004 seconds [static and dynamic dependencies]. Details - ImportResultOutputID=33cee67f3af2bb3b59a45aa1f90593eb DependenciesID=7b1e612cc3f4cd0673b05b74667ad209 StaticDependenciesID=503d1fc85dd1136f1d85b5ace3409616 
Number of updated asset objects reloaded before import = 0
Number of asset objects unloaded after import = 1
========================================================================
Received Import Request.
  Time of request: 2026-08-04T17:31:16.9944105Z
  Time since last request: 0.0002378 seconds.
  importAddress: GUID: c7bee029a895b44cfb249d7cd63d13af - Path: Packages/com.unity.collab-proxy/Editor/Assets/Images/iconmovedoverlay@2x.png - Importer: ScriptedImporter/UnityEditor.QuickSearchModule:UnityEditor.Search:ASIAI0B
Importing 'GUID: c7bee029a895b44cfb249d7cd63d13af - Path: Packages/com.unity.collab-proxy/Editor/Assets/Images/iconmovedoverlay@2x.png - Importer: ScriptedImporter/UnityEditor.QuickSearchModule:UnityEditor.Search:ASIAI0B' with importer (ScriptedImporter : UnityEditor.QuickSearchModule:UnityEditor.Search:ASIAI0B)
Imported 'GUID: c7bee029a895b44cfb249d7cd63d13af' -> (Import Result ID: '151d88ab4294f8b320d9e1e9d8ee96c6') in 0.004 seconds [static and dynamic dependencies]. Details - ImportResultOutputID=ec62c9bb126902b6bc99ca49ad21462a DependenciesID=b739503115817097264ed9e157883db9 StaticDependenciesID=677276d8a534f3a7b30518022db3685b 
Number of updated asset objects reloaded before import = 0
Number of asset objects unloaded after import = 3
========================================================================
Received Import Request.
  Time of request: 2026-08-04T17:31:17.006193Z
  Time since last request: 0.0002736 seconds.
  importAddress: GUID: 259fe6e49c74eb143a9fc88f6bd3f050 - Path: Packages/com.unity.collab-proxy/Editor/Assets/Images/iconclouddriveview@2x.png - Importer: ScriptedImporter/UnityEditor.QuickSearchModule:UnityEditor.Search:ASIAI0B
Importing 'GUID: 259fe6e49c74eb143a9fc88f6bd3f050 - Path: Packages/com.unity.collab-proxy/Editor/Assets/Images/iconclouddriveview@2x.png - Importer: ScriptedImporter/UnityEditor.QuickSearchModule:UnityEditor.Search:ASIAI0B' with importer (ScriptedImporter : UnityEditor.QuickSearchModule:UnityEditor.Search:ASIAI0B)
Imported 'GUID: 259fe6e49c74eb143a9fc88f6bd3f050' -> (Import Result ID: '8e08467652f41623e173bd1a17d73249') in 0.004 seconds [static and dynamic dependencies]. Details - ImportResultOutputID=ea1975df463971c2a30628193b7f7d4e DependenciesID=7132b815fe5ea810b7a58b41bc5415ed StaticDependenciesID=155afe56121d3ffbff0c61a2f9cd5fa1 
Number of updated asset objects reloaded before import = 0
Number of asset objects unloaded after import = 3
========================================================================
Received Import Request.
  Time of request: 2026-08-04T17:31:17.0171123Z
  Time since last request: 0.0001975 seconds.
  importAddress: GUID: 830164d71b9d60c40b606822b957d10b - Path: Packages/com.unity.collab-proxy/Editor/Assets/Images/iconinfobellnotification@2x.png - Importer: ScriptedImporter/UnityEditor.QuickSearchModule:UnityEditor.Search:ASIAI0B
Importing 'GUID: 830164d71b9d60c40b606822b957d10b - Path: Packages/com.unity.collab-proxy/Editor/Assets/Images/iconinfobellnotification@2x.png - Importer: ScriptedImporter/UnityEditor.QuickSearchModule:UnityEditor.Search:ASIAI0B' with importer (ScriptedImporter : UnityEditor.QuickSearchModule:UnityEditor.Search:ASIAI0B)
Imported 'GUID: 830164d71b9d60c40b606822b957d10b' -> (Import Result ID: 'cb1b4f58a620e3c8385259d7fda7f3a9') in 0.005 seconds [static and dynamic dependencies]. Details - ImportResultOutputID=81d08d95b7ecf0f394a57c7e4094eaaa DependenciesID=62500cdad3706976f2eb16b305023a6d StaticDependenciesID=86d8a5ad2101cd4b6ef5fde31ae71963 
Number of updated asset objects reloaded before import = 0
Number of asset objects unloaded after import = 3
========================================================================
Received Import Request.
  Time of request: 2026-08-04T17:31:17.0289567Z
  Time since last request: 0.0001708 seconds.
  importAddress: GUID: 40e23f4f2fddc724db517c63f4d8990d - Path: Packages/com.unity.collab-proxy/Editor/Assets/Images/iconinviteusers.png - Importer: ScriptedImporter/UnityEditor.QuickSearchModule:UnityEditor.Search:ASIAI0B
Importing 'GUID: 40e23f4f2fddc724db517c63f4d8990d - Path: Packages/com.unity.collab-proxy/Editor/Assets/Images/iconinviteusers.png - Importer: ScriptedImporter/UnityEditor.QuickSearchModule:UnityEditor.Search:ASIAI0B' with importer (ScriptedImporter : UnityEditor.QuickSearchModule:UnityEditor.Search:ASIAI0B)
Imported 'GUID: 40e23f4f2fddc724db517c63f4d8990d' -> (Import Result ID: '6d0997978070f81e6cb157a0e2f45a4e') in 0.004 seconds [static and dynamic dependencies]. Details - ImportResultOutputID=e380c1673ee5788dbd04e3c72d382c87 DependenciesID=dcded9235c2c95cbd510bc8664df237d StaticDependenciesID=34e9ef8730133667f0eb8b8fcc3c627f 
Number of updated asset objects reloaded before import = 0
Number of asset objects unloaded after import = 3
========================================================================
Received Import Request.
  Time of request: 2026-08-04T17:31:17.0399687Z
  Time since last request: 0.0002328 seconds.
  importAddress: GUID: d63fb8a8a3f06407e8e712a29a3499c0 - Path: Packages/com.unity.collab-proxy/Editor/Assets/Images/iconmovedoverlay.png - Importer: ScriptedImporter/UnityEditor.QuickSearchModule:UnityEditor.Search:ASIAI0B
Importing 'GUID: d63fb8a8a3f06407e8e712a29a3499c0 - Path: Packages/com.unity.collab-proxy/Editor/Assets/Images/iconmovedoverlay.png - Importer: ScriptedImporter/UnityEditor.QuickSearchModule:UnityEditor.Search:ASIAI0B' with importer (ScriptedImporter : UnityEditor.QuickSearchModule:UnityEditor.Search:ASIAI0B)
Imported 'GUID: d63fb8a8a3f06407e8e712a29a3499c0' -> (Import Result ID: '7ad340155ed81efe1ccce5c9ef8f9ddb') in 0.004 seconds [static and dynamic dependencies]. Details - ImportResultOutputID=273f5ad5ff1ef4777b4296f650c179df DependenciesID=6ab92ef775ca49994d69f4ffb0a5db49 StaticDependenciesID=702ea172417b9b6cb9901b56d12dd96b 
Number of updated asset objects reloaded before import = 0
Number of asset objects unloaded after import = 3
========================================================================
Received Import Request.
  Time of request: 2026-08-04T17:31:17.0516188Z
  Time since last request: 0.0001499 seconds.
  importAddress: GUID: 87480bc179519ff4da25283c61c2573b - Path: Packages/com.unity.collab-proxy/Editor/Assets/Images/iconbrex.png - Importer: ScriptedImporter/UnityEditor.QuickSearchModule:UnityEditor.Search:ASIAI0B
Importing 'GUID: 87480bc179519ff4da25283c61c2573b - Path: Packages/com.unity.collab-proxy/Editor/Assets/Images/iconbrex.png - Importer: ScriptedImporter/UnityEditor.QuickSearchModule:UnityEditor.Search:ASIAI0B' with importer (ScriptedImporter : UnityEditor.QuickSearchModule:UnityEditor.Search:ASIAI0B)
Imported 'GUID: 87480bc179519ff4da25283c61c2573b' -> (Import Result ID: '4081370274f254d264688f3823d68551') in 0.005 seconds [static and dynamic dependencies]. Details - ImportResultOutputID=1be4e9a3dbbc7010a4f752b025ef4537 DependenciesID=f7bf851b2b1dab4b02be0d81a3fa0f7b StaticDependenciesID=794a601343f304c76ecef0f9309c192c 
Number of updated asset objects reloaded before import = 0
Number of asset objects unloaded after import = 3
========================================================================
Received Import Request.
  Time of request: 2026-08-04T17:31:17.0640729Z
  Time since last request: 0.0002099 seconds.
  importAddress: GUID: 425970578f3342a43b40545d1ac8a25d - Path: Packages/com.unity.collab-proxy/Editor/Assets/Images/iconbranch@2x.png - Importer: ScriptedImporter/UnityEditor.QuickSearchModule:UnityEditor.Search:ASIAI0B
Importing 'GUID: 425970578f3342a43b40545d1ac8a25d - Path: Packages/com.unity.collab-proxy/Editor/Assets/Images/iconbranch@2x.png - Importer: ScriptedImporter/UnityEditor.QuickSearchModule:UnityEditor.Search:ASIAI0B' with importer (ScriptedImporter : UnityEditor.QuickSearchModule:UnityEditor.Search:ASIAI0B)
Imported 'GUID: 425970578f3342a43b40545d1ac8a25d' -> (Import Result ID: 'e3c005f7ab603f2d83d18555e682063d') in 0.004 seconds [static and dynamic dependencies]. Details - ImportResultOutputID=2294caafddb59053edd776e64984683f DependenciesID=fa04c9ae9ef43dc25648eaa9e6924dea StaticDependenciesID=579dfe9ab268f09bf44c08e750aa19cd 
Number of updated asset objects reloaded before import = 0
Number of asset objects unloaded after import = 3
========================================================================
Received Import Request.
  Time of request: 2026-08-04T17:31:17.0760402Z
  Time since last request: 0.0001869 seconds.
  importAddress: GUID: d30af1e364af1fc48be2ff2dcb0d4724 - Path: Packages/com.unity.collab-proxy/Editor/Assets/Images/iconcurrentbranch.png - Importer: ScriptedImporter/UnityEditor.QuickSearchModule:UnityEditor.Search:ASIAI0B
Importing 'GUID: d30af1e364af1fc48be2ff2dcb0d4724 - Path: Packages/com.unity.collab-proxy/Editor/Assets/Images/iconcurrentbranch.png - Importer: ScriptedImporter/UnityEditor.QuickSearchModule:UnityEditor.Search:ASIAI0B' with importer (ScriptedImporter : UnityEditor.QuickSearchModule:UnityEditor.Search:ASIAI0B)
Imported 'GUID: d30af1e364af1fc48be2ff2dcb0d4724' -> (Import Result ID: '1eb72c204f1afb1614fa2e8dcc9a7197') in 0.005 seconds [static and dynamic dependencies]. Details - ImportResultOutputID=e257765b47e374871ac3a787f83f462b DependenciesID=237f166a2d879f0361a3158a2ce8e4c6 StaticDependenciesID=b800fe43de98df5124a25f647356430f 
Number of updated asset objects reloaded before import = 0
Number of asset objects unloaded after import = 3
========================================================================
Received Import Request.
  Time of request: 2026-08-04T17:31:17.0883078Z
  Time since last request: 0.0001958 seconds.
  importAddress: GUID: 8d91317e8f7610f41a30fcb9c0d99196 - Path: Packages/com.unity.collab-proxy/Editor/Assets/Images/iconclipboard.png - Importer: ScriptedImporter/UnityEditor.QuickSearchModule:UnityEditor.Search:ASIAI0B
Importing 'GUID: 8d91317e8f7610f41a30fcb9c0d99196 - Path: Packages/com.unity.collab-proxy/Editor/Assets/Images/iconclipboard.png - Importer: ScriptedImporter/UnityEditor.QuickSearchModule:UnityEditor.Search:ASIAI0B' with importer (ScriptedImporter : UnityEditor.QuickSearchModule:UnityEditor.Search:ASIAI0B)
Imported 'GUID: 8d91317e8f7610f41a30fcb9c0d99196' -> (Import Result ID: 'f23b66a4a70290699a444271370d0e9b') in 0.004 seconds [static and dynamic dependencies]. Details - ImportResultOutputID=a6119556e1ab257635434f9a3f928f69 DependenciesID=c8ce908046446b3d8a9cb500eb8c8da8 StaticDependenciesID=207dd4883f8a210e1708d41729f55db5 
Number of updated asset objects reloaded before import = 0
Number of asset objects unloaded after import = 3
========================================================================
Received Import Request.
  Time of request: 2026-08-04T17:31:17.0991331Z
  Time since last request: 0.0001475 seconds.
  importAddress: GUID: b8263c2f8ead9485180cfeaa9bde0999 - Path: Packages/com.unity.collab-proxy/Editor/Assets/Images/iconincomingchangesview@2x.png - Importer: ScriptedImporter/UnityEditor.QuickSearchModule:UnityEditor.Search:ASIAI0B
Importing 'GUID: b8263c2f8ead9485180cfeaa9bde0999 - Path: Packages/com.unity.collab-proxy/Editor/Assets/Images/iconincomingchangesview@2x.png - Importer: ScriptedImporter/UnityEditor.QuickSearchModule:UnityEditor.Search:ASIAI0B' with importer (ScriptedImporter : UnityEditor.QuickSearchModule:UnityEditor.Search:ASIAI0B)
Imported 'GUID: b8263c2f8ead9485180cfeaa9bde0999' -> (Import Result ID: '1f9f7f85da6d1b1916452aabedc3b1f9') in 0.004 seconds [static and dynamic dependencies]. Details - ImportResultOutputID=22eceb826366fcaf950c01eb4f4d9f6a DependenciesID=4671da596d6e4e597ee22a5852eae4d5 StaticDependenciesID=d01fb21165dcc85406c280548b4687b1 
Number of updated asset objects reloaded before import = 0
Number of asset objects unloaded after import = 3
========================================================================
Received Import Request.
  Time of request: 2026-08-04T17:31:17.1176431Z
  Time since last request: 0.0073274 seconds.
  importAddress: GUID: 90945345530e7174eb4f0575a0bec0bf - Path: Packages/com.unity.collab-proxy/Editor/Assets/Styles/WaitingSignInPanel.uss - Importer: ScriptedImporter/UnityEditor.QuickSearchModule:UnityEditor.Search:ASIAI0B
Importing 'GUID: 90945345530e7174eb4f0575a0bec0bf - Path: Packages/com.unity.collab-proxy/Editor/Assets/Styles/WaitingSignInPanel.uss - Importer: ScriptedImporter/UnityEditor.QuickSearchModule:UnityEditor.Search:ASIAI0B' with importer (ScriptedImporter : UnityEditor.QuickSearchModule:UnityEditor.Search:ASIAI0B)
Imported 'GUID: 90945345530e7174eb4f0575a0bec0bf' -> (Import Result ID: 'f9543c141b931d6a22b886d058d7c094') in 0.012 seconds [static and dynamic dependencies]. Details - ImportResultOutputID=b17866023b0c9675af217234e09e3be3 DependenciesID=f8c465c069d158ce65a2e00fec8736c4 StaticDependenciesID=29ac76307bfea1c3fc770451e6495dc0 
Number of updated asset objects reloaded before import = 0
Number of asset objects unloaded after import = 2
========================================================================
Received Import Request.
  Time of request: 2026-08-04T17:31:17.1364261Z
  Time since last request: 0.0002619 seconds.
  importAddress: GUID: 0229db2477529f049aa3683cfba9d23b - Path: Packages/com.unity.collab-proxy/Editor/Assets/Layouts/SignInWithEmailPanel.uxml - Importer: ScriptedImporter/UnityEditor.QuickSearchModule:UnityEditor.Search:ASIAI0B
Importing 'GUID: 0229db2477529f049aa3683cfba9d23b - Path: Packages/com.unity.collab-proxy/Editor/Assets/Layouts/SignInWithEmailPanel.uxml - Importer: ScriptedImporter/UnityEditor.QuickSearchModule:UnityEditor.Search:ASIAI0B' with importer (ScriptedImporter : UnityEditor.QuickSearchModule:UnityEditor.Search:ASIAI0B)
Imported 'GUID: 0229db2477529f049aa3683cfba9d23b' -> (Import Result ID: 'fd4dd7e0ac2c792b441345c1beab53da') in 0.006 seconds [static and dynamic dependencies]. Details - ImportResultOutputID=d02dc2bb5d4d22ad18f4b36c37e8a6af DependenciesID=48d41636b47f806928026a4a8da0933a StaticDependenciesID=23cda174eef87c675211756ea02cf7e3 
Number of updated asset objects reloaded before import = 0
Number of asset objects unloaded after import = 2
========================================================================
Received Import Request.
  Time of request: 2026-08-04T17:31:17.1501532Z
  Time since last request: 0.0001681 seconds.
  importAddress: GUID: 67e680da36c60e245ab0176daa656da5 - Path: Packages/com.unity.collab-proxy/Editor/Assets/Images/iconpackageupdateavailable@2x.png - Importer: ScriptedImporter/UnityEditor.QuickSearchModule:UnityEditor.Search:ASIAI0B
Importing 'GUID: 67e680da36c60e245ab0176daa656da5 - Path: Packages/com.unity.collab-proxy/Editor/Assets/Images/iconpackageupdateavailable@2x.png - Importer: ScriptedImporter/UnityEditor.QuickSearchModule:UnityEditor.Search:ASIAI0B' with importer (ScriptedImporter : UnityEditor.QuickSearchModule:UnityEditor.Search:ASIAI0B)
Imported 'GUID: 67e680da36c60e245ab0176daa656da5' -> (Import Result ID: 'a69e7fa5f6ef05cd4b571c5b66b363e5') in 0.005 seconds [static and dynamic dependencies]. Details - ImportResultOutputID=6c5b68511d29d2be39e456903f01417e DependenciesID=4ef55727e4cce5d49d5132d5e1fbfed0 StaticDependenciesID=700114cdaafcc78d819543b06922098c 
Number of updated asset objects reloaded before import = 0
Number of asset objects unloaded after import = 3
========================================================================
Received Import Request.
  Time of request: 2026-08-04T17:31:17.1620348Z
  Time since last request: 0.0003254 seconds.
  importAddress: GUID: d4780dc1205c7c7478c970d8c61d24e8 - Path: Packages/com.unity.collab-proxy/Editor/Assets/Images/stepok.png - Importer: ScriptedImporter/UnityEditor.QuickSearchModule:UnityEditor.Search:ASIAI0B
Importing 'GUID: d4780dc1205c7c7478c970d8c61d24e8 - Path: Packages/com.unity.collab-proxy/Editor/Assets/Images/stepok.png - Importer: ScriptedImporter/UnityEditor.QuickSearchModule:UnityEditor.Search:ASIAI0B' with importer (ScriptedImporter : UnityEditor.QuickSearchModule:UnityEditor.Search:ASIAI0B)
Imported 'GUID: d4780dc1205c7c7478c970d8c61d24e8' -> (Import Result ID: '692a2ffd15e4d46ac24ea0df0ff98984') in 0.004 seconds [static and dynamic dependencies]. Details - ImportResultOutputID=2a32410c0445d08101a8a14ee02fc67e DependenciesID=a606809288d039531a71a31580aa7965 StaticDependenciesID=40da365ee72b30381fbc88b738feb785 
Number of updated asset objects reloaded before import = 0
Number of asset objects unloaded after import = 1
========================================================================
Received Import Request.
  Time of request: 2026-08-04T17:31:17.1722892Z
  Time since last request: 0.0002458 seconds.
  importAddress: GUID: 6e0a54826ffc3ee46b0aa3e1c1575a69 - Path: Packages/com.unity.collab-proxy/Editor/Assets/Images/iconplasticnotifyconflict@2x.png - Importer: ScriptedImporter/UnityEditor.QuickSearchModule:UnityEditor.Search:ASIAI0B
Importing 'GUID: 6e0a54826ffc3ee46b0aa3e1c1575a69 - Path: Packages/com.unity.collab-proxy/Editor/Assets/Images/iconplasticnotifyconflict@2x.png - Importer: ScriptedImporter/UnityEditor.QuickSearchModule:UnityEditor.Search:ASIAI0B' with importer (ScriptedImporter : UnityEditor.QuickSearchModule:UnityEditor.Search:ASIAI0B)
Imported 'GUID: 6e0a54826ffc3ee46b0aa3e1c1575a69' -> (Import Result ID: 'fe99bd32557117179303270ca19d46fa') in 0.004 seconds [static and dynamic dependencies]. Details - ImportResultOutputID=0b419ce64f409882426d5e5324106057 DependenciesID=25c35b02fdac145f4745b6a32aad539d StaticDependenciesID=980ffc15412d0620d74018024691f426 
Number of updated asset objects reloaded before import = 0
Number of asset objects unloaded after import = 1
========================================================================
Received Import Request.
  Time of request: 2026-08-04T17:31:17.1836441Z
  Time since last request: 0.0002471 seconds.
  importAddress: GUID: ed64f3a17f2ede646be21ed6edc9161a - Path: Packages/com.unity.collab-proxy/Editor/Assets/Images/iconrepository.png - Importer: ScriptedImporter/UnityEditor.QuickSearchModule:UnityEditor.Search:ASIAI0B
Importing 'GUID: ed64f3a17f2ede646be21ed6edc9161a - Path: Packages/com.unity.collab-proxy/Editor/Assets/Images/iconrepository.png - Importer: ScriptedImporter/UnityEditor.QuickSearchModule:UnityEditor.Search:ASIAI0B' with importer (ScriptedImporter : UnityEditor.QuickSearchModule:UnityEditor.Search:ASIAI0B)
Imported 'GUID: ed64f3a17f2ede646be21ed6edc9161a' -> (Import Result ID: '7ce25a6f0ee234e66a9a02eaf28a95f2') in 0.004 seconds [static and dynamic dependencies]. Details - ImportResultOutputID=cc686848b8d118386008f35032c63566 DependenciesID=ad6d91769f9ddd365fd2046cb95614b1 StaticDependenciesID=312d3c77a3921942e4a6898b3e1af26a 
Number of updated asset objects reloaded before import = 0
Number of asset objects unloaded after import = 1
========================================================================
Received Import Request.
  Time of request: 2026-08-04T17:31:17.1945222Z
  Time since last request: 0.0002028 seconds.
  importAddress: GUID: eb1c900f0d4a3ee42a9a49630bf88a12 - Path: Packages/com.unity.collab-proxy/Editor/Assets/Images/iconplasticnotifypendingchanges@2x.png - Importer: ScriptedImporter/UnityEditor.QuickSearchModule:UnityEditor.Search:ASIAI0B
Importing 'GUID: eb1c900f0d4a3ee42a9a49630bf88a12 - Path: Packages/com.unity.collab-proxy/Editor/Assets/Images/iconplasticnotifypendingchanges@2x.png - Importer: ScriptedImporter/UnityEditor.QuickSearchModule:UnityEditor.Search:ASIAI0B' with importer (ScriptedImporter : UnityEditor.QuickSearchModule:UnityEditor.Search:ASIAI0B)
Imported 'GUID: eb1c900f0d4a3ee42a9a49630bf88a12' -> (Import Result ID: '279d1c6dfebd7b939dfb9dfc733abfda') in 0.004 seconds [static and dynamic dependencies]. Details - ImportResultOutputID=ef3b0b8cb47c0ce7170e2e9cbc866601 DependenciesID=dc334f599266da4c89aa338f75ccac68 StaticDependenciesID=23e6b431ff1a360d092abfb4dacb78f4 
Number of updated asset objects reloaded before import = 0
Number of asset objects unloaded after import = 3
========================================================================
Received Import Request.
  Time of request: 2026-08-04T17:31:17.2057409Z
  Time since last request: 0.000276 seconds.
  importAddress: GUID: affeade9874cf2347abb155e8d0db4d8 - Path: Packages/com.unity.collab-proxy/Editor/Assets/Images/step1@2x.png - Importer: ScriptedImporter/UnityEditor.QuickSearchModule:UnityEditor.Search:ASIAI0B
Importing 'GUID: affeade9874cf2347abb155e8d0db4d8 - Path: Packages/com.unity.collab-proxy/Editor/Assets/Images/step1@2x.png - Importer: ScriptedImporter/UnityEditor.QuickSearchModule:UnityEditor.Search:ASIAI0B' with importer (ScriptedImporter : UnityEditor.QuickSearchModule:UnityEditor.Search:ASIAI0B)
Imported 'GUID: affeade9874cf2347abb155e8d0db4d8' -> (Import Result ID: 'fb2592aee4175f994119c0d5d1b04593') in 0.005 seconds [static and dynamic dependencies]. Details - ImportResultOutputID=38a1783bbb2e73e8e000541a0610ce26 DependenciesID=7296460a12f1f8858fe46bba0ebc7f5f StaticDependenciesID=85de1c29438ca4b1273e89d2efe6605f 
Number of updated asset objects reloaded before import = 0
Number of asset objects unloaded after import = 1
========================================================================
Received Import Request.
  Time of request: 2026-08-04T17:31:17.2170286Z
  Time since last request: 0.0002867 seconds.
  importAddress: GUID: ae869fe6797f4454cbbf417d87ff637c - Path: Packages/com.unity.collab-proxy/Editor/Assets/Images/iconplasticnotifyincoming@2x.png - Importer: ScriptedImporter/UnityEditor.QuickSearchModule:UnityEditor.Search:ASIAI0B
Importing 'GUID: ae869fe6797f4454cbbf417d87ff637c - Path: Packages/com.unity.collab-proxy/Editor/Assets/Images/iconplasticnotifyincoming@2x.png - Importer: ScriptedImporter/UnityEditor.QuickSearchModule:UnityEditor.Search:ASIAI0B' with importer (ScriptedImporter : UnityEditor.QuickSearchModule:UnityEditor.Search:ASIAI0B)
Imported 'GUID: ae869fe6797f4454cbbf417d87ff637c' -> (Import Result ID: '1ebc0418165b246fd7673e26ee2bacea') in 0.004 seconds [static and dynamic dependencies]. Details - ImportResultOutputID=cdb529e295007c6902d4c31300dfeb46 DependenciesID=a24e89271a6476dabc6e6405ba7008e2 StaticDependenciesID=ac97bea1598fab4af32f0a4f943e14e5 
Number of updated asset objects reloaded before import = 0
Number of asset objects unloaded after import = 1
========================================================================
Received Import Request.
  Time of request: 2026-08-04T17:31:17.2271571Z
  Time since last request: 0.0002013 seconds.
  importAddress: GUID: 97a4e2b6ae08b1140a5ba9e22953e029 - Path: Packages/com.unity.collab-proxy/Editor/Assets/Images/iconplasticview@2x.png - Importer: ScriptedImporter/UnityEditor.QuickSearchModule:UnityEditor.Search:ASIAI0B
Importing 'GUID: 97a4e2b6ae08b1140a5ba9e22953e029 - Path: Packages/com.unity.collab-proxy/Editor/Assets/Images/iconplasticview@2x.png - Importer: ScriptedImporter/UnityEditor.QuickSearchModule:UnityEditor.Search:ASIAI0B' with importer (ScriptedImporter : UnityEditor.QuickSearchModule:UnityEditor.Search:ASIAI0B)
Imported 'GUID: 97a4e2b6ae08b1140a5ba9e22953e029' -> (Import Result ID: '1773b1590f2cdb665c288ec943b247cb') in 0.004 seconds [static and dynamic dependencies]. Details - ImportResultOutputID=b944abbb5c954933bf3e3d1fa661c669 DependenciesID=ad190f7f1002dbc50308e9baf848ee7e StaticDependenciesID=8423baed42f454e6e3f35fd3abfb5bc9 
Number of updated asset objects reloaded before import = 0
Number of asset objects unloaded after import = 1
========================================================================
Received Import Request.
  Time of request: 2026-08-04T17:31:17.2379453Z
  Time since last request: 0.0001734 seconds.
  importAddress: GUID: feccc3dff22272744a267246ae760a73 - Path: Packages/com.unity.collab-proxy/Editor/Assets/Layouts/ProgressControlsForDialogs.uxml - Importer: ScriptedImporter/UnityEditor.QuickSearchModule:UnityEditor.Search:ASIAI0B
Importing 'GUID: feccc3dff22272744a267246ae760a73 - Path: Packages/com.unity.collab-proxy/Editor/Assets/Layouts/ProgressControlsForDialogs.uxml - Importer: ScriptedImporter/UnityEditor.QuickSearchModule:UnityEditor.Search:ASIAI0B' with importer (ScriptedImporter : UnityEditor.QuickSearchModule:UnityEditor.Search:ASIAI0B)
Imported 'GUID: feccc3dff22272744a267246ae760a73' -> (Import Result ID: '3aae2e77401c2b2c537301f7707a5e91') in 0.003 seconds [static and dynamic dependencies]. Details - ImportResultOutputID=ead44bc5a6e2ed61ecaf0c215071df5e DependenciesID=d062c40cbeda967e200692c5cc7eafe3 StaticDependenciesID=49418b295275951f3efade3699f83ff9 
Number of updated asset objects reloaded before import = 0
Number of asset objects unloaded after import = 2
========================================================================
Received Import Request.
  Time of request: 2026-08-04T17:31:17.2481142Z
  Time since last request: 0.0001629 seconds.
  importAddress: GUID: 26d3a583da6079145a52a8bef4beb6c5 - Path: Packages/com.unity.collab-proxy/Editor/Assets/Layouts/TeamEditionConfigurationWindow.uxml - Importer: ScriptedImporter/UnityEditor.QuickSearchModule:UnityEditor.Search:ASIAI0B
Importing 'GUID: 26d3a583da6079145a52a8bef4beb6c5 - Path: Packages/com.unity.collab-proxy/Editor/Assets/Layouts/TeamEditionConfigurationWindow.uxml - Importer: ScriptedImporter/UnityEditor.QuickSearchModule:UnityEditor.Search:ASIAI0B' with importer (ScriptedImporter : UnityEditor.QuickSearchModule:UnityEditor.Search:ASIAI0B)
Imported 'GUID: 26d3a583da6079145a52a8bef4beb6c5' -> (Import Result ID: '0c78a2945c3d496c2174ba41c43bf493') in 0.004 seconds [static and dynamic dependencies]. Details - ImportResultOutputID=2509c527571309419c5a7b9929b352bf DependenciesID=c61aa42e9363b39583fd1cd525488415 StaticDependenciesID=125d9341bdaa6b0f9d73d17860315943 
Number of updated asset objects reloaded before import = 0
Number of asset objects unloaded after import = 2
========================================================================
Received Import Request.
  Time of request: 2026-08-04T17:31:17.2592285Z
  Time since last request: 0.0001619 seconds.
  importAddress: GUID: 1cd69f37df825af4385cd9efe745fc30 - Path: Packages/com.unity.collab-proxy/Editor/Assets/Styles/TeamEditionConfigurationWindow.uss - Importer: ScriptedImporter/UnityEditor.QuickSearchModule:UnityEditor.Search:ASIAI0B
Importing 'GUID: 1cd69f37df825af4385cd9efe745fc30 - Path: Packages/com.unity.collab-proxy/Editor/Assets/Styles/TeamEditionConfigurationWindow.uss - Importer: ScriptedImporter/UnityEditor.QuickSearchModule:UnityEditor.Search:ASIAI0B' with importer (ScriptedImporter : UnityEditor.QuickSearchModule:UnityEditor.Search:ASIAI0B)
Imported 'GUID: 1cd69f37df825af4385cd9efe745fc30' -> (Import Result ID: '3a79a8086a510bc2287f696fe587643a') in 0.003 seconds [static and dynamic dependencies]. Details - ImportResultOutputID=4a3cd2958e4f6be44b8be53a03fc1a45 DependenciesID=2414d0c0bafcf066a165c20388a8a651 StaticDependenciesID=0cfcd4c848ead28b3def7bddce40d06a 
Number of updated asset objects reloaded before import = 0
Number of asset objects unloaded after import = 2
========================================================================
Received Import Request.
  Time of request: 2026-08-04T17:31:17.2691525Z
  Time since last request: 0.0002128 seconds.
  importAddress: GUID: b37675bc656348c429a6c56b2eda1345 - Path: Packages/com.unity.collab-proxy/Editor/Assets/Styles/SignInWithEmailPanel.uss - Importer: ScriptedImporter/UnityEditor.QuickSearchModule:UnityEditor.Search:ASIAI0B
Importing 'GUID: b37675bc656348c429a6c56b2eda1345 - Path: Packages/com.unity.collab-proxy/Editor/Assets/Styles/SignInWithEmailPanel.uss - Importer: ScriptedImporter/UnityEditor.QuickSearchModule:UnityEditor.Search:ASIAI0B' with importer (ScriptedImporter : UnityEditor.QuickSearchModule:UnityEditor.Search:ASIAI0B)
Imported 'GUID: b37675bc656348c429a6c56b2eda1345' -> (Import Result ID: '1d5270bedf7df26247ded8112c28808d') in 0.003 seconds [static and dynamic dependencies]. Details - ImportResultOutputID=9aacad623b4a0e291935b587e75040f3 DependenciesID=9ba9ed7f25a18863a07930f371609b01 StaticDependenciesID=acc34f046d5eede902862cc204058f23 
Number of updated asset objects reloaded before import = 0
Number of asset objects unloaded after import = 2
========================================================================
Received Import Request.
  Time of request: 2026-08-04T17:31:17.2784013Z
  Time since last request: 0.0001783 seconds.
  importAddress: GUID: 88da5407899aaaf448a40c85888108ae - Path: Packages/com.unity.collab-proxy/Editor/Assets/Styles/TabView.uss - Importer: ScriptedImporter/UnityEditor.QuickSearchModule:UnityEditor.Search:ASIAI0B
Importing 'GUID: 88da5407899aaaf448a40c85888108ae - Path: Packages/com.unity.collab-proxy/Editor/Assets/Styles/TabView.uss - Importer: ScriptedImporter/UnityEditor.QuickSearchModule:UnityEditor.Search:ASIAI0B' with importer (ScriptedImporter : UnityEditor.QuickSearchModule:UnityEditor.Search:ASIAI0B)
Imported 'GUID: 88da5407899aaaf448a40c85888108ae' -> (Import Result ID: '8bbb7ad145e33a719f9927dafc2467b7') in 0.003 seconds [static and dynamic dependencies]. Details - ImportResultOutputID=58fa94e52062b9c5fba79cce07c51d06 DependenciesID=a5d29194085be6189157784993b9ecd3 StaticDependenciesID=75b65d8f0ec16706428f6f7625080ddd 
Number of updated asset objects reloaded before import = 0
Number of asset objects unloaded after import = 2
========================================================================
Received Import Request.
  Time of request: 2026-08-04T17:31:17.2902445Z
  Time since last request: 0.0001972 seconds.
  importAddress: GUID: a916ed6819efd014588f58e3cfc48196 - Path: Packages/com.unity.collab-proxy/Editor/Assets/Images/iconplasticnotifyconflict.png - Importer: ScriptedImporter/UnityEditor.QuickSearchModule:UnityEditor.Search:ASIAI0B
Importing 'GUID: a916ed6819efd014588f58e3cfc48196 - Path: Packages/com.unity.collab-proxy/Editor/Assets/Images/iconplasticnotifyconflict.png - Importer: ScriptedImporter/UnityEditor.QuickSearchModule:UnityEditor.Search:ASIAI0B' with importer (ScriptedImporter : UnityEditor.QuickSearchModule:UnityEditor.Search:ASIAI0B)
Imported 'GUID: a916ed6819efd014588f58e3cfc48196' -> (Import Result ID: '5b94f585643a49c649c17bf19ca04ac8') in 0.004 seconds [static and dynamic dependencies]. Details - ImportResultOutputID=c996f6fed0edcc58142ef7ec6cef25f6 DependenciesID=46064a644dcf45474ee127f4eab336a8 StaticDependenciesID=b2d493bac68225b894f08b2c308db469 
Number of updated asset objects reloaded before import = 0
Number of asset objects unloaded after import = 1
========================================================================
Received Import Request.
  Time of request: 2026-08-04T17:31:17.3014515Z
  Time since last request: 0.0002837 seconds.
  importAddress: GUID: 36e6970b84831434a9eac79abd03700b - Path: Packages/com.unity.collab-proxy/Editor/Assets/Images/step3@2x.png - Importer: ScriptedImporter/UnityEditor.QuickSearchModule:UnityEditor.Search:ASIAI0B
Importing 'GUID: 36e6970b84831434a9eac79abd03700b - Path: Packages/com.unity.collab-proxy/Editor/Assets/Images/step3@2x.png - Importer: ScriptedImporter/UnityEditor.QuickSearchModule:UnityEditor.Search:ASIAI0B' with importer (ScriptedImporter : UnityEditor.QuickSearchModule:UnityEditor.Search:ASIAI0B)
Imported 'GUID: 36e6970b84831434a9eac79abd03700b' -> (Import Result ID: '33750379d19f7490ee45e8957d836545') in 0.005 seconds [static and dynamic dependencies]. Details - ImportResultOutputID=9ba94c934df8b58fa8529c7ba586d04d DependenciesID=1072d03d3b5f556e555fd4ea6cb1b9c9 StaticDependenciesID=106fc7ce47f4d90461c1e6eda7abf232 
Number of updated asset objects reloaded before import = 0
Number of asset objects unloaded after import = 1
========================================================================
Received Import Request.
  Time of request: 2026-08-04T17:31:17.3134106Z
  Time since last request: 0.0002795 seconds.
  importAddress: GUID: 03cefa94d5aa9d74993fb2138af9d607 - Path: Packages/com.unity.collab-proxy/Editor/Assets/Images/secondarytabclose.png - Importer: ScriptedImporter/UnityEditor.QuickSearchModule:UnityEditor.Search:ASIAI0B
Importing 'GUID: 03cefa94d5aa9d74993fb2138af9d607 - Path: Packages/com.unity.collab-proxy/Editor/Assets/Images/secondarytabclose.png - Importer: ScriptedImporter/UnityEditor.QuickSearchModule:UnityEditor.Search:ASIAI0B' with importer (ScriptedImporter : UnityEditor.QuickSearchModule:UnityEditor.Search:ASIAI0B)
Imported 'GUID: 03cefa94d5aa9d74993fb2138af9d607' -> (Import Result ID: 'ded8895aa3f8ddde1234b6b447bd8517') in 0.004 seconds [static and dynamic dependencies]. Details - ImportResultOutputID=6ef70e54c30ec7825403bc6ac0f8db6b DependenciesID=e350f452680453450d162786505c7cbf StaticDependenciesID=eb61c3de10de5cd7beeba61a27981cba 
Number of updated asset objects reloaded before import = 0
Number of asset objects unloaded after import = 1
========================================================================
Received Import Request.
  Time of request: 2026-08-04T17:31:17.3237911Z
  Time since last request: 0.0002825 seconds.
  importAddress: GUID: bf9a3e542f66af64a80a6631aa93e516 - Path: Packages/com.unity.collab-proxy/Editor/Assets/Images/iconzoomin.png - Importer: ScriptedImporter/UnityEditor.QuickSearchModule:UnityEditor.Search:ASIAI0B
Importing 'GUID: bf9a3e542f66af64a80a6631aa93e516 - Path: Packages/com.unity.collab-proxy/Editor/Assets/Images/iconzoomin.png - Importer: ScriptedImporter/UnityEditor.QuickSearchModule:UnityEditor.Search:ASIAI0B' with importer (ScriptedImporter : UnityEditor.QuickSearchModule:UnityEditor.Search:ASIAI0B)
Imported 'GUID: bf9a3e542f66af64a80a6631aa93e516' -> (Import Result ID: 'fa4614741bd2be37573685a0a4d152a6') in 0.004 seconds [static and dynamic dependencies]. Details - ImportResultOutputID=57cd3a7b4548b9c5970ba36ea7f03347 DependenciesID=ea2d52c872404d222f5667fafc7fa84c StaticDependenciesID=6cd631b45cad8691cfb66290971e7097 
Number of updated asset objects reloaded before import = 0
Number of asset objects unloaded after import = 3
========================================================================
Received Import Request.
  Time of request: 2026-08-04T17:31:17.3353006Z
  Time since last request: 0.0002302 seconds.
  importAddress: GUID: 63387a17b866347b390227e10a2b1f2e - Path: Packages/com.unity.collab-proxy/Editor/Assets/Images/inclusionrule.png - Importer: ScriptedImporter/UnityEditor.QuickSearchModule:UnityEditor.Search:ASIAI0B
Importing 'GUID: 63387a17b866347b390227e10a2b1f2e - Path: Packages/com.unity.collab-proxy/Editor/Assets/Images/inclusionrule.png - Importer: ScriptedImporter/UnityEditor.QuickSearchModule:UnityEditor.Search:ASIAI0B' with importer (ScriptedImporter : UnityEditor.QuickSearchModule:UnityEditor.Search:ASIAI0B)
Imported 'GUID: 63387a17b866347b390227e10a2b1f2e' -> (Import Result ID: '781ad093e7b254293f65677a5ef860cc') in 0.004 seconds [static and dynamic dependencies]. Details - ImportResultOutputID=4a067c94f5d9fe8884c05daf741dc101 DependenciesID=b1bc745a3d1385630bdb497f01797069 StaticDependenciesID=e062fe926e155730791836ffed69e6b9 
Number of updated asset objects reloaded before import = 0
Number of asset objects unloaded after import = 3
========================================================================
Received Import Request.
  Time of request: 2026-08-04T17:31:17.3659752Z
  Time since last request: 0.020445 seconds.
  importAddress: GUID: c53c624438663f74ab67fbdf8869ae18 - Path: Packages/com.unity.collab-proxy/Editor/AssetsUtils/Processor/UVCSAssetModificationProcessor.cs - Importer: ScriptedImporter/UnityEditor.QuickSearchModule:UnityEditor.Search:ASIAI0B
Importing 'GUID: c53c624438663f74ab67fbdf8869ae18 - Path: Packages/com.unity.collab-proxy/Editor/AssetsUtils/Processor/UVCSAssetModificationProcessor.cs - Importer: ScriptedImporter/UnityEditor.QuickSearchModule:UnityEditor.Search:ASIAI0B' with importer (ScriptedImporter : UnityEditor.QuickSearchModule:UnityEditor.Search:ASIAI0B)
Imported 'GUID: c53c624438663f74ab67fbdf8869ae18' -> (Import Result ID: 'e22d59ee0d73cfd6e0f2aeef48f25f55') in 0.002 seconds [static and dynamic dependencies]. Details - ImportResultOutputID=1729f6626f42ae003235e51045751e1c DependenciesID=9315aa027081155ae3f31f92fd2631d2 StaticDependenciesID=95c6f0be2f2612c1bd1936c7e247f47a 
Number of updated asset objects reloaded before import = 0
Number of asset objects unloaded after import = 0
========================================================================
Received Import Request.
  Time of request: 2026-08-04T17:31:17.3749317Z
  Time since last request: 0.0002157 seconds.
  importAddress: GUID: aba34a0d0084f48f19b98ac1c78902b5 - Path: Packages/com.unity.collab-proxy/Editor/CodeEditor/Document/DocumentLine.LineNode.cs - Importer: ScriptedImporter/UnityEditor.QuickSearchModule:UnityEditor.Search:ASIAI0B
Importing 'GUID: aba34a0d0084f48f19b98ac1c78902b5 - Path: Packages/com.unity.collab-proxy/Editor/CodeEditor/Document/DocumentLine.LineNode.cs - Importer: ScriptedImporter/UnityEditor.QuickSearchModule:UnityEditor.Search:ASIAI0B' with importer (ScriptedImporter : UnityEditor.QuickSearchModule:UnityEditor.Search:ASIAI0B)
Imported 'GUID: aba34a0d0084f48f19b98ac1c78902b5' -> (Import Result ID: '5cd2c892d3e7dcf9cdcb86955a037bd7') in 0.002 seconds [static and dynamic dependencies]. Details - ImportResultOutputID=3f0fe0674b0be897bc92182afeb0dd08 DependenciesID=55e8798a7792d2dfdd5748779748b926 StaticDependenciesID=f94e32dcb23a8755769efc84a1ab3a82 
Number of updated asset objects reloaded before import = 0
Number of asset objects unloaded after import = 0
========================================================================
Received Import Request.
  Time of request: 2026-08-04T17:31:17.3835629Z
  Time since last request: 0.0001906 seconds.
  importAddress: GUID: c0819a043e0c64a4780ca8ab3c311d07 - Path: Packages/com.unity.collab-proxy/Editor/CloudDrive/Welcome/WelcomeView.cs - Importer: ScriptedImporter/UnityEditor.QuickSearchModule:UnityEditor.Search:ASIAI0B
Importing 'GUID: c0819a043e0c64a4780ca8ab3c311d07 - Path: Packages/com.unity.collab-proxy/Editor/CloudDrive/Welcome/WelcomeView.cs - Importer: ScriptedImporter/UnityEditor.QuickSearchModule:UnityEditor.Search:ASIAI0B' with importer (ScriptedImporter : UnityEditor.QuickSearchModule:UnityEditor.Search:ASIAI0B)
Imported 'GUID: c0819a043e0c64a4780ca8ab3c311d07' -> (Import Result ID: '99d19c56205244f01589e1d7e3ba9403') in 0.002 seconds [static and dynamic dependencies]. Details - ImportResultOutputID=bf8f3cfb3b62af37b53b93d262faac13 DependenciesID=cce45520d92b48c8a74621f1f65f1d54 StaticDependenciesID=c1fa9ffcb47af0da7cb29504e38b6844 
Number of updated asset objects reloaded before import = 0
Number of asset objects unloaded after import = 0
========================================================================
Received Import Request.
  Time of request: 2026-08-04T17:31:17.3925307Z
  Time since last request: 0.0002664 seconds.
  importAddress: GUID: fdc8bc956a06142009aad60c2e917c9b - Path: Packages/com.unity.collab-proxy/Editor/CodeEditor/Document/UndoStack.cs - Importer: ScriptedImporter/UnityEditor.QuickSearchModule:UnityEditor.Search:ASIAI0B
Importing 'GUID: fdc8bc956a06142009aad60c2e917c9b - Path: Packages/com.unity.collab-proxy/Editor/CodeEditor/Document/UndoStack.cs - Importer: ScriptedImporter/UnityEditor.QuickSearchModule:UnityEditor.Search:ASIAI0B' with importer (ScriptedImporter : UnityEditor.QuickSearchModule:UnityEditor.Search:ASIAI0B)
Imported 'GUID: fdc8bc956a06142009aad60c2e917c9b' -> (Import Result ID: 'da97e0985212b1d09c5ae122e0b6da14') in 0.002 seconds [static and dynamic dependencies]. Details - ImportResultOutputID=46bf991d6b99ef7590c290f646fd956c DependenciesID=916c6912e1842b7121c5892249329386 StaticDependenciesID=8189c3643d56ab290fccbdbaeda9d3ab 
Number of updated asset objects reloaded before import = 0
Number of asset objects unloaded after import = 0
========================================================================
Received Import Request.
  Time of request: 2026-08-04T17:31:17.4009055Z
  Time since last request: 0.0002678 seconds.
  importAddress: GUID: e9ffdef169b1cbb4e9910671a9ee83bc - Path: Packages/com.unity.collab-proxy/Editor/AssetsUtils/Processor/UVCSAssetPostprocessor.cs - Importer: ScriptedImporter/UnityEditor.QuickSearchModule:UnityEditor.Search:ASIAI0B
Importing 'GUID: e9ffdef169b1cbb4e9910671a9ee83bc - Path: Packages/com.unity.collab-proxy/Editor/AssetsUtils/Processor/UVCSAssetPostprocessor.cs - Importer: ScriptedImporter/UnityEditor.QuickSearchModule:UnityEditor.Search:ASIAI0B' with importer (ScriptedImporter : UnityEditor.QuickSearchModule:UnityEditor.Search:ASIAI0B)
Imported 'GUID: e9ffdef169b1cbb4e9910671a9ee83bc' -> (Import Result ID: 'bacf173565353c6116958d21439dd7af') in 0.002 seconds [static and dynamic dependencies]. Details - ImportResultOutputID=4df2fece639d2b9abbfc144541296605 DependenciesID=20fd99e5ea99e66074216654b9a69c51 StaticDependenciesID=64bd53fe451c609cb63ebf613b4935fa 
Number of updated asset objects reloaded before import = 0
Number of asset objects unloaded after import = 0
========================================================================
Received Import Request.
  Time of request: 2026-08-04T17:31:17.4092706Z
  Time since last request: 0.0002687 seconds.
  importAddress: GUID: d6b614bb8cf04cbe9ffd8626c062bd78 - Path: Packages/com.unity.collab-proxy/Editor/CodeEditor/Editing/EmptySelection.cs - Importer: ScriptedImporter/UnityEditor.QuickSearchModule:UnityEditor.Search:ASIAI0B
Importing 'GUID: d6b614bb8cf04cbe9ffd8626c062bd78 - Path: Packages/com.unity.collab-proxy/Editor/CodeEditor/Editing/EmptySelection.cs - Importer: ScriptedImporter/UnityEditor.QuickSearchModule:UnityEditor.Search:ASIAI0B' with importer (ScriptedImporter : UnityEditor.QuickSearchModule:UnityEditor.Search:ASIAI0B)
Imported 'GUID: d6b614bb8cf04cbe9ffd8626c062bd78' -> (Import Result ID: 'baab07d389743481b0ca8de631eb0506') in 0.002 seconds [static and dynamic dependencies]. Details - ImportResultOutputID=d692600d0d7167c3b429bcf77b644c47 DependenciesID=6c5b77c049127ba1faa6e9481345baba StaticDependenciesID=3ab40f1b93b47c4062d031fd9ffd3ef2 
Number of updated asset objects reloaded before import = 0
Number of asset objects unloaded after import = 0
========================================================================
Received Import Request.
  Time of request: 2026-08-04T17:31:17.4179719Z
  Time since last request: 0.0004468 seconds.
  importAddress: GUID: a4dab1ebc3086c245ad199490a29637f - Path: Packages/com.unity.collab-proxy/Editor/CloudDrive/CreateWorkspace/CreateWorkspaceView.cs - Importer: ScriptedImporter/UnityEditor.QuickSearchModule:UnityEditor.Search:ASIAI0B
Importing 'GUID: a4dab1ebc3086c245ad199490a29637f - Path: Packages/com.unity.collab-proxy/Editor/CloudDrive/CreateWorkspace/CreateWorkspaceView.cs - Importer: ScriptedImporter/UnityEditor.QuickSearchModule:UnityEditor.Search:ASIAI0B' with importer (ScriptedImporter : UnityEditor.QuickSearchModule:UnityEditor.Search:ASIAI0B)
Imported 'GUID: a4dab1ebc3086c245ad199490a29637f' -> (Import Result ID: 'a860ac2b5bc5c2365b9f5bdab775d5f6') in 0.002 seconds [static and dynamic dependencies]. Details - ImportResultOutputID=9744de2d3cfa822f1b24ecf9326919f9 DependenciesID=a7a11dd4513ce08ad383bb712b26b96a StaticDependenciesID=67b46245bc4ba1b21c7cf6caae4848d3 
Number of updated asset objects reloaded before import = 0
Number of asset objects unloaded after import = 0
========================================================================
Received Import Request.
  Time of request: 2026-08-04T17:31:17.426738Z
  Time since last request: 0.0002345 seconds.
  importAddress: GUID: 3fdd4fc558bf14e809d9ede79af274da - Path: Packages/com.unity.collab-proxy/Editor/CodeEditor/Document/DocumentChangeOperation.cs - Importer: ScriptedImporter/UnityEditor.QuickSearchModule:UnityEditor.Search:ASIAI0B
Importing 'GUID: 3fdd4fc558bf14e809d9ede79af274da - Path: Packages/com.unity.collab-proxy/Editor/CodeEditor/Document/DocumentChangeOperation.cs - Importer: ScriptedImporter/UnityEditor.QuickSearchModule:UnityEditor.Search:ASIAI0B' with importer (ScriptedImporter : UnityEditor.QuickSearchModule:UnityEditor.Search:ASIAI0B)
Imported 'GUID: 3fdd4fc558bf14e809d9ede79af274da' -> (Import Result ID: 'db1c66a9b02a151bca66bcffbfb29d70') in 0.002 seconds [static and dynamic dependencies]. Details - ImportResultOutputID=a0ad8d67c4cb1971a4b56b9130ccea81 DependenciesID=9d61770fa6ded141fbf86397bdcbfcf2 StaticDependenciesID=b8e30cb3662d6e491c02e3416a614346 
Number of updated asset objects reloaded before import = 0
Number of asset objects unloaded after import = 0
========================================================================
Received Import Request.
  Time of request: 2026-08-04T17:31:17.4353414Z
  Time since last request: 0.0001903 seconds.
  importAddress: GUID: 1bad6294dbf1045048f29381bfdf4961 - Path: Packages/com.unity.collab-proxy/Editor/CodeEditor/Document/ILineTracker.cs - Importer: ScriptedImporter/UnityEditor.QuickSearchModule:UnityEditor.Search:ASIAI0B
Importing 'GUID: 1bad6294dbf1045048f29381bfdf4961 - Path: Packages/com.unity.collab-proxy/Editor/CodeEditor/Document/ILineTracker.cs - Importer: ScriptedImporter/UnityEditor.QuickSearchModule:UnityEditor.Search:ASIAI0B' with importer (ScriptedImporter : UnityEditor.QuickSearchModule:UnityEditor.Search:ASIAI0B)
Imported 'GUID: 1bad6294dbf1045048f29381bfdf4961' -> (Import Result ID: '541426248e44e6567e4d7476f3b3c98b') in 0.002 seconds [static and dynamic dependencies]. Details - ImportResultOutputID=46ae972ba485334aa1c91f19e53ead7d DependenciesID=d5a7ca840431850cc29c123d92c6934e StaticDependenciesID=12b2355fab5ea5f59c22072a320132ba 
Number of updated asset objects reloaded before import = 0
Number of asset objects unloaded after import = 0
========================================================================
Received Import Request.
  Time of request: 2026-08-04T17:31:17.443768Z
  Time since last request: 0.0002741 seconds.
  importAddress: GUID: 8d60b8806ad5a453e978d149b4442288 - Path: Packages/com.unity.collab-proxy/Editor/CodeEditor/Document/TextAnchorNode.cs - Importer: ScriptedImporter/UnityEditor.QuickSearchModule:UnityEditor.Search:ASIAI0B
Importing 'GUID: 8d60b8806ad5a453e978d149b4442288 - Path: Packages/com.unity.collab-proxy/Editor/CodeEditor/Document/TextAnchorNode.cs - Importer: ScriptedImporter/UnityEditor.QuickSearchModule:UnityEditor.Search:ASIAI0B' with importer (ScriptedImporter : UnityEditor.QuickSearchModule:UnityEditor.Search:ASIAI0B)
Imported 'GUID: 8d60b8806ad5a453e978d149b4442288' -> (Import Result ID: 'd0475a801974c15ff8efc3b76c30659d') in 0.002 seconds [static and dynamic dependencies]. Details - ImportResultOutputID=0652edfefc28ade3e0882d735c9c8108 DependenciesID=326a89d592f586807cb47ee620242cf1 StaticDependenciesID=8df6289567b2bdf310cb8d1501b07184 
Number of updated asset objects reloaded before import = 0
Number of asset objects unloaded after import = 0
========================================================================
Received Import Request.
  Time of request: 2026-08-04T17:31:17.4526219Z
  Time since last request: 0.0002686 seconds.
  importAddress: GUID: 0c13d6a1dbd74659becd6e9d0d519282 - Path: Packages/com.unity.collab-proxy/Editor/CodeEditor/Editing/CaretLayer.cs - Importer: ScriptedImporter/UnityEditor.QuickSearchModule:UnityEditor.Search:ASIAI0B
Importing 'GUID: 0c13d6a1dbd74659becd6e9d0d519282 - Path: Packages/com.unity.collab-proxy/Editor/CodeEditor/Editing/CaretLayer.cs - Importer: ScriptedImporter/UnityEditor.QuickSearchModule:UnityEditor.Search:ASIAI0B' with importer (ScriptedImporter : UnityEditor.QuickSearchModule:UnityEditor.Search:ASIAI0B)
Imported 'GUID: 0c13d6a1dbd74659becd6e9d0d519282' -> (Import Result ID: '5e2b896d19199f2bf1f3f0928499802f') in 0.002 seconds [static and dynamic dependencies]. Details - ImportResultOutputID=72325c5780635c5aee2ea5caeaf9d61e DependenciesID=f7a938f7e3fc995f34ebcec1cfc0e155 StaticDependenciesID=5677b0458216acfa437378c8bac3c1ff 
Number of updated asset objects reloaded before import = 0
Number of asset objects unloaded after import = 0
========================================================================
Received Import Request.
  Time of request: 2026-08-04T17:31:17.4613158Z
  Time since last request: 0.0002778 seconds.
  importAddress: GUID: c63e2acf5cfd4816b950cf4bf6381b6f - Path: Packages/com.unity.collab-proxy/Editor/CloudDrive/Workspaces/CloudWorkspacesView.cs - Importer: ScriptedImporter/UnityEditor.QuickSearchModule:UnityEditor.Search:ASIAI0B
Importing 'GUID: c63e2acf5cfd4816b950cf4bf6381b6f - Path: Packages/com.unity.collab-proxy/Editor/CloudDrive/Workspaces/CloudWorkspacesView.cs - Importer: ScriptedImporter/UnityEditor.QuickSearchModule:UnityEditor.Search:ASIAI0B' with importer (ScriptedImporter : UnityEditor.QuickSearchModule:UnityEditor.Search:ASIAI0B)
Imported 'GUID: c63e2acf5cfd4816b950cf4bf6381b6f' -> (Import Result ID: 'd54df0cf44f2f977c79b8b058e82afb3') in 0.002 seconds [static and dynamic dependencies]. Details - ImportResultOutputID=0c03b111317aa22573db7159062b7535 DependenciesID=1d47588fd49f0da49ec3731caba84a31 StaticDependenciesID=0b1d28b61a4a6dfcfa348f8da220cde9 
Number of updated asset objects reloaded before import = 0
Number of asset objects unloaded after import = 0
========================================================================
Received Import Request.
  Time of request: 2026-08-04T17:31:17.4700187Z
  Time since last request: 0.0002458 seconds.
  importAddress: GUID: fdec637f96aaa6546ad88a90cae5dcf1 - Path: Packages/com.unity.collab-proxy/Editor/AssetsUtils/Processor/WorkspaceOperationsMonitor.cs - Importer: ScriptedImporter/UnityEditor.QuickSearchModule:UnityEditor.Search:ASIAI0B
Importing 'GUID: fdec637f96aaa6546ad88a90cae5dcf1 - Path: Packages/com.unity.collab-proxy/Editor/AssetsUtils/Processor/WorkspaceOperationsMonitor.cs - Importer: ScriptedImporter/UnityEditor.QuickSearchModule:UnityEditor.Search:ASIAI0B' with importer (ScriptedImporter : UnityEditor.QuickSearchModule:UnityEditor.Search:ASIAI0B)
Imported 'GUID: fdec637f96aaa6546ad88a90cae5dcf1' -> (Import Result ID: '8d7f7ed4cd24de664badde45dc390598') in 0.002 seconds [static and dynamic dependencies]. Details - ImportResultOutputID=29a54fcd01c115f9ee8cbfc11643fbf0 DependenciesID=057979ca577eefbc041ef7b92678be51 StaticDependenciesID=d33fe6ad0f2f577d4dde2011b1170e84 
Number of updated asset objects reloaded before import = 0
Number of asset objects unloaded after import = 0
========================================================================
Received Import Request.
  Time of request: 2026-08-04T17:31:17.4784137Z
  Time since last request: 0.000243 seconds.
  importAddress: GUID: ee168e8444b3b420eba9eff487b036ca - Path: Packages/com.unity.collab-proxy/Editor/CodeEditor/Document/TextUtilities.cs - Importer: ScriptedImporter/UnityEditor.QuickSearchModule:UnityEditor.Search:ASIAI0B
Importing 'GUID: ee168e8444b3b420eba9eff487b036ca - Path: Packages/com.unity.collab-proxy/Editor/CodeEditor/Document/TextUtilities.cs - Importer: ScriptedImporter/UnityEditor.QuickSearchModule:UnityEditor.Search:ASIAI0B' with importer (ScriptedImporter : UnityEditor.QuickSearchModule:UnityEditor.Search:ASIAI0B)
Imported 'GUID: ee168e8444b3b420eba9eff487b036ca' -> (Import Result ID: '4509592601ef3991499e9ad36c02a5c3') in 0.002 seconds [static and dynamic dependencies]. Details - ImportResultOutputID=a2563ce5711b94f94f849403333d1150 DependenciesID=a382afc02ed7d4f73383bc6e8bafc2ba StaticDependenciesID=7f3cf8874397884a11b68fc76bfb4f40 
Number of updated asset objects reloaded before import = 0
Number of asset objects unloaded after import = 0
========================================================================
Received Import Request.
  Time of request: 2026-08-04T17:31:17.486649Z
  Time since last request: 0.0001938 seconds.
  importAddress: GUID: 078b750ce38ab92439fffe8192aa866f - Path: Packages/com.unity.collab-proxy/Editor/CodeEditor/Editing/NoReadOnlySections.cs - Importer: ScriptedImporter/UnityEditor.QuickSearchModule:UnityEditor.Search:ASIAI0B
Importing 'GUID: 078b750ce38ab92439fffe8192aa866f - Path: Packages/com.unity.collab-proxy/Editor/CodeEditor/Editing/NoReadOnlySections.cs - Importer: ScriptedImporter/UnityEditor.QuickSearchModule:UnityEditor.Search:ASIAI0B' with importer (ScriptedImporter : UnityEditor.QuickSearchModule:UnityEditor.Search:ASIAI0B)
Imported 'GUID: 078b750ce38ab92439fffe8192aa866f' -> (Import Result ID: '1af74e8cbeae518d280c656745baed50') in 0.002 seconds [static and dynamic dependencies]. Details - ImportResultOutputID=63aa0cb6c33ae4bdaf8f1d4af29b3b38 DependenciesID=2a0e01ffe87fa89bcd08a6b39ca2bd9f StaticDependenciesID=3d63226be055680b0e81695077c1bbaa 
Number of updated asset objects reloaded before import = 0
Number of asset objects unloaded after import = 0
========================================================================
Received Import Request.
  Time of request: 2026-08-04T17:31:17.4952815Z
  Time since last request: 0.0002084 seconds.
  importAddress: GUID: 3b30e6342e7149441aa64d1d4bd764b7 - Path: Packages/com.unity.collab-proxy/Editor/CodeEditor/Editing/SelectionColorizer.cs - Importer: ScriptedImporter/UnityEditor.QuickSearchModule:UnityEditor.Search:ASIAI0B
Importing 'GUID: 3b30e6342e7149441aa64d1d4bd764b7 - Path: Packages/com.unity.collab-proxy/Editor/CodeEditor/Editing/SelectionColorizer.cs - Importer: ScriptedImporter/UnityEditor.QuickSearchModule:UnityEditor.Search:ASIAI0B' with importer (ScriptedImporter : UnityEditor.QuickSearchModule:UnityEditor.Search:ASIAI0B)
Imported 'GUID: 3b30e6342e7149441aa64d1d4bd764b7' -> (Import Result ID: '65106f81b71159b7cba2b7be4ab2f82a') in 0.003 seconds [static and dynamic dependencies]. Details - ImportResultOutputID=6ccd792ab3f81ffb813259edab469823 DependenciesID=4af09fe28542999a52157be8d209c0a1 StaticDependenciesID=1a5279ef2695687898f0e54684378e55 
Number of updated asset objects reloaded before import = 0
Number of asset objects unloaded after import = 0
========================================================================
Received Import Request.
  Time of request: 2026-08-04T17:31:17.5054123Z
  Time since last request: 0.0002459 seconds.
  importAddress: GUID: 420fb70569c5a44e19076a23cf7a7cce - Path: Packages/com.unity.collab-proxy/Editor/CodeEditor/Document/UndoOperationGroup.cs - Importer: ScriptedImporter/UnityEditor.QuickSearchModule:UnityEditor.Search:ASIAI0B
Importing 'GUID: 420fb70569c5a44e19076a23cf7a7cce - Path: Packages/com.unity.collab-proxy/Editor/CodeEditor/Document/UndoOperationGroup.cs - Importer: ScriptedImporter/UnityEditor.QuickSearchModule:UnityEditor.Search:ASIAI0B' with importer (ScriptedImporter : UnityEditor.QuickSearchModule:UnityEditor.Search:ASIAI0B)
Imported 'GUID: 420fb70569c5a44e19076a23cf7a7cce' -> (Import Result ID: '84adea76704a6b734306187995a4f533') in 0.002 seconds [static and dynamic dependencies]. Details - ImportResultOutputID=43959245853789c5427eaddb8ad26dcb DependenciesID=34466724954317dd2a68721028a98354 StaticDependenciesID=f3ef7ec9f6aff8eaf2f07b11a31d7008 
Number of updated asset objects reloaded before import = 0
Number of asset objects unloaded after import = 0
========================================================================
Received Import Request.
  Time of request: 2026-08-04T17:31:17.5154678Z
  Time since last request: 0.0002554 seconds.
  importAddress: GUID: 5ace82b9e549646ee8414b4ac05f7a3c - Path: Packages/com.unity.collab-proxy/Editor/CodeEditor/Document/WeakLineTracker.cs - Importer: ScriptedImporter/UnityEditor.QuickSearchModule:UnityEditor.Search:ASIAI0B
Importing 'GUID: 5ace82b9e549646ee8414b4ac05f7a3c - Path: Packages/com.unity.collab-proxy/Editor/CodeEditor/Document/WeakLineTracker.cs - Importer: ScriptedImporter/UnityEditor.QuickSearchModule:UnityEditor.Search:ASIAI0B' with importer (ScriptedImporter : UnityEditor.QuickSearchModule:UnityEditor.Search:ASIAI0B)
Imported 'GUID: 5ace82b9e549646ee8414b4ac05f7a3c' -> (Import Result ID: 'b405ec185930f9f73344c77421dc1ad7') in 0.002 seconds [static and dynamic dependencies]. Details - ImportResultOutputID=1cae84d00dc14304e14ea47642c40a08 DependenciesID=e45b468d27366047db31c8636d7aaa9c StaticDependenciesID=be07efa63996049741c1c8464ad63587 
Number of updated asset objects reloaded before import = 0
Number of asset objects unloaded after import = 0
========================================================================
Received Import Request.
  Time of request: 2026-08-04T17:31:17.5240137Z
  Time since last request: 0.0002454 seconds.
  importAddress: GUID: 4809ab5cb1988e5449f9e1911e77d7ef - Path: Packages/com.unity.collab-proxy/Editor/CodeEditor/Editing/DragDropException.cs - Importer: ScriptedImporter/UnityEditor.QuickSearchModule:UnityEditor.Search:ASIAI0B
Importing 'GUID: 4809ab5cb1988e5449f9e1911e77d7ef - Path: Packages/com.unity.collab-proxy/Editor/CodeEditor/Editing/DragDropException.cs - Importer: ScriptedImporter/UnityEditor.QuickSearchModule:UnityEditor.Search:ASIAI0B' with importer (ScriptedImporter : UnityEditor.QuickSearchModule:UnityEditor.Search:ASIAI0B)
Imported 'GUID: 4809ab5cb1988e5449f9e1911e77d7ef' -> (Import Result ID: '10833d30f129138c8f33cf3b46ffb154') in 0.002 seconds [static and dynamic dependencies]. Details - ImportResultOutputID=3aeae0b08859b16e38e39a0f22d5d7be DependenciesID=dba8a72fd73b8b4e92e5463310911eb8 StaticDependenciesID=cd70589384c6b5096c83a7d77897f87a 
Number of updated asset objects reloaded before import = 0
Number of asset objects unloaded after import = 0
========================================================================
Received Import Request.
  Time of request: 2026-08-04T17:31:17.532462Z
  Time since last request: 0.0002279 seconds.
  importAddress: GUID: 7289a765b886748bcb6d677f6977fc52 - Path: Packages/com.unity.collab-proxy/Editor/CodeEditor/Document/TextSegmentCollection.cs - Importer: ScriptedImporter/UnityEditor.QuickSearchModule:UnityEditor.Search:ASIAI0B
Importing 'GUID: 7289a765b886748bcb6d677f6977fc52 - Path: Packages/com.unity.collab-proxy/Editor/CodeEditor/Document/TextSegmentCollection.cs - Importer: ScriptedImporter/UnityEditor.QuickSearchModule:UnityEditor.Search:ASIAI0B' with importer (ScriptedImporter : UnityEditor.QuickSearchModule:UnityEditor.Search:ASIAI0B)
Imported 'GUID: 7289a765b886748bcb6d677f6977fc52' -> (Import Result ID: '9e73d58898eb509b7404ff93ae2bf5cb') in 0.002 seconds [static and dynamic dependencies]. Details - ImportResultOutputID=45daad1d3a9dd75cca07a20475f7d566 DependenciesID=f60ec69e95327d016ccb4034427047f6 StaticDependenciesID=7ba1b1aff6daf551180e575100f3cd6d 
Number of updated asset objects reloaded before import = 0
Number of asset objects unloaded after import = 0
========================================================================
Received Import Request.
  Time of request: 2026-08-04T17:31:17.5593424Z
  Time since last request: 0.0181639 seconds.
  importAddress: GUID: 4075c9f563ed474ca5c3bb24a201259c - Path: Packages/com.unity.collab-proxy/Editor/CodeEditor/Rendering/VisualYPosition.cs - Importer: ScriptedImporter/UnityEditor.QuickSearchModule:UnityEditor.Search:ASIAI0B
Importing 'GUID: 4075c9f563ed474ca5c3bb24a201259c - Path: Packages/com.unity.collab-proxy/Editor/CodeEditor/Rendering/VisualYPosition.cs - Importer: ScriptedImporter/UnityEditor.QuickSearchModule:UnityEditor.Search:ASIAI0B' with importer (ScriptedImporter : UnityEditor.QuickSearchModule:UnityEditor.Search:ASIAI0B)
Imported 'GUID: 4075c9f563ed474ca5c3bb24a201259c' -> (Import Result ID: 'd56ad5221d35abe36d8bb7fb2ef6fb45') in 0.002 seconds [static and dynamic dependencies]. Details - ImportResultOutputID=bb9d458840e629addcdc16b174f79197 DependenciesID=fe3005c080c93e4546e76ef99172bc23 StaticDependenciesID=5f1f5a782f6c95c1f6e6d2c041180e76 
Number of updated asset objects reloaded before import = 0
Number of asset objects unloaded after import = 0
========================================================================
Received Import Request.
  Time of request: 2026-08-04T17:31:17.5678619Z
  Time since last request: 0.0002092 seconds.
  importAddress: GUID: 717010216a3b45b19f04d091bf1b4ee1 - Path: Packages/com.unity.collab-proxy/Editor/CodeEditor/Platform/PathFigure.cs - Importer: ScriptedImporter/UnityEditor.QuickSearchModule:UnityEditor.Search:ASIAI0B
Importing 'GUID: 717010216a3b45b19f04d091bf1b4ee1 - Path: Packages/com.unity.collab-proxy/Editor/CodeEditor/Platform/PathFigure.cs - Importer: ScriptedImporter/UnityEditor.QuickSearchModule:UnityEditor.Search:ASIAI0B' with importer (ScriptedImporter : UnityEditor.QuickSearchModule:UnityEditor.Search:ASIAI0B)
Imported 'GUID: 717010216a3b45b19f04d091bf1b4ee1' -> (Import Result ID: '5bb13bf45561d6a32cf3781c97049515') in 0.002 seconds [static and dynamic dependencies]. Details - ImportResultOutputID=cb821663cd2fc7f1d473aa6e5d1bfaf2 DependenciesID=d46accaf9ff98fe511cff27473e930e0 StaticDependenciesID=3d09946cb37c14329b5b34ad391523a5 
Number of updated asset objects reloaded before import = 0
Number of asset objects unloaded after import = 0
========================================================================
Received Import Request.
  Time of request: 2026-08-04T17:31:17.5765286Z
  Time since last request: 0.000209 seconds.
  importAddress: GUID: db01cc38c298426b83c5ddd52dca39a5 - Path: Packages/com.unity.collab-proxy/Editor/CodeEditor/Rendering/VisualLineText.cs - Importer: ScriptedImporter/UnityEditor.QuickSearchModule:UnityEditor.Search:ASIAI0B
Importing 'GUID: db01cc38c298426b83c5ddd52dca39a5 - Path: Packages/com.unity.collab-proxy/Editor/CodeEditor/Rendering/VisualLineText.cs - Importer: ScriptedImporter/UnityEditor.QuickSearchModule:UnityEditor.Search:ASIAI0B' with importer (ScriptedImporter : UnityEditor.QuickSearchModule:UnityEditor.Search:ASIAI0B)
Imported 'GUID: db01cc38c298426b83c5ddd52dca39a5' -> (Import Result ID: '419d7633568e6aee2d71192e34a65dba') in 0.002 seconds [static and dynamic dependencies]. Details - ImportResultOutputID=870c932603a27cb77ad95c7311d2d078 DependenciesID=8c95abe130623d241b71f05a259b2fa0 StaticDependenciesID=fddacd9ef5594ba658d475f08291a004 
Number of updated asset objects reloaded before import = 0
Number of asset objects unloaded after import = 0
========================================================================
Received Import Request.
  Time of request: 2026-08-04T17:31:17.5852434Z
  Time since last request: 0.0001821 seconds.
  importAddress: GUID: e50698d1043640dc8ef26d6236f48f1b - Path: Packages/com.unity.collab-proxy/Editor/CodeEditor/Rendering/SingleCharacterElementGenerator.cs - Importer: ScriptedImporter/UnityEditor.QuickSearchModule:UnityEditor.Search:ASIAI0B
Importing 'GUID: e50698d1043640dc8ef26d6236f48f1b - Path: Packages/com.unity.collab-proxy/Editor/CodeEditor/Rendering/SingleCharacterElementGenerator.cs - Importer: ScriptedImporter/UnityEditor.QuickSearchModule:UnityEditor.Search:ASIAI0B' with importer (ScriptedImporter : UnityEditor.QuickSearchModule:UnityEditor.Search:ASIAI0B)
Imported 'GUID: e50698d1043640dc8ef26d6236f48f1b' -> (Import Result ID: '51c64fa547a71cb44495db4d1fca3f8b') in 0.002 seconds [static and dynamic dependencies]. Details - ImportResultOutputID=2b5b7a532e6587ef3798619b27cdac31 DependenciesID=ac6eae921affb759158b0cf7eaca2a0b StaticDependenciesID=8cc4b45202e31ef844d63efc5a5962bc 
Number of updated asset objects reloaded before import = 0
Number of asset objects unloaded after import = 0
========================================================================
Received Import Request.
  Time of request: 2026-08-04T17:31:17.5934343Z
  Time since last request: 0.0001772 seconds.
  importAddress: GUID: 0040383d747f4e9392c3c770bded7f25 - Path: Packages/com.unity.collab-proxy/Editor/CodeEditor/TextMate/TextMate.cs - Importer: ScriptedImporter/UnityEditor.QuickSearchModule:UnityEditor.Search:ASIAI0B
Importing 'GUID: 0040383d747f4e9392c3c770bded7f25 - Path: Packages/com.unity.collab-proxy/Editor/CodeEditor/TextMate/TextMate.cs - Importer: ScriptedImporter/UnityEditor.QuickSearchModule:UnityEditor.Search:ASIAI0B' with importer (ScriptedImporter : UnityEditor.QuickSearchModule:UnityEditor.Search:ASIAI0B)
Imported 'GUID: 0040383d747f4e9392c3c770bded7f25' -> (Import Result ID: '74d8cec8ff01e01a5e89f1646e04dcd6') in 0.002 seconds [static and dynamic dependencies]. Details - ImportResultOutputID=beefd91c6eb57f85611313a44611d3a5 DependenciesID=8547df32df7832b86257bc5caf805026 StaticDependenciesID=8e929d449dd87b55202d82bd3a3d54d7 
Number of updated asset objects reloaded before import = 0
Number of asset objects unloaded after import = 0
========================================================================
Received Import Request.
  Time of request: 2026-08-04T17:31:17.6016508Z
  Time since last request: 0.0002688 seconds.
  importAddress: GUID: e9659e74fbe8f46bdaded071ce191504 - Path: Packages/com.unity.collab-proxy/Editor/CodeEditor/Editing/SimpleSelection.cs - Importer: ScriptedImporter/UnityEditor.QuickSearchModule:UnityEditor.Search:ASIAI0B
Importing 'GUID: e9659e74fbe8f46bdaded071ce191504 - Path: Packages/com.unity.collab-proxy/Editor/CodeEditor/Editing/SimpleSelection.cs - Importer: ScriptedImporter/UnityEditor.QuickSearchModule:UnityEditor.Search:ASIAI0B' with importer (ScriptedImporter : UnityEditor.QuickSearchModule:UnityEditor.Search:ASIAI0B)
Imported 'GUID: e9659e74fbe8f46bdaded071ce191504' -> (Import Result ID: '54d0f4f3234422ec4717fc354ed920e8') in 0.002 seconds [static and dynamic dependencies]. Details - ImportResultOutputID=b6902a26485fa0489aaf65b62190ec51 DependenciesID=22f05d4be480aa64fac463c5abdb3155 StaticDependenciesID=0d7291eb6a38c5e08601592da1b7199c 
Number of updated asset objects reloaded before import = 0
Number of asset objects unloaded after import = 0
========================================================================
Received Import Request.
  Time of request: 2026-08-04T17:31:17.6098055Z
  Time since last request: 0.0001733 seconds.
  importAddress: GUID: d90fa08383d64773aa221be3f519db0d - Path: Packages/com.unity.collab-proxy/Editor/CodeEditor/Rendering/VisualLineElement.cs - Importer: ScriptedImporter/UnityEditor.QuickSearchModule:UnityEditor.Search:ASIAI0B
Importing 'GUID: d90fa08383d64773aa221be3f519db0d - Path: Packages/com.unity.collab-proxy/Editor/CodeEditor/Rendering/VisualLineElement.cs - Importer: ScriptedImporter/UnityEditor.QuickSearchModule:UnityEditor.Search:ASIAI0B' with importer (ScriptedImporter : UnityEditor.QuickSearchModule:UnityEditor.Search:ASIAI0B)
Imported 'GUID: d90fa08383d64773aa221be3f519db0d' -> (Import Result ID: '6b137db945c483f5df14d930e8a95d08') in 0.002 seconds [static and dynamic dependencies]. Details - ImportResultOutputID=941b5ab208aa5d24425b61f2ae44c1ea DependenciesID=8a8453a59b782b1a782f2a247477243a StaticDependenciesID=e91f62534359addf55269de30abc71de 
Number of updated asset objects reloaded before import = 0
Number of asset objects unloaded after import = 0
========================================================================
Received Import Request.
  Time of request: 2026-08-04T17:31:17.6181481Z
  Time since last request: 0.0002486 seconds.
  importAddress: GUID: c70164c20e48fc7478fd88c1613ac05a - Path: Packages/com.unity.collab-proxy/Editor/CodeEditor/Editing/TextSegmentReadOnlySectionProvider.cs - Importer: ScriptedImporter/UnityEditor.QuickSearchModule:UnityEditor.Search:ASIAI0B
Importing 'GUID: c70164c20e48fc7478fd88c1613ac05a - Path: Packages/com.unity.collab-proxy/Editor/CodeEditor/Editing/TextSegmentReadOnlySectionProvider.cs - Importer: ScriptedImporter/UnityEditor.QuickSearchModule:UnityEditor.Search:ASIAI0B' with importer (ScriptedImporter : UnityEditor.QuickSearchModule:UnityEditor.Search:ASIAI0B)
Imported 'GUID: c70164c20e48fc7478fd88c1613ac05a' -> (Import Result ID: 'f6b0505779509d8f0c5450c200a9d6d2') in 0.002 seconds [static and dynamic dependencies]. Details - ImportResultOutputID=d3f15a7e2e5ac6e348ac138594f417c4 DependenciesID=b90a345471ed278ca869aacfd8bab248 StaticDependenciesID=50f04f1e53a31b690864951c71151491 
Number of updated asset objects reloaded before import = 0
Number of asset objects unloaded after import = 0
========================================================================
Received Import Request.
  Time of request: 2026-08-04T17:31:17.626518Z
  Time since last request: 0.0002635 seconds.
  importAddress: GUID: a1f4f3bdae774bc3b98ecd20cfe488d2 - Path: Packages/com.unity.collab-proxy/Editor/CodeEditor/Rendering/VisualLineLinkText.cs - Importer: ScriptedImporter/UnityEditor.QuickSearchModule:UnityEditor.Search:ASIAI0B
Importing 'GUID: a1f4f3bdae774bc3b98ecd20cfe488d2 - Path: Packages/com.unity.collab-proxy/Editor/CodeEditor/Rendering/VisualLineLinkText.cs - Importer: ScriptedImporter/UnityEditor.QuickSearchModule:UnityEditor.Search:ASIAI0B' with importer (ScriptedImporter : UnityEditor.QuickSearchModule:UnityEditor.Search:ASIAI0B)
Imported 'GUID: a1f4f3bdae774bc3b98ecd20cfe488d2' -> (Import Result ID: 'e43016acd032ae7d18987d485704ce51') in 0.002 seconds [static and dynamic dependencies]. Details - ImportResultOutputID=1490fa729369b052e766dcbee7502c0e DependenciesID=cebb7c2253588de12839fd8413386c36 StaticDependenciesID=e9ff43be264aeccb7ff34932f01b118f 
Number of updated asset objects reloaded before import = 0
Number of asset objects unloaded after import = 0
========================================================================
Received Import Request.
  Time of request: 2026-08-04T17:31:17.6343684Z
  Time since last request: 0.0001954 seconds.
  importAddress: GUID: 5ee3d35631cb64c49a9cbb6083e3757c - Path: Packages/com.unity.collab-proxy/Editor/CodeEditor/Utils/CharRope.cs - Importer: ScriptedImporter/UnityEditor.QuickSearchModule:UnityEditor.Search:ASIAI0B
Importing 'GUID: 5ee3d35631cb64c49a9cbb6083e3757c - Path: Packages/com.unity.collab-proxy/Editor/CodeEditor/Utils/CharRope.cs - Importer: ScriptedImporter/UnityEditor.QuickSearchModule:UnityEditor.Search:ASIAI0B' with importer (ScriptedImporter : UnityEditor.QuickSearchModule:UnityEditor.Search:ASIAI0B)
Imported 'GUID: 5ee3d35631cb64c49a9cbb6083e3757c' -> (Import Result ID: '87d6f21c9aee573f8308d94139281719') in 0.002 seconds [static and dynamic dependencies]. Details - ImportResultOutputID=1896b1af1bd39ee8fda71b145ea427f3 DependenciesID=6ddca0c63803be8ee3965e3dbc774e1d StaticDependenciesID=77704ecaea4ffcdec2afe8f8c9c76b47 
Number of updated asset objects reloaded before import = 0
Number of asset objects unloaded after import = 0
========================================================================
Received Import Request.
  Time of request: 2026-08-04T17:31:17.6425991Z
  Time since last request: 0.0002448 seconds.
  importAddress: GUID: a89fad8b7780442baad70e115cc848a1 - Path: Packages/com.unity.collab-proxy/Editor/CodeEditor/Rendering/ITextViewConnect.cs - Importer: ScriptedImporter/UnityEditor.QuickSearchModule:UnityEditor.Search:ASIAI0B
Importing 'GUID: a89fad8b7780442baad70e115cc848a1 - Path: Packages/com.unity.collab-proxy/Editor/CodeEditor/Rendering/ITextViewConnect.cs - Importer: ScriptedImporter/UnityEditor.QuickSearchModule:UnityEditor.Search:ASIAI0B' with importer (ScriptedImporter : UnityEditor.QuickSearchModule:UnityEditor.Search:ASIAI0B)
Imported 'GUID: a89fad8b7780442baad70e115cc848a1' -> (Import Result ID: 'e10d1b7ac97628b56b94c2c3076c8302') in 0.003 seconds [static and dynamic dependencies]. Details - ImportResultOutputID=94a7c81860dec745f16a0d2c7c9ed37c DependenciesID=0365a7f446abc42eb060b4a6349474ad StaticDependenciesID=5833e4e0201cdbdc42ff017684e51ae4 
Number of updated asset objects reloaded before import = 0
Number of asset objects unloaded after import = 0
========================================================================
Received Import Request.
  Time of request: 2026-08-04T17:31:17.6549875Z
  Time since last request: 0.0001822 seconds.
  importAddress: GUID: 51def9dc85f6426281d8d68f63b72425 - Path: Packages/com.unity.collab-proxy/Editor/CodeEditor/Rendering/ITextRunConstructionContext.cs - Importer: ScriptedImporter/UnityEditor.QuickSearchModule:UnityEditor.Search:ASIAI0B
Importing 'GUID: 51def9dc85f6426281d8d68f63b72425 - Path: Packages/com.unity.collab-proxy/Editor/CodeEditor/Rendering/ITextRunConstructionContext.cs - Importer: ScriptedImporter/UnityEditor.QuickSearchModule:UnityEditor.Search:ASIAI0B' with importer (ScriptedImporter : UnityEditor.QuickSearchModule:UnityEditor.Search:ASIAI0B)
Imported 'GUID: 51def9dc85f6426281d8d68f63b72425' -> (Import Result ID: '2be00499a9fc37fcf3920be3586e360d') in 0.002 seconds [static and dynamic dependencies]. Details - ImportResultOutputID=2131b4294bbcaf1cb29a0a39debb364d DependenciesID=f7c992f2ea4ec3052afaa51675345f13 StaticDependenciesID=9ee46387208bbd04d13fef681d331a99 
Number of updated asset objects reloaded before import = 0
Number of asset objects unloaded after import = 0
========================================================================
Received Import Request.
  Time of request: 2026-08-04T17:31:17.6640734Z
  Time since last request: 0.0002196 seconds.
  importAddress: GUID: cb2fb351949604785bb11ffdb44f18b7 - Path: Packages/com.unity.collab-proxy/Editor/CodeEditor/Utils/CallbackOnDispose.cs - Importer: ScriptedImporter/UnityEditor.QuickSearchModule:UnityEditor.Search:ASIAI0B
Importing 'GUID: cb2fb351949604785bb11ffdb44f18b7 - Path: Packages/com.unity.collab-proxy/Editor/CodeEditor/Utils/CallbackOnDispose.cs - Importer: ScriptedImporter/UnityEditor.QuickSearchModule:UnityEditor.Search:ASIAI0B' with importer (ScriptedImporter : UnityEditor.QuickSearchModule:UnityEditor.Search:ASIAI0B)
Imported 'GUID: cb2fb351949604785bb11ffdb44f18b7' -> (Import Result ID: '26c51491d7478595bc2f3959f97c94dc') in 0.002 seconds [static and dynamic dependencies]. Details - ImportResultOutputID=8ffafb976ac1e76c2e2d7e4e98660ba7 DependenciesID=02be0ee49cae2201eacd080f34f5e2a4 StaticDependenciesID=cc39ade21ddc952fa757c0514471eea8 
Number of updated asset objects reloaded before import = 0
Number of asset objects unloaded after import = 0
========================================================================
Received Import Request.
  Time of request: 2026-08-04T17:31:17.6729027Z
  Time since last request: 0.0002364 seconds.
  importAddress: GUID: a80fc8b0253249d6854d309ad124fc7c - Path: Packages/com.unity.collab-proxy/Editor/CodeEditor/Utils/CursorExtensions.cs - Importer: ScriptedImporter/UnityEditor.QuickSearchModule:UnityEditor.Search:ASIAI0B
Importing 'GUID: a80fc8b0253249d6854d309ad124fc7c - Path: Packages/com.unity.collab-proxy/Editor/CodeEditor/Utils/CursorExtensions.cs - Importer: ScriptedImporter/UnityEditor.QuickSearchModule:UnityEditor.Search:ASIAI0B' with importer (ScriptedImporter : UnityEditor.QuickSearchModule:UnityEditor.Search:ASIAI0B)
Imported 'GUID: a80fc8b0253249d6854d309ad124fc7c' -> (Import Result ID: '9e8249d021999cdb91bec3c48b110650') in 0.002 seconds [static and dynamic dependencies]. Details - ImportResultOutputID=fb287be5515c6385691da9d04e75aa45 DependenciesID=7eadc854cd966e6c3d78e7c05ce72b23 StaticDependenciesID=0ae7a0ee65f32e0878496be9a43f52a1 
Number of updated asset objects reloaded before import = 0
Number of asset objects unloaded after import = 0
========================================================================
Received Import Request.
  Time of request: 2026-08-04T17:31:17.6814316Z
  Time since last request: 0.0002416 seconds.
  importAddress: GUID: 8859344300b1c42c1a8d35405d42912a - Path: Packages/com.unity.collab-proxy/Editor/CodeEditor/Indentation/IIndentationStrategy.cs - Importer: ScriptedImporter/UnityEditor.QuickSearchModule:UnityEditor.Search:ASIAI0B
Importing 'GUID: 8859344300b1c42c1a8d35405d42912a - Path: Packages/com.unity.collab-proxy/Editor/CodeEditor/Indentation/IIndentationStrategy.cs - Importer: ScriptedImporter/UnityEditor.QuickSearchModule:UnityEditor.Search:ASIAI0B' with importer (ScriptedImporter : UnityEditor.QuickSearchModule:UnityEditor.Search:ASIAI0B)
Imported 'GUID: 8859344300b1c42c1a8d35405d42912a' -> (Import Result ID: '378b25b4d31b10ec1d8c6937a4482c26') in 0.002 seconds [static and dynamic dependencies]. Details - ImportResultOutputID=b42a29ac19bb3e3a7286bde928b8429c DependenciesID=fb7d4a9ae0a80ea406ae67c5de637666 StaticDependenciesID=0d3f7e187388b4cd6bfe447ce1e1c542 
Number of updated asset objects reloaded before import = 0
Number of asset objects unloaded after import = 0
========================================================================
Received Import Request.
  Time of request: 2026-08-04T17:31:17.6903987Z
  Time since last request: 0.0002796 seconds.
  importAddress: GUID: 0038f75bdeed4f27a4ff0d1a241932b6 - Path: Packages/com.unity.collab-proxy/Editor/CodeEditor/Platform/PlatformHotkeyConfiguration.cs - Importer: ScriptedImporter/UnityEditor.QuickSearchModule:UnityEditor.Search:ASIAI0B
Importing 'GUID: 0038f75bdeed4f27a4ff0d1a241932b6 - Path: Packages/com.unity.collab-proxy/Editor/CodeEditor/Platform/PlatformHotkeyConfiguration.cs - Importer: ScriptedImporter/UnityEditor.QuickSearchModule:UnityEditor.Search:ASIAI0B' with importer (ScriptedImporter : UnityEditor.QuickSearchModule:UnityEditor.Search:ASIAI0B)
Imported 'GUID: 0038f75bdeed4f27a4ff0d1a241932b6' -> (Import Result ID: '63bd93036ab5744d9d7c8d06720c0cc5') in 0.002 seconds [static and dynamic dependencies]. Details - ImportResultOutputID=1906b28a21347e8e27a29b4db87d7a20 DependenciesID=6b4030aef0ca66e32460f3392dbdf476 StaticDependenciesID=dee621477531e13bd436866c9700d96c 
Number of updated asset objects reloaded before import = 0
Number of asset objects unloaded after import = 0
========================================================================
Received Import Request.
  Time of request: 2026-08-04T17:31:17.6993317Z
  Time since last request: 0.0002845 seconds.
  importAddress: GUID: 72b0ca78cb7b28b4c966c626e0eebf77 - Path: Packages/com.unity.collab-proxy/Editor/CodeEditor/Editing/SelectionSegment.cs - Importer: ScriptedImporter/UnityEditor.QuickSearchModule:UnityEditor.Search:ASIAI0B
Importing 'GUID: 72b0ca78cb7b28b4c966c626e0eebf77 - Path: Packages/com.unity.collab-proxy/Editor/CodeEditor/Editing/SelectionSegment.cs - Importer: ScriptedImporter/UnityEditor.QuickSearchModule:UnityEditor.Search:ASIAI0B' with importer (ScriptedImporter : UnityEditor.QuickSearchModule:UnityEditor.Search:ASIAI0B)
Imported 'GUID: 72b0ca78cb7b28b4c966c626e0eebf77' -> (Import Result ID: '766b6865b8c135a874cd293065bca5e4') in 0.002 seconds [static and dynamic dependencies]. Details - ImportResultOutputID=aa6a76d471aedd98d231f27d8350b599 DependenciesID=17f9f01d05656d52a2a7e4b48e34a6af StaticDependenciesID=49705b510106bcb6a4aa5808d176aea3 
Number of updated asset objects reloaded before import = 0
Number of asset objects unloaded after import = 0
========================================================================
Received Import Request.
  Time of request: 2026-08-04T17:31:17.7082554Z
  Time since last request: 0.0002346 seconds.
  importAddress: GUID: 76f83e4befc84169b2dab9ee2cc3545f - Path: Packages/com.unity.collab-proxy/Editor/CodeEditor/Editing/TextArea.cs - Importer: ScriptedImporter/UnityEditor.QuickSearchModule:UnityEditor.Search:ASIAI0B
Importing 'GUID: 76f83e4befc84169b2dab9ee2cc3545f - Path: Packages/com.unity.collab-proxy/Editor/CodeEditor/Editing/TextArea.cs - Importer: ScriptedImporter/UnityEditor.QuickSearchModule:UnityEditor.Search:ASIAI0B' with importer (ScriptedImporter : UnityEditor.QuickSearchModule:UnityEditor.Search:ASIAI0B)
Imported 'GUID: 76f83e4befc84169b2dab9ee2cc3545f' -> (Import Result ID: '4c10ba98495f3a70354f50fbf92ea86d') in 0.002 seconds [static and dynamic dependencies]. Details - ImportResultOutputID=0f7d2b297ae1134264e5197982e8c03b DependenciesID=bc734e934ec83e7e42b877bf2fb85e6c StaticDependenciesID=de9afb1991e05ff561568545e47bcd8b 
Number of updated asset objects reloaded before import = 0
Number of asset objects unloaded after import = 0
========================================================================
Received Import Request.
  Time of request: 2026-08-04T17:31:17.7268662Z
  Time since last request: 0.0100385 seconds.
  importAddress: GUID: b82decbecd7e9441b9e870133239aeee - Path: Packages/com.unity.collab-proxy/Editor/CodeEditor/Utils/DelayedEvents.cs - Importer: ScriptedImporter/UnityEditor.QuickSearchModule:UnityEditor.Search:ASIAI0B
Importing 'GUID: b82decbecd7e9441b9e870133239aeee - Path: Packages/com.unity.collab-proxy/Editor/CodeEditor/Utils/DelayedEvents.cs - Importer: ScriptedImporter/UnityEditor.QuickSearchModule:UnityEditor.Search:ASIAI0B' with importer (ScriptedImporter : UnityEditor.QuickSearchModule:UnityEditor.Search:ASIAI0B)
Imported 'GUID: b82decbecd7e9441b9e870133239aeee' -> (Import Result ID: 'bf6280408ec587267a255500d4740f4e') in 0.002 seconds [static and dynamic dependencies]. Details - ImportResultOutputID=5480a355a38f73084d1df712652755fc DependenciesID=077296b3d5395ea89b36d541488a3668 StaticDependenciesID=be7027158a2bcb38acf0656471388e36 
Number of updated asset objects reloaded before import = 0
Number of asset objects unloaded after import = 0
========================================================================
Received Import Request.
  Time of request: 2026-08-04T17:31:17.7354665Z
  Time since last request: 0.0002507 seconds.
  importAddress: GUID: fdf371b229de34c7a8f364e3cb759548 - Path: Packages/com.unity.collab-proxy/Editor/CodeEditor/Utils/Deque.cs - Importer: ScriptedImporter/UnityEditor.QuickSearchModule:UnityEditor.Search:ASIAI0B
Importing 'GUID: fdf371b229de34c7a8f364e3cb759548 - Path: Packages/com.unity.collab-proxy/Editor/CodeEditor/Utils/Deque.cs - Importer: ScriptedImporter/UnityEditor.QuickSearchModule:UnityEditor.Search:ASIAI0B' with importer (ScriptedImporter : UnityEditor.QuickSearchModule:UnityEditor.Search:ASIAI0B)
Imported 'GUID: fdf371b229de34c7a8f364e3cb759548' -> (Import Result ID: '84d4daa1b315d31bbbbd775169f6cdf2') in 0.002 seconds [static and dynamic dependencies]. Details - ImportResultOutputID=45e93b0c82a8685d0664dace4ba45036 DependenciesID=012fb65c6aacb9f98c3b7cdcca2fc5d1 StaticDependenciesID=413ed146f3d41e8295a1a459e6d9aefc 
Number of updated asset objects reloaded before import = 0
Number of asset objects unloaded after import = 0
========================================================================
Received Import Request.
  Time of request: 2026-08-04T17:31:17.7544992Z
  Time since last request: 0.0109391 seconds.
  importAddress: GUID: c95121e1e2d89e648b9d0aed259caad9 - Path: Packages/com.unity.collab-proxy/Editor/Configuration/TeamEdition/TeamEditionConfigurationWindow.cs - Importer: ScriptedImporter/UnityEditor.QuickSearchModule:UnityEditor.Search:ASIAI0B
Importing 'GUID: c95121e1e2d89e648b9d0aed259caad9 - Path: Packages/com.unity.collab-proxy/Editor/Configuration/TeamEdition/TeamEditionConfigurationWindow.cs - Importer: ScriptedImporter/UnityEditor.QuickSearchModule:UnityEditor.Search:ASIAI0B' with importer (ScriptedImporter : UnityEditor.QuickSearchModule:UnityEditor.Search:ASIAI0B)
Imported 'GUID: c95121e1e2d89e648b9d0aed259caad9' -> (Import Result ID: '3a1b995cda2812ad0f5869c943eaf839') in 0.002 seconds [static and dynamic dependencies]. Details - ImportResultOutputID=b66ffa0b18868ab085eabddc43b605ec DependenciesID=a4830135e76c6acf3f30668161d5fcb8 StaticDependenciesID=2e7e9f19df962ec060600efc64cb04da 
Number of updated asset objects reloaded before import = 0
Number of asset objects unloaded after import = 0
========================================================================
Received Import Request.
  Time of request: 2026-08-04T17:31:17.7633639Z
  Time since last request: 0.000193 seconds.
  importAddress: GUID: 38b05cc5af29cf844a31910eb512e92f - Path: Packages/com.unity.collab-proxy/Editor/UI/Tree/TreeHeaderSettings.cs - Importer: ScriptedImporter/UnityEditor.QuickSearchModule:UnityEditor.Search:ASIAI0B
Importing 'GUID: 38b05cc5af29cf844a31910eb512e92f - Path: Packages/com.unity.collab-proxy/Editor/UI/Tree/TreeHeaderSettings.cs - Importer: ScriptedImporter/UnityEditor.QuickSearchModule:UnityEditor.Search:ASIAI0B' with importer (ScriptedImporter : UnityEditor.QuickSearchModule:UnityEditor.Search:ASIAI0B)
Imported 'GUID: 38b05cc5af29cf844a31910eb512e92f' -> (Import Result ID: 'f05b147e5fa05c65b6ce754a0f29bb7a') in 0.002 seconds [static and dynamic dependencies]. Details - ImportResultOutputID=324eea68bddb889c798b11dae068ceef DependenciesID=9c56dc7e276cfed560ee8d319b30227c StaticDependenciesID=22616d60ad3fde84e7f29136329c3a49 
Number of updated asset objects reloaded before import = 0
Number of asset objects unloaded after import = 0
========================================================================
Received Import Request.
  Time of request: 2026-08-04T17:31:17.7713717Z
  Time since last request: 0.0003069 seconds.
  importAddress: GUID: 9f34ddd268be4f129abea2667eff4185 - Path: Packages/com.unity.collab-proxy/Editor/CodeEditor/Utils/ImmutableStack.cs - Importer: ScriptedImporter/UnityEditor.QuickSearchModule:UnityEditor.Search:ASIAI0B
Importing 'GUID: 9f34ddd268be4f129abea2667eff4185 - Path: Packages/com.unity.collab-proxy/Editor/CodeEditor/Utils/ImmutableStack.cs - Importer: ScriptedImporter/UnityEditor.QuickSearchModule:UnityEditor.Search:ASIAI0B' with importer (ScriptedImporter : UnityEditor.QuickSearchModule:UnityEditor.Search:ASIAI0B)
Imported 'GUID: 9f34ddd268be4f129abea2667eff4185' -> (Import Result ID: 'c1521c9995329b481a8d06ad6aef45a9') in 0.002 seconds [static and dynamic dependencies]. Details - ImportResultOutputID=0d3f4ff9ae5c864129b743085fc4f256 DependenciesID=ca38f0f63f0d071baf3da84709df9064 StaticDependenciesID=c21807ec5b705a6f8bffc1ad3668e70b 
Number of updated asset objects reloaded before import = 0
Number of asset objects unloaded after import = 0
========================================================================
Received Import Request.
  Time of request: 2026-08-04T17:31:17.7801072Z
  Time since last request: 0.0001836 seconds.
  importAddress: GUID: 2986eff1677c33345b223bdaaee2d284 - Path: Packages/com.unity.collab-proxy/Editor/UI/Tree/TreeViewItemIds.cs - Importer: ScriptedImporter/UnityEditor.QuickSearchModule:UnityEditor.Search:ASIAI0B
Importing 'GUID: 2986eff1677c33345b223bdaaee2d284 - Path: Packages/com.unity.collab-proxy/Editor/UI/Tree/TreeViewItemIds.cs - Importer: ScriptedImporter/UnityEditor.QuickSearchModule:UnityEditor.Search:ASIAI0B' with importer (ScriptedImporter : UnityEditor.QuickSearchModule:UnityEditor.Search:ASIAI0B)
Imported 'GUID: 2986eff1677c33345b223bdaaee2d284' -> (Import Result ID: '7a98a71b8a9c46c2e39fb2384a5fb22b') in 0.002 seconds [static and dynamic dependencies]. Details - ImportResultOutputID=ecd7f95a92230e0f81950f77f1a5fa3c DependenciesID=fdd284722002f6bd750c4275f9c9726f StaticDependenciesID=68af07cca5215cfad0dae4ef96909c16 
Number of updated asset objects reloaded before import = 0
Number of asset objects unloaded after import = 0
========================================================================
Received Import Request.
  Time of request: 2026-08-04T17:31:17.7893075Z
  Time since last request: 0.0002645 seconds.
  importAddress: GUID: 608efd4e185fb9440bb8550d98e20ca4 - Path: Packages/com.unity.collab-proxy/Editor/Hub/Operations/DownloadRepository.cs - Importer: ScriptedImporter/UnityEditor.QuickSearchModule:UnityEditor.Search:ASIAI0B
Importing 'GUID: 608efd4e185fb9440bb8550d98e20ca4 - Path: Packages/com.unity.collab-proxy/Editor/Hub/Operations/DownloadRepository.cs - Importer: ScriptedImporter/UnityEditor.QuickSearchModule:UnityEditor.Search:ASIAI0B' with importer (ScriptedImporter : UnityEditor.QuickSearchModule:UnityEditor.Search:ASIAI0B)
Imported 'GUID: 608efd4e185fb9440bb8550d98e20ca4' -> (Import Result ID: 'f59b7f43b880db6340373670f02d2502') in 0.002 seconds [static and dynamic dependencies]. Details - ImportResultOutputID=391edf608f86cb44468ddcd681f00d1e DependenciesID=18530f91740e704d199eb0549cbe7366 StaticDependenciesID=428f06cbc334ccb126c8252b0494cd6f 
Number of updated asset objects reloaded before import = 0
Number of asset objects unloaded after import = 0
========================================================================
Received Import Request.
  Time of request: 2026-08-04T17:31:17.7983467Z
  Time since last request: 0.0003212 seconds.
  importAddress: GUID: de7c5b4b6cb58e546b24137064ac9025 - Path: Packages/com.unity.collab-proxy/Editor/Hub/Operations/CreateWorkspace.cs - Importer: ScriptedImporter/UnityEditor.QuickSearchModule:UnityEditor.Search:ASIAI0B
Importing 'GUID: de7c5b4b6cb58e546b24137064ac9025 - Path: Packages/com.unity.collab-proxy/Editor/Hub/Operations/CreateWorkspace.cs - Importer: ScriptedImporter/UnityEditor.QuickSearchModule:UnityEditor.Search:ASIAI0B' with importer (ScriptedImporter : UnityEditor.QuickSearchModule:UnityEditor.Search:ASIAI0B)
Imported 'GUID: de7c5b4b6cb58e546b24137064ac9025' -> (Import Result ID: 'f45a559c7bbc640178fb624beb6bdffd') in 0.002 seconds [static and dynamic dependencies]. Details - ImportResultOutputID=0f651917633248de726d771eb8532b9a DependenciesID=321cb6fd0218a480bc9da1a9fde93a78 StaticDependenciesID=9c627ca311b51796ffb28fa4f0014475 
Number of updated asset objects reloaded before import = 0
Number of asset objects unloaded after import = 0
========================================================================
Received Import Request.
  Time of request: 2026-08-04T17:31:17.8186413Z
  Time since last request: 0.0111924 seconds.
  importAddress: GUID: 3787875fc84246d0a47d8c123d4ea5fc - Path: Packages/com.unity.collab-proxy/Editor/UI/Tree/EmptyStatePanel.cs - Importer: ScriptedImporter/UnityEditor.QuickSearchModule:UnityEditor.Search:ASIAI0B
Importing 'GUID: 3787875fc84246d0a47d8c123d4ea5fc - Path: Packages/com.unity.collab-proxy/Editor/UI/Tree/EmptyStatePanel.cs - Importer: ScriptedImporter/UnityEditor.QuickSearchModule:UnityEditor.Search:ASIAI0B' with importer (ScriptedImporter : UnityEditor.QuickSearchModule:UnityEditor.Search:ASIAI0B)
Imported 'GUID: 3787875fc84246d0a47d8c123d4ea5fc' -> (Import Result ID: '7f1c4f33744eb5b4cae832488ccb33ab') in 0.002 seconds [static and dynamic dependencies]. Details - ImportResultOutputID=52e070007749fc1b9d4aa7a1a6f03ce0 DependenciesID=326733112518cc80d8ca90345737fc58 StaticDependenciesID=3237b28d1a86870fe436e646399f5eba 
Number of updated asset objects reloaded before import = 0
Number of asset objects unloaded after import = 0
========================================================================
Received Import Request.
  Time of request: 2026-08-04T17:31:17.8274473Z
  Time since last request: 0.0002009 seconds.
  importAddress: GUID: 49e8281cb9a76452484efab10014acf8 - Path: Packages/com.unity.collab-proxy/Editor/CodeEditor/Utils/WeakEventManagerBase.cs - Importer: ScriptedImporter/UnityEditor.QuickSearchModule:UnityEditor.Search:ASIAI0B
Importing 'GUID: 49e8281cb9a76452484efab10014acf8 - Path: Packages/com.unity.collab-proxy/Editor/CodeEditor/Utils/WeakEventManagerBase.cs - Importer: ScriptedImporter/UnityEditor.QuickSearchModule:UnityEditor.Search:ASIAI0B' with importer (ScriptedImporter : UnityEditor.QuickSearchModule:UnityEditor.Search:ASIAI0B)
Imported 'GUID: 49e8281cb9a76452484efab10014acf8' -> (Import Result ID: 'd8fa74455f5f94166d0fd6925d1dd2d7') in 0.002 seconds [static and dynamic dependencies]. Details - ImportResultOutputID=fe6a2cb48aaeb3ce9e1357bf47be1fd5 DependenciesID=75d7caa0ce36852f60843aaf4614c722 StaticDependenciesID=458a0d9f88dd14666744399518759504 
Number of updated asset objects reloaded before import = 0
Number of asset objects unloaded after import = 0
========================================================================
Received Import Request.
  Time of request: 2026-08-04T17:31:17.8363166Z
  Time since last request: 0.0004631 seconds.
  importAddress: GUID: aa1cd36edf652db46b5fa11c2ed355b9 - Path: Packages/com.unity.collab-proxy/Editor/UI/Progress/DrawProgressForOperations.cs - Importer: ScriptedImporter/UnityEditor.QuickSearchModule:UnityEditor.Search:ASIAI0B
Importing 'GUID: aa1cd36edf652db46b5fa11c2ed355b9 - Path: Packages/com.unity.collab-proxy/Editor/UI/Progress/DrawProgressForOperations.cs - Importer: ScriptedImporter/UnityEditor.QuickSearchModule:UnityEditor.Search:ASIAI0B' with importer (ScriptedImporter : UnityEditor.QuickSearchModule:UnityEditor.Search:ASIAI0B)
Imported 'GUID: aa1cd36edf652db46b5fa11c2ed355b9' -> (Import Result ID: '03f2077002c9323b47ed054783cb2000') in 0.002 seconds [static and dynamic dependencies]. Details - ImportResultOutputID=16fae58e599081c7d888b7b7783c5d3c DependenciesID=65dac91c454f76ad0e1adaf1c3b49bed StaticDependenciesID=7d5305d161b6eb42c5e11b61f2ff07ad 
Number of updated asset objects reloaded before import = 0
Number of asset objects unloaded after import = 0
========================================================================
Received Import Request.
  Time of request: 2026-08-04T17:31:17.8455773Z
  Time since last request: 0.0002632 seconds.
  importAddress: GUID: 146c16184e337574f9f3baf6d467907a - Path: Packages/com.unity.collab-proxy/Editor/Developer/UpdateReport/UpdateReportLineListViewItem.cs - Importer: ScriptedImporter/UnityEditor.QuickSearchModule:UnityEditor.Search:ASIAI0B
Importing 'GUID: 146c16184e337574f9f3baf6d467907a - Path: Packages/com.unity.collab-proxy/Editor/Developer/UpdateReport/UpdateReportLineListViewItem.cs - Importer: ScriptedImporter/UnityEditor.QuickSearchModule:UnityEditor.Search:ASIAI0B' with importer (ScriptedImporter : UnityEditor.QuickSearchModule:UnityEditor.Search:ASIAI0B)
Imported 'GUID: 146c16184e337574f9f3baf6d467907a' -> (Import Result ID: 'b4ddb486d8fdcfc3c9e461083b610291') in 0.002 seconds [static and dynamic dependencies]. Details - ImportResultOutputID=1d1ee6a15873510a749857ede3d5c92f DependenciesID=d60a1ac1d519d17fddbac1f1bad54a6a StaticDependenciesID=55d0bb456dd0cc1c7084eabf1a70f8b6 
Number of updated asset objects reloaded before import = 0
Number of asset objects unloaded after import = 0
========================================================================
Received Import Request.
  Time of request: 2026-08-04T17:31:17.8546108Z
  Time since last request: 0.0003318 seconds.
  importAddress: GUID: 0641486b650184309b79f60e69b8a796 - Path: Packages/com.unity.collab-proxy/Editor/CodeEditor/Utils/RopeNode.cs - Importer: ScriptedImporter/UnityEditor.QuickSearchModule:UnityEditor.Search:ASIAI0B
Importing 'GUID: 0641486b650184309b79f60e69b8a796 - Path: Packages/com.unity.collab-proxy/Editor/CodeEditor/Utils/RopeNode.cs - Importer: ScriptedImporter/UnityEditor.QuickSearchModule:UnityEditor.Search:ASIAI0B' with importer (ScriptedImporter : UnityEditor.QuickSearchModule:UnityEditor.Search:ASIAI0B)
Imported 'GUID: 0641486b650184309b79f60e69b8a796' -> (Import Result ID: 'd472d8665af15eb5313e08eb8ce4810b') in 0.002 seconds [static and dynamic dependencies]. Details - ImportResultOutputID=6e46bc5dbf558626d9e8939928ed1bca DependenciesID=7830114b9ea1b1757d24173ba8996ce0 StaticDependenciesID=07c98c892f95aeb0b8f2f95f351b1fb1 
Number of updated asset objects reloaded before import = 0
Number of asset objects unloaded after import = 0
========================================================================
Received Import Request.
  Time of request: 2026-08-04T17:31:17.8635262Z
  Time since last request: 0.0002509 seconds.
  importAddress: GUID: 5b37b989e50b35043bba89d7d660e31e - Path: Packages/com.unity.collab-proxy/Editor/Developer/UpdateReport/UpdateReportListHeaderState.cs - Importer: ScriptedImporter/UnityEditor.QuickSearchModule:UnityEditor.Search:ASIAI0B
Importing 'GUID: 5b37b989e50b35043bba89d7d660e31e - Path: Packages/com.unity.collab-proxy/Editor/Developer/UpdateReport/UpdateReportListHeaderState.cs - Importer: ScriptedImporter/UnityEditor.QuickSearchModule:UnityEditor.Search:ASIAI0B' with importer (ScriptedImporter : UnityEditor.QuickSearchModule:UnityEditor.Search:ASIAI0B)
Imported 'GUID: 5b37b989e50b35043bba89d7d660e31e' -> (Import Result ID: 'a9f8aa58a4857505e4582d198ba11adc') in 0.002 seconds [static and dynamic dependencies]. Details - ImportResultOutputID=66a01674ee1a43534faec8e4d793cb37 DependenciesID=1a4e766f0e6de46b195f8bfb857e9923 StaticDependenciesID=d966ab520a0850f8aff46531737dc6dc 
Number of updated asset objects reloaded before import = 0
Number of asset objects unloaded after import = 0
========================================================================
Received Import Request.
  Time of request: 2026-08-04T17:31:17.8723765Z
  Time since last request: 0.0002668 seconds.
  importAddress: GUID: 2837297e95f28c44eb67b93417fce9d0 - Path: Packages/com.unity.collab-proxy/Editor/UI/Progress/ProgressControlsForViews.cs - Importer: ScriptedImporter/UnityEditor.QuickSearchModule:UnityEditor.Search:ASIAI0B
Importing 'GUID: 2837297e95f28c44eb67b93417fce9d0 - Path: Packages/com.unity.collab-proxy/Editor/UI/Progress/ProgressControlsForViews.cs - Importer: ScriptedImporter/UnityEditor.QuickSearchModule:UnityEditor.Search:ASIAI0B' with importer (ScriptedImporter : UnityEditor.QuickSearchModule:UnityEditor.Search:ASIAI0B)
Imported 'GUID: 2837297e95f28c44eb67b93417fce9d0' -> (Import Result ID: '43599883a3ad87ab7100db782f4643b6') in 0.002 seconds [static and dynamic dependencies]. Details - ImportResultOutputID=15f10711e39d48230169f7c21028f6cd DependenciesID=fbee749ec089c716f35dfd245e5381bb StaticDependenciesID=07538e2584bae2d95236f942ad43220d 
Number of updated asset objects reloaded before import = 0
Number of asset objects unloaded after import = 0
========================================================================
Received Import Request.
  Time of request: 2026-08-04T17:31:17.8811177Z
  Time since last request: 0.0002591 seconds.
  importAddress: GUID: 216ed3a0f59e467dabfeace5c550c123 - Path: Packages/com.unity.collab-proxy/Editor/Diff/Image/ImageContentControl.cs - Importer: ScriptedImporter/UnityEditor.QuickSearchModule:UnityEditor.Search:ASIAI0B
Importing 'GUID: 216ed3a0f59e467dabfeace5c550c123 - Path: Packages/com.unity.collab-proxy/Editor/Diff/Image/ImageContentControl.cs - Importer: ScriptedImporter/UnityEditor.QuickSearchModule:UnityEditor.Search:ASIAI0B' with importer (ScriptedImporter : UnityEditor.QuickSearchModule:UnityEditor.Search:ASIAI0B)
Imported 'GUID: 216ed3a0f59e467dabfeace5c550c123' -> (Import Result ID: '19f8c437cab1522b2a40c35c181a3093') in 0.003 seconds [static and dynamic dependencies]. Details - ImportResultOutputID=069f683297964e5dbf4763f9defc4005 DependenciesID=6825b503d95a107f38f800abf828b416 StaticDependenciesID=ec15adbfe1cb0e3ffd32207887f19ea4 
Number of updated asset objects reloaded before import = 0
Number of asset objects unloaded after import = 0
========================================================================
Received Import Request.
  Time of request: 2026-08-04T17:31:17.8908663Z
  Time since last request: 0.0002065 seconds.
  importAddress: GUID: 60719a83a6d44bd88a47d43f8393574f - Path: Packages/com.unity.collab-proxy/Editor/Diff/Image/ImageDiffControl.cs - Importer: ScriptedImporter/UnityEditor.QuickSearchModule:UnityEditor.Search:ASIAI0B
Importing 'GUID: 60719a83a6d44bd88a47d43f8393574f - Path: Packages/com.unity.collab-proxy/Editor/Diff/Image/ImageDiffControl.cs - Importer: ScriptedImporter/UnityEditor.QuickSearchModule:UnityEditor.Search:ASIAI0B' with importer (ScriptedImporter : UnityEditor.QuickSearchModule:UnityEditor.Search:ASIAI0B)
Imported 'GUID: 60719a83a6d44bd88a47d43f8393574f' -> (Import Result ID: '9459936d6af37eeec49b62a99501d4df') in 0.002 seconds [static and dynamic dependencies]. Details - ImportResultOutputID=c7f92af2c9fe149a4a419b69fc508f91 DependenciesID=4ec4279f6d74ab6e3439c92134825a9b StaticDependenciesID=e1bb5063cb3dc0b49be7c989a360f915 
Number of updated asset objects reloaded before import = 0
Number of asset objects unloaded after import = 0
========================================================================
Received Import Request.
  Time of request: 2026-08-04T17:31:17.8992577Z
  Time since last request: 0.0002368 seconds.
  importAddress: GUID: 250ef17e19e621047851bfae85fd84c8 - Path: Packages/com.unity.collab-proxy/Editor/UI/Tree/TreeViewItemExtensions.cs - Importer: ScriptedImporter/UnityEditor.QuickSearchModule:UnityEditor.Search:ASIAI0B
Importing 'GUID: 250ef17e19e621047851bfae85fd84c8 - Path: Packages/com.unity.collab-proxy/Editor/UI/Tree/TreeViewItemExtensions.cs - Importer: ScriptedImporter/UnityEditor.QuickSearchModule:UnityEditor.Search:ASIAI0B' with importer (ScriptedImporter : UnityEditor.QuickSearchModule:UnityEditor.Search:ASIAI0B)
Imported 'GUID: 250ef17e19e621047851bfae85fd84c8' -> (Import Result ID: 'd2982e0041376f580610df353bbf45bf') in 0.002 seconds [static and dynamic dependencies]. Details - ImportResultOutputID=6583cf447a6136f9b2fbd8e7960ca6dc DependenciesID=5ce5028f4e9f42bf4acca93c73fe13f3 StaticDependenciesID=b80d4ca8fbc455222b9f0037cc045d46 
Number of updated asset objects reloaded before import = 0
Number of asset objects unloaded after import = 0
========================================================================
Received Import Request.
  Time of request: 2026-08-04T17:31:17.9081072Z
  Time since last request: 0.0002373 seconds.
  importAddress: GUID: 8c069d7fb0d30cf499458f0d9c9fe035 - Path: Packages/com.unity.collab-proxy/Editor/UI/Errors/ErrorsListHeaderState.cs - Importer: ScriptedImporter/UnityEditor.QuickSearchModule:UnityEditor.Search:ASIAI0B
Importing 'GUID: 8c069d7fb0d30cf499458f0d9c9fe035 - Path: Packages/com.unity.collab-proxy/Editor/UI/Errors/ErrorsListHeaderState.cs - Importer: ScriptedImporter/UnityEditor.QuickSearchModule:UnityEditor.Search:ASIAI0B' with importer (ScriptedImporter : UnityEditor.QuickSearchModule:UnityEditor.Search:ASIAI0B)
Imported 'GUID: 8c069d7fb0d30cf499458f0d9c9fe035' -> (Import Result ID: '8ecb701ab55d305e5d39fd29818b695f') in 0.002 seconds [static and dynamic dependencies]. Details - ImportResultOutputID=f2af3092ffff5b54fdac6d2c9c01f4b3 DependenciesID=7c4ec41b9e8753e0a6126b39197d101b StaticDependenciesID=4dcc5a892ce0d3f36e4b62e0833befe4 
Number of updated asset objects reloaded before import = 0
Number of asset objects unloaded after import = 0
========================================================================
Received Import Request.
  Time of request: 2026-08-04T17:31:17.9164736Z
  Time since last request: 0.0002721 seconds.
  importAddress: GUID: 57a63f5d522d4da98a48cb71348c223e - Path: Packages/com.unity.collab-proxy/Editor/Diff/Asset/AssetContentControl.cs - Importer: ScriptedImporter/UnityEditor.QuickSearchModule:UnityEditor.Search:ASIAI0B
Importing 'GUID: 57a63f5d522d4da98a48cb71348c223e - Path: Packages/com.unity.collab-proxy/Editor/Diff/Asset/AssetContentControl.cs - Importer: ScriptedImporter/UnityEditor.QuickSearchModule:UnityEditor.Search:ASIAI0B' with importer (ScriptedImporter : UnityEditor.QuickSearchModule:UnityEditor.Search:ASIAI0B)
Imported 'GUID: 57a63f5d522d4da98a48cb71348c223e' -> (Import Result ID: 'ff3d66adc1d42beba06043eb5b776ae6') in 0.002 seconds [static and dynamic dependencies]. Details - ImportResultOutputID=c30ea43829c6de79159d9730ebdadb7a DependenciesID=6e2c08a704140699caf1e6c7ff34a963 StaticDependenciesID=6678673bd6870a5f30e1b89e2cbdd245 
Number of updated asset objects reloaded before import = 0
Number of asset objects unloaded after import = 0
========================================================================
Received Import Request.
  Time of request: 2026-08-04T17:31:17.9257003Z
  Time since last request: 0.0002924 seconds.
  importAddress: GUID: 3dce8f801e8649c8951ef1edd8c8df5c - Path: Packages/com.unity.collab-proxy/Editor/CodeEditor/Utils/IImmutableStack.cs - Importer: ScriptedImporter/UnityEditor.QuickSearchModule:UnityEditor.Search:ASIAI0B
Importing 'GUID: 3dce8f801e8649c8951ef1edd8c8df5c - Path: Packages/com.unity.collab-proxy/Editor/CodeEditor/Utils/IImmutableStack.cs - Importer: ScriptedImporter/UnityEditor.QuickSearchModule:UnityEditor.Search:ASIAI0B' with importer (ScriptedImporter : UnityEditor.QuickSearchModule:UnityEditor.Search:ASIAI0B)
Imported 'GUID: 3dce8f801e8649c8951ef1edd8c8df5c' -> (Import Result ID: 'e671f4a87fddaefbf958bb3aeeb52dbd') in 0.002 seconds [static and dynamic dependencies]. Details - ImportResultOutputID=17b7b62ee7482b85df5f05a7b0d58a5d DependenciesID=6b6a75f2271d8dbfb81dba9255ee11f8 StaticDependenciesID=b7c21ba85b5e10d48151d21e00fc75bb 
Number of updated asset objects reloaded before import = 0
Number of asset objects unloaded after import = 0
========================================================================
Received Import Request.
  Time of request: 2026-08-04T17:31:17.9354385Z
  Time since last request: 0.0004553 seconds.
  importAddress: GUID: 595175d7af8f8234a9336a60e33b4f32 - Path: Packages/com.unity.collab-proxy/Editor/UI/Tree/DrawTreeViewItem.cs - Importer: ScriptedImporter/UnityEditor.QuickSearchModule:UnityEditor.Search:ASIAI0B
Importing 'GUID: 595175d7af8f8234a9336a60e33b4f32 - Path: Packages/com.unity.collab-proxy/Editor/UI/Tree/DrawTreeViewItem.cs - Importer: ScriptedImporter/UnityEditor.QuickSearchModule:UnityEditor.Search:ASIAI0B' with importer (ScriptedImporter : UnityEditor.QuickSearchModule:UnityEditor.Search:ASIAI0B)
Imported 'GUID: 595175d7af8f8234a9336a60e33b4f32' -> (Import Result ID: 'd1b6d89623a4720a6fe46017d9146f4c') in 0.002 seconds [static and dynamic dependencies]. Details - ImportResultOutputID=dc9f48c4015543fcbb95553a40cb056f DependenciesID=621695fbadd62c03d03ccfcd0ebe43cb StaticDependenciesID=66aeda43ebb365bfb80b7bce94c4be78 
Number of updated asset objects reloaded before import = 0
Number of asset objects unloaded after import = 0
========================================================================
Received Import Request.
  Time of request: 2026-08-04T17:31:17.967438Z
  Time since last request: 0.022753 seconds.
  importAddress: GUID: 29e0becc4ce852c439ff3e642f0375bd - Path: Packages/com.unity.collab-proxy/Editor/Views/CreateWorkspace/PerformInitialCheckin.cs - Importer: ScriptedImporter/UnityEditor.QuickSearchModule:UnityEditor.Search:ASIAI0B
Importing 'GUID: 29e0becc4ce852c439ff3e642f0375bd - Path: Packages/com.unity.collab-proxy/Editor/Views/CreateWorkspace/PerformInitialCheckin.cs - Importer: ScriptedImporter/UnityEditor.QuickSearchModule:UnityEditor.Search:ASIAI0B' with importer (ScriptedImporter : UnityEditor.QuickSearchModule:UnityEditor.Search:ASIAI0B)
Imported 'GUID: 29e0becc4ce852c439ff3e642f0375bd' -> (Import Result ID: 'd6d0df75691eb324dc780a29758b9751') in 0.002 seconds [static and dynamic dependencies]. Details - ImportResultOutputID=f43f37a4b4a37a42d5e1980142ca5179 DependenciesID=e850b4cf5b79826496db4c47cf2b0b6c StaticDependenciesID=4442e8b13bb05e2450ad5a0ccc73cb82 
Number of updated asset objects reloaded before import = 0
Number of asset objects unloaded after import = 0
========================================================================
Received Import Request.
  Time of request: 2026-08-04T17:31:17.9759276Z
  Time since last request: 0.0002429 seconds.
  importAddress: GUID: a1f5156c89fd104459e8ec0cc3098899 - Path: Packages/com.unity.collab-proxy/Editor/Views/Branch/BranchesViewMenu.cs - Importer: ScriptedImporter/UnityEditor.QuickSearchModule:UnityEditor.Search:ASIAI0B
Importing 'GUID: a1f5156c89fd104459e8ec0cc3098899 - Path: Packages/com.unity.collab-proxy/Editor/Views/Branch/BranchesViewMenu.cs - Importer: ScriptedImporter/UnityEditor.QuickSearchModule:UnityEditor.Search:ASIAI0B' with importer (ScriptedImporter : UnityEditor.QuickSearchModule:UnityEditor.Search:ASIAI0B)
Imported 'GUID: a1f5156c89fd104459e8ec0cc3098899' -> (Import Result ID: 'e4de29096097219c2aec299f35d7328b') in 0.002 seconds [static and dynamic dependencies]. Details - ImportResultOutputID=18aa4694f4763794d55a17cb78591547 DependenciesID=83f5d5ecd475b5f2a3d30719a2248f53 StaticDependenciesID=e1a692c79b0308aae52b6b885974cc1a 
Number of updated asset objects reloaded before import = 0
Number of asset objects unloaded after import = 0
========================================================================
Received Import Request.
  Time of request: 2026-08-04T17:31:17.9862527Z
  Time since last request: 0.0002668 seconds.
  importAddress: GUID: 02516f77f52743eeb912e608678868ef - Path: Packages/com.unity.collab-proxy/Editor/Views/BranchExplorer/BranchExplorerFocusListener.cs - Importer: ScriptedImporter/UnityEditor.QuickSearchModule:UnityEditor.Search:ASIAI0B
Importing 'GUID: 02516f77f52743eeb912e608678868ef - Path: Packages/com.unity.collab-proxy/Editor/Views/BranchExplorer/BranchExplorerFocusListener.cs - Importer: ScriptedImporter/UnityEditor.QuickSearchModule:UnityEditor.Search:ASIAI0B' with importer (ScriptedImporter : UnityEditor.QuickSearchModule:UnityEditor.Search:ASIAI0B)
Imported 'GUID: 02516f77f52743eeb912e608678868ef' -> (Import Result ID: 'cc12985db80677a82056e64276ec4ce5') in 0.002 seconds [static and dynamic dependencies]. Details - ImportResultOutputID=b16f0f550db53b4bc9ef6a785e46741b DependenciesID=4a3490b7217deefcb08e62d79eaa96d1 StaticDependenciesID=b6774f842df2c5dc7cc5b647cadff6ff 
Number of updated asset objects reloaded before import = 0
Number of asset objects unloaded after import = 0
========================================================================
Received Import Request.
  Time of request: 2026-08-04T17:31:17.9956461Z
  Time since last request: 0.0001883 seconds.
  importAddress: GUID: 064a7a3d9b9b458f87abe1ec38227570 - Path: Packages/com.unity.collab-proxy/Editor/UVCSToolbar/PopupWindow/PopupWindowDrawing.cs - Importer: ScriptedImporter/UnityEditor.QuickSearchModule:UnityEditor.Search:ASIAI0B
Importing 'GUID: 064a7a3d9b9b458f87abe1ec38227570 - Path: Packages/com.unity.collab-proxy/Editor/UVCSToolbar/PopupWindow/PopupWindowDrawing.cs - Importer: ScriptedImporter/UnityEditor.QuickSearchModule:UnityEditor.Search:ASIAI0B' with importer (ScriptedImporter : UnityEditor.QuickSearchModule:UnityEditor.Search:ASIAI0B)
Imported 'GUID: 064a7a3d9b9b458f87abe1ec38227570' -> (Import Result ID: 'b3542e8efaf4c2159d567322c0f19dd9') in 0.002 seconds [static and dynamic dependencies]. Details - ImportResultOutputID=f0be532c94db0651c9c08e8ef4ffb9c2 DependenciesID=86f472078c66599dd61ede3f3a22ccc3 StaticDependenciesID=835e4e34d74608a84149d8a8a29e096b 
Number of updated asset objects reloaded before import = 0
Number of asset objects unloaded after import = 0
========================================================================
Received Import Request.
  Time of request: 2026-08-04T17:31:18.0042508Z
  Time since last request: 0.0002434 seconds.
  importAddress: GUID: 2f1b1f864205414fb1d64a6c465e0378 - Path: Packages/com.unity.collab-proxy/Editor/UVCSToolbar/PopupWindow/ControlledPopupWindow.cs - Importer: ScriptedImporter/UnityEditor.QuickSearchModule:UnityEditor.Search:ASIAI0B
Importing 'GUID: 2f1b1f864205414fb1d64a6c465e0378 - Path: Packages/com.unity.collab-proxy/Editor/UVCSToolbar/PopupWindow/ControlledPopupWindow.cs - Importer: ScriptedImporter/UnityEditor.QuickSearchModule:UnityEditor.Search:ASIAI0B' with importer (ScriptedImporter : UnityEditor.QuickSearchModule:UnityEditor.Search:ASIAI0B)
Imported 'GUID: 2f1b1f864205414fb1d64a6c465e0378' -> (Import Result ID: '527c17a43d842dbf7d8899742056461a') in 0.002 seconds [static and dynamic dependencies]. Details - ImportResultOutputID=06bff60828f100b38ff5e179e5446a90 DependenciesID=43a2c906263edebd5fc09d7caf829982 StaticDependenciesID=73eadbddabf79802edd0d43c7007ef8f 
Number of updated asset objects reloaded before import = 0
Number of asset objects unloaded after import = 0
========================================================================
Received Import Request.
  Time of request: 2026-08-04T17:31:18.0126286Z
  Time since last request: 0.0002061 seconds.
  importAddress: GUID: 471badd5c87fb154885f11cdf1b49a00 - Path: Packages/com.unity.collab-proxy/Editor/Views/Changesets/ChangesetsTab.cs - Importer: ScriptedImporter/UnityEditor.QuickSearchModule:UnityEditor.Search:ASIAI0B
Importing 'GUID: 471badd5c87fb154885f11cdf1b49a00 - Path: Packages/com.unity.collab-proxy/Editor/Views/Changesets/ChangesetsTab.cs - Importer: ScriptedImporter/UnityEditor.QuickSearchModule:UnityEditor.Search:ASIAI0B' with importer (ScriptedImporter : UnityEditor.QuickSearchModule:UnityEditor.Search:ASIAI0B)
Imported 'GUID: 471badd5c87fb154885f11cdf1b49a00' -> (Import Result ID: 'ebde37a492503e6f643bf1df13c23072') in 0.002 seconds [static and dynamic dependencies]. Details - ImportResultOutputID=0bec37b0f7f20b33c5c13f9e0b8d724a DependenciesID=4d410ad4f35f3c3c9fa87d6c71333c09 StaticDependenciesID=7423cdb4487197c74c76898616dd46bc 
Number of updated asset objects reloaded before import = 0
Number of asset objects unloaded after import = 0
========================================================================
Received Import Request.
  Time of request: 2026-08-04T17:31:18.0221173Z
  Time since last request: 0.0002096 seconds.
  importAddress: GUID: 4664c2d6dd034f04eb60d4190ee2ffb7 - Path: Packages/com.unity.collab-proxy/Editor/UI/UIElements/LoadingSpinner.cs - Importer: ScriptedImporter/UnityEditor.QuickSearchModule:UnityEditor.Search:ASIAI0B
Importing 'GUID: 4664c2d6dd034f04eb60d4190ee2ffb7 - Path: Packages/com.unity.collab-proxy/Editor/UI/UIElements/LoadingSpinner.cs - Importer: ScriptedImporter/UnityEditor.QuickSearchModule:UnityEditor.Search:ASIAI0B' with importer (ScriptedImporter : UnityEditor.QuickSearchModule:UnityEditor.Search:ASIAI0B)
Imported 'GUID: 4664c2d6dd034f04eb60d4190ee2ffb7' -> (Import Result ID: '7f8438ffab384550e7cc896b6156b1fc') in 0.002 seconds [static and dynamic dependencies]. Details - ImportResultOutputID=91e84ce83b95f60fa260a79cdc9949f8 DependenciesID=8f6bb1e57cc94a10faa0dc4a0e7c2039 StaticDependenciesID=8075c2e78b88f65175aee28f1ac08b32 
Number of updated asset objects reloaded before import = 0
Number of asset objects unloaded after import = 0
========================================================================
Received Import Request.
  Time of request: 2026-08-04T17:31:18.0311215Z
  Time since last request: 0.0001937 seconds.
  importAddress: GUID: 6000865ce7fbfc643abdd3d085b4422e - Path: Packages/com.unity.collab-proxy/Editor/Views/Changesets/ChangesetListViewItem.cs - Importer: ScriptedImporter/UnityEditor.QuickSearchModule:UnityEditor.Search:ASIAI0B
Importing 'GUID: 6000865ce7fbfc643abdd3d085b4422e - Path: Packages/com.unity.collab-proxy/Editor/Views/Changesets/ChangesetListViewItem.cs - Importer: ScriptedImporter/UnityEditor.QuickSearchModule:UnityEditor.Search:ASIAI0B' with importer (ScriptedImporter : UnityEditor.QuickSearchModule:UnityEditor.Search:ASIAI0B)
Imported 'GUID: 6000865ce7fbfc643abdd3d085b4422e' -> (Import Result ID: '37cd77acc66bab93f95cb17665e96b7f') in 0.002 seconds [static and dynamic dependencies]. Details - ImportResultOutputID=6b39828d29753f68bf11b5adffccc7bb DependenciesID=fc6c2f65e5c42011e7ed7cdb9375acd5 StaticDependenciesID=ea20378aa19a60802b1e90aa61d6794b 
Number of updated asset objects reloaded before import = 0
Number of asset objects unloaded after import = 0
========================================================================
Received Import Request.
  Time of request: 2026-08-04T17:31:18.0407296Z
  Time since last request: 0.0002155 seconds.
  importAddress: GUID: cdf0cc5418c9fc44eade3d7480d7429e - Path: Packages/com.unity.collab-proxy/Editor/Views/Changesets/GetChangesetsQuery.cs - Importer: ScriptedImporter/UnityEditor.QuickSearchModule:UnityEditor.Search:ASIAI0B
Importing 'GUID: cdf0cc5418c9fc44eade3d7480d7429e - Path: Packages/com.unity.collab-proxy/Editor/Views/Changesets/GetChangesetsQuery.cs - Importer: ScriptedImporter/UnityEditor.QuickSearchModule:UnityEditor.Search:ASIAI0B' with importer (ScriptedImporter : UnityEditor.QuickSearchModule:UnityEditor.Search:ASIAI0B)
Imported 'GUID: cdf0cc5418c9fc44eade3d7480d7429e' -> (Import Result ID: 'f4b5d1b402a558f4725b9c974df41f1a') in 0.002 seconds [static and dynamic dependencies]. Details - ImportResultOutputID=7faf9a180eb62f63881aa28c6a3c7c2c DependenciesID=0da6c2037cbd65e2bff546b69d0c25ba StaticDependenciesID=7b1c902edcdd20b4626e705ca587c9c3 
Number of updated asset objects reloaded before import = 0
Number of asset objects unloaded after import = 0
========================================================================
Received Import Request.
  Time of request: 2026-08-04T17:31:18.0493736Z
  Time since last request: 0.0001941 seconds.
  importAddress: GUID: 08501ac9dc864ac3998d286a2a36aaf2 - Path: Packages/com.unity.collab-proxy/Editor/Views/BranchExplorer/BrExSearchField.cs - Importer: ScriptedImporter/UnityEditor.QuickSearchModule:UnityEditor.Search:ASIAI0B
Importing 'GUID: 08501ac9dc864ac3998d286a2a36aaf2 - Path: Packages/com.unity.collab-proxy/Editor/Views/BranchExplorer/BrExSearchField.cs - Importer: ScriptedImporter/UnityEditor.QuickSearchModule:UnityEditor.Search:ASIAI0B' with importer (ScriptedImporter : UnityEditor.QuickSearchModule:UnityEditor.Search:ASIAI0B)
Imported 'GUID: 08501ac9dc864ac3998d286a2a36aaf2' -> (Import Result ID: '8716b25ee41a8c733cab53f915b17575') in 0.002 seconds [static and dynamic dependencies]. Details - ImportResultOutputID=df288ed949eafbf5bc4a79cf2a608b6c DependenciesID=497360f21b40011c80954bbfff235050 StaticDependenciesID=81f8c7d981606d212bc0b4cd6999afb4 
Number of updated asset objects reloaded before import = 0
Number of asset objects unloaded after import = 0
========================================================================
Received Import Request.
  Time of request: 2026-08-04T17:31:18.0581776Z
  Time since last request: 0.0002052 seconds.
  importAddress: GUID: f3bae7db75ee4b749b96add6a75de44d - Path: Packages/com.unity.collab-proxy/Editor/Views/BrowseRepository/BrowseRepositoryHeaderState.cs - Importer: ScriptedImporter/UnityEditor.QuickSearchModule:UnityEditor.Search:ASIAI0B
Importing 'GUID: f3bae7db75ee4b749b96add6a75de44d - Path: Packages/com.unity.collab-proxy/Editor/Views/BrowseRepository/BrowseRepositoryHeaderState.cs - Importer: ScriptedImporter/UnityEditor.QuickSearchModule:UnityEditor.Search:ASIAI0B' with importer (ScriptedImporter : UnityEditor.QuickSearchModule:UnityEditor.Search:ASIAI0B)
Imported 'GUID: f3bae7db75ee4b749b96add6a75de44d' -> (Import Result ID: '392f9d52fe7866ac2dc9d8b258fa5888') in 0.002 seconds [static and dynamic dependencies]. Details - ImportResultOutputID=b2a77c8f21155f8075c2fdb83505f174 DependenciesID=b631563ab57926e4dbdb379ca8446a44 StaticDependenciesID=2c753caebabffe20a3ca8ac970d0d36b 
Number of updated asset objects reloaded before import = 0
Number of asset objects unloaded after import = 0
========================================================================
Received Import Request.
  Time of request: 2026-08-04T17:31:18.0675077Z
  Time since last request: 0.0002973 seconds.
  importAddress: GUID: 1448ee204d2f476b8b002dbf6a65436a - Path: Packages/com.unity.collab-proxy/Editor/Views/Diff/ChangesetByChangesetListView.cs - Importer: ScriptedImporter/UnityEditor.QuickSearchModule:UnityEditor.Search:ASIAI0B
Importing 'GUID: 1448ee204d2f476b8b002dbf6a65436a - Path: Packages/com.unity.collab-proxy/Editor/Views/Diff/ChangesetByChangesetListView.cs - Importer: ScriptedImporter/UnityEditor.QuickSearchModule:UnityEditor.Search:ASIAI0B' with importer (ScriptedImporter : UnityEditor.QuickSearchModule:UnityEditor.Search:ASIAI0B)
Imported 'GUID: 1448ee204d2f476b8b002dbf6a65436a' -> (Import Result ID: 'd6d7ff7ec4b5333469de83696fd6e6ba') in 0.002 seconds [static and dynamic dependencies]. Details - ImportResultOutputID=70de61e5692cb266e8f6d1066393a57d DependenciesID=0789d4b54621f4c4d41fa640f6a52fbd StaticDependenciesID=c288676f24cb97084b953883c7ac4a43 
Number of updated asset objects reloaded before import = 0
Number of asset objects unloaded after import = 0
========================================================================
Received Import Request.
  Time of request: 2026-08-04T17:31:18.0764141Z
  Time since last request: 0.0002394 seconds.
  importAddress: GUID: 1f51551c797bb44418a61b0f18e6c604 - Path: Packages/com.unity.collab-proxy/Editor/Views/BrowseRepository/BrowseRepositoryPanel.cs - Importer: ScriptedImporter/UnityEditor.QuickSearchModule:UnityEditor.Search:ASIAI0B
Importing 'GUID: 1f51551c797bb44418a61b0f18e6c604 - Path: Packages/com.unity.collab-proxy/Editor/Views/BrowseRepository/BrowseRepositoryPanel.cs - Importer: ScriptedImporter/UnityEditor.QuickSearchModule:UnityEditor.Search:ASIAI0B' with importer (ScriptedImporter : UnityEditor.QuickSearchModule:UnityEditor.Search:ASIAI0B)
Imported 'GUID: 1f51551c797bb44418a61b0f18e6c604' -> (Import Result ID: '616a97175e23f0bf416c525649f652ba') in 0.002 seconds [static and dynamic dependencies]. Details - ImportResultOutputID=ab90517384757d865057664713ede5a6 DependenciesID=618efc91cf596e475b48ced76de60c35 StaticDependenciesID=f0bd4b9d3ed2f6bc87d84da0b05465c2 
Number of updated asset objects reloaded before import = 0
Number of asset objects unloaded after import = 0
========================================================================
Received Import Request.
  Time of request: 2026-08-04T17:31:18.0860187Z
  Time since last request: 0.0003709 seconds.
  importAddress: GUID: 59e682a8b37338a46910fa9a939425e3 - Path: Packages/com.unity.collab-proxy/Editor/Views/Changesets/ChangesetsListView.cs - Importer: ScriptedImporter/UnityEditor.QuickSearchModule:UnityEditor.Search:ASIAI0B
Importing 'GUID: 59e682a8b37338a46910fa9a939425e3 - Path: Packages/com.unity.collab-proxy/Editor/Views/Changesets/ChangesetsListView.cs - Importer: ScriptedImporter/UnityEditor.QuickSearchModule:UnityEditor.Search:ASIAI0B' with importer (ScriptedImporter : UnityEditor.QuickSearchModule:UnityEditor.Search:ASIAI0B)
Imported 'GUID: 59e682a8b37338a46910fa9a939425e3' -> (Import Result ID: '79c82870792011d9ebc849b700bdc166') in 0.002 seconds [static and dynamic dependencies]. Details - ImportResultOutputID=f1e825a27b64f522d10276169251958a DependenciesID=138d1ed092b0238fa4874cf386fdd192 StaticDependenciesID=b19f54799255149046fcf73c5664d255 
Number of updated asset objects reloaded before import = 0
Number of asset objects unloaded after import = 0
========================================================================
Received Import Request.
  Time of request: 2026-08-04T17:31:18.0955596Z
  Time since last request: 0.0003137 seconds.
  importAddress: GUID: c296f9dc5d327e24398979cca08c62c9 - Path: Packages/com.unity.collab-proxy/Editor/Views/BrowseRepository/BrowseRepositoryTreeView.cs - Importer: ScriptedImporter/UnityEditor.QuickSearchModule:UnityEditor.Search:ASIAI0B
Importing 'GUID: c296f9dc5d327e24398979cca08c62c9 - Path: Packages/com.unity.collab-proxy/Editor/Views/BrowseRepository/BrowseRepositoryTreeView.cs - Importer: ScriptedImporter/UnityEditor.QuickSearchModule:UnityEditor.Search:ASIAI0B' with importer (ScriptedImporter : UnityEditor.QuickSearchModule:UnityEditor.Search:ASIAI0B)
Imported 'GUID: c296f9dc5d327e24398979cca08c62c9' -> (Import Result ID: '67e1ef51b1b385784faacd3565a2be15') in 0.002 seconds [static and dynamic dependencies]. Details - ImportResultOutputID=b13c614e63c18107d7e44a3ce772b2b0 DependenciesID=451f3c85ed1c5d96b35709f28c163499 StaticDependenciesID=612664b51a40e209bc732451a0e3dad9 
Number of updated asset objects reloaded before import = 0
Number of asset objects unloaded after import = 0
========================================================================
Received Import Request.
  Time of request: 2026-08-04T17:31:18.1053487Z
  Time since last request: 0.000227 seconds.
  importAddress: GUID: 401c6c6a56164529a2624d9467eb46ca - Path: Packages/com.unity.collab-proxy/Editor/Views/BranchExplorer/SelectedObjectDataUpdater.cs - Importer: ScriptedImporter/UnityEditor.QuickSearchModule:UnityEditor.Search:ASIAI0B
Importing 'GUID: 401c6c6a56164529a2624d9467eb46ca - Path: Packages/com.unity.collab-proxy/Editor/Views/BranchExplorer/SelectedObjectDataUpdater.cs - Importer: ScriptedImporter/UnityEditor.QuickSearchModule:UnityEditor.Search:ASIAI0B' with importer (ScriptedImporter : UnityEditor.QuickSearchModule:UnityEditor.Search:ASIAI0B)
Imported 'GUID: 401c6c6a56164529a2624d9467eb46ca' -> (Import Result ID: 'aa2369ea5837ddbaa6d23993ec72ed38') in 0.002 seconds [static and dynamic dependencies]. Details - ImportResultOutputID=89e5814e4a8f322b644cbb49a5e3c598 DependenciesID=e4b51dbd18adc0bb6fed07a9029f201f StaticDependenciesID=be1b662e93ae1ea09bf9f08a97662be1 
Number of updated asset objects reloaded before import = 0
Number of asset objects unloaded after import = 0
========================================================================
Received Import Request.
  Time of request: 2026-08-04T17:31:18.1146136Z
  Time since last request: 0.000294 seconds.
  importAddress: GUID: 41633509da720014cbd77f755b378ce7 - Path: Packages/com.unity.collab-proxy/Editor/Views/CreateWorkspace/CreateWorkspaceViewState.cs - Importer: ScriptedImporter/UnityEditor.QuickSearchModule:UnityEditor.Search:ASIAI0B
Importing 'GUID: 41633509da720014cbd77f755b378ce7 - Path: Packages/com.unity.collab-proxy/Editor/Views/CreateWorkspace/CreateWorkspaceViewState.cs - Importer: ScriptedImporter/UnityEditor.QuickSearchModule:UnityEditor.Search:ASIAI0B' with importer (ScriptedImporter : UnityEditor.QuickSearchModule:UnityEditor.Search:ASIAI0B)
Imported 'GUID: 41633509da720014cbd77f755b378ce7' -> (Import Result ID: '26fcf3b5a9338e51c8e285da78624c63') in 0.002 seconds [static and dynamic dependencies]. Details - ImportResultOutputID=02daa6079447e15d74324304f5411161 DependenciesID=1d0c16abf685abbf79ab9705c227315b StaticDependenciesID=c60c6d9256a4496089eb765ad0bd7a2e 
Number of updated asset objects reloaded before import = 0
Number of asset objects unloaded after import = 0
========================================================================
Received Import Request.
  Time of request: 2026-08-04T17:31:18.1241571Z
  Time since last request: 0.000234 seconds.
  importAddress: GUID: 962c713f307637f459a3eb76c8aba5f0 - Path: Packages/com.unity.collab-proxy/Editor/UI/UndoRedo/UndoRedoHelper.cs - Importer: ScriptedImporter/UnityEditor.QuickSearchModule:UnityEditor.Search:ASIAI0B
Importing 'GUID: 962c713f307637f459a3eb76c8aba5f0 - Path: Packages/com.unity.collab-proxy/Editor/UI/UndoRedo/UndoRedoHelper.cs - Importer: ScriptedImporter/UnityEditor.QuickSearchModule:UnityEditor.Search:ASIAI0B' with importer (ScriptedImporter : UnityEditor.QuickSearchModule:UnityEditor.Search:ASIAI0B)
Imported 'GUID: 962c713f307637f459a3eb76c8aba5f0' -> (Import Result ID: '9af7ee24bd0bab445fb239dfc5980c54') in 0.002 seconds [static and dynamic dependencies]. Details - ImportResultOutputID=f9bc05027037557750d8bee15d40dd47 DependenciesID=61380277f58da93c3d4f397aefceb092 StaticDependenciesID=61ed426d9b598c03f276905372c49454 
Number of updated asset objects reloaded before import = 0
Number of asset objects unloaded after import = 0
========================================================================
Received Import Request.
  Time of request: 2026-08-04T17:31:18.1344733Z
  Time since last request: 0.0003185 seconds.
  importAddress: GUID: 59491e42fa7743e193e65d5c778cd8b2 - Path: Packages/com.unity.collab-proxy/Editor/UI/UIElements/KeyboardEvents.cs - Importer: ScriptedImporter/UnityEditor.QuickSearchModule:UnityEditor.Search:ASIAI0B
Importing 'GUID: 59491e42fa7743e193e65d5c778cd8b2 - Path: Packages/com.unity.collab-proxy/Editor/UI/UIElements/KeyboardEvents.cs - Importer: ScriptedImporter/UnityEditor.QuickSearchModule:UnityEditor.Search:ASIAI0B' with importer (ScriptedImporter : UnityEditor.QuickSearchModule:UnityEditor.Search:ASIAI0B)
Imported 'GUID: 59491e42fa7743e193e65d5c778cd8b2' -> (Import Result ID: 'df90b0296967b4c91fbd4b1f0c351b65') in 0.002 seconds [static and dynamic dependencies]. Details - ImportResultOutputID=8f4282dd4ff48fa6aa8a7860ffa170c0 DependenciesID=d934c560488cfd76b8097fc074997dfb StaticDependenciesID=ad083533c42b4a5c10011aef6c02e740 
Number of updated asset objects reloaded before import = 0
Number of asset objects unloaded after import = 0
========================================================================
Received Import Request.
  Time of request: 2026-08-04T17:31:18.1439616Z
  Time since last request: 0.0002139 seconds.
  importAddress: GUID: 20341761c2011b441b2a3af227beeb71 - Path: Packages/com.unity.collab-proxy/Editor/Views/Changesets/ChangesetsSelection.cs - Importer: ScriptedImporter/UnityEditor.QuickSearchModule:UnityEditor.Search:ASIAI0B
Importing 'GUID: 20341761c2011b441b2a3af227beeb71 - Path: Packages/com.unity.collab-proxy/Editor/Views/Changesets/ChangesetsSelection.cs - Importer: ScriptedImporter/UnityEditor.QuickSearchModule:UnityEditor.Search:ASIAI0B' with importer (ScriptedImporter : UnityEditor.QuickSearchModule:UnityEditor.Search:ASIAI0B)
Imported 'GUID: 20341761c2011b441b2a3af227beeb71' -> (Import Result ID: 'cc135b5355d8d3c86f22ec482a090ee9') in 0.002 seconds [static and dynamic dependencies]. Details - ImportResultOutputID=7b8692eaf0592a73459593db28b93188 DependenciesID=b0ff2f5a19037645c3b77f922e44e961 StaticDependenciesID=dcfc30dd56aeeefc2f321d0ec1affe42 
Number of updated asset objects reloaded before import = 0
Number of asset objects unloaded after import = 0
========================================================================
Received Import Request.
  Time of request: 2026-08-04T17:31:18.1653907Z
  Time since last request: 0.0129152 seconds.
  importAddress: GUID: aa38aeb612889ca428824f7e31a50747 - Path: Packages/com.unity.collab-proxy/Editor/Views/History/SerializableHistoryTabState.cs - Importer: ScriptedImporter/UnityEditor.QuickSearchModule:UnityEditor.Search:ASIAI0B
Importing 'GUID: aa38aeb612889ca428824f7e31a50747 - Path: Packages/com.unity.collab-proxy/Editor/Views/History/SerializableHistoryTabState.cs - Importer: ScriptedImporter/UnityEditor.QuickSearchModule:UnityEditor.Search:ASIAI0B' with importer (ScriptedImporter : UnityEditor.QuickSearchModule:UnityEditor.Search:ASIAI0B)
Imported 'GUID: aa38aeb612889ca428824f7e31a50747' -> (Import Result ID: 'bfb115328eeb75650d08eefb969747e0') in 0.002 seconds [static and dynamic dependencies]. Details - ImportResultOutputID=b49199b7592eeabc28a8f73b5c263212 DependenciesID=8def89015fb36ce5dd4861d68f8b1f5b StaticDependenciesID=09f59d73d978f1c03158363961b5144a 
Number of updated asset objects reloaded before import = 0
Number of asset objects unloaded after import = 0
========================================================================
Received Import Request.
  Time of request: 2026-08-04T17:31:18.1745853Z
  Time since last request: 0.0005263 seconds.
  importAddress: GUID: a9298a2c04dfc944bbc6ea156f4e2104 - Path: Packages/com.unity.collab-proxy/Editor/Views/Welcome/WelcomeView.cs - Importer: ScriptedImporter/UnityEditor.QuickSearchModule:UnityEditor.Search:ASIAI0B
Importing 'GUID: a9298a2c04dfc944bbc6ea156f4e2104 - Path: Packages/com.unity.collab-proxy/Editor/Views/Welcome/WelcomeView.cs - Importer: ScriptedImporter/UnityEditor.QuickSearchModule:UnityEditor.Search:ASIAI0B' with importer (ScriptedImporter : UnityEditor.QuickSearchModule:UnityEditor.Search:ASIAI0B)
Imported 'GUID: a9298a2c04dfc944bbc6ea156f4e2104' -> (Import Result ID: '13053d18aa1e8ce842a1bff5a840d1e8') in 0.002 seconds [static and dynamic dependencies]. Details - ImportResultOutputID=91ffd7a26bc728708b06876bc2227923 DependenciesID=c95c425234d0cf7bbac4641ea28c5183 StaticDependenciesID=ffd0ed45d7aaedfbd65c0f77638dfe42 
Number of updated asset objects reloaded before import = 0
Number of asset objects unloaded after import = 0
========================================================================
Received Import Request.
  Time of request: 2026-08-04T17:31:18.1834435Z
  Time since last request: 0.000271 seconds.
  importAddress: GUID: 2f536f0e9a974d75b293f6aee8e2cdf2 - Path: Packages/com.unity.collab-proxy/Editor/Views/Locks/LocksTab.cs - Importer: ScriptedImporter/UnityEditor.QuickSearchModule:UnityEditor.Search:ASIAI0B
Importing 'GUID: 2f536f0e9a974d75b293f6aee8e2cdf2 - Path: Packages/com.unity.collab-proxy/Editor/Views/Locks/LocksTab.cs - Importer: ScriptedImporter/UnityEditor.QuickSearchModule:UnityEditor.Search:ASIAI0B' with importer (ScriptedImporter : UnityEditor.QuickSearchModule:UnityEditor.Search:ASIAI0B)
Imported 'GUID: 2f536f0e9a974d75b293f6aee8e2cdf2' -> (Import Result ID: 'ea5780deb4442293a4726f710d42de12') in 0.002 seconds [static and dynamic dependencies]. Details - ImportResultOutputID=a5bed5fda7cf0bae88f6698afcc9a69a DependenciesID=d54c422a00b25da800ab9de6d36df8be StaticDependenciesID=8b7876b5b2e6dd7ea6364ad220c1c555 
Number of updated asset objects reloaded before import = 0
Number of asset objects unloaded after import = 0
========================================================================
Received Import Request.
  Time of request: 2026-08-04T17:31:18.1933151Z
  Time since last request: 0.0003583 seconds.
  importAddress: GUID: e1a6d107a6d177540bc36d82a9449128 - Path: Packages/com.unity.collab-proxy/Editor/Views/PendingChanges/ChangelistTreeViewItem.cs - Importer: ScriptedImporter/UnityEditor.QuickSearchModule:UnityEditor.Search:ASIAI0B
Importing 'GUID: e1a6d107a6d177540bc36d82a9449128 - Path: Packages/com.unity.collab-proxy/Editor/Views/PendingChanges/ChangelistTreeViewItem.cs - Importer: ScriptedImporter/UnityEditor.QuickSearchModule:UnityEditor.Search:ASIAI0B' with importer (ScriptedImporter : UnityEditor.QuickSearchModule:UnityEditor.Search:ASIAI0B)
Imported 'GUID: e1a6d107a6d177540bc36d82a9449128' -> (Import Result ID: 'ab0c2c6a0ea15c3aaafaf88d433347f5') in 0.002 seconds [static and dynamic dependencies]. Details - ImportResultOutputID=9cfb1ee7e17d43f2fdc6f201c33a2bb5 DependenciesID=37d2be335d3113e88fea25bcd6cb6130 StaticDependenciesID=50e27b034e9ca018c2cbe608f6a075e8 
Number of updated asset objects reloaded before import = 0
Number of asset objects unloaded after import = 0
========================================================================
Received Import Request.
  Time of request: 2026-08-04T17:31:18.2031716Z
  Time since last request: 0.000349 seconds.
  importAddress: GUID: ce1788184c108ec4d8cbad6b14c4dae6 - Path: Packages/com.unity.collab-proxy/Editor/Views/PendingChanges/CreatedChangesetEmptyStatePanel.cs - Importer: ScriptedImporter/UnityEditor.QuickSearchModule:UnityEditor.Search:ASIAI0B
Importing 'GUID: ce1788184c108ec4d8cbad6b14c4dae6 - Path: Packages/com.unity.collab-proxy/Editor/Views/PendingChanges/CreatedChangesetEmptyStatePanel.cs - Importer: ScriptedImporter/UnityEditor.QuickSearchModule:UnityEditor.Search:ASIAI0B' with importer (ScriptedImporter : UnityEditor.QuickSearchModule:UnityEditor.Search:ASIAI0B)
Imported 'GUID: ce1788184c108ec4d8cbad6b14c4dae6' -> (Import Result ID: 'a3bbf1c49bbd100008f0f6b561ecc59f') in 0.002 seconds [static and dynamic dependencies]. Details - ImportResultOutputID=d7273794a0d53a0d5125dc481518ffaa DependenciesID=84ae3161e00ad74de5dd53a9423090b0 StaticDependenciesID=240b3aa7520f3cff3e4d5d287f549a0a 
Number of updated asset objects reloaded before import = 0
Number of asset objects unloaded after import = 0
========================================================================
Received Import Request.
  Time of request: 2026-08-04T17:31:18.2126267Z
  Time since last request: 0.000312 seconds.
  importAddress: GUID: 23471c5c18843794fba363cb093b5a05 - Path: Packages/com.unity.collab-proxy/Editor/Views/PendingChanges/DrawCommentTextArea.cs - Importer: ScriptedImporter/UnityEditor.QuickSearchModule:UnityEditor.Search:ASIAI0B
Importing 'GUID: 23471c5c18843794fba363cb093b5a05 - Path: Packages/com.unity.collab-proxy/Editor/Views/PendingChanges/DrawCommentTextArea.cs - Importer: ScriptedImporter/UnityEditor.QuickSearchModule:UnityEditor.Search:ASIAI0B' with importer (ScriptedImporter : UnityEditor.QuickSearchModule:UnityEditor.Search:ASIAI0B)
Imported 'GUID: 23471c5c18843794fba363cb093b5a05' -> (Import Result ID: '1c46854787c9689987edab4a7b27422b') in 0.002 seconds [static and dynamic dependencies]. Details - ImportResultOutputID=44da3d6944e565633cbf5009950570bd DependenciesID=56c93e0f699c9c350486a882bb45f50f StaticDependenciesID=6c0e902bacf5893215d5f11d9a68b0f6 
Number of updated asset objects reloaded before import = 0
Number of asset objects unloaded after import = 0
========================================================================
Received Import Request.
  Time of request: 2026-08-04T17:31:18.2210097Z
  Time since last request: 0.000272 seconds.
  importAddress: GUID: 9440337dae7b4ecebafa6249b257c940 - Path: Packages/com.unity.collab-proxy/Editor/Views/PendingChanges/CommentTextArea.cs - Importer: ScriptedImporter/UnityEditor.QuickSearchModule:UnityEditor.Search:ASIAI0B
Importing 'GUID: 9440337dae7b4ecebafa6249b257c940 - Path: Packages/com.unity.collab-proxy/Editor/Views/PendingChanges/CommentTextArea.cs - Importer: ScriptedImporter/UnityEditor.QuickSearchModule:UnityEditor.Search:ASIAI0B' with importer (ScriptedImporter : UnityEditor.QuickSearchModule:UnityEditor.Search:ASIAI0B)
Imported 'GUID: 9440337dae7b4ecebafa6249b257c940' -> (Import Result ID: '2d6f769112b029278f9084d2ea9687f9') in 0.002 seconds [static and dynamic dependencies]. Details - ImportResultOutputID=b28cdc32e1cfd8bc59a101d0eac0a71c DependenciesID=a5efffff4c248873caea776fc81178e3 StaticDependenciesID=fdf7aba1d47ea7a20de48e49626f098b 
Number of updated asset objects reloaded before import = 0
Number of asset objects unloaded after import = 0
========================================================================
Received Import Request.
  Time of request: 2026-08-04T17:31:18.2314Z
  Time since last request: 0.0002167 seconds.
  importAddress: GUID: b10d1c0a975d47f2840062c1a1fbe6a9 - Path: Packages/com.unity.collab-proxy/Editor/Views/Properties/PropertiesPanel.cs - Importer: ScriptedImporter/UnityEditor.QuickSearchModule:UnityEditor.Search:ASIAI0B
Importing 'GUID: b10d1c0a975d47f2840062c1a1fbe6a9 - Path: Packages/com.unity.collab-proxy/Editor/Views/Properties/PropertiesPanel.cs - Importer: ScriptedImporter/UnityEditor.QuickSearchModule:UnityEditor.Search:ASIAI0B' with importer (ScriptedImporter : UnityEditor.QuickSearchModule:UnityEditor.Search:ASIAI0B)
Imported 'GUID: b10d1c0a975d47f2840062c1a1fbe6a9' -> (Import Result ID: '711103f5f0f86ec7ae2daa79af3c258d') in 0.002 seconds [static and dynamic dependencies]. Details - ImportResultOutputID=7418f07afaf74bddf5d99d66bff14737 DependenciesID=98b9c3eddc418e24234861018ada0f9e StaticDependenciesID=2eef7d0c54a6a22e6e55385f4c723cb8 
Number of updated asset objects reloaded before import = 0
Number of asset objects unloaded after import = 0
========================================================================
Received Import Request.
  Time of request: 2026-08-04T17:31:18.239898Z
  Time since last request: 0.0001814 seconds.
  importAddress: GUID: 4acf41ca020194d509c7c940c75913b0 - Path: Packages/com.unity.collab-proxy/Editor/Views/Properties/PropertiesRefreshNotifier.cs - Importer: ScriptedImporter/UnityEditor.QuickSearchModule:UnityEditor.Search:ASIAI0B
Importing 'GUID: 4acf41ca020194d509c7c940c75913b0 - Path: Packages/com.unity.collab-proxy/Editor/Views/Properties/PropertiesRefreshNotifier.cs - Importer: ScriptedImporter/UnityEditor.QuickSearchModule:UnityEditor.Search:ASIAI0B' with importer (ScriptedImporter : UnityEditor.QuickSearchModule:UnityEditor.Search:ASIAI0B)
Imported 'GUID: 4acf41ca020194d509c7c940c75913b0' -> (Import Result ID: 'f1a3ddb24880c3943f5777554335727c') in 0.002 seconds [static and dynamic dependencies]. Details - ImportResultOutputID=15c6a2ce9ca6de6384852eee88c118db DependenciesID=3cf3d1c54590bc9db3c232418162b408 StaticDependenciesID=5733f9a52d07e168bc94e26fd7b8a370 
Number of updated asset objects reloaded before import = 0
Number of asset objects unloaded after import = 0
========================================================================
Received Import Request.
  Time of request: 2026-08-04T17:31:18.2484605Z
  Time since last request: 0.0001796 seconds.
  importAddress: GUID: 0ee2845d0d4db9a4a9e8f4f6d0fa4e5e - Path: Packages/com.unity.collab-proxy/Editor/Views/History/HistoryListView.cs - Importer: ScriptedImporter/UnityEditor.QuickSearchModule:UnityEditor.Search:ASIAI0B
Importing 'GUID: 0ee2845d0d4db9a4a9e8f4f6d0fa4e5e - Path: Packages/com.unity.collab-proxy/Editor/Views/History/HistoryListView.cs - Importer: ScriptedImporter/UnityEditor.QuickSearchModule:UnityEditor.Search:ASIAI0B' with importer (ScriptedImporter : UnityEditor.QuickSearchModule:UnityEditor.Search:ASIAI0B)
Imported 'GUID: 0ee2845d0d4db9a4a9e8f4f6d0fa4e5e' -> (Import Result ID: '049406ca6ba4972f26f7dab9e87f60b9') in 0.002 seconds [static and dynamic dependencies]. Details - ImportResultOutputID=0217285f6591d720245b04fe270b5c89 DependenciesID=d04327594a6c46879e06570ad0686c89 StaticDependenciesID=fb70c9dde703ade377437997aa76585c 
Number of updated asset objects reloaded before import = 0
Number of asset objects unloaded after import = 0
========================================================================
Received Import Request.
  Time of request: 2026-08-04T17:31:18.2570249Z
  Time since last request: 0.0002162 seconds.
  importAddress: GUID: 5ab43506dddfc244ab5b44585140c5a6 - Path: Packages/com.unity.collab-proxy/Editor/Views/Diff/GetClientDiffInfos.cs - Importer: ScriptedImporter/UnityEditor.QuickSearchModule:UnityEditor.Search:ASIAI0B
Importing 'GUID: 5ab43506dddfc244ab5b44585140c5a6 - Path: Packages/com.unity.collab-proxy/Editor/Views/Diff/GetClientDiffInfos.cs - Importer: ScriptedImporter/UnityEditor.QuickSearchModule:UnityEditor.Search:ASIAI0B' with importer (ScriptedImporter : UnityEditor.QuickSearchModule:UnityEditor.Search:ASIAI0B)
Imported 'GUID: 5ab43506dddfc244ab5b44585140c5a6' -> (Import Result ID: 'eb897beaa281258d0112440cc12594be') in 0.002 seconds [static and dynamic dependencies]. Details - ImportResultOutputID=072a8beda3f1cae34f70654fd379a8ba DependenciesID=a9d67607dc1bbb1ad751539c9e9416b9 StaticDependenciesID=84e9b8253e219eab56369477983176ee 
Number of updated asset objects reloaded before import = 0
Number of asset objects unloaded after import = 0
========================================================================
Received Import Request.
  Time of request: 2026-08-04T17:31:18.265736Z
  Time since last request: 0.0002391 seconds.
  importAddress: GUID: 1b2dfd8c552c2468ca523d8dbb93ea5d - Path: Packages/com.unity.collab-proxy/Editor/Views/PendingChanges/PendingChangesTab.cs - Importer: ScriptedImporter/UnityEditor.QuickSearchModule:UnityEditor.Search:ASIAI0B
Importing 'GUID: 1b2dfd8c552c2468ca523d8dbb93ea5d - Path: Packages/com.unity.collab-proxy/Editor/Views/PendingChanges/PendingChangesTab.cs - Importer: ScriptedImporter/UnityEditor.QuickSearchModule:UnityEditor.Search:ASIAI0B' with importer (ScriptedImporter : UnityEditor.QuickSearchModule:UnityEditor.Search:ASIAI0B)
Imported 'GUID: 1b2dfd8c552c2468ca523d8dbb93ea5d' -> (Import Result ID: 'aaffde11cd83532e66c4ee63795d59d9') in 0.003 seconds [static and dynamic dependencies]. Details - ImportResultOutputID=615955add4e0648b68137d292ea5956c DependenciesID=dd38986ec6b41be6f9949f385dab1e89 StaticDependenciesID=6bca0a49d3ee1bfae2719d4a5c19f1a2 
Number of updated asset objects reloaded before import = 0
Number of asset objects unloaded after import = 0
========================================================================
Received Import Request.
  Time of request: 2026-08-04T17:31:18.275163Z
  Time since last request: 0.000237 seconds.
  importAddress: GUID: 2288af36c38fa57499c201d497d306c3 - Path: Packages/com.unity.collab-proxy/Editor/Views/Labels/LabelsListHeaderState.cs - Importer: ScriptedImporter/UnityEditor.QuickSearchModule:UnityEditor.Search:ASIAI0B
Importing 'GUID: 2288af36c38fa57499c201d497d306c3 - Path: Packages/com.unity.collab-proxy/Editor/Views/Labels/LabelsListHeaderState.cs - Importer: ScriptedImporter/UnityEditor.QuickSearchModule:UnityEditor.Search:ASIAI0B' with importer (ScriptedImporter : UnityEditor.QuickSearchModule:UnityEditor.Search:ASIAI0B)
Imported 'GUID: 2288af36c38fa57499c201d497d306c3' -> (Import Result ID: 'cf05ad5a1cb8707654cb363d8f511bf7') in 0.002 seconds [static and dynamic dependencies]. Details - ImportResultOutputID=63428a5f03553afafe046fddc8c21d77 DependenciesID=c5029b37c89864d18b70d98bfce2b63b StaticDependenciesID=a42f8503e1897c09e5d9d586487b9229 
Number of updated asset objects reloaded before import = 0
Number of asset objects unloaded after import = 0
========================================================================
Received Import Request.
  Time of request: 2026-08-04T17:31:18.2837634Z
  Time since last request: 0.0002209 seconds.
  importAddress: GUID: e89b1e9e9f1060b4f817977507831248 - Path: Packages/com.unity.collab-proxy/Editor/Views/Diff/UnityDiffTree.cs - Importer: ScriptedImporter/UnityEditor.QuickSearchModule:UnityEditor.Search:ASIAI0B
Importing 'GUID: e89b1e9e9f1060b4f817977507831248 - Path: Packages/com.unity.collab-proxy/Editor/Views/Diff/UnityDiffTree.cs - Importer: ScriptedImporter/UnityEditor.QuickSearchModule:UnityEditor.Search:ASIAI0B' with importer (ScriptedImporter : UnityEditor.QuickSearchModule:UnityEditor.Search:ASIAI0B)
Imported 'GUID: e89b1e9e9f1060b4f817977507831248' -> (Import Result ID: 'ea23949629fd82aaf3c0a8651ae46b6f') in 0.002 seconds [static and dynamic dependencies]. Details - ImportResultOutputID=a66c63856122f92fea5bcce6b2c1662a DependenciesID=6174e251126fc6dd8852f956419f7208 StaticDependenciesID=c9d7df852648d75a80883d26272d31c9 
Number of updated asset objects reloaded before import = 0
Number of asset objects unloaded after import = 0
========================================================================
Received Import Request.
  Time of request: 2026-08-04T17:31:18.2928368Z
  Time since last request: 0.0001961 seconds.
  importAddress: GUID: 29bc9dedaf364d2890f65a2757fb6005 - Path: Packages/com.unity.collab-proxy/Editor/Views/Merge/ApplyShelveReport.cs - Importer: ScriptedImporter/UnityEditor.QuickSearchModule:UnityEditor.Search:ASIAI0B
Importing 'GUID: 29bc9dedaf364d2890f65a2757fb6005 - Path: Packages/com.unity.collab-proxy/Editor/Views/Merge/ApplyShelveReport.cs - Importer: ScriptedImporter/UnityEditor.QuickSearchModule:UnityEditor.Search:ASIAI0B' with importer (ScriptedImporter : UnityEditor.QuickSearchModule:UnityEditor.Search:ASIAI0B)
Imported 'GUID: 29bc9dedaf364d2890f65a2757fb6005' -> (Import Result ID: '25d9a33269615f5a3e943b864c4c4f07') in 0.002 seconds [static and dynamic dependencies]. Details - ImportResultOutputID=248183c131e866b50fed98a0cd06ee94 DependenciesID=f46a4630f250f2630d2d3edf4eaad519 StaticDependenciesID=dd3953f009133b0582fe41508d661910 
Number of updated asset objects reloaded before import = 0
Number of asset objects unloaded after import = 0
========================================================================
Received Import Request.
  Time of request: 2026-08-04T17:31:18.3020383Z
  Time since last request: 0.0002896 seconds.
  importAddress: GUID: c3cec769cd6ff2849aa09c811b62e611 - Path: Packages/com.unity.collab-proxy/Editor/Views/History/HistoryListViewMenu.cs - Importer: ScriptedImporter/UnityEditor.QuickSearchModule:UnityEditor.Search:ASIAI0B
Importing 'GUID: c3cec769cd6ff2849aa09c811b62e611 - Path: Packages/com.unity.collab-proxy/Editor/Views/History/HistoryListViewMenu.cs - Importer: ScriptedImporter/UnityEditor.QuickSearchModule:UnityEditor.Search:ASIAI0B' with importer (ScriptedImporter : UnityEditor.QuickSearchModule:UnityEditor.Search:ASIAI0B)
Imported 'GUID: c3cec769cd6ff2849aa09c811b62e611' -> (Import Result ID: '8eb6e05c9f1abe08bf26e899875f18a1') in 0.002 seconds [static and dynamic dependencies]. Details - ImportResultOutputID=52837e6fa3ad17e71bea5d9e989fed4f DependenciesID=372992c89613ce9f8d4a2e1575968dbc StaticDependenciesID=938cf291e5a1ea61f864a621c77397bc 
Number of updated asset objects reloaded before import = 0
Number of asset objects unloaded after import = 0
========================================================================
Received Import Request.
  Time of request: 2026-08-04T17:31:18.3113954Z
  Time since last request: 0.0002255 seconds.
  importAddress: GUID: e7b15873dbe9463cad67af4fac8e41ba - Path: Packages/com.unity.collab-proxy/Editor/Views/PendingChanges/PendingChangesMultiColumnHeader.cs - Importer: ScriptedImporter/UnityEditor.QuickSearchModule:UnityEditor.Search:ASIAI0B
Importing 'GUID: e7b15873dbe9463cad67af4fac8e41ba - Path: Packages/com.unity.collab-proxy/Editor/Views/PendingChanges/PendingChangesMultiColumnHeader.cs - Importer: ScriptedImporter/UnityEditor.QuickSearchModule:UnityEditor.Search:ASIAI0B' with importer (ScriptedImporter : UnityEditor.QuickSearchModule:UnityEditor.Search:ASIAI0B)
Imported 'GUID: e7b15873dbe9463cad67af4fac8e41ba' -> (Import Result ID: 'ca80f3d28dd01aa058e1e789423e27a9') in 0.002 seconds [static and dynamic dependencies]. Details - ImportResultOutputID=2793140ac471b004fc00d868c815eccc DependenciesID=2042b5f18d3657dcc4210f5005be84b9 StaticDependenciesID=cd31c3a7a9c9d91aae9656e118222a88 
Number of updated asset objects reloaded before import = 0
Number of asset objects unloaded after import = 0
========================================================================
Received Import Request.
  Time of request: 2026-08-04T17:31:18.3196707Z
  Time since last request: 0.0002246 seconds.
  importAddress: GUID: 4ad84899006a47b9b710662c93ec6448 - Path: Packages/com.unity.collab-proxy/Editor/Views/Locks/LocksListView.cs - Importer: ScriptedImporter/UnityEditor.QuickSearchModule:UnityEditor.Search:ASIAI0B
Importing 'GUID: 4ad84899006a47b9b710662c93ec6448 - Path: Packages/com.unity.collab-proxy/Editor/Views/Locks/LocksListView.cs - Importer: ScriptedImporter/UnityEditor.QuickSearchModule:UnityEditor.Search:ASIAI0B' with importer (ScriptedImporter : UnityEditor.QuickSearchModule:UnityEditor.Search:ASIAI0B)
Imported 'GUID: 4ad84899006a47b9b710662c93ec6448' -> (Import Result ID: '2e35d4b2e74a37ab3cd17a4c91bea2ce') in 0.002 seconds [static and dynamic dependencies]. Details - ImportResultOutputID=6f8d2f9943775d1000c3b68994d53365 DependenciesID=647f8bbf67e59c8ab7b19365af42536d StaticDependenciesID=168b8648191309c9ad5b1e91601160e4 
Number of updated asset objects reloaded before import = 0
Number of asset objects unloaded after import = 0
========================================================================
Received Import Request.
  Time of request: 2026-08-04T17:31:18.3281654Z
  Time since last request: 0.0001906 seconds.
  importAddress: GUID: 1ee8c894c1a3e644fb379a46b41222d7 - Path: Packages/com.unity.collab-proxy/Editor/Views/Filters/FiltersPanel.cs - Importer: ScriptedImporter/UnityEditor.QuickSearchModule:UnityEditor.Search:ASIAI0B
Importing 'GUID: 1ee8c894c1a3e644fb379a46b41222d7 - Path: Packages/com.unity.collab-proxy/Editor/Views/Filters/FiltersPanel.cs - Importer: ScriptedImporter/UnityEditor.QuickSearchModule:UnityEditor.Search:ASIAI0B' with importer (ScriptedImporter : UnityEditor.QuickSearchModule:UnityEditor.Search:ASIAI0B)
Imported 'GUID: 1ee8c894c1a3e644fb379a46b41222d7' -> (Import Result ID: '36aeb530e0e4a7f55d915a03c8f5e285') in 0.002 seconds [static and dynamic dependencies]. Details - ImportResultOutputID=57daa5e7ebc2a2c147ab9de5395eba7e DependenciesID=3702c84136e7307449db8cf8733a8cbb StaticDependenciesID=180b7487696e82919361934dfab39b39 
Number of updated asset objects reloaded before import = 0
Number of asset objects unloaded after import = 0
========================================================================
Received Import Request.
  Time of request: 2026-08-04T17:31:18.336569Z
  Time since last request: 0.0002069 seconds.
  importAddress: GUID: 7a92174abe154af4b99e09e4b6cf31ee - Path: Packages/com.unity.collab-proxy/Editor/Views/PendingChanges/PendingChangesSelection.cs - Importer: ScriptedImporter/UnityEditor.QuickSearchModule:UnityEditor.Search:ASIAI0B
Importing 'GUID: 7a92174abe154af4b99e09e4b6cf31ee - Path: Packages/com.unity.collab-proxy/Editor/Views/PendingChanges/PendingChangesSelection.cs - Importer: ScriptedImporter/UnityEditor.QuickSearchModule:UnityEditor.Search:ASIAI0B' with importer (ScriptedImporter : UnityEditor.QuickSearchModule:UnityEditor.Search:ASIAI0B)
Imported 'GUID: 7a92174abe154af4b99e09e4b6cf31ee' -> (Import Result ID: '6c47bba317ae3e471dc89d8b67c0fb1e') in 0.002 seconds [static and dynamic dependencies]. Details - ImportResultOutputID=27db68748a94acf9de1c6076e25a0f5c DependenciesID=026d65cee44bc15bf3b5ab072bef8c2d StaticDependenciesID=a9ccf59d8ebce284fa4f436031367446 
Number of updated asset objects reloaded before import = 0
Number of asset objects unloaded after import = 0
========================================================================
Received Import Request.
  Time of request: 2026-08-04T17:31:18.3667204Z
  Time since last request: 0.0216619 seconds.
  importAddress: GUID: f3ea369c0ef5144dca2e08159f292177 - Path: Packages/com.unity.collab-proxy/Lib/Editor/Localization/configurehelper.ko.txt - Importer: ScriptedImporter/UnityEditor.QuickSearchModule:UnityEditor.Search:ASIAI0B
Importing 'GUID: f3ea369c0ef5144dca2e08159f292177 - Path: Packages/com.unity.collab-proxy/Lib/Editor/Localization/configurehelper.ko.txt - Importer: ScriptedImporter/UnityEditor.QuickSearchModule:UnityEditor.Search:ASIAI0B' with importer (ScriptedImporter : UnityEditor.QuickSearchModule:UnityEditor.Search:ASIAI0B)
Imported 'GUID: f3ea369c0ef5144dca2e08159f292177' -> (Import Result ID: '5a0ecb97acf2d3eceb1f38596b214ed7') in 0.002 seconds [static and dynamic dependencies]. Details - ImportResultOutputID=73a6606390da751b470ea962d09deccb DependenciesID=6391268192dc697e90e6b59feff70fb4 StaticDependenciesID=473c83007530ecde20971a07b7d562a9 
Number of updated asset objects reloaded before import = 0
Number of asset objects unloaded after import = 1
========================================================================
Received Import Request.
  Time of request: 2026-08-04T17:31:18.3753367Z
  Time since last request: 0.0002137 seconds.
  importAddress: GUID: 29abf003bc40e4f079730eb88d538d98 - Path: Packages/com.unity.collab-proxy/Lib/Editor/Localization/common.en.txt - Importer: ScriptedImporter/UnityEditor.QuickSearchModule:UnityEditor.Search:ASIAI0B
Importing 'GUID: 29abf003bc40e4f079730eb88d538d98 - Path: Packages/com.unity.collab-proxy/Lib/Editor/Localization/common.en.txt - Importer: ScriptedImporter/UnityEditor.QuickSearchModule:UnityEditor.Search:ASIAI0B' with importer (ScriptedImporter : UnityEditor.QuickSearchModule:UnityEditor.Search:ASIAI0B)
Imported 'GUID: 29abf003bc40e4f079730eb88d538d98' -> (Import Result ID: '5cdad4359247482621233b661f484670') in 0.002 seconds [static and dynamic dependencies]. Details - ImportResultOutputID=f7157dd8d893e41b0a6a759fbd275203 DependenciesID=1a1f44b98e236c7534fe48d749d2f8d0 StaticDependenciesID=66ceca689e144b03a33b8ab79b67c513 
Number of updated asset objects reloaded before import = 0
Number of asset objects unloaded after import = 1
========================================================================
Received Import Request.
  Time of request: 2026-08-04T17:31:18.3835157Z
  Time since last request: 0.0002253 seconds.
  importAddress: GUID: 2e38b4690fec967478ecffad444155e6 - Path: Packages/com.unity.collab-proxy/Editor/_Deprecated/WebApi/OrganizationCredentials.cs - Importer: ScriptedImporter/UnityEditor.QuickSearchModule:UnityEditor.Search:ASIAI0B
Importing 'GUID: 2e38b4690fec967478ecffad444155e6 - Path: Packages/com.unity.collab-proxy/Editor/_Deprecated/WebApi/OrganizationCredentials.cs - Importer: ScriptedImporter/UnityEditor.QuickSearchModule:UnityEditor.Search:ASIAI0B' with importer (ScriptedImporter : UnityEditor.QuickSearchModule:UnityEditor.Search:ASIAI0B)
Imported 'GUID: 2e38b4690fec967478ecffad444155e6' -> (Import Result ID: '38e071ae5db7c4f43d0686a25577df06') in 0.002 seconds [static and dynamic dependencies]. Details - ImportResultOutputID=21731a10c822474abe0fa960d85b1996 DependenciesID=3c96e4057c22e3ea131d50521befd8fd StaticDependenciesID=7662b2ec58b822090ab23e0c9b1c6be0 
Number of updated asset objects reloaded before import = 0
Number of asset objects unloaded after import = 0
========================================================================
Received Import Request.
  Time of request: 2026-08-04T17:31:18.3942386Z
  Time since last request: 0.0002158 seconds.
  importAddress: GUID: 118b64466f3c7c24e98e147660e2eb98 - Path: Packages/com.unity.collab-proxy/Editor/_Deprecated/WebApi/ChangesetFromCollabCommitResponse.cs - Importer: ScriptedImporter/UnityEditor.QuickSearchModule:UnityEditor.Search:ASIAI0B
Importing 'GUID: 118b64466f3c7c24e98e147660e2eb98 - Path: Packages/com.unity.collab-proxy/Editor/_Deprecated/WebApi/ChangesetFromCollabCommitResponse.cs - Importer: ScriptedImporter/UnityEditor.QuickSearchModule:UnityEditor.Search:ASIAI0B' with importer (ScriptedImporter : UnityEditor.QuickSearchModule:UnityEditor.Search:ASIAI0B)
Imported 'GUID: 118b64466f3c7c24e98e147660e2eb98' -> (Import Result ID: 'a4d970939a4817533a6691a412272842') in 0.002 seconds [static and dynamic dependencies]. Details - ImportResultOutputID=01df0bc95398a447c82af142245ebdc4 DependenciesID=1c2a532d502f3829169fbbf3a23a7451 StaticDependenciesID=9aa539dfd4a43b7b37a69068690c86a9 
Number of updated asset objects reloaded before import = 0
Number of asset objects unloaded after import = 0
========================================================================
Received Import Request.
  Time of request: 2026-08-04T17:31:18.4045444Z
  Time since last request: 0.0001953 seconds.
  importAddress: GUID: 2e9f960849fcb4ac5bf1fbf3a43c588c - Path: Packages/com.unity.collab-proxy/Lib/Editor/Localization/differences.zh-Hant.txt - Importer: ScriptedImporter/UnityEditor.QuickSearchModule:UnityEditor.Search:ASIAI0B
Importing 'GUID: 2e9f960849fcb4ac5bf1fbf3a43c588c - Path: Packages/com.unity.collab-proxy/Lib/Editor/Localization/differences.zh-Hant.txt - Importer: ScriptedImporter/UnityEditor.QuickSearchModule:UnityEditor.Search:ASIAI0B' with importer (ScriptedImporter : UnityEditor.QuickSearchModule:UnityEditor.Search:ASIAI0B)
Imported 'GUID: 2e9f960849fcb4ac5bf1fbf3a43c588c' -> (Import Result ID: 'fbc72b3fe61cea73c6fd248fc0f97b2b') in 0.002 seconds [static and dynamic dependencies]. Details - ImportResultOutputID=63cd42cb29c48848268bff5e93a41095 DependenciesID=1a576072d6ec42185a133d1ad95ad477 StaticDependenciesID=aa7457f01fee71e508eccea46f37a97a 
Number of updated asset objects reloaded before import = 0
Number of asset objects unloaded after import = 1
========================================================================
Received Import Request.
  Time of request: 2026-08-04T17:31:18.4136644Z
  Time since last request: 0.0002067 seconds.
  importAddress: GUID: 01e0e23bf64e44c359f58e04304087c0 - Path: Packages/com.unity.collab-proxy/Lib/Editor/Localization/configurehelper.zh-Hans.txt - Importer: ScriptedImporter/UnityEditor.QuickSearchModule:UnityEditor.Search:ASIAI0B
Importing 'GUID: 01e0e23bf64e44c359f58e04304087c0 - Path: Packages/com.unity.collab-proxy/Lib/Editor/Localization/configurehelper.zh-Hans.txt - Importer: ScriptedImporter/UnityEditor.QuickSearchModule:UnityEditor.Search:ASIAI0B' with importer (ScriptedImporter : UnityEditor.QuickSearchModule:UnityEditor.Search:ASIAI0B)
Imported 'GUID: 01e0e23bf64e44c359f58e04304087c0' -> (Import Result ID: '2f5edade414d863efe5e35dfd92c0f05') in 0.003 seconds [static and dynamic dependencies]. Details - ImportResultOutputID=08f3c6dd03af7f1cda8b53a57fc92c84 DependenciesID=d9e5b0797fca9da7c411357a47193d8d StaticDependenciesID=151b9fdd62b87486335476ca4d1bc753 
Number of updated asset objects reloaded before import = 0
Number of asset objects unloaded after import = 1
========================================================================
Received Import Request.
  Time of request: 2026-08-04T17:31:18.4252346Z
  Time since last request: 0.0001596 seconds.
  importAddress: GUID: d877163a4d5b71945ae435ce29592751 - Path: Packages/com.unity.collab-proxy/Editor/_Deprecated/CollabMigration/MigrateCollabProject.cs - Importer: ScriptedImporter/UnityEditor.QuickSearchModule:UnityEditor.Search:ASIAI0B
Importing 'GUID: d877163a4d5b71945ae435ce29592751 - Path: Packages/com.unity.collab-proxy/Editor/_Deprecated/CollabMigration/MigrateCollabProject.cs - Importer: ScriptedImporter/UnityEditor.QuickSearchModule:UnityEditor.Search:ASIAI0B' with importer (ScriptedImporter : UnityEditor.QuickSearchModule:UnityEditor.Search:ASIAI0B)
Imported 'GUID: d877163a4d5b71945ae435ce29592751' -> (Import Result ID: 'e57491b14eff29123423b0e91adeccd2') in 0.002 seconds [static and dynamic dependencies]. Details - ImportResultOutputID=4b5b0e25350a1cfa93c7feda307641f9 DependenciesID=f36368ee1972ae0ee69fd3c7a2af60e3 StaticDependenciesID=b48233220f074330e20e913c60f6cfef 
Number of updated asset objects reloaded before import = 0
Number of asset objects unloaded after import = 0
========================================================================
Received Import Request.
  Time of request: 2026-08-04T17:31:18.4343656Z
  Time since last request: 0.0001787 seconds.
  importAddress: GUID: a5e3865464ad84fca9a66428aea44d33 - Path: Packages/com.unity.collab-proxy/Lib/Editor/Localization/basecommands.zh-Hant.txt - Importer: ScriptedImporter/UnityEditor.QuickSearchModule:UnityEditor.Search:ASIAI0B
Importing 'GUID: a5e3865464ad84fca9a66428aea44d33 - Path: Packages/com.unity.collab-proxy/Lib/Editor/Localization/basecommands.zh-Hant.txt - Importer: ScriptedImporter/UnityEditor.QuickSearchModule:UnityEditor.Search:ASIAI0B' with importer (ScriptedImporter : UnityEditor.QuickSearchModule:UnityEditor.Search:ASIAI0B)
Imported 'GUID: a5e3865464ad84fca9a66428aea44d33' -> (Import Result ID: '0b82529abb021acd6872e0de59e3c1c9') in 0.002 seconds [static and dynamic dependencies]. Details - ImportResultOutputID=07f788186c7e53c33c395c229f5bcb32 DependenciesID=85079cde5c2d9acae8d515dbfbb7f727 StaticDependenciesID=9e022abde986083e2e78bc62c5984653 
Number of updated asset objects reloaded before import = 0
Number of asset objects unloaded after import = 1
========================================================================
Received Import Request.
  Time of request: 2026-08-04T17:31:18.4441748Z
  Time since last request: 0.0001802 seconds.
  importAddress: GUID: f8fabb85242ab4dc4916dd3486ebfed7 - Path: Packages/com.unity.collab-proxy/Lib/Editor/Localization/configurehelper.en.txt - Importer: ScriptedImporter/UnityEditor.QuickSearchModule:UnityEditor.Search:ASIAI0B
Importing 'GUID: f8fabb85242ab4dc4916dd3486ebfed7 - Path: Packages/com.unity.collab-proxy/Lib/Editor/Localization/configurehelper.en.txt - Importer: ScriptedImporter/UnityEditor.QuickSearchModule:UnityEditor.Search:ASIAI0B' with importer (ScriptedImporter : UnityEditor.QuickSearchModule:UnityEditor.Search:ASIAI0B)
Imported 'GUID: f8fabb85242ab4dc4916dd3486ebfed7' -> (Import Result ID: '3c7f7d2ae020fad05951cf433f88119e') in 0.002 seconds [static and dynamic dependencies]. Details - ImportResultOutputID=46916143b889abed70b00349f5ec197a DependenciesID=217d29b798345886514a441876dad0ee StaticDependenciesID=b59252329ed6bb6fa23d320c67a53503 
Number of updated asset objects reloaded before import = 0
Number of asset objects unloaded after import = 1
========================================================================
Received Import Request.
  Time of request: 2026-08-04T17:31:18.4532149Z
  Time since last request: 0.0002377 seconds.
  importAddress: GUID: f3a25560eb3f44acdb02ae58620e078c - Path: Packages/com.unity.collab-proxy/Lib/Editor/Localization/guihelp.es.txt - Importer: ScriptedImporter/UnityEditor.QuickSearchModule:UnityEditor.Search:ASIAI0B
Importing 'GUID: f3a25560eb3f44acdb02ae58620e078c - Path: Packages/com.unity.collab-proxy/Lib/Editor/Localization/guihelp.es.txt - Importer: ScriptedImporter/UnityEditor.QuickSearchModule:UnityEditor.Search:ASIAI0B' with importer (ScriptedImporter : UnityEditor.QuickSearchModule:UnityEditor.Search:ASIAI0B)
Imported 'GUID: f3a25560eb3f44acdb02ae58620e078c' -> (Import Result ID: '322c06240ced2c0062fb14935515beea') in 0.002 seconds [static and dynamic dependencies]. Details - ImportResultOutputID=5539f3bff026781c4ece743ec7dfc7a9 DependenciesID=8dda858ce925411ee0c45824e7668d0e StaticDependenciesID=69b038810ea8fc9a21188dd4ac3c6d5a 
Number of updated asset objects reloaded before import = 0
Number of asset objects unloaded after import = 1
========================================================================
Received Import Request.
  Time of request: 2026-08-04T17:31:18.4620825Z
  Time since last request: 0.0002247 seconds.
  importAddress: GUID: b60eb5d9730c144d1aee252ab81e3504 - Path: Packages/com.unity.collab-proxy/Lib/Editor/Localization/differences.zh-Hans.txt - Importer: ScriptedImporter/UnityEditor.QuickSearchModule:UnityEditor.Search:ASIAI0B
Importing 'GUID: b60eb5d9730c144d1aee252ab81e3504 - Path: Packages/com.unity.collab-proxy/Lib/Editor/Localization/differences.zh-Hans.txt - Importer: ScriptedImporter/UnityEditor.QuickSearchModule:UnityEditor.Search:ASIAI0B' with importer (ScriptedImporter : UnityEditor.QuickSearchModule:UnityEditor.Search:ASIAI0B)
Imported 'GUID: b60eb5d9730c144d1aee252ab81e3504' -> (Import Result ID: 'fc244256e00c90e1d7c381bbced2b835') in 0.002 seconds [static and dynamic dependencies]. Details - ImportResultOutputID=28004ccf15f74be460ea9dbdfe6ae615 DependenciesID=f4ce0938d84b339663c9d61e76c7a56f StaticDependenciesID=dcb8dd761893d271a1000372349f57cf 
Number of updated asset objects reloaded before import = 0
Number of asset objects unloaded after import = 1
========================================================================
Received Import Request.
  Time of request: 2026-08-04T17:31:18.4711855Z
  Time since last request: 0.0001956 seconds.
  importAddress: GUID: 49219f4ee5ecc4611aaf67609eeed843 - Path: Packages/com.unity.collab-proxy/Lib/Editor/Localization/clientcommon.ko.txt - Importer: ScriptedImporter/UnityEditor.QuickSearchModule:UnityEditor.Search:ASIAI0B
Importing 'GUID: 49219f4ee5ecc4611aaf67609eeed843 - Path: Packages/com.unity.collab-proxy/Lib/Editor/Localization/clientcommon.ko.txt - Importer: ScriptedImporter/UnityEditor.QuickSearchModule:UnityEditor.Search:ASIAI0B' with importer (ScriptedImporter : UnityEditor.QuickSearchModule:UnityEditor.Search:ASIAI0B)
Imported 'GUID: 49219f4ee5ecc4611aaf67609eeed843' -> (Import Result ID: '20f2c136512f7dd3eafd8324f1f20648') in 0.002 seconds [static and dynamic dependencies]. Details - ImportResultOutputID=668c6e17af5d546820a705c72e7cb263 DependenciesID=ee5c7b3b05a9b418ec6f502afc931ec2 StaticDependenciesID=e47c9d665efa079ac6fd808f20d2fcc0 
Number of updated asset objects reloaded before import = 0
Number of asset objects unloaded after import = 1
========================================================================
Received Import Request.
  Time of request: 2026-08-04T17:31:18.4795589Z
  Time since last request: 0.0001963 seconds.
  importAddress: GUID: 2c0548b030b4443e1bba441773bbc14b - Path: Packages/com.unity.collab-proxy/Lib/Editor/Localization/cm.zh-Hans.txt - Importer: ScriptedImporter/UnityEditor.QuickSearchModule:UnityEditor.Search:ASIAI0B
Importing 'GUID: 2c0548b030b4443e1bba441773bbc14b - Path: Packages/com.unity.collab-proxy/Lib/Editor/Localization/cm.zh-Hans.txt - Importer: ScriptedImporter/UnityEditor.QuickSearchModule:UnityEditor.Search:ASIAI0B' with importer (ScriptedImporter : UnityEditor.QuickSearchModule:UnityEditor.Search:ASIAI0B)
Imported 'GUID: 2c0548b030b4443e1bba441773bbc14b' -> (Import Result ID: '394253817efc03d829cc61b5152714e4') in 0.002 seconds [static and dynamic dependencies]. Details - ImportResultOutputID=7c04f61625aaa8d9018e21619289d56b DependenciesID=81fa40466d53eb80b2b8ead8dc039a91 StaticDependenciesID=22c6f8ddb4f6a87a3b3b89ee61273917 
Number of updated asset objects reloaded before import = 0
Number of asset objects unloaded after import = 1
========================================================================
Received Import Request.
  Time of request: 2026-08-04T17:31:18.4878195Z
  Time since last request: 0.0002206 seconds.
  importAddress: GUID: 8b54dd8fd297e447cb3cd4a1d0bf41b4 - Path: Packages/com.unity.collab-proxy/Lib/Editor/Localization/i3.en.txt - Importer: ScriptedImporter/UnityEditor.QuickSearchModule:UnityEditor.Search:ASIAI0B
Importing 'GUID: 8b54dd8fd297e447cb3cd4a1d0bf41b4 - Path: Packages/com.unity.collab-proxy/Lib/Editor/Localization/i3.en.txt - Importer: ScriptedImporter/UnityEditor.QuickSearchModule:UnityEditor.Search:ASIAI0B' with importer (ScriptedImporter : UnityEditor.QuickSearchModule:UnityEditor.Search:ASIAI0B)
Imported 'GUID: 8b54dd8fd297e447cb3cd4a1d0bf41b4' -> (Import Result ID: '4bbfd114283f0664fc95754f60b630d7') in 0.002 seconds [static and dynamic dependencies]. Details - ImportResultOutputID=4e8ef8109f991b7d2b9fd5fdc18446d0 DependenciesID=2fb7632f9419de140b651af2b841a415 StaticDependenciesID=c3f5546e9fa4229e33834ece9ea1dd08 
Number of updated asset objects reloaded before import = 0
Number of asset objects unloaded after import = 1
========================================================================
Received Import Request.
  Time of request: 2026-08-04T17:31:18.4962725Z
  Time since last request: 0.0002128 seconds.
  importAddress: GUID: 5b620c1ab90c8486aa98357a3d5aa245 - Path: Packages/com.unity.collab-proxy/Lib/Editor/Localization/basecommands.es.txt - Importer: ScriptedImporter/UnityEditor.QuickSearchModule:UnityEditor.Search:ASIAI0B
Importing 'GUID: 5b620c1ab90c8486aa98357a3d5aa245 - Path: Packages/com.unity.collab-proxy/Lib/Editor/Localization/basecommands.es.txt - Importer: ScriptedImporter/UnityEditor.QuickSearchModule:UnityEditor.Search:ASIAI0B' with importer (ScriptedImporter : UnityEditor.QuickSearchModule:UnityEditor.Search:ASIAI0B)
Imported 'GUID: 5b620c1ab90c8486aa98357a3d5aa245' -> (Import Result ID: '60cbcb436efffca616b1aad388563770') in 0.002 seconds [static and dynamic dependencies]. Details - ImportResultOutputID=ef37dc5a4d4f7050e2893afca241f89e DependenciesID=27523659d0178f63fdaaf4750e02dcbe StaticDependenciesID=f94d05e13300141325ffdfa683b8c74c 
Number of updated asset objects reloaded before import = 0
Number of asset objects unloaded after import = 1
========================================================================
Received Import Request.
  Time of request: 2026-08-04T17:31:18.5043842Z
  Time since last request: 0.0001762 seconds.
  importAddress: GUID: a6c98e10980b3448d8255dad9083b222 - Path: Packages/com.unity.collab-proxy/Lib/Editor/Localization/images.en.txt - Importer: ScriptedImporter/UnityEditor.QuickSearchModule:UnityEditor.Search:ASIAI0B
Importing 'GUID: a6c98e10980b3448d8255dad9083b222 - Path: Packages/com.unity.collab-proxy/Lib/Editor/Localization/images.en.txt - Importer: ScriptedImporter/UnityEditor.QuickSearchModule:UnityEditor.Search:ASIAI0B' with importer (ScriptedImporter : UnityEditor.QuickSearchModule:UnityEditor.Search:ASIAI0B)
Imported 'GUID: a6c98e10980b3448d8255dad9083b222' -> (Import Result ID: '04862c91490369e4180921b04e454f99') in 0.002 seconds [static and dynamic dependencies]. Details - ImportResultOutputID=4768a701f3ef76c3baa04d4d247a6d6e DependenciesID=748510cae3bf8d2c6be95d00683e9dbb StaticDependenciesID=981766bdb4998f6e3f96a1ddf9b88e54 
Number of updated asset objects reloaded before import = 0
Number of asset objects unloaded after import = 1
========================================================================
Received Import Request.
  Time of request: 2026-08-04T17:31:18.5123141Z
  Time since last request: 0.0002193 seconds.
  importAddress: GUID: e17d60c92c7634fd38dbc5da644e653e - Path: Packages/com.unity.collab-proxy/Lib/Editor/Localization/commontypes.zh-Hant.txt - Importer: ScriptedImporter/UnityEditor.QuickSearchModule:UnityEditor.Search:ASIAI0B
Importing 'GUID: e17d60c92c7634fd38dbc5da644e653e - Path: Packages/com.unity.collab-proxy/Lib/Editor/Localization/commontypes.zh-Hant.txt - Importer: ScriptedImporter/UnityEditor.QuickSearchModule:UnityEditor.Search:ASIAI0B' with importer (ScriptedImporter : UnityEditor.QuickSearchModule:UnityEditor.Search:ASIAI0B)
Imported 'GUID: e17d60c92c7634fd38dbc5da644e653e' -> (Import Result ID: '0d068025ca700556541456bb46f8b2b8') in 0.002 seconds [static and dynamic dependencies]. Details - ImportResultOutputID=cabf60069e5f003d0a0aecfeb5656e5b DependenciesID=d930906214a3ab17e76b936a20e15ea0 StaticDependenciesID=cd1d74a04f3c92b110e999a732f39208 
Number of updated asset objects reloaded before import = 0
Number of asset objects unloaded after import = 1
========================================================================
Received Import Request.
  Time of request: 2026-08-04T17:31:18.5211303Z
  Time since last request: 0.0003527 seconds.
  importAddress: GUID: f04ab50f8452f4367be9271932ec2cd4 - Path: Packages/com.unity.collab-proxy/Lib/Editor/Localization/clientcommon.ja.txt - Importer: ScriptedImporter/UnityEditor.QuickSearchModule:UnityEditor.Search:ASIAI0B
Importing 'GUID: f04ab50f8452f4367be9271932ec2cd4 - Path: Packages/com.unity.collab-proxy/Lib/Editor/Localization/clientcommon.ja.txt - Importer: ScriptedImporter/UnityEditor.QuickSearchModule:UnityEditor.Search:ASIAI0B' with importer (ScriptedImporter : UnityEditor.QuickSearchModule:UnityEditor.Search:ASIAI0B)
Imported 'GUID: f04ab50f8452f4367be9271932ec2cd4' -> (Import Result ID: '941214cb71a70874e9f3422c720b171e') in 0.002 seconds [static and dynamic dependencies]. Details - ImportResultOutputID=36f84a301ad0e3f20ecb3cf4603b6e3c DependenciesID=d85d278572ba28c7e65ddc0b7feab24f StaticDependenciesID=a54214e1ac1cd2a856e9593178771ae0 
Number of updated asset objects reloaded before import = 0
Number of asset objects unloaded after import = 1
========================================================================
Received Import Request.
  Time of request: 2026-08-04T17:31:18.5299475Z
  Time since last request: 0.0002168 seconds.
  importAddress: GUID: aff69f03cce064727895a8e6867325c6 - Path: Packages/com.unity.collab-proxy/Lib/Editor/Localization/differences.ja.txt - Importer: ScriptedImporter/UnityEditor.QuickSearchModule:UnityEditor.Search:ASIAI0B
Importing 'GUID: aff69f03cce064727895a8e6867325c6 - Path: Packages/com.unity.collab-proxy/Lib/Editor/Localization/differences.ja.txt - Importer: ScriptedImporter/UnityEditor.QuickSearchModule:UnityEditor.Search:ASIAI0B' with importer (ScriptedImporter : UnityEditor.QuickSearchModule:UnityEditor.Search:ASIAI0B)
Imported 'GUID: aff69f03cce064727895a8e6867325c6' -> (Import Result ID: 'ce4afb74a1666250dbce205ffe98047e') in 0.002 seconds [static and dynamic dependencies]. Details - ImportResultOutputID=637ae6b93b4ecd965a3dccebdb7338ef DependenciesID=23d00f6113d00192e26572adde9b7a11 StaticDependenciesID=45187d75bad2fc63df976e49558c9c00 
Number of updated asset objects reloaded before import = 0
Number of asset objects unloaded after import = 1
========================================================================
Received Import Request.
  Time of request: 2026-08-04T17:31:18.5392722Z
  Time since last request: 0.0003242 seconds.
  importAddress: GUID: d2c40a1f674654076953b01aad530c3d - Path: Packages/com.unity.collab-proxy/Lib/Editor/Localization/basecommands.en.txt - Importer: ScriptedImporter/UnityEditor.QuickSearchModule:UnityEditor.Search:ASIAI0B
Importing 'GUID: d2c40a1f674654076953b01aad530c3d - Path: Packages/com.unity.collab-proxy/Lib/Editor/Localization/basecommands.en.txt - Importer: ScriptedImporter/UnityEditor.QuickSearchModule:UnityEditor.Search:ASIAI0B' with importer (ScriptedImporter : UnityEditor.QuickSearchModule:UnityEditor.Search:ASIAI0B)
Imported 'GUID: d2c40a1f674654076953b01aad530c3d' -> (Import Result ID: '7e01c29f6486fe1ea5ef5d0ef73f4768') in 0.002 seconds [static and dynamic dependencies]. Details - ImportResultOutputID=73b95167cb3c7eeebb1dbdb3d7b7189e DependenciesID=052f25ecf4f7119e80d79ee922ba0452 StaticDependenciesID=60298fd649fe14e05b9faef2de84f1a0 
Number of updated asset objects reloaded before import = 0
Number of asset objects unloaded after import = 1
========================================================================
Received Import Request.
  Time of request: 2026-08-04T17:31:18.5530279Z
  Time since last request: 0.0025867 seconds.
  importAddress: GUID: 98eabb8d06d1a43cfa8511535011b8f1 - Path: Packages/com.unity.collab-proxy/Lib/Editor/Localization/mergetool.es.txt - Importer: ScriptedImporter/UnityEditor.QuickSearchModule:UnityEditor.Search:ASIAI0B
Importing 'GUID: 98eabb8d06d1a43cfa8511535011b8f1 - Path: Packages/com.unity.collab-proxy/Lib/Editor/Localization/mergetool.es.txt - Importer: ScriptedImporter/UnityEditor.QuickSearchModule:UnityEditor.Search:ASIAI0B' with importer (ScriptedImporter : UnityEditor.QuickSearchModule:UnityEditor.Search:ASIAI0B)
Imported 'GUID: 98eabb8d06d1a43cfa8511535011b8f1' -> (Import Result ID: 'a847eb9d932eeeaa17d54b163123c347') in 0.002 seconds [static and dynamic dependencies]. Details - ImportResultOutputID=51d4c8a4eb105099452d23f2235e3e2c DependenciesID=961c1ea89dae1e99f73a27db5001ddbb StaticDependenciesID=861e060573ec8edf2894af78540830c3 
Number of updated asset objects reloaded before import = 0
Number of asset objects unloaded after import = 1
========================================================================
Received Import Request.
  Time of request: 2026-08-04T17:31:18.5626723Z
  Time since last request: 0.0001783 seconds.
  importAddress: GUID: 30b2bcf5613b04349be9a5342224bc84 - Path: Packages/com.unity.collab-proxy/Lib/Editor/Localization/images.ja.txt - Importer: ScriptedImporter/UnityEditor.QuickSearchModule:UnityEditor.Search:ASIAI0B
Importing 'GUID: 30b2bcf5613b04349be9a5342224bc84 - Path: Packages/com.unity.collab-proxy/Lib/Editor/Localization/images.ja.txt - Importer: ScriptedImporter/UnityEditor.QuickSearchModule:UnityEditor.Search:ASIAI0B' with importer (ScriptedImporter : UnityEditor.QuickSearchModule:UnityEditor.Search:ASIAI0B)
Imported 'GUID: 30b2bcf5613b04349be9a5342224bc84' -> (Import Result ID: '1d2aedebc31dfc76fa2a5aede132c0b1') in 0.002 seconds [static and dynamic dependencies]. Details - ImportResultOutputID=e4c2a44d4e7bec10427e371750d40fe0 DependenciesID=4b72526b653b65113e85e789e52d1a7c StaticDependenciesID=8264c2cdcf970b57a1e3a0cd5196f767 
Number of updated asset objects reloaded before import = 0
Number of asset objects unloaded after import = 1
========================================================================
Received Import Request.
  Time of request: 2026-08-04T17:31:18.5716372Z
  Time since last request: 0.0001934 seconds.
  importAddress: GUID: f264af12220984226b5566f53fa5b0cd - Path: Packages/com.unity.collab-proxy/Lib/Editor/Localization/workspaceserver.zh-Hans.txt - Importer: ScriptedImporter/UnityEditor.QuickSearchModule:UnityEditor.Search:ASIAI0B
Importing 'GUID: f264af12220984226b5566f53fa5b0cd - Path: Packages/com.unity.collab-proxy/Lib/Editor/Localization/workspaceserver.zh-Hans.txt - Importer: ScriptedImporter/UnityEditor.QuickSearchModule:UnityEditor.Search:ASIAI0B' with importer (ScriptedImporter : UnityEditor.QuickSearchModule:UnityEditor.Search:ASIAI0B)
Imported 'GUID: f264af12220984226b5566f53fa5b0cd' -> (Import Result ID: '9b77b1597548d398cae87513ded2340c') in 0.003 seconds [static and dynamic dependencies]. Details - ImportResultOutputID=e7932f968606025b25f46ed73ca569a9 DependenciesID=ab2eb7af4052b0ade8c7585e282dcb07 StaticDependenciesID=5356a7443ca9acc0a926f820165905a7 
Number of updated asset objects reloaded before import = 0
Number of asset objects unloaded after import = 1
========================================================================
Received Import Request.
  Time of request: 2026-08-04T17:31:18.5822583Z
  Time since last request: 0.0001607 seconds.
  importAddress: GUID: 68b2b40d7b2d24d4b8daab86e7c9be2d - Path: Packages/com.unity.collab-proxy/Lib/Editor/Localization/images.ko.txt - Importer: ScriptedImporter/UnityEditor.QuickSearchModule:UnityEditor.Search:ASIAI0B
Importing 'GUID: 68b2b40d7b2d24d4b8daab86e7c9be2d - Path: Packages/com.unity.collab-proxy/Lib/Editor/Localization/images.ko.txt - Importer: ScriptedImporter/UnityEditor.QuickSearchModule:UnityEditor.Search:ASIAI0B' with importer (ScriptedImporter : UnityEditor.QuickSearchModule:UnityEditor.Search:ASIAI0B)
Imported 'GUID: 68b2b40d7b2d24d4b8daab86e7c9be2d' -> (Import Result ID: '02aafb38742dcc244487839d493bfced') in 0.002 seconds [static and dynamic dependencies]. Details - ImportResultOutputID=17be0b074e1f6e3ef25d98e0922bc62a DependenciesID=042a173d6218151cb51e84b510501eab StaticDependenciesID=bfd8a08470f5f03de9201a4991df1f44 
Number of updated asset objects reloaded before import = 0
Number of asset objects unloaded after import = 1
========================================================================
Received Import Request.
  Time of request: 2026-08-04T17:31:18.5919324Z
  Time since last request: 0.0002937 seconds.
  importAddress: GUID: 906bc1afa6344104953c1f8f08e54b11 - Path: Packages/com.unity.collab-proxy/Editor/CloudDrive/Workspaces/DirectoryContent/ProcessDragEvent.cs - Importer: ScriptedImporter/UnityEditor.QuickSearchModule:UnityEditor.Search:ASIAI0B
Importing 'GUID: 906bc1afa6344104953c1f8f08e54b11 - Path: Packages/com.unity.collab-proxy/Editor/CloudDrive/Workspaces/DirectoryContent/ProcessDragEvent.cs - Importer: ScriptedImporter/UnityEditor.QuickSearchModule:UnityEditor.Search:ASIAI0B' with importer (ScriptedImporter : UnityEditor.QuickSearchModule:UnityEditor.Search:ASIAI0B)
Imported 'GUID: 906bc1afa6344104953c1f8f08e54b11' -> (Import Result ID: 'a9bf07c57f529ef01c4b70d9ad72e486') in 0.002 seconds [static and dynamic dependencies]. Details - ImportResultOutputID=337c82a0a0c8324eff18cee62d46ac34 DependenciesID=1792013a9a4a3e8971327f0afa7c50c0 StaticDependenciesID=3671d131cde51f0ca516b088a2a399ad 
Number of updated asset objects reloaded before import = 0
Number of asset objects unloaded after import = 0
========================================================================
Received Import Request.
  Time of request: 2026-08-04T17:31:18.6022481Z
  Time since last request: 0.0002037 seconds.
  importAddress: GUID: 46969e2907e104a649761ed2ce5c9acd - Path: Packages/com.unity.collab-proxy/Lib/Editor/Localization/images.zh-Hans.txt - Importer: ScriptedImporter/UnityEditor.QuickSearchModule:UnityEditor.Search:ASIAI0B
Importing 'GUID: 46969e2907e104a649761ed2ce5c9acd - Path: Packages/com.unity.collab-proxy/Lib/Editor/Localization/images.zh-Hans.txt - Importer: ScriptedImporter/UnityEditor.QuickSearchModule:UnityEditor.Search:ASIAI0B' with importer (ScriptedImporter : UnityEditor.QuickSearchModule:UnityEditor.Search:ASIAI0B)
Imported 'GUID: 46969e2907e104a649761ed2ce5c9acd' -> (Import Result ID: 'df30ae37d72f7072cf6d5f18f37ad1af') in 0.002 seconds [static and dynamic dependencies]. Details - ImportResultOutputID=43f39c2e349909b17ec04f53c0936685 DependenciesID=056929d8c6aacb272435733312b5cf93 StaticDependenciesID=f7c8c934ee27c336b5eafc97244474b7 
Number of updated asset objects reloaded before import = 0
Number of asset objects unloaded after import = 1
========================================================================
Received Import Request.
  Time of request: 2026-08-04T17:31:18.6113749Z
  Time since last request: 0.0002262 seconds.
  importAddress: GUID: 126d59d6b93214ad78fb154cae61c871 - Path: Packages/com.unity.collab-proxy/Lib/Editor/Localization/semantic.zh-Hant.txt - Importer: ScriptedImporter/UnityEditor.QuickSearchModule:UnityEditor.Search:ASIAI0B
Importing 'GUID: 126d59d6b93214ad78fb154cae61c871 - Path: Packages/com.unity.collab-proxy/Lib/Editor/Localization/semantic.zh-Hant.txt - Importer: ScriptedImporter/UnityEditor.QuickSearchModule:UnityEditor.Search:ASIAI0B' with importer (ScriptedImporter : UnityEditor.QuickSearchModule:UnityEditor.Search:ASIAI0B)
Imported 'GUID: 126d59d6b93214ad78fb154cae61c871' -> (Import Result ID: '8631429019a77913638725940457443a') in 0.002 seconds [static and dynamic dependencies]. Details - ImportResultOutputID=f0b523e4725e60bc0372c53702955974 DependenciesID=2b19763d52375d5ae366aaf1e18c0da7 StaticDependenciesID=ed1e900e0d100771836b6981717649ee 
Number of updated asset objects reloaded before import = 0
Number of asset objects unloaded after import = 1
========================================================================
Received Import Request.
  Time of request: 2026-08-04T17:31:18.6215226Z
  Time since last request: 0.0004731 seconds.
  importAddress: GUID: 92b1f4bae4c2345e09ef78778fe593e4 - Path: Packages/com.unity.collab-proxy/Lib/Editor/Localization/xdiff.zh-Hant.txt - Importer: ScriptedImporter/UnityEditor.QuickSearchModule:UnityEditor.Search:ASIAI0B
Importing 'GUID: 92b1f4bae4c2345e09ef78778fe593e4 - Path: Packages/com.unity.collab-proxy/Lib/Editor/Localization/xdiff.zh-Hant.txt - Importer: ScriptedImporter/UnityEditor.QuickSearchModule:UnityEditor.Search:ASIAI0B' with importer (ScriptedImporter : UnityEditor.QuickSearchModule:UnityEditor.Search:ASIAI0B)
Imported 'GUID: 92b1f4bae4c2345e09ef78778fe593e4' -> (Import Result ID: '2b3e16ad13f405ad1e09ebe0a66a5583') in 0.002 seconds [static and dynamic dependencies]. Details - ImportResultOutputID=033a91c2b44aac98e89ac952c0d640a5 DependenciesID=edf3956e48631ffde2bd6af61796e135 StaticDependenciesID=33e88af1ad1cd8d0d28aebf6cef34d78 
Number of updated asset objects reloaded before import = 0
Number of asset objects unloaded after import = 1
========================================================================
Received Import Request.
  Time of request: 2026-08-04T17:31:18.631299Z
  Time since last request: 0.0003358 seconds.
  importAddress: GUID: 85cf137017b5d44d39f15af90ed96f23 - Path: Packages/com.unity.collab-proxy/Lib/Editor/Localization/plastic-gui.en.txt - Importer: ScriptedImporter/UnityEditor.QuickSearchModule:UnityEditor.Search:ASIAI0B
Importing 'GUID: 85cf137017b5d44d39f15af90ed96f23 - Path: Packages/com.unity.collab-proxy/Lib/Editor/Localization/plastic-gui.en.txt - Importer: ScriptedImporter/UnityEditor.QuickSearchModule:UnityEditor.Search:ASIAI0B' with importer (ScriptedImporter : UnityEditor.QuickSearchModule:UnityEditor.Search:ASIAI0B)
Imported 'GUID: 85cf137017b5d44d39f15af90ed96f23' -> (Import Result ID: 'bdc597ea30405bd7fe347442f5a9bacf') in 0.002 seconds [static and dynamic dependencies]. Details - ImportResultOutputID=1a1615038434c432b9ac5f9f16d96434 DependenciesID=35962fa34bd69a9e3abda089a46ae927 StaticDependenciesID=04ee0e8094d4c1678c95a35c31904d4f 
Number of updated asset objects reloaded before import = 0
Number of asset objects unloaded after import = 1
========================================================================
Received Import Request.
  Time of request: 2026-08-04T17:31:18.6419338Z
  Time since last request: 0.0004362 seconds.
  importAddress: GUID: a05f0da9608ee418d8b0615580a0cc7a - Path: Packages/com.unity.collab-proxy/Lib/Editor/TextMateSharp/TextMateSharpPlastic.Grammars.dll - Importer: ScriptedImporter/UnityEditor.QuickSearchModule:UnityEditor.Search:ASIAI0B
Importing 'GUID: a05f0da9608ee418d8b0615580a0cc7a - Path: Packages/com.unity.collab-proxy/Lib/Editor/TextMateSharp/TextMateSharpPlastic.Grammars.dll - Importer: ScriptedImporter/UnityEditor.QuickSearchModule:UnityEditor.Search:ASIAI0B' with importer (ScriptedImporter : UnityEditor.QuickSearchModule:UnityEditor.Search:ASIAI0B)
Imported 'GUID: a05f0da9608ee418d8b0615580a0cc7a' -> (Import Result ID: 'a9d241f8d741a22baee371e8601519f4') in 0.003 seconds [static and dynamic dependencies]. Details - ImportResultOutputID=d5754b614050c2560b620047ca144bc5 DependenciesID=585fa01b3984ed37b13fe5a71f89eee2 StaticDependenciesID=3340c7fac23a9ba3eae03e961524e790 
Number of updated asset objects reloaded before import = 0
Number of asset objects unloaded after import = 0
========================================================================
Received Import Request.
  Time of request: 2026-08-04T17:31:18.6524423Z
  Time since last request: 0.0002676 seconds.
  importAddress: GUID: 14b7fa9fffe443888cccb93957dea182 - Path: Packages/com.unity.collab-proxy/Editor/Inspector/Properties/Branch/BranchPropertiesPanel.cs - Importer: ScriptedImporter/UnityEditor.QuickSearchModule:UnityEditor.Search:ASIAI0B
Importing 'GUID: 14b7fa9fffe443888cccb93957dea182 - Path: Packages/com.unity.collab-proxy/Editor/Inspector/Properties/Branch/BranchPropertiesPanel.cs - Importer: ScriptedImporter/UnityEditor.QuickSearchModule:UnityEditor.Search:ASIAI0B' with importer (ScriptedImporter : UnityEditor.QuickSearchModule:UnityEditor.Search:ASIAI0B)
Imported 'GUID: 14b7fa9fffe443888cccb93957dea182' -> (Import Result ID: '2737bf37de14d8fa77dc5fff8bcd7c07') in 0.002 seconds [static and dynamic dependencies]. Details - ImportResultOutputID=1dd95acdab4979f439e08d36f33edf69 DependenciesID=7c03ed102e468528ada14f78b816ffb2 StaticDependenciesID=857e6119f3f010bc3661a797d8619b60 
Number of updated asset objects reloaded before import = 0
Number of asset objects unloaded after import = 0
========================================================================
Received Import Request.
  Time of request: 2026-08-04T17:31:18.6621738Z
  Time since last request: 0.0001458 seconds.
  importAddress: GUID: f029733eb8bb74bfe9157299b13bcc27 - Path: Packages/com.unity.collab-proxy/Lib/Editor/Localization/semantic.zh-Hans.txt - Importer: ScriptedImporter/UnityEditor.QuickSearchModule:UnityEditor.Search:ASIAI0B
Importing 'GUID: f029733eb8bb74bfe9157299b13bcc27 - Path: Packages/com.unity.collab-proxy/Lib/Editor/Localization/semantic.zh-Hans.txt - Importer: ScriptedImporter/UnityEditor.QuickSearchModule:UnityEditor.Search:ASIAI0B' with importer (ScriptedImporter : UnityEditor.QuickSearchModule:UnityEditor.Search:ASIAI0B)
Imported 'GUID: f029733eb8bb74bfe9157299b13bcc27' -> (Import Result ID: 'a831652e18dda413677898bcb207ab0b') in 0.002 seconds [static and dynamic dependencies]. Details - ImportResultOutputID=ea191d25e1089f29d865e36726d5539e DependenciesID=190c44ca4b73a0dcbc880b58191af3e5 StaticDependenciesID=9f959019a65c9b2cb009866aa743c5fa 
Number of updated asset objects reloaded before import = 0
Number of asset objects unloaded after import = 1
========================================================================
Received Import Request.
  Time of request: 2026-08-04T17:31:18.6719092Z
  Time since last request: 0.000299 seconds.
  importAddress: GUID: f14e29936e8d4feb9bb398b7cbb8fd5a - Path: Packages/com.unity.collab-proxy/Editor/CloudDrive/Workspaces/DirectoryContent/ItemsGridView.cs - Importer: ScriptedImporter/UnityEditor.QuickSearchModule:UnityEditor.Search:ASIAI0B
Importing 'GUID: f14e29936e8d4feb9bb398b7cbb8fd5a - Path: Packages/com.unity.collab-proxy/Editor/CloudDrive/Workspaces/DirectoryContent/ItemsGridView.cs - Importer: ScriptedImporter/UnityEditor.QuickSearchModule:UnityEditor.Search:ASIAI0B' with importer (ScriptedImporter : UnityEditor.QuickSearchModule:UnityEditor.Search:ASIAI0B)
Imported 'GUID: f14e29936e8d4feb9bb398b7cbb8fd5a' -> (Import Result ID: 'fcf20a1f26d54eb8f571df72c0dd2b1d') in 0.002 seconds [static and dynamic dependencies]. Details - ImportResultOutputID=6c02c53bd72d647d208415507dc001fc DependenciesID=5c50203a2ba7f39947ac4fd93a1d8567 StaticDependenciesID=ba9f60751585e56177198336a351d721 
Number of updated asset objects reloaded before import = 0
Number of asset objects unloaded after import = 0
========================================================================
Received Import Request.
  Time of request: 2026-08-04T17:31:18.6820521Z
  Time since last request: 0.0002981 seconds.
  importAddress: GUID: 0ad54f9e1bb701142b116d0d1ed98437 - Path: Packages/com.unity.collab-proxy/Editor/Configuration/CloudEdition/Welcome/CloudEditionWelcomeWindow.cs - Importer: ScriptedImporter/UnityEditor.QuickSearchModule:UnityEditor.Search:ASIAI0B
Importing 'GUID: 0ad54f9e1bb701142b116d0d1ed98437 - Path: Packages/com.unity.collab-proxy/Editor/Configuration/CloudEdition/Welcome/CloudEditionWelcomeWindow.cs - Importer: ScriptedImporter/UnityEditor.QuickSearchModule:UnityEditor.Search:ASIAI0B' with importer (ScriptedImporter : UnityEditor.QuickSearchModule:UnityEditor.Search:ASIAI0B)
Imported 'GUID: 0ad54f9e1bb701142b116d0d1ed98437' -> (Import Result ID: '84a46a9c78786078e29a56090fb47d05') in 0.005 seconds [static and dynamic dependencies]. Details - ImportResultOutputID=c0cefe7e9976c3499e2c1481fc7b8e5b DependenciesID=692b0e0b7a7cc3eaf1bfb745fd8f9d96 StaticDependenciesID=b6148f91afab43163683f4cd39603410 
Number of updated asset objects reloaded before import = 0
Number of asset objects unloaded after import = 0
========================================================================
Received Import Request.
  Time of request: 2026-08-04T17:31:18.6949369Z
  Time since last request: 0.0002185 seconds.
  importAddress: GUID: b0263de00b1bd43a5b1ffa31691e194e - Path: Packages/com.unity.collab-proxy/Lib/Editor/Localization/plastic-gui.zh-Hans.txt - Importer: ScriptedImporter/UnityEditor.QuickSearchModule:UnityEditor.Search:ASIAI0B
Importing 'GUID: b0263de00b1bd43a5b1ffa31691e194e - Path: Packages/com.unity.collab-proxy/Lib/Editor/Localization/plastic-gui.zh-Hans.txt - Importer: ScriptedImporter/UnityEditor.QuickSearchModule:UnityEditor.Search:ASIAI0B' with importer (ScriptedImporter : UnityEditor.QuickSearchModule:UnityEditor.Search:ASIAI0B)
Imported 'GUID: b0263de00b1bd43a5b1ffa31691e194e' -> (Import Result ID: 'eaa129961aac3c1602e7194fbe5afc1b') in 0.002 seconds [static and dynamic dependencies]. Details - ImportResultOutputID=149c129caa2f0913d5a108a79be019b2 DependenciesID=f1a95ec4cd5a073659be6d678e5ad1b0 StaticDependenciesID=48db48f938aa9b189b7bc77386b2ff0b 
Number of updated asset objects reloaded before import = 0
Number of asset objects unloaded after import = 1
========================================================================
Received Import Request.
  Time of request: 2026-08-04T17:31:18.7048189Z
  Time since last request: 0.0002712 seconds.
  importAddress: GUID: 7deb947d51d34c76aa03ec6d3a07a4ec - Path: Packages/com.unity.collab-proxy/Editor/CloudDrive/Workspaces/Tree/CloudWorkspacesTreeViewItem.cs - Importer: ScriptedImporter/UnityEditor.QuickSearchModule:UnityEditor.Search:ASIAI0B
Importing 'GUID: 7deb947d51d34c76aa03ec6d3a07a4ec - Path: Packages/com.unity.collab-proxy/Editor/CloudDrive/Workspaces/Tree/CloudWorkspacesTreeViewItem.cs - Importer: ScriptedImporter/UnityEditor.QuickSearchModule:UnityEditor.Search:ASIAI0B' with importer (ScriptedImporter : UnityEditor.QuickSearchModule:UnityEditor.Search:ASIAI0B)
Imported 'GUID: 7deb947d51d34c76aa03ec6d3a07a4ec' -> (Import Result ID: 'a27b111f35dc1cd6869e434d325c6a3e') in 0.002 seconds [static and dynamic dependencies]. Details - ImportResultOutputID=19e2818bd28d73c4981e08b6d9b61403 DependenciesID=e060da22831fffdbb67331c47d4eb4c9 StaticDependenciesID=f22db74eb43763a7cdf0b2421afb6853 
Number of updated asset objects reloaded before import = 0
Number of asset objects unloaded after import = 0
========================================================================
Received Import Request.
  Time of request: 2026-08-04T17:31:18.7140946Z
  Time since last request: 0.0002352 seconds.
  importAddress: GUID: 551a1f382ee9f495dab156563ea2a026 - Path: Packages/com.unity.collab-proxy/Lib/Editor/Localization/images.zh-Hant.txt - Importer: ScriptedImporter/UnityEditor.QuickSearchModule:UnityEditor.Search:ASIAI0B
Importing 'GUID: 551a1f382ee9f495dab156563ea2a026 - Path: Packages/com.unity.collab-proxy/Lib/Editor/Localization/images.zh-Hant.txt - Importer: ScriptedImporter/UnityEditor.QuickSearchModule:UnityEditor.Search:ASIAI0B' with importer (ScriptedImporter : UnityEditor.QuickSearchModule:UnityEditor.Search:ASIAI0B)
Imported 'GUID: 551a1f382ee9f495dab156563ea2a026' -> (Import Result ID: '4a563b6c08a29b517e266e5a9ccbf737') in 0.002 seconds [static and dynamic dependencies]. Details - ImportResultOutputID=34f0e78ec6e70681978776fc4dbea159 DependenciesID=204cf680d0c573d6dc49e9948ef4187d StaticDependenciesID=c1ca1171072495f7a3359a5f91a6cd29 
Number of updated asset objects reloaded before import = 0
Number of asset objects unloaded after import = 1
========================================================================
Received Import Request.
  Time of request: 2026-08-04T17:31:18.7239801Z
  Time since last request: 0.000392 seconds.
  importAddress: GUID: 659cea81136eb4fa9afc4f5f9e2ce497 - Path: Packages/com.unity.collab-proxy/Lib/Editor/Localization/mergetool.zh-Hant.txt - Importer: ScriptedImporter/UnityEditor.QuickSearchModule:UnityEditor.Search:ASIAI0B
Importing 'GUID: 659cea81136eb4fa9afc4f5f9e2ce497 - Path: Packages/com.unity.collab-proxy/Lib/Editor/Localization/mergetool.zh-Hant.txt - Importer: ScriptedImporter/UnityEditor.QuickSearchModule:UnityEditor.Search:ASIAI0B' with importer (ScriptedImporter : UnityEditor.QuickSearchModule:UnityEditor.Search:ASIAI0B)
Imported 'GUID: 659cea81136eb4fa9afc4f5f9e2ce497' -> (Import Result ID: 'e0ac4f8a75bcf5adcc174e29b247149f') in 0.002 seconds [static and dynamic dependencies]. Details - ImportResultOutputID=5e8eecb4fe619ade50dfa726f3d78591 DependenciesID=cb82e18181a03618bf2ea846a3aacb21 StaticDependenciesID=ce8b135bf7a73ea29ea379d6dd759b42 
Number of updated asset objects reloaded before import = 0
Number of asset objects unloaded after import = 1
========================================================================
Received Import Request.
  Time of request: 2026-08-04T17:31:18.7335877Z
  Time since last request: 0.0002085 seconds.
  importAddress: GUID: 72b48557f4cf3d8438cbf59b123364ff - Path: Packages/com.unity.collab-proxy/Editor/CloudDrive/Workspaces/Tree/CloudWorkspacesSelection.cs - Importer: ScriptedImporter/UnityEditor.QuickSearchModule:UnityEditor.Search:ASIAI0B
Importing 'GUID: 72b48557f4cf3d8438cbf59b123364ff - Path: Packages/com.unity.collab-proxy/Editor/CloudDrive/Workspaces/Tree/CloudWorkspacesSelection.cs - Importer: ScriptedImporter/UnityEditor.QuickSearchModule:UnityEditor.Search:ASIAI0B' with importer (ScriptedImporter : UnityEditor.QuickSearchModule:UnityEditor.Search:ASIAI0B)
Imported 'GUID: 72b48557f4cf3d8438cbf59b123364ff' -> (Import Result ID: 'baf6a5c382a5dc82750e84c5cc7f72d3') in 0.002 seconds [static and dynamic dependencies]. Details - ImportResultOutputID=79fbecc9997d654cf1a9cef29b42a756 DependenciesID=6cc98aa6c02f4dbd0be470fe8023e16e StaticDependenciesID=e5064dc5b55431049c546da5e8789f77 
Number of updated asset objects reloaded before import = 0
Number of asset objects unloaded after import = 0
========================================================================
Received Import Request.
  Time of request: 2026-08-04T17:31:18.7435778Z
  Time since last request: 0.0002858 seconds.
  importAddress: GUID: e69fc09d7758466798e76f1655c2c27f - Path: Packages/com.unity.collab-proxy/Editor/CloudDrive/Workspaces/Tree/CloudWorkspacesTreeView.cs - Importer: ScriptedImporter/UnityEditor.QuickSearchModule:UnityEditor.Search:ASIAI0B
Importing 'GUID: e69fc09d7758466798e76f1655c2c27f - Path: Packages/com.unity.collab-proxy/Editor/CloudDrive/Workspaces/Tree/CloudWorkspacesTreeView.cs - Importer: ScriptedImporter/UnityEditor.QuickSearchModule:UnityEditor.Search:ASIAI0B' with importer (ScriptedImporter : UnityEditor.QuickSearchModule:UnityEditor.Search:ASIAI0B)
Imported 'GUID: e69fc09d7758466798e76f1655c2c27f' -> (Import Result ID: '8c666db587ec0e48799b94e468898c72') in 0.002 seconds [static and dynamic dependencies]. Details - ImportResultOutputID=8850d184ae12d16fc86e5c944fabfe84 DependenciesID=328a0f363d8a0970e47daf529df7edab StaticDependenciesID=d6ddd0d72fcde03a76cd7734f461dd63 
Number of updated asset objects reloaded before import = 0
Number of asset objects unloaded after import = 0
========================================================================
Received Import Request.
  Time of request: 2026-08-04T17:31:18.7545902Z
  Time since last request: 0.0022258 seconds.
  importAddress: GUID: e2d43d3b3af668e4fb7dbf4f2b7384e5 - Path: Packages/com.unity.collab-proxy/Editor/UVCSToolbar/PopupWindow/Operations/UncontrolledPopupOperations.cs - Importer: ScriptedImporter/UnityEditor.QuickSearchModule:UnityEditor.Search:ASIAI0B
Importing 'GUID: e2d43d3b3af668e4fb7dbf4f2b7384e5 - Path: Packages/com.unity.collab-proxy/Editor/UVCSToolbar/PopupWindow/Operations/UncontrolledPopupOperations.cs - Importer: ScriptedImporter/UnityEditor.QuickSearchModule:UnityEditor.Search:ASIAI0B' with importer (ScriptedImporter : UnityEditor.QuickSearchModule:UnityEditor.Search:ASIAI0B)
Imported 'GUID: e2d43d3b3af668e4fb7dbf4f2b7384e5' -> (Import Result ID: '0cc954520cd6d650ee38e30103b11ddf') in 0.002 seconds [static and dynamic dependencies]. Details - ImportResultOutputID=bc3e67af28e34f88855066430be49695 DependenciesID=8277c5fad604b7d3cd12a0dd56874b5e StaticDependenciesID=2ef6014cc2ee8e4719b44f88d19c8521 
Number of updated asset objects reloaded before import = 0
Number of asset objects unloaded after import = 0
========================================================================
Received Import Request.
  Time of request: 2026-08-04T17:31:18.7636682Z
  Time since last request: 0.0002356 seconds.
  importAddress: GUID: 11b2026af4f74d51a4ac170e12c3b888 - Path: Packages/com.unity.collab-proxy/Editor/Views/BranchExplorer/Menu/BranchExplorerViewLabelMenuOperations.cs - Importer: ScriptedImporter/UnityEditor.QuickSearchModule:UnityEditor.Search:ASIAI0B
Importing 'GUID: 11b2026af4f74d51a4ac170e12c3b888 - Path: Packages/com.unity.collab-proxy/Editor/Views/BranchExplorer/Menu/BranchExplorerViewLabelMenuOperations.cs - Importer: ScriptedImporter/UnityEditor.QuickSearchModule:UnityEditor.Search:ASIAI0B' with importer (ScriptedImporter : UnityEditor.QuickSearchModule:UnityEditor.Search:ASIAI0B)
Imported 'GUID: 11b2026af4f74d51a4ac170e12c3b888' -> (Import Result ID: '67baa42e618ff87dd2105c2e8583869c') in 0.003 seconds [static and dynamic dependencies]. Details - ImportResultOutputID=d854c4287a13e2fcf9abbb4deeb3fc8a DependenciesID=bf2d94bf9e47710ebea299bfcd700af6 StaticDependenciesID=fd4853db155a550670d89165dc1842ed 
Number of updated asset objects reloaded before import = 0
Number of asset objects unloaded after import = 0
========================================================================
Received Import Request.
  Time of request: 2026-08-04T17:31:18.7755907Z
  Time since last request: 0.0002781 seconds.
  importAddress: GUID: fc962e8f744f4e80962b46b05d1c2d27 - Path: Packages/com.unity.collab-proxy/Editor/UVCSToolbar/PopupWindow/BranchesList/PopupProgressBar.cs - Importer: ScriptedImporter/UnityEditor.QuickSearchModule:UnityEditor.Search:ASIAI0B
Importing 'GUID: fc962e8f744f4e80962b46b05d1c2d27 - Path: Packages/com.unity.collab-proxy/Editor/UVCSToolbar/PopupWindow/BranchesList/PopupProgressBar.cs - Importer: ScriptedImporter/UnityEditor.QuickSearchModule:UnityEditor.Search:ASIAI0B' with importer (ScriptedImporter : UnityEditor.QuickSearchModule:UnityEditor.Search:ASIAI0B)
Imported 'GUID: fc962e8f744f4e80962b46b05d1c2d27' -> (Import Result ID: 'cdd906a08b934ed4d0d6cbd330cd393c') in 0.002 seconds [static and dynamic dependencies]. Details - ImportResultOutputID=21b414e2525c04bcaee92df202b90d93 DependenciesID=a9f62327342cd5d67ce22c6e8590a25d StaticDependenciesID=eae739c3e97fec689fe10334cd7a0b9d 
Number of updated asset objects reloaded before import = 0
Number of asset objects unloaded after import = 0
========================================================================
Received Import Request.
  Time of request: 2026-08-04T17:31:18.7848981Z
  Time since last request: 0.0002469 seconds.
  importAddress: GUID: 4a34e3ce3dbf5594ba28a57fa297a72c - Path: Packages/com.unity.collab-proxy/Editor/Views/Labels/Dialogs/CreateLabelDialog.cs - Importer: ScriptedImporter/UnityEditor.QuickSearchModule:UnityEditor.Search:ASIAI0B
Importing 'GUID: 4a34e3ce3dbf5594ba28a57fa297a72c - Path: Packages/com.unity.collab-proxy/Editor/Views/Labels/Dialogs/CreateLabelDialog.cs - Importer: ScriptedImporter/UnityEditor.QuickSearchModule:UnityEditor.Search:ASIAI0B' with importer (ScriptedImporter : UnityEditor.QuickSearchModule:UnityEditor.Search:ASIAI0B)
Imported 'GUID: 4a34e3ce3dbf5594ba28a57fa297a72c' -> (Import Result ID: 'a2f50764ca7b80acabd415e6451632b0') in 0.002 seconds [static and dynamic dependencies]. Details - ImportResultOutputID=efb7394c36c9abec0e7cf072db32afd8 DependenciesID=4557d452cdea4509bd8453862f53eb0e StaticDependenciesID=c3f72acdc099fb148c6263bfaf1799e1 
Number of updated asset objects reloaded before import = 0
Number of asset objects unloaded after import = 0
========================================================================
Received Import Request.
  Time of request: 2026-08-04T17:31:18.794925Z
  Time since last request: 0.0003172 seconds.
  importAddress: GUID: b29af44841cd6644e876233cd057bc18 - Path: Packages/com.unity.collab-proxy/Editor/Views/CreateWorkspace/Dialogs/RepositoryExplorerDialog.cs - Importer: ScriptedImporter/UnityEditor.QuickSearchModule:UnityEditor.Search:ASIAI0B
Importing 'GUID: b29af44841cd6644e876233cd057bc18 - Path: Packages/com.unity.collab-proxy/Editor/Views/CreateWorkspace/Dialogs/RepositoryExplorerDialog.cs - Importer: ScriptedImporter/UnityEditor.QuickSearchModule:UnityEditor.Search:ASIAI0B' with importer (ScriptedImporter : UnityEditor.QuickSearchModule:UnityEditor.Search:ASIAI0B)
Imported 'GUID: b29af44841cd6644e876233cd057bc18' -> (Import Result ID: '3bf2586b566a37cc98fb73d4959dd22d') in 0.002 seconds [static and dynamic dependencies]. Details - ImportResultOutputID=7b2fbb6cfcb477962594329fa2f39676 DependenciesID=9018867edf53f5ea0a37169e621cb6f7 StaticDependenciesID=cb266d05ff67ec895dd609104dd1c0ce 
Number of updated asset objects reloaded before import = 0
Number of asset objects unloaded after import = 0
========================================================================
Received Import Request.
  Time of request: 2026-08-04T17:31:18.804466Z
  Time since last request: 0.0002366 seconds.
  importAddress: GUID: 23f66c8658044263b7d87b6878d589a7 - Path: Packages/com.unity.collab-proxy/Editor/Views/BranchExplorer/Zoom/BrExZoom.cs - Importer: ScriptedImporter/UnityEditor.QuickSearchModule:UnityEditor.Search:ASIAI0B
Importing 'GUID: 23f66c8658044263b7d87b6878d589a7 - Path: Packages/com.unity.collab-proxy/Editor/Views/BranchExplorer/Zoom/BrExZoom.cs - Importer: ScriptedImporter/UnityEditor.QuickSearchModule:UnityEditor.Search:ASIAI0B' with importer (ScriptedImporter : UnityEditor.QuickSearchModule:UnityEditor.Search:ASIAI0B)
Imported 'GUID: 23f66c8658044263b7d87b6878d589a7' -> (Import Result ID: '3598a355ebc4b15aafee2042c518951a') in 0.002 seconds [static and dynamic dependencies]. Details - ImportResultOutputID=268310a826f834798546d6739afa3d2a DependenciesID=c45bbd3129ed179865831646e6387a86 StaticDependenciesID=0450708f4fb07dfe0978cd701ebf49bd 
Number of updated asset objects reloaded before import = 0
Number of asset objects unloaded after import = 0
========================================================================
Received Import Request.
  Time of request: 2026-08-04T17:31:18.8131714Z
  Time since last request: 0.0002285 seconds.
  importAddress: GUID: 8f337a12580464190b8455975f146e52 - Path: Packages/com.unity.collab-proxy/Editor/Views/BranchExplorer/Options/BranchExplorerOptionsWindow.cs - Importer: ScriptedImporter/UnityEditor.QuickSearchModule:UnityEditor.Search:ASIAI0B
Importing 'GUID: 8f337a12580464190b8455975f146e52 - Path: Packages/com.unity.collab-proxy/Editor/Views/BranchExplorer/Options/BranchExplorerOptionsWindow.cs - Importer: ScriptedImporter/UnityEditor.QuickSearchModule:UnityEditor.Search:ASIAI0B' with importer (ScriptedImporter : UnityEditor.QuickSearchModule:UnityEditor.Search:ASIAI0B)
Imported 'GUID: 8f337a12580464190b8455975f146e52' -> (Import Result ID: 'f2e1bd08176c20bd9a10733bcf96a26e') in 0.002 seconds [static and dynamic dependencies]. Details - ImportResultOutputID=4cce3025818c41d44d9fee76ddf864db DependenciesID=8cfe20f2d25775e87b22bd144f78fb66 StaticDependenciesID=8cf55b3e89e0cd39ef007d3ffa6824af 
Number of updated asset objects reloaded before import = 0
Number of asset objects unloaded after import = 0
========================================================================
Received Import Request.
  Time of request: 2026-08-04T17:31:18.8226067Z
  Time since last request: 0.0003106 seconds.
  importAddress: GUID: 83882c7718d0fc34f8a05141328ceac1 - Path: Packages/com.unity.collab-proxy/Editor/Views/CreateWorkspace/Dialogs/RepositoryListViewItem.cs - Importer: ScriptedImporter/UnityEditor.QuickSearchModule:UnityEditor.Search:ASIAI0B
Importing 'GUID: 83882c7718d0fc34f8a05141328ceac1 - Path: Packages/com.unity.collab-proxy/Editor/Views/CreateWorkspace/Dialogs/RepositoryListViewItem.cs - Importer: ScriptedImporter/UnityEditor.QuickSearchModule:UnityEditor.Search:ASIAI0B' with importer (ScriptedImporter : UnityEditor.QuickSearchModule:UnityEditor.Search:ASIAI0B)
Imported 'GUID: 83882c7718d0fc34f8a05141328ceac1' -> (Import Result ID: 'eb08c348a5c5a49fd260e5044d469954') in 0.002 seconds [static and dynamic dependencies]. Details - ImportResultOutputID=8735bafac5ac96fce060268576ab1f0d DependenciesID=71871c048aacb195377bc2c551de3d29 StaticDependenciesID=c9d9229010d7295a62ee99e3c7d4d869 
Number of updated asset objects reloaded before import = 0
Number of asset objects unloaded after import = 0
========================================================================
Received Import Request.
  Time of request: 2026-08-04T17:31:18.8328546Z
  Time since last request: 0.000254 seconds.
  importAddress: GUID: dc1bc6a318004247a55e4f3fbf74309a - Path: Packages/com.unity.collab-proxy/Editor/Views/BranchExplorer/Menu/BranchExplorerViewLinkMenuOperations.cs - Importer: ScriptedImporter/UnityEditor.QuickSearchModule:UnityEditor.Search:ASIAI0B
Importing 'GUID: dc1bc6a318004247a55e4f3fbf74309a - Path: Packages/com.unity.collab-proxy/Editor/Views/BranchExplorer/Menu/BranchExplorerViewLinkMenuOperations.cs - Importer: ScriptedImporter/UnityEditor.QuickSearchModule:UnityEditor.Search:ASIAI0B' with importer (ScriptedImporter : UnityEditor.QuickSearchModule:UnityEditor.Search:ASIAI0B)
Imported 'GUID: dc1bc6a318004247a55e4f3fbf74309a' -> (Import Result ID: '9ca529832e81ea401118fa811a001087') in 0.002 seconds [static and dynamic dependencies]. Details - ImportResultOutputID=4dc626933550846e1251d4af4f9ac3e0 DependenciesID=222d480e9c4c90cd22bdb29e0438824d StaticDependenciesID=dd0ed7877be607a3f51301bd1d66e86c 
Number of updated asset objects reloaded before import = 0
Number of asset objects unloaded after import = 0
========================================================================
Received Import Request.
  Time of request: 2026-08-04T17:31:18.8424472Z
  Time since last request: 0.0001972 seconds.
  importAddress: GUID: 489341d280ec4f84966df11c8c6804d4 - Path: Packages/com.unity.collab-proxy/Editor/UI/UnityInternals/UnityEditor/SplitterState.cs - Importer: ScriptedImporter/UnityEditor.QuickSearchModule:UnityEditor.Search:ASIAI0B
Importing 'GUID: 489341d280ec4f84966df11c8c6804d4 - Path: Packages/com.unity.collab-proxy/Editor/UI/UnityInternals/UnityEditor/SplitterState.cs - Importer: ScriptedImporter/UnityEditor.QuickSearchModule:UnityEditor.Search:ASIAI0B' with importer (ScriptedImporter : UnityEditor.QuickSearchModule:UnityEditor.Search:ASIAI0B)
Imported 'GUID: 489341d280ec4f84966df11c8c6804d4' -> (Import Result ID: 'f7c123be67118767d21f9ac211fdfebf') in 0.002 seconds [static and dynamic dependencies]. Details - ImportResultOutputID=c9f72f0620e4e8451357d1e85f4b3ef7 DependenciesID=29393b82623630b409a483038ea851eb StaticDependenciesID=54514665461bc133523b1457d548fa55 
Number of updated asset objects reloaded before import = 0
Number of asset objects unloaded after import = 0
========================================================================
Received Import Request.
  Time of request: 2026-08-04T17:31:18.8527312Z
  Time since last request: 0.0003293 seconds.
  importAddress: GUID: 9e014c1d5026c446a92925295a6a1471 - Path: Packages/com.unity.collab-proxy/Editor/UI/UnityInternals/UnityEditor/EditorGUIUtility.cs - Importer: ScriptedImporter/UnityEditor.QuickSearchModule:UnityEditor.Search:ASIAI0B
Importing 'GUID: 9e014c1d5026c446a92925295a6a1471 - Path: Packages/com.unity.collab-proxy/Editor/UI/UnityInternals/UnityEditor/EditorGUIUtility.cs - Importer: ScriptedImporter/UnityEditor.QuickSearchModule:UnityEditor.Search:ASIAI0B' with importer (ScriptedImporter : UnityEditor.QuickSearchModule:UnityEditor.Search:ASIAI0B)
Imported 'GUID: 9e014c1d5026c446a92925295a6a1471' -> (Import Result ID: '8cbb8a16afb87d8820a9ce3756c7d8dc') in 0.002 seconds [static and dynamic dependencies]. Details - ImportResultOutputID=e412737589b407203aa0b1d8a8d90c30 DependenciesID=23268503831676ddd96beb762f8da71a StaticDependenciesID=10341c3abf47d7dd895c44bae8787518 
Number of updated asset objects reloaded before import = 0
Number of asset objects unloaded after import = 0
========================================================================
Received Import Request.
  Time of request: 2026-08-04T17:31:18.8629914Z
  Time since last request: 0.0004652 seconds.
  importAddress: GUID: c4f779ee37894d99adede8127ac9961d - Path: Packages/com.unity.collab-proxy/Editor/UI/UnityInternals/UnityEditor/SettingsWindow.cs - Importer: ScriptedImporter/UnityEditor.QuickSearchModule:UnityEditor.Search:ASIAI0B
Importing 'GUID: c4f779ee37894d99adede8127ac9961d - Path: Packages/com.unity.collab-proxy/Editor/UI/UnityInternals/UnityEditor/SettingsWindow.cs - Importer: ScriptedImporter/UnityEditor.QuickSearchModule:UnityEditor.Search:ASIAI0B' with importer (ScriptedImporter : UnityEditor.QuickSearchModule:UnityEditor.Search:ASIAI0B)
Imported 'GUID: c4f779ee37894d99adede8127ac9961d' -> (Import Result ID: '0ba54c9ab9cf419fc323f38d9a242bd2') in 0.002 seconds [static and dynamic dependencies]. Details - ImportResultOutputID=e27fcb21a83a0f1187ae0ea475e04010 DependenciesID=781342c2ae70794f00ffe92ba7119d94 StaticDependenciesID=37050fdfe2a169793f03d8ea0a96ffe3 
Number of updated asset objects reloaded before import = 0
Number of asset objects unloaded after import = 0
========================================================================
Received Import Request.
  Time of request: 2026-08-04T17:31:18.8729811Z
  Time since last request: 0.0002391 seconds.
  importAddress: GUID: f4e5325f424d436485dacca7a8d05f0c - Path: Packages/com.unity.collab-proxy/Editor/UVCSToolbar/PopupWindow/BranchesList/NoBranchesEmptyState.cs - Importer: ScriptedImporter/UnityEditor.QuickSearchModule:UnityEditor.Search:ASIAI0B
Importing 'GUID: f4e5325f424d436485dacca7a8d05f0c - Path: Packages/com.unity.collab-proxy/Editor/UVCSToolbar/PopupWindow/BranchesList/NoBranchesEmptyState.cs - Importer: ScriptedImporter/UnityEditor.QuickSearchModule:UnityEditor.Search:ASIAI0B' with importer (ScriptedImporter : UnityEditor.QuickSearchModule:UnityEditor.Search:ASIAI0B)
Imported 'GUID: f4e5325f424d436485dacca7a8d05f0c' -> (Import Result ID: '61330faf9c9084580902fbc85296a842') in 0.002 seconds [static and dynamic dependencies]. Details - ImportResultOutputID=b54cec28e47dccb8560a796126670e92 DependenciesID=a2248e23ee3c2ab330d3d7e7e1a8e8c8 StaticDependenciesID=e933b83018bbf5a5e3eab3a5955f0684 
Number of updated asset objects reloaded before import = 0
Number of asset objects unloaded after import = 0
========================================================================
Received Import Request.
  Time of request: 2026-08-04T17:31:18.8823111Z
  Time since last request: 0.000223 seconds.
  importAddress: GUID: 8cb6c3d9c38f4b67b0ae9dc6ebdfecff - Path: Packages/com.unity.collab-proxy/Editor/UI/UnityInternals/UnityEditor/EditorWindowExtensions.cs - Importer: ScriptedImporter/UnityEditor.QuickSearchModule:UnityEditor.Search:ASIAI0B
Importing 'GUID: 8cb6c3d9c38f4b67b0ae9dc6ebdfecff - Path: Packages/com.unity.collab-proxy/Editor/UI/UnityInternals/UnityEditor/EditorWindowExtensions.cs - Importer: ScriptedImporter/UnityEditor.QuickSearchModule:UnityEditor.Search:ASIAI0B' with importer (ScriptedImporter : UnityEditor.QuickSearchModule:UnityEditor.Search:ASIAI0B)
Imported 'GUID: 8cb6c3d9c38f4b67b0ae9dc6ebdfecff' -> (Import Result ID: '75a03805bc0f58b9c6e2be93c51ba862') in 0.002 seconds [static and dynamic dependencies]. Details - ImportResultOutputID=31dbffeb4e76b2031085b85f950d3390 DependenciesID=8b9554a1e06889c36c15305ba943f606 StaticDependenciesID=08b23b6c52f25516170991d3e66cde5e 
Number of updated asset objects reloaded before import = 0
Number of asset objects unloaded after import = 0
========================================================================
Received Import Request.
  Time of request: 2026-08-04T17:31:18.8925698Z
  Time since last request: 0.0002458 seconds.
  importAddress: GUID: 5b7531dfaf9b4de9ab2be2bbad7f83ad - Path: Packages/com.unity.collab-proxy/Editor/Views/BranchExplorer/Virtualization/VirtualCanvasFiller.cs - Importer: ScriptedImporter/UnityEditor.QuickSearchModule:UnityEditor.Search:ASIAI0B
Importing 'GUID: 5b7531dfaf9b4de9ab2be2bbad7f83ad - Path: Packages/com.unity.collab-proxy/Editor/Views/BranchExplorer/Virtualization/VirtualCanvasFiller.cs - Importer: ScriptedImporter/UnityEditor.QuickSearchModule:UnityEditor.Search:ASIAI0B' with importer (ScriptedImporter : UnityEditor.QuickSearchModule:UnityEditor.Search:ASIAI0B)
Imported 'GUID: 5b7531dfaf9b4de9ab2be2bbad7f83ad' -> (Import Result ID: '3f738f1c398fe8dc22dbe42bd789da2e') in 0.002 seconds [static and dynamic dependencies]. Details - ImportResultOutputID=debc26de30b513a5f8e25a435505157a DependenciesID=07bd70fd09aa094bd987b269381d061a StaticDependenciesID=3039b9193939ff05e963ff82d5ebfbaa 
Number of updated asset objects reloaded before import = 0
Number of asset objects unloaded after import = 0
========================================================================
Received Import Request.
  Time of request: 2026-08-04T17:31:18.9017974Z
  Time since last request: 0.0002467 seconds.
  importAddress: GUID: 0bb6b8b3dfca43538b7ef0bff1d13780 - Path: Packages/com.unity.collab-proxy/Editor/UI/UnityInternals/UnityEditor/ContainerWindow.cs - Importer: ScriptedImporter/UnityEditor.QuickSearchModule:UnityEditor.Search:ASIAI0B
Importing 'GUID: 0bb6b8b3dfca43538b7ef0bff1d13780 - Path: Packages/com.unity.collab-proxy/Editor/UI/UnityInternals/UnityEditor/ContainerWindow.cs - Importer: ScriptedImporter/UnityEditor.QuickSearchModule:UnityEditor.Search:ASIAI0B' with importer (ScriptedImporter : UnityEditor.QuickSearchModule:UnityEditor.Search:ASIAI0B)
Imported 'GUID: 0bb6b8b3dfca43538b7ef0bff1d13780' -> (Import Result ID: '4076a57e38efd34c9cf8b925af4dcce4') in 0.002 seconds [static and dynamic dependencies]. Details - ImportResultOutputID=fb50258e49f95111bd3683c1f7fe9389 DependenciesID=f2d369d60530744a26477f0f95a7efd3 StaticDependenciesID=e04b7fe130ce17fff37de761b79e7c50 
Number of updated asset objects reloaded before import = 0
Number of asset objects unloaded after import = 0
========================================================================
Received Import Request.
  Time of request: 2026-08-04T17:31:18.9112032Z
  Time since last request: 0.0002753 seconds.
  importAddress: GUID: 9a10c8be3cfa470199e57ef38283bcfd - Path: Packages/com.unity.collab-proxy/Editor/Inspector/Properties/Label/LabelPropertiesPanel.cs - Importer: ScriptedImporter/UnityEditor.QuickSearchModule:UnityEditor.Search:ASIAI0B
Importing 'GUID: 9a10c8be3cfa470199e57ef38283bcfd - Path: Packages/com.unity.collab-proxy/Editor/Inspector/Properties/Label/LabelPropertiesPanel.cs - Importer: ScriptedImporter/UnityEditor.QuickSearchModule:UnityEditor.Search:ASIAI0B' with importer (ScriptedImporter : UnityEditor.QuickSearchModule:UnityEditor.Search:ASIAI0B)
Imported 'GUID: 9a10c8be3cfa470199e57ef38283bcfd' -> (Import Result ID: '63f02c5151416793b1801eb1b2f24f31') in 0.002 seconds [static and dynamic dependencies]. Details - ImportResultOutputID=e348ffef85a516b85edfa9df88e71af1 DependenciesID=fca49531ff09f6ece7570e93a9aa9f91 StaticDependenciesID=4b1b863a18527374958c26fa015b5e88 
Number of updated asset objects reloaded before import = 0
Number of asset objects unloaded after import = 0
========================================================================
Received Import Request.
  Time of request: 2026-08-04T17:31:18.9209889Z
  Time since last request: 0.0003101 seconds.
  importAddress: GUID: 91af864187ea4d65841241cea79c3f71 - Path: Packages/com.unity.collab-proxy/Editor/Views/BranchExplorer/Menu/BranchExplorerViewBranchMenuOperations.cs - Importer: ScriptedImporter/UnityEditor.QuickSearchModule:UnityEditor.Search:ASIAI0B
Importing 'GUID: 91af864187ea4d65841241cea79c3f71 - Path: Packages/com.unity.collab-proxy/Editor/Views/BranchExplorer/Menu/BranchExplorerViewBranchMenuOperations.cs - Importer: ScriptedImporter/UnityEditor.QuickSearchModule:UnityEditor.Search:ASIAI0B' with importer (ScriptedImporter : UnityEditor.QuickSearchModule:UnityEditor.Search:ASIAI0B)
Imported 'GUID: 91af864187ea4d65841241cea79c3f71' -> (Import Result ID: 'd1f18ebd4ece289d157537c12d148ba5') in 0.002 seconds [static and dynamic dependencies]. Details - ImportResultOutputID=9e6623835c187684c0820af155b660f5 DependenciesID=140a662efa78e3c413a0b2064a75b963 StaticDependenciesID=f89e7021c499d1d0d8b4f96fc6466df5 
Number of updated asset objects reloaded before import = 0
Number of asset objects unloaded after import = 0
========================================================================
Received Import Request.
  Time of request: 2026-08-04T17:31:18.9309177Z
  Time since last request: 0.000248 seconds.
  importAddress: GUID: 3891e5e2c64b4e9eb3a1da7549427fcf - Path: Packages/com.unity.collab-proxy/Editor/Views/BranchExplorer/Zoom/BrExPan.cs - Importer: ScriptedImporter/UnityEditor.QuickSearchModule:UnityEditor.Search:ASIAI0B
Importing 'GUID: 3891e5e2c64b4e9eb3a1da7549427fcf - Path: Packages/com.unity.collab-proxy/Editor/Views/BranchExplorer/Zoom/BrExPan.cs - Importer: ScriptedImporter/UnityEditor.QuickSearchModule:UnityEditor.Search:ASIAI0B' with importer (ScriptedImporter : UnityEditor.QuickSearchModule:UnityEditor.Search:ASIAI0B)
Imported 'GUID: 3891e5e2c64b4e9eb3a1da7549427fcf' -> (Import Result ID: '811c9ad8ea3d1df9525c620f77cc7799') in 0.002 seconds [static and dynamic dependencies]. Details - ImportResultOutputID=56375e9da892c4b72c85d60b1b3eb0f7 DependenciesID=f931f230d73322094d2716111c46c45b StaticDependenciesID=1a7de36bd3d3e37a00212dc2073fd25a 
Number of updated asset objects reloaded before import = 0
Number of asset objects unloaded after import = 0
========================================================================
Received Import Request.
  Time of request: 2026-08-04T17:31:18.9407201Z
  Time since last request: 0.0002536 seconds.
  importAddress: GUID: d269c0e04a783b442bf23b3dc868a625 - Path: Packages/com.unity.collab-proxy/Editor/UI/UnityInternals/UnityEditor/TreeViewExtensions.cs - Importer: ScriptedImporter/UnityEditor.QuickSearchModule:UnityEditor.Search:ASIAI0B
Importing 'GUID: d269c0e04a783b442bf23b3dc868a625 - Path: Packages/com.unity.collab-proxy/Editor/UI/UnityInternals/UnityEditor/TreeViewExtensions.cs - Importer: ScriptedImporter/UnityEditor.QuickSearchModule:UnityEditor.Search:ASIAI0B' with importer (ScriptedImporter : UnityEditor.QuickSearchModule:UnityEditor.Search:ASIAI0B)
Imported 'GUID: d269c0e04a783b442bf23b3dc868a625' -> (Import Result ID: '83b38d7ac5b8c17d2b59325572900b62') in 0.002 seconds [static and dynamic dependencies]. Details - ImportResultOutputID=47f8e63e684627e1f9bb46a060537185 DependenciesID=cab2213c333eed8193290867e257b47d StaticDependenciesID=d0b857a6714edbcae37ecac16141f532 
Number of updated asset objects reloaded before import = 0
Number of asset objects unloaded after import = 0
========================================================================
Received Import Request.
  Time of request: 2026-08-04T17:31:18.9689581Z
  Time since last request: 0.0186902 seconds.
  importAddress: GUID: d491adc3134c2ac4d9e3c61ed42a7ccd - Path: Packages/com.unity.collab-proxy/Editor/Views/Merge/Gluon/ChangeTreeViewItem.cs - Importer: ScriptedImporter/UnityEditor.QuickSearchModule:UnityEditor.Search:ASIAI0B
Importing 'GUID: d491adc3134c2ac4d9e3c61ed42a7ccd - Path: Packages/com.unity.collab-proxy/Editor/Views/Merge/Gluon/ChangeTreeViewItem.cs - Importer: ScriptedImporter/UnityEditor.QuickSearchModule:UnityEditor.Search:ASIAI0B' with importer (ScriptedImporter : UnityEditor.QuickSearchModule:UnityEditor.Search:ASIAI0B)
Imported 'GUID: d491adc3134c2ac4d9e3c61ed42a7ccd' -> (Import Result ID: 'b44f04bd80bc6f06ff2c30d77514c8fe') in 0.002 seconds [static and dynamic dependencies]. Details - ImportResultOutputID=8d1f5fd16dfa54c44ff6cefb2825c323 DependenciesID=b0309a949aaf8d9496d22e857597f06a StaticDependenciesID=7614e47855eee580532a6f0e71e0784c 
Number of updated asset objects reloaded before import = 0
Number of asset objects unloaded after import = 0
========================================================================
Received Import Request.
  Time of request: 2026-08-04T17:31:18.9784789Z
  Time since last request: 0.0003947 seconds.
  importAddress: GUID: 97d25960402b4e1e98351c7168ef189f - Path: Packages/com.unity.collab-proxy/Editor/Views/BranchExplorer/Drawing/Shapes/EllipticalArc.cs - Importer: ScriptedImporter/UnityEditor.QuickSearchModule:UnityEditor.Search:ASIAI0B
Importing 'GUID: 97d25960402b4e1e98351c7168ef189f - Path: Packages/com.unity.collab-proxy/Editor/Views/BranchExplorer/Drawing/Shapes/EllipticalArc.cs - Importer: ScriptedImporter/UnityEditor.QuickSearchModule:UnityEditor.Search:ASIAI0B' with importer (ScriptedImporter : UnityEditor.QuickSearchModule:UnityEditor.Search:ASIAI0B)
Imported 'GUID: 97d25960402b4e1e98351c7168ef189f' -> (Import Result ID: 'eb81af48ef6017a94b3b63f3f26a86c1') in 0.002 seconds [static and dynamic dependencies]. Details - ImportResultOutputID=5aecfa9641388d4b60600385e965d990 DependenciesID=e51b74e3d54422a9726c673ca0d0e89a StaticDependenciesID=aeef6b43d21f5872c6dfdc6b900465b2 
Number of updated asset objects reloaded before import = 0
Number of asset objects unloaded after import = 0
========================================================================
Received Import Request.
  Time of request: 2026-08-04T17:31:18.9887321Z
  Time since last request: 0.0002096 seconds.
  importAddress: GUID: 349d4bc84d3b4fa48a1970539c06144c - Path: Packages/com.unity.collab-proxy/Editor/Views/Merge/Gluon/IncomingChangesViewMenu.cs - Importer: ScriptedImporter/UnityEditor.QuickSearchModule:UnityEditor.Search:ASIAI0B
Importing 'GUID: 349d4bc84d3b4fa48a1970539c06144c - Path: Packages/com.unity.collab-proxy/Editor/Views/Merge/Gluon/IncomingChangesViewMenu.cs - Importer: ScriptedImporter/UnityEditor.QuickSearchModule:UnityEditor.Search:ASIAI0B' with importer (ScriptedImporter : UnityEditor.QuickSearchModule:UnityEditor.Search:ASIAI0B)
Imported 'GUID: 349d4bc84d3b4fa48a1970539c06144c' -> (Import Result ID: '0fb480142363d56ac902fa2f8ebe2aef') in 0.002 seconds [static and dynamic dependencies]. Details - ImportResultOutputID=5ad3297f90c82b7be6d6ff57372b3662 DependenciesID=bbaef97609e9420ebd38f299fc7ad20d StaticDependenciesID=a9472abf1df29a89057f03633a92cef3 
Number of updated asset objects reloaded before import = 0
Number of asset objects unloaded after import = 0
========================================================================
Received Import Request.
  Time of request: 2026-08-04T17:31:18.9979756Z
  Time since last request: 0.0002253 seconds.
  importAddress: GUID: 323d43d865724e90a62ba88dfeacbef2 - Path: Packages/com.unity.collab-proxy/Editor/Views/Merge/Developer/SerializableMergeTabState.cs - Importer: ScriptedImporter/UnityEditor.QuickSearchModule:UnityEditor.Search:ASIAI0B
Importing 'GUID: 323d43d865724e90a62ba88dfeacbef2 - Path: Packages/com.unity.collab-proxy/Editor/Views/Merge/Developer/SerializableMergeTabState.cs - Importer: ScriptedImporter/UnityEditor.QuickSearchModule:UnityEditor.Search:ASIAI0B' with importer (ScriptedImporter : UnityEditor.QuickSearchModule:UnityEditor.Search:ASIAI0B)
Imported 'GUID: 323d43d865724e90a62ba88dfeacbef2' -> (Import Result ID: '154b9ee42e618ad365a4e9a1c8ad2c79') in 0.002 seconds [static and dynamic dependencies]. Details - ImportResultOutputID=49bb995b487a946219b469571681433d DependenciesID=b93bd303db88f9cdf55b19b6ed523242 StaticDependenciesID=45d52f92a9b538da9fd1d04a869dd0c6 
Number of updated asset objects reloaded before import = 0
Number of asset objects unloaded after import = 0
========================================================================
Received Import Request.
  Time of request: 2026-08-04T17:31:19.0089771Z
  Time since last request: 0.0003536 seconds.
  importAddress: GUID: 67042b0a735b4e9a9e1f047045048baa - Path: Packages/com.unity.collab-proxy/Editor/Views/BranchExplorer/Drawing/Shapes/ColumnShape.cs - Importer: ScriptedImporter/UnityEditor.QuickSearchModule:UnityEditor.Search:ASIAI0B
Importing 'GUID: 67042b0a735b4e9a9e1f047045048baa - Path: Packages/com.unity.collab-proxy/Editor/Views/BranchExplorer/Drawing/Shapes/ColumnShape.cs - Importer: ScriptedImporter/UnityEditor.QuickSearchModule:UnityEditor.Search:ASIAI0B' with importer (ScriptedImporter : UnityEditor.QuickSearchModule:UnityEditor.Search:ASIAI0B)
Imported 'GUID: 67042b0a735b4e9a9e1f047045048baa' -> (Import Result ID: '096478c6c04e6bdbe95120941702cd87') in 0.002 seconds [static and dynamic dependencies]. Details - ImportResultOutputID=ae0fd22dadd78f24a511e86d75ef06bd DependenciesID=b4b0af633b27024a2fdb543131f874e3 StaticDependenciesID=e2d2ced1bb0786436e9e1d4e2465f17a 
Number of updated asset objects reloaded before import = 0
Number of asset objects unloaded after import = 0
========================================================================
Received Import Request.
  Time of request: 2026-08-04T17:31:19.018306Z
  Time since last request: 0.0002195 seconds.
  importAddress: GUID: d06d818a8b620bd4fb87f10782aec42b - Path: Packages/com.unity.collab-proxy/Editor/Views/Merge/Developer/DirectoryConflicts/AddMoveMenu.cs - Importer: ScriptedImporter/UnityEditor.QuickSearchModule:UnityEditor.Search:ASIAI0B
Importing 'GUID: d06d818a8b620bd4fb87f10782aec42b - Path: Packages/com.unity.collab-proxy/Editor/Views/Merge/Developer/DirectoryConflicts/AddMoveMenu.cs - Importer: ScriptedImporter/UnityEditor.QuickSearchModule:UnityEditor.Search:ASIAI0B' with importer (ScriptedImporter : UnityEditor.QuickSearchModule:UnityEditor.Search:ASIAI0B)
Imported 'GUID: d06d818a8b620bd4fb87f10782aec42b' -> (Import Result ID: '018bce838cce3c5dd8eea487d2ed3a24') in 0.002 seconds [static and dynamic dependencies]. Details - ImportResultOutputID=c0a19e5baa0e4d22cd15bef5fb56197e DependenciesID=a774b781af7b796f1ea24b43b1782258 StaticDependenciesID=fd7f17e10cebdd1dd5e3bc9d0c880482 
Number of updated asset objects reloaded before import = 0
Number of asset objects unloaded after import = 0
========================================================================
Received Import Request.
  Time of request: 2026-08-04T17:31:19.0274754Z
  Time since last request: 0.0002913 seconds.
  importAddress: GUID: d6db53f93de967c489902da57a7290a1 - Path: Packages/com.unity.collab-proxy/Editor/Views/Merge/Developer/IsResolved.cs - Importer: ScriptedImporter/UnityEditor.QuickSearchModule:UnityEditor.Search:ASIAI0B
Importing 'GUID: d6db53f93de967c489902da57a7290a1 - Path: Packages/com.unity.collab-proxy/Editor/Views/Merge/Developer/IsResolved.cs - Importer: ScriptedImporter/UnityEditor.QuickSearchModule:UnityEditor.Search:ASIAI0B' with importer (ScriptedImporter : UnityEditor.QuickSearchModule:UnityEditor.Search:ASIAI0B)
Imported 'GUID: d6db53f93de967c489902da57a7290a1' -> (Import Result ID: '05c2ee23cdcc76c3aebf78f4a0266c66') in 0.002 seconds [static and dynamic dependencies]. Details - ImportResultOutputID=96ec603b91873c9afe0fa5afabac8e45 DependenciesID=9d27b346bffa682f2023ab9fec03eb97 StaticDependenciesID=6a629396f9f92e8915575b2051f203b1 
Number of updated asset objects reloaded before import = 0
Number of asset objects unloaded after import = 0
========================================================================
Received Import Request.
  Time of request: 2026-08-04T17:31:19.0366398Z
  Time since last request: 0.0002606 seconds.
  importAddress: GUID: 0b4508d282e94f37a6429cd6a3468e8e - Path: Packages/com.unity.collab-proxy/Editor/Views/BranchExplorer/Drawing/Shapes/MergeLinkShape.cs - Importer: ScriptedImporter/UnityEditor.QuickSearchModule:UnityEditor.Search:ASIAI0B
Importing 'GUID: 0b4508d282e94f37a6429cd6a3468e8e - Path: Packages/com.unity.collab-proxy/Editor/Views/BranchExplorer/Drawing/Shapes/MergeLinkShape.cs - Importer: ScriptedImporter/UnityEditor.QuickSearchModule:UnityEditor.Search:ASIAI0B' with importer (ScriptedImporter : UnityEditor.QuickSearchModule:UnityEditor.Search:ASIAI0B)
Imported 'GUID: 0b4508d282e94f37a6429cd6a3468e8e' -> (Import Result ID: 'fea287ffba1c3045005753c70493cbcd') in 0.002 seconds [static and dynamic dependencies]. Details - ImportResultOutputID=6220667c1da906e490e576a97b76477b DependenciesID=31c296e962dec3b740b81456e664c954 StaticDependenciesID=9b87cd8cbd3e1415e2229d4371915dbc 
Number of updated asset objects reloaded before import = 0
Number of asset objects unloaded after import = 0
========================================================================
Received Import Request.
  Time of request: 2026-08-04T17:31:19.0449162Z
  Time since last request: 0.00024 seconds.
  importAddress: GUID: 5aee5a8d0d126ca48a331d298005381f - Path: Packages/com.unity.collab-proxy/Editor/Views/PendingChanges/Dialogs/CreateChangelistDialog.cs - Importer: ScriptedImporter/UnityEditor.QuickSearchModule:UnityEditor.Search:ASIAI0B
Importing 'GUID: 5aee5a8d0d126ca48a331d298005381f - Path: Packages/com.unity.collab-proxy/Editor/Views/PendingChanges/Dialogs/CreateChangelistDialog.cs - Importer: ScriptedImporter/UnityEditor.QuickSearchModule:UnityEditor.Search:ASIAI0B' with importer (ScriptedImporter : UnityEditor.QuickSearchModule:UnityEditor.Search:ASIAI0B)
Imported 'GUID: 5aee5a8d0d126ca48a331d298005381f' -> (Import Result ID: '9d266b217412dc31f16824c8eb162fcd') in 0.003 seconds [static and dynamic dependencies]. Details - ImportResultOutputID=c7c79406241227c9cdc9ce187011cc79 DependenciesID=5307f4578e50860add7aad381b57c7e5 StaticDependenciesID=8ad059c9292bb0e6919c284008b664a0 
Number of updated asset objects reloaded before import = 0
Number of asset objects unloaded after import = 0
========================================================================
Received Import Request.
  Time of request: 2026-08-04T17:31:19.055385Z
  Time since last request: 0.000271 seconds.
  importAddress: GUID: 182343c61d477e2449cfbc9cb20dfb35 - Path: Packages/com.unity.collab-proxy/Editor/Views/Merge/Developer/MergeViewMenu.cs - Importer: ScriptedImporter/UnityEditor.QuickSearchModule:UnityEditor.Search:ASIAI0B
Importing 'GUID: 182343c61d477e2449cfbc9cb20dfb35 - Path: Packages/com.unity.collab-proxy/Editor/Views/Merge/Developer/MergeViewMenu.cs - Importer: ScriptedImporter/UnityEditor.QuickSearchModule:UnityEditor.Search:ASIAI0B' with importer (ScriptedImporter : UnityEditor.QuickSearchModule:UnityEditor.Search:ASIAI0B)
Imported 'GUID: 182343c61d477e2449cfbc9cb20dfb35' -> (Import Result ID: 'bd2c61a42fb348510c8c55de1d96c0de') in 0.002 seconds [static and dynamic dependencies]. Details - ImportResultOutputID=0830f631cd56783584ed2d9af1f216df DependenciesID=1f6ee317e6abc30e266ba46178a561d3 StaticDependenciesID=23749b77d8986fc8efb87bbfb612d50b 
Number of updated asset objects reloaded before import = 0
Number of asset objects unloaded after import = 0
========================================================================
Received Import Request.
  Time of request: 2026-08-04T17:31:19.0641121Z
  Time since last request: 0.0002974 seconds.
  importAddress: GUID: b66027c0b25336640a989133aa6ebdc9 - Path: Packages/com.unity.collab-proxy/Editor/Views/Merge/Developer/DirectoryConflicts/CycleMoveMenu.cs - Importer: ScriptedImporter/UnityEditor.QuickSearchModule:UnityEditor.Search:ASIAI0B
Importing 'GUID: b66027c0b25336640a989133aa6ebdc9 - Path: Packages/com.unity.collab-proxy/Editor/Views/Merge/Developer/DirectoryConflicts/CycleMoveMenu.cs - Importer: ScriptedImporter/UnityEditor.QuickSearchModule:UnityEditor.Search:ASIAI0B' with importer (ScriptedImporter : UnityEditor.QuickSearchModule:UnityEditor.Search:ASIAI0B)
Imported 'GUID: b66027c0b25336640a989133aa6ebdc9' -> (Import Result ID: 'c63a42ed5bb05f8bab4d0caed7965fa7') in 0.002 seconds [static and dynamic dependencies]. Details - ImportResultOutputID=3200aeb29897c4a5aef25e87fb94575e DependenciesID=902f3d52fdd8b4b51c36263884cc9e49 StaticDependenciesID=5d48298c786f17c5838ac8f9401b7c32 
Number of updated asset objects reloaded before import = 0
Number of asset objects unloaded after import = 0
========================================================================
Received Import Request.
  Time of request: 2026-08-04T17:31:19.0726501Z
  Time since last request: 0.000307 seconds.
  importAddress: GUID: 3ee6978573f6f410a9b799889ea0ad13 - Path: Packages/com.unity.collab-proxy/Editor/Views/PendingChanges/PendingMergeLinks/MergeLinksListView.cs - Importer: ScriptedImporter/UnityEditor.QuickSearchModule:UnityEditor.Search:ASIAI0B
Importing 'GUID: 3ee6978573f6f410a9b799889ea0ad13 - Path: Packages/com.unity.collab-proxy/Editor/Views/PendingChanges/PendingMergeLinks/MergeLinksListView.cs - Importer: ScriptedImporter/UnityEditor.QuickSearchModule:UnityEditor.Search:ASIAI0B' with importer (ScriptedImporter : UnityEditor.QuickSearchModule:UnityEditor.Search:ASIAI0B)
Imported 'GUID: 3ee6978573f6f410a9b799889ea0ad13' -> (Import Result ID: '3596ad7d3650dfc7d60160ca9eaf5699') in 0.003 seconds [static and dynamic dependencies]. Details - ImportResultOutputID=706cb80be8a16d2f3e5dd83b93584ed9 DependenciesID=56aafdb9212c42b9fb38d72634028049 StaticDependenciesID=515ca44e1a6cb1dd465eec35c804264d 
Number of updated asset objects reloaded before import = 0
Number of asset objects unloaded after import = 0
========================================================================
Received Import Request.
  Time of request: 2026-08-04T17:31:19.0822317Z
  Time since last request: 0.0002286 seconds.
  importAddress: GUID: c02d2b10240a45b9a7a91666db0900bf - Path: Packages/com.unity.collab-proxy/Editor/Views/BranchExplorer/Drawing/Shapes/BranchCaptionShape.cs - Importer: ScriptedImporter/UnityEditor.QuickSearchModule:UnityEditor.Search:ASIAI0B
Importing 'GUID: c02d2b10240a45b9a7a91666db0900bf - Path: Packages/com.unity.collab-proxy/Editor/Views/BranchExplorer/Drawing/Shapes/BranchCaptionShape.cs - Importer: ScriptedImporter/UnityEditor.QuickSearchModule:UnityEditor.Search:ASIAI0B' with importer (ScriptedImporter : UnityEditor.QuickSearchModule:UnityEditor.Search:ASIAI0B)
Imported 'GUID: c02d2b10240a45b9a7a91666db0900bf' -> (Import Result ID: '6f6c5e7ab7b97e6a17c5c435c6c89a1f') in 0.002 seconds [static and dynamic dependencies]. Details - ImportResultOutputID=2a5cd95d50681a9f1fc3fc8dee6a32ed DependenciesID=2e30d708408e427fb18ec2dfdba1d199 StaticDependenciesID=bc5241e3e31100b9d248a76f114f76c4 
Number of updated asset objects reloaded before import = 0
Number of asset objects unloaded after import = 0
========================================================================
Received Import Request.
  Time of request: 2026-08-04T17:31:19.0909263Z
  Time since last request: 0.0002373 seconds.
  importAddress: GUID: 90c35417a995402084cf69d05578c8de - Path: Packages/com.unity.collab-proxy/Editor/Views/BranchExplorer/Drawing/Shapes/Painter2DExtensions.cs - Importer: ScriptedImporter/UnityEditor.QuickSearchModule:UnityEditor.Search:ASIAI0B
Importing 'GUID: 90c35417a995402084cf69d05578c8de - Path: Packages/com.unity.collab-proxy/Editor/Views/BranchExplorer/Drawing/Shapes/Painter2DExtensions.cs - Importer: ScriptedImporter/UnityEditor.QuickSearchModule:UnityEditor.Search:ASIAI0B' with importer (ScriptedImporter : UnityEditor.QuickSearchModule:UnityEditor.Search:ASIAI0B)
Imported 'GUID: 90c35417a995402084cf69d05578c8de' -> (Import Result ID: 'b84732e264586846afa481331dcabbc0') in 0.002 seconds [static and dynamic dependencies]. Details - ImportResultOutputID=5d18b8faf05cb81a3c19112fc9391da1 DependenciesID=9f9aa1f043799c7766103a68c224c825 StaticDependenciesID=e5786d01824735c618d007d568d69b72 
Number of updated asset objects reloaded before import = 0
Number of asset objects unloaded after import = 0
========================================================================
Received Import Request.
  Time of request: 2026-08-04T17:31:19.0994795Z
  Time since last request: 0.0002659 seconds.
  importAddress: GUID: c0821447a35700c4280782d1092cf4c5 - Path: Packages/com.unity.collab-proxy/Editor/Views/Merge/Gluon/IncomingChangesTreeHeaderState.cs - Importer: ScriptedImporter/UnityEditor.QuickSearchModule:UnityEditor.Search:ASIAI0B
Importing 'GUID: c0821447a35700c4280782d1092cf4c5 - Path: Packages/com.unity.collab-proxy/Editor/Views/Merge/Gluon/IncomingChangesTreeHeaderState.cs - Importer: ScriptedImporter/UnityEditor.QuickSearchModule:UnityEditor.Search:ASIAI0B' with importer (ScriptedImporter : UnityEditor.QuickSearchModule:UnityEditor.Search:ASIAI0B)
Imported 'GUID: c0821447a35700c4280782d1092cf4c5' -> (Import Result ID: '8d1bbfae2678f688f7205d98821e3c1a') in 0.002 seconds [static and dynamic dependencies]. Details - ImportResultOutputID=65e743cab37010cd8e43143fd8b28d96 DependenciesID=dd1f91de2b41e205101e1c60a99ddc0e StaticDependenciesID=bcfc2fab2075d06c06ca245d2b8ae202 
Number of updated asset objects reloaded before import = 0
Number of asset objects unloaded after import = 0
========================================================================
Received Import Request.
  Time of request: 2026-08-04T17:31:19.1079809Z
  Time since last request: 0.0004942 seconds.
  importAddress: GUID: faf2afd8696f4604f82f46b06b357f06 - Path: Packages/com.unity.collab-proxy/Editor/Views/Merge/Gluon/ChangeCategoryTreeViewItem.cs - Importer: ScriptedImporter/UnityEditor.QuickSearchModule:UnityEditor.Search:ASIAI0B
Importing 'GUID: faf2afd8696f4604f82f46b06b357f06 - Path: Packages/com.unity.collab-proxy/Editor/Views/Merge/Gluon/ChangeCategoryTreeViewItem.cs - Importer: ScriptedImporter/UnityEditor.QuickSearchModule:UnityEditor.Search:ASIAI0B' with importer (ScriptedImporter : UnityEditor.QuickSearchModule:UnityEditor.Search:ASIAI0B)
Imported 'GUID: faf2afd8696f4604f82f46b06b357f06' -> (Import Result ID: 'f4fb469f2d5b6af04b48e7e14f09e2d4') in 0.002 seconds [static and dynamic dependencies]. Details - ImportResultOutputID=3645bf63acf21d0e5a1d7ea9ab8f2c85 DependenciesID=9bc4e4a5a20586bf8e4307994a152593 StaticDependenciesID=687011d826d5a742ff0ebd69a8fce92a 
Number of updated asset objects reloaded before import = 0
Number of asset objects unloaded after import = 0
========================================================================
Received Import Request.
  Time of request: 2026-08-04T17:31:19.1162851Z
  Time since last request: 0.0002008 seconds.
  importAddress: GUID: 839307907e7a41f7af4d60bf8eef2218 - Path: Packages/com.unity.collab-proxy/Editor/Views/BranchExplorer/Drawing/Shapes/ChangesetShape.cs - Importer: ScriptedImporter/UnityEditor.QuickSearchModule:UnityEditor.Search:ASIAI0B
Importing 'GUID: 839307907e7a41f7af4d60bf8eef2218 - Path: Packages/com.unity.collab-proxy/Editor/Views/BranchExplorer/Drawing/Shapes/ChangesetShape.cs - Importer: ScriptedImporter/UnityEditor.QuickSearchModule:UnityEditor.Search:ASIAI0B' with importer (ScriptedImporter : UnityEditor.QuickSearchModule:UnityEditor.Search:ASIAI0B)
Imported 'GUID: 839307907e7a41f7af4d60bf8eef2218' -> (Import Result ID: 'd113cb293f04ad4b0a3bd2fe4702af01') in 0.002 seconds [static and dynamic dependencies]. Details - ImportResultOutputID=e1ee552b40bee0a746d1ba93644b530d DependenciesID=5b936b87330af98f5a9653e7bf97fc39 StaticDependenciesID=e0675caf7d03a8814f29432a7d0196d2 
Number of updated asset objects reloaded before import = 0
Number of asset objects unloaded after import = 0
========================================================================
Received Import Request.
  Time of request: 2026-08-04T17:31:19.1259206Z
  Time since last request: 0.000292 seconds.
  importAddress: GUID: 9b4ce296f75d9468f820729bb268de75 - Path: Packages/com.unity.collab-proxy/Editor/Views/BranchExplorer/Options/ConditionalFormat/FiltersAndConditionalFormatPanel.cs - Importer: ScriptedImporter/UnityEditor.QuickSearchModule:UnityEditor.Search:ASIAI0B
Importing 'GUID: 9b4ce296f75d9468f820729bb268de75 - Path: Packages/com.unity.collab-proxy/Editor/Views/BranchExplorer/Options/ConditionalFormat/FiltersAndConditionalFormatPanel.cs - Importer: ScriptedImporter/UnityEditor.QuickSearchModule:UnityEditor.Search:ASIAI0B' with importer (ScriptedImporter : UnityEditor.QuickSearchModule:UnityEditor.Search:ASIAI0B)
Imported 'GUID: 9b4ce296f75d9468f820729bb268de75' -> (Import Result ID: '5f020254da89b1541967f13df20504f7') in 0.002 seconds [static and dynamic dependencies]. Details - ImportResultOutputID=957bce23c30854eeb6e8b914a94f58f8 DependenciesID=536b2d44afc786ff356383431dd766ea StaticDependenciesID=c345624ca838e4165d0ef0f8ceb40f63 
Number of updated asset objects reloaded before import = 0
Number of asset objects unloaded after import = 0
========================================================================
Received Import Request.
  Time of request: 2026-08-04T17:31:19.1348714Z
  Time since last request: 0.0002377 seconds.
  importAddress: GUID: 0b53a404fdd93a8449b983861c7f0e88 - Path: Packages/com.unity.collab-proxy/Editor/Views/Merge/Developer/DirectoryConflicts/DivergentMoveMenu.cs - Importer: ScriptedImporter/UnityEditor.QuickSearchModule:UnityEditor.Search:ASIAI0B
Importing 'GUID: 0b53a404fdd93a8449b983861c7f0e88 - Path: Packages/com.unity.collab-proxy/Editor/Views/Merge/Developer/DirectoryConflicts/DivergentMoveMenu.cs - Importer: ScriptedImporter/UnityEditor.QuickSearchModule:UnityEditor.Search:ASIAI0B' with importer (ScriptedImporter : UnityEditor.QuickSearchModule:UnityEditor.Search:ASIAI0B)
Imported 'GUID: 0b53a404fdd93a8449b983861c7f0e88' -> (Import Result ID: '3ddcb167e2cac0945ca0336c43f1ae17') in 0.002 seconds [static and dynamic dependencies]. Details - ImportResultOutputID=f0cb4e19dbf3b351885163948deb9b4c DependenciesID=e1a20f6277e55c9f4370ee9330c26573 StaticDependenciesID=fff11089e5c64c8521d05edff97c2ffd 
Number of updated asset objects reloaded before import = 0
Number of asset objects unloaded after import = 0
========================================================================
Received Import Request.
  Time of request: 2026-08-04T17:31:19.1438987Z
  Time since last request: 0.0002432 seconds.
  importAddress: GUID: 86a5230f492b0b14ea583544991668a9 - Path: Packages/com.unity.collab-proxy/Editor/Views/Merge/Developer/DirectoryConflicts/DeleteChangeMenu.cs - Importer: ScriptedImporter/UnityEditor.QuickSearchModule:UnityEditor.Search:ASIAI0B
Importing 'GUID: 86a5230f492b0b14ea583544991668a9 - Path: Packages/com.unity.collab-proxy/Editor/Views/Merge/Developer/DirectoryConflicts/DeleteChangeMenu.cs - Importer: ScriptedImporter/UnityEditor.QuickSearchModule:UnityEditor.Search:ASIAI0B' with importer (ScriptedImporter : UnityEditor.QuickSearchModule:UnityEditor.Search:ASIAI0B)
Imported 'GUID: 86a5230f492b0b14ea583544991668a9' -> (Import Result ID: 'cf021149c4a8a584f0d1bddf47554ab0') in 0.002 seconds [static and dynamic dependencies]. Details - ImportResultOutputID=7ac11d1f4f5e28cdf84602a295dbb1a6 DependenciesID=6d05a61f848dca28a00c91511f34cad6 StaticDependenciesID=2fdffc7ff439db430b555fa1e971fa0c 
Number of updated asset objects reloaded before import = 0
Number of asset objects unloaded after import = 0
========================================================================
Received Import Request.
  Time of request: 2026-08-04T17:31:19.1689308Z
  Time since last request: 0.0163545 seconds.
  importAddress: GUID: ebefffdd15ef3832ab7ae2b21e549832 - Path: Packages/com.unity.burst/Runtime/BurstCompilerOptions.cs - Importer: ScriptedImporter/UnityEditor.QuickSearchModule:UnityEditor.Search:ASIAI0B
Importing 'GUID: ebefffdd15ef3832ab7ae2b21e549832 - Path: Packages/com.unity.burst/Runtime/BurstCompilerOptions.cs - Importer: ScriptedImporter/UnityEditor.QuickSearchModule:UnityEditor.Search:ASIAI0B' with importer (ScriptedImporter : UnityEditor.QuickSearchModule:UnityEditor.Search:ASIAI0B)
Imported 'GUID: ebefffdd15ef3832ab7ae2b21e549832' -> (Import Result ID: '2eba48c130753e107cbc033da7430f8c') in 0.002 seconds [static and dynamic dependencies]. Details - ImportResultOutputID=31e72fb5ef3675c09cea98c70c03d538 DependenciesID=8106ddb470358f83c08c3eb3748dc26e StaticDependenciesID=951903c0364779b604a26c205352dcec 
Number of updated asset objects reloaded before import = 0
Number of asset objects unloaded after import = 0
========================================================================
Received Import Request.
  Time of request: 2026-08-04T17:31:19.1781449Z
  Time since last request: 0.0002073 seconds.
  importAddress: GUID: e68a46ad78cc4cec9266e64ae51c807f - Path: Packages/com.unity.collab-proxy/Editor/Views/BranchExplorer/Drawing/Shapes/Connections/ShapeConnectionBuilder.cs - Importer: ScriptedImporter/UnityEditor.QuickSearchModule:UnityEditor.Search:ASIAI0B
Importing 'GUID: e68a46ad78cc4cec9266e64ae51c807f - Path: Packages/com.unity.collab-proxy/Editor/Views/BranchExplorer/Drawing/Shapes/Connections/ShapeConnectionBuilder.cs - Importer: ScriptedImporter/UnityEditor.QuickSearchModule:UnityEditor.Search:ASIAI0B' with importer (ScriptedImporter : UnityEditor.QuickSearchModule:UnityEditor.Search:ASIAI0B)
Imported 'GUID: e68a46ad78cc4cec9266e64ae51c807f' -> (Import Result ID: '29bf55bcd6c5f4897fd73ca2ebed35c8') in 0.002 seconds [static and dynamic dependencies]. Details - ImportResultOutputID=505a91f6b1ee6d122e285c61a7b5e6e8 DependenciesID=256498d1cdde1aafe3e3d7b4a0e23ca4 StaticDependenciesID=d1e1e1191b69d45dcd0f61e645326a65 
Number of updated asset objects reloaded before import = 0
Number of asset objects unloaded after import = 0
========================================================================
Received Import Request.
  Time of request: 2026-08-04T17:31:19.1867484Z
  Time since last request: 0.0002619 seconds.
  importAddress: GUID: 28c762070e0d3359b18a59f9402d5013 - Path: Packages/com.unity.burst/Third Party Notices.md - Importer: ScriptedImporter/UnityEditor.QuickSearchModule:UnityEditor.Search:ASIAI0B
Importing 'GUID: 28c762070e0d3359b18a59f9402d5013 - Path: Packages/com.unity.burst/Third Party Notices.md - Importer: ScriptedImporter/UnityEditor.QuickSearchModule:UnityEditor.Search:ASIAI0B' with importer (ScriptedImporter : UnityEditor.QuickSearchModule:UnityEditor.Search:ASIAI0B)
Imported 'GUID: 28c762070e0d3359b18a59f9402d5013' -> (Import Result ID: '2011833ab1cc87cdbe22b4732af4a2b4') in 0.002 seconds [static and dynamic dependencies]. Details - ImportResultOutputID=97252d8dacc60c51942b07fd7bb186d1 DependenciesID=e07940c7e5dde7a3b7b8d8274b483e30 StaticDependenciesID=626f6c07d35785183d40ecf9e6f27531 
Number of updated asset objects reloaded before import = 0
Number of asset objects unloaded after import = 1
========================================================================
Received Import Request.
  Time of request: 2026-08-04T17:31:19.1961796Z
  Time since last request: 0.0002505 seconds.
  importAddress: GUID: b85cbcd785ff3b1597b89eb2c453f4fe - Path: Packages/com.unity.burst/Runtime/BurstExecutionEnvironment.cs - Importer: ScriptedImporter/UnityEditor.QuickSearchModule:UnityEditor.Search:ASIAI0B
Importing 'GUID: b85cbcd785ff3b1597b89eb2c453f4fe - Path: Packages/com.unity.burst/Runtime/BurstExecutionEnvironment.cs - Importer: ScriptedImporter/UnityEditor.QuickSearchModule:UnityEditor.Search:ASIAI0B' with importer (ScriptedImporter : UnityEditor.QuickSearchModule:UnityEditor.Search:ASIAI0B)
Imported 'GUID: b85cbcd785ff3b1597b89eb2c453f4fe' -> (Import Result ID: '68db7a5e76158849c334d5df116703d1') in 0.002 seconds [static and dynamic dependencies]. Details - ImportResultOutputID=7e3e945f74bb72915e5c68c73f7f01ad DependenciesID=a88c1ac2fd530dc19e4c83d250f6af92 StaticDependenciesID=83fe6a1db34f70b39f598b0fb2f381cb 
Number of updated asset objects reloaded before import = 0
Number of asset objects unloaded after import = 0
========================================================================
Received Import Request.
  Time of request: 2026-08-04T17:31:19.2052679Z
  Time since last request: 0.0002666 seconds.
  importAddress: GUID: 9bce97fab0964d528edee0fae8663c95 - Path: Packages/com.unity.collab-proxy/Editor/Views/BranchExplorer/Drawing/Shapes/Colors/BrExLineDashPatterns.cs - Importer: ScriptedImporter/UnityEditor.QuickSearchModule:UnityEditor.Search:ASIAI0B
Importing 'GUID: 9bce97fab0964d528edee0fae8663c95 - Path: Packages/com.unity.collab-proxy/Editor/Views/BranchExplorer/Drawing/Shapes/Colors/BrExLineDashPatterns.cs - Importer: ScriptedImporter/UnityEditor.QuickSearchModule:UnityEditor.Search:ASIAI0B' with importer (ScriptedImporter : UnityEditor.QuickSearchModule:UnityEditor.Search:ASIAI0B)
Imported 'GUID: 9bce97fab0964d528edee0fae8663c95' -> (Import Result ID: '0cdf99aa093008ba789f86de801862ec') in 0.002 seconds [static and dynamic dependencies]. Details - ImportResultOutputID=1cec926e1e96ef01b219d90c0b5b1e2b DependenciesID=20f5ee529319989645eaf13b049952fd StaticDependenciesID=9b3dfb95c2e5f0f6ed7b5916859cf8b4 
Number of updated asset objects reloaded before import = 0
Number of asset objects unloaded after import = 0
========================================================================
Received Import Request.
  Time of request: 2026-08-04T17:31:19.213933Z
  Time since last request: 0.000264 seconds.
  importAddress: GUID: e1a9d3695935353ba81777d39e2f58b2 - Path: Packages/com.unity.burst/Editor/BurstDisassembler.Core.ARM64.cs - Importer: ScriptedImporter/UnityEditor.QuickSearchModule:UnityEditor.Search:ASIAI0B
Importing 'GUID: e1a9d3695935353ba81777d39e2f58b2 - Path: Packages/com.unity.burst/Editor/BurstDisassembler.Core.ARM64.cs - Importer: ScriptedImporter/UnityEditor.QuickSearchModule:UnityEditor.Search:ASIAI0B' with importer (ScriptedImporter : UnityEditor.QuickSearchModule:UnityEditor.Search:ASIAI0B)
Imported 'GUID: e1a9d3695935353ba81777d39e2f58b2' -> (Import Result ID: 'd76eb0b9132cf652a907d99f8b7d1ca0') in 0.003 seconds [static and dynamic dependencies]. Details - ImportResultOutputID=b8acb621d69439453b672e401b2e56e1 DependenciesID=888e461f289346a46cc7bf6ef033d7bf StaticDependenciesID=2f34ba57981b4b090d92b2492132beaa 
Number of updated asset objects reloaded before import = 0
Number of asset objects unloaded after import = 0
========================================================================
Received Import Request.
  Time of request: 2026-08-04T17:31:19.2239516Z
  Time since last request: 0.0003253 seconds.
  importAddress: GUID: 6f21d73f40273eb4b102b79bda678e68 - Path: Packages/com.unity.burst/Editor/BurstDisassembler.Core.x86.cs - Importer: ScriptedImporter/UnityEditor.QuickSearchModule:UnityEditor.Search:ASIAI0B
Importing 'GUID: 6f21d73f40273eb4b102b79bda678e68 - Path: Packages/com.unity.burst/Editor/BurstDisassembler.Core.x86.cs - Importer: ScriptedImporter/UnityEditor.QuickSearchModule:UnityEditor.Search:ASIAI0B' with importer (ScriptedImporter : UnityEditor.QuickSearchModule:UnityEditor.Search:ASIAI0B)
Imported 'GUID: 6f21d73f40273eb4b102b79bda678e68' -> (Import Result ID: '1225b62479e9ea7672e5a364271de14a') in 0.002 seconds [static and dynamic dependencies]. Details - ImportResultOutputID=3ecd11acd0ce5868e05dfc88aacc4931 DependenciesID=166aadd4e33f107d85f3caf3a15c5aba StaticDependenciesID=ff4a5d759242949a720450c210bd80ba 
Number of updated asset objects reloaded before import = 0
Number of asset objects unloaded after import = 0
========================================================================
Received Import Request.
  Time of request: 2026-08-04T17:31:19.2326679Z
  Time since last request: 0.0002652 seconds.
  importAddress: GUID: 9c8c274ac46432afb936eab1c516fd7f - Path: Packages/com.unity.burst/Editor/BurstPlatformAotSettings.cs - Importer: ScriptedImporter/UnityEditor.QuickSearchModule:UnityEditor.Search:ASIAI0B
Importing 'GUID: 9c8c274ac46432afb936eab1c516fd7f - Path: Packages/com.unity.burst/Editor/BurstPlatformAotSettings.cs - Importer: ScriptedImporter/UnityEditor.QuickSearchModule:UnityEditor.Search:ASIAI0B' with importer (ScriptedImporter : UnityEditor.QuickSearchModule:UnityEditor.Search:ASIAI0B)
Imported 'GUID: 9c8c274ac46432afb936eab1c516fd7f' -> (Import Result ID: '04a27a78b713fdfe29048ce470d2c681') in 0.002 seconds [static and dynamic dependencies]. Details - ImportResultOutputID=0747ba0ed5ea23dc39640bd5e0748822 DependenciesID=783fe56849b0a9906f22190befba8c26 StaticDependenciesID=785968bee25f630353a60a94b8d67806 
Number of updated asset objects reloaded before import = 0
Number of asset objects unloaded after import = 0
========================================================================
Received Import Request.
  Time of request: 2026-08-04T17:31:19.2415228Z
  Time since last request: 0.0002596 seconds.
  importAddress: GUID: adfb797f3dde361eb406750c9eea1f62 - Path: Packages/com.unity.burst/Editor/BurstDisassembler.Core.Wasm.cs - Importer: ScriptedImporter/UnityEditor.QuickSearchModule:UnityEditor.Search:ASIAI0B
Importing 'GUID: adfb797f3dde361eb406750c9eea1f62 - Path: Packages/com.unity.burst/Editor/BurstDisassembler.Core.Wasm.cs - Importer: ScriptedImporter/UnityEditor.QuickSearchModule:UnityEditor.Search:ASIAI0B' with importer (ScriptedImporter : UnityEditor.QuickSearchModule:UnityEditor.Search:ASIAI0B)
Imported 'GUID: adfb797f3dde361eb406750c9eea1f62' -> (Import Result ID: '000b995770c61f51a54e9adbb034a426') in 0.002 seconds [static and dynamic dependencies]. Details - ImportResultOutputID=d97af4649778998d912efd5d49d5ad8d DependenciesID=0e4081f8e3721a1280ac8c3f2c36ffc7 StaticDependenciesID=f57b6edd3cb655e51cd8dcd29e3db668 
Number of updated asset objects reloaded before import = 0
Number of asset objects unloaded after import = 0
========================================================================
Received Import Request.
  Time of request: 2026-08-04T17:31:19.2501405Z
  Time since last request: 0.000277 seconds.
  importAddress: GUID: 0da29ddb8a5144b1b4f1bd9922a3669a - Path: Packages/com.unity.collab-proxy/Editor/Views/BranchExplorer/Drawing/Shapes/Colors/ColorProvider.cs - Importer: ScriptedImporter/UnityEditor.QuickSearchModule:UnityEditor.Search:ASIAI0B
Importing 'GUID: 0da29ddb8a5144b1b4f1bd9922a3669a - Path: Packages/com.unity.collab-proxy/Editor/Views/BranchExplorer/Drawing/Shapes/Colors/ColorProvider.cs - Importer: ScriptedImporter/UnityEditor.QuickSearchModule:UnityEditor.Search:ASIAI0B' with importer (ScriptedImporter : UnityEditor.QuickSearchModule:UnityEditor.Search:ASIAI0B)
Imported 'GUID: 0da29ddb8a5144b1b4f1bd9922a3669a' -> (Import Result ID: 'd2fc2c0cde0751a0648998195c454a0d') in 0.002 seconds [static and dynamic dependencies]. Details - ImportResultOutputID=274708c39f17d382dc3c1444d5147881 DependenciesID=2f3107728f1d6529ff08c6a2b44a6846 StaticDependenciesID=31cffa5eed6d5e7abcabc7898b7e1689 
Number of updated asset objects reloaded before import = 0
Number of asset objects unloaded after import = 0
========================================================================
Received Import Request.
  Time of request: 2026-08-04T17:31:19.259235Z
  Time since last request: 0.0003818 seconds.
  importAddress: GUID: 6d3b5a05e2ea3974bda15d1a50e6df4d - Path: Packages/com.unity.burst/Editor/BurstLoader.cs - Importer: ScriptedImporter/UnityEditor.QuickSearchModule:UnityEditor.Search:ASIAI0B
Importing 'GUID: 6d3b5a05e2ea3974bda15d1a50e6df4d - Path: Packages/com.unity.burst/Editor/BurstLoader.cs - Importer: ScriptedImporter/UnityEditor.QuickSearchModule:UnityEditor.Search:ASIAI0B' with importer (ScriptedImporter : UnityEditor.QuickSearchModule:UnityEditor.Search:ASIAI0B)
Imported 'GUID: 6d3b5a05e2ea3974bda15d1a50e6df4d' -> (Import Result ID: 'fea84b10029f2ef1a3d5bbd62981e947') in 0.002 seconds [static and dynamic dependencies]. Details - ImportResultOutputID=c48b2facab8554ced97a9474e5418c9a DependenciesID=c5c6e4b9f18ff3ffd6a781c62158b169 StaticDependenciesID=1f3fa649033dfa384ec10ee82c6a4f86 
Number of updated asset objects reloaded before import = 0
Number of asset objects unloaded after import = 0
========================================================================
Received Import Request.
  Time of request: 2026-08-04T17:31:19.2675111Z
  Time since last request: 0.0003031 seconds.
  importAddress: GUID: 544e4fbf839e39e1b693958db86e8cc8 - Path: Packages/com.unity.burst/CHANGELOG.md - Importer: ScriptedImporter/UnityEditor.QuickSearchModule:UnityEditor.Search:ASIAI0B
Importing 'GUID: 544e4fbf839e39e1b693958db86e8cc8 - Path: Packages/com.unity.burst/CHANGELOG.md - Importer: ScriptedImporter/UnityEditor.QuickSearchModule:UnityEditor.Search:ASIAI0B' with importer (ScriptedImporter : UnityEditor.QuickSearchModule:UnityEditor.Search:ASIAI0B)
Imported 'GUID: 544e4fbf839e39e1b693958db86e8cc8' -> (Import Result ID: 'a1081ffe313be9a749bea36cfacc1cef') in 0.002 seconds [static and dynamic dependencies]. Details - ImportResultOutputID=d83a897bd2ed02c5dbc4a331d6a267a8 DependenciesID=c37d5dbcd689705d7ae991e98cbe7514 StaticDependenciesID=e1d63decef80f10ec627ccd36249dda4 
Number of updated asset objects reloaded before import = 0
Number of asset objects unloaded after import = 1
========================================================================
Received Import Request.
  Time of request: 2026-08-04T17:31:19.2767934Z
  Time since last request: 0.0003627 seconds.
  importAddress: GUID: 1ea79974c5183e1383752c31ecbbb0d8 - Path: Packages/com.unity.burst/Editor/BurstDisassembler.Core.cs - Importer: ScriptedImporter/UnityEditor.QuickSearchModule:UnityEditor.Search:ASIAI0B
Importing 'GUID: 1ea79974c5183e1383752c31ecbbb0d8 - Path: Packages/com.unity.burst/Editor/BurstDisassembler.Core.cs - Importer: ScriptedImporter/UnityEditor.QuickSearchModule:UnityEditor.Search:ASIAI0B' with importer (ScriptedImporter : UnityEditor.QuickSearchModule:UnityEditor.Search:ASIAI0B)
Imported 'GUID: 1ea79974c5183e1383752c31ecbbb0d8' -> (Import Result ID: 'b1100ce7248be3d684ff349fc492aa3c') in 0.002 seconds [static and dynamic dependencies]. Details - ImportResultOutputID=e2043d9e9329cef74298eedf8e6baa18 DependenciesID=4510a1e75b2cd14c708e2c6397836afe StaticDependenciesID=26a518b9cffc1b4e04459bb1a875ecce 
Number of updated asset objects reloaded before import = 0
Number of asset objects unloaded after import = 0
========================================================================
Received Import Request.
  Time of request: 2026-08-04T17:31:19.2856337Z
  Time since last request: 0.0001863 seconds.
  importAddress: GUID: e2e47707a3663434b10485daf061e14c - Path: Packages/com.unity.burst/Editor/BurstMath.cs - Importer: ScriptedImporter/UnityEditor.QuickSearchModule:UnityEditor.Search:ASIAI0B
Importing 'GUID: e2e47707a3663434b10485daf061e14c - Path: Packages/com.unity.burst/Editor/BurstMath.cs - Importer: ScriptedImporter/UnityEditor.QuickSearchModule:UnityEditor.Search:ASIAI0B' with importer (ScriptedImporter : UnityEditor.QuickSearchModule:UnityEditor.Search:ASIAI0B)
Imported 'GUID: e2e47707a3663434b10485daf061e14c' -> (Import Result ID: '497466d3e94821874720f381e2128585') in 0.002 seconds [static and dynamic dependencies]. Details - ImportResultOutputID=de23750f46e3911df7a38be1f62a3f0c DependenciesID=24404ff43956aca5a2cf9bee31162f14 StaticDependenciesID=6f4a7aeccf26754e17c5e92ef53d8f2f 
Number of updated asset objects reloaded before import = 0
Number of asset objects unloaded after import = 0
========================================================================
Received Import Request.
  Time of request: 2026-08-04T17:31:19.294675Z
  Time since last request: 0.0002249 seconds.
  importAddress: GUID: 4b518b37798c97b0f860962cbf615533 - Path: Packages/com.unity.modules.unitywebrequestaudio/package.json - Importer: ScriptedImporter/UnityEditor.QuickSearchModule:UnityEditor.Search:ASIAI0B
Importing 'GUID: 4b518b37798c97b0f860962cbf615533 - Path: Packages/com.unity.modules.unitywebrequestaudio/package.json - Importer: ScriptedImporter/UnityEditor.QuickSearchModule:UnityEditor.Search:ASIAI0B' with importer (ScriptedImporter : UnityEditor.QuickSearchModule:UnityEditor.Search:ASIAI0B)
Imported 'GUID: 4b518b37798c97b0f860962cbf615533' -> (Import Result ID: '1ecbbca590dfb51c268c8184da5c8f71') in 0.003 seconds [static and dynamic dependencies]. Details - ImportResultOutputID=ceb90cd311a9d0fa8a164a556ca482ba DependenciesID=505d9dcc0d1cb8757367edfd35b4b4cf StaticDependenciesID=fde15cf59b19d28a3075a830186e59b9 
Number of updated asset objects reloaded before import = 0
Number of asset objects unloaded after import = 1
========================================================================
Received Import Request.
  Time of request: 2026-08-04T17:31:19.3045859Z
  Time since last request: 0.000207 seconds.
  importAddress: GUID: 79b3e6b3ce8c544459dd8dfbe0231dd6 - Path: Packages/com.unity.collab-proxy/Lib/Editor/TextMateSharp/Onigwrap/libonigwrap/win-x86/libonigwrap.dll - Importer: ScriptedImporter/UnityEditor.QuickSearchModule:UnityEditor.Search:ASIAI0B
Importing 'GUID: 79b3e6b3ce8c544459dd8dfbe0231dd6 - Path: Packages/com.unity.collab-proxy/Lib/Editor/TextMateSharp/Onigwrap/libonigwrap/win-x86/libonigwrap.dll - Importer: ScriptedImporter/UnityEditor.QuickSearchModule:UnityEditor.Search:ASIAI0B' with importer (ScriptedImporter : UnityEditor.QuickSearchModule:UnityEditor.Search:ASIAI0B)
Imported 'GUID: 79b3e6b3ce8c544459dd8dfbe0231dd6' -> (Import Result ID: '2c02da007a29834ef23db832438748d0') in 0.002 seconds [static and dynamic dependencies]. Details - ImportResultOutputID=39fbd761f1be56abf4db8e27fcc7c653 DependenciesID=b63f21afc32f9baff00bada8f285783f StaticDependenciesID=3efad07d2460aa652f00137a775a7642 
Number of updated asset objects reloaded before import = 0
Number of asset objects unloaded after import = 0
========================================================================
Received Import Request.
  Time of request: 2026-08-04T17:31:19.3138111Z
  Time since last request: 0.0001828 seconds.
  importAddress: GUID: 255d77fe7f1a3f27862b86ae6ac92d70 - Path: Packages/com.unity.burst/Editor/BurstDisassembler.Core.Wasm.info.cs - Importer: ScriptedImporter/UnityEditor.QuickSearchModule:UnityEditor.Search:ASIAI0B
Importing 'GUID: 255d77fe7f1a3f27862b86ae6ac92d70 - Path: Packages/com.unity.burst/Editor/BurstDisassembler.Core.Wasm.info.cs - Importer: ScriptedImporter/UnityEditor.QuickSearchModule:UnityEditor.Search:ASIAI0B' with importer (ScriptedImporter : UnityEditor.QuickSearchModule:UnityEditor.Search:ASIAI0B)
Imported 'GUID: 255d77fe7f1a3f27862b86ae6ac92d70' -> (Import Result ID: '68e39e6ec50b9ecc00d174a6fc50959d') in 0.002 seconds [static and dynamic dependencies]. Details - ImportResultOutputID=f652978f5937fb1d7125eab1bf1bf2bc DependenciesID=29355372c656c9f42f25e668354ddbd8 StaticDependenciesID=b4dbf4d79cabe7d84b3e2fba3949fd27 
Number of updated asset objects reloaded before import = 0
Number of asset objects unloaded after import = 0
========================================================================
Received Import Request.
  Time of request: 2026-08-04T17:31:19.3231711Z
  Time since last request: 0.0001887 seconds.
  importAddress: GUID: 12c2df7ecc513a518cf19ae97d4c7ede - Path: Packages/com.unity.burst/Editor/BurstDisassembler.Core.LLVMIR.info.cs - Importer: ScriptedImporter/UnityEditor.QuickSearchModule:UnityEditor.Search:ASIAI0B
Importing 'GUID: 12c2df7ecc513a518cf19ae97d4c7ede - Path: Packages/com.unity.burst/Editor/BurstDisassembler.Core.LLVMIR.info.cs - Importer: ScriptedImporter/UnityEditor.QuickSearchModule:UnityEditor.Search:ASIAI0B' with importer (ScriptedImporter : UnityEditor.QuickSearchModule:UnityEditor.Search:ASIAI0B)
Imported 'GUID: 12c2df7ecc513a518cf19ae97d4c7ede' -> (Import Result ID: '0f733c81f1ebfd2b30fcfb42ce295a5d') in 0.002 seconds [static and dynamic dependencies]. Details - ImportResultOutputID=71480326ae723a0e7b1e7a3100834894 DependenciesID=1d8a5a460aeb0249b8a90054182b630f StaticDependenciesID=3e127acfb5bdb27eaf797b3fb4752fba 
Number of updated asset objects reloaded before import = 0
Number of asset objects unloaded after import = 0
========================================================================
Received Import Request.
  Time of request: 2026-08-04T17:31:19.332457Z
  Time since last request: 0.0002047 seconds.
  importAddress: GUID: 1db38f8fca654faa9d306e57e639e4a1 - Path: Packages/com.unity.collab-proxy/Editor/Views/BranchExplorer/Drawing/Shapes/Connections/MergeLinkGeometry.cs - Importer: ScriptedImporter/UnityEditor.QuickSearchModule:UnityEditor.Search:ASIAI0B
Importing 'GUID: 1db38f8fca654faa9d306e57e639e4a1 - Path: Packages/com.unity.collab-proxy/Editor/Views/BranchExplorer/Drawing/Shapes/Connections/MergeLinkGeometry.cs - Importer: ScriptedImporter/UnityEditor.QuickSearchModule:UnityEditor.Search:ASIAI0B' with importer (ScriptedImporter : UnityEditor.QuickSearchModule:UnityEditor.Search:ASIAI0B)
Imported 'GUID: 1db38f8fca654faa9d306e57e639e4a1' -> (Import Result ID: 'db0cb62aaaae5c6ef68833b9a7404d84') in 0.002 seconds [static and dynamic dependencies]. Details - ImportResultOutputID=e2c99a6c57276a78e0dfa2976c19963f DependenciesID=291578dfffceb13f0e6389dbefad5c50 StaticDependenciesID=fdc99900391bf0bdcf4ae2e68919b157 
Number of updated asset objects reloaded before import = 0
Number of asset objects unloaded after import = 0
========================================================================
Received Import Request.
  Time of request: 2026-08-04T17:31:19.3413541Z
  Time since last request: 0.0002589 seconds.
  importAddress: GUID: 9ac5be0090514aa8b35011788efe5757 - Path: Packages/com.unity.burst/Unity.Burst.Unsafe.dll - Importer: ScriptedImporter/UnityEditor.QuickSearchModule:UnityEditor.Search:ASIAI0B
Importing 'GUID: 9ac5be0090514aa8b35011788efe5757 - Path: Packages/com.unity.burst/Unity.Burst.Unsafe.dll - Importer: ScriptedImporter/UnityEditor.QuickSearchModule:UnityEditor.Search:ASIAI0B' with importer (ScriptedImporter : UnityEditor.QuickSearchModule:UnityEditor.Search:ASIAI0B)
Imported 'GUID: 9ac5be0090514aa8b35011788efe5757' -> (Import Result ID: '5cc4bacaab4f54fe755a40ed9583ad79') in 0.002 seconds [static and dynamic dependencies]. Details - ImportResultOutputID=d72da6f6dfe45521c3adf3c8aba35ba4 DependenciesID=c10d2d8ee132625506f845baa0148e50 StaticDependenciesID=9cae4ca01ac92e381d83b6bf705b748c 
Number of updated asset objects reloaded before import = 0
Number of asset objects unloaded after import = 0
========================================================================
Received Import Request.
  Time of request: 2026-08-04T17:31:19.3638274Z
  Time since last request: 0.0139634 seconds.
  importAddress: GUID: bae2d17db94135ea84f8110705ba44a0 - Path: Packages/com.unity.burst/Runtime/Intrinsics/x86/Bmi1.cs - Importer: ScriptedImporter/UnityEditor.QuickSearchModule:UnityEditor.Search:ASIAI0B
Importing 'GUID: bae2d17db94135ea84f8110705ba44a0 - Path: Packages/com.unity.burst/Runtime/Intrinsics/x86/Bmi1.cs - Importer: ScriptedImporter/UnityEditor.QuickSearchModule:UnityEditor.Search:ASIAI0B' with importer (ScriptedImporter : UnityEditor.QuickSearchModule:UnityEditor.Search:ASIAI0B)
Imported 'GUID: bae2d17db94135ea84f8110705ba44a0' -> (Import Result ID: '9173281de403af9a677ecac86b31be1d') in 0.002 seconds [static and dynamic dependencies]. Details - ImportResultOutputID=ad742ac91ff0a90c3abd96bffc9d7094 DependenciesID=1466fd537cf25af2017bb1be12fc0977 StaticDependenciesID=bc8f7ff6620eaaefe07553acf405e38f 
Number of updated asset objects reloaded before import = 0
Number of asset objects unloaded after import = 0
========================================================================
Received Import Request.
  Time of request: 2026-08-04T17:31:19.3725944Z
  Time since last request: 0.0002133 seconds.
  importAddress: GUID: 57a9f349ecdd3cd6b50a30954d4f50f3 - Path: Packages/com.unity.burst/Runtime/CompilerServices/Aliasing.cs - Importer: ScriptedImporter/UnityEditor.QuickSearchModule:UnityEditor.Search:ASIAI0B
Importing 'GUID: 57a9f349ecdd3cd6b50a30954d4f50f3 - Path: Packages/com.unity.burst/Runtime/CompilerServices/Aliasing.cs - Importer: ScriptedImporter/UnityEditor.QuickSearchModule:UnityEditor.Search:ASIAI0B' with importer (ScriptedImporter : UnityEditor.QuickSearchModule:UnityEditor.Search:ASIAI0B)
Imported 'GUID: 57a9f349ecdd3cd6b50a30954d4f50f3' -> (Import Result ID: '00edece4cb224ec599a7ef8d86664fab') in 0.002 seconds [static and dynamic dependencies]. Details - ImportResultOutputID=232e0aed904742bd0138ab0352729870 DependenciesID=46dc6f07f0b6844af0c33385477b9301 StaticDependenciesID=96969fa472f729c591846162ed6ef9bb 
Number of updated asset objects reloaded before import = 0
Number of asset objects unloaded after import = 0
========================================================================
Received Import Request.
  Time of request: 2026-08-04T17:31:19.3809935Z
  Time since last request: 0.0002505 seconds.
  importAddress: GUID: 05892f401645378395984f5ca02f11f1 - Path: Packages/com.unity.burst/Runtime/Intrinsics/Arm/NEON_ctor.cs - Importer: ScriptedImporter/UnityEditor.QuickSearchModule:UnityEditor.Search:ASIAI0B
Importing 'GUID: 05892f401645378395984f5ca02f11f1 - Path: Packages/com.unity.burst/Runtime/Intrinsics/Arm/NEON_ctor.cs - Importer: ScriptedImporter/UnityEditor.QuickSearchModule:UnityEditor.Search:ASIAI0B' with importer (ScriptedImporter : UnityEditor.QuickSearchModule:UnityEditor.Search:ASIAI0B)
Imported 'GUID: 05892f401645378395984f5ca02f11f1' -> (Import Result ID: '70a847b6b17950a47f1b8bf581a84385') in 0.002 seconds [static and dynamic dependencies]. Details - ImportResultOutputID=0c1e4d5e34cac562b3f7d96684bb9444 DependenciesID=cf5e426ffa24ca7eb60d6b7e46a02c26 StaticDependenciesID=2630e9ee7112490a46732876c30ff8b8 
Number of updated asset objects reloaded before import = 0
Number of asset objects unloaded after import = 0
========================================================================
Received Import Request.
  Time of request: 2026-08-04T17:31:19.3906214Z
  Time since last request: 0.0002046 seconds.
  importAddress: GUID: 9edae0ecbfb63f239983f9a81f80ddf9 - Path: Packages/com.unity.burst/Runtime/Intrinsics/x86/Sse.cs - Importer: ScriptedImporter/UnityEditor.QuickSearchModule:UnityEditor.Search:ASIAI0B
Importing 'GUID: 9edae0ecbfb63f239983f9a81f80ddf9 - Path: Packages/com.unity.burst/Runtime/Intrinsics/x86/Sse.cs - Importer: ScriptedImporter/UnityEditor.QuickSearchModule:UnityEditor.Search:ASIAI0B' with importer (ScriptedImporter : UnityEditor.QuickSearchModule:UnityEditor.Search:ASIAI0B)
Imported 'GUID: 9edae0ecbfb63f239983f9a81f80ddf9' -> (Import Result ID: 'b7189f7f3c6159423971248caaf9e7c2') in 0.002 seconds [static and dynamic dependencies]. Details - ImportResultOutputID=e28db80347b4b87c5850518023efe5fe DependenciesID=8c132ec4f654cf69c688de68897c3858 StaticDependenciesID=8def2e015d53e3056cbec175f4ae1caa 
Number of updated asset objects reloaded before import = 0
Number of asset objects unloaded after import = 0
========================================================================
Received Import Request.
  Time of request: 2026-08-04T17:31:19.3988034Z
  Time since last request: 0.0002024 seconds.
  importAddress: GUID: 9c6dda6c7922c624cb7ea9a7f1c7d54a - Path: Packages/com.unity.burst/Unity.Burst.CodeGen/Unity.Burst.CodeGen.asmdef - Importer: ScriptedImporter/UnityEditor.QuickSearchModule:UnityEditor.Search:ASIAI0B
Importing 'GUID: 9c6dda6c7922c624cb7ea9a7f1c7d54a - Path: Packages/com.unity.burst/Unity.Burst.CodeGen/Unity.Burst.CodeGen.asmdef - Importer: ScriptedImporter/UnityEditor.QuickSearchModule:UnityEditor.Search:ASIAI0B' with importer (ScriptedImporter : UnityEditor.QuickSearchModule:UnityEditor.Search:ASIAI0B)
Imported 'GUID: 9c6dda6c7922c624cb7ea9a7f1c7d54a' -> (Import Result ID: '4f8645d85006f46fa9c36b7d8c78a103') in 0.003 seconds [static and dynamic dependencies]. Details - ImportResultOutputID=a15d83cf6aa836446faf411f55b5fd89 DependenciesID=248d65870b7e04f02922cf3d3ff9b90a StaticDependenciesID=6894d049dc54ad81c7067f3f8cd81d37 
Number of updated asset objects reloaded before import = 0
Number of asset objects unloaded after import = 1
========================================================================
Received Import Request.
  Time of request: 2026-08-04T17:31:19.4085288Z
  Time since last request: 0.0002015 seconds.
  importAddress: GUID: f0de54c00de3304699fdf0bedf123944 - Path: Packages/com.unity.burst/Runtime/Intrinsics/x86/Sse2.cs - Importer: ScriptedImporter/UnityEditor.QuickSearchModule:UnityEditor.Search:ASIAI0B
Importing 'GUID: f0de54c00de3304699fdf0bedf123944 - Path: Packages/com.unity.burst/Runtime/Intrinsics/x86/Sse2.cs - Importer: ScriptedImporter/UnityEditor.QuickSearchModule:UnityEditor.Search:ASIAI0B' with importer (ScriptedImporter : UnityEditor.QuickSearchModule:UnityEditor.Search:ASIAI0B)
Imported 'GUID: f0de54c00de3304699fdf0bedf123944' -> (Import Result ID: '8d515aaa20b1f8a26ada3c74505d62b9') in 0.002 seconds [static and dynamic dependencies]. Details - ImportResultOutputID=73842a5cd6feb2dc47f301361e03a935 DependenciesID=db0da92f969dea876c2f011abc6b458f StaticDependenciesID=1eae04e962bb8a394d8dffa4688682d1 
Number of updated asset objects reloaded before import = 0
Number of asset objects unloaded after import = 0
========================================================================
Received Import Request.
  Time of request: 2026-08-04T17:31:19.4177156Z
  Time since last request: 0.0002762 seconds.
  importAddress: GUID: ea7e55ba5de304f4496c0a6f9114405c - Path: Packages/com.unity.2d.tilemap/CHANGELOG.md - Importer: ScriptedImporter/UnityEditor.QuickSearchModule:UnityEditor.Search:ASIAI0B
Importing 'GUID: ea7e55ba5de304f4496c0a6f9114405c - Path: Packages/com.unity.2d.tilemap/CHANGELOG.md - Importer: ScriptedImporter/UnityEditor.QuickSearchModule:UnityEditor.Search:ASIAI0B' with importer (ScriptedImporter : UnityEditor.QuickSearchModule:UnityEditor.Search:ASIAI0B)
Imported 'GUID: ea7e55ba5de304f4496c0a6f9114405c' -> (Import Result ID: 'ab09d12f04b7b1a7abb391fe00a2f2f6') in 0.002 seconds [static and dynamic dependencies]. Details - ImportResultOutputID=2088405541cc5a41c3d057679dbfde0d DependenciesID=05f7d4d9cb7a6ad02962ca3a17d43907 StaticDependenciesID=b64060ae2a59fb46a9ba18355b7fc7b6 
Number of updated asset objects reloaded before import = 0
Number of asset objects unloaded after import = 1
========================================================================
Received Import Request.
  Time of request: 2026-08-04T17:31:19.426008Z
  Time since last request: 0.0001758 seconds.
  importAddress: GUID: 661ba2a1bdac339cb55c6a43b9eaa0ee - Path: Packages/com.unity.burst/Runtime/Editor/BurstReflection.cs - Importer: ScriptedImporter/UnityEditor.QuickSearchModule:UnityEditor.Search:ASIAI0B
Importing 'GUID: 661ba2a1bdac339cb55c6a43b9eaa0ee - Path: Packages/com.unity.burst/Runtime/Editor/BurstReflection.cs - Importer: ScriptedImporter/UnityEditor.QuickSearchModule:UnityEditor.Search:ASIAI0B' with importer (ScriptedImporter : UnityEditor.QuickSearchModule:UnityEditor.Search:ASIAI0B)
Imported 'GUID: 661ba2a1bdac339cb55c6a43b9eaa0ee' -> (Import Result ID: '0ab266d7499b88972203cd3921e16ff4') in 0.002 seconds [static and dynamic dependencies]. Details - ImportResultOutputID=e4ac63294bc7cef253c8d7f73c28238a DependenciesID=ee8c2661c67d261125babc98746f34b9 StaticDependenciesID=cc47ce5d6df9ebb5be68a12de9e120e7 
Number of updated asset objects reloaded before import = 0
Number of asset objects unloaded after import = 0
========================================================================
Received Import Request.
  Time of request: 2026-08-04T17:31:19.434945Z
  Time since last request: 0.0002231 seconds.
  importAddress: GUID: a097ced0beed3e04abd3fa933657e0c3 - Path: Packages/com.unity.burst/Runtime/Intrinsics/Arm/NEON_AArch64.cs - Importer: ScriptedImporter/UnityEditor.QuickSearchModule:UnityEditor.Search:ASIAI0B
Importing 'GUID: a097ced0beed3e04abd3fa933657e0c3 - Path: Packages/com.unity.burst/Runtime/Intrinsics/Arm/NEON_AArch64.cs - Importer: ScriptedImporter/UnityEditor.QuickSearchModule:UnityEditor.Search:ASIAI0B' with importer (ScriptedImporter : UnityEditor.QuickSearchModule:UnityEditor.Search:ASIAI0B)
Imported 'GUID: a097ced0beed3e04abd3fa933657e0c3' -> (Import Result ID: '45dababcd3f7ac649af8a94e00dea406') in 0.002 seconds [static and dynamic dependencies]. Details - ImportResultOutputID=816e484bc14827cb4cadf8fd65bab9fa DependenciesID=319ab71c213dffce48c77b1c92c1add3 StaticDependenciesID=1101d43bcfdc8ef3dc400539d9f882e5 
Number of updated asset objects reloaded before import = 0
Number of asset objects unloaded after import = 0
========================================================================
Received Import Request.
  Time of request: 2026-08-04T17:31:19.4440798Z
  Time since last request: 0.0002483 seconds.
  importAddress: GUID: 8e0e4e7742393f00808df3e4508a7327 - Path: Packages/com.unity.burst/Runtime/Editor/BurstCompileTarget.cs - Importer: ScriptedImporter/UnityEditor.QuickSearchModule:UnityEditor.Search:ASIAI0B
Importing 'GUID: 8e0e4e7742393f00808df3e4508a7327 - Path: Packages/com.unity.burst/Runtime/Editor/BurstCompileTarget.cs - Importer: ScriptedImporter/UnityEditor.QuickSearchModule:UnityEditor.Search:ASIAI0B' with importer (ScriptedImporter : UnityEditor.QuickSearchModule:UnityEditor.Search:ASIAI0B)
Imported 'GUID: 8e0e4e7742393f00808df3e4508a7327' -> (Import Result ID: '7cffb8614a3c8efbe10d75c18e4f1e9f') in 0.002 seconds [static and dynamic dependencies]. Details - ImportResultOutputID=758412d0e14eea7b5600c05062074fb0 DependenciesID=515bca8e2ef3ee912ee96c5f5aad0266 StaticDependenciesID=4d3bca8f158ef380aa98079a82c34fb3 
Number of updated asset objects reloaded before import = 0
Number of asset objects unloaded after import = 0
========================================================================
Received Import Request.
  Time of request: 2026-08-04T17:31:19.4539098Z
  Time since last request: 0.0004003 seconds.
  importAddress: GUID: 5ac9520c05323eada8615cfe2d48e949 - Path: Packages/com.unity.burst/Runtime/Intrinsics/Common.cs - Importer: ScriptedImporter/UnityEditor.QuickSearchModule:UnityEditor.Search:ASIAI0B
Importing 'GUID: 5ac9520c05323eada8615cfe2d48e949 - Path: Packages/com.unity.burst/Runtime/Intrinsics/Common.cs - Importer: ScriptedImporter/UnityEditor.QuickSearchModule:UnityEditor.Search:ASIAI0B' with importer (ScriptedImporter : UnityEditor.QuickSearchModule:UnityEditor.Search:ASIAI0B)
Imported 'GUID: 5ac9520c05323eada8615cfe2d48e949' -> (Import Result ID: '8a3ba9d9763c35f4ce4fcb879feeb0df') in 0.002 seconds [static and dynamic dependencies]. Details - ImportResultOutputID=e528377d1c44d105f7973a61cba28051 DependenciesID=857d87e2ab61b194f530a66f7bb0823c StaticDependenciesID=d2ac7c1fa3ef5d26a02d68851af4d082 
Number of updated asset objects reloaded before import = 0
Number of asset objects unloaded after import = 0
========================================================================
Received Import Request.
  Time of request: 2026-08-04T17:31:19.4624588Z
  Time since last request: 0.0002481 seconds.
  importAddress: GUID: ae2473ecba7e346e806e9120b6533cf4 - Path: Packages/com.unity.burst/Runtime/Intrinsics/Arm/NEON_AArch64_dotprod.cs - Importer: ScriptedImporter/UnityEditor.QuickSearchModule:UnityEditor.Search:ASIAI0B
Importing 'GUID: ae2473ecba7e346e806e9120b6533cf4 - Path: Packages/com.unity.burst/Runtime/Intrinsics/Arm/NEON_AArch64_dotprod.cs - Importer: ScriptedImporter/UnityEditor.QuickSearchModule:UnityEditor.Search:ASIAI0B' with importer (ScriptedImporter : UnityEditor.QuickSearchModule:UnityEditor.Search:ASIAI0B)
Imported 'GUID: ae2473ecba7e346e806e9120b6533cf4' -> (Import Result ID: '6dceffd5baa007ba4c5d4250a7a25223') in 0.002 seconds [static and dynamic dependencies]. Details - ImportResultOutputID=6b0de90c63c788da5c8d1a038105e302 DependenciesID=b3e2f3c77a3408bceadd041d92a1cf9f StaticDependenciesID=9bb4cc25bf2886eaf80b00725fba229d 
Number of updated asset objects reloaded before import = 0
Number of asset objects unloaded after import = 0
========================================================================
Received Import Request.
  Time of request: 2026-08-04T17:31:19.4717423Z
  Time since last request: 0.0002363 seconds.
  importAddress: GUID: 4d7325591616354d86b1492e282843f4 - Path: Packages/com.unity.burst/Runtime/Intrinsics/x86/Fma.cs - Importer: ScriptedImporter/UnityEditor.QuickSearchModule:UnityEditor.Search:ASIAI0B
Importing 'GUID: 4d7325591616354d86b1492e282843f4 - Path: Packages/com.unity.burst/Runtime/Intrinsics/x86/Fma.cs - Importer: ScriptedImporter/UnityEditor.QuickSearchModule:UnityEditor.Search:ASIAI0B' with importer (ScriptedImporter : UnityEditor.QuickSearchModule:UnityEditor.Search:ASIAI0B)
Imported 'GUID: 4d7325591616354d86b1492e282843f4' -> (Import Result ID: 'ee36ee700087fb4d41e3e391dc312bb8') in 0.002 seconds [static and dynamic dependencies]. Details - ImportResultOutputID=ea957e59c7b7a98ec78745b5ea115ea3 DependenciesID=0a24078155d2cd9b26c7a692ba30b2aa StaticDependenciesID=7f875dc44b0bc76406d02eff04489d57 
Number of updated asset objects reloaded before import = 0
Number of asset objects unloaded after import = 0
========================================================================
Received Import Request.
  Time of request: 2026-08-04T17:31:19.4805036Z
  Time since last request: 0.0002263 seconds.
  importAddress: GUID: a1b75159fe183205bba1d83e5e75a734 - Path: Packages/com.unity.burst/Unity.Burst.CodeGen/AssemblyResolver.cs - Importer: ScriptedImporter/UnityEditor.QuickSearchModule:UnityEditor.Search:ASIAI0B
Importing 'GUID: a1b75159fe183205bba1d83e5e75a734 - Path: Packages/com.unity.burst/Unity.Burst.CodeGen/AssemblyResolver.cs - Importer: ScriptedImporter/UnityEditor.QuickSearchModule:UnityEditor.Search:ASIAI0B' with importer (ScriptedImporter : UnityEditor.QuickSearchModule:UnityEditor.Search:ASIAI0B)
Imported 'GUID: a1b75159fe183205bba1d83e5e75a734' -> (Import Result ID: 'b4302911ef7eca234585f72e8d32f857') in 0.002 seconds [static and dynamic dependencies]. Details - ImportResultOutputID=d8966b4e9e2bd2238bb6ad6315e15a7e DependenciesID=d71165d539d8dbc3ad81ccf53aab533e StaticDependenciesID=19c7beba24eb2f6342844651a0988e5a 
Number of updated asset objects reloaded before import = 0
Number of asset objects unloaded after import = 0
========================================================================
Received Import Request.
  Time of request: 2026-08-04T17:31:19.4889496Z
  Time since last request: 0.0002025 seconds.
  importAddress: GUID: 31e17c7531d63dcfa71f892d658bc44c - Path: Packages/com.unity.burst/Runtime/CompilerServices/Loop.cs - Importer: ScriptedImporter/UnityEditor.QuickSearchModule:UnityEditor.Search:ASIAI0B
Importing 'GUID: 31e17c7531d63dcfa71f892d658bc44c - Path: Packages/com.unity.burst/Runtime/CompilerServices/Loop.cs - Importer: ScriptedImporter/UnityEditor.QuickSearchModule:UnityEditor.Search:ASIAI0B' with importer (ScriptedImporter : UnityEditor.QuickSearchModule:UnityEditor.Search:ASIAI0B)
Imported 'GUID: 31e17c7531d63dcfa71f892d658bc44c' -> (Import Result ID: '6748201371e989aa5ee884bdca4ba9b5') in 0.002 seconds [static and dynamic dependencies]. Details - ImportResultOutputID=80340b7add9939c9c3c7d3d3e38a0839 DependenciesID=6ed5c9e46a209a35550cb513db97d347 StaticDependenciesID=51a9f3690f847ec80d582e6263351fe3 
Number of updated asset objects reloaded before import = 0
Number of asset objects unloaded after import = 0
========================================================================
Received Import Request.
  Time of request: 2026-08-04T17:31:19.497656Z
  Time since last request: 0.0003212 seconds.
  importAddress: GUID: cbb1a39d56ce4d9ac1a46ac505893fa7 - Path: Packages/com.unity.modules.terrainphysics/package.ModuleCompilationTrigger - Importer: ScriptedImporter/UnityEditor.QuickSearchModule:UnityEditor.Search:ASIAI0B
Importing 'GUID: cbb1a39d56ce4d9ac1a46ac505893fa7 - Path: Packages/com.unity.modules.terrainphysics/package.ModuleCompilationTrigger - Importer: ScriptedImporter/UnityEditor.QuickSearchModule:UnityEditor.Search:ASIAI0B' with importer (ScriptedImporter : UnityEditor.QuickSearchModule:UnityEditor.Search:ASIAI0B)
Imported 'GUID: cbb1a39d56ce4d9ac1a46ac505893fa7' -> (Import Result ID: 'a3cc2e3f133da568bb39b093cdf88214') in 0.002 seconds [static and dynamic dependencies]. Details - ImportResultOutputID=96050548e513a468689e8a040bff447c DependenciesID=9eea3a55de3b6233c91730c75a123cc1 StaticDependenciesID=a72dd1b071fbac5615e5c68ddf0e0493 
Number of updated asset objects reloaded before import = 0
Number of asset objects unloaded after import = 1
========================================================================
Received Import Request.
  Time of request: 2026-08-04T17:31:19.5082462Z
  Time since last request: 0.0003883 seconds.
  importAddress: GUID: bbe744fdbbc734d3bb0a78042bd4b56a - Path: Packages/com.unity.burst/Runtime/Intrinsics/x86/Avx2.cs - Importer: ScriptedImporter/UnityEditor.QuickSearchModule:UnityEditor.Search:ASIAI0B
Importing 'GUID: bbe744fdbbc734d3bb0a78042bd4b56a - Path: Packages/com.unity.burst/Runtime/Intrinsics/x86/Avx2.cs - Importer: ScriptedImporter/UnityEditor.QuickSearchModule:UnityEditor.Search:ASIAI0B' with importer (ScriptedImporter : UnityEditor.QuickSearchModule:UnityEditor.Search:ASIAI0B)
Imported 'GUID: bbe744fdbbc734d3bb0a78042bd4b56a' -> (Import Result ID: 'ef4ad108d9ed8cc747cca892ce4c1eb4') in 0.002 seconds [static and dynamic dependencies]. Details - ImportResultOutputID=c320018b7d8187b5798ed4496b8de1d2 DependenciesID=9aca7615ba41041d792c7be711ed296d StaticDependenciesID=4723eae358d7c7a8e6ce3e6797d89383 
Number of updated asset objects reloaded before import = 0
Number of asset objects unloaded after import = 0
========================================================================
Received Import Request.
  Time of request: 2026-08-04T17:31:19.5175635Z
  Time since last request: 0.0002596 seconds.
  importAddress: GUID: 0f204499a5833eb3ac929d6b00ec26e8 - Path: Packages/com.unity.burst/Unity.Burst.CodeGen/ILPostProcessingLegacy.cs - Importer: ScriptedImporter/UnityEditor.QuickSearchModule:UnityEditor.Search:ASIAI0B
Importing 'GUID: 0f204499a5833eb3ac929d6b00ec26e8 - Path: Packages/com.unity.burst/Unity.Burst.CodeGen/ILPostProcessingLegacy.cs - Importer: ScriptedImporter/UnityEditor.QuickSearchModule:UnityEditor.Search:ASIAI0B' with importer (ScriptedImporter : UnityEditor.QuickSearchModule:UnityEditor.Search:ASIAI0B)
Imported 'GUID: 0f204499a5833eb3ac929d6b00ec26e8' -> (Import Result ID: '06b531b58d947b270741e35f68d8cd10') in 0.002 seconds [static and dynamic dependencies]. Details - ImportResultOutputID=a1aef18005e17240322bd397d805991b DependenciesID=e175a43a52a16c9ec859b3c43e44693c StaticDependenciesID=e9839754cc9da5798396e18ddf4330e9 
Number of updated asset objects reloaded before import = 0
Number of asset objects unloaded after import = 0
========================================================================
Received Import Request.
  Time of request: 2026-08-04T17:31:19.5264896Z
  Time since last request: 0.0002103 seconds.
  importAddress: GUID: 0904d56406a93977ad6ef642b548155d - Path: Packages/com.unity.burst/Runtime/Intrinsics/x86/Ssse3.cs - Importer: ScriptedImporter/UnityEditor.QuickSearchModule:UnityEditor.Search:ASIAI0B
Importing 'GUID: 0904d56406a93977ad6ef642b548155d - Path: Packages/com.unity.burst/Runtime/Intrinsics/x86/Ssse3.cs - Importer: ScriptedImporter/UnityEditor.QuickSearchModule:UnityEditor.Search:ASIAI0B' with importer (ScriptedImporter : UnityEditor.QuickSearchModule:UnityEditor.Search:ASIAI0B)
Imported 'GUID: 0904d56406a93977ad6ef642b548155d' -> (Import Result ID: '11ed3f87f11a96f73502045bb843f859') in 0.002 seconds [static and dynamic dependencies]. Details - ImportResultOutputID=75f60f32ac7e582ae624e365d418b9fd DependenciesID=3bd9aff8c7318e3cdee8e10f980c45a4 StaticDependenciesID=6e35e07afc9118d37cc7c751c90a5319 
Number of updated asset objects reloaded before import = 0
Number of asset objects unloaded after import = 0
========================================================================
Received Import Request.
  Time of request: 2026-08-04T17:31:19.5358174Z
  Time since last request: 0.0002643 seconds.
  importAddress: GUID: 17055f9e032f36c6ae549103649199f4 - Path: Packages/com.unity.burst/Runtime/CompilerServices/AssumeRangeAttribute.cs - Importer: ScriptedImporter/UnityEditor.QuickSearchModule:UnityEditor.Search:ASIAI0B
Importing 'GUID: 17055f9e032f36c6ae549103649199f4 - Path: Packages/com.unity.burst/Runtime/CompilerServices/AssumeRangeAttribute.cs - Importer: ScriptedImporter/UnityEditor.QuickSearchModule:UnityEditor.Search:ASIAI0B' with importer (ScriptedImporter : UnityEditor.QuickSearchModule:UnityEditor.Search:ASIAI0B)
Imported 'GUID: 17055f9e032f36c6ae549103649199f4' -> (Import Result ID: 'bd02aa16641748778a205506097a3b16') in 0.002 seconds [static and dynamic dependencies]. Details - ImportResultOutputID=332c4f3c2ffd128e557cdc8535f75f22 DependenciesID=24c41d5ca87c9d86ed19140d43a08252 StaticDependenciesID=6fc27b2e3a9724b08929f4d7f2b53df4 
Number of updated asset objects reloaded before import = 0
Number of asset objects unloaded after import = 0
========================================================================
Received Import Request.
  Time of request: 2026-08-04T17:31:19.5895625Z
  Time since last request: 0.0446547 seconds.
  importAddress: GUID: 3f683d99f24875748a6656966ca9cea0 - Path: Packages/com.unity.2d.tilemap/Editor/GridPaintPaletteWindow.cs - Importer: ScriptedImporter/UnityEditor.QuickSearchModule:UnityEditor.Search:ASIAI0B
Importing 'GUID: 3f683d99f24875748a6656966ca9cea0 - Path: Packages/com.unity.2d.tilemap/Editor/GridPaintPaletteWindow.cs - Importer: ScriptedImporter/UnityEditor.QuickSearchModule:UnityEditor.Search:ASIAI0B' with importer (ScriptedImporter : UnityEditor.QuickSearchModule:UnityEditor.Search:ASIAI0B)
Imported 'GUID: 3f683d99f24875748a6656966ca9cea0' -> (Import Result ID: 'd0954531e1ebded5436a1744d28f29f8') in 0.002 seconds [static and dynamic dependencies]. Details - ImportResultOutputID=c27f1ff6df7053427d55afda90f8d674 DependenciesID=75aa219cf91635e061028933b04e1589 StaticDependenciesID=9f3098b105bb5dc62ca779ea47ee9760 
Number of updated asset objects reloaded before import = 0
Number of asset objects unloaded after import = 0
========================================================================
Received Import Request.
  Time of request: 2026-08-04T17:31:19.605588Z
  Time since last request: 0.0056308 seconds.
  importAddress: GUID: c7d31ce121f6d6841b01dbcf3d909854 - Path: Packages/com.unity.2d.tilemap/Editor/Icons/d_EditorUI.Target@4x.png - Importer: ScriptedImporter/UnityEditor.QuickSearchModule:UnityEditor.Search:ASIAI0B
Importing 'GUID: c7d31ce121f6d6841b01dbcf3d909854 - Path: Packages/com.unity.2d.tilemap/Editor/Icons/d_EditorUI.Target@4x.png - Importer: ScriptedImporter/UnityEditor.QuickSearchModule:UnityEditor.Search:ASIAI0B' with importer (ScriptedImporter : UnityEditor.QuickSearchModule:UnityEditor.Search:ASIAI0B)
Imported 'GUID: c7d31ce121f6d6841b01dbcf3d909854' -> (Import Result ID: '641ef3219882618a8051b17675e20978') in 0.004 seconds [static and dynamic dependencies]. Details - ImportResultOutputID=bdccb827ff2738bb8698cb80df371b99 DependenciesID=68377a33da018ee20ae7033efc05078a StaticDependenciesID=62245c4cce2d74c5b53fcc1726478de2 
Number of updated asset objects reloaded before import = 0
Number of asset objects unloaded after import = 3
========================================================================
Received Import Request.
  Time of request: 2026-08-04T17:31:19.6190012Z
  Time since last request: 0.0002275 seconds.
  importAddress: GUID: c130b41d1f572a14793b146add3d6e3f - Path: Packages/com.unity.2d.tilemap/Editor/Icons/d_EditorUI.TargetHover.png - Importer: ScriptedImporter/UnityEditor.QuickSearchModule:UnityEditor.Search:ASIAI0B
Importing 'GUID: c130b41d1f572a14793b146add3d6e3f - Path: Packages/com.unity.2d.tilemap/Editor/Icons/d_EditorUI.TargetHover.png - Importer: ScriptedImporter/UnityEditor.QuickSearchModule:UnityEditor.Search:ASIAI0B' with importer (ScriptedImporter : UnityEditor.QuickSearchModule:UnityEditor.Search:ASIAI0B)
Imported 'GUID: c130b41d1f572a14793b146add3d6e3f' -> (Import Result ID: '1160cb9e2ca30233e6d970379e9f8c2b') in 0.006 seconds [static and dynamic dependencies]. Details - ImportResultOutputID=d101d45c04371fb712b06454040a9877 DependenciesID=9cebcc909760a1ed3fd450254cce0808 StaticDependenciesID=d85eac5bbfa6f56d667a04e3fe7772d1 
Number of updated asset objects reloaded before import = 0
Number of asset objects unloaded after import = 3
========================================================================
Received Import Request.
  Time of request: 2026-08-04T17:31:19.6330415Z
  Time since last request: 0.000202 seconds.
  importAddress: GUID: 51797d68d3132bb419217a229e09fc47 - Path: Packages/com.unity.2d.tilemap/package.json - Importer: ScriptedImporter/UnityEditor.QuickSearchModule:UnityEditor.Search:ASIAI0B
Importing 'GUID: 51797d68d3132bb419217a229e09fc47 - Path: Packages/com.unity.2d.tilemap/package.json - Importer: ScriptedImporter/UnityEditor.QuickSearchModule:UnityEditor.Search:ASIAI0B' with importer (ScriptedImporter : UnityEditor.QuickSearchModule:UnityEditor.Search:ASIAI0B)
Imported 'GUID: 51797d68d3132bb419217a229e09fc47' -> (Import Result ID: 'd98f31ab9bea14c39a06176d3fcd496b') in 0.003 seconds [static and dynamic dependencies]. Details - ImportResultOutputID=fd8d2681ea0d51f632fad01cd1b17ab4 DependenciesID=a23af5ec5b24b6a242ed3768441e8837 StaticDependenciesID=f965cb92ad77ff6507237d897728d0b2 
Number of updated asset objects reloaded before import = 0
Number of asset objects unloaded after import = 1
========================================================================
Received Import Request.
  Time of request: 2026-08-04T17:31:19.6441486Z
  Time since last request: 0.0002516 seconds.
  importAddress: GUID: b870da3ede4ee144d8631c9ef0a3a66c - Path: Packages/com.unity.2d.tilemap/Editor/AssemblyInfo.cs - Importer: ScriptedImporter/UnityEditor.QuickSearchModule:UnityEditor.Search:ASIAI0B
Importing 'GUID: b870da3ede4ee144d8631c9ef0a3a66c - Path: Packages/com.unity.2d.tilemap/Editor/AssemblyInfo.cs - Importer: ScriptedImporter/UnityEditor.QuickSearchModule:UnityEditor.Search:ASIAI0B' with importer (ScriptedImporter : UnityEditor.QuickSearchModule:UnityEditor.Search:ASIAI0B)
Imported 'GUID: b870da3ede4ee144d8631c9ef0a3a66c' -> (Import Result ID: 'f0d086518946cc9eee9b2abac08202c8') in 0.002 seconds [static and dynamic dependencies]. Details - ImportResultOutputID=f1a00559fe234b7a2bc8d813d0434cd2 DependenciesID=a6405d7a529c03c8a6e98a885f8c10f3 StaticDependenciesID=d964f068d4cfb40d5ab1d062b5ae08e4 
Number of updated asset objects reloaded before import = 0
Number of asset objects unloaded after import = 0
========================================================================
Received Import Request.
  Time of request: 2026-08-04T17:31:19.6539437Z
  Time since last request: 0.0002815 seconds.
  importAddress: GUID: b3cfa46cb726ab64f94c35306c0d9508 - Path: Packages/com.unity.2d.tilemap/Editor/GridPalettes.cs - Importer: ScriptedImporter/UnityEditor.QuickSearchModule:UnityEditor.Search:ASIAI0B
Importing 'GUID: b3cfa46cb726ab64f94c35306c0d9508 - Path: Packages/com.unity.2d.tilemap/Editor/GridPalettes.cs - Importer: ScriptedImporter/UnityEditor.QuickSearchModule:UnityEditor.Search:ASIAI0B' with importer (ScriptedImporter : UnityEditor.QuickSearchModule:UnityEditor.Search:ASIAI0B)
Imported 'GUID: b3cfa46cb726ab64f94c35306c0d9508' -> (Import Result ID: '3bc78c986c7fc656292bb4d6323a33f2') in 0.002 seconds [static and dynamic dependencies]. Details - ImportResultOutputID=ab7f596dec8541e6014a9cea70910e46 DependenciesID=e917d4b2ad118fd9dbf4b7240263c2ec StaticDependenciesID=401b75e1d5901fedf4dc88e8e7c3b4c7 
Number of updated asset objects reloaded before import = 0
Number of asset objects unloaded after import = 0
========================================================================
Received Import Request.
  Time of request: 2026-08-04T17:31:19.6633074Z
  Time since last request: 0.0002197 seconds.
  importAddress: GUID: 3b0299838696e2c4f9e31bdc0c8757f9 - Path: Packages/com.unity.2d.tilemap/Editor/TileDragAndDrop.cs - Importer: ScriptedImporter/UnityEditor.QuickSearchModule:UnityEditor.Search:ASIAI0B
Importing 'GUID: 3b0299838696e2c4f9e31bdc0c8757f9 - Path: Packages/com.unity.2d.tilemap/Editor/TileDragAndDrop.cs - Importer: ScriptedImporter/UnityEditor.QuickSearchModule:UnityEditor.Search:ASIAI0B' with importer (ScriptedImporter : UnityEditor.QuickSearchModule:UnityEditor.Search:ASIAI0B)
Imported 'GUID: 3b0299838696e2c4f9e31bdc0c8757f9' -> (Import Result ID: 'cb3d6d0037586d6e4c7099b090500bb9') in 0.002 seconds [static and dynamic dependencies]. Details - ImportResultOutputID=b3e1e816103093a0d4e1bde562902906 DependenciesID=14f80f2e747ce6a266962f146bd2728a StaticDependenciesID=145218d08ab2ffe1cb542d8cbf4ed41e 
Number of updated asset objects reloaded before import = 0
Number of asset objects unloaded after import = 0
========================================================================
Received Import Request.
  Time of request: 2026-08-04T17:31:19.6730828Z
  Time since last request: 0.000263 seconds.
  importAddress: GUID: ee02d9ccf56046b698982b9d83315ff0 - Path: Packages/com.unity.2d.tilemap/Editor/TilePalettePrefabUtility.cs - Importer: ScriptedImporter/UnityEditor.QuickSearchModule:UnityEditor.Search:ASIAI0B
Importing 'GUID: ee02d9ccf56046b698982b9d83315ff0 - Path: Packages/com.unity.2d.tilemap/Editor/TilePalettePrefabUtility.cs - Importer: ScriptedImporter/UnityEditor.QuickSearchModule:UnityEditor.Search:ASIAI0B' with importer (ScriptedImporter : UnityEditor.QuickSearchModule:UnityEditor.Search:ASIAI0B)
Imported 'GUID: ee02d9ccf56046b698982b9d83315ff0' -> (Import Result ID: '6acfbb554fbe688e4b2f5d9386b74177') in 0.002 seconds [static and dynamic dependencies]. Details - ImportResultOutputID=bb9ad3f720ee8218e74080f55390c62e DependenciesID=e4fc33b5158270aaea4a447566763134 StaticDependenciesID=d373b1b54a84fc01e5acdcfa166973a7 
Number of updated asset objects reloaded before import = 0
Number of asset objects unloaded after import = 0
========================================================================
Received Import Request.
  Time of request: 2026-08-04T17:31:19.6831541Z
  Time since last request: 0.0002376 seconds.
  importAddress: GUID: c33b82aa5373c4e1f8e2d43210c97c45 - Path: Packages/com.unity.2d.tilemap/Editor/Icons/d_EditorUI.Filter.png - Importer: ScriptedImporter/UnityEditor.QuickSearchModule:UnityEditor.Search:ASIAI0B
Importing 'GUID: c33b82aa5373c4e1f8e2d43210c97c45 - Path: Packages/com.unity.2d.tilemap/Editor/Icons/d_EditorUI.Filter.png - Importer: ScriptedImporter/UnityEditor.QuickSearchModule:UnityEditor.Search:ASIAI0B' with importer (ScriptedImporter : UnityEditor.QuickSearchModule:UnityEditor.Search:ASIAI0B)
Imported 'GUID: c33b82aa5373c4e1f8e2d43210c97c45' -> (Import Result ID: 'a69652279a24fe8d6247262cfb07ffb4') in 0.007 seconds [static and dynamic dependencies]. Details - ImportResultOutputID=3045c2ffe81a978ac016d2bb4f8a08b0 DependenciesID=0593774dcbfb585d6b630d38d02641fb StaticDependenciesID=8e2576296d654e6aa84d3107a8f2232a 
Number of updated asset objects reloaded before import = 0
Number of asset objects unloaded after import = 3
========================================================================
Received Import Request.
  Time of request: 2026-08-04T17:31:19.6997095Z
  Time since last request: 0.0002292 seconds.
  importAddress: GUID: 0de3343905095ab4c9d52addc012a937 - Path: Packages/com.unity.2d.tilemap/Editor/EditorTools/EraseTool.cs - Importer: ScriptedImporter/UnityEditor.QuickSearchModule:UnityEditor.Search:ASIAI0B
Importing 'GUID: 0de3343905095ab4c9d52addc012a937 - Path: Packages/com.unity.2d.tilemap/Editor/EditorTools/EraseTool.cs - Importer: ScriptedImporter/UnityEditor.QuickSearchModule:UnityEditor.Search:ASIAI0B' with importer (ScriptedImporter : UnityEditor.QuickSearchModule:UnityEditor.Search:ASIAI0B)
Imported 'GUID: 0de3343905095ab4c9d52addc012a937' -> (Import Result ID: '847dcf6bc79b28aab0ce65fbd124e891') in 0.002 seconds [static and dynamic dependencies]. Details - ImportResultOutputID=414d0b77d45c0d2df5863cef39ebad7e DependenciesID=1f9f2873ca672c233ba26215d30c1bc1 StaticDependenciesID=bbca7fd5761c71ef4f9d4c02bd0bb3a9 
Number of updated asset objects reloaded before import = 0
Number of asset objects unloaded after import = 0
========================================================================
Received Import Request.
  Time of request: 2026-08-04T17:31:19.7097374Z
  Time since last request: 0.000297 seconds.
  importAddress: GUID: dcf0b2fc1fc794a9f919ec1610b03a1f - Path: Packages/com.unity.2d.tilemap/Third Party Notices.md - Importer: ScriptedImporter/UnityEditor.QuickSearchModule:UnityEditor.Search:ASIAI0B
Importing 'GUID: dcf0b2fc1fc794a9f919ec1610b03a1f - Path: Packages/com.unity.2d.tilemap/Third Party Notices.md - Importer: ScriptedImporter/UnityEditor.QuickSearchModule:UnityEditor.Search:ASIAI0B' with importer (ScriptedImporter : UnityEditor.QuickSearchModule:UnityEditor.Search:ASIAI0B)
Imported 'GUID: dcf0b2fc1fc794a9f919ec1610b03a1f' -> (Import Result ID: '001088b40209960bd7baa70d28e90a1a') in 0.002 seconds [static and dynamic dependencies]. Details - ImportResultOutputID=944688eb7b29c95a9b76cb437a96efd1 DependenciesID=9fd7a3c064184cc9587cbeb74c04fcd6 StaticDependenciesID=3bf7411456a436084066dac41731e9e9 
Number of updated asset objects reloaded before import = 0
Number of asset objects unloaded after import = 1
========================================================================
Received Import Request.
  Time of request: 2026-08-04T17:31:19.7197053Z
  Time since last request: 0.000252 seconds.
  importAddress: GUID: b74537feff4831541a8c3bf81913649d - Path: Packages/com.unity.2d.tilemap/Editor/GridEditorUtility.cs - Importer: ScriptedImporter/UnityEditor.QuickSearchModule:UnityEditor.Search:ASIAI0B
Importing 'GUID: b74537feff4831541a8c3bf81913649d - Path: Packages/com.unity.2d.tilemap/Editor/GridEditorUtility.cs - Importer: ScriptedImporter/UnityEditor.QuickSearchModule:UnityEditor.Search:ASIAI0B' with importer (ScriptedImporter : UnityEditor.QuickSearchModule:UnityEditor.Search:ASIAI0B)
Imported 'GUID: b74537feff4831541a8c3bf81913649d' -> (Import Result ID: '553ed416a9e286e4387cfda69393d990') in 0.002 seconds [static and dynamic dependencies]. Details - ImportResultOutputID=b60b44d22be017a79ea2a1636a79321c DependenciesID=f639766f6a43772b0699328fc6275706 StaticDependenciesID=aa1806f5bb9275be16db0b9b4444eacf 
Number of updated asset objects reloaded before import = 0
Number of asset objects unloaded after import = 0
========================================================================
Received Import Request.
  Time of request: 2026-08-04T17:31:19.7293153Z
  Time since last request: 0.000315 seconds.
  importAddress: GUID: 04e6c3cc740a491458073f2f715066f6 - Path: Packages/com.unity.2d.tilemap/Editor/Icons/d_EditorUI.Target.png - Importer: ScriptedImporter/UnityEditor.QuickSearchModule:UnityEditor.Search:ASIAI0B
Importing 'GUID: 04e6c3cc740a491458073f2f715066f6 - Path: Packages/com.unity.2d.tilemap/Editor/Icons/d_EditorUI.Target.png - Importer: ScriptedImporter/UnityEditor.QuickSearchModule:UnityEditor.Search:ASIAI0B' with importer (ScriptedImporter : UnityEditor.QuickSearchModule:UnityEditor.Search:ASIAI0B)
Imported 'GUID: 04e6c3cc740a491458073f2f715066f6' -> (Import Result ID: '2f646932cd37c90af68faff3bc7f83df') in 0.006 seconds [static and dynamic dependencies]. Details - ImportResultOutputID=b5c57182464efd4aa4935dbaeae0a893 DependenciesID=8dba2c5fc81cb5d99599d43fe33bfdc1 StaticDependenciesID=7e6f960a5e2544632aa1419fc16155d5 
Number of updated asset objects reloaded before import = 0
Number of asset objects unloaded after import = 3
========================================================================
Received Import Request.
  Time of request: 2026-08-04T17:31:19.7542616Z
  Time since last request: 0.0122614 seconds.
  importAddress: GUID: 2d35623559ffd044682af7e09affdcc8 - Path: Packages/com.unity.2d.tilemap/Editor/Icons/d_Tilemap.ShowGrid@4x.png - Importer: ScriptedImporter/UnityEditor.QuickSearchModule:UnityEditor.Search:ASIAI0B
Importing 'GUID: 2d35623559ffd044682af7e09affdcc8 - Path: Packages/com.unity.2d.tilemap/Editor/Icons/d_Tilemap.ShowGrid@4x.png - Importer: ScriptedImporter/UnityEditor.QuickSearchModule:UnityEditor.Search:ASIAI0B' with importer (ScriptedImporter : UnityEditor.QuickSearchModule:UnityEditor.Search:ASIAI0B)
Imported 'GUID: 2d35623559ffd044682af7e09affdcc8' -> (Import Result ID: '313e1fc8f1d8c82d7cb2c4032947570a') in 0.005 seconds [static and dynamic dependencies]. Details - ImportResultOutputID=1ac392e49a9e2d532ba9a94a05cac0bf DependenciesID=36f9b3cf51e17d906de36b764fe867e9 StaticDependenciesID=f88387267bb36607c36c871df67e69a0 
Number of updated asset objects reloaded before import = 0
Number of asset objects unloaded after import = 3
========================================================================
Received Import Request.
  Time of request: 2026-08-04T17:31:19.765739Z
  Time since last request: 0.0002012 seconds.
  importAddress: GUID: a9a5b304877d58a47859e53d2b2d9fe3 - Path: Packages/com.unity.2d.tilemap/Editor/Icons/d_Tilemap.FocusTilemap.png - Importer: ScriptedImporter/UnityEditor.QuickSearchModule:UnityEditor.Search:ASIAI0B
Importing 'GUID: a9a5b304877d58a47859e53d2b2d9fe3 - Path: Packages/com.unity.2d.tilemap/Editor/Icons/d_Tilemap.FocusTilemap.png - Importer: ScriptedImporter/UnityEditor.QuickSearchModule:UnityEditor.Search:ASIAI0B' with importer (ScriptedImporter : UnityEditor.QuickSearchModule:UnityEditor.Search:ASIAI0B)
Imported 'GUID: a9a5b304877d58a47859e53d2b2d9fe3' -> (Import Result ID: '4d28fa7c97b662e2c6de11ca757efbb6') in 0.004 seconds [static and dynamic dependencies]. Details - ImportResultOutputID=fe2be12dba48a4d9f21ec5a4c8d7dfc2 DependenciesID=cb342e03743044d58cb8894f31826866 StaticDependenciesID=d6815519e95d315dd8d5e60e5d2c7404 
Number of updated asset objects reloaded before import = 0
Number of asset objects unloaded after import = 3
========================================================================
Received Import Request.
  Time of request: 2026-08-04T17:31:19.7779832Z
  Time since last request: 0.000506 seconds.
  importAddress: GUID: 2a807ac042c28e546b9d90048ebbc33f - Path: Packages/com.unity.2d.tilemap/Editor/Icons/Grid.FlipY.png - Importer: ScriptedImporter/UnityEditor.QuickSearchModule:UnityEditor.Search:ASIAI0B
Importing 'GUID: 2a807ac042c28e546b9d90048ebbc33f - Path: Packages/com.unity.2d.tilemap/Editor/Icons/Grid.FlipY.png - Importer: ScriptedImporter/UnityEditor.QuickSearchModule:UnityEditor.Search:ASIAI0B' with importer (ScriptedImporter : UnityEditor.QuickSearchModule:UnityEditor.Search:ASIAI0B)
Imported 'GUID: 2a807ac042c28e546b9d90048ebbc33f' -> (Import Result ID: 'f75d18233fe13cd3c0472a85aace2410') in 0.005 seconds [static and dynamic dependencies]. Details - ImportResultOutputID=173a3054d3fa351ae960aaedcd3d1d8e DependenciesID=21590c03744fc5e5eb85b79ec3267e9e StaticDependenciesID=291a2654ddc116e2ec66649e395f4027 
Number of updated asset objects reloaded before import = 0
Number of asset objects unloaded after import = 3
========================================================================
Received Import Request.
  Time of request: 2026-08-04T17:31:19.7918378Z
  Time since last request: 0.0002134 seconds.
  importAddress: GUID: e25f34c849d45714e86b14d3afbb763e - Path: Packages/com.unity.2d.tilemap/Editor/Icons/Grid.RotateCW.png - Importer: ScriptedImporter/UnityEditor.QuickSearchModule:UnityEditor.Search:ASIAI0B
Importing 'GUID: e25f34c849d45714e86b14d3afbb763e - Path: Packages/com.unity.2d.tilemap/Editor/Icons/Grid.RotateCW.png - Importer: ScriptedImporter/UnityEditor.QuickSearchModule:UnityEditor.Search:ASIAI0B' with importer (ScriptedImporter : UnityEditor.QuickSearchModule:UnityEditor.Search:ASIAI0B)
Imported 'GUID: e25f34c849d45714e86b14d3afbb763e' -> (Import Result ID: '7715834bab4cdedb84db386530b5906c') in 0.004 seconds [static and dynamic dependencies]. Details - ImportResultOutputID=976a2569f66f4290dc6bb1815ba40d20 DependenciesID=4f573179fb66e48433e9802af4931ac5 StaticDependenciesID=40e32f43d88923aa129453324b375ab7 
Number of updated asset objects reloaded before import = 0
Number of asset objects unloaded after import = 3
========================================================================
Received Import Request.
  Time of request: 2026-08-04T17:31:19.8036407Z
  Time since last request: 0.0002155 seconds.
  importAddress: GUID: 4e2a3d7e5b5b01843a978d90f553b672 - Path: Packages/com.unity.2d.tilemap/Editor/Icons/d_Tilemap.BrushPicks@2x.png - Importer: ScriptedImporter/UnityEditor.QuickSearchModule:UnityEditor.Search:ASIAI0B
Importing 'GUID: 4e2a3d7e5b5b01843a978d90f553b672 - Path: Packages/com.unity.2d.tilemap/Editor/Icons/d_Tilemap.BrushPicks@2x.png - Importer: ScriptedImporter/UnityEditor.QuickSearchModule:UnityEditor.Search:ASIAI0B' with importer (ScriptedImporter : UnityEditor.QuickSearchModule:UnityEditor.Search:ASIAI0B)
Imported 'GUID: 4e2a3d7e5b5b01843a978d90f553b672' -> (Import Result ID: '624df5fd7255b4a1d0dcc546b136ee1e') in 0.004 seconds [static and dynamic dependencies]. Details - ImportResultOutputID=8f2a21424596df13675edf4c2fd316be DependenciesID=871a85091ca57d04e2aad78b5e52a186 StaticDependenciesID=8ebcf2303db6d24de1cf19dd3ee52b62 
Number of updated asset objects reloaded before import = 0
Number of asset objects unloaded after import = 3
========================================================================
Received Import Request.
  Time of request: 2026-08-04T17:31:19.8165346Z
  Time since last request: 0.0003407 seconds.
  importAddress: GUID: 8cbab190b527bd44e8bf5afbc79095e8 - Path: Packages/com.unity.2d.tilemap/Editor/Icons/d_Tilemap.EditPalette@2x.png - Importer: ScriptedImporter/UnityEditor.QuickSearchModule:UnityEditor.Search:ASIAI0B
Importing 'GUID: 8cbab190b527bd44e8bf5afbc79095e8 - Path: Packages/com.unity.2d.tilemap/Editor/Icons/d_Tilemap.EditPalette@2x.png - Importer: ScriptedImporter/UnityEditor.QuickSearchModule:UnityEditor.Search:ASIAI0B' with importer (ScriptedImporter : UnityEditor.QuickSearchModule:UnityEditor.Search:ASIAI0B)
Imported 'GUID: 8cbab190b527bd44e8bf5afbc79095e8' -> (Import Result ID: 'dbfed1c960d33e5c072b8ff6e40ccdba') in 0.004 seconds [static and dynamic dependencies]. Details - ImportResultOutputID=660e23cb4983127f76cb31a057960de1 DependenciesID=216820db4fdb546c84c8319eb43ff370 StaticDependenciesID=1a2950df4702852c61b9b078120fb4cd 
Number of updated asset objects reloaded before import = 0
Number of asset objects unloaded after import = 3
========================================================================
Received Import Request.
  Time of request: 2026-08-04T17:31:19.8288214Z
  Time since last request: 0.0004006 seconds.
  importAddress: GUID: 4e62fa74d1eac074cac268c2997a658c - Path: Packages/com.unity.2d.tilemap/Editor/Icons/d_Tilemap.GridPaint@4x.png - Importer: ScriptedImporter/UnityEditor.QuickSearchModule:UnityEditor.Search:ASIAI0B
Importing 'GUID: 4e62fa74d1eac074cac268c2997a658c - Path: Packages/com.unity.2d.tilemap/Editor/Icons/d_Tilemap.GridPaint@4x.png - Importer: ScriptedImporter/UnityEditor.QuickSearchModule:UnityEditor.Search:ASIAI0B' with importer (ScriptedImporter : UnityEditor.QuickSearchModule:UnityEditor.Search:ASIAI0B)
Imported 'GUID: 4e62fa74d1eac074cac268c2997a658c' -> (Import Result ID: '9c7ea5029bbfe57772be2e3ccd0b67cd') in 0.006 seconds [static and dynamic dependencies]. Details - ImportResultOutputID=bf66b2300a67b2ed7b91b8de00521acc DependenciesID=9bba9573e72957b6bb3fe8031271d41b StaticDependenciesID=d287f6a4a64542c5841c7f05cf27ec03 
Number of updated asset objects reloaded before import = 0
Number of asset objects unloaded after import = 3
========================================================================
Received Import Request.
  Time of request: 2026-08-04T17:31:19.8440096Z
  Time since last request: 0.0001486 seconds.
  importAddress: GUID: d3b2641fbdbb1f340ad9732102db591e - Path: Packages/com.unity.2d.tilemap/Editor/Icons/d_Tilemap.ActiveTargetLayers@2x.png - Importer: ScriptedImporter/UnityEditor.QuickSearchModule:UnityEditor.Search:ASIAI0B
Importing 'GUID: d3b2641fbdbb1f340ad9732102db591e - Path: Packages/com.unity.2d.tilemap/Editor/Icons/d_Tilemap.ActiveTargetLayers@2x.png - Importer: ScriptedImporter/UnityEditor.QuickSearchModule:UnityEditor.Search:ASIAI0B' with importer (ScriptedImporter : UnityEditor.QuickSearchModule:UnityEditor.Search:ASIAI0B)
Imported 'GUID: d3b2641fbdbb1f340ad9732102db591e' -> (Import Result ID: '507a1e0280825eb17e8f16ec94cf860e') in 0.006 seconds [static and dynamic dependencies]. Details - ImportResultOutputID=2f66d0c6277d2b74c5be8572b863da7c DependenciesID=e6a0ff18afe0a3398b60d63355da50b6 StaticDependenciesID=a12a37f38b0ffd47f5c44af87dfbde6b 
Number of updated asset objects reloaded before import = 0
Number of asset objects unloaded after import = 3
========================================================================
Received Import Request.
  Time of request: 2026-08-04T17:31:19.8586405Z
  Time since last request: 0.0002109 seconds.
  importAddress: GUID: 3239e705bdc364b47a21e44901809b91 - Path: Packages/com.unity.2d.tilemap/Editor/Icons/Grid.RotateCW@2x.png - Importer: ScriptedImporter/UnityEditor.QuickSearchModule:UnityEditor.Search:ASIAI0B
Importing 'GUID: 3239e705bdc364b47a21e44901809b91 - Path: Packages/com.unity.2d.tilemap/Editor/Icons/Grid.RotateCW@2x.png - Importer: ScriptedImporter/UnityEditor.QuickSearchModule:UnityEditor.Search:ASIAI0B' with importer (ScriptedImporter : UnityEditor.QuickSearchModule:UnityEditor.Search:ASIAI0B)
Imported 'GUID: 3239e705bdc364b47a21e44901809b91' -> (Import Result ID: 'b12dcd903b7bdd56f2d685df23e646dc') in 0.005 seconds [static and dynamic dependencies]. Details - ImportResultOutputID=e6c0494a29c5e7f0ff8cbff257acf902 DependenciesID=d32c3441476f834a1538c1128112e648 StaticDependenciesID=8ef332d52d45448aba36eb0a62945bd0 
Number of updated asset objects reloaded before import = 0
Number of asset objects unloaded after import = 3
========================================================================
Received Import Request.
  Time of request: 2026-08-04T17:31:19.8707605Z
  Time since last request: 0.0002309 seconds.
  importAddress: GUID: 86f74056ad052aa4b83fe485546f0521 - Path: Packages/com.unity.2d.tilemap/Editor/Icons/EditorUI.Target@4x.png - Importer: ScriptedImporter/UnityEditor.QuickSearchModule:UnityEditor.Search:ASIAI0B
Importing 'GUID: 86f74056ad052aa4b83fe485546f0521 - Path: Packages/com.unity.2d.tilemap/Editor/Icons/EditorUI.Target@4x.png - Importer: ScriptedImporter/UnityEditor.QuickSearchModule:UnityEditor.Search:ASIAI0B' with importer (ScriptedImporter : UnityEditor.QuickSearchModule:UnityEditor.Search:ASIAI0B)
Imported 'GUID: 86f74056ad052aa4b83fe485546f0521' -> (Import Result ID: '912f614e1c4fafc9c0c9efcc18e802cb') in 0.004 seconds [static and dynamic dependencies]. Details - ImportResultOutputID=c5e07559345d37cdd462c862398f7e0c DependenciesID=9b69e9e48f39913c51a7f0c697beaca3 StaticDependenciesID=fd0be7e2b3ef64974632ced5dcce6fa1 
Number of updated asset objects reloaded before import = 0
Number of asset objects unloaded after import = 3
========================================================================
Received Import Request.
  Time of request: 2026-08-04T17:31:19.8829354Z
  Time since last request: 0.0001705 seconds.
  importAddress: GUID: b3f6a0922e3511840813c51882c0907b - Path: Packages/com.unity.2d.tilemap/Editor/Icons/d_Tilemap.ShowTilePalette@2x.png - Importer: ScriptedImporter/UnityEditor.QuickSearchModule:UnityEditor.Search:ASIAI0B
Importing 'GUID: b3f6a0922e3511840813c51882c0907b - Path: Packages/com.unity.2d.tilemap/Editor/Icons/d_Tilemap.ShowTilePalette@2x.png - Importer: ScriptedImporter/UnityEditor.QuickSearchModule:UnityEditor.Search:ASIAI0B' with importer (ScriptedImporter : UnityEditor.QuickSearchModule:UnityEditor.Search:ASIAI0B)
Imported 'GUID: b3f6a0922e3511840813c51882c0907b' -> (Import Result ID: '382d1a1bcfd9fe588960367dbaaecf0e') in 0.005 seconds [static and dynamic dependencies]. Details - ImportResultOutputID=a8a17622058386ce84d6dd1be9444c7f DependenciesID=fbfa2b9c6c734719fc8228661d697dc5 StaticDependenciesID=4fd889b2f7f9a7aeea994bc8ef989e91 
Number of updated asset objects reloaded before import = 0
Number of asset objects unloaded after import = 3
========================================================================
Received Import Request.
  Time of request: 2026-08-04T17:31:19.8955601Z
  Time since last request: 0.0001845 seconds.
  importAddress: GUID: ba6dc9e2bb114aa46a392528f10c13d0 - Path: Packages/com.unity.2d.tilemap/Editor/Icons/d_Tilemap..BrushPicks@4x.png - Importer: ScriptedImporter/UnityEditor.QuickSearchModule:UnityEditor.Search:ASIAI0B
Importing 'GUID: ba6dc9e2bb114aa46a392528f10c13d0 - Path: Packages/com.unity.2d.tilemap/Editor/Icons/d_Tilemap..BrushPicks@4x.png - Importer: ScriptedImporter/UnityEditor.QuickSearchModule:UnityEditor.Search:ASIAI0B' with importer (ScriptedImporter : UnityEditor.QuickSearchModule:UnityEditor.Search:ASIAI0B)
Imported 'GUID: ba6dc9e2bb114aa46a392528f10c13d0' -> (Import Result ID: '63f6131e425950bdce22a8b6b97b990f') in 0.005 seconds [static and dynamic dependencies]. Details - ImportResultOutputID=71a73a6a8df44f0ad4f17fbccdf10821 DependenciesID=b37860a71583e0322c83dd824b18dbf7 StaticDependenciesID=405b773e859182dbb1b72582f15896c1 
Number of updated asset objects reloaded before import = 0
Number of asset objects unloaded after import = 3
========================================================================
Received Import Request.
  Time of request: 2026-08-04T17:31:19.9075349Z
  Time since last request: 0.0001936 seconds.
  importAddress: GUID: 72124a67bbace794fa38534a24d23cee - Path: Packages/com.unity.2d.tilemap/Editor/Icons/d_Grid.RotateACW@2x.png - Importer: ScriptedImporter/UnityEditor.QuickSearchModule:UnityEditor.Search:ASIAI0B
Importing 'GUID: 72124a67bbace794fa38534a24d23cee - Path: Packages/com.unity.2d.tilemap/Editor/Icons/d_Grid.RotateACW@2x.png - Importer: ScriptedImporter/UnityEditor.QuickSearchModule:UnityEditor.Search:ASIAI0B' with importer (ScriptedImporter : UnityEditor.QuickSearchModule:UnityEditor.Search:ASIAI0B)
Imported 'GUID: 72124a67bbace794fa38534a24d23cee' -> (Import Result ID: 'acf31724f901e895fdd737509b374223') in 0.004 seconds [static and dynamic dependencies]. Details - ImportResultOutputID=c188450f239eb11fa5620f37e6c275ee DependenciesID=f8025957098f27f6924c681ce551a8cb StaticDependenciesID=0bacc2c7d7d72b9104d325ddd16141da 
Number of updated asset objects reloaded before import = 0
Number of asset objects unloaded after import = 3
========================================================================
Received Import Request.
  Time of request: 2026-08-04T17:31:19.9385315Z
  Time since last request: 0.0176333 seconds.
  importAddress: GUID: 694abd7b442533d4d906a9f452776a2e - Path: Packages/com.unity.2d.tilemap/Editor/UI/SceneViewOpenTilePaletteOverlay.cs - Importer: ScriptedImporter/UnityEditor.QuickSearchModule:UnityEditor.Search:ASIAI0B
Importing 'GUID: 694abd7b442533d4d906a9f452776a2e - Path: Packages/com.unity.2d.tilemap/Editor/UI/SceneViewOpenTilePaletteOverlay.cs - Importer: ScriptedImporter/UnityEditor.QuickSearchModule:UnityEditor.Search:ASIAI0B' with importer (ScriptedImporter : UnityEditor.QuickSearchModule:UnityEditor.Search:ASIAI0B)
Imported 'GUID: 694abd7b442533d4d906a9f452776a2e' -> (Import Result ID: '779deeaa7a6a4e0936d3b33a047b4719') in 0.002 seconds [static and dynamic dependencies]. Details - ImportResultOutputID=adbb105dc04e5a75bf74fc9cb736c6e9 DependenciesID=5527f007853b77ec1039dc7dcb2af257 StaticDependenciesID=56d1f622b50a5bcba31e1d0aa1a47956 
Number of updated asset objects reloaded before import = 0
Number of asset objects unloaded after import = 0
========================================================================
Received Import Request.
  Time of request: 2026-08-04T17:31:19.9478343Z
  Time since last request: 0.0004612 seconds.
  importAddress: GUID: 949e98ac1c07e424685f43f530864a7c - Path: Packages/com.unity.2d.tilemap/Editor/Icons/GridSelection@2x.png - Importer: ScriptedImporter/UnityEditor.QuickSearchModule:UnityEditor.Search:ASIAI0B
Importing 'GUID: 949e98ac1c07e424685f43f530864a7c - Path: Packages/com.unity.2d.tilemap/Editor/Icons/GridSelection@2x.png - Importer: ScriptedImporter/UnityEditor.QuickSearchModule:UnityEditor.Search:ASIAI0B' with importer (ScriptedImporter : UnityEditor.QuickSearchModule:UnityEditor.Search:ASIAI0B)
Imported 'GUID: 949e98ac1c07e424685f43f530864a7c' -> (Import Result ID: 'abc9d84cc6148c76b40e3abd5e6d6da4') in 0.004 seconds [static and dynamic dependencies]. Details - ImportResultOutputID=f066525257254505ab1679440a42cc15 DependenciesID=918a9c37cecfd2dc1f4f9931bbb876ff StaticDependenciesID=2821456163b5cc892c10677bece3ddf2 
Number of updated asset objects reloaded before import = 0
Number of asset objects unloaded after import = 1
========================================================================
Received Import Request.
  Time of request: 2026-08-04T17:31:19.9608541Z
  Time since last request: 0.0002545 seconds.
  importAddress: GUID: 6ccf4234805f2d049a6869c33213ff65 - Path: Packages/com.unity.2d.tilemap/Editor/Icons/Tilemap.DefaultBrush@4x.png - Importer: ScriptedImporter/UnityEditor.QuickSearchModule:UnityEditor.Search:ASIAI0B
Importing 'GUID: 6ccf4234805f2d049a6869c33213ff65 - Path: Packages/com.unity.2d.tilemap/Editor/Icons/Tilemap.DefaultBrush@4x.png - Importer: ScriptedImporter/UnityEditor.QuickSearchModule:UnityEditor.Search:ASIAI0B' with importer (ScriptedImporter : UnityEditor.QuickSearchModule:UnityEditor.Search:ASIAI0B)
Imported 'GUID: 6ccf4234805f2d049a6869c33213ff65' -> (Import Result ID: 'cbc7b0cf2f68fff84b53ade91884502c') in 0.004 seconds [static and dynamic dependencies]. Details - ImportResultOutputID=49a2bbfb1898701e471812cb50c9b27f DependenciesID=bf7372f2a8cf1189361cfd02e9c7c866 StaticDependenciesID=28f46c08ea763a21a9225d30c141babf 
Number of updated asset objects reloaded before import = 0
Number of asset objects unloaded after import = 3
========================================================================
Received Import Request.
  Time of request: 2026-08-04T17:31:19.9733136Z
  Time since last request: 0.0002067 seconds.
  importAddress: GUID: 45612d93bb71d8f48bb1dba4b0f5caac - Path: Packages/com.unity.2d.tilemap/Editor/Icons/Tilemap.BrushPicks@4x.png - Importer: ScriptedImporter/UnityEditor.QuickSearchModule:UnityEditor.Search:ASIAI0B
Importing 'GUID: 45612d93bb71d8f48bb1dba4b0f5caac - Path: Packages/com.unity.2d.tilemap/Editor/Icons/Tilemap.BrushPicks@4x.png - Importer: ScriptedImporter/UnityEditor.QuickSearchModule:UnityEditor.Search:ASIAI0B' with importer (ScriptedImporter : UnityEditor.QuickSearchModule:UnityEditor.Search:ASIAI0B)
Imported 'GUID: 45612d93bb71d8f48bb1dba4b0f5caac' -> (Import Result ID: '31ac2e955790cead8f36c399b8189ff4') in 0.005 seconds [static and dynamic dependencies]. Details - ImportResultOutputID=ea30cfe89b6cc5210fa3362416ab8993 DependenciesID=4100dc71130815316fa01aea82e42883 StaticDependenciesID=1d8b1bd66e7647a0b3e66cfd9ebddd42 
Number of updated asset objects reloaded before import = 0
Number of asset objects unloaded after import = 3
========================================================================
Received Import Request.
  Time of request: 2026-08-04T17:31:19.9865021Z
  Time since last request: 0.0002334 seconds.
  importAddress: GUID: 73653b679fcd4ba6941afb0cda629d09 - Path: Packages/com.unity.2d.tilemap/Editor/UI/GridPaintPaletteWindowLight.uss - Importer: ScriptedImporter/UnityEditor.QuickSearchModule:UnityEditor.Search:ASIAI0B
Importing 'GUID: 73653b679fcd4ba6941afb0cda629d09 - Path: Packages/com.unity.2d.tilemap/Editor/UI/GridPaintPaletteWindowLight.uss - Importer: ScriptedImporter/UnityEditor.QuickSearchModule:UnityEditor.Search:ASIAI0B' with importer (ScriptedImporter : UnityEditor.QuickSearchModule:UnityEditor.Search:ASIAI0B)
Imported 'GUID: 73653b679fcd4ba6941afb0cda629d09' -> (Import Result ID: 'fc2d13e87d733866279cf30bfbc585f6') in 0.003 seconds [static and dynamic dependencies]. Details - ImportResultOutputID=62000de2efb571914c816f8e354f60d4 DependenciesID=50e2c6f92621f05da07ee1e193adf61d StaticDependenciesID=2624a1fc7b56b900702dee76a0a5158b 
Number of updated asset objects reloaded before import = 0
Number of asset objects unloaded after import = 1
========================================================================
Received Import Request.
  Time of request: 2026-08-04T17:31:19.9979271Z
  Time since last request: 0.000352 seconds.
  importAddress: GUID: 63154732be07c2242a369890e0f80a72 - Path: Packages/com.unity.2d.tilemap/Editor/Icons/Tilemap.ShowGrid.png - Importer: ScriptedImporter/UnityEditor.QuickSearchModule:UnityEditor.Search:ASIAI0B
Importing 'GUID: 63154732be07c2242a369890e0f80a72 - Path: Packages/com.unity.2d.tilemap/Editor/Icons/Tilemap.ShowGrid.png - Importer: ScriptedImporter/UnityEditor.QuickSearchModule:UnityEditor.Search:ASIAI0B' with importer (ScriptedImporter : UnityEditor.QuickSearchModule:UnityEditor.Search:ASIAI0B)
Imported 'GUID: 63154732be07c2242a369890e0f80a72' -> (Import Result ID: 'ce165517a0b17b835a2b38ccc77c0455') in 0.006 seconds [static and dynamic dependencies]. Details - ImportResultOutputID=83a94937d4f974875a45c8cdc5fe804b DependenciesID=46a791504f5c3f6addb685b6c73376a7 StaticDependenciesID=946c759dc0055f808f26b087f5c1f765 
Number of updated asset objects reloaded before import = 0
Number of asset objects unloaded after import = 3
========================================================================
Received Import Request.
  Time of request: 2026-08-04T17:31:20.011306Z
  Time since last request: 0.0003926 seconds.
  importAddress: GUID: fdeb3f88d08262349a273cebdd343d57 - Path: Packages/com.unity.2d.tilemap/Editor/TileSet/TileSetImporter.cs - Importer: ScriptedImporter/UnityEditor.QuickSearchModule:UnityEditor.Search:ASIAI0B
Importing 'GUID: fdeb3f88d08262349a273cebdd343d57 - Path: Packages/com.unity.2d.tilemap/Editor/TileSet/TileSetImporter.cs - Importer: ScriptedImporter/UnityEditor.QuickSearchModule:UnityEditor.Search:ASIAI0B' with importer (ScriptedImporter : UnityEditor.QuickSearchModule:UnityEditor.Search:ASIAI0B)
Imported 'GUID: fdeb3f88d08262349a273cebdd343d57' -> (Import Result ID: '64dd793d903f63e1c506939d1352fbf0') in 0.002 seconds [static and dynamic dependencies]. Details - ImportResultOutputID=2ec7db520cc33a84b9aa5a3b09ba9eb5 DependenciesID=92362007697dfe1aeb31507910d9a8b8 StaticDependenciesID=f8b7bf06101463cbfafe0ff91d833978 
Number of updated asset objects reloaded before import = 0
Number of asset objects unloaded after import = 0
========================================================================
Received Import Request.
  Time of request: 2026-08-04T17:31:20.0217986Z
  Time since last request: 0.0003053 seconds.
  importAddress: GUID: 4e560db51173b924aa59f1e95d7ed195 - Path: Packages/com.unity.2d.tilemap/Editor/UI/BoolFieldOverlayPopupWindow.cs - Importer: ScriptedImporter/UnityEditor.QuickSearchModule:UnityEditor.Search:ASIAI0B
Importing 'GUID: 4e560db51173b924aa59f1e95d7ed195 - Path: Packages/com.unity.2d.tilemap/Editor/UI/BoolFieldOverlayPopupWindow.cs - Importer: ScriptedImporter/UnityEditor.QuickSearchModule:UnityEditor.Search:ASIAI0B' with importer (ScriptedImporter : UnityEditor.QuickSearchModule:UnityEditor.Search:ASIAI0B)
Imported 'GUID: 4e560db51173b924aa59f1e95d7ed195' -> (Import Result ID: '1cc990544646dfae0bee142d46f028b0') in 0.002 seconds [static and dynamic dependencies]. Details - ImportResultOutputID=484153274f67ea089740519777d9cfb3 DependenciesID=0b42fbaa75103b5c231cf7ee4df3ec3d StaticDependenciesID=45c773e08cd6f34c9c9da1123941f052 
Number of updated asset objects reloaded before import = 0
Number of asset objects unloaded after import = 0
========================================================================
Received Import Request.
  Time of request: 2026-08-04T17:31:20.0326468Z
  Time since last request: 0.000234 seconds.
  importAddress: GUID: 67c313dc248945dc9c62ded69fae5dee - Path: Packages/com.unity.2d.tilemap/Editor/TileSet/TileSetImporterEditor.cs - Importer: ScriptedImporter/UnityEditor.QuickSearchModule:UnityEditor.Search:ASIAI0B
Importing 'GUID: 67c313dc248945dc9c62ded69fae5dee - Path: Packages/com.unity.2d.tilemap/Editor/TileSet/TileSetImporterEditor.cs - Importer: ScriptedImporter/UnityEditor.QuickSearchModule:UnityEditor.Search:ASIAI0B' with importer (ScriptedImporter : UnityEditor.QuickSearchModule:UnityEditor.Search:ASIAI0B)
Imported 'GUID: 67c313dc248945dc9c62ded69fae5dee' -> (Import Result ID: '635edb14241d4c361acca9e3ec80ac4b') in 0.002 seconds [static and dynamic dependencies]. Details - ImportResultOutputID=13cb97770b907359a8422fde4e7058aa DependenciesID=3af5eb32bf08a1431f59209ed9e39156 StaticDependenciesID=5431ee486d1b2fa676e2fa0bac24520b 
Number of updated asset objects reloaded before import = 0
Number of asset objects unloaded after import = 0
========================================================================
Received Import Request.
  Time of request: 2026-08-04T17:31:20.041871Z
  Time since last request: 0.0003316 seconds.
  importAddress: GUID: 920ecfdb532776b4cb32b37e5bd9e6ff - Path: Packages/com.unity.2d.tilemap/Editor/Icons/Tilemap.TilePalette@4x.png - Importer: ScriptedImporter/UnityEditor.QuickSearchModule:UnityEditor.Search:ASIAI0B
Importing 'GUID: 920ecfdb532776b4cb32b37e5bd9e6ff - Path: Packages/com.unity.2d.tilemap/Editor/Icons/Tilemap.TilePalette@4x.png - Importer: ScriptedImporter/UnityEditor.QuickSearchModule:UnityEditor.Search:ASIAI0B' with importer (ScriptedImporter : UnityEditor.QuickSearchModule:UnityEditor.Search:ASIAI0B)
Imported 'GUID: 920ecfdb532776b4cb32b37e5bd9e6ff' -> (Import Result ID: '38b47f16eced5599c473e496c629b958') in 0.005 seconds [static and dynamic dependencies]. Details - ImportResultOutputID=b29483d02cef5f6a00ae15f3250c7bbf DependenciesID=c3bfcf5f987a6e137949cdcf31809f94 StaticDependenciesID=3cc8d2c8e5bc32542191c4213d2f56e3 
Number of updated asset objects reloaded before import = 0
Number of asset objects unloaded after import = 3
========================================================================
Received Import Request.
  Time of request: 2026-08-04T17:31:20.0561429Z
  Time since last request: 0.000203 seconds.
  importAddress: GUID: ff827e3a021bd1b4493ddbcd90ed460f - Path: Packages/com.unity.2d.tilemap/Editor/Icons/Tilemap.BrushSettings@4x.png - Importer: ScriptedImporter/UnityEditor.QuickSearchModule:UnityEditor.Search:ASIAI0B
Importing 'GUID: ff827e3a021bd1b4493ddbcd90ed460f - Path: Packages/com.unity.2d.tilemap/Editor/Icons/Tilemap.BrushSettings@4x.png - Importer: ScriptedImporter/UnityEditor.QuickSearchModule:UnityEditor.Search:ASIAI0B' with importer (ScriptedImporter : UnityEditor.QuickSearchModule:UnityEditor.Search:ASIAI0B)
Imported 'GUID: ff827e3a021bd1b4493ddbcd90ed460f' -> (Import Result ID: '259bb45bcc0efea6526ed490e00c9664') in 0.006 seconds [static and dynamic dependencies]. Details - ImportResultOutputID=0c446019fcfd1edeaf342d9bc91e77b9 DependenciesID=0e2b2fcb15fc635221a2d7bbab2a971a StaticDependenciesID=071f1b038d9c9877404a048d4751e9e9 
Number of updated asset objects reloaded before import = 0
Number of asset objects unloaded after import = 3
========================================================================
Received Import Request.
  Time of request: 2026-08-04T17:31:20.0701727Z
  Time since last request: 0.0002026 seconds.
  importAddress: GUID: 534112f711642464e8a5b9b5ea20e941 - Path: Packages/com.unity.2d.tilemap/Editor/Icons/Tilemap.FocusTilemap.png - Importer: ScriptedImporter/UnityEditor.QuickSearchModule:UnityEditor.Search:ASIAI0B
Importing 'GUID: 534112f711642464e8a5b9b5ea20e941 - Path: Packages/com.unity.2d.tilemap/Editor/Icons/Tilemap.FocusTilemap.png - Importer: ScriptedImporter/UnityEditor.QuickSearchModule:UnityEditor.Search:ASIAI0B' with importer (ScriptedImporter : UnityEditor.QuickSearchModule:UnityEditor.Search:ASIAI0B)
Imported 'GUID: 534112f711642464e8a5b9b5ea20e941' -> (Import Result ID: '347a596fc705230072566304cee7099e') in 0.004 seconds [static and dynamic dependencies]. Details - ImportResultOutputID=ca77468d49a0e83f3477899feb414e93 DependenciesID=1ba4b16f033bb5e13adb9e629495bed2 StaticDependenciesID=38fdb71a4e8b9b26361e6f270379de1b 
Number of updated asset objects reloaded before import = 0
Number of asset objects unloaded after import = 3
========================================================================
Received Import Request.
  Time of request: 2026-08-04T17:31:20.0811745Z
  Time since last request: 0.0002506 seconds.
  importAddress: GUID: 53439e5dcebe4d74e8358cf7104c4666 - Path: Packages/com.unity.2d.tilemap/Editor/Icons/Tilemap.DefaultBrush.png - Importer: ScriptedImporter/UnityEditor.QuickSearchModule:UnityEditor.Search:ASIAI0B
Importing 'GUID: 53439e5dcebe4d74e8358cf7104c4666 - Path: Packages/com.unity.2d.tilemap/Editor/Icons/Tilemap.DefaultBrush.png - Importer: ScriptedImporter/UnityEditor.QuickSearchModule:UnityEditor.Search:ASIAI0B' with importer (ScriptedImporter : UnityEditor.QuickSearchModule:UnityEditor.Search:ASIAI0B)
Imported 'GUID: 53439e5dcebe4d74e8358cf7104c4666' -> (Import Result ID: 'de3e01ee40ca592ef88c4c983d1fcad0') in 0.005 seconds [static and dynamic dependencies]. Details - ImportResultOutputID=210afa76730547fcfadb266cce55e8ce DependenciesID=a415321780ac57021bab5406c31c601e StaticDependenciesID=763bae0c89bbe7f451c62085675e411c 
Number of updated asset objects reloaded before import = 0
Number of asset objects unloaded after import = 3
========================================================================
Received Import Request.
  Time of request: 2026-08-04T17:31:20.103273Z
  Time since last request: 0.0103814 seconds.
  importAddress: GUID: d0ba7992e08412649839c5b94f950c79 - Path: Packages/com.unity.2d.tilemap/Editor/EditorTools/GridSelection/GridSelectionScaleTool.cs - Importer: ScriptedImporter/UnityEditor.QuickSearchModule:UnityEditor.Search:ASIAI0B
Importing 'GUID: d0ba7992e08412649839c5b94f950c79 - Path: Packages/com.unity.2d.tilemap/Editor/EditorTools/GridSelection/GridSelectionScaleTool.cs - Importer: ScriptedImporter/UnityEditor.QuickSearchModule:UnityEditor.Search:ASIAI0B' with importer (ScriptedImporter : UnityEditor.QuickSearchModule:UnityEditor.Search:ASIAI0B)
Imported 'GUID: d0ba7992e08412649839c5b94f950c79' -> (Import Result ID: 'bb362c7b3c364e5ae8108020943eea71') in 0.003 seconds [static and dynamic dependencies]. Details - ImportResultOutputID=bc40421639b1948f6d3ac436eafb7cf0 DependenciesID=5ef779a418273f6fcc3e09654a48d7a5 StaticDependenciesID=54ba487dcb442772064dfc549c7d240d 
Number of updated asset objects reloaded before import = 0
Number of asset objects unloaded after import = 0
========================================================================
Received Import Request.
  Time of request: 2026-08-04T17:31:20.1130687Z
  Time since last request: 0.0002376 seconds.
  importAddress: GUID: 7a52ed59aa46c7047a68558357752bb5 - Path: Packages/com.unity.2d.tilemap/Editor/UI/TilePaletteDragHandler.cs - Importer: ScriptedImporter/UnityEditor.QuickSearchModule:UnityEditor.Search:ASIAI0B
Importing 'GUID: 7a52ed59aa46c7047a68558357752bb5 - Path: Packages/com.unity.2d.tilemap/Editor/UI/TilePaletteDragHandler.cs - Importer: ScriptedImporter/UnityEditor.QuickSearchModule:UnityEditor.Search:ASIAI0B' with importer (ScriptedImporter : UnityEditor.QuickSearchModule:UnityEditor.Search:ASIAI0B)
Imported 'GUID: 7a52ed59aa46c7047a68558357752bb5' -> (Import Result ID: '2d91c3f5e61dab593476ad8e3c4736a0') in 0.002 seconds [static and dynamic dependencies]. Details - ImportResultOutputID=5e363ea5b281f858e1a0ef29617ccc77 DependenciesID=92548183b016508801b371d23cf064d9 StaticDependenciesID=7809c6ef9440b69e5ad74c569c658392 
Number of updated asset objects reloaded before import = 0
Number of asset objects unloaded after import = 0
========================================================================
Received Import Request.
  Time of request: 2026-08-04T17:31:20.1227768Z
  Time since last request: 0.0002446 seconds.
  importAddress: GUID: 6f7eca7d22ec4c948af0f5bb5da7844c - Path: Packages/com.unity.2d.tilemap/Editor/UI/TileSetImporterDragAndDropManipulator.cs - Importer: ScriptedImporter/UnityEditor.QuickSearchModule:UnityEditor.Search:ASIAI0B
Importing 'GUID: 6f7eca7d22ec4c948af0f5bb5da7844c - Path: Packages/com.unity.2d.tilemap/Editor/UI/TileSetImporterDragAndDropManipulator.cs - Importer: ScriptedImporter/UnityEditor.QuickSearchModule:UnityEditor.Search:ASIAI0B' with importer (ScriptedImporter : UnityEditor.QuickSearchModule:UnityEditor.Search:ASIAI0B)
Imported 'GUID: 6f7eca7d22ec4c948af0f5bb5da7844c' -> (Import Result ID: '304b5d95d3dcd697e6ee04c8ca22c143') in 0.002 seconds [static and dynamic dependencies]. Details - ImportResultOutputID=218fe21b9452941a1cf977b3a1b022c6 DependenciesID=79aa3495ec822c1bc88dc20dbe4ba7fe StaticDependenciesID=db5fd34591793d0b820dd66b28a51549 
Number of updated asset objects reloaded before import = 0
Number of asset objects unloaded after import = 0
========================================================================
Received Import Request.
  Time of request: 2026-08-04T17:31:20.1324673Z
  Time since last request: 0.000221 seconds.
  importAddress: GUID: d791d407901442e49862d3aa783ce8af - Path: Packages/com.unity.ide.visualstudio/Editor/AssemblyInfo.cs - Importer: ScriptedImporter/UnityEditor.QuickSearchModule:UnityEditor.Search:ASIAI0B
Importing 'GUID: d791d407901442e49862d3aa783ce8af - Path: Packages/com.unity.ide.visualstudio/Editor/AssemblyInfo.cs - Importer: ScriptedImporter/UnityEditor.QuickSearchModule:UnityEditor.Search:ASIAI0B' with importer (ScriptedImporter : UnityEditor.QuickSearchModule:UnityEditor.Search:ASIAI0B)
Imported 'GUID: d791d407901442e49862d3aa783ce8af' -> (Import Result ID: 'ffb68d7b32c1a69e5cf1efea3fb2afca') in 0.002 seconds [static and dynamic dependencies]. Details - ImportResultOutputID=e84ae1b9364ff14a397e81a8c0fe2c04 DependenciesID=16406551394b766a65eed4edd979fe34 StaticDependenciesID=145a9251f79d49721e1f83f470a9ddb2 
Number of updated asset objects reloaded before import = 0
Number of asset objects unloaded after import = 0
========================================================================
Received Import Request.
  Time of request: 2026-08-04T17:31:20.1415134Z
  Time since last request: 0.0002307 seconds.
  importAddress: GUID: abe003ac6fee32e4892100a78f555011 - Path: Packages/com.unity.ide.visualstudio/Editor/Discovery.cs - Importer: ScriptedImporter/UnityEditor.QuickSearchModule:UnityEditor.Search:ASIAI0B
Importing 'GUID: abe003ac6fee32e4892100a78f555011 - Path: Packages/com.unity.ide.visualstudio/Editor/Discovery.cs - Importer: ScriptedImporter/UnityEditor.QuickSearchModule:UnityEditor.Search:ASIAI0B' with importer (ScriptedImporter : UnityEditor.QuickSearchModule:UnityEditor.Search:ASIAI0B)
Imported 'GUID: abe003ac6fee32e4892100a78f555011' -> (Import Result ID: 'fdda55cc4b987f28c1e676c782893ae3') in 0.003 seconds [static and dynamic dependencies]. Details - ImportResultOutputID=9ea2040423de334881521b802bbce5ce DependenciesID=4b6f7f97c88877bc34ab27bbf745ee66 StaticDependenciesID=a5e24601d90b1b3487361bd0d1a487a3 
Number of updated asset objects reloaded before import = 0
Number of asset objects unloaded after import = 0
========================================================================
Received Import Request.
  Time of request: 2026-08-04T17:31:20.1518604Z
  Time since last request: 0.0002569 seconds.
  importAddress: GUID: 957a5f2d2660a894d926660de2a9d577 - Path: Packages/com.unity.ide.visualstudio/Editor/ProcessRunner.cs - Importer: ScriptedImporter/UnityEditor.QuickSearchModule:UnityEditor.Search:ASIAI0B
Importing 'GUID: 957a5f2d2660a894d926660de2a9d577 - Path: Packages/com.unity.ide.visualstudio/Editor/ProcessRunner.cs - Importer: ScriptedImporter/UnityEditor.QuickSearchModule:UnityEditor.Search:ASIAI0B' with importer (ScriptedImporter : UnityEditor.QuickSearchModule:UnityEditor.Search:ASIAI0B)
Imported 'GUID: 957a5f2d2660a894d926660de2a9d577' -> (Import Result ID: '3e8a9ae28724057e6e3787d0f54b549e') in 0.002 seconds [static and dynamic dependencies]. Details - ImportResultOutputID=8e9a65bd8fa34330f4be597c0996f6c9 DependenciesID=58a174b98fb6cb2904ebbf35ba1acdbf StaticDependenciesID=54ead0bbaad1205ad44a522db18f4e18 
Number of updated asset objects reloaded before import = 0
Number of asset objects unloaded after import = 0
========================================================================
Received Import Request.
  Time of request: 2026-08-04T17:31:20.1621961Z
  Time since last request: 0.0003551 seconds.
  importAddress: GUID: 5d7bcc2a88de4de0857df0af4a704e19 - Path: Packages/com.unity.2d.tilemap/Editor/UI/TilePaletteBrushPickElement.cs - Importer: ScriptedImporter/UnityEditor.QuickSearchModule:UnityEditor.Search:ASIAI0B
Importing 'GUID: 5d7bcc2a88de4de0857df0af4a704e19 - Path: Packages/com.unity.2d.tilemap/Editor/UI/TilePaletteBrushPickElement.cs - Importer: ScriptedImporter/UnityEditor.QuickSearchModule:UnityEditor.Search:ASIAI0B' with importer (ScriptedImporter : UnityEditor.QuickSearchModule:UnityEditor.Search:ASIAI0B)
Imported 'GUID: 5d7bcc2a88de4de0857df0af4a704e19' -> (Import Result ID: '27dc49135440f5ffe0d59cea77e53a71') in 0.002 seconds [static and dynamic dependencies]. Details - ImportResultOutputID=45746c5a8ba43ccc22d8f97b9cabda25 DependenciesID=91846aceeb00f1845abe05689a4757aa StaticDependenciesID=51eeeb6b0a794a6383918de5493e5168 
Number of updated asset objects reloaded before import = 0
Number of asset objects unloaded after import = 0
========================================================================
Received Import Request.
  Time of request: 2026-08-04T17:31:20.171534Z
  Time since last request: 0.0004254 seconds.
  importAddress: GUID: cbccb6292dce08a489e6e742243154e7 - Path: Packages/com.unity.ide.visualstudio/Editor/KnownAssemblies.cs - Importer: ScriptedImporter/UnityEditor.QuickSearchModule:UnityEditor.Search:ASIAI0B
Importing 'GUID: cbccb6292dce08a489e6e742243154e7 - Path: Packages/com.unity.ide.visualstudio/Editor/KnownAssemblies.cs - Importer: ScriptedImporter/UnityEditor.QuickSearchModule:UnityEditor.Search:ASIAI0B' with importer (ScriptedImporter : UnityEditor.QuickSearchModule:UnityEditor.Search:ASIAI0B)
Imported 'GUID: cbccb6292dce08a489e6e742243154e7' -> (Import Result ID: '65905814a48efeb5a5e7ce3c0286e914') in 0.002 seconds [static and dynamic dependencies]. Details - ImportResultOutputID=3b4619e14c2b6d546f45a01f6656bdab DependenciesID=537ca8ad05561b2468bc23046dc15ae7 StaticDependenciesID=4dc3769b9b78d77a9fc4d64f36aa79bd 
Number of updated asset objects reloaded before import = 0
Number of asset objects unloaded after import = 0
========================================================================
Received Import Request.
  Time of request: 2026-08-04T17:31:20.1825666Z
  Time since last request: 0.0002282 seconds.
  importAddress: GUID: a700028b9cda49fd94ebc3806a2185f9 - Path: Packages/com.unity.2d.tilemap/Editor/UI/TilePaletteBrushModalElement.cs - Importer: ScriptedImporter/UnityEditor.QuickSearchModule:UnityEditor.Search:ASIAI0B
Importing 'GUID: a700028b9cda49fd94ebc3806a2185f9 - Path: Packages/com.unity.2d.tilemap/Editor/UI/TilePaletteBrushModalElement.cs - Importer: ScriptedImporter/UnityEditor.QuickSearchModule:UnityEditor.Search:ASIAI0B' with importer (ScriptedImporter : UnityEditor.QuickSearchModule:UnityEditor.Search:ASIAI0B)
Imported 'GUID: a700028b9cda49fd94ebc3806a2185f9' -> (Import Result ID: '207c7b826a77de06982049a65fb3c1a3') in 0.002 seconds [static and dynamic dependencies]. Details - ImportResultOutputID=5cbbc9c086fa2225ab3b44d0c58ee9bd DependenciesID=020e5ad5e396ede1c53ec2763b67319f StaticDependenciesID=55346a6d78a83d6fe3f47f84e6330970 
Number of updated asset objects reloaded before import = 0
Number of asset objects unloaded after import = 0
========================================================================
Received Import Request.
  Time of request: 2026-08-04T17:31:20.193556Z
  Time since last request: 0.0002374 seconds.
  importAddress: GUID: 83e34b79b8614e1459c93e81b2dbd135 - Path: Packages/com.unity.2d.tilemap/Editor/EditorTools/GridSelection/GridSelectionTransformTool.cs - Importer: ScriptedImporter/UnityEditor.QuickSearchModule:UnityEditor.Search:ASIAI0B
Importing 'GUID: 83e34b79b8614e1459c93e81b2dbd135 - Path: Packages/com.unity.2d.tilemap/Editor/EditorTools/GridSelection/GridSelectionTransformTool.cs - Importer: ScriptedImporter/UnityEditor.QuickSearchModule:UnityEditor.Search:ASIAI0B' with importer (ScriptedImporter : UnityEditor.QuickSearchModule:UnityEditor.Search:ASIAI0B)
Imported 'GUID: 83e34b79b8614e1459c93e81b2dbd135' -> (Import Result ID: 'd9f49696ebbb59316c1ee9acea12eddb') in 0.004 seconds [static and dynamic dependencies]. Details - ImportResultOutputID=02867689fa0464bacb798e637c13ce05 DependenciesID=14ecd742ce504da1a9e92659bd54eae4 StaticDependenciesID=e46b91d9d22c9c29a96a5a0f556df1fd 
Number of updated asset objects reloaded before import = 0
Number of asset objects unloaded after import = 0
========================================================================
Received Import Request.
  Time of request: 2026-08-04T17:31:20.2043554Z
  Time since last request: 0.0002588 seconds.
  importAddress: GUID: 7809f42f64c877f4b90ac233e5ec2372 - Path: Packages/com.unity.ide.visualstudio/ThirdPartyNotices.md - Importer: ScriptedImporter/UnityEditor.QuickSearchModule:UnityEditor.Search:ASIAI0B
Importing 'GUID: 7809f42f64c877f4b90ac233e5ec2372 - Path: Packages/com.unity.ide.visualstudio/ThirdPartyNotices.md - Importer: ScriptedImporter/UnityEditor.QuickSearchModule:UnityEditor.Search:ASIAI0B' with importer (ScriptedImporter : UnityEditor.QuickSearchModule:UnityEditor.Search:ASIAI0B)
Imported 'GUID: 7809f42f64c877f4b90ac233e5ec2372' -> (Import Result ID: 'b786a9a697257930791d615be2f5bcef') in 0.003 seconds [static and dynamic dependencies]. Details - ImportResultOutputID=c5c35791a235314290a533afc503c123 DependenciesID=9d8d5e0907854e1de5886b0457eb580e StaticDependenciesID=45c790231036dea6d1358407cdf6d8e8 
Number of updated asset objects reloaded before import = 0
Number of asset objects unloaded after import = 1
========================================================================
Received Import Request.
  Time of request: 2026-08-04T17:31:20.2162703Z
  Time since last request: 0.0002457 seconds.
  importAddress: GUID: 8ce1fc14411aade4b81c0e6dd86950be - Path: Packages/com.unity.2d.tilemap/Tests/Editor/Unity.2D.Tilemap.Package.EditorTests.asmdef - Importer: ScriptedImporter/UnityEditor.QuickSearchModule:UnityEditor.Search:ASIAI0B
Importing 'GUID: 8ce1fc14411aade4b81c0e6dd86950be - Path: Packages/com.unity.2d.tilemap/Tests/Editor/Unity.2D.Tilemap.Package.EditorTests.asmdef - Importer: ScriptedImporter/UnityEditor.QuickSearchModule:UnityEditor.Search:ASIAI0B' with importer (ScriptedImporter : UnityEditor.QuickSearchModule:UnityEditor.Search:ASIAI0B)
Imported 'GUID: 8ce1fc14411aade4b81c0e6dd86950be' -> (Import Result ID: 'aff50fc25d640aa226b7b69b6a996878') in 0.002 seconds [static and dynamic dependencies]. Details - ImportResultOutputID=2761ae0f4246d986b8391ee586c76e0a DependenciesID=aaa741de310bbdb60248ca8f834b0e31 StaticDependenciesID=b6b899f1423c87b70def2aeab43ddc77 
Number of updated asset objects reloaded before import = 0
Number of asset objects unloaded after import = 1
========================================================================
Received Import Request.
  Time of request: 2026-08-04T17:31:20.2253566Z
  Time since last request: 0.0002532 seconds.
  importAddress: GUID: 2c603b35007f443a82fe8e3a68d8668c - Path: Packages/com.unity.2d.tilemap/Editor/UI/TilePaletteBrushPickButton.cs - Importer: ScriptedImporter/UnityEditor.QuickSearchModule:UnityEditor.Search:ASIAI0B
Importing 'GUID: 2c603b35007f443a82fe8e3a68d8668c - Path: Packages/com.unity.2d.tilemap/Editor/UI/TilePaletteBrushPickButton.cs - Importer: ScriptedImporter/UnityEditor.QuickSearchModule:UnityEditor.Search:ASIAI0B' with importer (ScriptedImporter : UnityEditor.QuickSearchModule:UnityEditor.Search:ASIAI0B)
Imported 'GUID: 2c603b35007f443a82fe8e3a68d8668c' -> (Import Result ID: '1ef7ffef7f81d911a5318e035a04904d') in 0.002 seconds [static and dynamic dependencies]. Details - ImportResultOutputID=45574555af95c306375a854cf4f9630f DependenciesID=fe85c397b75552c84c4d9c3f7b6f5869 StaticDependenciesID=d96364eeefcdcac3882e4e8877261ccf 
Number of updated asset objects reloaded before import = 0
Number of asset objects unloaded after import = 0
========================================================================
Received Import Request.
  Time of request: 2026-08-04T17:31:20.2519296Z
  Time since last request: 0.0167601 seconds.
  importAddress: GUID: ea11495227d864849bdb4fa69e931cbc - Path: Packages/com.unity.ugui/Editor/Analytics/UGUIBuildAnalytics.cs - Importer: ScriptedImporter/UnityEditor.QuickSearchModule:UnityEditor.Search:ASIAI0B
Importing 'GUID: ea11495227d864849bdb4fa69e931cbc - Path: Packages/com.unity.ugui/Editor/Analytics/UGUIBuildAnalytics.cs - Importer: ScriptedImporter/UnityEditor.QuickSearchModule:UnityEditor.Search:ASIAI0B' with importer (ScriptedImporter : UnityEditor.QuickSearchModule:UnityEditor.Search:ASIAI0B)
Imported 'GUID: ea11495227d864849bdb4fa69e931cbc' -> (Import Result ID: '4091642077e32de1cc40e95a489c3c2b') in 0.002 seconds [static and dynamic dependencies]. Details - ImportResultOutputID=43d817ed88c0378a1d67be6a9fa3957e DependenciesID=014bbd21b1e11f73aae1eea0c2533b0a StaticDependenciesID=ae50e8b1df61b2bf3daeed1729706cdf 
Number of updated asset objects reloaded before import = 0
Number of asset objects unloaded after import = 0
========================================================================
Received Import Request.
  Time of request: 2026-08-04T17:31:20.2610665Z
  Time since last request: 0.0003238 seconds.
  importAddress: GUID: 369c09afe05d2c346af49faef943c773 - Path: Packages/com.unity.ide.visualstudio/Editor/Messaging/Serializer.cs - Importer: ScriptedImporter/UnityEditor.QuickSearchModule:UnityEditor.Search:ASIAI0B
Importing 'GUID: 369c09afe05d2c346af49faef943c773 - Path: Packages/com.unity.ide.visualstudio/Editor/Messaging/Serializer.cs - Importer: ScriptedImporter/UnityEditor.QuickSearchModule:UnityEditor.Search:ASIAI0B' with importer (ScriptedImporter : UnityEditor.QuickSearchModule:UnityEditor.Search:ASIAI0B)
Imported 'GUID: 369c09afe05d2c346af49faef943c773' -> (Import Result ID: '62cec254f20c35f11f4d66fd9915352b') in 0.003 seconds [static and dynamic dependencies]. Details - ImportResultOutputID=cc18314148f9db7ee4d05e1849ef1ec6 DependenciesID=c38c5fd346185ced33bdaf14be7ba612 StaticDependenciesID=6eeefd048b746ce1d90f2c3af64540e3 
Number of updated asset objects reloaded before import = 0
Number of asset objects unloaded after import = 0
========================================================================
Received Import Request.
  Time of request: 2026-08-04T17:31:20.2724174Z
  Time since last request: 0.0002971 seconds.
  importAddress: GUID: ec80b1fb8938b3b4ab442d10390c5315 - Path: Packages/com.unity.ide.visualstudio/Editor/ProjectGeneration/FileIOProvider.cs - Importer: ScriptedImporter/UnityEditor.QuickSearchModule:UnityEditor.Search:ASIAI0B
Importing 'GUID: ec80b1fb8938b3b4ab442d10390c5315 - Path: Packages/com.unity.ide.visualstudio/Editor/ProjectGeneration/FileIOProvider.cs - Importer: ScriptedImporter/UnityEditor.QuickSearchModule:UnityEditor.Search:ASIAI0B' with importer (ScriptedImporter : UnityEditor.QuickSearchModule:UnityEditor.Search:ASIAI0B)
Imported 'GUID: ec80b1fb8938b3b4ab442d10390c5315' -> (Import Result ID: 'ee4e6045a69d4f4ccdc0e24d0a4907a2') in 0.002 seconds [static and dynamic dependencies]. Details - ImportResultOutputID=57d6d3aec2017517a2da0ac9beb4add1 DependenciesID=cec9c17ad247e30ac1e0fc8a1018a633 StaticDependenciesID=e1b2fd0c9b1268bbffad8e8197264da8 
Number of updated asset objects reloaded before import = 0
Number of asset objects unloaded after import = 0
========================================================================
Received Import Request.
  Time of request: 2026-08-04T17:31:20.2818421Z
  Time since last request: 0.0002323 seconds.
  importAddress: GUID: 319b8889f363f5947acf209c17a94149 - Path: Packages/com.unity.ugui/package.json - Importer: ScriptedImporter/UnityEditor.QuickSearchModule:UnityEditor.Search:ASIAI0B
Importing 'GUID: 319b8889f363f5947acf209c17a94149 - Path: Packages/com.unity.ugui/package.json - Importer: ScriptedImporter/UnityEditor.QuickSearchModule:UnityEditor.Search:ASIAI0B' with importer (ScriptedImporter : UnityEditor.QuickSearchModule:UnityEditor.Search:ASIAI0B)
Imported 'GUID: 319b8889f363f5947acf209c17a94149' -> (Import Result ID: 'a0d5564654565a04d588dc658039c17c') in 0.003 seconds [static and dynamic dependencies]. Details - ImportResultOutputID=c7adfc25853176e335908ac4bbd54859 DependenciesID=26d1082b823e0d8bdac79868bf0ecf02 StaticDependenciesID=0b09cf766a803683f5a254dd1b97f1a1 
Number of updated asset objects reloaded before import = 0
Number of asset objects unloaded after import = 1
========================================================================
Received Import Request.
  Time of request: 2026-08-04T17:31:20.2922714Z
  Time since last request: 0.0002559 seconds.
  importAddress: GUID: 383966e89d344865a36addd5d378ffd3 - Path: Packages/com.unity.ugui/Editor/TMP/TMPro_FontAssetCreatorWindow.cs - Importer: ScriptedImporter/UnityEditor.QuickSearchModule:UnityEditor.Search:ASIAI0B
Importing 'GUID: 383966e89d344865a36addd5d378ffd3 - Path: Packages/com.unity.ugui/Editor/TMP/TMPro_FontAssetCreatorWindow.cs - Importer: ScriptedImporter/UnityEditor.QuickSearchModule:UnityEditor.Search:ASIAI0B' with importer (ScriptedImporter : UnityEditor.QuickSearchModule:UnityEditor.Search:ASIAI0B)
Imported 'GUID: 383966e89d344865a36addd5d378ffd3' -> (Import Result ID: '02f06fe30491f551f243ff69fb0012a8') in 0.003 seconds [static and dynamic dependencies]. Details - ImportResultOutputID=321a0b26cb1857a757087cb04de2534f DependenciesID=ad1316436556e40ed666ae9e1a30202f StaticDependenciesID=be7a3e782f0148452f2b1cdf56919693 
Number of updated asset objects reloaded before import = 0
Number of asset objects unloaded after import = 0
========================================================================
Received Import Request.
  Time of request: 2026-08-04T17:31:20.3031068Z
  Time since last request: 0.0002552 seconds.
  importAddress: GUID: 275143c81d816ef4286fdc67aabc20c8 - Path: Packages/com.unity.ide.visualstudio/Editor/Messaging/MessageEventArgs.cs - Importer: ScriptedImporter/UnityEditor.QuickSearchModule:UnityEditor.Search:ASIAI0B
Importing 'GUID: 275143c81d816ef4286fdc67aabc20c8 - Path: Packages/com.unity.ide.visualstudio/Editor/Messaging/MessageEventArgs.cs - Importer: ScriptedImporter/UnityEditor.QuickSearchModule:UnityEditor.Search:ASIAI0B' with importer (ScriptedImporter : UnityEditor.QuickSearchModule:UnityEditor.Search:ASIAI0B)
Imported 'GUID: 275143c81d816ef4286fdc67aabc20c8' -> (Import Result ID: '6b66f3f7de9a96ea79d5bd3c1166c9f5') in 0.002 seconds [static and dynamic dependencies]. Details - ImportResultOutputID=915d204dd477484d7c397fc1d62504fb DependenciesID=a269e3288341258d52d1b1a5213f2923 StaticDependenciesID=72ed1d9e26a44ef5e2558f2d56a77d0b 
Number of updated asset objects reloaded before import = 0
Number of asset objects unloaded after import = 0
========================================================================
Received Import Request.
  Time of request: 2026-08-04T17:31:20.3126997Z
  Time since last request: 0.0004117 seconds.
  importAddress: GUID: b73b3de0d473d4a1c887ab31f69b1a8d - Path: Packages/com.unity.ide.visualstudio/Editor/Testing/TestAdaptor.cs - Importer: ScriptedImporter/UnityEditor.QuickSearchModule:UnityEditor.Search:ASIAI0B
Importing 'GUID: b73b3de0d473d4a1c887ab31f69b1a8d - Path: Packages/com.unity.ide.visualstudio/Editor/Testing/TestAdaptor.cs - Importer: ScriptedImporter/UnityEditor.QuickSearchModule:UnityEditor.Search:ASIAI0B' with importer (ScriptedImporter : UnityEditor.QuickSearchModule:UnityEditor.Search:ASIAI0B)
Imported 'GUID: b73b3de0d473d4a1c887ab31f69b1a8d' -> (Import Result ID: '1927277bc1365bb3125b55f3dbaa0fc2') in 0.002 seconds [static and dynamic dependencies]. Details - ImportResultOutputID=6ab31a7630290f15a765cdd5c9f0de2d DependenciesID=3afdfffe928da56f7e47e7daedf9b0f7 StaticDependenciesID=3cf867005b2aadaaf006297ff35a10af 
Number of updated asset objects reloaded before import = 0
Number of asset objects unloaded after import = 0
========================================================================
Received Import Request.
  Time of request: 2026-08-04T17:31:20.3223524Z
  Time since last request: 0.0003633 seconds.
  importAddress: GUID: 3070b6395b0f5f04faaab13164c6256d - Path: Packages/com.unity.ide.visualstudio/Editor/ProjectGeneration/LegacyStyleProjectGeneration.cs - Importer: ScriptedImporter/UnityEditor.QuickSearchModule:UnityEditor.Search:ASIAI0B
Importing 'GUID: 3070b6395b0f5f04faaab13164c6256d - Path: Packages/com.unity.ide.visualstudio/Editor/ProjectGeneration/LegacyStyleProjectGeneration.cs - Importer: ScriptedImporter/UnityEditor.QuickSearchModule:UnityEditor.Search:ASIAI0B' with importer (ScriptedImporter : UnityEditor.QuickSearchModule:UnityEditor.Search:ASIAI0B)
Imported 'GUID: 3070b6395b0f5f04faaab13164c6256d' -> (Import Result ID: 'dce448a7f652d3bda63b8273070a218b') in 0.002 seconds [static and dynamic dependencies]. Details - ImportResultOutputID=75e43e9a77b5d98992c0f8a8053a0f3f DependenciesID=9987ab761e444048aac606cf2b11f9ec StaticDependenciesID=3ea7bcf9f18c575e16b22cd7e623d11b 
Number of updated asset objects reloaded before import = 0
Number of asset objects unloaded after import = 0
========================================================================
Received Import Request.
  Time of request: 2026-08-04T17:31:20.3321897Z
  Time since last request: 0.000316 seconds.
  importAddress: GUID: 555fcccd6b79a864f83e7a319daa1c3e - Path: Packages/com.unity.ide.visualstudio/Editor/ProjectGeneration/ProjectGenerationFlag.cs - Importer: ScriptedImporter/UnityEditor.QuickSearchModule:UnityEditor.Search:ASIAI0B
Importing 'GUID: 555fcccd6b79a864f83e7a319daa1c3e - Path: Packages/com.unity.ide.visualstudio/Editor/ProjectGeneration/ProjectGenerationFlag.cs - Importer: ScriptedImporter/UnityEditor.QuickSearchModule:UnityEditor.Search:ASIAI0B' with importer (ScriptedImporter : UnityEditor.QuickSearchModule:UnityEditor.Search:ASIAI0B)
Imported 'GUID: 555fcccd6b79a864f83e7a319daa1c3e' -> (Import Result ID: '711e37ad9bb120bf9248309809338003') in 0.002 seconds [static and dynamic dependencies]. Details - ImportResultOutputID=15622873ffb05a901e0c454bf550f395 DependenciesID=745b7461fea31a1cfdc695789d7c9cf4 StaticDependenciesID=aae55ba92d257d2108bd5681ad7ba633 
Number of updated asset objects reloaded before import = 0
Number of asset objects unloaded after import = 0
========================================================================
Received Import Request.
  Time of request: 2026-08-04T17:31:20.3437328Z
  Time since last request: 0.0002944 seconds.
  importAddress: GUID: de1c9ea7b82c9904d9e5fba2ee70a998 - Path: Packages/com.unity.ide.visualstudio/Editor/Messaging/Message.cs - Importer: ScriptedImporter/UnityEditor.QuickSearchModule:UnityEditor.Search:ASIAI0B
Importing 'GUID: de1c9ea7b82c9904d9e5fba2ee70a998 - Path: Packages/com.unity.ide.visualstudio/Editor/Messaging/Message.cs - Importer: ScriptedImporter/UnityEditor.QuickSearchModule:UnityEditor.Search:ASIAI0B' with importer (ScriptedImporter : UnityEditor.QuickSearchModule:UnityEditor.Search:ASIAI0B)
Imported 'GUID: de1c9ea7b82c9904d9e5fba2ee70a998' -> (Import Result ID: '45c1db6431029bcec32dc4b6c040fd33') in 0.002 seconds [static and dynamic dependencies]. Details - ImportResultOutputID=3f7e600ff7d15d657a5b6cdfe60e3031 DependenciesID=3a0d91fcda2497a9817994ec2526cc22 StaticDependenciesID=769a48d761cb4f55751f7a9dd26fafe7 
Number of updated asset objects reloaded before import = 0
Number of asset objects unloaded after import = 0
========================================================================
Received Import Request.
  Time of request: 2026-08-04T17:31:20.3533247Z
  Time since last request: 0.0002303 seconds.
  importAddress: GUID: 05f5bfd584002f948982a1498890f9a9 - Path: Packages/com.unity.ugui/PackageConversionData.json - Importer: ScriptedImporter/UnityEditor.QuickSearchModule:UnityEditor.Search:ASIAI0B
Importing 'GUID: 05f5bfd584002f948982a1498890f9a9 - Path: Packages/com.unity.ugui/PackageConversionData.json - Importer: ScriptedImporter/UnityEditor.QuickSearchModule:UnityEditor.Search:ASIAI0B' with importer (ScriptedImporter : UnityEditor.QuickSearchModule:UnityEditor.Search:ASIAI0B)
Imported 'GUID: 05f5bfd584002f948982a1498890f9a9' -> (Import Result ID: '2edbb4ba4d08526dad0d7d56965abca3') in 0.002 seconds [static and dynamic dependencies]. Details - ImportResultOutputID=6da1f305da4f93d797667a61a21970ce DependenciesID=ba11e2e3aa6382e2f1b2995d1c096fe2 StaticDependenciesID=6f38b827c3edd62c18e0cfe9a16667cb 
Number of updated asset objects reloaded before import = 0
Number of asset objects unloaded after import = 1
========================================================================
Received Import Request.
  Time of request: 2026-08-04T17:31:20.3633572Z
  Time since last request: 0.0002426 seconds.
  importAddress: GUID: 3eda7a83649158546826efb3ffe6c1e3 - Path: Packages/com.unity.ide.visualstudio/Editor/Messaging/Deserializer.cs - Importer: ScriptedImporter/UnityEditor.QuickSearchModule:UnityEditor.Search:ASIAI0B
Importing 'GUID: 3eda7a83649158546826efb3ffe6c1e3 - Path: Packages/com.unity.ide.visualstudio/Editor/Messaging/Deserializer.cs - Importer: ScriptedImporter/UnityEditor.QuickSearchModule:UnityEditor.Search:ASIAI0B' with importer (ScriptedImporter : UnityEditor.QuickSearchModule:UnityEditor.Search:ASIAI0B)
Imported 'GUID: 3eda7a83649158546826efb3ffe6c1e3' -> (Import Result ID: 'e023ddac0a54e806fe216bba21fce125') in 0.002 seconds [static and dynamic dependencies]. Details - ImportResultOutputID=6e67fd1ecacb8daa26a63e2698652192 DependenciesID=b017b2f916b598f2080a507d570eb865 StaticDependenciesID=14ef1c8374e2eeb4c4c4d45e47bf8b63 
Number of updated asset objects reloaded before import = 0
Number of asset objects unloaded after import = 0
========================================================================
Received Import Request.
  Time of request: 2026-08-04T17:31:20.3935715Z
  Time since last request: 0.0193275 seconds.
  importAddress: GUID: 35ff0937876540d3bd4b6a941df62a92 - Path: Packages/com.unity.ugui/Editor Resources/Textures/btn_AlignCenterGeo_Light.psd - Importer: ScriptedImporter/UnityEditor.QuickSearchModule:UnityEditor.Search:ASIAI0B
Importing 'GUID: 35ff0937876540d3bd4b6a941df62a92 - Path: Packages/com.unity.ugui/Editor Resources/Textures/btn_AlignCenterGeo_Light.psd - Importer: ScriptedImporter/UnityEditor.QuickSearchModule:UnityEditor.Search:ASIAI0B' with importer (ScriptedImporter : UnityEditor.QuickSearchModule:UnityEditor.Search:ASIAI0B)
Imported 'GUID: 35ff0937876540d3bd4b6a941df62a92' -> (Import Result ID: 'ccdb60c99e2be3ead5d98ea8fbc0abf3') in 0.005 seconds [static and dynamic dependencies]. Details - ImportResultOutputID=be3b449659647aceb33c5ea7d431f1a2 DependenciesID=60fda155362964bf3fdbc59aa2f711b2 StaticDependenciesID=49cffeeab088a82b4868f141f13153ab 
Number of updated asset objects reloaded before import = 0
Number of asset objects unloaded after import = 1
========================================================================
Received Import Request.
  Time of request: 2026-08-04T17:31:20.4062891Z
  Time since last request: 0.0002637 seconds.
  importAddress: GUID: 225b67dcce9247b4c806e435b34695d2 - Path: Packages/com.unity.ugui/Editor/TMP/TMP_MarkupTagUpdateUtility.cs - Importer: ScriptedImporter/UnityEditor.QuickSearchModule:UnityEditor.Search:ASIAI0B
Importing 'GUID: 225b67dcce9247b4c806e435b34695d2 - Path: Packages/com.unity.ugui/Editor/TMP/TMP_MarkupTagUpdateUtility.cs - Importer: ScriptedImporter/UnityEditor.QuickSearchModule:UnityEditor.Search:ASIAI0B' with importer (ScriptedImporter : UnityEditor.QuickSearchModule:UnityEditor.Search:ASIAI0B)
Imported 'GUID: 225b67dcce9247b4c806e435b34695d2' -> (Import Result ID: '5da6bab69e856347124b8cacb417389d') in 0.003 seconds [static and dynamic dependencies]. Details - ImportResultOutputID=f3dc8c6b7334979850c84d997a2810be DependenciesID=b6bc932283fb8b2e3a20b3b237042b0e StaticDependenciesID=c83be17ece9b18bbc0075b201b62f0f5 
Number of updated asset objects reloaded before import = 0
Number of asset objects unloaded after import = 0
========================================================================
Received Import Request.
  Time of request: 2026-08-04T17:31:20.4195268Z
  Time since last request: 0.0002095 seconds.
  importAddress: GUID: ed041e68439749a69d0efa0e3d896c2e - Path: Packages/com.unity.ugui/Editor Resources/Textures/btn_AlignTop_Light.psd - Importer: ScriptedImporter/UnityEditor.QuickSearchModule:UnityEditor.Search:ASIAI0B
Importing 'GUID: ed041e68439749a69d0efa0e3d896c2e - Path: Packages/com.unity.ugui/Editor Resources/Textures/btn_AlignTop_Light.psd - Importer: ScriptedImporter/UnityEditor.QuickSearchModule:UnityEditor.Search:ASIAI0B' with importer (ScriptedImporter : UnityEditor.QuickSearchModule:UnityEditor.Search:ASIAI0B)
Imported 'GUID: ed041e68439749a69d0efa0e3d896c2e' -> (Import Result ID: '6d6d6d2296a3707ccdd36d85a478ce53') in 0.006 seconds [static and dynamic dependencies]. Details - ImportResultOutputID=235c95b22964d739f09ea322d2dc0902 DependenciesID=e13029a89f6e8e97d7229656a8520357 StaticDependenciesID=56125e8ebb2178f13e86ffe16ffabf07 
Number of updated asset objects reloaded before import = 0
Number of asset objects unloaded after import = 1
========================================================================
Received Import Request.
  Time of request: 2026-08-04T17:31:20.4341748Z
  Time since last request: 0.0002928 seconds.
  importAddress: GUID: 9c4a050f089abb04ebd4125e419f4548 - Path: Packages/com.unity.ugui/Editor/TMP/TMP_SerializedPropertyHolder.cs - Importer: ScriptedImporter/UnityEditor.QuickSearchModule:UnityEditor.Search:ASIAI0B
Importing 'GUID: 9c4a050f089abb04ebd4125e419f4548 - Path: Packages/com.unity.ugui/Editor/TMP/TMP_SerializedPropertyHolder.cs - Importer: ScriptedImporter/UnityEditor.QuickSearchModule:UnityEditor.Search:ASIAI0B' with importer (ScriptedImporter : UnityEditor.QuickSearchModule:UnityEditor.Search:ASIAI0B)
Imported 'GUID: 9c4a050f089abb04ebd4125e419f4548' -> (Import Result ID: '3c0a65e91d3a6b157f84dffc5230cb19') in 0.003 seconds [static and dynamic dependencies]. Details - ImportResultOutputID=e975f3f064f6a4b3b807122644ff6146 DependenciesID=ff8f45abae8ba3cd382018a9183d04bc StaticDependenciesID=11e1c8ba8fb422ed27bfdd9609909c10 
Number of updated asset objects reloaded before import = 0
Number of asset objects unloaded after import = 0
========================================================================
Received Import Request.
  Time of request: 2026-08-04T17:31:20.4464597Z
  Time since last request: 0.000183 seconds.
  importAddress: GUID: 0e751e877ed14d71a6b8e63ac54949cf - Path: Packages/com.unity.ugui/Editor/TMP/TMP_ProjectTextSettings.cs - Importer: ScriptedImporter/UnityEditor.QuickSearchModule:UnityEditor.Search:ASIAI0B
Importing 'GUID: 0e751e877ed14d71a6b8e63ac54949cf - Path: Packages/com.unity.ugui/Editor/TMP/TMP_ProjectTextSettings.cs - Importer: ScriptedImporter/UnityEditor.QuickSearchModule:UnityEditor.Search:ASIAI0B' with importer (ScriptedImporter : UnityEditor.QuickSearchModule:UnityEditor.Search:ASIAI0B)
Imported 'GUID: 0e751e877ed14d71a6b8e63ac54949cf' -> (Import Result ID: 'f3949c42e2b7b918bf642e91c9ebd479') in 0.002 seconds [static and dynamic dependencies]. Details - ImportResultOutputID=2d56bdbbbea61f07491372f1b04a1c17 DependenciesID=a5ad5f1e1609eb9e4c60c84095000ddd StaticDependenciesID=0be10f2751c50fae08b1e8bd8dc2ebe4 
Number of updated asset objects reloaded before import = 0
Number of asset objects unloaded after import = 0
========================================================================
Received Import Request.
  Time of request: 2026-08-04T17:31:20.456592Z
  Time since last request: 0.0003157 seconds.
  importAddress: GUID: aa160f27c3fe4052a5850e21108811b6 - Path: Packages/com.unity.ugui/Editor/TMP/TMP_InputFieldEditor.cs - Importer: ScriptedImporter/UnityEditor.QuickSearchModule:UnityEditor.Search:ASIAI0B
Importing 'GUID: aa160f27c3fe4052a5850e21108811b6 - Path: Packages/com.unity.ugui/Editor/TMP/TMP_InputFieldEditor.cs - Importer: ScriptedImporter/UnityEditor.QuickSearchModule:UnityEditor.Search:ASIAI0B' with importer (ScriptedImporter : UnityEditor.QuickSearchModule:UnityEditor.Search:ASIAI0B)
Imported 'GUID: aa160f27c3fe4052a5850e21108811b6' -> (Import Result ID: '6703fab59c7dbbdfb2e63a27ad076994') in 0.002 seconds [static and dynamic dependencies]. Details - ImportResultOutputID=3f11b713ab50b731d048d102372e1750 DependenciesID=b466286c7ee864431033b20a234bb19b StaticDependenciesID=6974ba775cb3879fed0945c302602c4e 
Number of updated asset objects reloaded before import = 0
Number of asset objects unloaded after import = 0
========================================================================
Received Import Request.
  Time of request: 2026-08-04T17:31:20.4668335Z
  Time since last request: 0.0002705 seconds.
  importAddress: GUID: 27a0335dab59ec542aadd6636a5b4ebd - Path: Packages/com.unity.ugui/Editor/TMP/TMP_EditorCoroutine.cs - Importer: ScriptedImporter/UnityEditor.QuickSearchModule:UnityEditor.Search:ASIAI0B
Importing 'GUID: 27a0335dab59ec542aadd6636a5b4ebd - Path: Packages/com.unity.ugui/Editor/TMP/TMP_EditorCoroutine.cs - Importer: ScriptedImporter/UnityEditor.QuickSearchModule:UnityEditor.Search:ASIAI0B' with importer (ScriptedImporter : UnityEditor.QuickSearchModule:UnityEditor.Search:ASIAI0B)
Imported 'GUID: 27a0335dab59ec542aadd6636a5b4ebd' -> (Import Result ID: 'bea8b91bc1d16f9b3284228b2e9e6373') in 0.003 seconds [static and dynamic dependencies]. Details - ImportResultOutputID=6e55e683590d847981b71e0b937ef464 DependenciesID=04bfbd535b3b5e86134be94dc29fccf4 StaticDependenciesID=f74c8058f2f1c021eee2420ee3a8d2d3 
Number of updated asset objects reloaded before import = 0
Number of asset objects unloaded after import = 0
========================================================================
Received Import Request.
  Time of request: 2026-08-04T17:31:20.4799872Z
  Time since last request: 0.0003392 seconds.
  importAddress: GUID: 585b70cb75dd43efbfead809c30a1731 - Path: Packages/com.unity.ugui/Editor Resources/Textures/btn_AlignBottom_Light.psd - Importer: ScriptedImporter/UnityEditor.QuickSearchModule:UnityEditor.Search:ASIAI0B
Importing 'GUID: 585b70cb75dd43efbfead809c30a1731 - Path: Packages/com.unity.ugui/Editor Resources/Textures/btn_AlignBottom_Light.psd - Importer: ScriptedImporter/UnityEditor.QuickSearchModule:UnityEditor.Search:ASIAI0B' with importer (ScriptedImporter : UnityEditor.QuickSearchModule:UnityEditor.Search:ASIAI0B)
Imported 'GUID: 585b70cb75dd43efbfead809c30a1731' -> (Import Result ID: '21cd6a64b2d2293175e332cdf898f1ac') in 0.007 seconds [static and dynamic dependencies]. Details - ImportResultOutputID=8ce16a7f063fee92b2e4010d79010d95 DependenciesID=1486ebe6b0794f2a86933a321560b6e9 StaticDependenciesID=554f12958a2e836096d80c45f9778873 
Number of updated asset objects reloaded before import = 0
Number of asset objects unloaded after import = 1
========================================================================
Received Import Request.
  Time of request: 2026-08-04T17:31:20.4981492Z
  Time since last request: 0.0004049 seconds.
  importAddress: GUID: ee148e281f3c41c5b4ff5f8a5afe5a6c - Path: Packages/com.unity.ugui/Editor Resources/Gizmos/TMP - Font Asset Icon.psd - Importer: ScriptedImporter/UnityEditor.QuickSearchModule:UnityEditor.Search:ASIAI0B
Importing 'GUID: ee148e281f3c41c5b4ff5f8a5afe5a6c - Path: Packages/com.unity.ugui/Editor Resources/Gizmos/TMP - Font Asset Icon.psd - Importer: ScriptedImporter/UnityEditor.QuickSearchModule:UnityEditor.Search:ASIAI0B' with importer (ScriptedImporter : UnityEditor.QuickSearchModule:UnityEditor.Search:ASIAI0B)
Imported 'GUID: ee148e281f3c41c5b4ff5f8a5afe5a6c' -> (Import Result ID: '701a8aea2408e95467efabf99a62f16c') in 0.005 seconds [static and dynamic dependencies]. Details - ImportResultOutputID=1e45e3207c0fa2f440786ce07637087f DependenciesID=c507f76bd45c051a0bb037a92c173e02 StaticDependenciesID=f8e76dd589df07df17f4fc5e84f55f17 
Number of updated asset objects reloaded before import = 0
Number of asset objects unloaded after import = 1
========================================================================
Received Import Request.
  Time of request: 2026-08-04T17:31:20.5127911Z
  Time since last request: 0.0002381 seconds.
  importAddress: GUID: 438efd46088d408d8a53f707fa68d976 - Path: Packages/com.unity.ugui/Editor/TMP/TMP_BaseShaderGUI.cs - Importer: ScriptedImporter/UnityEditor.QuickSearchModule:UnityEditor.Search:ASIAI0B
Importing 'GUID: 438efd46088d408d8a53f707fa68d976 - Path: Packages/com.unity.ugui/Editor/TMP/TMP_BaseShaderGUI.cs - Importer: ScriptedImporter/UnityEditor.QuickSearchModule:UnityEditor.Search:ASIAI0B' with importer (ScriptedImporter : UnityEditor.QuickSearchModule:UnityEditor.Search:ASIAI0B)
Imported 'GUID: 438efd46088d408d8a53f707fa68d976' -> (Import Result ID: '12bbc99214f29bcf936f03f734a8b0ed') in 0.002 seconds [static and dynamic dependencies]. Details - ImportResultOutputID=3755f9a2d262c97875138dfbcf8dac6c DependenciesID=97ea9de47f9d8be98168fe227303bac6 StaticDependenciesID=a5ac3ffa2b84c26066490448af341e6d 
Number of updated asset objects reloaded before import = 0
Number of asset objects unloaded after import = 0
========================================================================
Received Import Request.
  Time of request: 2026-08-04T17:31:20.5222757Z
  Time since last request: 0.0001947 seconds.
  importAddress: GUID: fcc60c1d6bb544d9b712b652f418ff3a - Path: Packages/com.unity.ugui/Editor/TMP/TMP_ColorGradientEditor.cs - Importer: ScriptedImporter/UnityEditor.QuickSearchModule:UnityEditor.Search:ASIAI0B
Importing 'GUID: fcc60c1d6bb544d9b712b652f418ff3a - Path: Packages/com.unity.ugui/Editor/TMP/TMP_ColorGradientEditor.cs - Importer: ScriptedImporter/UnityEditor.QuickSearchModule:UnityEditor.Search:ASIAI0B' with importer (ScriptedImporter : UnityEditor.QuickSearchModule:UnityEditor.Search:ASIAI0B)
Imported 'GUID: fcc60c1d6bb544d9b712b652f418ff3a' -> (Import Result ID: '18b220c416eb64900541af00f27c2f42') in 0.002 seconds [static and dynamic dependencies]. Details - ImportResultOutputID=52ff063bd6d63ebd662f297b154d0891 DependenciesID=773d54a082d71df3d2b864563d47f7c9 StaticDependenciesID=d885b09eb6c544f4c78547dc9492a796 
Number of updated asset objects reloaded before import = 0
Number of asset objects unloaded after import = 0
========================================================================
Received Import Request.
  Time of request: 2026-08-04T17:31:20.5311917Z
  Time since last request: 0.0002372 seconds.
  importAddress: GUID: 066619c9c9c84f89acb1b48c11a7efe2 - Path: Packages/com.unity.ugui/Editor Resources/Textures/btn_AlignMiddle_Light.psd - Importer: ScriptedImporter/UnityEditor.QuickSearchModule:UnityEditor.Search:ASIAI0B
Importing 'GUID: 066619c9c9c84f89acb1b48c11a7efe2 - Path: Packages/com.unity.ugui/Editor Resources/Textures/btn_AlignMiddle_Light.psd - Importer: ScriptedImporter/UnityEditor.QuickSearchModule:UnityEditor.Search:ASIAI0B' with importer (ScriptedImporter : UnityEditor.QuickSearchModule:UnityEditor.Search:ASIAI0B)
Imported 'GUID: 066619c9c9c84f89acb1b48c11a7efe2' -> (Import Result ID: '64e48c2c45f18cda8d07bd2aceafcca9') in 0.005 seconds [static and dynamic dependencies]. Details - ImportResultOutputID=472d487aa2410ca5b612f09ee44d3fa4 DependenciesID=19f832fb7c9a02b711d62c760d5f1bf1 StaticDependenciesID=e86026d88fbd6285c6ac69c2973dc04d 
Number of updated asset objects reloaded before import = 0
Number of asset objects unloaded after import = 1
========================================================================
Received Import Request.
  Time of request: 2026-08-04T17:31:20.5452226Z
  Time since last request: 0.0002725 seconds.
  importAddress: GUID: 8413ca0e506d42a1a4bd9769f204ad16 - Path: Packages/com.unity.ugui/Editor/TMP/TMP_SDFShaderGUI.cs - Importer: ScriptedImporter/UnityEditor.QuickSearchModule:UnityEditor.Search:ASIAI0B
Importing 'GUID: 8413ca0e506d42a1a4bd9769f204ad16 - Path: Packages/com.unity.ugui/Editor/TMP/TMP_SDFShaderGUI.cs - Importer: ScriptedImporter/UnityEditor.QuickSearchModule:UnityEditor.Search:ASIAI0B' with importer (ScriptedImporter : UnityEditor.QuickSearchModule:UnityEditor.Search:ASIAI0B)
Imported 'GUID: 8413ca0e506d42a1a4bd9769f204ad16' -> (Import Result ID: '8b0b0f107be5b576ebb9c724855111d2') in 0.002 seconds [static and dynamic dependencies]. Details - ImportResultOutputID=1c9266907f4298dfe9a3430bde7c1dd8 DependenciesID=7dc78a04c706d21addfa43b012a71dd2 StaticDependenciesID=0f740b29d8d318c085c266d9b587ec7d 
Number of updated asset objects reloaded before import = 0
Number of asset objects unloaded after import = 0
========================================================================
Received Import Request.
  Time of request: 2026-08-04T17:31:20.5595171Z
  Time since last request: 0.0049688 seconds.
  importAddress: GUID: ab2114bdc8544297b417dfefe9f1e410 - Path: Packages/com.unity.ugui/Runtime/TMP/TMP_StyleSheet.cs - Importer: ScriptedImporter/UnityEditor.QuickSearchModule:UnityEditor.Search:ASIAI0B
Importing 'GUID: ab2114bdc8544297b417dfefe9f1e410 - Path: Packages/com.unity.ugui/Runtime/TMP/TMP_StyleSheet.cs - Importer: ScriptedImporter/UnityEditor.QuickSearchModule:UnityEditor.Search:ASIAI0B' with importer (ScriptedImporter : UnityEditor.QuickSearchModule:UnityEditor.Search:ASIAI0B)
Imported 'GUID: ab2114bdc8544297b417dfefe9f1e410' -> (Import Result ID: '73552eabccf5e8a9c87942667fb2e7f8') in 0.002 seconds [static and dynamic dependencies]. Details - ImportResultOutputID=203cc929876efc146e051046fb438b3e DependenciesID=50b97f22795ec293ec5faef1f6e4fece StaticDependenciesID=ba6adafe32a1e70f827ca0d0792466e1 
Number of updated asset objects reloaded before import = 0
Number of asset objects unloaded after import = 0
========================================================================
Received Import Request.
  Time of request: 2026-08-04T17:31:20.5684749Z
  Time since last request: 0.0002424 seconds.
  importAddress: GUID: 77476292f9fa4905a787e6417853846b - Path: Packages/com.unity.ugui/Runtime/TMP/TMPro_ExtensionMethods.cs - Importer: ScriptedImporter/UnityEditor.QuickSearchModule:UnityEditor.Search:ASIAI0B
Importing 'GUID: 77476292f9fa4905a787e6417853846b - Path: Packages/com.unity.ugui/Runtime/TMP/TMPro_ExtensionMethods.cs - Importer: ScriptedImporter/UnityEditor.QuickSearchModule:UnityEditor.Search:ASIAI0B' with importer (ScriptedImporter : UnityEditor.QuickSearchModule:UnityEditor.Search:ASIAI0B)
Imported 'GUID: 77476292f9fa4905a787e6417853846b' -> (Import Result ID: '67166c77d5e5aff048db00309ab4e4dd') in 0.002 seconds [static and dynamic dependencies]. Details - ImportResultOutputID=2124af72da1fd3beca2e54d331dbcf42 DependenciesID=d3fcad6a1b4f033b16f680433838f32c StaticDependenciesID=4c8dd2c470eb2f1f6904544762aa78c5 
Number of updated asset objects reloaded before import = 0
Number of asset objects unloaded after import = 0
========================================================================
Received Import Request.
  Time of request: 2026-08-04T17:31:20.5778599Z
  Time since last request: 0.0002755 seconds.
  importAddress: GUID: 07994bfe8b0e4adb97d706de5dea48d5 - Path: Packages/com.unity.ugui/Runtime/TMP/TMP_SubMesh.cs - Importer: ScriptedImporter/UnityEditor.QuickSearchModule:UnityEditor.Search:ASIAI0B
Importing 'GUID: 07994bfe8b0e4adb97d706de5dea48d5 - Path: Packages/com.unity.ugui/Runtime/TMP/TMP_SubMesh.cs - Importer: ScriptedImporter/UnityEditor.QuickSearchModule:UnityEditor.Search:ASIAI0B' with importer (ScriptedImporter : UnityEditor.QuickSearchModule:UnityEditor.Search:ASIAI0B)
Imported 'GUID: 07994bfe8b0e4adb97d706de5dea48d5' -> (Import Result ID: 'dcd0b7c788a93a67414da25a2029b0dc') in 0.002 seconds [static and dynamic dependencies]. Details - ImportResultOutputID=6c6cd4bda60dcf4a3d28976a48a71982 DependenciesID=d91eb83270784eb6f13a2304160c1099 StaticDependenciesID=ec6abfd9cb919309263f0f0546c1e02d 
Number of updated asset objects reloaded before import = 0
Number of asset objects unloaded after import = 0
========================================================================
Received Import Request.
  Time of request: 2026-08-04T17:31:20.5870338Z
  Time since last request: 0.0001808 seconds.
  importAddress: GUID: effb76e1937b45ff8adf45e51a4c08cf - Path: Packages/com.unity.ugui/Runtime/TMP/TMPro_MeshUtilities.cs - Importer: ScriptedImporter/UnityEditor.QuickSearchModule:UnityEditor.Search:ASIAI0B
Importing 'GUID: effb76e1937b45ff8adf45e51a4c08cf - Path: Packages/com.unity.ugui/Runtime/TMP/TMPro_MeshUtilities.cs - Importer: ScriptedImporter/UnityEditor.QuickSearchModule:UnityEditor.Search:ASIAI0B' with importer (ScriptedImporter : UnityEditor.QuickSearchModule:UnityEditor.Search:ASIAI0B)
Imported 'GUID: effb76e1937b45ff8adf45e51a4c08cf' -> (Import Result ID: '716719166213781445ce6ab84603e056') in 0.002 seconds [static and dynamic dependencies]. Details - ImportResultOutputID=1d0ef5f346ff1fc7e68da2221d078ffa DependenciesID=6547cbe1e7592e30769d884a43d33723 StaticDependenciesID=c2508658ad9c8a650f4023cf215a74d7 
Number of updated asset objects reloaded before import = 0
Number of asset objects unloaded after import = 0
========================================================================
Received Import Request.
  Time of request: 2026-08-04T17:31:20.5964084Z
  Time since last request: 0.0003004 seconds.
  importAddress: GUID: 6366ee97f6b541449155028b9487355a - Path: Packages/com.unity.ugui/Runtime/TMP/TMP_SpriteAnimator.cs - Importer: ScriptedImporter/UnityEditor.QuickSearchModule:UnityEditor.Search:ASIAI0B
Importing 'GUID: 6366ee97f6b541449155028b9487355a - Path: Packages/com.unity.ugui/Runtime/TMP/TMP_SpriteAnimator.cs - Importer: ScriptedImporter/UnityEditor.QuickSearchModule:UnityEditor.Search:ASIAI0B' with importer (ScriptedImporter : UnityEditor.QuickSearchModule:UnityEditor.Search:ASIAI0B)
Imported 'GUID: 6366ee97f6b541449155028b9487355a' -> (Import Result ID: 'cbda774ccb06589f3cbdbfa30d584912') in 0.002 seconds [static and dynamic dependencies]. Details - ImportResultOutputID=da8eccd9f048147c20c50d3b7ccee998 DependenciesID=362d9706f09fd77b0a7bba84c4186823 StaticDependenciesID=8c44bbfab424df69d6bbaf0c03586748 
Number of updated asset objects reloaded before import = 0
Number of asset objects unloaded after import = 0
========================================================================
Received Import Request.
  Time of request: 2026-08-04T17:31:20.6060741Z
  Time since last request: 0.0002301 seconds.
  importAddress: GUID: 32d40088a6124c578ad6b428df586e2e - Path: Packages/com.unity.ugui/Runtime/TMP/TextContainer.cs - Importer: ScriptedImporter/UnityEditor.QuickSearchModule:UnityEditor.Search:ASIAI0B
Importing 'GUID: 32d40088a6124c578ad6b428df586e2e - Path: Packages/com.unity.ugui/Runtime/TMP/TextContainer.cs - Importer: ScriptedImporter/UnityEditor.QuickSearchModule:UnityEditor.Search:ASIAI0B' with importer (ScriptedImporter : UnityEditor.QuickSearchModule:UnityEditor.Search:ASIAI0B)
Imported 'GUID: 32d40088a6124c578ad6b428df586e2e' -> (Import Result ID: '867de72fe3dae6947e7332cb61384c75') in 0.002 seconds [static and dynamic dependencies]. Details - ImportResultOutputID=05ef9178c1044a3f513fd4686643cb07 DependenciesID=b48761d9fa48548a993ff3ad702c2390 StaticDependenciesID=24c354903a1caa3ea947805639a440fe 
Number of updated asset objects reloaded before import = 0
Number of asset objects unloaded after import = 0
========================================================================
Received Import Request.
  Time of request: 2026-08-04T17:31:20.6151967Z
  Time since last request: 0.0002635 seconds.
  importAddress: GUID: 871f8edd56e84b8fb295b10cc3c78f36 - Path: Packages/com.unity.ugui/Runtime/TMP/FastAction.cs - Importer: ScriptedImporter/UnityEditor.QuickSearchModule:UnityEditor.Search:ASIAI0B
Importing 'GUID: 871f8edd56e84b8fb295b10cc3c78f36 - Path: Packages/com.unity.ugui/Runtime/TMP/FastAction.cs - Importer: ScriptedImporter/UnityEditor.QuickSearchModule:UnityEditor.Search:ASIAI0B' with importer (ScriptedImporter : UnityEditor.QuickSearchModule:UnityEditor.Search:ASIAI0B)
Imported 'GUID: 871f8edd56e84b8fb295b10cc3c78f36' -> (Import Result ID: 'f4468399d76faa6db5bfef2a6ee8de45') in 0.003 seconds [static and dynamic dependencies]. Details - ImportResultOutputID=5d911e06f63ca3fab4b6bb8ec0d8528a DependenciesID=2dfd02e73ae5368df1b38a1e66f96e4f StaticDependenciesID=040083a2eda160acb5f167fe866c7fbf 
Number of updated asset objects reloaded before import = 0
Number of asset objects unloaded after import = 0
========================================================================
Received Import Request.
  Time of request: 2026-08-04T17:31:20.6264817Z
  Time since last request: 0.0003112 seconds.
  importAddress: GUID: 7b743370ac3e4ec2a1668f5455a8ef8a - Path: Packages/com.unity.ugui/Runtime/TMP/TMP_Dropdown.cs - Importer: ScriptedImporter/UnityEditor.QuickSearchModule:UnityEditor.Search:ASIAI0B
Importing 'GUID: 7b743370ac3e4ec2a1668f5455a8ef8a - Path: Packages/com.unity.ugui/Runtime/TMP/TMP_Dropdown.cs - Importer: ScriptedImporter/UnityEditor.QuickSearchModule:UnityEditor.Search:ASIAI0B' with importer (ScriptedImporter : UnityEditor.QuickSearchModule:UnityEditor.Search:ASIAI0B)
Imported 'GUID: 7b743370ac3e4ec2a1668f5455a8ef8a' -> (Import Result ID: '39659702014a3bdf5a327871862cbd65') in 0.003 seconds [static and dynamic dependencies]. Details - ImportResultOutputID=c1ff7dd8b7b7d0e0c7eaf57ff93fa2b2 DependenciesID=9dbd1b4aa65152e211cb58766597ef19 StaticDependenciesID=af0c4e05a4cd75ccc5b926e31d3c4484 
Number of updated asset objects reloaded before import = 0
Number of asset objects unloaded after import = 1
========================================================================
Received Import Request.
  Time of request: 2026-08-04T17:31:20.6371227Z
  Time since last request: 0.0001524 seconds.
  importAddress: GUID: 30bed781e402439ab8ce4e3357708115 - Path: Packages/com.unity.ugui/Runtime/TMP/TMP_Style.cs - Importer: ScriptedImporter/UnityEditor.QuickSearchModule:UnityEditor.Search:ASIAI0B
Importing 'GUID: 30bed781e402439ab8ce4e3357708115 - Path: Packages/com.unity.ugui/Runtime/TMP/TMP_Style.cs - Importer: ScriptedImporter/UnityEditor.QuickSearchModule:UnityEditor.Search:ASIAI0B' with importer (ScriptedImporter : UnityEditor.QuickSearchModule:UnityEditor.Search:ASIAI0B)
Imported 'GUID: 30bed781e402439ab8ce4e3357708115' -> (Import Result ID: '8e4eb4433bb8b7cffec6d427f8df3dce') in 0.002 seconds [static and dynamic dependencies]. Details - ImportResultOutputID=8ec0fbfeeabb5e6bb8cd168c8079c8d1 DependenciesID=ae5bf66adb038cbc16276f926f8635d3 StaticDependenciesID=1a0e36d295a31978a20341954da72cdb 
Number of updated asset objects reloaded before import = 0
Number of asset objects unloaded after import = 0
========================================================================
Received Import Request.
  Time of request: 2026-08-04T17:31:20.6465502Z
  Time since last request: 0.0001902 seconds.
  importAddress: GUID: 90fe1c65e6bb3bc4e90862df7297719e - Path: Packages/com.unity.ugui/Runtime/TMP/TMP_CharacterInfo.cs - Importer: ScriptedImporter/UnityEditor.QuickSearchModule:UnityEditor.Search:ASIAI0B
Importing 'GUID: 90fe1c65e6bb3bc4e90862df7297719e - Path: Packages/com.unity.ugui/Runtime/TMP/TMP_CharacterInfo.cs - Importer: ScriptedImporter/UnityEditor.QuickSearchModule:UnityEditor.Search:ASIAI0B' with importer (ScriptedImporter : UnityEditor.QuickSearchModule:UnityEditor.Search:ASIAI0B)
Imported 'GUID: 90fe1c65e6bb3bc4e90862df7297719e' -> (Import Result ID: 'fafc02485c037762830678fae3977c03') in 0.002 seconds [static and dynamic dependencies]. Details - ImportResultOutputID=5fc2c47f05a33e4e8e24ebd07dfb2346 DependenciesID=144e409d5d4820e5dc5db1f66f3c87d0 StaticDependenciesID=38da3b65a35e5ac56143419bd0f67bd7 
Number of updated asset objects reloaded before import = 0
Number of asset objects unloaded after import = 0
========================================================================
Received Import Request.
  Time of request: 2026-08-04T17:31:20.6570971Z
  Time since last request: 0.0003306 seconds.
  importAddress: GUID: 6ad632cbcc87f634d9b86006cdffdaf5 - Path: Packages/com.unity.ugui/Runtime/TMP/TMP_TextParsingUtilities.cs - Importer: ScriptedImporter/UnityEditor.QuickSearchModule:UnityEditor.Search:ASIAI0B
Importing 'GUID: 6ad632cbcc87f634d9b86006cdffdaf5 - Path: Packages/com.unity.ugui/Runtime/TMP/TMP_TextParsingUtilities.cs - Importer: ScriptedImporter/UnityEditor.QuickSearchModule:UnityEditor.Search:ASIAI0B' with importer (ScriptedImporter : UnityEditor.QuickSearchModule:UnityEditor.Search:ASIAI0B)
Imported 'GUID: 6ad632cbcc87f634d9b86006cdffdaf5' -> (Import Result ID: '725be343edab466213de189ec845a155') in 0.002 seconds [static and dynamic dependencies]. Details - ImportResultOutputID=eb68d695fc68e437265d3cbff3349b49 DependenciesID=a291aa35ff3245c5b17c5621b032c207 StaticDependenciesID=b09c92a296f54a606c92bdc33de66073 
Number of updated asset objects reloaded before import = 0
Number of asset objects unloaded after import = 0
========================================================================
Received Import Request.
  Time of request: 2026-08-04T17:31:20.6670353Z
  Time since last request: 0.0001937 seconds.
  importAddress: GUID: 4ac5b6a65aaeb59478e3b78660e9f134 - Path: Packages/com.unity.ugui/Runtime/TMP/TMP_Character.cs - Importer: ScriptedImporter/UnityEditor.QuickSearchModule:UnityEditor.Search:ASIAI0B
Importing 'GUID: 4ac5b6a65aaeb59478e3b78660e9f134 - Path: Packages/com.unity.ugui/Runtime/TMP/TMP_Character.cs - Importer: ScriptedImporter/UnityEditor.QuickSearchModule:UnityEditor.Search:ASIAI0B' with importer (ScriptedImporter : UnityEditor.QuickSearchModule:UnityEditor.Search:ASIAI0B)
Imported 'GUID: 4ac5b6a65aaeb59478e3b78660e9f134' -> (Import Result ID: '0820f42acd312e11f5ad67600f210551') in 0.002 seconds [static and dynamic dependencies]. Details - ImportResultOutputID=827b64af14823ea3f1f178ace7f380ec DependenciesID=7be85a6ab4235402605cf6cc8fe0bfac StaticDependenciesID=68920922e15b5306641b56559841a58f 
Number of updated asset objects reloaded before import = 0
Number of asset objects unloaded after import = 0
========================================================================
Received Import Request.
  Time of request: 2026-08-04T17:31:20.6927878Z
  Time since last request: 0.0166475 seconds.
  importAddress: GUID: a62706dc421fc9b4fa368a8050a930f7 - Path: Packages/com.unity.ugui/Editor/UGUI/UI/PrefabLayoutRebuilder.cs - Importer: ScriptedImporter/UnityEditor.QuickSearchModule:UnityEditor.Search:ASIAI0B
Importing 'GUID: a62706dc421fc9b4fa368a8050a930f7 - Path: Packages/com.unity.ugui/Editor/UGUI/UI/PrefabLayoutRebuilder.cs - Importer: ScriptedImporter/UnityEditor.QuickSearchModule:UnityEditor.Search:ASIAI0B' with importer (ScriptedImporter : UnityEditor.QuickSearchModule:UnityEditor.Search:ASIAI0B)
Imported 'GUID: a62706dc421fc9b4fa368a8050a930f7' -> (Import Result ID: '505b403aa2536e50b1ea3b8a9ef3e909') in 0.002 seconds [static and dynamic dependencies]. Details - ImportResultOutputID=be0056261aa7336cb15a0ab69cb7d301 DependenciesID=4f134c2597052ff74deb6c93fa5b2694 StaticDependenciesID=1b3ed93d3193793bbdd7c59c1bcbe8fe 
Number of updated asset objects reloaded before import = 0
Number of asset objects unloaded after import = 0
========================================================================
Received Import Request.
  Time of request: 2026-08-04T17:31:20.7020852Z
  Time since last request: 0.0004413 seconds.
  importAddress: GUID: c55a64c7570474f47a94abe39ebfef04 - Path: Packages/com.unity.ugui/Editor/TMP/PropertyDrawers/TMP_TextAlignmentDrawer.cs - Importer: ScriptedImporter/UnityEditor.QuickSearchModule:UnityEditor.Search:ASIAI0B
Importing 'GUID: c55a64c7570474f47a94abe39ebfef04 - Path: Packages/com.unity.ugui/Editor/TMP/PropertyDrawers/TMP_TextAlignmentDrawer.cs - Importer: ScriptedImporter/UnityEditor.QuickSearchModule:UnityEditor.Search:ASIAI0B' with importer (ScriptedImporter : UnityEditor.QuickSearchModule:UnityEditor.Search:ASIAI0B)
Imported 'GUID: c55a64c7570474f47a94abe39ebfef04' -> (Import Result ID: '5168d464074eb987532ffa36b9d9768a') in 0.002 seconds [static and dynamic dependencies]. Details - ImportResultOutputID=9fa0bfff1525a25b87de32fe50978b7c DependenciesID=4b37e769a0d19008ee0b9439b4f5a4ca StaticDependenciesID=d6b7c855af2157babaca2993e866489e 
Number of updated asset objects reloaded before import = 0
Number of asset objects unloaded after import = 0
========================================================================
Received Import Request.
  Time of request: 2026-08-04T17:31:20.7123375Z
  Time since last request: 0.0002858 seconds.
  importAddress: GUID: d256fa541faf5d4409992c631adb98a1 - Path: Packages/com.unity.ugui/Editor/TMP/PropertyDrawers/GlyphPairAdjustmentRecordPropertyDrawer.cs - Importer: ScriptedImporter/UnityEditor.QuickSearchModule:UnityEditor.Search:ASIAI0B
Importing 'GUID: d256fa541faf5d4409992c631adb98a1 - Path: Packages/com.unity.ugui/Editor/TMP/PropertyDrawers/GlyphPairAdjustmentRecordPropertyDrawer.cs - Importer: ScriptedImporter/UnityEditor.QuickSearchModule:UnityEditor.Search:ASIAI0B' with importer (ScriptedImporter : UnityEditor.QuickSearchModule:UnityEditor.Search:ASIAI0B)
Imported 'GUID: d256fa541faf5d4409992c631adb98a1' -> (Import Result ID: '153c47473b94eef27aee818ad36b1f6f') in 0.002 seconds [static and dynamic dependencies]. Details - ImportResultOutputID=f2ac1ca77e50b92a1db4d34821f295a5 DependenciesID=7845b37799995c60cd34fdd04eea640a StaticDependenciesID=56c2137cea9f58e887aa7ef28603e71d 
Number of updated asset objects reloaded before import = 0
Number of asset objects unloaded after import = 0
========================================================================
Received Import Request.
  Time of request: 2026-08-04T17:31:20.7220627Z
  Time since last request: 0.0002324 seconds.
  importAddress: GUID: 065a7fcf0d7286d418f3114ec18d1a2d - Path: Packages/com.unity.ugui/Editor/TMP/PropertyDrawers/TMP_MarkToBaseAdjustmentRecordPropertyDrawer.cs - Importer: ScriptedImporter/UnityEditor.QuickSearchModule:UnityEditor.Search:ASIAI0B
Importing 'GUID: 065a7fcf0d7286d418f3114ec18d1a2d - Path: Packages/com.unity.ugui/Editor/TMP/PropertyDrawers/TMP_MarkToBaseAdjustmentRecordPropertyDrawer.cs - Importer: ScriptedImporter/UnityEditor.QuickSearchModule:UnityEditor.Search:ASIAI0B' with importer (ScriptedImporter : UnityEditor.QuickSearchModule:UnityEditor.Search:ASIAI0B)
Imported 'GUID: 065a7fcf0d7286d418f3114ec18d1a2d' -> (Import Result ID: '0711118ac016ffe8b3530c28e2a506f8') in 0.002 seconds [static and dynamic dependencies]. Details - ImportResultOutputID=428961f8d51dd064a120346f8b4b97bd DependenciesID=5de5b0b895c46683bd6febba23d0a5ef StaticDependenciesID=5826d58000fa0388091654b2150cd623 
Number of updated asset objects reloaded before import = 0
Number of asset objects unloaded after import = 0
========================================================================
Received Import Request.
  Time of request: 2026-08-04T17:31:20.7316348Z
  Time since last request: 0.0002191 seconds.
  importAddress: GUID: 3bce033ee26244e419b3bb3bba95a37d - Path: Packages/com.unity.ugui/Editor/UGUI/UI/CanvasScalerEditor.cs - Importer: ScriptedImporter/UnityEditor.QuickSearchModule:UnityEditor.Search:ASIAI0B
Importing 'GUID: 3bce033ee26244e419b3bb3bba95a37d - Path: Packages/com.unity.ugui/Editor/UGUI/UI/CanvasScalerEditor.cs - Importer: ScriptedImporter/UnityEditor.QuickSearchModule:UnityEditor.Search:ASIAI0B' with importer (ScriptedImporter : UnityEditor.QuickSearchModule:UnityEditor.Search:ASIAI0B)
Imported 'GUID: 3bce033ee26244e419b3bb3bba95a37d' -> (Import Result ID: 'b4bfdb45acab686ea7a325dfe89d9b84') in 0.002 seconds [static and dynamic dependencies]. Details - ImportResultOutputID=c2be6e3403cef5f5883619961db03f5f DependenciesID=6d7cab94fc4bc34081388e34e98bc92a StaticDependenciesID=6c11963de5741cc888c5b81900946d71 
Number of updated asset objects reloaded before import = 0
Number of asset objects unloaded after import = 0
========================================================================
Received Import Request.
  Time of request: 2026-08-04T17:31:20.7415213Z
  Time since last request: 0.0002172 seconds.
  importAddress: GUID: 260b531edc40677429c0198d6961e448 - Path: Packages/com.unity.ugui/Editor/UGUI/UI/SpriteDrawUtility.cs - Importer: ScriptedImporter/UnityEditor.QuickSearchModule:UnityEditor.Search:ASIAI0B
Importing 'GUID: 260b531edc40677429c0198d6961e448 - Path: Packages/com.unity.ugui/Editor/UGUI/UI/SpriteDrawUtility.cs - Importer: ScriptedImporter/UnityEditor.QuickSearchModule:UnityEditor.Search:ASIAI0B' with importer (ScriptedImporter : UnityEditor.QuickSearchModule:UnityEditor.Search:ASIAI0B)
Imported 'GUID: 260b531edc40677429c0198d6961e448' -> (Import Result ID: 'e1a9a2fca17f7bfb493cc893fcd058f9') in 0.002 seconds [static and dynamic dependencies]. Details - ImportResultOutputID=0cc744451887817a32da4d7eae602e50 DependenciesID=72d5cdbe2d6082c6e74355c277ffee76 StaticDependenciesID=949969e52e602ed1bdd20b39ac2ece2a 
Number of updated asset objects reloaded before import = 0
Number of asset objects unloaded after import = 0
========================================================================
Received Import Request.
  Time of request: 2026-08-04T17:31:20.7507972Z
  Time since last request: 0.0002458 seconds.
  importAddress: GUID: cb319974ad8ebd44aa1e1fbb02640b5b - Path: Packages/com.unity.ugui/Editor/UGUI/UI/HorizontalOrVerticalLayoutGroupEditor.cs - Importer: ScriptedImporter/UnityEditor.QuickSearchModule:UnityEditor.Search:ASIAI0B
Importing 'GUID: cb319974ad8ebd44aa1e1fbb02640b5b - Path: Packages/com.unity.ugui/Editor/UGUI/UI/HorizontalOrVerticalLayoutGroupEditor.cs - Importer: ScriptedImporter/UnityEditor.QuickSearchModule:UnityEditor.Search:ASIAI0B' with importer (ScriptedImporter : UnityEditor.QuickSearchModule:UnityEditor.Search:ASIAI0B)
Imported 'GUID: cb319974ad8ebd44aa1e1fbb02640b5b' -> (Import Result ID: '636a8b1739b217d7643a5cc13f303eba') in 0.002 seconds [static and dynamic dependencies]. Details - ImportResultOutputID=f29065883ed2207623e17ec95a048334 DependenciesID=0b45c75db20684a5f0a11a0fe0131181 StaticDependenciesID=7ca2ebcb6505f1297b9fe32b1bf7bc1a 
Number of updated asset objects reloaded before import = 0
Number of asset objects unloaded after import = 0
========================================================================
Received Import Request.
  Time of request: 2026-08-04T17:31:20.7599772Z
  Time since last request: 0.0003094 seconds.
  importAddress: GUID: 1336690ece4db2740b4ba38873e00dfb - Path: Packages/com.unity.ugui/Editor/UGUI/UI/TextEditor.cs - Importer: ScriptedImporter/UnityEditor.QuickSearchModule:UnityEditor.Search:ASIAI0B
Importing 'GUID: 1336690ece4db2740b4ba38873e00dfb - Path: Packages/com.unity.ugui/Editor/UGUI/UI/TextEditor.cs - Importer: ScriptedImporter/UnityEditor.QuickSearchModule:UnityEditor.Search:ASIAI0B' with importer (ScriptedImporter : UnityEditor.QuickSearchModule:UnityEditor.Search:ASIAI0B)
Imported 'GUID: 1336690ece4db2740b4ba38873e00dfb' -> (Import Result ID: '1fb71da79fb64a8cf51a986964396bd9') in 0.002 seconds [static and dynamic dependencies]. Details - ImportResultOutputID=e026a991399edaadf1d5c731491e1e72 DependenciesID=34a2082ff186514312878a713511a1b6 StaticDependenciesID=141eae6269ac0183657c893dac26569e 
Number of updated asset objects reloaded before import = 0
Number of asset objects unloaded after import = 0
========================================================================
Received Import Request.
  Time of request: 2026-08-04T17:31:20.7687791Z
  Time since last request: 0.0002184 seconds.
  importAddress: GUID: e3882522a08b6f5459b4dea6f8791278 - Path: Packages/com.unity.ugui/Editor/TMP/PropertyDrawers/GlyphMetricsPropertyDrawer.cs - Importer: ScriptedImporter/UnityEditor.QuickSearchModule:UnityEditor.Search:ASIAI0B
Importing 'GUID: e3882522a08b6f5459b4dea6f8791278 - Path: Packages/com.unity.ugui/Editor/TMP/PropertyDrawers/GlyphMetricsPropertyDrawer.cs - Importer: ScriptedImporter/UnityEditor.QuickSearchModule:UnityEditor.Search:ASIAI0B' with importer (ScriptedImporter : UnityEditor.QuickSearchModule:UnityEditor.Search:ASIAI0B)
Imported 'GUID: e3882522a08b6f5459b4dea6f8791278' -> (Import Result ID: 'a2cf185cc1ae688ffac6add9a7c367da') in 0.002 seconds [static and dynamic dependencies]. Details - ImportResultOutputID=8c6f5e15c86ff90c04d127a9306571d8 DependenciesID=02bf236b80c97a5938b4c904b7866cf8 StaticDependenciesID=632ec100d14fb36ef42295aa38ef5b50 
Number of updated asset objects reloaded before import = 0
Number of asset objects unloaded after import = 0
========================================================================
Received Import Request.
  Time of request: 2026-08-04T17:31:20.7772932Z
  Time since last request: 0.0002217 seconds.
  importAddress: GUID: 645409e9544820042937871953f20509 - Path: Packages/com.unity.ugui/Editor/TMP/HDRP/TMP_BaseHDRPUnlitShaderGUI.cs - Importer: ScriptedImporter/UnityEditor.QuickSearchModule:UnityEditor.Search:ASIAI0B
Importing 'GUID: 645409e9544820042937871953f20509 - Path: Packages/com.unity.ugui/Editor/TMP/HDRP/TMP_BaseHDRPUnlitShaderGUI.cs - Importer: ScriptedImporter/UnityEditor.QuickSearchModule:UnityEditor.Search:ASIAI0B' with importer (ScriptedImporter : UnityEditor.QuickSearchModule:UnityEditor.Search:ASIAI0B)
Imported 'GUID: 645409e9544820042937871953f20509' -> (Import Result ID: '3c7f59c752099491f3d0fe369960a4b8') in 0.002 seconds [static and dynamic dependencies]. Details - ImportResultOutputID=63b054834e62efb11133463de5e80c5c DependenciesID=0f686c0d00e453d5fdf34da9c07d3e9e StaticDependenciesID=013fb91341232a9de824c4c632a259a8 
Number of updated asset objects reloaded before import = 0
Number of asset objects unloaded after import = 0
========================================================================
Received Import Request.
  Time of request: 2026-08-04T17:31:20.7868641Z
  Time since last request: 0.000237 seconds.
  importAddress: GUID: 6055be8ebefd69e48b49212b09b47b2f - Path: Packages/com.unity.ugui/Runtime/TMP/Unity.TextMeshPro.asmdef - Importer: ScriptedImporter/UnityEditor.QuickSearchModule:UnityEditor.Search:ASIAI0B
Importing 'GUID: 6055be8ebefd69e48b49212b09b47b2f - Path: Packages/com.unity.ugui/Runtime/TMP/Unity.TextMeshPro.asmdef - Importer: ScriptedImporter/UnityEditor.QuickSearchModule:UnityEditor.Search:ASIAI0B' with importer (ScriptedImporter : UnityEditor.QuickSearchModule:UnityEditor.Search:ASIAI0B)
Imported 'GUID: 6055be8ebefd69e48b49212b09b47b2f' -> (Import Result ID: 'fd187bf70b1021f4d9189a6986061100') in 0.003 seconds [static and dynamic dependencies]. Details - ImportResultOutputID=dc4ddbaa8e1900c955c271f78f847c71 DependenciesID=5ce389e01456e110e5db0f303fc71d6e StaticDependenciesID=9568c4dd1d8d4cf5092e0275ad1cd953 
Number of updated asset objects reloaded before import = 0
Number of asset objects unloaded after import = 1
========================================================================
Received Import Request.
  Time of request: 2026-08-04T17:31:20.7975272Z
  Time since last request: 0.0002305 seconds.
  importAddress: GUID: 21d2d5d6901f2ca43a8015c60ada4e2c - Path: Packages/com.unity.ugui/Editor/UGUI/UI/InputFieldEditor.cs - Importer: ScriptedImporter/UnityEditor.QuickSearchModule:UnityEditor.Search:ASIAI0B
Importing 'GUID: 21d2d5d6901f2ca43a8015c60ada4e2c - Path: Packages/com.unity.ugui/Editor/UGUI/UI/InputFieldEditor.cs - Importer: ScriptedImporter/UnityEditor.QuickSearchModule:UnityEditor.Search:ASIAI0B' with importer (ScriptedImporter : UnityEditor.QuickSearchModule:UnityEditor.Search:ASIAI0B)
Imported 'GUID: 21d2d5d6901f2ca43a8015c60ada4e2c' -> (Import Result ID: '6a60d58b3200869731b97afc9c986517') in 0.002 seconds [static and dynamic dependencies]. Details - ImportResultOutputID=827426bead4698c865999f420983e0d6 DependenciesID=cf28c1d63323a38f4a933df079c7ed35 StaticDependenciesID=90f29533efac05fa1bf9d78363d8083e 
Number of updated asset objects reloaded before import = 0
Number of asset objects unloaded after import = 0
========================================================================
Received Import Request.
  Time of request: 2026-08-04T17:31:20.8068065Z
  Time since last request: 0.0002509 seconds.
  importAddress: GUID: e9253e696cd45794d9aec6d4de366b6e - Path: Packages/com.unity.ugui/Editor/UGUI/UI/SelectableEditor.cs - Importer: ScriptedImporter/UnityEditor.QuickSearchModule:UnityEditor.Search:ASIAI0B
Importing 'GUID: e9253e696cd45794d9aec6d4de366b6e - Path: Packages/com.unity.ugui/Editor/UGUI/UI/SelectableEditor.cs - Importer: ScriptedImporter/UnityEditor.QuickSearchModule:UnityEditor.Search:ASIAI0B' with importer (ScriptedImporter : UnityEditor.QuickSearchModule:UnityEditor.Search:ASIAI0B)
Imported 'GUID: e9253e696cd45794d9aec6d4de366b6e' -> (Import Result ID: '18d7de10716af55bff6062cf1815388a') in 0.002 seconds [static and dynamic dependencies]. Details - ImportResultOutputID=ddfc3e29d861b262ba42ab59c87c79ef DependenciesID=d2128d73506ee3586d54667f1021a24b StaticDependenciesID=4ea3cd1decb04de5bd39909a81798254 
Number of updated asset objects reloaded before import = 0
Number of asset objects unloaded after import = 0
========================================================================
Received Import Request.
  Time of request: 2026-08-04T17:31:20.8238582Z
  Time since last request: 0.0084299 seconds.
  importAddress: GUID: 4e29b1a8efbd4b44bb3f3716e73f07ff - Path: Packages/com.unity.ugui/Runtime/UGUI/UI/Core/Button.cs - Importer: ScriptedImporter/UnityEditor.QuickSearchModule:UnityEditor.Search:ASIAI0B
Importing 'GUID: 4e29b1a8efbd4b44bb3f3716e73f07ff - Path: Packages/com.unity.ugui/Runtime/UGUI/UI/Core/Button.cs - Importer: ScriptedImporter/UnityEditor.QuickSearchModule:UnityEditor.Search:ASIAI0B' with importer (ScriptedImporter : UnityEditor.QuickSearchModule:UnityEditor.Search:ASIAI0B)
Imported 'GUID: 4e29b1a8efbd4b44bb3f3716e73f07ff' -> (Import Result ID: '882f646b5974467ee6eaa27cb09544df') in 0.003 seconds [static and dynamic dependencies]. Details - ImportResultOutputID=b8ee28fd1530a87d9ed1e273b44737f2 DependenciesID=0f84c9b2e77dc41c9487d025af464ab3 StaticDependenciesID=301f58a894ca5eaa43ed1202a41c7338 
Number of updated asset objects reloaded before import = 0
Number of asset objects unloaded after import = 0
========================================================================
Received Import Request.
  Time of request: 2026-08-04T17:31:20.8343796Z
  Time since last request: 0.0002261 seconds.
  importAddress: GUID: 31a19414c41e5ae4aae2af33fee712f6 - Path: Packages/com.unity.ugui/Runtime/UGUI/UI/Core/Mask.cs - Importer: ScriptedImporter/UnityEditor.QuickSearchModule:UnityEditor.Search:ASIAI0B
Importing 'GUID: 31a19414c41e5ae4aae2af33fee712f6 - Path: Packages/com.unity.ugui/Runtime/UGUI/UI/Core/Mask.cs - Importer: ScriptedImporter/UnityEditor.QuickSearchModule:UnityEditor.Search:ASIAI0B' with importer (ScriptedImporter : UnityEditor.QuickSearchModule:UnityEditor.Search:ASIAI0B)
Imported 'GUID: 31a19414c41e5ae4aae2af33fee712f6' -> (Import Result ID: '79adb515b4cf3c87d1bff0c2dd836889') in 0.002 seconds [static and dynamic dependencies]. Details - ImportResultOutputID=be783de53509596bf9afaa7935f67144 DependenciesID=28e0cdfac2dc2e5c2fcd59c61ac7e3fb StaticDependenciesID=607f7fd7f2da2366f46d24b85b14a583 
Number of updated asset objects reloaded before import = 0
Number of asset objects unloaded after import = 0
========================================================================
Received Import Request.
  Time of request: 2026-08-04T17:31:20.8429842Z
  Time since last request: 0.0002394 seconds.
  importAddress: GUID: 7bd96d76711152648a736c4d28d865f2 - Path: Packages/com.unity.ugui/Runtime/UGUI/UI/Core/MaskUtilities.cs - Importer: ScriptedImporter/UnityEditor.QuickSearchModule:UnityEditor.Search:ASIAI0B
Importing 'GUID: 7bd96d76711152648a736c4d28d865f2 - Path: Packages/com.unity.ugui/Runtime/UGUI/UI/Core/MaskUtilities.cs - Importer: ScriptedImporter/UnityEditor.QuickSearchModule:UnityEditor.Search:ASIAI0B' with importer (ScriptedImporter : UnityEditor.QuickSearchModule:UnityEditor.Search:ASIAI0B)
Imported 'GUID: 7bd96d76711152648a736c4d28d865f2' -> (Import Result ID: 'd9afadbec9f537da8d3329c3a90a5e3a') in 0.002 seconds [static and dynamic dependencies]. Details - ImportResultOutputID=5af3d4594e7767fdf57a328c1ad69757 DependenciesID=136698d7fe9b63fe8b418862fd51d4f8 StaticDependenciesID=b18be71a77a0cf4f929cf6b7dbc19a1d 
Number of updated asset objects reloaded before import = 0
Number of asset objects unloaded after import = 0
========================================================================
Received Import Request.
  Time of request: 2026-08-04T17:31:20.8529687Z
  Time since last request: 0.0003008 seconds.
  importAddress: GUID: 426106349a0ff964fa4e7178c1d3a4f5 - Path: Packages/com.unity.ugui/Runtime/UGUI/EventSystem/Raycasters/BaseRaycaster.cs - Importer: ScriptedImporter/UnityEditor.QuickSearchModule:UnityEditor.Search:ASIAI0B
Importing 'GUID: 426106349a0ff964fa4e7178c1d3a4f5 - Path: Packages/com.unity.ugui/Runtime/UGUI/EventSystem/Raycasters/BaseRaycaster.cs - Importer: ScriptedImporter/UnityEditor.QuickSearchModule:UnityEditor.Search:ASIAI0B' with importer (ScriptedImporter : UnityEditor.QuickSearchModule:UnityEditor.Search:ASIAI0B)
Imported 'GUID: 426106349a0ff964fa4e7178c1d3a4f5' -> (Import Result ID: '65035f1e8b854dec60f408a1e9690cf9') in 0.002 seconds [static and dynamic dependencies]. Details - ImportResultOutputID=ac6f87ccf94ad49f4a82e1e99fe40267 DependenciesID=36e8bb9c75e2559a482f49ea4c788e82 StaticDependenciesID=08f40f2d1dd6654d845fa00cc9ddf99d 
Number of updated asset objects reloaded before import = 0
Number of asset objects unloaded after import = 0
========================================================================
Received Import Request.
  Time of request: 2026-08-04T17:31:20.8628752Z
  Time since last request: 0.0001951 seconds.
  importAddress: GUID: 26570be2af04195458e6f1ac1f5c48e0 - Path: Packages/com.unity.ugui/Runtime/UGUI/EventSystem/RaycasterManager.cs - Importer: ScriptedImporter/UnityEditor.QuickSearchModule:UnityEditor.Search:ASIAI0B
Importing 'GUID: 26570be2af04195458e6f1ac1f5c48e0 - Path: Packages/com.unity.ugui/Runtime/UGUI/EventSystem/RaycasterManager.cs - Importer: ScriptedImporter/UnityEditor.QuickSearchModule:UnityEditor.Search:ASIAI0B' with importer (ScriptedImporter : UnityEditor.QuickSearchModule:UnityEditor.Search:ASIAI0B)
Imported 'GUID: 26570be2af04195458e6f1ac1f5c48e0' -> (Import Result ID: 'ed1eac287c100b1a1f17c18557dbaa36') in 0.003 seconds [static and dynamic dependencies]. Details - ImportResultOutputID=a852fc08f794e1971edda1b095b524c5 DependenciesID=56a2bfa2ac516c3d373287127bdb9d68 StaticDependenciesID=f9212b6d1c1f6985d5f492493ff643b4 
Number of updated asset objects reloaded before import = 0
Number of asset objects unloaded after import = 0
========================================================================
Received Import Request.
  Time of request: 2026-08-04T17:31:20.8745764Z
  Time since last request: 0.0002813 seconds.
  importAddress: GUID: fe87c0e1cc204ed48ad3b37840f39efc - Path: Packages/com.unity.ugui/Runtime/UGUI/UI/Core/Image.cs - Importer: ScriptedImporter/UnityEditor.QuickSearchModule:UnityEditor.Search:ASIAI0B
Importing 'GUID: fe87c0e1cc204ed48ad3b37840f39efc - Path: Packages/com.unity.ugui/Runtime/UGUI/UI/Core/Image.cs - Importer: ScriptedImporter/UnityEditor.QuickSearchModule:UnityEditor.Search:ASIAI0B' with importer (ScriptedImporter : UnityEditor.QuickSearchModule:UnityEditor.Search:ASIAI0B)
Imported 'GUID: fe87c0e1cc204ed48ad3b37840f39efc' -> (Import Result ID: '8d672c1cfbe90ce58ff8d86848b83847') in 0.002 seconds [static and dynamic dependencies]. Details - ImportResultOutputID=70ee18ffff2004c94a3dddd08c21c458 DependenciesID=321ce6ef2c78a487a40766fa0bb80df6 StaticDependenciesID=5c55fc7d44a6ae993de89debcd01e6e5 
Number of updated asset objects reloaded before import = 0
Number of asset objects unloaded after import = 0
========================================================================
Received Import Request.
  Time of request: 2026-08-04T17:31:20.8841715Z
  Time since last request: 0.0003172 seconds.
  importAddress: GUID: fea12beeeb5a7a448b5e60f50e40975d - Path: Packages/com.unity.ugui/Editor/UGUI/UI/PropertyDrawers/FontDataDrawer.cs - Importer: ScriptedImporter/UnityEditor.QuickSearchModule:UnityEditor.Search:ASIAI0B
Importing 'GUID: fea12beeeb5a7a448b5e60f50e40975d - Path: Packages/com.unity.ugui/Editor/UGUI/UI/PropertyDrawers/FontDataDrawer.cs - Importer: ScriptedImporter/UnityEditor.QuickSearchModule:UnityEditor.Search:ASIAI0B' with importer (ScriptedImporter : UnityEditor.QuickSearchModule:UnityEditor.Search:ASIAI0B)
Imported 'GUID: fea12beeeb5a7a448b5e60f50e40975d' -> (Import Result ID: 'd9de9f3cb80b6185105a0f181c36db4b') in 0.002 seconds [static and dynamic dependencies]. Details - ImportResultOutputID=f3a7e83a2346ed26c25d0ad566320dd3 DependenciesID=e45b1725cec7316e01d172a455a6009e StaticDependenciesID=d866c22db3383d11d6c105f0ebf475eb 
Number of updated asset objects reloaded before import = 0
Number of asset objects unloaded after import = 0
========================================================================
Received Import Request.
  Time of request: 2026-08-04T17:31:20.8937902Z
  Time since last request: 0.0002199 seconds.
  importAddress: GUID: 592f7288ed0df2c4b884e2cd9baac023 - Path: Packages/com.unity.ugui/Tests/Editor/TMP/TMP_EditorTests.cs - Importer: ScriptedImporter/UnityEditor.QuickSearchModule:UnityEditor.Search:ASIAI0B
Importing 'GUID: 592f7288ed0df2c4b884e2cd9baac023 - Path: Packages/com.unity.ugui/Tests/Editor/TMP/TMP_EditorTests.cs - Importer: ScriptedImporter/UnityEditor.QuickSearchModule:UnityEditor.Search:ASIAI0B' with importer (ScriptedImporter : UnityEditor.QuickSearchModule:UnityEditor.Search:ASIAI0B)
Imported 'GUID: 592f7288ed0df2c4b884e2cd9baac023' -> (Import Result ID: '3c14342f53f96bc46d9d64dc0b081868') in 0.003 seconds [static and dynamic dependencies]. Details - ImportResultOutputID=a4a24ba52a24afd17467f36e28ee7bbc DependenciesID=051e872456f1addadf7fd7c472a92f4b StaticDependenciesID=bd36cf8f7b9278dbffb345c271170eed 
Number of updated asset objects reloaded before import = 0
Number of asset objects unloaded after import = 0
========================================================================
Received Import Request.
  Time of request: 2026-08-04T17:31:20.9058112Z
  Time since last request: 0.0003375 seconds.
  importAddress: GUID: 728d2c19676ea3743aaa087aa28c4a16 - Path: Packages/com.unity.ugui/Editor/UGUI/UI/PropertyDrawers/SpriteStateDrawer.cs - Importer: ScriptedImporter/UnityEditor.QuickSearchModule:UnityEditor.Search:ASIAI0B
Importing 'GUID: 728d2c19676ea3743aaa087aa28c4a16 - Path: Packages/com.unity.ugui/Editor/UGUI/UI/PropertyDrawers/SpriteStateDrawer.cs - Importer: ScriptedImporter/UnityEditor.QuickSearchModule:UnityEditor.Search:ASIAI0B' with importer (ScriptedImporter : UnityEditor.QuickSearchModule:UnityEditor.Search:ASIAI0B)
Imported 'GUID: 728d2c19676ea3743aaa087aa28c4a16' -> (Import Result ID: 'bd55b6775b9e7bbed2417cca4be4f9e0') in 0.002 seconds [static and dynamic dependencies]. Details - ImportResultOutputID=18db5b88ffc90b338f20deadae03beaa DependenciesID=84603f22d09b3e6abdc703b022458a9b StaticDependenciesID=e5b2bc1fa0e2e5fe97bd7683cec07b38 
Number of updated asset objects reloaded before import = 0
Number of asset objects unloaded after import = 0
========================================================================
Received Import Request.
  Time of request: 2026-08-04T17:31:20.9157187Z
  Time since last request: 0.0003814 seconds.
  importAddress: GUID: 7d7bd4bcc815cfb44b9990c29dabdb9f - Path: Packages/com.unity.ugui/Runtime/UGUI/Properties/AssemblyInfo.cs - Importer: ScriptedImporter/UnityEditor.QuickSearchModule:UnityEditor.Search:ASIAI0B
Importing 'GUID: 7d7bd4bcc815cfb44b9990c29dabdb9f - Path: Packages/com.unity.ugui/Runtime/UGUI/Properties/AssemblyInfo.cs - Importer: ScriptedImporter/UnityEditor.QuickSearchModule:UnityEditor.Search:ASIAI0B' with importer (ScriptedImporter : UnityEditor.QuickSearchModule:UnityEditor.Search:ASIAI0B)
Imported 'GUID: 7d7bd4bcc815cfb44b9990c29dabdb9f' -> (Import Result ID: '03f26fc42db4358ae95eaf6da9a1f589') in 0.002 seconds [static and dynamic dependencies]. Details - ImportResultOutputID=f3ac7918df986829dbe432244f34b255 DependenciesID=abf93281083df75b3e58df0f26b5698d StaticDependenciesID=7be9f8931fc658dd8168a7533ea1c912 
Number of updated asset objects reloaded before import = 0
Number of asset objects unloaded after import = 0
========================================================================
Received Import Request.
  Time of request: 2026-08-04T17:31:20.9246897Z
  Time since last request: 0.0002204 seconds.
  importAddress: GUID: 13cd966480ec3354bb318ee1aeccff6f - Path: Packages/com.unity.ugui/Runtime/UGUI/UI/Core/FontData.cs - Importer: ScriptedImporter/UnityEditor.QuickSearchModule:UnityEditor.Search:ASIAI0B
Importing 'GUID: 13cd966480ec3354bb318ee1aeccff6f - Path: Packages/com.unity.ugui/Runtime/UGUI/UI/Core/FontData.cs - Importer: ScriptedImporter/UnityEditor.QuickSearchModule:UnityEditor.Search:ASIAI0B' with importer (ScriptedImporter : UnityEditor.QuickSearchModule:UnityEditor.Search:ASIAI0B)
Imported 'GUID: 13cd966480ec3354bb318ee1aeccff6f' -> (Import Result ID: '19d657b218a2081dc485e358d9a76c83') in 0.002 seconds [static and dynamic dependencies]. Details - ImportResultOutputID=adb7308d617df8f7710b36c179b08706 DependenciesID=02fa073b771275b98893196f6c6b7487 StaticDependenciesID=5e687dac638a85431c4f955420340b8d 
Number of updated asset objects reloaded before import = 0
Number of asset objects unloaded after import = 0
========================================================================
Received Import Request.
  Time of request: 2026-08-04T17:31:20.936358Z
  Time since last request: 0.0003803 seconds.
  importAddress: GUID: 393b15da08c88194dbbcacd6ee15a89c - Path: Packages/com.unity.ugui/Tests/Editor/UGUI/TestBehaviourBase.cs - Importer: ScriptedImporter/UnityEditor.QuickSearchModule:UnityEditor.Search:ASIAI0B
Importing 'GUID: 393b15da08c88194dbbcacd6ee15a89c - Path: Packages/com.unity.ugui/Tests/Editor/UGUI/TestBehaviourBase.cs - Importer: ScriptedImporter/UnityEditor.QuickSearchModule:UnityEditor.Search:ASIAI0B' with importer (ScriptedImporter : UnityEditor.QuickSearchModule:UnityEditor.Search:ASIAI0B)
Imported 'GUID: 393b15da08c88194dbbcacd6ee15a89c' -> (Import Result ID: '8f83710aaa8e558b262b644f888fde29') in 0.002 seconds [static and dynamic dependencies]. Details - ImportResultOutputID=bf87ce6acd7ed0dffd0cda56e315ccbf DependenciesID=f60197a75ef5cac1cd2aab9f9de123ec StaticDependenciesID=46b5dc98c2ab5d3e0f0e6714cb8c5c5e 
Number of updated asset objects reloaded before import = 0
Number of asset objects unloaded after import = 0
========================================================================
Received Import Request.
  Time of request: 2026-08-04T17:31:20.9574251Z
  Time since last request: 0.0116887 seconds.
  importAddress: GUID: 69ae55f76840b2849ba56cfb53a17df0 - Path: Packages/com.unity.ugui/Runtime/UGUI/UI/Core/StencilMaterial.cs - Importer: ScriptedImporter/UnityEditor.QuickSearchModule:UnityEditor.Search:ASIAI0B
Importing 'GUID: 69ae55f76840b2849ba56cfb53a17df0 - Path: Packages/com.unity.ugui/Runtime/UGUI/UI/Core/StencilMaterial.cs - Importer: ScriptedImporter/UnityEditor.QuickSearchModule:UnityEditor.Search:ASIAI0B' with importer (ScriptedImporter : UnityEditor.QuickSearchModule:UnityEditor.Search:ASIAI0B)
Imported 'GUID: 69ae55f76840b2849ba56cfb53a17df0' -> (Import Result ID: '6c07a73c9928f5af3c37c308b34d338a') in 0.002 seconds [static and dynamic dependencies]. Details - ImportResultOutputID=4af811ad0d732e9123819454d6d5b04c DependenciesID=14260b3e1b70b9a6679e428435642d1e StaticDependenciesID=7a170b91c81dad8b6ee92aa3391db71c 
Number of updated asset objects reloaded before import = 0
Number of asset objects unloaded after import = 0
========================================================================
Received Import Request.
  Time of request: 2026-08-04T17:31:20.9667461Z
  Time since last request: 0.0003058 seconds.
  importAddress: GUID: a0bae4ff8f5baf64aad3b92b8aea0603 - Path: Packages/com.unity.ugui/Tests/Runtime/UGUI/Graphic/ImageTests.cs - Importer: ScriptedImporter/UnityEditor.QuickSearchModule:UnityEditor.Search:ASIAI0B
Importing 'GUID: a0bae4ff8f5baf64aad3b92b8aea0603 - Path: Packages/com.unity.ugui/Tests/Runtime/UGUI/Graphic/ImageTests.cs - Importer: ScriptedImporter/UnityEditor.QuickSearchModule:UnityEditor.Search:ASIAI0B' with importer (ScriptedImporter : UnityEditor.QuickSearchModule:UnityEditor.Search:ASIAI0B)
Imported 'GUID: a0bae4ff8f5baf64aad3b92b8aea0603' -> (Import Result ID: '4a171a02e19c26974c6cdb31d252532c') in 0.003 seconds [static and dynamic dependencies]. Details - ImportResultOutputID=50f8858846eeeafe79ee1b3d6d76530d DependenciesID=ca734a7927d90c3437bf82e5438bcc85 StaticDependenciesID=29d92280afa6ab2b7e196c23425cfca9 
Number of updated asset objects reloaded before import = 0
Number of asset objects unloaded after import = 0
========================================================================
Received Import Request.
  Time of request: 2026-08-04T17:31:20.9768712Z
  Time since last request: 0.0006391 seconds.
  importAddress: GUID: c32df609537c54c46adf92992a673693 - Path: Packages/com.unity.ugui/Tests/Runtime/UGUI/Canvas/SiblingOrderChangesLayout.cs - Importer: ScriptedImporter/UnityEditor.QuickSearchModule:UnityEditor.Search:ASIAI0B
Importing 'GUID: c32df609537c54c46adf92992a673693 - Path: Packages/com.unity.ugui/Tests/Runtime/UGUI/Canvas/SiblingOrderChangesLayout.cs - Importer: ScriptedImporter/UnityEditor.QuickSearchModule:UnityEditor.Search:ASIAI0B' with importer (ScriptedImporter : UnityEditor.QuickSearchModule:UnityEditor.Search:ASIAI0B)
Imported 'GUID: c32df609537c54c46adf92992a673693' -> (Import Result ID: 'e6eb424286793f976fafce5773963302') in 0.002 seconds [static and dynamic dependencies]. Details - ImportResultOutputID=968ba961cf0d9c83f8f12f4595183711 DependenciesID=55126284f701ed86bfe8eba958421de5 StaticDependenciesID=a61834498256296ad3bc88d7eb32c8e0 
Number of updated asset objects reloaded before import = 0
Number of asset objects unloaded after import = 0
========================================================================
Received Import Request.
  Time of request: 2026-08-04T17:31:20.9859412Z
  Time since last request: 0.0004603 seconds.
  importAddress: GUID: 8573c56c34e616248a3881b2c56280ef - Path: Packages/com.unity.ugui/Tests/Runtime/UGUI/Canvas/CoroutineWorksIfUIObjectIsAttached.cs - Importer: ScriptedImporter/UnityEditor.QuickSearchModule:UnityEditor.Search:ASIAI0B
Importing 'GUID: 8573c56c34e616248a3881b2c56280ef - Path: Packages/com.unity.ugui/Tests/Runtime/UGUI/Canvas/CoroutineWorksIfUIObjectIsAttached.cs - Importer: ScriptedImporter/UnityEditor.QuickSearchModule:UnityEditor.Search:ASIAI0B' with importer (ScriptedImporter : UnityEditor.QuickSearchModule:UnityEditor.Search:ASIAI0B)
Imported 'GUID: 8573c56c34e616248a3881b2c56280ef' -> (Import Result ID: '001ed5af722d0d823108bdaa3d9d30c5') in 0.002 seconds [static and dynamic dependencies]. Details - ImportResultOutputID=13d040abee561dd5f046f6cafcffbf68 DependenciesID=076a2b8a48f8601e1740329a2a99d570 StaticDependenciesID=82e5e11938e96b017a2558eff15a37f6 
Number of updated asset objects reloaded before import = 0
Number of asset objects unloaded after import = 0
========================================================================
Received Import Request.
  Time of request: 2026-08-04T17:31:20.9948852Z
  Time since last request: 0.0003391 seconds.
  importAddress: GUID: 812aaaefaab404448a3e4db49dfa5206 - Path: Packages/com.unity.ugui/Tests/Editor/UGUI/Text/FontCreatedByScript.cs - Importer: ScriptedImporter/UnityEditor.QuickSearchModule:UnityEditor.Search:ASIAI0B
Importing 'GUID: 812aaaefaab404448a3e4db49dfa5206 - Path: Packages/com.unity.ugui/Tests/Editor/UGUI/Text/FontCreatedByScript.cs - Importer: ScriptedImporter/UnityEditor.QuickSearchModule:UnityEditor.Search:ASIAI0B' with importer (ScriptedImporter : UnityEditor.QuickSearchModule:UnityEditor.Search:ASIAI0B)
Imported 'GUID: 812aaaefaab404448a3e4db49dfa5206' -> (Import Result ID: 'b06dcb640e3c5f16f76423f515114a3b') in 0.002 seconds [static and dynamic dependencies]. Details - ImportResultOutputID=ebd93e93c99fbfda30fe8476fbfea131 DependenciesID=c2ba8dffcf1db586d936741460abfcfc StaticDependenciesID=d6dea52b824d589049e4ef2fc656ed6b 
Number of updated asset objects reloaded before import = 0
Number of asset objects unloaded after import = 0
========================================================================
Received Import Request.
  Time of request: 2026-08-04T17:31:21.0046048Z
  Time since last request: 0.0003708 seconds.
  importAddress: GUID: be07f70ee67e6d74e851a9333719bbb6 - Path: Packages/com.unity.ugui/Tests/Runtime/UGUI/Canvas/NestedCanvasMaintainsCorrectSize.cs - Importer: ScriptedImporter/UnityEditor.QuickSearchModule:UnityEditor.Search:ASIAI0B
Importing 'GUID: be07f70ee67e6d74e851a9333719bbb6 - Path: Packages/com.unity.ugui/Tests/Runtime/UGUI/Canvas/NestedCanvasMaintainsCorrectSize.cs - Importer: ScriptedImporter/UnityEditor.QuickSearchModule:UnityEditor.Search:ASIAI0B' with importer (ScriptedImporter : UnityEditor.QuickSearchModule:UnityEditor.Search:ASIAI0B)
Imported 'GUID: be07f70ee67e6d74e851a9333719bbb6' -> (Import Result ID: 'de65c6405a3bda5b3ad22ecd8bd52b31') in 0.004 seconds [static and dynamic dependencies]. Details - ImportResultOutputID=fce5dcba393c76bbc071a2dbb171c27f DependenciesID=9a6a1743d69a7ea9b82a1c28270eb07e StaticDependenciesID=337f1279f7d0091163e76ac6e983bd89 
Number of updated asset objects reloaded before import = 0
Number of asset objects unloaded after import = 0
========================================================================
Received Import Request.
  Time of request: 2026-08-04T17:31:21.0165975Z
  Time since last request: 0.0004761 seconds.
  importAddress: GUID: 735d54f21944f834f931716514c87a84 - Path: Packages/com.unity.ugui/Tests/Runtime/UGUI/Canvas/RectMask2DWithNestedCanvasCullsUsingCorrectCanvasRect.cs - Importer: ScriptedImporter/UnityEditor.QuickSearchModule:UnityEditor.Search:ASIAI0B
Importing 'GUID: 735d54f21944f834f931716514c87a84 - Path: Packages/com.unity.ugui/Tests/Runtime/UGUI/Canvas/RectMask2DWithNestedCanvasCullsUsingCorrectCanvasRect.cs - Importer: ScriptedImporter/UnityEditor.QuickSearchModule:UnityEditor.Search:ASIAI0B' with importer (ScriptedImporter : UnityEditor.QuickSearchModule:UnityEditor.Search:ASIAI0B)
Imported 'GUID: 735d54f21944f834f931716514c87a84' -> (Import Result ID: '0565b19a27abc90f317a662564f5b0f5') in 0.003 seconds [static and dynamic dependencies]. Details - ImportResultOutputID=d5586cd50082608eceddd35598d38a03 DependenciesID=92207200d0e0b9baa991b92600f65243 StaticDependenciesID=1fa65abe27d65d3633b23c9a2f9d3a01 
Number of updated asset objects reloaded before import = 0
Number of asset objects unloaded after import = 0
========================================================================
Received Import Request.
  Time of request: 2026-08-04T17:31:21.028362Z
  Time since last request: 0.0002495 seconds.
  importAddress: GUID: e4e290d31ab7fb54880746bb8f818e0d - Path: Packages/com.unity.ugui/Tests/Runtime/UGUI/EventSystem/InputModuleTests.cs - Importer: ScriptedImporter/UnityEditor.QuickSearchModule:UnityEditor.Search:ASIAI0B
Importing 'GUID: e4e290d31ab7fb54880746bb8f818e0d - Path: Packages/com.unity.ugui/Tests/Runtime/UGUI/EventSystem/InputModuleTests.cs - Importer: ScriptedImporter/UnityEditor.QuickSearchModule:UnityEditor.Search:ASIAI0B' with importer (ScriptedImporter : UnityEditor.QuickSearchModule:UnityEditor.Search:ASIAI0B)
Imported 'GUID: e4e290d31ab7fb54880746bb8f818e0d' -> (Import Result ID: 'e5139297c6284788d0d134525fa7b5d3') in 0.003 seconds [static and dynamic dependencies]. Details - ImportResultOutputID=5bc7a31daa1909508ac4e7ba3992141c DependenciesID=3766bf9fbdbaa51a8df2399b4fee7ecd StaticDependenciesID=6737f65f415b051ff1254a944739570b 
Number of updated asset objects reloaded before import = 0
Number of asset objects unloaded after import = 0
========================================================================
Received Import Request.
  Time of request: 2026-08-04T17:31:21.0385963Z
  Time since last request: 0.0002544 seconds.
  importAddress: GUID: 13d161b14bb3ab74e8a9634e26fb7a5e - Path: Packages/com.unity.ugui/Tests/Runtime/UGUI/Canvas/CanvasScalerWithChildTextObjectDoesNotCrash.cs - Importer: ScriptedImporter/UnityEditor.QuickSearchModule:UnityEditor.Search:ASIAI0B
Importing 'GUID: 13d161b14bb3ab74e8a9634e26fb7a5e - Path: Packages/com.unity.ugui/Tests/Runtime/UGUI/Canvas/CanvasScalerWithChildTextObjectDoesNotCrash.cs - Importer: ScriptedImporter/UnityEditor.QuickSearchModule:UnityEditor.Search:ASIAI0B' with importer (ScriptedImporter : UnityEditor.QuickSearchModule:UnityEditor.Search:ASIAI0B)
Imported 'GUID: 13d161b14bb3ab74e8a9634e26fb7a5e' -> (Import Result ID: 'f4c8174b9fee233e31d9ab97accbd5e4') in 0.003 seconds [static and dynamic dependencies]. Details - ImportResultOutputID=a344a632d03c0371ada40a8c034082b4 DependenciesID=08b84079a259c440e19e58493ab4f8c6 StaticDependenciesID=94fc4fc30c9422784d1f003b0057e47d 
Number of updated asset objects reloaded before import = 0
Number of asset objects unloaded after import = 0
========================================================================
Received Import Request.
  Time of request: 2026-08-04T17:31:21.0483588Z
  Time since last request: 0.0002434 seconds.
  importAddress: GUID: 4adb1f65bbae8004a88d8f5bc3523298 - Path: Packages/com.unity.ugui/Tests/Editor/UGUI/EventSystem/EventTriggerRemoveDuringExecution.cs - Importer: ScriptedImporter/UnityEditor.QuickSearchModule:UnityEditor.Search:ASIAI0B
Importing 'GUID: 4adb1f65bbae8004a88d8f5bc3523298 - Path: Packages/com.unity.ugui/Tests/Editor/UGUI/EventSystem/EventTriggerRemoveDuringExecution.cs - Importer: ScriptedImporter/UnityEditor.QuickSearchModule:UnityEditor.Search:ASIAI0B' with importer (ScriptedImporter : UnityEditor.QuickSearchModule:UnityEditor.Search:ASIAI0B)
Imported 'GUID: 4adb1f65bbae8004a88d8f5bc3523298' -> (Import Result ID: 'c20ca6f26a2535c91c3bf6362871a99d') in 0.002 seconds [static and dynamic dependencies]. Details - ImportResultOutputID=55b28e9bb9740ae44b9be56f260c3c4e DependenciesID=a6f3de14c4c73221d1422fc6311b2592 StaticDependenciesID=07dc0167010a934b5cf6fa43b27d3df9 
Number of updated asset objects reloaded before import = 0
Number of asset objects unloaded after import = 0
========================================================================
Received Import Request.
  Time of request: 2026-08-04T17:31:21.0585162Z
  Time since last request: 0.0002043 seconds.
  importAddress: GUID: 2a4db7a114972834c8e4117be1d82ba3 - Path: Packages/com.unity.ugui/Runtime/UGUI/UI/Core/Scrollbar.cs - Importer: ScriptedImporter/UnityEditor.QuickSearchModule:UnityEditor.Search:ASIAI0B
Importing 'GUID: 2a4db7a114972834c8e4117be1d82ba3 - Path: Packages/com.unity.ugui/Runtime/UGUI/UI/Core/Scrollbar.cs - Importer: ScriptedImporter/UnityEditor.QuickSearchModule:UnityEditor.Search:ASIAI0B' with importer (ScriptedImporter : UnityEditor.QuickSearchModule:UnityEditor.Search:ASIAI0B)
Imported 'GUID: 2a4db7a114972834c8e4117be1d82ba3' -> (Import Result ID: '42a1680d308bf42011d88cbc5aa8be24') in 0.002 seconds [static and dynamic dependencies]. Details - ImportResultOutputID=bb6efb641b5600f81413f63ebf2e336a DependenciesID=65f14189bee27050c369fa1fd6e1b4d1 StaticDependenciesID=18cdf76f1684517f6f8d604a952bff20 
Number of updated asset objects reloaded before import = 0
Number of asset objects unloaded after import = 0
========================================================================
Received Import Request.
  Time of request: 2026-08-04T17:31:21.0669954Z
  Time since last request: 0.0002185 seconds.
  importAddress: GUID: dcb49b07db5e5f64e876b498105314f1 - Path: Packages/com.unity.ugui/Tests/Editor/UGUI/CanvasRenderer/ParentCanvasIsSane.cs - Importer: ScriptedImporter/UnityEditor.QuickSearchModule:UnityEditor.Search:ASIAI0B
Importing 'GUID: dcb49b07db5e5f64e876b498105314f1 - Path: Packages/com.unity.ugui/Tests/Editor/UGUI/CanvasRenderer/ParentCanvasIsSane.cs - Importer: ScriptedImporter/UnityEditor.QuickSearchModule:UnityEditor.Search:ASIAI0B' with importer (ScriptedImporter : UnityEditor.QuickSearchModule:UnityEditor.Search:ASIAI0B)
Imported 'GUID: dcb49b07db5e5f64e876b498105314f1' -> (Import Result ID: 'd623e748376179e2c23722477e60f25f') in 0.002 seconds [static and dynamic dependencies]. Details - ImportResultOutputID=5a1128bd1d1cea27764fe754d63d03fd DependenciesID=0ccb5e9215a7e5c2ab6841479ca2e160 StaticDependenciesID=b75c1a4b2ec56d2aa6226a4c407c3a9b 
Number of updated asset objects reloaded before import = 0
Number of asset objects unloaded after import = 0
========================================================================
Received Import Request.
  Time of request: 2026-08-04T17:31:21.0876668Z
  Time since last request: 0.0107107 seconds.
  importAddress: GUID: 9713795381722eb43b623dffba25d115 - Path: Packages/com.unity.ugui/Tests/Runtime/UGUI/Image/TestableImage.cs - Importer: ScriptedImporter/UnityEditor.QuickSearchModule:UnityEditor.Search:ASIAI0B
Importing 'GUID: 9713795381722eb43b623dffba25d115 - Path: Packages/com.unity.ugui/Tests/Runtime/UGUI/Image/TestableImage.cs - Importer: ScriptedImporter/UnityEditor.QuickSearchModule:UnityEditor.Search:ASIAI0B' with importer (ScriptedImporter : UnityEditor.QuickSearchModule:UnityEditor.Search:ASIAI0B)
Imported 'GUID: 9713795381722eb43b623dffba25d115' -> (Import Result ID: '53add09fd6d06c8ca109314ee15d89fe') in 0.002 seconds [static and dynamic dependencies]. Details - ImportResultOutputID=dfe98c5a72d169663273277e63e4236a DependenciesID=a2184de3c06ec8c83b1dcc7e33ccb58f StaticDependenciesID=2ccc62080c3601878d39064c6a744a39 
Number of updated asset objects reloaded before import = 0
Number of asset objects unloaded after import = 0
========================================================================
Received Import Request.
  Time of request: 2026-08-04T17:31:21.0975267Z
  Time since last request: 0.0004433 seconds.
  importAddress: GUID: 309b0604924786544a3786ec4073c5a1 - Path: Packages/com.unity.ugui/Tests/Runtime/UGUI/Layout/ContentSizeFitterTests.cs - Importer: ScriptedImporter/UnityEditor.QuickSearchModule:UnityEditor.Search:ASIAI0B
Importing 'GUID: 309b0604924786544a3786ec4073c5a1 - Path: Packages/com.unity.ugui/Tests/Runtime/UGUI/Layout/ContentSizeFitterTests.cs - Importer: ScriptedImporter/UnityEditor.QuickSearchModule:UnityEditor.Search:ASIAI0B' with importer (ScriptedImporter : UnityEditor.QuickSearchModule:UnityEditor.Search:ASIAI0B)
Imported 'GUID: 309b0604924786544a3786ec4073c5a1' -> (Import Result ID: 'fcc3c9a08b08bfb79e0a0062fa94b288') in 0.002 seconds [static and dynamic dependencies]. Details - ImportResultOutputID=febb422dd0ff69c446b32068c5893599 DependenciesID=970d12a9269bd33266a8df8693d4b87c StaticDependenciesID=b3006c07ea5d24c6a62a91f67dd8a039 
Number of updated asset objects reloaded before import = 0
Number of asset objects unloaded after import = 0
========================================================================
Received Import Request.
  Time of request: 2026-08-04T17:31:21.1087247Z
  Time since last request: 0.0002519 seconds.
  importAddress: GUID: e0e4f43a3816add4c86c9671d7961f2f - Path: Packages/com.unity.ugui/Tests/Runtime/UGUI/Toggle/TestableToggleGroup.cs - Importer: ScriptedImporter/UnityEditor.QuickSearchModule:UnityEditor.Search:ASIAI0B
Importing 'GUID: e0e4f43a3816add4c86c9671d7961f2f - Path: Packages/com.unity.ugui/Tests/Runtime/UGUI/Toggle/TestableToggleGroup.cs - Importer: ScriptedImporter/UnityEditor.QuickSearchModule:UnityEditor.Search:ASIAI0B' with importer (ScriptedImporter : UnityEditor.QuickSearchModule:UnityEditor.Search:ASIAI0B)
Imported 'GUID: e0e4f43a3816add4c86c9671d7961f2f' -> (Import Result ID: '6fb709fa4017cc36e7ebb9b0fdbaa4d5') in 0.002 seconds [static and dynamic dependencies]. Details - ImportResultOutputID=122204d5e4322cbc4fc1bb00f1fb84f8 DependenciesID=2625402476f108d1df14170f6ccc122a StaticDependenciesID=79b5a37d883f5dbd94d66489492daa8e 
Number of updated asset objects reloaded before import = 0
Number of asset objects unloaded after import = 0
========================================================================
Received Import Request.
  Time of request: 2026-08-04T17:31:21.1180149Z
  Time since last request: 0.0003052 seconds.
  importAddress: GUID: cb7c939a806f03341b682c180dc13f08 - Path: Packages/com.unity.ugui/Runtime/UGUI/UI/Core/Layout/LayoutGroup.cs - Importer: ScriptedImporter/UnityEditor.QuickSearchModule:UnityEditor.Search:ASIAI0B
Importing 'GUID: cb7c939a806f03341b682c180dc13f08 - Path: Packages/com.unity.ugui/Runtime/UGUI/UI/Core/Layout/LayoutGroup.cs - Importer: ScriptedImporter/UnityEditor.QuickSearchModule:UnityEditor.Search:ASIAI0B' with importer (ScriptedImporter : UnityEditor.QuickSearchModule:UnityEditor.Search:ASIAI0B)
Imported 'GUID: cb7c939a806f03341b682c180dc13f08' -> (Import Result ID: '169dc7d258fa6c0573ffb30daa53e53e') in 0.002 seconds [static and dynamic dependencies]. Details - ImportResultOutputID=ff0f82bed03665db15e90b60f84d0b4c DependenciesID=2befb9a13df1c14ac7eed689e7bba78e StaticDependenciesID=7f0707e46e4c7a2a45701c2dd61048b7 
Number of updated asset objects reloaded before import = 0
Number of asset objects unloaded after import = 0
========================================================================
Received Import Request.
  Time of request: 2026-08-04T17:31:21.1270342Z
  Time since last request: 0.0002814 seconds.
  importAddress: GUID: 513613320b52fdb40a26dd5b73d89afe - Path: Packages/com.unity.ugui/Tests/Runtime/UGUI/InputField/GenericInputFieldTests.cs - Importer: ScriptedImporter/UnityEditor.QuickSearchModule:UnityEditor.Search:ASIAI0B
Importing 'GUID: 513613320b52fdb40a26dd5b73d89afe - Path: Packages/com.unity.ugui/Tests/Runtime/UGUI/InputField/GenericInputFieldTests.cs - Importer: ScriptedImporter/UnityEditor.QuickSearchModule:UnityEditor.Search:ASIAI0B' with importer (ScriptedImporter : UnityEditor.QuickSearchModule:UnityEditor.Search:ASIAI0B)
Imported 'GUID: 513613320b52fdb40a26dd5b73d89afe' -> (Import Result ID: '159ea479d65e60d173e6aad5ef8bcb03') in 0.002 seconds [static and dynamic dependencies]. Details - ImportResultOutputID=300abef0ffdedf8580bd4c0e93ae8f2e DependenciesID=fce3b433b33580f10a89710986d72a95 StaticDependenciesID=70121b393cfcdb378f59d5fda1368f7b 
Number of updated asset objects reloaded before import = 0
Number of asset objects unloaded after import = 0
========================================================================
Received Import Request.
  Time of request: 2026-08-04T17:31:21.1360471Z
  Time since last request: 0.0002357 seconds.
  importAddress: GUID: e89ff5e7c669f70409de18c9948164d4 - Path: Packages/com.unity.ugui/Tests/Runtime/UGUI/InputField/TouchInputFieldTests.cs - Importer: ScriptedImporter/UnityEditor.QuickSearchModule:UnityEditor.Search:ASIAI0B
Importing 'GUID: e89ff5e7c669f70409de18c9948164d4 - Path: Packages/com.unity.ugui/Tests/Runtime/UGUI/InputField/TouchInputFieldTests.cs - Importer: ScriptedImporter/UnityEditor.QuickSearchModule:UnityEditor.Search:ASIAI0B' with importer (ScriptedImporter : UnityEditor.QuickSearchModule:UnityEditor.Search:ASIAI0B)
Imported 'GUID: e89ff5e7c669f70409de18c9948164d4' -> (Import Result ID: 'd00ebdd8d879ce2557dd3b3418a95200') in 0.002 seconds [static and dynamic dependencies]. Details - ImportResultOutputID=8db9efe37a58b6fdef403c0cafe5ce31 DependenciesID=f337de5d4868d2d1b4382344367b0a7b StaticDependenciesID=21c69a44c103d3e127f9f16dc46d8e4b 
Number of updated asset objects reloaded before import = 0
Number of asset objects unloaded after import = 0
========================================================================
Received Import Request.
  Time of request: 2026-08-04T17:31:21.145205Z
  Time since last request: 0.0002494 seconds.
  importAddress: GUID: a021b6d2ca2e9404b8a4d94343ecd068 - Path: Packages/com.unity.ugui/Tests/Runtime/UGUI/NestedLayout/SceneWithNestedLayoutElementsLoadScript.cs - Importer: ScriptedImporter/UnityEditor.QuickSearchModule:UnityEditor.Search:ASIAI0B
Importing 'GUID: a021b6d2ca2e9404b8a4d94343ecd068 - Path: Packages/com.unity.ugui/Tests/Runtime/UGUI/NestedLayout/SceneWithNestedLayoutElementsLoadScript.cs - Importer: ScriptedImporter/UnityEditor.QuickSearchModule:UnityEditor.Search:ASIAI0B' with importer (ScriptedImporter : UnityEditor.QuickSearchModule:UnityEditor.Search:ASIAI0B)
Imported 'GUID: a021b6d2ca2e9404b8a4d94343ecd068' -> (Import Result ID: 'f898e039f63c91c4cf5e17583dc095c7') in 0.002 seconds [static and dynamic dependencies]. Details - ImportResultOutputID=87623f0a8284d7961d6038560c5f8a11 DependenciesID=82cb62e9dce494e0433d5b23e60e17b0 StaticDependenciesID=09c5f472e5c6472d5a734c603daf3082 
Number of updated asset objects reloaded before import = 0
Number of asset objects unloaded after import = 0
========================================================================
Received Import Request.
  Time of request: 2026-08-04T17:31:21.1544142Z
  Time since last request: 0.0002465 seconds.
  importAddress: GUID: 5da88f348abcbd94585671a69c672781 - Path: Packages/com.unity.ugui/Tests/Runtime/UGUI/Util/ImageHook.cs - Importer: ScriptedImporter/UnityEditor.QuickSearchModule:UnityEditor.Search:ASIAI0B
Importing 'GUID: 5da88f348abcbd94585671a69c672781 - Path: Packages/com.unity.ugui/Tests/Runtime/UGUI/Util/ImageHook.cs - Importer: ScriptedImporter/UnityEditor.QuickSearchModule:UnityEditor.Search:ASIAI0B' with importer (ScriptedImporter : UnityEditor.QuickSearchModule:UnityEditor.Search:ASIAI0B)
Imported 'GUID: 5da88f348abcbd94585671a69c672781' -> (Import Result ID: '27f48dc18a055a3ad62bada6b8a5a350') in 0.002 seconds [static and dynamic dependencies]. Details - ImportResultOutputID=76a1ed14d6a3bd5b992be834a88e75d0 DependenciesID=67ebf1c4d3b8c43e4d5ebba1ba8e620d StaticDependenciesID=25ec4b266380201790c554fc44857ad8 
Number of updated asset objects reloaded before import = 0
Number of asset objects unloaded after import = 0
========================================================================
Received Import Request.
  Time of request: 2026-08-04T17:31:21.1635186Z
  Time since last request: 0.0003205 seconds.
  importAddress: GUID: 529fde071171dfd4e99d45ca81a3ac7b - Path: Packages/com.unity.ugui/Tests/Runtime/UGUI/MaskClipping/RectMask2DClipping.cs - Importer: ScriptedImporter/UnityEditor.QuickSearchModule:UnityEditor.Search:ASIAI0B
Importing 'GUID: 529fde071171dfd4e99d45ca81a3ac7b - Path: Packages/com.unity.ugui/Tests/Runtime/UGUI/MaskClipping/RectMask2DClipping.cs - Importer: ScriptedImporter/UnityEditor.QuickSearchModule:UnityEditor.Search:ASIAI0B' with importer (ScriptedImporter : UnityEditor.QuickSearchModule:UnityEditor.Search:ASIAI0B)
Imported 'GUID: 529fde071171dfd4e99d45ca81a3ac7b' -> (Import Result ID: 'f1a6785e31d2153cacf063cb6a62cf90') in 0.002 seconds [static and dynamic dependencies]. Details - ImportResultOutputID=9b88198a3ac8a1029e611b1f07b3d4fb DependenciesID=69c0b71db8037f41f217d64aeb48ba4c StaticDependenciesID=f8cc5ff7afd22cd2c96c6892a81769b4 
Number of updated asset objects reloaded before import = 0
Number of asset objects unloaded after import = 0
========================================================================
Received Import Request.
  Time of request: 2026-08-04T17:31:21.1734716Z
  Time since last request: 0.0002956 seconds.
  importAddress: GUID: 40c83ba6a1a64cb4baac27028dd1acc1 - Path: Packages/com.unity.ugui/Tests/Runtime/UGUI/Graphic/RawImageTestHook.cs - Importer: ScriptedImporter/UnityEditor.QuickSearchModule:UnityEditor.Search:ASIAI0B
Importing 'GUID: 40c83ba6a1a64cb4baac27028dd1acc1 - Path: Packages/com.unity.ugui/Tests/Runtime/UGUI/Graphic/RawImageTestHook.cs - Importer: ScriptedImporter/UnityEditor.QuickSearchModule:UnityEditor.Search:ASIAI0B' with importer (ScriptedImporter : UnityEditor.QuickSearchModule:UnityEditor.Search:ASIAI0B)
Imported 'GUID: 40c83ba6a1a64cb4baac27028dd1acc1' -> (Import Result ID: '2156ae25cfa7dbaf218b9999febd05f1') in 0.003 seconds [static and dynamic dependencies]. Details - ImportResultOutputID=819167d97f89faed15687da9e539ca17 DependenciesID=624f67360aed944ac75d3bd21093f171 StaticDependenciesID=1c202d104e321965a410067622ceee03 
Number of updated asset objects reloaded before import = 0
Number of asset objects unloaded after import = 0
========================================================================
Received Import Request.
  Time of request: 2026-08-04T17:31:21.1831632Z
  Time since last request: 0.0002158 seconds.
  importAddress: GUID: 9f1026265f8e3d54fb6e9f082c43debf - Path: Packages/com.unity.ugui/Runtime/UGUI/UI/Core/Culling/ClipperRegistry.cs - Importer: ScriptedImporter/UnityEditor.QuickSearchModule:UnityEditor.Search:ASIAI0B
Importing 'GUID: 9f1026265f8e3d54fb6e9f082c43debf - Path: Packages/com.unity.ugui/Runtime/UGUI/UI/Core/Culling/ClipperRegistry.cs - Importer: ScriptedImporter/UnityEditor.QuickSearchModule:UnityEditor.Search:ASIAI0B' with importer (ScriptedImporter : UnityEditor.QuickSearchModule:UnityEditor.Search:ASIAI0B)
Imported 'GUID: 9f1026265f8e3d54fb6e9f082c43debf' -> (Import Result ID: 'f118159c30ad7e89897317a9283c4c39') in 0.002 seconds [static and dynamic dependencies]. Details - ImportResultOutputID=fe70a905bd7b39c9b7b1f7d29eeaa04c DependenciesID=ea805c0e3df292c3035c9a78017465d5 StaticDependenciesID=6b48a5a1b5380f8cb2c8ff503997086b 
Number of updated asset objects reloaded before import = 0
Number of asset objects unloaded after import = 0
========================================================================
Received Import Request.
  Time of request: 2026-08-04T17:31:21.1920406Z
  Time since last request: 0.0002301 seconds.
  importAddress: GUID: 16c6414b77a90ff4098767dce485c495 - Path: Packages/com.unity.ugui/Tests/Runtime/UGUI/InputField/FakeInputModule.cs - Importer: ScriptedImporter/UnityEditor.QuickSearchModule:UnityEditor.Search:ASIAI0B
Importing 'GUID: 16c6414b77a90ff4098767dce485c495 - Path: Packages/com.unity.ugui/Tests/Runtime/UGUI/InputField/FakeInputModule.cs - Importer: ScriptedImporter/UnityEditor.QuickSearchModule:UnityEditor.Search:ASIAI0B' with importer (ScriptedImporter : UnityEditor.QuickSearchModule:UnityEditor.Search:ASIAI0B)
Imported 'GUID: 16c6414b77a90ff4098767dce485c495' -> (Import Result ID: '756a33219c83f97ad704eafb33c5eaf5') in 0.002 seconds [static and dynamic dependencies]. Details - ImportResultOutputID=ff6652d23c363b009c57d0e83d01d951 DependenciesID=8307ea23917f6e4850045b2516202a4e StaticDependenciesID=52ebf8ca54d122b9c9048c6451f12c19 
Number of updated asset objects reloaded before import = 0
Number of asset objects unloaded after import = 0
========================================================================
Received Import Request.
  Time of request: 2026-08-04T17:31:21.2197882Z
  Time since last request: 0.0187923 seconds.
  importAddress: GUID: fee59c2b2318a7e4fa7a2c2af28d9553 - Path: Packages/com.unity.collections/pvpExceptions.json - Importer: ScriptedImporter/UnityEditor.QuickSearchModule:UnityEditor.Search:ASIAI0B
Importing 'GUID: fee59c2b2318a7e4fa7a2c2af28d9553 - Path: Packages/com.unity.collections/pvpExceptions.json - Importer: ScriptedImporter/UnityEditor.QuickSearchModule:UnityEditor.Search:ASIAI0B' with importer (ScriptedImporter : UnityEditor.QuickSearchModule:UnityEditor.Search:ASIAI0B)
Imported 'GUID: fee59c2b2318a7e4fa7a2c2af28d9553' -> (Import Result ID: 'e262f361d62a2b74a6de874abe10f894') in 0.002 seconds [static and dynamic dependencies]. Details - ImportResultOutputID=ab152a120293d616f162cc9cc4d27091 DependenciesID=f795729a3670286793938a597aa58bd6 StaticDependenciesID=119ae1ceace6796b19ffe7acd4a8e295 
Number of updated asset objects reloaded before import = 0
Number of asset objects unloaded after import = 1
========================================================================
Received Import Request.
  Time of request: 2026-08-04T17:31:21.2291589Z
  Time since last request: 0.0002125 seconds.
  importAddress: GUID: 0e9b36beea84b894ca71b7dcd8883525 - Path: Packages/com.unity.collections/Unity.Collections/NativeHashMap.cs - Importer: ScriptedImporter/UnityEditor.QuickSearchModule:UnityEditor.Search:ASIAI0B
Importing 'GUID: 0e9b36beea84b894ca71b7dcd8883525 - Path: Packages/com.unity.collections/Unity.Collections/NativeHashMap.cs - Importer: ScriptedImporter/UnityEditor.QuickSearchModule:UnityEditor.Search:ASIAI0B' with importer (ScriptedImporter : UnityEditor.QuickSearchModule:UnityEditor.Search:ASIAI0B)
Imported 'GUID: 0e9b36beea84b894ca71b7dcd8883525' -> (Import Result ID: '5d6d7032c5a5112242634ad6f9f7bd97') in 0.002 seconds [static and dynamic dependencies]. Details - ImportResultOutputID=531da31538e35dda57c91e9c0164dc93 DependenciesID=463ca2dadfd43a36924a031d67b4f54a StaticDependenciesID=0bc48597237a3f4a626c756b17da8286 
Number of updated asset objects reloaded before import = 0
Number of asset objects unloaded after import = 0
========================================================================
Received Import Request.
  Time of request: 2026-08-04T17:31:21.2381944Z
  Time since last request: 0.0002674 seconds.
  importAddress: GUID: 66f7a4570af244dfacfded8cc0c60aec - Path: Packages/com.unity.collections/Unity.Collections/FixedStringFormat.gen.cs - Importer: ScriptedImporter/UnityEditor.QuickSearchModule:UnityEditor.Search:ASIAI0B
Importing 'GUID: 66f7a4570af244dfacfded8cc0c60aec - Path: Packages/com.unity.collections/Unity.Collections/FixedStringFormat.gen.cs - Importer: ScriptedImporter/UnityEditor.QuickSearchModule:UnityEditor.Search:ASIAI0B' with importer (ScriptedImporter : UnityEditor.QuickSearchModule:UnityEditor.Search:ASIAI0B)
Imported 'GUID: 66f7a4570af244dfacfded8cc0c60aec' -> (Import Result ID: '8cfa1141af55e90fe915a7bb969b8366') in 0.002 seconds [static and dynamic dependencies]. Details - ImportResultOutputID=9bc6edfdd81c65e1c20cd10a8b42694b DependenciesID=7797baf55ef25fd32512ff26c68e0eaf StaticDependenciesID=a73fd7a088f89200483278bf63e03b27 
Number of updated asset objects reloaded before import = 0
Number of asset objects unloaded after import = 0
========================================================================
Received Import Request.
  Time of request: 2026-08-04T17:31:21.2474635Z
  Time since last request: 0.0002613 seconds.
  importAddress: GUID: af5aad29a2c56fd449428c9041fc68bb - Path: Packages/com.unity.collections/README.md - Importer: ScriptedImporter/UnityEditor.QuickSearchModule:UnityEditor.Search:ASIAI0B
Importing 'GUID: af5aad29a2c56fd449428c9041fc68bb - Path: Packages/com.unity.collections/README.md - Importer: ScriptedImporter/UnityEditor.QuickSearchModule:UnityEditor.Search:ASIAI0B' with importer (ScriptedImporter : UnityEditor.QuickSearchModule:UnityEditor.Search:ASIAI0B)
Imported 'GUID: af5aad29a2c56fd449428c9041fc68bb' -> (Import Result ID: '4ccaeebf6f285b768b36f65ea81560e7') in 0.002 seconds [static and dynamic dependencies]. Details - ImportResultOutputID=445248a3cab9f51087aaeececba4c5c1 DependenciesID=3475f4d3c83afc936fc7909a1687b477 StaticDependenciesID=582db532fc940d0dba0743560bb0b4b5 
Number of updated asset objects reloaded before import = 0
Number of asset objects unloaded after import = 1
========================================================================
Received Import Request.
  Time of request: 2026-08-04T17:31:21.2566063Z
  Time since last request: 0.0003042 seconds.
  importAddress: GUID: ab361814f7174e46989e7f79e89f7c24 - Path: Packages/com.unity.collections/Unity.Collections/FixedString.gen.cs - Importer: ScriptedImporter/UnityEditor.QuickSearchModule:UnityEditor.Search:ASIAI0B
Importing 'GUID: ab361814f7174e46989e7f79e89f7c24 - Path: Packages/com.unity.collections/Unity.Collections/FixedString.gen.cs - Importer: ScriptedImporter/UnityEditor.QuickSearchModule:UnityEditor.Search:ASIAI0B' with importer (ScriptedImporter : UnityEditor.QuickSearchModule:UnityEditor.Search:ASIAI0B)
Imported 'GUID: ab361814f7174e46989e7f79e89f7c24' -> (Import Result ID: '49219be47d326d3053c84b639f17626a') in 0.003 seconds [static and dynamic dependencies]. Details - ImportResultOutputID=cb42e8e18ab699821666ec5a6cab6d4b DependenciesID=e182436f4697ecff6456a1298ba8b853 StaticDependenciesID=014e84f45a8db3fbf2a9767f9c318541 
Number of updated asset objects reloaded before import = 0
Number of asset objects unloaded after import = 0
========================================================================
Received Import Request.
  Time of request: 2026-08-04T17:31:21.2686417Z
  Time since last request: 0.0001985 seconds.
  importAddress: GUID: 0ddd82532ba0b41c7af9888fdbc562e1 - Path: Packages/com.unity.collections/Unity.Collections/NativeList.cs - Importer: ScriptedImporter/UnityEditor.QuickSearchModule:UnityEditor.Search:ASIAI0B
Importing 'GUID: 0ddd82532ba0b41c7af9888fdbc562e1 - Path: Packages/com.unity.collections/Unity.Collections/NativeList.cs - Importer: ScriptedImporter/UnityEditor.QuickSearchModule:UnityEditor.Search:ASIAI0B' with importer (ScriptedImporter : UnityEditor.QuickSearchModule:UnityEditor.Search:ASIAI0B)
Imported 'GUID: 0ddd82532ba0b41c7af9888fdbc562e1' -> (Import Result ID: '4a2f68925120d55a20ae73dd9d08034b') in 0.002 seconds [static and dynamic dependencies]. Details - ImportResultOutputID=3ed2a7eb4b2992d1eb7c55105ad795b2 DependenciesID=f794747bd192ad32711d5fa6a7f03ec4 StaticDependenciesID=550c969ec61243a374a303e1d61ba8d8 
Number of updated asset objects reloaded before import = 0
Number of asset objects unloaded after import = 0
========================================================================
Received Import Request.
  Time of request: 2026-08-04T17:31:21.2780995Z
  Time since last request: 0.0002194 seconds.
  importAddress: GUID: cf57aae738013234baa585dee44cf5ac - Path: Packages/com.unity.collections/Unity.Collections/GenerateTestsForBurstCompatibilityAttribute.cs - Importer: ScriptedImporter/UnityEditor.QuickSearchModule:UnityEditor.Search:ASIAI0B
Importing 'GUID: cf57aae738013234baa585dee44cf5ac - Path: Packages/com.unity.collections/Unity.Collections/GenerateTestsForBurstCompatibilityAttribute.cs - Importer: ScriptedImporter/UnityEditor.QuickSearchModule:UnityEditor.Search:ASIAI0B' with importer (ScriptedImporter : UnityEditor.QuickSearchModule:UnityEditor.Search:ASIAI0B)
Imported 'GUID: cf57aae738013234baa585dee44cf5ac' -> (Import Result ID: '48db3f98851cdd43f783a05415dafcbe') in 0.002 seconds [static and dynamic dependencies]. Details - ImportResultOutputID=046374ebe795e64c9ca2a0c238e6c4e5 DependenciesID=a2d295e4a1037092ff5af0d57117cb9e StaticDependenciesID=2ddd750dfc695da8e59fc85b3654ea88 
Number of updated asset objects reloaded before import = 0
Number of asset objects unloaded after import = 0
========================================================================
Received Import Request.
  Time of request: 2026-08-04T17:31:21.2877393Z
  Time since last request: 0.0002264 seconds.
  importAddress: GUID: 89f65fb005504fceb04727480e65f16c - Path: Packages/com.unity.collections/Unity.Collections/FixedStringFormatMethods.gen.cs - Importer: ScriptedImporter/UnityEditor.QuickSearchModule:UnityEditor.Search:ASIAI0B
Importing 'GUID: 89f65fb005504fceb04727480e65f16c - Path: Packages/com.unity.collections/Unity.Collections/FixedStringFormatMethods.gen.cs - Importer: ScriptedImporter/UnityEditor.QuickSearchModule:UnityEditor.Search:ASIAI0B' with importer (ScriptedImporter : UnityEditor.QuickSearchModule:UnityEditor.Search:ASIAI0B)
Imported 'GUID: 89f65fb005504fceb04727480e65f16c' -> (Import Result ID: '2161284988c1db3d68d4d99d97d015a8') in 0.002 seconds [static and dynamic dependencies]. Details - ImportResultOutputID=794f9e49aa21628feaaa64747ec74927 DependenciesID=8b40a25597f8857b612de670fa04646c StaticDependenciesID=0f56c09e8d6d5addf76518b39f914122 
Number of updated asset objects reloaded before import = 0
Number of asset objects unloaded after import = 0
========================================================================
Received Import Request.
  Time of request: 2026-08-04T17:31:21.2979638Z
  Time since last request: 0.0002685 seconds.
  importAddress: GUID: cd561f5f687aed43bf280c27a84f79e3 - Path: Packages/com.unity.modules.screencapture/package.ModuleCompilationTrigger - Importer: ScriptedImporter/UnityEditor.QuickSearchModule:UnityEditor.Search:ASIAI0B
Importing 'GUID: cd561f5f687aed43bf280c27a84f79e3 - Path: Packages/com.unity.modules.screencapture/package.ModuleCompilationTrigger - Importer: ScriptedImporter/UnityEditor.QuickSearchModule:UnityEditor.Search:ASIAI0B' with importer (ScriptedImporter : UnityEditor.QuickSearchModule:UnityEditor.Search:ASIAI0B)
Imported 'GUID: cd561f5f687aed43bf280c27a84f79e3' -> (Import Result ID: 'eb1aeb3dd2abed95ef582e2e3ae639da') in 0.002 seconds [static and dynamic dependencies]. Details - ImportResultOutputID=87c24dea3608290df6d310b60ac4bb90 DependenciesID=5f02a42f20c2b50194e1e4f3e3f78316 StaticDependenciesID=462d53b40b3e1138d927b024815499b9 
Number of updated asset objects reloaded before import = 0
Number of asset objects unloaded after import = 1
========================================================================
Received Import Request.
  Time of request: 2026-08-04T17:31:21.3083983Z
  Time since last request: 0.0002448 seconds.
  importAddress: GUID: a5d815866ec304e56b03ec5cfc5f8b0a - Path: Packages/com.unity.collections/CHANGELOG.md - Importer: ScriptedImporter/UnityEditor.QuickSearchModule:UnityEditor.Search:ASIAI0B
Importing 'GUID: a5d815866ec304e56b03ec5cfc5f8b0a - Path: Packages/com.unity.collections/CHANGELOG.md - Importer: ScriptedImporter/UnityEditor.QuickSearchModule:UnityEditor.Search:ASIAI0B' with importer (ScriptedImporter : UnityEditor.QuickSearchModule:UnityEditor.Search:ASIAI0B)
Imported 'GUID: a5d815866ec304e56b03ec5cfc5f8b0a' -> (Import Result ID: 'b938673d702fbe7a368419dd5ca66149') in 0.002 seconds [static and dynamic dependencies]. Details - ImportResultOutputID=877319d21e2ca6a555b4b47579deb005 DependenciesID=26ef74186151620e6956bc16bb84a75d StaticDependenciesID=5b156b538c748862bf4d30b72f7e3f72 
Number of updated asset objects reloaded before import = 0
Number of asset objects unloaded after import = 1
========================================================================
Received Import Request.
  Time of request: 2026-08-04T17:31:21.3170816Z
  Time since last request: 0.0002498 seconds.
  importAddress: GUID: 41cc650015014737ae58d20e77323080 - Path: Packages/com.unity.collections/Unity.Collections/NativeArrayExtensions.cs - Importer: ScriptedImporter/UnityEditor.QuickSearchModule:UnityEditor.Search:ASIAI0B
Importing 'GUID: 41cc650015014737ae58d20e77323080 - Path: Packages/com.unity.collections/Unity.Collections/NativeArrayExtensions.cs - Importer: ScriptedImporter/UnityEditor.QuickSearchModule:UnityEditor.Search:ASIAI0B' with importer (ScriptedImporter : UnityEditor.QuickSearchModule:UnityEditor.Search:ASIAI0B)
Imported 'GUID: 41cc650015014737ae58d20e77323080' -> (Import Result ID: '6780b11a5f9d74892bb6f1fdb1067657') in 0.002 seconds [static and dynamic dependencies]. Details - ImportResultOutputID=45580282b31ca25e684f7a26d58d4446 DependenciesID=0b047f956f91fb6c1a37fec7034ce618 StaticDependenciesID=932494eaa72d91b149cfa42a4f9aefa3 
Number of updated asset objects reloaded before import = 0
Number of asset objects unloaded after import = 0
========================================================================
Received Import Request.
  Time of request: 2026-08-04T17:31:21.3274033Z
  Time since last request: 0.0002313 seconds.
  importAddress: GUID: fb24b35aa8286aa45a866596124a241d - Path: Packages/com.unity.collections/Unity.Collections/FixedList.gen.cs - Importer: ScriptedImporter/UnityEditor.QuickSearchModule:UnityEditor.Search:ASIAI0B
Importing 'GUID: fb24b35aa8286aa45a866596124a241d - Path: Packages/com.unity.collections/Unity.Collections/FixedList.gen.cs - Importer: ScriptedImporter/UnityEditor.QuickSearchModule:UnityEditor.Search:ASIAI0B' with importer (ScriptedImporter : UnityEditor.QuickSearchModule:UnityEditor.Search:ASIAI0B)
Imported 'GUID: fb24b35aa8286aa45a866596124a241d' -> (Import Result ID: '94c8bca740d0ca1281bdda082d0ad6bd') in 0.002 seconds [static and dynamic dependencies]. Details - ImportResultOutputID=8ac457c907aa45e5c82ce46ce9830aea DependenciesID=6afe4b50c819e5bae6b91a35d36a35bd StaticDependenciesID=8004f5e7d0780e6ad123d7b923388c75 
Number of updated asset objects reloaded before import = 0
Number of asset objects unloaded after import = 0
========================================================================
Received Import Request.
  Time of request: 2026-08-04T17:31:21.3531428Z
  Time since last request: 0.0159522 seconds.
  importAddress: GUID: 80ca4f6f8df346a7b0719fe317b538ac - Path: Packages/com.unity.collections/Unity.Collections/xxHash3.AVX2.cs - Importer: ScriptedImporter/UnityEditor.QuickSearchModule:UnityEditor.Search:ASIAI0B
Importing 'GUID: 80ca4f6f8df346a7b0719fe317b538ac - Path: Packages/com.unity.collections/Unity.Collections/xxHash3.AVX2.cs - Importer: ScriptedImporter/UnityEditor.QuickSearchModule:UnityEditor.Search:ASIAI0B' with importer (ScriptedImporter : UnityEditor.QuickSearchModule:UnityEditor.Search:ASIAI0B)
Imported 'GUID: 80ca4f6f8df346a7b0719fe317b538ac' -> (Import Result ID: '0ad3d1f40b1c00ef5eeda6896e0a31f9') in 0.002 seconds [static and dynamic dependencies]. Details - ImportResultOutputID=596744b620f4d684626947aeaa012389 DependenciesID=0ad91bac88ee001a58b6319d4d2d319f StaticDependenciesID=8e10b6ccef4a4590f9fe70fded91e54c 
Number of updated asset objects reloaded before import = 0
Number of asset objects unloaded after import = 0
========================================================================
Received Import Request.
  Time of request: 2026-08-04T17:31:21.3621172Z
  Time since last request: 0.000355 seconds.
  importAddress: GUID: 64aa0d92f72fa4af49049126211731d0 - Path: Packages/com.unity.collections/Unity.Collections/NativeStream.cs - Importer: ScriptedImporter/UnityEditor.QuickSearchModule:UnityEditor.Search:ASIAI0B
Importing 'GUID: 64aa0d92f72fa4af49049126211731d0 - Path: Packages/com.unity.collections/Unity.Collections/NativeStream.cs - Importer: ScriptedImporter/UnityEditor.QuickSearchModule:UnityEditor.Search:ASIAI0B' with importer (ScriptedImporter : UnityEditor.QuickSearchModule:UnityEditor.Search:ASIAI0B)
Imported 'GUID: 64aa0d92f72fa4af49049126211731d0' -> (Import Result ID: '50db493b8b29d2266b0c5eec14f15c7a') in 0.002 seconds [static and dynamic dependencies]. Details - ImportResultOutputID=2a59c24f78af36a87c0a33ab693acb4d DependenciesID=559c941bd676e69de59880e43e66ded9 StaticDependenciesID=6932442b6a8e69b6fb39c086b021a810 
Number of updated asset objects reloaded before import = 0
Number of asset objects unloaded after import = 0
========================================================================
Received Import Request.
  Time of request: 2026-08-04T17:31:21.3733614Z
  Time since last request: 0.0004572 seconds.
  importAddress: GUID: 2d8c01f04a0874c9384ae360c07d0098 - Path: Packages/com.unity.collections/Unity.Collections/NativeQueue.cs - Importer: ScriptedImporter/UnityEditor.QuickSearchModule:UnityEditor.Search:ASIAI0B
Importing 'GUID: 2d8c01f04a0874c9384ae360c07d0098 - Path: Packages/com.unity.collections/Unity.Collections/NativeQueue.cs - Importer: ScriptedImporter/UnityEditor.QuickSearchModule:UnityEditor.Search:ASIAI0B' with importer (ScriptedImporter : UnityEditor.QuickSearchModule:UnityEditor.Search:ASIAI0B)
Imported 'GUID: 2d8c01f04a0874c9384ae360c07d0098' -> (Import Result ID: '7534700c742b64d927c0b9e18a6c947c') in 0.003 seconds [static and dynamic dependencies]. Details - ImportResultOutputID=f29783d504dcb526544d3b4c6fc35603 DependenciesID=df84b48d7336b9d8a4b59785d20b9bf9 StaticDependenciesID=675e17fd84a1df245d228eda4ac6df90 
Number of updated asset objects reloaded before import = 0
Number of asset objects unloaded after import = 0
========================================================================
Received Import Request.
  Time of request: 2026-08-04T17:31:21.3998514Z
  Time since last request: 0.0146629 seconds.
  importAddress: GUID: 24459080b05524c1ab8f3f7ed129e765 - Path: Packages/com.unity.collections/Unity.Collections/UnsafeScratchAllocator.cs - Importer: ScriptedImporter/UnityEditor.QuickSearchModule:UnityEditor.Search:ASIAI0B
Importing 'GUID: 24459080b05524c1ab8f3f7ed129e765 - Path: Packages/com.unity.collections/Unity.Collections/UnsafeScratchAllocator.cs - Importer: ScriptedImporter/UnityEditor.QuickSearchModule:UnityEditor.Search:ASIAI0B' with importer (ScriptedImporter : UnityEditor.QuickSearchModule:UnityEditor.Search:ASIAI0B)
Imported 'GUID: 24459080b05524c1ab8f3f7ed129e765' -> (Import Result ID: 'cd27fa8f72017c098f5d018b0b379a69') in 0.003 seconds [static and dynamic dependencies]. Details - ImportResultOutputID=1dd99ff7cbd90454c4f901b4a810b77d DependenciesID=0c0d54633cf4b24b69f19cb6e4afa8da StaticDependenciesID=b1f3f09c47294896e769aa997bf89c66 
Number of updated asset objects reloaded before import = 0
Number of asset objects unloaded after import = 0
========================================================================
Received Import Request.
  Time of request: 2026-08-04T17:31:21.4279079Z
  Time since last request: 0.017102 seconds.
  importAddress: GUID: b2e6965b14d70e04891af62210c14587 - Path: Packages/com.unity.collections/Unity.Collections/UnsafeHashMap.cs - Importer: ScriptedImporter/UnityEditor.QuickSearchModule:UnityEditor.Search:ASIAI0B
Importing 'GUID: b2e6965b14d70e04891af62210c14587 - Path: Packages/com.unity.collections/Unity.Collections/UnsafeHashMap.cs - Importer: ScriptedImporter/UnityEditor.QuickSearchModule:UnityEditor.Search:ASIAI0B' with importer (ScriptedImporter : UnityEditor.QuickSearchModule:UnityEditor.Search:ASIAI0B)
Imported 'GUID: b2e6965b14d70e04891af62210c14587' -> (Import Result ID: 'ea240884555c272db06014ecffaae320') in 0.002 seconds [static and dynamic dependencies]. Details - ImportResultOutputID=806b5727265029a49e82a49ee705c133 DependenciesID=8d8ef5b086a7f54e9f7919d4846771ee StaticDependenciesID=8de76bfee908276566208c3573199ba9 
Number of updated asset objects reloaded before import = 0
Number of asset objects unloaded after import = 0
========================================================================
Received Import Request.
  Time of request: 2026-08-04T17:31:21.4373539Z
  Time since last request: 0.0002358 seconds.
  importAddress: GUID: 44913edcb40f4e06a2c16796ccbb82b6 - Path: Packages/com.unity.collections/Unity.Collections/UnsafeText.cs - Importer: ScriptedImporter/UnityEditor.QuickSearchModule:UnityEditor.Search:ASIAI0B
Importing 'GUID: 44913edcb40f4e06a2c16796ccbb82b6 - Path: Packages/com.unity.collections/Unity.Collections/UnsafeText.cs - Importer: ScriptedImporter/UnityEditor.QuickSearchModule:UnityEditor.Search:ASIAI0B' with importer (ScriptedImporter : UnityEditor.QuickSearchModule:UnityEditor.Search:ASIAI0B)
Imported 'GUID: 44913edcb40f4e06a2c16796ccbb82b6' -> (Import Result ID: '8273d13da1a8303e3c6c9dfef4822305') in 0.003 seconds [static and dynamic dependencies]. Details - ImportResultOutputID=b518e817b84cc8ec1f3862181883aa33 DependenciesID=5807e9aa5291725728b7599a345983c1 StaticDependenciesID=502503c7eac0db51d68b1caff7212375 
Number of updated asset objects reloaded before import = 0
Number of asset objects unloaded after import = 0
========================================================================
Received Import Request.
  Time of request: 2026-08-04T17:31:21.448224Z
  Time since last request: 0.0004417 seconds.
  importAddress: GUID: 1de5774def35a6642a480cfd1b8c11d7 - Path: Packages/com.unity.collections/Unity.Collections/NativeParallelMultiHashMap.cs - Importer: ScriptedImporter/UnityEditor.QuickSearchModule:UnityEditor.Search:ASIAI0B
Importing 'GUID: 1de5774def35a6642a480cfd1b8c11d7 - Path: Packages/com.unity.collections/Unity.Collections/NativeParallelMultiHashMap.cs - Importer: ScriptedImporter/UnityEditor.QuickSearchModule:UnityEditor.Search:ASIAI0B' with importer (ScriptedImporter : UnityEditor.QuickSearchModule:UnityEditor.Search:ASIAI0B)
Imported 'GUID: 1de5774def35a6642a480cfd1b8c11d7' -> (Import Result ID: 'c4eadc9c8ff3282d47affd05d30f1472') in 0.002 seconds [static and dynamic dependencies]. Details - ImportResultOutputID=47c9a86dbf9d969ca9cc8ed8a9b49605 DependenciesID=90acc2105c823d42e3f0858d6fc76871 StaticDependenciesID=f00065d1b3d72487ac71d4c952d043c3 
Number of updated asset objects reloaded before import = 0
Number of asset objects unloaded after import = 0
========================================================================
Received Import Request.
  Time of request: 2026-08-04T17:31:21.4578122Z
  Time since last request: 0.0002687 seconds.
  importAddress: GUID: 2d53df25c7f81aa419ea121140c42d6b - Path: Packages/com.unity.collections/Unity.Collections.CodeGen/UserError.cs - Importer: ScriptedImporter/UnityEditor.QuickSearchModule:UnityEditor.Search:ASIAI0B
Importing 'GUID: 2d53df25c7f81aa419ea121140c42d6b - Path: Packages/com.unity.collections/Unity.Collections.CodeGen/UserError.cs - Importer: ScriptedImporter/UnityEditor.QuickSearchModule:UnityEditor.Search:ASIAI0B' with importer (ScriptedImporter : UnityEditor.QuickSearchModule:UnityEditor.Search:ASIAI0B)
Imported 'GUID: 2d53df25c7f81aa419ea121140c42d6b' -> (Import Result ID: '2dee75e78d548421ced65efb29fa0479') in 0.002 seconds [static and dynamic dependencies]. Details - ImportResultOutputID=0c033ad6b64e870735c261e3d28742bf DependenciesID=88d8ff2a7d38506b189559df848bb971 StaticDependenciesID=79dff3d07713ffe50b3f68b08029a065 
Number of updated asset objects reloaded before import = 0
Number of asset objects unloaded after import = 0
========================================================================
Received Import Request.
  Time of request: 2026-08-04T17:31:21.4675716Z
  Time since last request: 0.0002296 seconds.
  importAddress: GUID: 656438ffe79c94447bf483cf17d90bf6 - Path: Packages/com.unity.collections/Unity.Collections/UnsafeUtilityEx.cs - Importer: ScriptedImporter/UnityEditor.QuickSearchModule:UnityEditor.Search:ASIAI0B
Importing 'GUID: 656438ffe79c94447bf483cf17d90bf6 - Path: Packages/com.unity.collections/Unity.Collections/UnsafeUtilityEx.cs - Importer: ScriptedImporter/UnityEditor.QuickSearchModule:UnityEditor.Search:ASIAI0B' with importer (ScriptedImporter : UnityEditor.QuickSearchModule:UnityEditor.Search:ASIAI0B)
Imported 'GUID: 656438ffe79c94447bf483cf17d90bf6' -> (Import Result ID: '9fb6f4e13267cc38cbbc1c142549e697') in 0.002 seconds [static and dynamic dependencies]. Details - ImportResultOutputID=0ef4e69b6986a9e99cb5b0f632379617 DependenciesID=cf95a136d9a40329fad3bb90183e5dfd StaticDependenciesID=2fab31f8e774cccf6819e953e47b02c4 
Number of updated asset objects reloaded before import = 0
Number of asset objects unloaded after import = 0
========================================================================
Received Import Request.
  Time of request: 2026-08-04T17:31:21.4762213Z
  Time since last request: 0.0002713 seconds.
  importAddress: GUID: ea14c18964a134080bea2f114390f80b - Path: Packages/com.unity.collections/Unity.Collections/NativeSort.cs - Importer: ScriptedImporter/UnityEditor.QuickSearchModule:UnityEditor.Search:ASIAI0B
Importing 'GUID: ea14c18964a134080bea2f114390f80b - Path: Packages/com.unity.collections/Unity.Collections/NativeSort.cs - Importer: ScriptedImporter/UnityEditor.QuickSearchModule:UnityEditor.Search:ASIAI0B' with importer (ScriptedImporter : UnityEditor.QuickSearchModule:UnityEditor.Search:ASIAI0B)
Imported 'GUID: ea14c18964a134080bea2f114390f80b' -> (Import Result ID: '0ccf3aafe9a4fac7e7f53e00ea9d03e2') in 0.002 seconds [static and dynamic dependencies]. Details - ImportResultOutputID=fb44f90d5d9bec82b358a8a8c5ef66b5 DependenciesID=e33d253c1cea29c21092fc80a39907c4 StaticDependenciesID=002a76f114a2d58056804d052885f5d6 
Number of updated asset objects reloaded before import = 0
Number of asset objects unloaded after import = 0
========================================================================
Received Import Request.
  Time of request: 2026-08-04T17:31:21.4855721Z
  Time since last request: 0.000321 seconds.
  importAddress: GUID: e0cd26848372d4e5c891c569017e11f1 - Path: Packages/com.unity.collections/Unity.Collections/Unity.Collections.asmdef - Importer: ScriptedImporter/UnityEditor.QuickSearchModule:UnityEditor.Search:ASIAI0B
Importing 'GUID: e0cd26848372d4e5c891c569017e11f1 - Path: Packages/com.unity.collections/Unity.Collections/Unity.Collections.asmdef - Importer: ScriptedImporter/UnityEditor.QuickSearchModule:UnityEditor.Search:ASIAI0B' with importer (ScriptedImporter : UnityEditor.QuickSearchModule:UnityEditor.Search:ASIAI0B)
Imported 'GUID: e0cd26848372d4e5c891c569017e11f1' -> (Import Result ID: 'aeaab96d49572d4789e87ec00175bcaf') in 0.002 seconds [static and dynamic dependencies]. Details - ImportResultOutputID=3dc41f26778c04851355fda53bf68a46 DependenciesID=0b13f4d5b6dcef34bca4486fcc809654 StaticDependenciesID=e28434144b92343f6c3c1ecbaa67210c 
Number of updated asset objects reloaded before import = 0
Number of asset objects unloaded after import = 1
========================================================================
Received Import Request.
  Time of request: 2026-08-04T17:31:21.4947378Z
  Time since last request: 0.0002628 seconds.
  importAddress: GUID: 469c3f7cf80934f0fb79e0ab07665b81 - Path: Packages/com.unity.collections/Unity.Collections/UnsafeAppendBuffer.cs - Importer: ScriptedImporter/UnityEditor.QuickSearchModule:UnityEditor.Search:ASIAI0B
Importing 'GUID: 469c3f7cf80934f0fb79e0ab07665b81 - Path: Packages/com.unity.collections/Unity.Collections/UnsafeAppendBuffer.cs - Importer: ScriptedImporter/UnityEditor.QuickSearchModule:UnityEditor.Search:ASIAI0B' with importer (ScriptedImporter : UnityEditor.QuickSearchModule:UnityEditor.Search:ASIAI0B)
Imported 'GUID: 469c3f7cf80934f0fb79e0ab07665b81' -> (Import Result ID: 'a63ab08198fca14cfcec12997b80eec9') in 0.002 seconds [static and dynamic dependencies]. Details - ImportResultOutputID=939e7555f109a387b2f528a3b2573332 DependenciesID=60e097c698d4d2ef10c6f085a45bb5ef StaticDependenciesID=33a1168f660aab51108dd2fe5c771eea 
Number of updated asset objects reloaded before import = 0
Number of asset objects unloaded after import = 0
========================================================================
Received Import Request.
  Time of request: 2026-08-04T17:31:21.8586334Z
  Time since last request: 0.3552272 seconds.
  importAddress: GUID: 073d9e43aff74464ab326f22b63d0dce - Path: Packages/com.unity.collections/Unity.Collections.Tests/NativeParallelHashMapTestsFixture.cs - Importer: ScriptedImporter/UnityEditor.QuickSearchModule:UnityEditor.Search:ASIAI0B
Importing 'GUID: 073d9e43aff74464ab326f22b63d0dce - Path: Packages/com.unity.collections/Unity.Collections.Tests/NativeParallelHashMapTestsFixture.cs - Importer: ScriptedImporter/UnityEditor.QuickSearchModule:UnityEditor.Search:ASIAI0B' with importer (ScriptedImporter : UnityEditor.QuickSearchModule:UnityEditor.Search:ASIAI0B)
Imported 'GUID: 073d9e43aff74464ab326f22b63d0dce' -> (Import Result ID: '21565453cf1726518a1782d15dc51162') in 0.002 seconds [static and dynamic dependencies]. Details - ImportResultOutputID=2dc162f7b64bcac318061709e8a484ca DependenciesID=75a41d184f12e45a95c9061c29018e5a StaticDependenciesID=a9d01618c3644d840ea573a41cc34936 
Number of updated asset objects reloaded before import = 0
Number of asset objects unloaded after import = 0
========================================================================
Received Import Request.
  Time of request: 2026-08-04T17:31:21.8689382Z
  Time since last request: 0.0004094 seconds.
  importAddress: GUID: 05b24f32afe304172bde605516dda297 - Path: Packages/com.unity.collections/Unity.Collections.Tests/NativeParallelMultiHashMapTests_InJobs.cs - Importer: ScriptedImporter/UnityEditor.QuickSearchModule:UnityEditor.Search:ASIAI0B
Importing 'GUID: 05b24f32afe304172bde605516dda297 - Path: Packages/com.unity.collections/Unity.Collections.Tests/NativeParallelMultiHashMapTests_InJobs.cs - Importer: ScriptedImporter/UnityEditor.QuickSearchModule:UnityEditor.Search:ASIAI0B' with importer (ScriptedImporter : UnityEditor.QuickSearchModule:UnityEditor.Search:ASIAI0B)
Imported 'GUID: 05b24f32afe304172bde605516dda297' -> (Import Result ID: 'fc462c39ce40a088561eeb4a31fa6d32') in 0.002 seconds [static and dynamic dependencies]. Details - ImportResultOutputID=36469c906e6d2870b4cde8b79fd1bf2c DependenciesID=cb1eed515642515fa4137eb445778a4c StaticDependenciesID=307dad6fee579b4ee7d16b5aab6e77dc 
Number of updated asset objects reloaded before import = 0
Number of asset objects unloaded after import = 0
========================================================================
Received Import Request.
  Time of request: 2026-08-04T17:31:21.8789181Z
  Time since last request: 0.0005564 seconds.
  importAddress: GUID: ebbea1c70c20149eea64c53647a70872 - Path: Packages/com.unity.collections/Unity.Collections.Tests/Unity.Collections.Tests.asmdef - Importer: ScriptedImporter/UnityEditor.QuickSearchModule:UnityEditor.Search:ASIAI0B
Importing 'GUID: ebbea1c70c20149eea64c53647a70872 - Path: Packages/com.unity.collections/Unity.Collections.Tests/Unity.Collections.Tests.asmdef - Importer: ScriptedImporter/UnityEditor.QuickSearchModule:UnityEditor.Search:ASIAI0B' with importer (ScriptedImporter : UnityEditor.QuickSearchModule:UnityEditor.Search:ASIAI0B)
Imported 'GUID: ebbea1c70c20149eea64c53647a70872' -> (Import Result ID: '4b798ff3796da8e1674a73bc32aa357f') in 0.002 seconds [static and dynamic dependencies]. Details - ImportResultOutputID=48281ac793a35407c4ee46d0d2132bbd DependenciesID=5933a13bf8d143f22ba3d63285d63873 StaticDependenciesID=003f9d02e6ebe229367a57eb4e49e43c 
Number of updated asset objects reloaded before import = 0
Number of asset objects unloaded after import = 1
========================================================================
Received Import Request.
  Time of request: 2026-08-04T17:31:21.8892387Z
  Time since last request: 0.000462 seconds.
  importAddress: GUID: 0be05385fc513c143a5b5249b7ad6211 - Path: Packages/com.unity.collections/Unity.Collections.Tests/FixedStringSizedTests.tt - Importer: ScriptedImporter/UnityEditor.QuickSearchModule:UnityEditor.Search:ASIAI0B
Importing 'GUID: 0be05385fc513c143a5b5249b7ad6211 - Path: Packages/com.unity.collections/Unity.Collections.Tests/FixedStringSizedTests.tt - Importer: ScriptedImporter/UnityEditor.QuickSearchModule:UnityEditor.Search:ASIAI0B' with importer (ScriptedImporter : UnityEditor.QuickSearchModule:UnityEditor.Search:ASIAI0B)
Imported 'GUID: 0be05385fc513c143a5b5249b7ad6211' -> (Import Result ID: 'a7330613e432a72502486fa8ad8cbe51') in 0.002 seconds [static and dynamic dependencies]. Details - ImportResultOutputID=07034fa64e214380da3bc76a04930eb7 DependenciesID=54b34ec5f3a1fb1e9f646e7a3a50d447 StaticDependenciesID=63ce5670ccb32ec42586823b4d7b97bb 
Number of updated asset objects reloaded before import = 0
Number of asset objects unloaded after import = 1
========================================================================
Received Import Request.
  Time of request: 2026-08-04T17:31:21.8992522Z
  Time since last request: 0.0002304 seconds.
  importAddress: GUID: ca1581892ffd54eadb405c6eb1c0ce36 - Path: Packages/com.unity.collections/Unity.Collections.Tests/NativeContainerTests_ValidateTypes.cs - Importer: ScriptedImporter/UnityEditor.QuickSearchModule:UnityEditor.Search:ASIAI0B
Importing 'GUID: ca1581892ffd54eadb405c6eb1c0ce36 - Path: Packages/com.unity.collections/Unity.Collections.Tests/NativeContainerTests_ValidateTypes.cs - Importer: ScriptedImporter/UnityEditor.QuickSearchModule:UnityEditor.Search:ASIAI0B' with importer (ScriptedImporter : UnityEditor.QuickSearchModule:UnityEditor.Search:ASIAI0B)
Imported 'GUID: ca1581892ffd54eadb405c6eb1c0ce36' -> (Import Result ID: 'a2b21d8eddaf849e644e250923898632') in 0.002 seconds [static and dynamic dependencies]. Details - ImportResultOutputID=143290dcb7126aca3b364ed440c68a2d DependenciesID=6aa3e38415429103e1b260daf4c50895 StaticDependenciesID=50e210f9181b35fa4c0b97fc586a6154 
Number of updated asset objects reloaded before import = 0
Number of asset objects unloaded after import = 0
========================================================================
Received Import Request.
  Time of request: 2026-08-04T17:31:21.9076846Z
  Time since last request: 0.000224 seconds.
  importAddress: GUID: bab7c0ffc204a4a66b298944fa98b4ec - Path: Packages/com.unity.collections/Unity.Collections.Tests/NativeParallelMultiHashMapTestsFixture.cs - Importer: ScriptedImporter/UnityEditor.QuickSearchModule:UnityEditor.Search:ASIAI0B
Importing 'GUID: bab7c0ffc204a4a66b298944fa98b4ec - Path: Packages/com.unity.collections/Unity.Collections.Tests/NativeParallelMultiHashMapTestsFixture.cs - Importer: ScriptedImporter/UnityEditor.QuickSearchModule:UnityEditor.Search:ASIAI0B' with importer (ScriptedImporter : UnityEditor.QuickSearchModule:UnityEditor.Search:ASIAI0B)
Imported 'GUID: bab7c0ffc204a4a66b298944fa98b4ec' -> (Import Result ID: 'b80378f9a6e20769b555659ef37a8ace') in 0.002 seconds [static and dynamic dependencies]. Details - ImportResultOutputID=1bdb1f21ea69466192e6f4ad7005c3ac DependenciesID=d55843e4ac44673f6d673f3c3517b489 StaticDependenciesID=c7cf2cd31b580a6b48673f87032a156f 
Number of updated asset objects reloaded before import = 0
Number of asset objects unloaded after import = 0
========================================================================
Received Import Request.
  Time of request: 2026-08-04T17:31:21.9179096Z
  Time since last request: 0.0002926 seconds.
  importAddress: GUID: f492edc6c73b74b7f994f4e948d53302 - Path: Packages/com.unity.collections/Unity.Collections.Tests/NativeListTests.cs - Importer: ScriptedImporter/UnityEditor.QuickSearchModule:UnityEditor.Search:ASIAI0B
Importing 'GUID: f492edc6c73b74b7f994f4e948d53302 - Path: Packages/com.unity.collections/Unity.Collections.Tests/NativeListTests.cs - Importer: ScriptedImporter/UnityEditor.QuickSearchModule:UnityEditor.Search:ASIAI0B' with importer (ScriptedImporter : UnityEditor.QuickSearchModule:UnityEditor.Search:ASIAI0B)
Imported 'GUID: f492edc6c73b74b7f994f4e948d53302' -> (Import Result ID: '7a23202ecb140f59a7393375b15ddc6f') in 0.002 seconds [static and dynamic dependencies]. Details - ImportResultOutputID=986bfd065a7edd1c77bff7200ee47377 DependenciesID=57d8f9d234e4c944efcc435f4f627cda StaticDependenciesID=301ce344e2ff6b8d433f04b4956a5a8d 
Number of updated asset objects reloaded before import = 0
Number of asset objects unloaded after import = 0
========================================================================
Received Import Request.
  Time of request: 2026-08-04T17:31:21.9266143Z
  Time since last request: 0.0002586 seconds.
  importAddress: GUID: e63bf9a80e1c4f6fa05404f9afe1bb32 - Path: Packages/com.unity.collections/Unity.Collections.Tests/FixedStringCultureTests.cs - Importer: ScriptedImporter/UnityEditor.QuickSearchModule:UnityEditor.Search:ASIAI0B
Importing 'GUID: e63bf9a80e1c4f6fa05404f9afe1bb32 - Path: Packages/com.unity.collections/Unity.Collections.Tests/FixedStringCultureTests.cs - Importer: ScriptedImporter/UnityEditor.QuickSearchModule:UnityEditor.Search:ASIAI0B' with importer (ScriptedImporter : UnityEditor.QuickSearchModule:UnityEditor.Search:ASIAI0B)
Imported 'GUID: e63bf9a80e1c4f6fa05404f9afe1bb32' -> (Import Result ID: 'd2b74f11dc4d520d2225fb8e7d306285') in 0.002 seconds [static and dynamic dependencies]. Details - ImportResultOutputID=8015e5287971e0f77e3c72d068b25140 DependenciesID=5791bf10c56af5771bb27632d9781583 StaticDependenciesID=13861ce9f83639a7a4f676a08a00b23c 
Number of updated asset objects reloaded before import = 0
Number of asset objects unloaded after import = 0
========================================================================
Received Import Request.
  Time of request: 2026-08-04T17:31:21.9367087Z
  Time since last request: 0.0003155 seconds.
  importAddress: GUID: 324a8ab7f6c750745ba1e7e49de993e0 - Path: Packages/com.unity.collections/Unity.Collections.Tests/NativeQueueTests.cs - Importer: ScriptedImporter/UnityEditor.QuickSearchModule:UnityEditor.Search:ASIAI0B
Importing 'GUID: 324a8ab7f6c750745ba1e7e49de993e0 - Path: Packages/com.unity.collections/Unity.Collections.Tests/NativeQueueTests.cs - Importer: ScriptedImporter/UnityEditor.QuickSearchModule:UnityEditor.Search:ASIAI0B' with importer (ScriptedImporter : UnityEditor.QuickSearchModule:UnityEditor.Search:ASIAI0B)
Imported 'GUID: 324a8ab7f6c750745ba1e7e49de993e0' -> (Import Result ID: '2c938e040cb0014d659cc59dffaddc2f') in 0.003 seconds [static and dynamic dependencies]. Details - ImportResultOutputID=0894127e5a6ac08284b710076a6a2a89 DependenciesID=a8f1f099a75e0218182642ac5be9a54d StaticDependenciesID=56bbbd2aea098fc87c617de3175cefb1 
Number of updated asset objects reloaded before import = 0
Number of asset objects unloaded after import = 0
========================================================================
Received Import Request.
  Time of request: 2026-08-04T17:31:21.9492451Z
  Time since last request: 0.0002049 seconds.
  importAddress: GUID: 4af3ca04cfb2f4b2e91ba58bc5adc6af - Path: Packages/com.unity.collections/Unity.Collections.Tests/NativeContainerTests_ValidateTypes_JobDebugger.cs - Importer: ScriptedImporter/UnityEditor.QuickSearchModule:UnityEditor.Search:ASIAI0B
Importing 'GUID: 4af3ca04cfb2f4b2e91ba58bc5adc6af - Path: Packages/com.unity.collections/Unity.Collections.Tests/NativeContainerTests_ValidateTypes_JobDebugger.cs - Importer: ScriptedImporter/UnityEditor.QuickSearchModule:UnityEditor.Search:ASIAI0B' with importer (ScriptedImporter : UnityEditor.QuickSearchModule:UnityEditor.Search:ASIAI0B)
Imported 'GUID: 4af3ca04cfb2f4b2e91ba58bc5adc6af' -> (Import Result ID: '64f66d472e6033cd1e3e333b0e5044a6') in 0.002 seconds [static and dynamic dependencies]. Details - ImportResultOutputID=ee005282dd0c91f86d1064aa8020dad4 DependenciesID=1b9cd6b8d3a53e7d55bb0d7e0d0f53b4 StaticDependenciesID=fd6dc7e1cf4c5066591700b10717fbad 
Number of updated asset objects reloaded before import = 0
Number of asset objects unloaded after import = 0
========================================================================
Received Import Request.
  Time of request: 2026-08-04T17:31:21.9594524Z
  Time since last request: 0.0004256 seconds.
  importAddress: GUID: ff0ba7aa14bc81c4cb4b1c28cd3460ed - Path: Packages/com.unity.collections/Unity.Collections.Tests/NativeSortTests.gen.cs - Importer: ScriptedImporter/UnityEditor.QuickSearchModule:UnityEditor.Search:ASIAI0B
Importing 'GUID: ff0ba7aa14bc81c4cb4b1c28cd3460ed - Path: Packages/com.unity.collections/Unity.Collections.Tests/NativeSortTests.gen.cs - Importer: ScriptedImporter/UnityEditor.QuickSearchModule:UnityEditor.Search:ASIAI0B' with importer (ScriptedImporter : UnityEditor.QuickSearchModule:UnityEditor.Search:ASIAI0B)
Imported 'GUID: ff0ba7aa14bc81c4cb4b1c28cd3460ed' -> (Import Result ID: '4a2dcab36becebad6829fbd7d66e2118') in 0.002 seconds [static and dynamic dependencies]. Details - ImportResultOutputID=b640c0b3f786f8c9b779c4b435535edb DependenciesID=6d3b3b65f096ef3213a92d347af253d0 StaticDependenciesID=4dce1a08b78da243164ca97262896af8 
Number of updated asset objects reloaded before import = 0
Number of asset objects unloaded after import = 0
========================================================================
Received Import Request.
  Time of request: 2026-08-04T17:31:21.9678735Z
  Time since last request: 0.0002048 seconds.
  importAddress: GUID: 0de8369d937c43f09392e4cd032cfe19 - Path: Packages/com.unity.collections/Unity.Collections.Tests/CollectionsTestFixture.cs - Importer: ScriptedImporter/UnityEditor.QuickSearchModule:UnityEditor.Search:ASIAI0B
Importing 'GUID: 0de8369d937c43f09392e4cd032cfe19 - Path: Packages/com.unity.collections/Unity.Collections.Tests/CollectionsTestFixture.cs - Importer: ScriptedImporter/UnityEditor.QuickSearchModule:UnityEditor.Search:ASIAI0B' with importer (ScriptedImporter : UnityEditor.QuickSearchModule:UnityEditor.Search:ASIAI0B)
Imported 'GUID: 0de8369d937c43f09392e4cd032cfe19' -> (Import Result ID: 'e35ae0dcf89494aea5352aace8a5d9b6') in 0.002 seconds [static and dynamic dependencies]. Details - ImportResultOutputID=ac54094abfd898f72b3bef62bdec5147 DependenciesID=a8bea0b727d134bd6ff9373c603963ce StaticDependenciesID=1b27d9362b611848f70645e4dec0c961 
Number of updated asset objects reloaded before import = 0
Number of asset objects unloaded after import = 0
========================================================================
Received Import Request.
  Time of request: 2026-08-04T17:31:22.0229298Z
  Time since last request: 0.0465362 seconds.
  importAddress: GUID: 80a939763935fdd40bf953a1e49678cf - Path: Packages/com.unity.nuget.mono-cecil/Mono.Cecil.Pdb.dll - Importer: ScriptedImporter/UnityEditor.QuickSearchModule:UnityEditor.Search:ASIAI0B
Importing 'GUID: 80a939763935fdd40bf953a1e49678cf - Path: Packages/com.unity.nuget.mono-cecil/Mono.Cecil.Pdb.dll - Importer: ScriptedImporter/UnityEditor.QuickSearchModule:UnityEditor.Search:ASIAI0B' with importer (ScriptedImporter : UnityEditor.QuickSearchModule:UnityEditor.Search:ASIAI0B)
Imported 'GUID: 80a939763935fdd40bf953a1e49678cf' -> (Import Result ID: 'e0ba3ea68b210ef16d6b7e1a7b6525a5') in 0.003 seconds [static and dynamic dependencies]. Details - ImportResultOutputID=f9b736b1334c859eae71a862e1236dc7 DependenciesID=0990a27d18fb08e6f450064112ad3a87 StaticDependenciesID=4356191d926cf1da423f8a6cae799394 
Number of updated asset objects reloaded before import = 0
Number of asset objects unloaded after import = 0
========================================================================
Received Import Request.
  Time of request: 2026-08-04T17:31:22.0325456Z
  Time since last request: 0.0003339 seconds.
  importAddress: GUID: fc59d1e6c6d24a569be25eea553b326f - Path: Packages/com.unity.collections/Unity.Collections.Tests/UnsafeTextTests.cs - Importer: ScriptedImporter/UnityEditor.QuickSearchModule:UnityEditor.Search:ASIAI0B
Importing 'GUID: fc59d1e6c6d24a569be25eea553b326f - Path: Packages/com.unity.collections/Unity.Collections.Tests/UnsafeTextTests.cs - Importer: ScriptedImporter/UnityEditor.QuickSearchModule:UnityEditor.Search:ASIAI0B' with importer (ScriptedImporter : UnityEditor.QuickSearchModule:UnityEditor.Search:ASIAI0B)
Imported 'GUID: fc59d1e6c6d24a569be25eea553b326f' -> (Import Result ID: 'ca8c929cfe75b4846605df92659e1ddf') in 0.002 seconds [static and dynamic dependencies]. Details - ImportResultOutputID=e140cf7d0adc345eb8e817cdbce427b1 DependenciesID=b511d9d90fe8dbca9d7726603468bb77 StaticDependenciesID=60ef63ea74ef39eff40a29d83674d263 
Number of updated asset objects reloaded before import = 0
Number of asset objects unloaded after import = 0
========================================================================
Received Import Request.
  Time of request: 2026-08-04T17:31:22.0430932Z
  Time since last request: 0.0002106 seconds.
  importAddress: GUID: 852087422f7ffd8438353fe6f69ee201 - Path: Packages/com.unity.collections/Unity.Collections.PerformanceTests/Unity.PerformanceTesting.Benchmark/BenchmarkReportData.cs - Importer: ScriptedImporter/UnityEditor.QuickSearchModule:UnityEditor.Search:ASIAI0B
Importing 'GUID: 852087422f7ffd8438353fe6f69ee201 - Path: Packages/com.unity.collections/Unity.Collections.PerformanceTests/Unity.PerformanceTesting.Benchmark/BenchmarkReportData.cs - Importer: ScriptedImporter/UnityEditor.QuickSearchModule:UnityEditor.Search:ASIAI0B' with importer (ScriptedImporter : UnityEditor.QuickSearchModule:UnityEditor.Search:ASIAI0B)
Imported 'GUID: 852087422f7ffd8438353fe6f69ee201' -> (Import Result ID: 'd960d104a6e1ae5e66a16d25018d6c8b') in 0.002 seconds [static and dynamic dependencies]. Details - ImportResultOutputID=879215724e46f247a1362e0f7a88a4f4 DependenciesID=25d6596b9e0f3417aeb8a0c2bffa49bb StaticDependenciesID=9b0079c3a4f777e32390617560b68157 
Number of updated asset objects reloaded before import = 0
Number of asset objects unloaded after import = 0
========================================================================
Received Import Request.
  Time of request: 2026-08-04T17:31:22.0525579Z
  Time since last request: 0.0003869 seconds.
  importAddress: GUID: 05a99ad2800ad2f49b22ab35d999bfc7 - Path: Packages/com.unity.collections/Unity.Collections/Jobs/EarlyInitHelpers.cs - Importer: ScriptedImporter/UnityEditor.QuickSearchModule:UnityEditor.Search:ASIAI0B
Importing 'GUID: 05a99ad2800ad2f49b22ab35d999bfc7 - Path: Packages/com.unity.collections/Unity.Collections/Jobs/EarlyInitHelpers.cs - Importer: ScriptedImporter/UnityEditor.QuickSearchModule:UnityEditor.Search:ASIAI0B' with importer (ScriptedImporter : UnityEditor.QuickSearchModule:UnityEditor.Search:ASIAI0B)
Imported 'GUID: 05a99ad2800ad2f49b22ab35d999bfc7' -> (Import Result ID: '0290dbe7d193d383a1995f73f9e4c0ba') in 0.002 seconds [static and dynamic dependencies]. Details - ImportResultOutputID=8b305b438e7ccf73ab72d9c07bb91eed DependenciesID=0396b9d7d839c78a1d146bcfec3420ea StaticDependenciesID=d0f0aaaa2b54dfa8cc0dbd7614965038 
Number of updated asset objects reloaded before import = 0
Number of asset objects unloaded after import = 0
========================================================================
Received Import Request.
  Time of request: 2026-08-04T17:31:22.0615616Z
  Time since last request: 0.0002538 seconds.
  importAddress: GUID: 4c384a0eeb10a6249a9ba87a3e550b18 - Path: Packages/com.unity.searcher/Editor/AssemblyInfo.cs - Importer: ScriptedImporter/UnityEditor.QuickSearchModule:UnityEditor.Search:ASIAI0B
Importing 'GUID: 4c384a0eeb10a6249a9ba87a3e550b18 - Path: Packages/com.unity.searcher/Editor/AssemblyInfo.cs - Importer: ScriptedImporter/UnityEditor.QuickSearchModule:UnityEditor.Search:ASIAI0B' with importer (ScriptedImporter : UnityEditor.QuickSearchModule:UnityEditor.Search:ASIAI0B)
Imported 'GUID: 4c384a0eeb10a6249a9ba87a3e550b18' -> (Import Result ID: 'bc79cfb68b781c259ae98a2ed341bd87') in 0.002 seconds [static and dynamic dependencies]. Details - ImportResultOutputID=0dce02f6d9e31c53a0e22614fb9872e4 DependenciesID=a33634956ec40006ccac1594c520ca8b StaticDependenciesID=8585741806e8383ce372212e476f6140 
Number of updated asset objects reloaded before import = 0
Number of asset objects unloaded after import = 0
========================================================================
Received Import Request.
  Time of request: 2026-08-04T17:31:22.0715837Z
  Time since last request: 0.0002139 seconds.
  importAddress: GUID: 56de866d5032f461baa43decd9ce3bd8 - Path: Packages/com.unity.mathematics/CHANGELOG.md - Importer: ScriptedImporter/UnityEditor.QuickSearchModule:UnityEditor.Search:ASIAI0B
Importing 'GUID: 56de866d5032f461baa43decd9ce3bd8 - Path: Packages/com.unity.mathematics/CHANGELOG.md - Importer: ScriptedImporter/UnityEditor.QuickSearchModule:UnityEditor.Search:ASIAI0B' with importer (ScriptedImporter : UnityEditor.QuickSearchModule:UnityEditor.Search:ASIAI0B)
Imported 'GUID: 56de866d5032f461baa43decd9ce3bd8' -> (Import Result ID: 'e7aad44e5cd143638716cb0153f035d2') in 0.002 seconds [static and dynamic dependencies]. Details - ImportResultOutputID=6accec96c7fa8b5320a95a38ac1aa954 DependenciesID=63753ca7d0918afdd0cf4d749f743c99 StaticDependenciesID=427eaa5e99ae0c7f074bb45a03af179e 
Number of updated asset objects reloaded before import = 0
Number of asset objects unloaded after import = 1
========================================================================
Received Import Request.
  Time of request: 2026-08-04T17:31:22.0809698Z
  Time since last request: 0.0002377 seconds.
  importAddress: GUID: 4988cf9794f41d64c884876ab6574b89 - Path: Packages/com.unity.searcher/Editor/Unity.Searcher.Editor.asmdef - Importer: ScriptedImporter/UnityEditor.QuickSearchModule:UnityEditor.Search:ASIAI0B
Importing 'GUID: 4988cf9794f41d64c884876ab6574b89 - Path: Packages/com.unity.searcher/Editor/Unity.Searcher.Editor.asmdef - Importer: ScriptedImporter/UnityEditor.QuickSearchModule:UnityEditor.Search:ASIAI0B' with importer (ScriptedImporter : UnityEditor.QuickSearchModule:UnityEditor.Search:ASIAI0B)
Imported 'GUID: 4988cf9794f41d64c884876ab6574b89' -> (Import Result ID: '1fda922d42161c76501edbe286c3300b') in 0.002 seconds [static and dynamic dependencies]. Details - ImportResultOutputID=4452397f9243ce88856fc04988fe86f5 DependenciesID=ddf7adc127b7441d38923a1687622c91 StaticDependenciesID=d5c4ce7ed0f1768d10ab2fd1c0ce1ee5 
Number of updated asset objects reloaded before import = 0
Number of asset objects unloaded after import = 1
========================================================================
Received Import Request.
  Time of request: 2026-08-04T17:31:22.0913316Z
  Time since last request: 0.000431 seconds.
  importAddress: GUID: 200891d0445794843bffcc351163c84c - Path: Packages/com.unity.searcher/LICENSE.md - Importer: ScriptedImporter/UnityEditor.QuickSearchModule:UnityEditor.Search:ASIAI0B
Importing 'GUID: 200891d0445794843bffcc351163c84c - Path: Packages/com.unity.searcher/LICENSE.md - Importer: ScriptedImporter/UnityEditor.QuickSearchModule:UnityEditor.Search:ASIAI0B' with importer (ScriptedImporter : UnityEditor.QuickSearchModule:UnityEditor.Search:ASIAI0B)
Imported 'GUID: 200891d0445794843bffcc351163c84c' -> (Import Result ID: '56d87a732cebef0953dd83b1eb86858c') in 0.002 seconds [static and dynamic dependencies]. Details - ImportResultOutputID=c1178d024fe72de4847aedd08e8bc709 DependenciesID=9caff3cbef7b7fb56010b09c1480ff4c StaticDependenciesID=50219c6a4373cbd5b9e46599066a23c2 
Number of updated asset objects reloaded before import = 0
Number of asset objects unloaded after import = 1
========================================================================
Received Import Request.
  Time of request: 2026-08-04T17:31:22.1018865Z
  Time since last request: 0.0003781 seconds.
  importAddress: GUID: beaa90bac8bb70d439d582bca35465cb - Path: Packages/com.unity.nuget.mono-cecil/README.md - Importer: ScriptedImporter/UnityEditor.QuickSearchModule:UnityEditor.Search:ASIAI0B
Importing 'GUID: beaa90bac8bb70d439d582bca35465cb - Path: Packages/com.unity.nuget.mono-cecil/README.md - Importer: ScriptedImporter/UnityEditor.QuickSearchModule:UnityEditor.Search:ASIAI0B' with importer (ScriptedImporter : UnityEditor.QuickSearchModule:UnityEditor.Search:ASIAI0B)
Imported 'GUID: beaa90bac8bb70d439d582bca35465cb' -> (Import Result ID: '002a0e564c0997ed67bb628910cf1ead') in 0.003 seconds [static and dynamic dependencies]. Details - ImportResultOutputID=1b20b11a827dc24032d365be348c68c9 DependenciesID=d4320e147028ed679da300f8fbaa4358 StaticDependenciesID=0b24735bd84ef4ede854860c43c920e3 
Number of updated asset objects reloaded before import = 0
Number of asset objects unloaded after import = 1
========================================================================
Received Import Request.
  Time of request: 2026-08-04T17:31:22.1134876Z
  Time since last request: 0.0002916 seconds.
  importAddress: GUID: 551e05d9d28513c4fb893599f9237377 - Path: Packages/com.unity.collections/Unity.Collections.Tests/Jobs/FilterJobTests.cs - Importer: ScriptedImporter/UnityEditor.QuickSearchModule:UnityEditor.Search:ASIAI0B
Importing 'GUID: 551e05d9d28513c4fb893599f9237377 - Path: Packages/com.unity.collections/Unity.Collections.Tests/Jobs/FilterJobTests.cs - Importer: ScriptedImporter/UnityEditor.QuickSearchModule:UnityEditor.Search:ASIAI0B' with importer (ScriptedImporter : UnityEditor.QuickSearchModule:UnityEditor.Search:ASIAI0B)
Imported 'GUID: 551e05d9d28513c4fb893599f9237377' -> (Import Result ID: 'a8ea53c14d42a7c3c812b941424cd177') in 0.002 seconds [static and dynamic dependencies]. Details - ImportResultOutputID=2f27b8d796ca565835d0d59b2c885948 DependenciesID=6877cf0e8164fdf26f162143f92f144d StaticDependenciesID=7cc70f1ddd0a5b97b91f71efd475a58f 
Number of updated asset objects reloaded before import = 0
Number of asset objects unloaded after import = 0
========================================================================
Received Import Request.
  Time of request: 2026-08-04T17:31:22.1222901Z
  Time since last request: 0.0002562 seconds.
  importAddress: GUID: 0ce03cb7950ade54ab84650691ce7a38 - Path: Packages/com.unity.searcher/CHANGELOG.md - Importer: ScriptedImporter/UnityEditor.QuickSearchModule:UnityEditor.Search:ASIAI0B
Importing 'GUID: 0ce03cb7950ade54ab84650691ce7a38 - Path: Packages/com.unity.searcher/CHANGELOG.md - Importer: ScriptedImporter/UnityEditor.QuickSearchModule:UnityEditor.Search:ASIAI0B' with importer (ScriptedImporter : UnityEditor.QuickSearchModule:UnityEditor.Search:ASIAI0B)
Imported 'GUID: 0ce03cb7950ade54ab84650691ce7a38' -> (Import Result ID: '2427cd58f8fd7c7b9e6c7888687b82dc') in 0.002 seconds [static and dynamic dependencies]. Details - ImportResultOutputID=ffc6f0f445c1d49570302f67d7d07c16 DependenciesID=504f1dee9cd88811e9de78c071e347e7 StaticDependenciesID=1f87a1ede9f11eb1fbc8d44d9f076e45 
Number of updated asset objects reloaded before import = 0
Number of asset objects unloaded after import = 1
========================================================================
Received Import Request.
  Time of request: 2026-08-04T17:31:22.1533019Z
  Time since last request: 0.020556 seconds.
  importAddress: GUID: 3fe161b2564a4d318026d694ffdb0520 - Path: Packages/com.unity.searcher/Editor/Searcher/SearcherWindow.cs - Importer: ScriptedImporter/UnityEditor.QuickSearchModule:UnityEditor.Search:ASIAI0B
Importing 'GUID: 3fe161b2564a4d318026d694ffdb0520 - Path: Packages/com.unity.searcher/Editor/Searcher/SearcherWindow.cs - Importer: ScriptedImporter/UnityEditor.QuickSearchModule:UnityEditor.Search:ASIAI0B' with importer (ScriptedImporter : UnityEditor.QuickSearchModule:UnityEditor.Search:ASIAI0B)
Imported 'GUID: 3fe161b2564a4d318026d694ffdb0520' -> (Import Result ID: '2211f32dc34856b2dbf99c1a4ebd92ae') in 0.002 seconds [static and dynamic dependencies]. Details - ImportResultOutputID=e116a277193eaded705054f1e8421845 DependenciesID=cc48498deedbc8b71eb1767cdfb2294f StaticDependenciesID=b3fb5fd8c7b94bf37c79dc481d06dd08 
Number of updated asset objects reloaded before import = 0
Number of asset objects unloaded after import = 0
========================================================================
Received Import Request.
  Time of request: 2026-08-04T17:31:22.1627118Z
  Time since last request: 0.0006401 seconds.
  importAddress: GUID: 30dc370b164eefc43b95744fc796dad0 - Path: Packages/com.unity.searcher/Editor/Resources/FlatSkin/Font/Roboto-Regular.ttf - Importer: ScriptedImporter/UnityEditor.QuickSearchModule:UnityEditor.Search:ASIAI0B
Importing 'GUID: 30dc370b164eefc43b95744fc796dad0 - Path: Packages/com.unity.searcher/Editor/Resources/FlatSkin/Font/Roboto-Regular.ttf - Importer: ScriptedImporter/UnityEditor.QuickSearchModule:UnityEditor.Search:ASIAI0B' with importer (ScriptedImporter : UnityEditor.QuickSearchModule:UnityEditor.Search:ASIAI0B)
Imported 'GUID: 30dc370b164eefc43b95744fc796dad0' -> (Import Result ID: '184e9db9f50a3b31d6b83f69dc4d2d2f') in 0.009 seconds [static and dynamic dependencies]. Details - ImportResultOutputID=1cbbf015b70bcd9ebdee7313d135d4ff DependenciesID=c00541219ea0232ccbcb533e8b07d632 StaticDependenciesID=456c1a067110464cda351fea9960424a 
Number of updated asset objects reloaded before import = 0
Number of asset objects unloaded after import = 3
========================================================================
Received Import Request.
  Time of request: 2026-08-04T17:31:22.1788956Z
  Time since last request: 0.0001503 seconds.
  importAddress: GUID: 56c8d867edaa1c9488c77cc911d01bff - Path: Packages/com.unity.searcher/Editor/Searcher/SearcherControl.cs - Importer: ScriptedImporter/UnityEditor.QuickSearchModule:UnityEditor.Search:ASIAI0B
Importing 'GUID: 56c8d867edaa1c9488c77cc911d01bff - Path: Packages/com.unity.searcher/Editor/Searcher/SearcherControl.cs - Importer: ScriptedImporter/UnityEditor.QuickSearchModule:UnityEditor.Search:ASIAI0B' with importer (ScriptedImporter : UnityEditor.QuickSearchModule:UnityEditor.Search:ASIAI0B)
Imported 'GUID: 56c8d867edaa1c9488c77cc911d01bff' -> (Import Result ID: 'a49a01b10dc4006d5d39c6aea318d7b3') in 0.002 seconds [static and dynamic dependencies]. Details - ImportResultOutputID=217bbddf29ffd8e962d4d95897233883 DependenciesID=892d6f0602369ac7b8b6a04054f493ea StaticDependenciesID=e9d54a361eb1ca920966c3e6c2396286 
Number of updated asset objects reloaded before import = 0
Number of asset objects unloaded after import = 0
========================================================================
Received Import Request.
  Time of request: 2026-08-04T17:31:22.188111Z
  Time since last request: 0.0002636 seconds.
  importAddress: GUID: 20f869e4fe46bb44a8b56a58904e705c - Path: Packages/com.unity.searcher/Editor/Searcher/SearcherDatabaseBase.cs - Importer: ScriptedImporter/UnityEditor.QuickSearchModule:UnityEditor.Search:ASIAI0B
Importing 'GUID: 20f869e4fe46bb44a8b56a58904e705c - Path: Packages/com.unity.searcher/Editor/Searcher/SearcherDatabaseBase.cs - Importer: ScriptedImporter/UnityEditor.QuickSearchModule:UnityEditor.Search:ASIAI0B' with importer (ScriptedImporter : UnityEditor.QuickSearchModule:UnityEditor.Search:ASIAI0B)
Imported 'GUID: 20f869e4fe46bb44a8b56a58904e705c' -> (Import Result ID: '1e0e31c3b4984b178c90620fb1a1a341') in 0.002 seconds [static and dynamic dependencies]. Details - ImportResultOutputID=5709fd286987b1562dbd017b71534f88 DependenciesID=57b7c6816d7b416c9308f1b4c1f8adf1 StaticDependenciesID=24f6ef776279bee1736d8270633de3f8 
Number of updated asset objects reloaded before import = 0
Number of asset objects unloaded after import = 0
========================================================================
Received Import Request.
  Time of request: 2026-08-04T17:31:22.1977938Z
  Time since last request: 0.0003948 seconds.
  importAddress: GUID: 4a6ed47ab3732e642a9f8b492ed24194 - Path: Packages/com.unity.2d.common/Third Party Notices.md - Importer: ScriptedImporter/UnityEditor.QuickSearchModule:UnityEditor.Search:ASIAI0B
Importing 'GUID: 4a6ed47ab3732e642a9f8b492ed24194 - Path: Packages/com.unity.2d.common/Third Party Notices.md - Importer: ScriptedImporter/UnityEditor.QuickSearchModule:UnityEditor.Search:ASIAI0B' with importer (ScriptedImporter : UnityEditor.QuickSearchModule:UnityEditor.Search:ASIAI0B)
Imported 'GUID: 4a6ed47ab3732e642a9f8b492ed24194' -> (Import Result ID: '17ae69ff6ff2b203c8ad7294491ada00') in 0.003 seconds [static and dynamic dependencies]. Details - ImportResultOutputID=488c42382f6180bd9c84cd589d72f129 DependenciesID=71badad715b14d4a287d59685f417f55 StaticDependenciesID=02c8a600708e05c3e2306c1cc91b7942 
Number of updated asset objects reloaded before import = 0
Number of asset objects unloaded after import = 1
========================================================================
Received Import Request.
  Time of request: 2026-08-04T17:31:22.2077039Z
  Time since last request: 0.0001945 seconds.
  importAddress: GUID: 19a9abb883540be48b75b951a927ae03 - Path: Packages/com.unity.searcher/Editor/Resources/FlatSkin/Font/Roboto-Thin.ttf - Importer: ScriptedImporter/UnityEditor.QuickSearchModule:UnityEditor.Search:ASIAI0B
Importing 'GUID: 19a9abb883540be48b75b951a927ae03 - Path: Packages/com.unity.searcher/Editor/Resources/FlatSkin/Font/Roboto-Thin.ttf - Importer: ScriptedImporter/UnityEditor.QuickSearchModule:UnityEditor.Search:ASIAI0B' with importer (ScriptedImporter : UnityEditor.QuickSearchModule:UnityEditor.Search:ASIAI0B)
Imported 'GUID: 19a9abb883540be48b75b951a927ae03' -> (Import Result ID: '3eaf541d2be3cd98d7db2bc4747c1765') in 0.003 seconds [static and dynamic dependencies]. Details - ImportResultOutputID=7817fabdca7a0e2335267d2ac026b5ed DependenciesID=74acf248ba9ee7d944d2665b1d172086 StaticDependenciesID=6695e9e44640334090773ae251ae81c1 
Number of updated asset objects reloaded before import = 0
Number of asset objects unloaded after import = 3
========================================================================
Received Import Request.
  Time of request: 2026-08-04T17:31:22.2179281Z
  Time since last request: 0.0001324 seconds.
  importAddress: GUID: ab5bbe7300c57674db945e46e17a4630 - Path: Packages/com.unity.searcher/Editor/Searcher/SearcherTreeUtility.cs - Importer: ScriptedImporter/UnityEditor.QuickSearchModule:UnityEditor.Search:ASIAI0B
Importing 'GUID: ab5bbe7300c57674db945e46e17a4630 - Path: Packages/com.unity.searcher/Editor/Searcher/SearcherTreeUtility.cs - Importer: ScriptedImporter/UnityEditor.QuickSearchModule:UnityEditor.Search:ASIAI0B' with importer (ScriptedImporter : UnityEditor.QuickSearchModule:UnityEditor.Search:ASIAI0B)
Imported 'GUID: ab5bbe7300c57674db945e46e17a4630' -> (Import Result ID: '7e6f88a3766735273079cef789eda726') in 0.002 seconds [static and dynamic dependencies]. Details - ImportResultOutputID=78d337fd0bc048fc19ffeeeddc5a6399 DependenciesID=2ddce9ef8aa55aecc7cfdad9bff3197b StaticDependenciesID=a4c51b243e3e6c67ed93111a2d02ecdc 
Number of updated asset objects reloaded before import = 0
Number of asset objects unloaded after import = 0
========================================================================
Received Import Request.
  Time of request: 2026-08-04T17:31:22.2275963Z
  Time since last request: 0.0002738 seconds.
  importAddress: GUID: b2ea3b3f1765e544b9eb5bd1a93a91ce - Path: Packages/com.unity.searcher/Editor/Resources/FlatSkin/Font/Roboto-ThinItalic.ttf - Importer: ScriptedImporter/UnityEditor.QuickSearchModule:UnityEditor.Search:ASIAI0B
Importing 'GUID: b2ea3b3f1765e544b9eb5bd1a93a91ce - Path: Packages/com.unity.searcher/Editor/Resources/FlatSkin/Font/Roboto-ThinItalic.ttf - Importer: ScriptedImporter/UnityEditor.QuickSearchModule:UnityEditor.Search:ASIAI0B' with importer (ScriptedImporter : UnityEditor.QuickSearchModule:UnityEditor.Search:ASIAI0B)
Imported 'GUID: b2ea3b3f1765e544b9eb5bd1a93a91ce' -> (Import Result ID: 'c288d011d119173a797acd3cd97b3729') in 0.004 seconds [static and dynamic dependencies]. Details - ImportResultOutputID=891ef9e43a34e9b8ebfb5d54c432bb42 DependenciesID=61250d6510adc6b6fdea30f398acbd51 StaticDependenciesID=dd13ca58dc8ab3cbf06b76fd3969eb8d 
Number of updated asset objects reloaded before import = 0
Number of asset objects unloaded after import = 3
========================================================================
Received Import Request.
  Time of request: 2026-08-04T17:31:22.2386504Z
  Time since last request: 0.0001392 seconds.
  importAddress: GUID: 793d6318ba59ca94381b936836fe697d - Path: Packages/com.unity.searcher/Editor/Resources/SearcherItem.uxml - Importer: ScriptedImporter/UnityEditor.QuickSearchModule:UnityEditor.Search:ASIAI0B
Importing 'GUID: 793d6318ba59ca94381b936836fe697d - Path: Packages/com.unity.searcher/Editor/Resources/SearcherItem.uxml - Importer: ScriptedImporter/UnityEditor.QuickSearchModule:UnityEditor.Search:ASIAI0B' with importer (ScriptedImporter : UnityEditor.QuickSearchModule:UnityEditor.Search:ASIAI0B)
Imported 'GUID: 793d6318ba59ca94381b936836fe697d' -> (Import Result ID: '5ff3b4fa3955ce73863a85516d6a70d7') in 0.003 seconds [static and dynamic dependencies]. Details - ImportResultOutputID=517921169e8a3aa6a6491ebc6e57569a DependenciesID=e9b9708d99b5997952d47d1545ae637e StaticDependenciesID=c29910311b6ec02116f7744735bf3d8c 
Number of updated asset objects reloaded before import = 0
Number of asset objects unloaded after import = 2
========================================================================
Received Import Request.
  Time of request: 2026-08-04T17:31:22.2491823Z
  Time since last request: 0.0003218 seconds.
  importAddress: GUID: 1791df116968841c6bc27470d2ebeaa8 - Path: Packages/com.unity.2d.common/CHANGELOG.md - Importer: ScriptedImporter/UnityEditor.QuickSearchModule:UnityEditor.Search:ASIAI0B
Importing 'GUID: 1791df116968841c6bc27470d2ebeaa8 - Path: Packages/com.unity.2d.common/CHANGELOG.md - Importer: ScriptedImporter/UnityEditor.QuickSearchModule:UnityEditor.Search:ASIAI0B' with importer (ScriptedImporter : UnityEditor.QuickSearchModule:UnityEditor.Search:ASIAI0B)
Imported 'GUID: 1791df116968841c6bc27470d2ebeaa8' -> (Import Result ID: '1b03c075642ab2ff15d7663c2faa583b') in 0.002 seconds [static and dynamic dependencies]. Details - ImportResultOutputID=eeeeeb95bfd6f0a42b3231f195c70853 DependenciesID=3c639f0e551f6522b87fd9a8aaff1fe2 StaticDependenciesID=a53b0f41eb759e64646be56353b0b94e 
Number of updated asset objects reloaded before import = 0
Number of asset objects unloaded after import = 1
========================================================================
Received Import Request.
  Time of request: 2026-08-04T17:31:22.2687504Z
  Time since last request: 0.0104236 seconds.
  importAddress: GUID: 3e60cf5de87e1da4a8fa98713709fa00 - Path: Packages/com.unity.2d.common/Editor/ScriptablePacker/SpriteAtlasScriptablePacker.cs - Importer: ScriptedImporter/UnityEditor.QuickSearchModule:UnityEditor.Search:ASIAI0B
Importing 'GUID: 3e60cf5de87e1da4a8fa98713709fa00 - Path: Packages/com.unity.2d.common/Editor/ScriptablePacker/SpriteAtlasScriptablePacker.cs - Importer: ScriptedImporter/UnityEditor.QuickSearchModule:UnityEditor.Search:ASIAI0B' with importer (ScriptedImporter : UnityEditor.QuickSearchModule:UnityEditor.Search:ASIAI0B)
Imported 'GUID: 3e60cf5de87e1da4a8fa98713709fa00' -> (Import Result ID: '43fdf59ee9e68fba87914f0ae5ce19ac') in 0.002 seconds [static and dynamic dependencies]. Details - ImportResultOutputID=8193389baeaeb7ab7df8938010799377 DependenciesID=3a1749d113d0a305a5471d08349ce18f StaticDependenciesID=943b546c8e23c107368783b2386359b7 
Number of updated asset objects reloaded before import = 0
Number of asset objects unloaded after import = 0
========================================================================
Received Import Request.
  Time of request: 2026-08-04T17:31:22.2782052Z
  Time since last request: 0.0002666 seconds.
  importAddress: GUID: 1ddf5377ab3a84f499f1e72de11ad79b - Path: Packages/com.unity.2d.common/Editor/ScriptablePacker/SpriteAtlasGeometryPacker.cs - Importer: ScriptedImporter/UnityEditor.QuickSearchModule:UnityEditor.Search:ASIAI0B
Importing 'GUID: 1ddf5377ab3a84f499f1e72de11ad79b - Path: Packages/com.unity.2d.common/Editor/ScriptablePacker/SpriteAtlasGeometryPacker.cs - Importer: ScriptedImporter/UnityEditor.QuickSearchModule:UnityEditor.Search:ASIAI0B' with importer (ScriptedImporter : UnityEditor.QuickSearchModule:UnityEditor.Search:ASIAI0B)
Imported 'GUID: 1ddf5377ab3a84f499f1e72de11ad79b' -> (Import Result ID: '9146f1c3eddc37b2c2aec2636f58be19') in 0.017 seconds [static and dynamic dependencies]. Details - ImportResultOutputID=62d2decde50374bad1c3f423e4c68eab DependenciesID=e4ac22ab6e8a6e3c1d65be345317ed31 StaticDependenciesID=54b7c10e28b05289c9162a2e02a2fecb 
Number of updated asset objects reloaded before import = 0
Number of asset objects unloaded after import = 0
========================================================================
Received Import Request.
  Time of request: 2026-08-04T17:31:22.3041839Z
  Time since last request: 0.0004054 seconds.
  importAddress: GUID: eba9e4c0a1c41eb42b5443a6d65b4488 - Path: Packages/com.unity.2d.common/Runtime/Triangulation/Unity.2D.Triangulation.Runtime.asmdef - Importer: ScriptedImporter/UnityEditor.QuickSearchModule:UnityEditor.Search:ASIAI0B
Importing 'GUID: eba9e4c0a1c41eb42b5443a6d65b4488 - Path: Packages/com.unity.2d.common/Runtime/Triangulation/Unity.2D.Triangulation.Runtime.asmdef - Importer: ScriptedImporter/UnityEditor.QuickSearchModule:UnityEditor.Search:ASIAI0B' with importer (ScriptedImporter : UnityEditor.QuickSearchModule:UnityEditor.Search:ASIAI0B)
Imported 'GUID: eba9e4c0a1c41eb42b5443a6d65b4488' -> (Import Result ID: '28143159677815b77e2bcc06c6f808c3') in 0.002 seconds [static and dynamic dependencies]. Details - ImportResultOutputID=198a6b939ae78d326597fc773f01896c DependenciesID=a5fa11acfaf2da78969016476da12400 StaticDependenciesID=3d71d78392152a9839f9a1e476c4b576 
Number of updated asset objects reloaded before import = 0
Number of asset objects unloaded after import = 1
========================================================================
Received Import Request.
  Time of request: 2026-08-04T17:31:22.3152912Z
  Time since last request: 0.0002276 seconds.
  importAddress: GUID: 77da60289a17475c8661370e98395a44 - Path: Packages/com.unity.2d.common/Editor/InternalBridge/SpriteEditorWindowBridge.cs - Importer: ScriptedImporter/UnityEditor.QuickSearchModule:UnityEditor.Search:ASIAI0B
Importing 'GUID: 77da60289a17475c8661370e98395a44 - Path: Packages/com.unity.2d.common/Editor/InternalBridge/SpriteEditorWindowBridge.cs - Importer: ScriptedImporter/UnityEditor.QuickSearchModule:UnityEditor.Search:ASIAI0B' with importer (ScriptedImporter : UnityEditor.QuickSearchModule:UnityEditor.Search:ASIAI0B)
Imported 'GUID: 77da60289a17475c8661370e98395a44' -> (Import Result ID: '5ceadf69c0d2828d3553b1d6c4f505a9') in 0.002 seconds [static and dynamic dependencies]. Details - ImportResultOutputID=6848a57834a2af7932c9f79ad6ca7a7e DependenciesID=937884c65d44f959e541d443d7f4db21 StaticDependenciesID=fd873d98f2736d824b729d7b01b17278 
Number of updated asset objects reloaded before import = 0
Number of asset objects unloaded after import = 0
========================================================================
Received Import Request.
  Time of request: 2026-08-04T17:31:22.324428Z
  Time since last request: 0.0002261 seconds.
  importAddress: GUID: 369732f07c14c2346a9fb3f989cd9630 - Path: Packages/com.unity.2d.common/Runtime/UTess2D/Smoothen.cs - Importer: ScriptedImporter/UnityEditor.QuickSearchModule:UnityEditor.Search:ASIAI0B
Importing 'GUID: 369732f07c14c2346a9fb3f989cd9630 - Path: Packages/com.unity.2d.common/Runtime/UTess2D/Smoothen.cs - Importer: ScriptedImporter/UnityEditor.QuickSearchModule:UnityEditor.Search:ASIAI0B' with importer (ScriptedImporter : UnityEditor.QuickSearchModule:UnityEditor.Search:ASIAI0B)
Imported 'GUID: 369732f07c14c2346a9fb3f989cd9630' -> (Import Result ID: '47c90cf339331c9599c2c242e2fe8433') in 0.002 seconds [static and dynamic dependencies]. Details - ImportResultOutputID=e1b5fc4fe899a0e0505e16cae25924bf DependenciesID=dc4653ab15610657dd3fcdad61e7338d StaticDependenciesID=280c1dbf7036ce97b882d99dd1d61711 
Number of updated asset objects reloaded before import = 0
Number of asset objects unloaded after import = 0
========================================================================
Received Import Request.
  Time of request: 2026-08-04T17:31:22.3334529Z
  Time since last request: 0.0002189 seconds.
  importAddress: GUID: f014d7d3e2bd61a4c8c0c2d4957bd29e - Path: Packages/com.unity.2d.common/Runtime/UTess2D/ArraySlice.cs - Importer: ScriptedImporter/UnityEditor.QuickSearchModule:UnityEditor.Search:ASIAI0B
Importing 'GUID: f014d7d3e2bd61a4c8c0c2d4957bd29e - Path: Packages/com.unity.2d.common/Runtime/UTess2D/ArraySlice.cs - Importer: ScriptedImporter/UnityEditor.QuickSearchModule:UnityEditor.Search:ASIAI0B' with importer (ScriptedImporter : UnityEditor.QuickSearchModule:UnityEditor.Search:ASIAI0B)
Imported 'GUID: f014d7d3e2bd61a4c8c0c2d4957bd29e' -> (Import Result ID: '4a3ab6a3994b9265d821a6395233116f') in 0.002 seconds [static and dynamic dependencies]. Details - ImportResultOutputID=16a5e076f133281d67cc563835008d17 DependenciesID=05226bcf9aaf349a9cc3cce0a821ad4c StaticDependenciesID=1a30c9db5843001094cf68e0d64b4c0c 
Number of updated asset objects reloaded before import = 0
Number of asset objects unloaded after import = 0
========================================================================
Received Import Request.
  Time of request: 2026-08-04T17:31:22.3425795Z
  Time since last request: 0.0002149 seconds.
  importAddress: GUID: 587cb59b5e311496da879dbc16a199c6 - Path: Packages/com.unity.2d.common/Path/Editor/EditablePath/IEditablePath.cs - Importer: ScriptedImporter/UnityEditor.QuickSearchModule:UnityEditor.Search:ASIAI0B
Importing 'GUID: 587cb59b5e311496da879dbc16a199c6 - Path: Packages/com.unity.2d.common/Path/Editor/EditablePath/IEditablePath.cs - Importer: ScriptedImporter/UnityEditor.QuickSearchModule:UnityEditor.Search:ASIAI0B' with importer (ScriptedImporter : UnityEditor.QuickSearchModule:UnityEditor.Search:ASIAI0B)
Imported 'GUID: 587cb59b5e311496da879dbc16a199c6' -> (Import Result ID: 'c89c8c5856f4c7b5fc97bd043b64b67c') in 0.002 seconds [static and dynamic dependencies]. Details - ImportResultOutputID=9baec8af827bf5f4ad451930a2b73991 DependenciesID=b218e0e16a45f1483ee52363316ba310 StaticDependenciesID=7367a7ccdc6679ac5a0278b14928912a 
Number of updated asset objects reloaded before import = 0
Number of asset objects unloaded after import = 0
========================================================================
Received Import Request.
  Time of request: 2026-08-04T17:31:22.3517451Z
  Time since last request: 0.0002463 seconds.
  importAddress: GUID: be51d0bbfd1694f4ea19424f19455189 - Path: Packages/com.unity.2d.common/Runtime/UTess2D/UTess.cs - Importer: ScriptedImporter/UnityEditor.QuickSearchModule:UnityEditor.Search:ASIAI0B
Importing 'GUID: be51d0bbfd1694f4ea19424f19455189 - Path: Packages/com.unity.2d.common/Runtime/UTess2D/UTess.cs - Importer: ScriptedImporter/UnityEditor.QuickSearchModule:UnityEditor.Search:ASIAI0B' with importer (ScriptedImporter : UnityEditor.QuickSearchModule:UnityEditor.Search:ASIAI0B)
Imported 'GUID: be51d0bbfd1694f4ea19424f19455189' -> (Import Result ID: '6a69fbcfe46a80df4099b93a39548d44') in 0.002 seconds [static and dynamic dependencies]. Details - ImportResultOutputID=d7d65ee5d905147c87989757af7a3ee1 DependenciesID=ca492fc854fc99876361e172ea583a71 StaticDependenciesID=4f0e237792b177c1934245a46cbcfee2 
Number of updated asset objects reloaded before import = 0
Number of asset objects unloaded after import = 0
========================================================================
Received Import Request.
  Time of request: 2026-08-04T17:31:22.3610123Z
  Time since last request: 0.0002777 seconds.
  importAddress: GUID: 90f8cb564e79431284c8c2871d2c664a - Path: Packages/com.unity.2d.common/Editor/DebugTools/PlayerLoopInspector.cs - Importer: ScriptedImporter/UnityEditor.QuickSearchModule:UnityEditor.Search:ASIAI0B
Importing 'GUID: 90f8cb564e79431284c8c2871d2c664a - Path: Packages/com.unity.2d.common/Editor/DebugTools/PlayerLoopInspector.cs - Importer: ScriptedImporter/UnityEditor.QuickSearchModule:UnityEditor.Search:ASIAI0B' with importer (ScriptedImporter : UnityEditor.QuickSearchModule:UnityEditor.Search:ASIAI0B)
Imported 'GUID: 90f8cb564e79431284c8c2871d2c664a' -> (Import Result ID: '6153e2fb485338047113a139e79b7292') in 0.002 seconds [static and dynamic dependencies]. Details - ImportResultOutputID=1c248a5e849d334b54b073c33ef04951 DependenciesID=e8058bff760eba0156ef6c4c482eb80a StaticDependenciesID=6f2915e9fc1c9747b08ca4ce44398969 
Number of updated asset objects reloaded before import = 0
Number of asset objects unloaded after import = 0
========================================================================
Received Import Request.
  Time of request: 2026-08-04T17:31:22.37099Z
  Time since last request: 0.0004325 seconds.
  importAddress: GUID: 582e1cef5c8af4f0d8ce9f352b1c9c1a - Path: Packages/com.unity.2d.common/Path/Editor/EditablePath/EditablePathExtensions.cs - Importer: ScriptedImporter/UnityEditor.QuickSearchModule:UnityEditor.Search:ASIAI0B
Importing 'GUID: 582e1cef5c8af4f0d8ce9f352b1c9c1a - Path: Packages/com.unity.2d.common/Path/Editor/EditablePath/EditablePathExtensions.cs - Importer: ScriptedImporter/UnityEditor.QuickSearchModule:UnityEditor.Search:ASIAI0B' with importer (ScriptedImporter : UnityEditor.QuickSearchModule:UnityEditor.Search:ASIAI0B)
Imported 'GUID: 582e1cef5c8af4f0d8ce9f352b1c9c1a' -> (Import Result ID: '02a17d4daae2a6f775b91c5699e16c8e') in 0.002 seconds [static and dynamic dependencies]. Details - ImportResultOutputID=c1a5a62c291ccadce1de488e35d4d54f DependenciesID=c39972e98030519992c3c8feb63c2510 StaticDependenciesID=c24e32b12542ce2d77c17f41b633be8e 
Number of updated asset objects reloaded before import = 0
Number of asset objects unloaded after import = 0
========================================================================
Received Import Request.
  Time of request: 2026-08-04T17:31:22.3804326Z
  Time since last request: 0.0001797 seconds.
  importAddress: GUID: 7dff351efa9c4548b5ccca9af78c43cc - Path: Packages/com.unity.2d.common/Runtime/InternalBridge/IAnimationPreviewable.cs - Importer: ScriptedImporter/UnityEditor.QuickSearchModule:UnityEditor.Search:ASIAI0B
Importing 'GUID: 7dff351efa9c4548b5ccca9af78c43cc - Path: Packages/com.unity.2d.common/Runtime/InternalBridge/IAnimationPreviewable.cs - Importer: ScriptedImporter/UnityEditor.QuickSearchModule:UnityEditor.Search:ASIAI0B' with importer (ScriptedImporter : UnityEditor.QuickSearchModule:UnityEditor.Search:ASIAI0B)
Imported 'GUID: 7dff351efa9c4548b5ccca9af78c43cc' -> (Import Result ID: '75ee17fc132c58e6060ee3dbc6a562d8') in 0.002 seconds [static and dynamic dependencies]. Details - ImportResultOutputID=6640316906db8b16f0e99ed65a3fe9c9 DependenciesID=469de89aba7e8e0228f7a102e714e526 StaticDependenciesID=9037d5c9e2c75900b45eca414f0ce864 
Number of updated asset objects reloaded before import = 0
Number of asset objects unloaded after import = 0
========================================================================
Received Import Request.
  Time of request: 2026-08-04T17:31:22.3901879Z
  Time since last request: 0.0002417 seconds.
  importAddress: GUID: e5e3ba1225f594f54ba207cd108d2d69 - Path: Packages/com.unity.2d.common/Path/Editor/EditablePath/BezierUtility.cs - Importer: ScriptedImporter/UnityEditor.QuickSearchModule:UnityEditor.Search:ASIAI0B
Importing 'GUID: e5e3ba1225f594f54ba207cd108d2d69 - Path: Packages/com.unity.2d.common/Path/Editor/EditablePath/BezierUtility.cs - Importer: ScriptedImporter/UnityEditor.QuickSearchModule:UnityEditor.Search:ASIAI0B' with importer (ScriptedImporter : UnityEditor.QuickSearchModule:UnityEditor.Search:ASIAI0B)
Imported 'GUID: e5e3ba1225f594f54ba207cd108d2d69' -> (Import Result ID: '476fa1d3a79f9154f9d7603d20da2fe1') in 0.002 seconds [static and dynamic dependencies]. Details - ImportResultOutputID=9db03da6fc68efc34bc1f22a777a0c04 DependenciesID=596e3290e860f7c0d38405398c608f05 StaticDependenciesID=9694f4eefba857b7daf84c1032807f61 
Number of updated asset objects reloaded before import = 0
Number of asset objects unloaded after import = 0
========================================================================
Received Import Request.
  Time of request: 2026-08-04T17:31:22.3991606Z
  Time since last request: 0.0002702 seconds.
  importAddress: GUID: f082b41644e404df69242fcd0ca2ff3c - Path: Packages/com.unity.2d.common/Path/Editor/EditablePath/IEditablePathController.cs - Importer: ScriptedImporter/UnityEditor.QuickSearchModule:UnityEditor.Search:ASIAI0B
Importing 'GUID: f082b41644e404df69242fcd0ca2ff3c - Path: Packages/com.unity.2d.common/Path/Editor/EditablePath/IEditablePathController.cs - Importer: ScriptedImporter/UnityEditor.QuickSearchModule:UnityEditor.Search:ASIAI0B' with importer (ScriptedImporter : UnityEditor.QuickSearchModule:UnityEditor.Search:ASIAI0B)
Imported 'GUID: f082b41644e404df69242fcd0ca2ff3c' -> (Import Result ID: 'fc1175e12583b6dccf25e35c95fbfa79') in 0.002 seconds [static and dynamic dependencies]. Details - ImportResultOutputID=b1faa0a6ae2a6189d5974a72d01f987a DependenciesID=085c8bf2b16fe9d6ee354bd2f3b9cc39 StaticDependenciesID=59c3a040dba7af3165426e790313d9c0 
Number of updated asset objects reloaded before import = 0
Number of asset objects unloaded after import = 0
========================================================================
Received Import Request.
  Time of request: 2026-08-04T17:31:22.4155271Z
  Time since last request: 0.0075768 seconds.
  importAddress: GUID: 22a51b65d8f6d4807b7336582ec038a9 - Path: Packages/com.unity.2d.common/Path/Editor/IMGUI/GUIFramework/GUIState.cs - Importer: ScriptedImporter/UnityEditor.QuickSearchModule:UnityEditor.Search:ASIAI0B
Importing 'GUID: 22a51b65d8f6d4807b7336582ec038a9 - Path: Packages/com.unity.2d.common/Path/Editor/IMGUI/GUIFramework/GUIState.cs - Importer: ScriptedImporter/UnityEditor.QuickSearchModule:UnityEditor.Search:ASIAI0B' with importer (ScriptedImporter : UnityEditor.QuickSearchModule:UnityEditor.Search:ASIAI0B)
Imported 'GUID: 22a51b65d8f6d4807b7336582ec038a9' -> (Import Result ID: 'be9caade488fe68c4ac314e6aca39469') in 0.002 seconds [static and dynamic dependencies]. Details - ImportResultOutputID=87b5cdf8428bd974e142222592b2cbfe DependenciesID=f1a5241d0fc12c24fa87f92f653a6625 StaticDependenciesID=8b10176fb62d70d44280a79407a53a3a 
Number of updated asset objects reloaded before import = 0
Number of asset objects unloaded after import = 0
========================================================================
Received Import Request.
  Time of request: 2026-08-04T17:31:22.4266377Z
  Time since last request: 0.0002474 seconds.
  importAddress: GUID: 52e377fdfecaf4cdc8397ccc1139ffe6 - Path: Packages/com.unity.2d.common/Path/Editor/Selection/SerializableSelection.cs - Importer: ScriptedImporter/UnityEditor.QuickSearchModule:UnityEditor.Search:ASIAI0B
Importing 'GUID: 52e377fdfecaf4cdc8397ccc1139ffe6 - Path: Packages/com.unity.2d.common/Path/Editor/Selection/SerializableSelection.cs - Importer: ScriptedImporter/UnityEditor.QuickSearchModule:UnityEditor.Search:ASIAI0B' with importer (ScriptedImporter : UnityEditor.QuickSearchModule:UnityEditor.Search:ASIAI0B)
Imported 'GUID: 52e377fdfecaf4cdc8397ccc1139ffe6' -> (Import Result ID: '2b5f2243c186026c029e4a735c8be45f') in 0.002 seconds [static and dynamic dependencies]. Details - ImportResultOutputID=bbfcf77c2115c7117b8b50d47b49c595 DependenciesID=447eed4bfac6a91d0866aa54d0bd02d2 StaticDependenciesID=0458f6ed26dc16751db0ff0c237f8beb 
Number of updated asset objects reloaded before import = 0
Number of asset objects unloaded after import = 0
========================================================================
Received Import Request.
  Time of request: 2026-08-04T17:31:22.4349273Z
  Time since last request: 0.0002132 seconds.
  importAddress: GUID: 32e9ec565719246d0a4a348303163c28 - Path: Packages/com.unity.2d.common/Path/Editor/Shapes/IShape.cs - Importer: ScriptedImporter/UnityEditor.QuickSearchModule:UnityEditor.Search:ASIAI0B
Importing 'GUID: 32e9ec565719246d0a4a348303163c28 - Path: Packages/com.unity.2d.common/Path/Editor/Shapes/IShape.cs - Importer: ScriptedImporter/UnityEditor.QuickSearchModule:UnityEditor.Search:ASIAI0B' with importer (ScriptedImporter : UnityEditor.QuickSearchModule:UnityEditor.Search:ASIAI0B)
Imported 'GUID: 32e9ec565719246d0a4a348303163c28' -> (Import Result ID: '5ac6dd9481889dabc227f8f4ea8fc0ce') in 0.002 seconds [static and dynamic dependencies]. Details - ImportResultOutputID=3f50fe8ef98d6806a06ba9bfa0007112 DependenciesID=6031577aeee080389318ac987c086286 StaticDependenciesID=bf8698508513e76356db65ae011288c4 
Number of updated asset objects reloaded before import = 0
Number of asset objects unloaded after import = 0
========================================================================
Received Import Request.
  Time of request: 2026-08-04T17:31:22.4443309Z
  Time since last request: 0.0003037 seconds.
  importAddress: GUID: 70769958773904c02bc91efe3db06047 - Path: Packages/com.unity.2d.common/Path/Editor/Handles/TangentLinear.png - Importer: ScriptedImporter/UnityEditor.QuickSearchModule:UnityEditor.Search:ASIAI0B
Importing 'GUID: 70769958773904c02bc91efe3db06047 - Path: Packages/com.unity.2d.common/Path/Editor/Handles/TangentLinear.png - Importer: ScriptedImporter/UnityEditor.QuickSearchModule:UnityEditor.Search:ASIAI0B' with importer (ScriptedImporter : UnityEditor.QuickSearchModule:UnityEditor.Search:ASIAI0B)
Imported 'GUID: 70769958773904c02bc91efe3db06047' -> (Import Result ID: 'f83bb378b8143fd7329526bc45661f64') in 0.004 seconds [static and dynamic dependencies]. Details - ImportResultOutputID=0d4f5401f2d02a5498a9d1cf12545fc2 DependenciesID=a6e15b547c9d9919653f823c807eb244 StaticDependenciesID=2e6b8153bb9b5fc0a1bea379bdc05f3c 
Number of updated asset objects reloaded before import = 0
Number of asset objects unloaded after import = 3
========================================================================
Received Import Request.
  Time of request: 2026-08-04T17:31:22.4553288Z
  Time since last request: 0.0002491 seconds.
  importAddress: GUID: 5dd95a18e912b4e33a402203d4c12278 - Path: Packages/com.unity.2d.common/Path/Editor/IMGUI/GUIFramework/GUISystem.cs - Importer: ScriptedImporter/UnityEditor.QuickSearchModule:UnityEditor.Search:ASIAI0B
Importing 'GUID: 5dd95a18e912b4e33a402203d4c12278 - Path: Packages/com.unity.2d.common/Path/Editor/IMGUI/GUIFramework/GUISystem.cs - Importer: ScriptedImporter/UnityEditor.QuickSearchModule:UnityEditor.Search:ASIAI0B' with importer (ScriptedImporter : UnityEditor.QuickSearchModule:UnityEditor.Search:ASIAI0B)
Imported 'GUID: 5dd95a18e912b4e33a402203d4c12278' -> (Import Result ID: 'e88b62e0ccc9f88f4ead5484ad4c5c35') in 0.003 seconds [static and dynamic dependencies]. Details - ImportResultOutputID=df3959758e5482f297335835c18e46af DependenciesID=c73c482179056abcaa2087d6870cbd79 StaticDependenciesID=fea08ce4399d8eb4d16c9b5f0319ddd9 
Number of updated asset objects reloaded before import = 0
Number of asset objects unloaded after import = 0
========================================================================
Received Import Request.
  Time of request: 2026-08-04T17:31:22.4656071Z
  Time since last request: 0.0002504 seconds.
  importAddress: GUID: 268f3ff5d8d00475a958fe7112857e71 - Path: Packages/com.unity.2d.common/Path/Editor/Shapes/ShapeExtensions.cs - Importer: ScriptedImporter/UnityEditor.QuickSearchModule:UnityEditor.Search:ASIAI0B
Importing 'GUID: 268f3ff5d8d00475a958fe7112857e71 - Path: Packages/com.unity.2d.common/Path/Editor/Shapes/ShapeExtensions.cs - Importer: ScriptedImporter/UnityEditor.QuickSearchModule:UnityEditor.Search:ASIAI0B' with importer (ScriptedImporter : UnityEditor.QuickSearchModule:UnityEditor.Search:ASIAI0B)
Imported 'GUID: 268f3ff5d8d00475a958fe7112857e71' -> (Import Result ID: '6bda63dd7366a2f83cd1cff86d05c58f') in 0.003 seconds [static and dynamic dependencies]. Details - ImportResultOutputID=65445fd3ee3d1efb16e9a0c0c7d0f1f3 DependenciesID=b894e37fb040fdfa4339a2283f1fbf95 StaticDependenciesID=52794087ecc875c2d8f65f7a567fb12d 
Number of updated asset objects reloaded before import = 0
Number of asset objects unloaded after import = 0
========================================================================
Received Import Request.
  Time of request: 2026-08-04T17:31:22.4750622Z
  Time since last request: 0.0004043 seconds.
  importAddress: GUID: 3ea5d335f43cf405cb4996d129ed7953 - Path: Packages/com.unity.2d.common/Path/Editor/EditorTool/ScriptableData.cs - Importer: ScriptedImporter/UnityEditor.QuickSearchModule:UnityEditor.Search:ASIAI0B
Importing 'GUID: 3ea5d335f43cf405cb4996d129ed7953 - Path: Packages/com.unity.2d.common/Path/Editor/EditorTool/ScriptableData.cs - Importer: ScriptedImporter/UnityEditor.QuickSearchModule:UnityEditor.Search:ASIAI0B' with importer (ScriptedImporter : UnityEditor.QuickSearchModule:UnityEditor.Search:ASIAI0B)
Imported 'GUID: 3ea5d335f43cf405cb4996d129ed7953' -> (Import Result ID: '45a4807399b1928b8d14fd9e2e0faf21') in 0.002 seconds [static and dynamic dependencies]. Details - ImportResultOutputID=ae93759573a19721c91f92902862561b DependenciesID=7815fd2ba004d927d509756ac4a1ba44 StaticDependenciesID=09d116ccb1be80c8e1f94d37e32c24d4 
Number of updated asset objects reloaded before import = 0
Number of asset objects unloaded after import = 0
========================================================================
Received Import Request.
  Time of request: 2026-08-04T17:31:22.4845908Z
  Time since last request: 0.0002475 seconds.
  importAddress: GUID: 7e09c332f0db14070a0fd6c669240470 - Path: Packages/com.unity.2d.common/Path/Editor/IMGUI/Drawer.cs - Importer: ScriptedImporter/UnityEditor.QuickSearchModule:UnityEditor.Search:ASIAI0B
Importing 'GUID: 7e09c332f0db14070a0fd6c669240470 - Path: Packages/com.unity.2d.common/Path/Editor/IMGUI/Drawer.cs - Importer: ScriptedImporter/UnityEditor.QuickSearchModule:UnityEditor.Search:ASIAI0B' with importer (ScriptedImporter : UnityEditor.QuickSearchModule:UnityEditor.Search:ASIAI0B)
Imported 'GUID: 7e09c332f0db14070a0fd6c669240470' -> (Import Result ID: '9aa52ddff786ccf524d3488842f161c8') in 0.002 seconds [static and dynamic dependencies]. Details - ImportResultOutputID=4a6e531e3c49aa310c9f2537768ec7ec DependenciesID=762b4c81c39570ad1d41b5255e71db96 StaticDependenciesID=4ff84b1f0cee0f5f3f02666371c14595 
Number of updated asset objects reloaded before import = 0
Number of asset objects unloaded after import = 0
========================================================================
Received Import Request.
  Time of request: 2026-08-04T17:31:22.4942072Z
  Time since last request: 0.0002645 seconds.
  importAddress: GUID: 922c2177c1da14d7bae6c1b8d5dac884 - Path: Packages/com.unity.2d.common/Path/Editor/IMGUI/IDrawer.cs - Importer: ScriptedImporter/UnityEditor.QuickSearchModule:UnityEditor.Search:ASIAI0B
Importing 'GUID: 922c2177c1da14d7bae6c1b8d5dac884 - Path: Packages/com.unity.2d.common/Path/Editor/IMGUI/IDrawer.cs - Importer: ScriptedImporter/UnityEditor.QuickSearchModule:UnityEditor.Search:ASIAI0B' with importer (ScriptedImporter : UnityEditor.QuickSearchModule:UnityEditor.Search:ASIAI0B)
Imported 'GUID: 922c2177c1da14d7bae6c1b8d5dac884' -> (Import Result ID: '3b269f3292176a392128c6f7436eca49') in 0.002 seconds [static and dynamic dependencies]. Details - ImportResultOutputID=304c313df9e65d484c30ca23ad113ec4 DependenciesID=338a9cd0e939eae9f96b805304186672 StaticDependenciesID=b0fd0e8b999f845375c0a3bfb18abb90 
Number of updated asset objects reloaded before import = 0
Number of asset objects unloaded after import = 0
========================================================================
Received Import Request.
  Time of request: 2026-08-04T17:31:22.5182036Z
  Time since last request: 0.0129173 seconds.
  importAddress: GUID: df380645f10b7bc4b97d4f5eb6303d95 - Path: Packages/com.unity.render-pipelines.core/Runtime/Unity.RenderPipelines.Core.Runtime.asmdef - Importer: ScriptedImporter/UnityEditor.QuickSearchModule:UnityEditor.Search:ASIAI0B
Importing 'GUID: df380645f10b7bc4b97d4f5eb6303d95 - Path: Packages/com.unity.render-pipelines.core/Runtime/Unity.RenderPipelines.Core.Runtime.asmdef - Importer: ScriptedImporter/UnityEditor.QuickSearchModule:UnityEditor.Search:ASIAI0B' with importer (ScriptedImporter : UnityEditor.QuickSearchModule:UnityEditor.Search:ASIAI0B)
Imported 'GUID: df380645f10b7bc4b97d4f5eb6303d95' -> (Import Result ID: '7c4bf3ac4e41df765477405768c3d10f') in 0.002 seconds [static and dynamic dependencies]. Details - ImportResultOutputID=b845e73d38c612871dc1f51affb05a62 DependenciesID=c6d1aa6b1254ea95eda2261691d0610c StaticDependenciesID=c36faf9f9bd80abdd9797845cefb30fc 
Number of updated asset objects reloaded before import = 0
Number of asset objects unloaded after import = 1
========================================================================
Received Import Request.
  Time of request: 2026-08-04T17:31:22.5276772Z
  Time since last request: 0.0004215 seconds.
  importAddress: GUID: 867080e20dd74324299ec0ac8f95d246 - Path: Packages/com.unity.render-pipelines.core/Editor/SerializedPropertyExtension.cs - Importer: ScriptedImporter/UnityEditor.QuickSearchModule:UnityEditor.Search:ASIAI0B
Importing 'GUID: 867080e20dd74324299ec0ac8f95d246 - Path: Packages/com.unity.render-pipelines.core/Editor/SerializedPropertyExtension.cs - Importer: ScriptedImporter/UnityEditor.QuickSearchModule:UnityEditor.Search:ASIAI0B' with importer (ScriptedImporter : UnityEditor.QuickSearchModule:UnityEditor.Search:ASIAI0B)
Imported 'GUID: 867080e20dd74324299ec0ac8f95d246' -> (Import Result ID: 'f8624e29993ef9a20c64552ccb1953cb') in 0.002 seconds [static and dynamic dependencies]. Details - ImportResultOutputID=09b88ad23d48e5c49a47ae0c4b8313bf DependenciesID=2a410b5444977fed4ebd6facebae0201 StaticDependenciesID=ab55463d5d4f6c995c415c3e8362fa6b 
Number of updated asset objects reloaded before import = 0
Number of asset objects unloaded after import = 0
========================================================================
Received Import Request.
  Time of request: 2026-08-04T17:31:22.536563Z
  Time since last request: 0.0002221 seconds.
  importAddress: GUID: ecc2633973414f6d8bbab97cf0c937b4 - Path: Packages/com.unity.render-pipelines.core/Editor/AssetDatabaseHelper.cs - Importer: ScriptedImporter/UnityEditor.QuickSearchModule:UnityEditor.Search:ASIAI0B
Importing 'GUID: ecc2633973414f6d8bbab97cf0c937b4 - Path: Packages/com.unity.render-pipelines.core/Editor/AssetDatabaseHelper.cs - Importer: ScriptedImporter/UnityEditor.QuickSearchModule:UnityEditor.Search:ASIAI0B' with importer (ScriptedImporter : UnityEditor.QuickSearchModule:UnityEditor.Search:ASIAI0B)
Imported 'GUID: ecc2633973414f6d8bbab97cf0c937b4' -> (Import Result ID: '4b17cd80508c18c70483ad37c4555870') in 0.002 seconds [static and dynamic dependencies]. Details - ImportResultOutputID=a4c5a07ae4d81bfd090474bb983f9133 DependenciesID=9ae3572e67baf4a3f229a6d9e4fcf9d9 StaticDependenciesID=f5b8c92f2206176fa3d39efc1631ae53 
Number of updated asset objects reloaded before import = 0
Number of asset objects unloaded after import = 0
========================================================================
Received Import Request.
  Time of request: 2026-08-04T17:31:22.5465972Z
  Time since last request: 0.0001943 seconds.
  importAddress: GUID: 1af35a910338381f753e8a985eb5daab - Path: Packages/com.unity.modules.adaptiveperformance/package.ModuleCompilationTrigger - Importer: ScriptedImporter/UnityEditor.QuickSearchModule:UnityEditor.Search:ASIAI0B
Importing 'GUID: 1af35a910338381f753e8a985eb5daab - Path: Packages/com.unity.modules.adaptiveperformance/package.ModuleCompilationTrigger - Importer: ScriptedImporter/UnityEditor.QuickSearchModule:UnityEditor.Search:ASIAI0B' with importer (ScriptedImporter : UnityEditor.QuickSearchModule:UnityEditor.Search:ASIAI0B)
Imported 'GUID: 1af35a910338381f753e8a985eb5daab' -> (Import Result ID: '95972b650a2f97f5efd812ae23a42d14') in 0.002 seconds [static and dynamic dependencies]. Details - ImportResultOutputID=13e993ff5b1445b57e4b39b92eed4042 DependenciesID=d00980e8cb4ba3c1797ebcf1bd76021c StaticDependenciesID=8189203b1cab84e876f3f0a02e2b20da 
Number of updated asset objects reloaded before import = 0
Number of asset objects unloaded after import = 1
========================================================================
Received Import Request.
  Time of request: 2026-08-04T17:31:22.5554758Z
  Time since last request: 0.0004566 seconds.
  importAddress: GUID: 513fb6069b4efa74ea0f21f894eed362 - Path: Packages/com.unity.render-pipelines.core/Editor/InspectorCurveEditor.cs - Importer: ScriptedImporter/UnityEditor.QuickSearchModule:UnityEditor.Search:ASIAI0B
Importing 'GUID: 513fb6069b4efa74ea0f21f894eed362 - Path: Packages/com.unity.render-pipelines.core/Editor/InspectorCurveEditor.cs - Importer: ScriptedImporter/UnityEditor.QuickSearchModule:UnityEditor.Search:ASIAI0B' with importer (ScriptedImporter : UnityEditor.QuickSearchModule:UnityEditor.Search:ASIAI0B)
Imported 'GUID: 513fb6069b4efa74ea0f21f894eed362' -> (Import Result ID: 'ad630d682e228a3eb85c435faf0f46a4') in 0.002 seconds [static and dynamic dependencies]. Details - ImportResultOutputID=d981ca236048aa070a2cb9b6cc0d4e55 DependenciesID=a4b91f98a088f72ed09d4576313393e8 StaticDependenciesID=bb0ee6d566bfe64f779bfc7a62cfc859 
Number of updated asset objects reloaded before import = 0
Number of asset objects unloaded after import = 0
========================================================================
Received Import Request.
  Time of request: 2026-08-04T17:31:22.5643535Z
  Time since last request: 0.0002068 seconds.
  importAddress: GUID: 744ceabda269e6c469964dda8c490d0d - Path: Packages/com.unity.render-pipelines.core/Editor/CoreEditorUtils.cs - Importer: ScriptedImporter/UnityEditor.QuickSearchModule:UnityEditor.Search:ASIAI0B
Importing 'GUID: 744ceabda269e6c469964dda8c490d0d - Path: Packages/com.unity.render-pipelines.core/Editor/CoreEditorUtils.cs - Importer: ScriptedImporter/UnityEditor.QuickSearchModule:UnityEditor.Search:ASIAI0B' with importer (ScriptedImporter : UnityEditor.QuickSearchModule:UnityEditor.Search:ASIAI0B)
Imported 'GUID: 744ceabda269e6c469964dda8c490d0d' -> (Import Result ID: 'd98ddf17e047deb45d594c8f352ecade') in 0.002 seconds [static and dynamic dependencies]. Details - ImportResultOutputID=11974423885ae98563e1029edecd302d DependenciesID=d44760a06097f5478fa3e2fd8261715a StaticDependenciesID=fb72cf4b9b6c273dfd1e9c2e03e26708 
Number of updated asset objects reloaded before import = 0
Number of asset objects unloaded after import = 0
========================================================================
Received Import Request.
  Time of request: 2026-08-04T17:31:22.5730679Z
  Time since last request: 0.0003106 seconds.
  importAddress: GUID: 38b347b69c1c6df4eab3367bbdbc6ac0 - Path: Packages/com.unity.render-pipelines.core/Runtime/Documentation.cs - Importer: ScriptedImporter/UnityEditor.QuickSearchModule:UnityEditor.Search:ASIAI0B
Importing 'GUID: 38b347b69c1c6df4eab3367bbdbc6ac0 - Path: Packages/com.unity.render-pipelines.core/Runtime/Documentation.cs - Importer: ScriptedImporter/UnityEditor.QuickSearchModule:UnityEditor.Search:ASIAI0B' with importer (ScriptedImporter : UnityEditor.QuickSearchModule:UnityEditor.Search:ASIAI0B)
Imported 'GUID: 38b347b69c1c6df4eab3367bbdbc6ac0' -> (Import Result ID: '03b5131a865be0b150a7e43e2183e7da') in 0.002 seconds [static and dynamic dependencies]. Details - ImportResultOutputID=50edb0a70db6bf2e0970176e5a9ba74f DependenciesID=179083fc4e916f51fef35641459e553e StaticDependenciesID=5a150a58dc6b981145df12bf34538bc1 
Number of updated asset objects reloaded before import = 0
Number of asset objects unloaded after import = 0
========================================================================
Received Import Request.
  Time of request: 2026-08-04T17:31:22.5825513Z
  Time since last request: 0.0002627 seconds.
  importAddress: GUID: 0b8314d0f3bbae546ac915cd6e3c6ddc - Path: Packages/com.unity.render-pipelines.core/Runtime/Deprecated.cs - Importer: ScriptedImporter/UnityEditor.QuickSearchModule:UnityEditor.Search:ASIAI0B
Importing 'GUID: 0b8314d0f3bbae546ac915cd6e3c6ddc - Path: Packages/com.unity.render-pipelines.core/Runtime/Deprecated.cs - Importer: ScriptedImporter/UnityEditor.QuickSearchModule:UnityEditor.Search:ASIAI0B' with importer (ScriptedImporter : UnityEditor.QuickSearchModule:UnityEditor.Search:ASIAI0B)
Imported 'GUID: 0b8314d0f3bbae546ac915cd6e3c6ddc' -> (Import Result ID: '9a2b3d769a51666795b15a31ee3e18a7') in 0.002 seconds [static and dynamic dependencies]. Details - ImportResultOutputID=4de239f8906762e8d21a9003c9382adb DependenciesID=29b36ad87607ccc4f77d1d76e89933a8 StaticDependenciesID=d098c094f1135d46cb6f3e2bc2935a4a 
Number of updated asset objects reloaded before import = 0
Number of asset objects unloaded after import = 0
========================================================================
Received Import Request.
  Time of request: 2026-08-04T17:31:22.5911686Z
  Time since last request: 0.0002127 seconds.
  importAddress: GUID: ba4b5cdf8466e485ab792e0e4e45af25 - Path: Packages/com.unity.render-pipelines.core/LICENSE.md - Importer: ScriptedImporter/UnityEditor.QuickSearchModule:UnityEditor.Search:ASIAI0B
Importing 'GUID: ba4b5cdf8466e485ab792e0e4e45af25 - Path: Packages/com.unity.render-pipelines.core/LICENSE.md - Importer: ScriptedImporter/UnityEditor.QuickSearchModule:UnityEditor.Search:ASIAI0B' with importer (ScriptedImporter : UnityEditor.QuickSearchModule:UnityEditor.Search:ASIAI0B)
Imported 'GUID: ba4b5cdf8466e485ab792e0e4e45af25' -> (Import Result ID: '61d45eb45147abd87b0a1d0bed824b8d') in 0.002 seconds [static and dynamic dependencies]. Details - ImportResultOutputID=b6d8d74e03c47347182a1d75ed0a9aab DependenciesID=6adcf1505b968ae576b03a76fd200e8c StaticDependenciesID=a777eb2a6954a63137975c5f0177d316 
Number of updated asset objects reloaded before import = 0
Number of asset objects unloaded after import = 1
========================================================================
Received Import Request.
  Time of request: 2026-08-04T17:31:22.6024561Z
  Time since last request: 0.002432 seconds.
  importAddress: GUID: b06473c622f844540bd141fc0efae169 - Path: Packages/com.unity.render-pipelines.core/ShaderLibrary/HDROutput.hlsl - Importer: ScriptedImporter/UnityEditor.QuickSearchModule:UnityEditor.Search:ASIAI0B
Importing 'GUID: b06473c622f844540bd141fc0efae169 - Path: Packages/com.unity.render-pipelines.core/ShaderLibrary/HDROutput.hlsl - Importer: ScriptedImporter/UnityEditor.QuickSearchModule:UnityEditor.Search:ASIAI0B' with importer (ScriptedImporter : UnityEditor.QuickSearchModule:UnityEditor.Search:ASIAI0B)
Imported 'GUID: b06473c622f844540bd141fc0efae169' -> (Import Result ID: '8dd43391aaa46f7d965b965cd6cda5b2') in 0.002 seconds [static and dynamic dependencies]. Details - ImportResultOutputID=d7274086af1769ecc29bc93b0eb9e726 DependenciesID=a6aee9b33de927afff94588ae7ff5ce9 StaticDependenciesID=9d5b7ea1b3b2e9939f683fb5b73723e7 
Number of updated asset objects reloaded before import = 0
Number of asset objects unloaded after import = 1
========================================================================
Received Import Request.
  Time of request: 2026-08-04T17:31:22.6113607Z
  Time since last request: 0.0003184 seconds.
  importAddress: GUID: 79c765f4c876d8a4d8eb62cbea32f21b - Path: Packages/com.unity.render-pipelines.core/Runtime-PrivateShared/OnTileValidationLayer.cs - Importer: ScriptedImporter/UnityEditor.QuickSearchModule:UnityEditor.Search:ASIAI0B
Importing 'GUID: 79c765f4c876d8a4d8eb62cbea32f21b - Path: Packages/com.unity.render-pipelines.core/Runtime-PrivateShared/OnTileValidationLayer.cs - Importer: ScriptedImporter/UnityEditor.QuickSearchModule:UnityEditor.Search:ASIAI0B' with importer (ScriptedImporter : UnityEditor.QuickSearchModule:UnityEditor.Search:ASIAI0B)
Imported 'GUID: 79c765f4c876d8a4d8eb62cbea32f21b' -> (Import Result ID: '3a14f091d2c75ff8d008f12cf94ba158') in 0.002 seconds [static and dynamic dependencies]. Details - ImportResultOutputID=18c015095adc245f12056c1537eafff4 DependenciesID=d831d035e6831060398eece0f861a267 StaticDependenciesID=1ace98a8235de266cd1576e55ec05281 
Number of updated asset objects reloaded before import = 0
Number of asset objects unloaded after import = 0
========================================================================
Received Import Request.
  Time of request: 2026-08-04T17:31:22.6210724Z
  Time since last request: 0.0004326 seconds.
  importAddress: GUID: 1a3c09fe584943f9ba43ae5a5cf0700d - Path: Packages/com.unity.render-pipelines.core/ShaderLibrary/SixWayLighting.hlsl - Importer: ScriptedImporter/UnityEditor.QuickSearchModule:UnityEditor.Search:ASIAI0B
Importing 'GUID: 1a3c09fe584943f9ba43ae5a5cf0700d - Path: Packages/com.unity.render-pipelines.core/ShaderLibrary/SixWayLighting.hlsl - Importer: ScriptedImporter/UnityEditor.QuickSearchModule:UnityEditor.Search:ASIAI0B' with importer (ScriptedImporter : UnityEditor.QuickSearchModule:UnityEditor.Search:ASIAI0B)
Imported 'GUID: 1a3c09fe584943f9ba43ae5a5cf0700d' -> (Import Result ID: '987b491b53652665b1d913820ae2da11') in 0.002 seconds [static and dynamic dependencies]. Details - ImportResultOutputID=c598fc1668cf14620e6c18331756efad DependenciesID=2a46280ac617818b2399e1706d85e2ab StaticDependenciesID=c79770836595bef292c98aa1a3ac7a31 
Number of updated asset objects reloaded before import = 0
Number of asset objects unloaded after import = 1
========================================================================
Received Import Request.
  Time of request: 2026-08-04T17:31:22.6303774Z
  Time since last request: 0.0002277 seconds.
  importAddress: GUID: 79062f3c36657da4e9a366000411cf78 - Path: Packages/com.unity.render-pipelines.core/ShaderLibrary/Texture.hlsl - Importer: ScriptedImporter/UnityEditor.QuickSearchModule:UnityEditor.Search:ASIAI0B
Importing 'GUID: 79062f3c36657da4e9a366000411cf78 - Path: Packages/com.unity.render-pipelines.core/ShaderLibrary/Texture.hlsl - Importer: ScriptedImporter/UnityEditor.QuickSearchModule:UnityEditor.Search:ASIAI0B' with importer (ScriptedImporter : UnityEditor.QuickSearchModule:UnityEditor.Search:ASIAI0B)
Imported 'GUID: 79062f3c36657da4e9a366000411cf78' -> (Import Result ID: '472fe64f4d6a03293e983b761aab0692') in 0.002 seconds [static and dynamic dependencies]. Details - ImportResultOutputID=17c318039d83e1a60caaec48d42170cc DependenciesID=d7eb4ab8a6d3b24423478aaf8788e913 StaticDependenciesID=ec1f69e5d2bae35a2f572fffc2e92dda 
Number of updated asset objects reloaded before import = 0
Number of asset objects unloaded after import = 1
========================================================================
Received Import Request.
  Time of request: 2026-08-04T17:31:22.6393335Z
  Time since last request: 0.0004405 seconds.
  importAddress: GUID: 540178d5ddc29e74da771e38536aee22 - Path: Packages/com.unity.render-pipelines.core/ShaderLibrary/CommonMaterial.hlsl - Importer: ScriptedImporter/UnityEditor.QuickSearchModule:UnityEditor.Search:ASIAI0B
Importing 'GUID: 540178d5ddc29e74da771e38536aee22 - Path: Packages/com.unity.render-pipelines.core/ShaderLibrary/CommonMaterial.hlsl - Importer: ScriptedImporter/UnityEditor.QuickSearchModule:UnityEditor.Search:ASIAI0B' with importer (ScriptedImporter : UnityEditor.QuickSearchModule:UnityEditor.Search:ASIAI0B)
Imported 'GUID: 540178d5ddc29e74da771e38536aee22' -> (Import Result ID: '651e52fe671fb95ae73054ca8c33d5c2') in 0.003 seconds [static and dynamic dependencies]. Details - ImportResultOutputID=4c3b90a4c394372471d465c8d4398d2c DependenciesID=dfa3d73316563d636f7f3d00a855d940 StaticDependenciesID=6747cb772d4d007b12977a20eeaf3715 
Number of updated asset objects reloaded before import = 0
Number of asset objects unloaded after import = 1
========================================================================
Received Import Request.
  Time of request: 2026-08-04T17:31:22.6510924Z
  Time since last request: 0.0003754 seconds.
  importAddress: GUID: 79641ba14fe04324b8905bafbf3e82ed - Path: Packages/com.unity.render-pipelines.core/ShaderLibrary/TextureStack.hlsl - Importer: ScriptedImporter/UnityEditor.QuickSearchModule:UnityEditor.Search:ASIAI0B
Importing 'GUID: 79641ba14fe04324b8905bafbf3e82ed - Path: Packages/com.unity.render-pipelines.core/ShaderLibrary/TextureStack.hlsl - Importer: ScriptedImporter/UnityEditor.QuickSearchModule:UnityEditor.Search:ASIAI0B' with importer (ScriptedImporter : UnityEditor.QuickSearchModule:UnityEditor.Search:ASIAI0B)
Imported 'GUID: 79641ba14fe04324b8905bafbf3e82ed' -> (Import Result ID: '599f63738b6983d8939763e4c12dd4db') in 0.002 seconds [static and dynamic dependencies]. Details - ImportResultOutputID=cba408790e92bde6932a2731fc23f6da DependenciesID=418663c7a83102939331316c0b648380 StaticDependenciesID=a0875c344f4293f5e9cd4ea87f85c216 
Number of updated asset objects reloaded before import = 0
Number of asset objects unloaded after import = 1
========================================================================
Received Import Request.
  Time of request: 2026-08-04T17:31:22.6605402Z
  Time since last request: 0.0002017 seconds.
  importAddress: GUID: 1a3082304c157aa4caeb17ce08992833 - Path: Packages/com.unity.render-pipelines.core/Runtime-PrivateShared/InternalRenderGraphValidation.cs - Importer: ScriptedImporter/UnityEditor.QuickSearchModule:UnityEditor.Search:ASIAI0B
Importing 'GUID: 1a3082304c157aa4caeb17ce08992833 - Path: Packages/com.unity.render-pipelines.core/Runtime-PrivateShared/InternalRenderGraphValidation.cs - Importer: ScriptedImporter/UnityEditor.QuickSearchModule:UnityEditor.Search:ASIAI0B' with importer (ScriptedImporter : UnityEditor.QuickSearchModule:UnityEditor.Search:ASIAI0B)
Imported 'GUID: 1a3082304c157aa4caeb17ce08992833' -> (Import Result ID: 'd2c92042aa74c72f644f1b1f574aa0c3') in 0.002 seconds [static and dynamic dependencies]. Details - ImportResultOutputID=5b7ad32dfa8173e1749d614da32668c5 DependenciesID=70f8d8cfd4ea313765afa4343296b83e StaticDependenciesID=3de379a236c26d2a0f07346f0ffd1237 
Number of updated asset objects reloaded before import = 0
Number of asset objects unloaded after import = 0
========================================================================
Received Import Request.
  Time of request: 2026-08-04T17:31:22.6694601Z
  Time since last request: 0.0002963 seconds.
  importAddress: GUID: b19e52fd23b5c7549b05da06be1b1614 - Path: Packages/com.unity.render-pipelines.core/ShaderLibrary/VertexCubeSlicing.hlsl - Importer: ScriptedImporter/UnityEditor.QuickSearchModule:UnityEditor.Search:ASIAI0B
Importing 'GUID: b19e52fd23b5c7549b05da06be1b1614 - Path: Packages/com.unity.render-pipelines.core/ShaderLibrary/VertexCubeSlicing.hlsl - Importer: ScriptedImporter/UnityEditor.QuickSearchModule:UnityEditor.Search:ASIAI0B' with importer (ScriptedImporter : UnityEditor.QuickSearchModule:UnityEditor.Search:ASIAI0B)
Imported 'GUID: b19e52fd23b5c7549b05da06be1b1614' -> (Import Result ID: 'a8916da7bdafc1907008f71c16188bc8') in 0.002 seconds [static and dynamic dependencies]. Details - ImportResultOutputID=be1e246363f800b1ce6fe439b313fd68 DependenciesID=0e90206e733b373e12dbb78c58514ebd StaticDependenciesID=ff0f5a82cd1a6de1fa8285ac0492fb75 
Number of updated asset objects reloaded before import = 0
Number of asset objects unloaded after import = 1
========================================================================
Received Import Request.
  Time of request: 2026-08-04T17:31:22.6795107Z
  Time since last request: 0.0001878 seconds.
  importAddress: GUID: 063144fddd2c1be41b9d09dec6314fc7 - Path: Packages/com.unity.render-pipelines.core/ShaderLibrary/SpaceFillingCurves.hlsl - Importer: ScriptedImporter/UnityEditor.QuickSearchModule:UnityEditor.Search:ASIAI0B
Importing 'GUID: 063144fddd2c1be41b9d09dec6314fc7 - Path: Packages/com.unity.render-pipelines.core/ShaderLibrary/SpaceFillingCurves.hlsl - Importer: ScriptedImporter/UnityEditor.QuickSearchModule:UnityEditor.Search:ASIAI0B' with importer (ScriptedImporter : UnityEditor.QuickSearchModule:UnityEditor.Search:ASIAI0B)
Imported 'GUID: 063144fddd2c1be41b9d09dec6314fc7' -> (Import Result ID: '1729c174015c851bae57721e6ddf41c7') in 0.002 seconds [static and dynamic dependencies]. Details - ImportResultOutputID=a8e9a0c62712d7c242991b0c5d3673b5 DependenciesID=d698fae4d924a7cbb7f7fe9c7ce07796 StaticDependenciesID=2136b747d6e8c348033044f9c88434ad 
Number of updated asset objects reloaded before import = 0
Number of asset objects unloaded after import = 1
========================================================================
Received Import Request.
  Time of request: 2026-08-04T17:31:22.6884526Z
  Time since last request: 0.0002459 seconds.
  importAddress: GUID: 33098eef498723540b0b7705cf69a338 - Path: Packages/com.unity.render-pipelines.core/ShaderLibrary/TextureXR.hlsl - Importer: ScriptedImporter/UnityEditor.QuickSearchModule:UnityEditor.Search:ASIAI0B
Importing 'GUID: 33098eef498723540b0b7705cf69a338 - Path: Packages/com.unity.render-pipelines.core/ShaderLibrary/TextureXR.hlsl - Importer: ScriptedImporter/UnityEditor.QuickSearchModule:UnityEditor.Search:ASIAI0B' with importer (ScriptedImporter : UnityEditor.QuickSearchModule:UnityEditor.Search:ASIAI0B)
Imported 'GUID: 33098eef498723540b0b7705cf69a338' -> (Import Result ID: '32bf691097710ba64e0878d889ee758b') in 0.002 seconds [static and dynamic dependencies]. Details - ImportResultOutputID=634073733a34fac781eb613fc8bfeb3d DependenciesID=3490accc14742765dcf453aa4fdd15b1 StaticDependenciesID=01afb8441e50b38b140c25c79d0c707c 
Number of updated asset objects reloaded before import = 0
Number of asset objects unloaded after import = 1
========================================================================
Received Import Request.
  Time of request: 2026-08-04T17:31:22.6987767Z
  Time since last request: 0.0002068 seconds.
  importAddress: GUID: 69257879134bba646869b21467b3338d - Path: Packages/com.unity.render-pipelines.core/Runtime-PrivateShared/Unity.RenderPipelines.Core.Runtime.Shared.asmdef - Importer: ScriptedImporter/UnityEditor.QuickSearchModule:UnityEditor.Search:ASIAI0B
Importing 'GUID: 69257879134bba646869b21467b3338d - Path: Packages/com.unity.render-pipelines.core/Runtime-PrivateShared/Unity.RenderPipelines.Core.Runtime.Shared.asmdef - Importer: ScriptedImporter/UnityEditor.QuickSearchModule:UnityEditor.Search:ASIAI0B' with importer (ScriptedImporter : UnityEditor.QuickSearchModule:UnityEditor.Search:ASIAI0B)
Imported 'GUID: 69257879134bba646869b21467b3338d' -> (Import Result ID: '685efc11c2a9fed57eed9d9b33119a8d') in 0.003 seconds [static and dynamic dependencies]. Details - ImportResultOutputID=dfaf42b4ef9214902b804e96180a55d3 DependenciesID=c551e111f13306ec365aed50109e6f41 StaticDependenciesID=8a9b41bade5bb177782351b77f991013 
Number of updated asset objects reloaded before import = 0
Number of asset objects unloaded after import = 1
========================================================================
Received Import Request.
  Time of request: 2026-08-04T17:31:22.7114562Z
  Time since last request: 0.0002326 seconds.
  importAddress: GUID: 93bbf250faa37d446990b9501e7fb7e8 - Path: Packages/com.unity.render-pipelines.core/ShaderLibrary/CommonLighting.hlsl - Importer: ScriptedImporter/UnityEditor.QuickSearchModule:UnityEditor.Search:ASIAI0B
Importing 'GUID: 93bbf250faa37d446990b9501e7fb7e8 - Path: Packages/com.unity.render-pipelines.core/ShaderLibrary/CommonLighting.hlsl - Importer: ScriptedImporter/UnityEditor.QuickSearchModule:UnityEditor.Search:ASIAI0B' with importer (ScriptedImporter : UnityEditor.QuickSearchModule:UnityEditor.Search:ASIAI0B)
Imported 'GUID: 93bbf250faa37d446990b9501e7fb7e8' -> (Import Result ID: '96f2a21c66d39e11b6b104c26f4eccb8') in 0.002 seconds [static and dynamic dependencies]. Details - ImportResultOutputID=a7cb8dc5597dc3796423973860e09e09 DependenciesID=f883a371197a150befd3c8ff64da4e17 StaticDependenciesID=759d0b7c72c52ad45c6e6e2fb9c48cb5 
Number of updated asset objects reloaded before import = 0
Number of asset objects unloaded after import = 1
========================================================================
Received Import Request.
  Time of request: 2026-08-04T17:31:22.7350173Z
  Time since last request: 0.0141072 seconds.
  importAddress: GUID: 96acda4e859ca224986250b52266e0c9 - Path: Packages/com.unity.render-pipelines.core/Editor/Camera/CameraUI.Rendering.Skin.cs - Importer: ScriptedImporter/UnityEditor.QuickSearchModule:UnityEditor.Search:ASIAI0B
Importing 'GUID: 96acda4e859ca224986250b52266e0c9 - Path: Packages/com.unity.render-pipelines.core/Editor/Camera/CameraUI.Rendering.Skin.cs - Importer: ScriptedImporter/UnityEditor.QuickSearchModule:UnityEditor.Search:ASIAI0B' with importer (ScriptedImporter : UnityEditor.QuickSearchModule:UnityEditor.Search:ASIAI0B)
Imported 'GUID: 96acda4e859ca224986250b52266e0c9' -> (Import Result ID: '0c53cf76a79eba92f04db16e21ab1dff') in 0.002 seconds [static and dynamic dependencies]. Details - ImportResultOutputID=6c5b262b31a3554e25925ecbe992beb0 DependenciesID=0d04635fb4a28717f92b20fd443b4976 StaticDependenciesID=c200e781c7fe9c08fc26746c6011dae8 
Number of updated asset objects reloaded before import = 0
Number of asset objects unloaded after import = 0
========================================================================
Received Import Request.
  Time of request: 2026-08-04T17:31:22.7443518Z
  Time since last request: 0.0002036 seconds.
  importAddress: GUID: 41147144ff556e246b736135eb26f185 - Path: Packages/com.unity.render-pipelines.core/Editor/Debugging/DebugWindow.cs - Importer: ScriptedImporter/UnityEditor.QuickSearchModule:UnityEditor.Search:ASIAI0B
Importing 'GUID: 41147144ff556e246b736135eb26f185 - Path: Packages/com.unity.render-pipelines.core/Editor/Debugging/DebugWindow.cs - Importer: ScriptedImporter/UnityEditor.QuickSearchModule:UnityEditor.Search:ASIAI0B' with importer (ScriptedImporter : UnityEditor.QuickSearchModule:UnityEditor.Search:ASIAI0B)
Imported 'GUID: 41147144ff556e246b736135eb26f185' -> (Import Result ID: 'b2331c123eb56c96c85e9a61b0317816') in 0.002 seconds [static and dynamic dependencies]. Details - ImportResultOutputID=3b7eee5795721526a018ecd13dc6f11d DependenciesID=803db0d28efd3232225a568ea1c75c41 StaticDependenciesID=22dbfae06256f4cf30e61d31c213a74d 
Number of updated asset objects reloaded before import = 0
Number of asset objects unloaded after import = 0
========================================================================
Received Import Request.
  Time of request: 2026-08-04T17:31:22.7531417Z
  Time since last request: 0.0003094 seconds.
  importAddress: GUID: 9f249a7110f8dd14ca061023fb8aa6e5 - Path: Packages/com.unity.render-pipelines.core/Editor/Analytics/BuildTargetAnalytic.cs - Importer: ScriptedImporter/UnityEditor.QuickSearchModule:UnityEditor.Search:ASIAI0B
Importing 'GUID: 9f249a7110f8dd14ca061023fb8aa6e5 - Path: Packages/com.unity.render-pipelines.core/Editor/Analytics/BuildTargetAnalytic.cs - Importer: ScriptedImporter/UnityEditor.QuickSearchModule:UnityEditor.Search:ASIAI0B' with importer (ScriptedImporter : UnityEditor.QuickSearchModule:UnityEditor.Search:ASIAI0B)
Imported 'GUID: 9f249a7110f8dd14ca061023fb8aa6e5' -> (Import Result ID: '8b68e7a63bb24b50d710c58bd2e24304') in 0.003 seconds [static and dynamic dependencies]. Details - ImportResultOutputID=bf8e6ef3ea248698461f1be3388d35b0 DependenciesID=7b669f11f76405b5f821080acce7df9a StaticDependenciesID=beae9dfb0907bb9863687137046ba61b 
Number of updated asset objects reloaded before import = 0
Number of asset objects unloaded after import = 0
========================================================================
Received Import Request.
  Time of request: 2026-08-04T17:31:22.7629182Z
  Time since last request: 0.0002398 seconds.
  importAddress: GUID: 6cf20b5e989565749903509e13e351f6 - Path: Packages/com.unity.render-pipelines.core/Editor/Camera/CameraUI.Rendering.Drawers.cs - Importer: ScriptedImporter/UnityEditor.QuickSearchModule:UnityEditor.Search:ASIAI0B
Importing 'GUID: 6cf20b5e989565749903509e13e351f6 - Path: Packages/com.unity.render-pipelines.core/Editor/Camera/CameraUI.Rendering.Drawers.cs - Importer: ScriptedImporter/UnityEditor.QuickSearchModule:UnityEditor.Search:ASIAI0B' with importer (ScriptedImporter : UnityEditor.QuickSearchModule:UnityEditor.Search:ASIAI0B)
Imported 'GUID: 6cf20b5e989565749903509e13e351f6' -> (Import Result ID: '17f88f8110e8f477cf52bc3ca502a9a8') in 0.002 seconds [static and dynamic dependencies]. Details - ImportResultOutputID=6559c56ffbbc972234b735a71a562aeb DependenciesID=6a2eaefffa135070e566de756619d616 StaticDependenciesID=985773147dcfcaed9f0b17173c8f0e92 
Number of updated asset objects reloaded before import = 0
Number of asset objects unloaded after import = 0
========================================================================
Received Import Request.
  Time of request: 2026-08-04T17:31:22.7720319Z
  Time since last request: 0.000249 seconds.
  importAddress: GUID: 601dae3a21ff49bab849c25eb27709e1 - Path: Packages/com.unity.render-pipelines.core/Editor/Material/AssetReimportUtils.cs - Importer: ScriptedImporter/UnityEditor.QuickSearchModule:UnityEditor.Search:ASIAI0B
Importing 'GUID: 601dae3a21ff49bab849c25eb27709e1 - Path: Packages/com.unity.render-pipelines.core/Editor/Material/AssetReimportUtils.cs - Importer: ScriptedImporter/UnityEditor.QuickSearchModule:UnityEditor.Search:ASIAI0B' with importer (ScriptedImporter : UnityEditor.QuickSearchModule:UnityEditor.Search:ASIAI0B)
Imported 'GUID: 601dae3a21ff49bab849c25eb27709e1' -> (Import Result ID: '14944095bbd895712d9237186ef85deb') in 0.003 seconds [static and dynamic dependencies]. Details - ImportResultOutputID=f17e0082ab5f111c91e7662c632d658c DependenciesID=c39a8fedea19c016c10034fa87a1e78f StaticDependenciesID=02ca9f191151237759c417ed7381ca52 
Number of updated asset objects reloaded before import = 0
Number of asset objects unloaded after import = 0
========================================================================
Received Import Request.
  Time of request: 2026-08-04T17:31:22.7823845Z
  Time since last request: 0.0003932 seconds.
  importAddress: GUID: 430e769b36b6f62439bef2eb5c3eaf79 - Path: Packages/com.unity.render-pipelines.core/Editor/Lighting/CoreLightEditorUtilities.cs - Importer: ScriptedImporter/UnityEditor.QuickSearchModule:UnityEditor.Search:ASIAI0B
Importing 'GUID: 430e769b36b6f62439bef2eb5c3eaf79 - Path: Packages/com.unity.render-pipelines.core/Editor/Lighting/CoreLightEditorUtilities.cs - Importer: ScriptedImporter/UnityEditor.QuickSearchModule:UnityEditor.Search:ASIAI0B' with importer (ScriptedImporter : UnityEditor.QuickSearchModule:UnityEditor.Search:ASIAI0B)
Imported 'GUID: 430e769b36b6f62439bef2eb5c3eaf79' -> (Import Result ID: '120bb7859db19c8e9b2a7b94b5c62997') in 0.003 seconds [static and dynamic dependencies]. Details - ImportResultOutputID=14856356c523d3e4a661ce500b34ead0 DependenciesID=e122dde5c804e371db996ed8ee632c7e StaticDependenciesID=403d0e086fff2bb8ac46087943f099a0 
Number of updated asset objects reloaded before import = 0
Number of asset objects unloaded after import = 0
========================================================================
Received Import Request.
  Time of request: 2026-08-04T17:31:22.7930248Z
  Time since last request: 0.0003434 seconds.
  importAddress: GUID: 2df96b66b5510f94b98df2ac6f926ef4 - Path: Packages/com.unity.render-pipelines.core/Editor/Gizmo/UnlitGizmo.shader - Importer: ScriptedImporter/UnityEditor.QuickSearchModule:UnityEditor.Search:ASIAI0B
Importing 'GUID: 2df96b66b5510f94b98df2ac6f926ef4 - Path: Packages/com.unity.render-pipelines.core/Editor/Gizmo/UnlitGizmo.shader - Importer: ScriptedImporter/UnityEditor.QuickSearchModule:UnityEditor.Search:ASIAI0B' with importer (ScriptedImporter : UnityEditor.QuickSearchModule:UnityEditor.Search:ASIAI0B)
Imported 'GUID: 2df96b66b5510f94b98df2ac6f926ef4' -> (Import Result ID: '4c4a5b44061e9e7bd7d54b6574377b51') in 0.005 seconds [static and dynamic dependencies]. Details - ImportResultOutputID=caf9a85292e5060eebbfe3df6a9c63b1 DependenciesID=0038c72a1596e4f6ae322007f0bd96e2 StaticDependenciesID=bf26957eaf7179ab3509f16f79f6d7be 
Number of updated asset objects reloaded before import = 0
Number of asset objects unloaded after import = 1
========================================================================
Received Import Request.
  Time of request: 2026-08-04T17:31:22.8054528Z
  Time since last request: 0.000228 seconds.
  importAddress: GUID: 7e2d77127041cd24faf2847015043c6f - Path: Packages/com.unity.render-pipelines.core/Editor/CustomRenderTexture/CustomRenderTextureMenuItem.cs - Importer: ScriptedImporter/UnityEditor.QuickSearchModule:UnityEditor.Search:ASIAI0B
Importing 'GUID: 7e2d77127041cd24faf2847015043c6f - Path: Packages/com.unity.render-pipelines.core/Editor/CustomRenderTexture/CustomRenderTextureMenuItem.cs - Importer: ScriptedImporter/UnityEditor.QuickSearchModule:UnityEditor.Search:ASIAI0B' with importer (ScriptedImporter : UnityEditor.QuickSearchModule:UnityEditor.Search:ASIAI0B)
Imported 'GUID: 7e2d77127041cd24faf2847015043c6f' -> (Import Result ID: '24f579af6d462e61698cb603f5367fe6') in 0.002 seconds [static and dynamic dependencies]. Details - ImportResultOutputID=f3cf7549ad20a41c21b2ba1a9761632e DependenciesID=cd1f3beb767f7fe214abc3b83645981e StaticDependenciesID=4d86fb8ee9304239d55089aaac7d2115 
Number of updated asset objects reloaded before import = 0
Number of asset objects unloaded after import = 0
========================================================================
Received Import Request.
  Time of request: 2026-08-04T17:31:22.8147815Z
  Time since last request: 0.0002637 seconds.
  importAddress: GUID: 7270f3dffc138834da5642e5943f5072 - Path: Packages/com.unity.render-pipelines.core/Editor/Debugging/DebugState.cs - Importer: ScriptedImporter/UnityEditor.QuickSearchModule:UnityEditor.Search:ASIAI0B
Importing 'GUID: 7270f3dffc138834da5642e5943f5072 - Path: Packages/com.unity.render-pipelines.core/Editor/Debugging/DebugState.cs - Importer: ScriptedImporter/UnityEditor.QuickSearchModule:UnityEditor.Search:ASIAI0B' with importer (ScriptedImporter : UnityEditor.QuickSearchModule:UnityEditor.Search:ASIAI0B)
Imported 'GUID: 7270f3dffc138834da5642e5943f5072' -> (Import Result ID: '9eb59605194cee9db756d79eef6c6b96') in 0.002 seconds [static and dynamic dependencies]. Details - ImportResultOutputID=3ab76ba9b8d1049a91c29e68b9522de0 DependenciesID=bdcfe47a6592df06f228b5ca153a4965 StaticDependenciesID=9c51729d37f1ec9fb71d0a06b69e54f4 
Number of updated asset objects reloaded before import = 0
Number of asset objects unloaded after import = 0
========================================================================
Received Import Request.
  Time of request: 2026-08-04T17:31:22.8241075Z
  Time since last request: 0.000297 seconds.
  importAddress: GUID: ec8f726a6fe63cb4594f1d548226f13d - Path: Packages/com.unity.render-pipelines.core/Editor/Lighting/LightIntensitySlider.cs - Importer: ScriptedImporter/UnityEditor.QuickSearchModule:UnityEditor.Search:ASIAI0B
Importing 'GUID: ec8f726a6fe63cb4594f1d548226f13d - Path: Packages/com.unity.render-pipelines.core/Editor/Lighting/LightIntensitySlider.cs - Importer: ScriptedImporter/UnityEditor.QuickSearchModule:UnityEditor.Search:ASIAI0B' with importer (ScriptedImporter : UnityEditor.QuickSearchModule:UnityEditor.Search:ASIAI0B)
Imported 'GUID: ec8f726a6fe63cb4594f1d548226f13d' -> (Import Result ID: '4ee30e4da996ac978ab9635ef4586d45') in 0.002 seconds [static and dynamic dependencies]. Details - ImportResultOutputID=8287bf6f0f0aca3d7d256fb9db40ab6d DependenciesID=09a8926117836eb27f9cd7cd13e16251 StaticDependenciesID=54ffbccda5ac24e6a7edcb95cf9f3ed1 
Number of updated asset objects reloaded before import = 0
Number of asset objects unloaded after import = 0
========================================================================
Received Import Request.
  Time of request: 2026-08-04T17:31:22.8348271Z
  Time since last request: 0.0002269 seconds.
  importAddress: GUID: 63524ac66f4f7c044bc3dc991c570e89 - Path: Packages/com.unity.render-pipelines.core/Editor/Lighting/LightUI.Drawers.cs - Importer: ScriptedImporter/UnityEditor.QuickSearchModule:UnityEditor.Search:ASIAI0B
Importing 'GUID: 63524ac66f4f7c044bc3dc991c570e89 - Path: Packages/com.unity.render-pipelines.core/Editor/Lighting/LightUI.Drawers.cs - Importer: ScriptedImporter/UnityEditor.QuickSearchModule:UnityEditor.Search:ASIAI0B' with importer (ScriptedImporter : UnityEditor.QuickSearchModule:UnityEditor.Search:ASIAI0B)
Imported 'GUID: 63524ac66f4f7c044bc3dc991c570e89' -> (Import Result ID: '2aec2b4ed1c092931c5fda4b6c9db0a7') in 0.002 seconds [static and dynamic dependencies]. Details - ImportResultOutputID=fc20521fc1b70415d05352bcd893165b DependenciesID=8da8c4c88b69cdb3468a2d9ed1098eda StaticDependenciesID=53f27edafc072adaca0eccf16396663b 
Number of updated asset objects reloaded before import = 0
Number of asset objects unloaded after import = 0
========================================================================
Received Import Request.
  Time of request: 2026-08-04T17:31:22.8445906Z
  Time since last request: 0.0003248 seconds.
  importAddress: GUID: 7f9e548e5e2920b47987881c21171ef6 - Path: Packages/com.unity.render-pipelines.core/Editor/Debugging/DebugUIDrawer.Builtins.cs - Importer: ScriptedImporter/UnityEditor.QuickSearchModule:UnityEditor.Search:ASIAI0B
Importing 'GUID: 7f9e548e5e2920b47987881c21171ef6 - Path: Packages/com.unity.render-pipelines.core/Editor/Debugging/DebugUIDrawer.Builtins.cs - Importer: ScriptedImporter/UnityEditor.QuickSearchModule:UnityEditor.Search:ASIAI0B' with importer (ScriptedImporter : UnityEditor.QuickSearchModule:UnityEditor.Search:ASIAI0B)
Imported 'GUID: 7f9e548e5e2920b47987881c21171ef6' -> (Import Result ID: '20365cf57d9b5bb8fd135746e52b078b') in 0.002 seconds [static and dynamic dependencies]. Details - ImportResultOutputID=5e2ddda0998def9a8b2cd48c0d4493cb DependenciesID=87685648aebb07106993ae3b4c504e38 StaticDependenciesID=09bfe2f27e9442d6f29ada8fe86b6882 
Number of updated asset objects reloaded before import = 0
Number of asset objects unloaded after import = 0
========================================================================
Received Import Request.
  Time of request: 2026-08-04T17:31:22.8677938Z
  Time since last request: 0.0124634 seconds.
  importAddress: GUID: b8598e63777340dbad41548aeabf81da - Path: Packages/com.unity.render-pipelines.core/Editor/RenderGraph/RenderGraphViewer.SidePanel.cs - Importer: ScriptedImporter/UnityEditor.QuickSearchModule:UnityEditor.Search:ASIAI0B
Importing 'GUID: b8598e63777340dbad41548aeabf81da - Path: Packages/com.unity.render-pipelines.core/Editor/RenderGraph/RenderGraphViewer.SidePanel.cs - Importer: ScriptedImporter/UnityEditor.QuickSearchModule:UnityEditor.Search:ASIAI0B' with importer (ScriptedImporter : UnityEditor.QuickSearchModule:UnityEditor.Search:ASIAI0B)
Imported 'GUID: b8598e63777340dbad41548aeabf81da' -> (Import Result ID: 'b224136ff475130a320d08518197dd78') in 0.002 seconds [static and dynamic dependencies]. Details - ImportResultOutputID=401f8e35353dda0d7def5ff71c55da74 DependenciesID=a209459992331ca79e6fc68bd2b4089f StaticDependenciesID=bac6ea8c77097575d87aa7462a8c70ce 
Number of updated asset objects reloaded before import = 0
Number of asset objects unloaded after import = 0
========================================================================
Received Import Request.
  Time of request: 2026-08-04T17:31:22.8771219Z
  Time since last request: 0.000485 seconds.
  importAddress: GUID: 20e417e1ec9645d44ad61671212c15f7 - Path: Packages/com.unity.render-pipelines.core/Editor/StyleSheets/HeaderFoldout.uss - Importer: ScriptedImporter/UnityEditor.QuickSearchModule:UnityEditor.Search:ASIAI0B
Importing 'GUID: 20e417e1ec9645d44ad61671212c15f7 - Path: Packages/com.unity.render-pipelines.core/Editor/StyleSheets/HeaderFoldout.uss - Importer: ScriptedImporter/UnityEditor.QuickSearchModule:UnityEditor.Search:ASIAI0B' with importer (ScriptedImporter : UnityEditor.QuickSearchModule:UnityEditor.Search:ASIAI0B)
Imported 'GUID: 20e417e1ec9645d44ad61671212c15f7' -> (Import Result ID: '94b94567291d54d02cb598dbcc1ab237') in 0.002 seconds [static and dynamic dependencies]. Details - ImportResultOutputID=855bb802583c6ef162e753acc6c8cff9 DependenciesID=c9160d8bf55ac29378bcc498181e722b StaticDependenciesID=373a1ca33689d7d4a70c330265b44c7e 
Number of updated asset objects reloaded before import = 0
Number of asset objects unloaded after import = 1
========================================================================
Received Import Request.
  Time of request: 2026-08-04T17:31:22.8866114Z
  Time since last request: 0.0001817 seconds.
  importAddress: GUID: 46612d3829964e2eb39c08b5c1a816e1 - Path: Packages/com.unity.render-pipelines.core/Editor/RenderGraph/RenderGraphViewer.PanManipulator.cs - Importer: ScriptedImporter/UnityEditor.QuickSearchModule:UnityEditor.Search:ASIAI0B
Importing 'GUID: 46612d3829964e2eb39c08b5c1a816e1 - Path: Packages/com.unity.render-pipelines.core/Editor/RenderGraph/RenderGraphViewer.PanManipulator.cs - Importer: ScriptedImporter/UnityEditor.QuickSearchModule:UnityEditor.Search:ASIAI0B' with importer (ScriptedImporter : UnityEditor.QuickSearchModule:UnityEditor.Search:ASIAI0B)
Imported 'GUID: 46612d3829964e2eb39c08b5c1a816e1' -> (Import Result ID: 'fa026927935dfc1bca462fc03d8995cf') in 0.002 seconds [static and dynamic dependencies]. Details - ImportResultOutputID=ca094fb961a83a5b9755d430bf9d4631 DependenciesID=feb6f2c005074ecc61c8bdbb9ee64e4d StaticDependenciesID=9b8bbca95f94e551fdba67500eb7bf7b 
Number of updated asset objects reloaded before import = 0
Number of asset objects unloaded after import = 0
========================================================================
Received Import Request.
  Time of request: 2026-08-04T17:31:22.8958221Z
  Time since last request: 0.000212 seconds.
  importAddress: GUID: cf3ac3446e9c4333b9d16ece5c21317d - Path: Packages/com.unity.render-pipelines.core/Editor/StyleSheets/RenderGraphViewer.uss - Importer: ScriptedImporter/UnityEditor.QuickSearchModule:UnityEditor.Search:ASIAI0B
Importing 'GUID: cf3ac3446e9c4333b9d16ece5c21317d - Path: Packages/com.unity.render-pipelines.core/Editor/StyleSheets/RenderGraphViewer.uss - Importer: ScriptedImporter/UnityEditor.QuickSearchModule:UnityEditor.Search:ASIAI0B' with importer (ScriptedImporter : UnityEditor.QuickSearchModule:UnityEditor.Search:ASIAI0B)
Imported 'GUID: cf3ac3446e9c4333b9d16ece5c21317d' -> (Import Result ID: '6e52853b8c288c8852d9db38bd0a12f4') in 0.005 seconds [static and dynamic dependencies]. Details - ImportResultOutputID=651f5e5a7955e057adbd24eef0b0407b DependenciesID=38ce4666cfc54fbc3e036994b5eb9292 StaticDependenciesID=3cfdb798f771ad1cccb7cc495e7f3a36 
Number of updated asset objects reloaded before import = 0
Number of asset objects unloaded after import = 2
========================================================================
Received Import Request.
  Time of request: 2026-08-04T17:31:22.9084388Z
  Time since last request: 0.0001608 seconds.
  importAddress: GUID: 8bf46326c944b984c9084f09aef9b2e2 - Path: Packages/com.unity.render-pipelines.core/Editor/StyleSheets/RenderGraphViewerLight.uss - Importer: ScriptedImporter/UnityEditor.QuickSearchModule:UnityEditor.Search:ASIAI0B
Importing 'GUID: 8bf46326c944b984c9084f09aef9b2e2 - Path: Packages/com.unity.render-pipelines.core/Editor/StyleSheets/RenderGraphViewerLight.uss - Importer: ScriptedImporter/UnityEditor.QuickSearchModule:UnityEditor.Search:ASIAI0B' with importer (ScriptedImporter : UnityEditor.QuickSearchModule:UnityEditor.Search:ASIAI0B)
Imported 'GUID: 8bf46326c944b984c9084f09aef9b2e2' -> (Import Result ID: '7904db44bc265ac74d636bc899ec1360') in 0.004 seconds [static and dynamic dependencies]. Details - ImportResultOutputID=5a3b5f63cd4e47aa4fa4ec163a862e01 DependenciesID=7e8c8f0126ba9a9c4167a3de1f6c9d9d StaticDependenciesID=7a840333c871cdf45a5fd297aebdd7d9 
Number of updated asset objects reloaded before import = 0
Number of asset objects unloaded after import = 11
========================================================================
Received Import Request.
  Time of request: 2026-08-04T17:31:22.9200585Z
  Time since last request: 0.0001341 seconds.
  importAddress: GUID: 7040da56d9fb04348885577a35fc0706 - Path: Packages/com.unity.render-pipelines.core/Editor/ShaderGenerator/ShaderTypeGeneration.cs - Importer: ScriptedImporter/UnityEditor.QuickSearchModule:UnityEditor.Search:ASIAI0B
Importing 'GUID: 7040da56d9fb04348885577a35fc0706 - Path: Packages/com.unity.render-pipelines.core/Editor/ShaderGenerator/ShaderTypeGeneration.cs - Importer: ScriptedImporter/UnityEditor.QuickSearchModule:UnityEditor.Search:ASIAI0B' with importer (ScriptedImporter : UnityEditor.QuickSearchModule:UnityEditor.Search:ASIAI0B)
Imported 'GUID: 7040da56d9fb04348885577a35fc0706' -> (Import Result ID: '1339fb1501798d069e72c1d0e2003ec7') in 0.002 seconds [static and dynamic dependencies]. Details - ImportResultOutputID=73ef67d4336d9e767ffe6975b7017c66 DependenciesID=7153f3d165613d3d7763f9cd367e2994 StaticDependenciesID=39a70ab6d3c13703675239eb402e2f62 
Number of updated asset objects reloaded before import = 0
Number of asset objects unloaded after import = 0
========================================================================
Received Import Request.
  Time of request: 2026-08-04T17:31:22.9306Z
  Time since last request: 0.0002003 seconds.
  importAddress: GUID: 18a67dd5ad5b87049bc0ed384b818caa - Path: Packages/com.unity.render-pipelines.core/Editor/ShaderStripping/ShaderPreprocessor.cs - Importer: ScriptedImporter/UnityEditor.QuickSearchModule:UnityEditor.Search:ASIAI0B
Importing 'GUID: 18a67dd5ad5b87049bc0ed384b818caa - Path: Packages/com.unity.render-pipelines.core/Editor/ShaderStripping/ShaderPreprocessor.cs - Importer: ScriptedImporter/UnityEditor.QuickSearchModule:UnityEditor.Search:ASIAI0B' with importer (ScriptedImporter : UnityEditor.QuickSearchModule:UnityEditor.Search:ASIAI0B)
Imported 'GUID: 18a67dd5ad5b87049bc0ed384b818caa' -> (Import Result ID: '0daa214641e3ec07ccf78161d11fed3d') in 0.002 seconds [static and dynamic dependencies]. Details - ImportResultOutputID=6db83c9ba39986472c61624820acbe2c DependenciesID=880045d9f9026ee95a86a199210a3499 StaticDependenciesID=cb8227e2a2e68fc7b7f119369278abeb 
Number of updated asset objects reloaded before import = 0
Number of asset objects unloaded after import = 0
========================================================================
Received Import Request.
  Time of request: 2026-08-04T17:31:22.9397733Z
  Time since last request: 0.0002013 seconds.
  importAddress: GUID: 31ae7c1b0efd6b1449ab3f20822060f3 - Path: Packages/com.unity.render-pipelines.core/Editor/Properties/AdditionalPropertiesState.cs - Importer: ScriptedImporter/UnityEditor.QuickSearchModule:UnityEditor.Search:ASIAI0B
Importing 'GUID: 31ae7c1b0efd6b1449ab3f20822060f3 - Path: Packages/com.unity.render-pipelines.core/Editor/Properties/AdditionalPropertiesState.cs - Importer: ScriptedImporter/UnityEditor.QuickSearchModule:UnityEditor.Search:ASIAI0B' with importer (ScriptedImporter : UnityEditor.QuickSearchModule:UnityEditor.Search:ASIAI0B)
Imported 'GUID: 31ae7c1b0efd6b1449ab3f20822060f3' -> (Import Result ID: 'aa09160c353edf4779cb0817657e2ec0') in 0.002 seconds [static and dynamic dependencies]. Details - ImportResultOutputID=175de14ebbd12dcd4eb55a89e6a38643 DependenciesID=e5fb3dd2c4852259eac75bd8fe43f6fe StaticDependenciesID=c185370e810a96a51b5634b58e1a275b 
Number of updated asset objects reloaded before import = 0
Number of asset objects unloaded after import = 0
========================================================================
Received Import Request.
  Time of request: 2026-08-04T17:31:22.9492406Z
  Time since last request: 0.0003818 seconds.
  importAddress: GUID: 0969de59df3a8834a871a797e99f3ea3 - Path: Packages/com.unity.render-pipelines.core/Editor/Settings/RenderPipelineGlobalSettingsUI.Drawers.cs - Importer: ScriptedImporter/UnityEditor.QuickSearchModule:UnityEditor.Search:ASIAI0B
Importing 'GUID: 0969de59df3a8834a871a797e99f3ea3 - Path: Packages/com.unity.render-pipelines.core/Editor/Settings/RenderPipelineGlobalSettingsUI.Drawers.cs - Importer: ScriptedImporter/UnityEditor.QuickSearchModule:UnityEditor.Search:ASIAI0B' with importer (ScriptedImporter : UnityEditor.QuickSearchModule:UnityEditor.Search:ASIAI0B)
Imported 'GUID: 0969de59df3a8834a871a797e99f3ea3' -> (Import Result ID: '89b5d943e590f3f15cd953f9ff6e9936') in 0.002 seconds [static and dynamic dependencies]. Details - ImportResultOutputID=bcf8a085b8d59bb7adc184b3cfc6cc9c DependenciesID=3d3f14f9af9e8d34ffcf0ea3ce82b24f StaticDependenciesID=f183f913fc847d6b8157c88e2fbbd01c 
Number of updated asset objects reloaded before import = 0
Number of asset objects unloaded after import = 0
========================================================================
Received Import Request.
  Time of request: 2026-08-04T17:31:22.9580273Z
  Time since last request: 0.0002014 seconds.
  importAddress: GUID: bfeff5aa9f408a948abd4150880fc5eb - Path: Packages/com.unity.render-pipelines.core/Editor/STP/STPResourceStripper.cs - Importer: ScriptedImporter/UnityEditor.QuickSearchModule:UnityEditor.Search:ASIAI0B
Importing 'GUID: bfeff5aa9f408a948abd4150880fc5eb - Path: Packages/com.unity.render-pipelines.core/Editor/STP/STPResourceStripper.cs - Importer: ScriptedImporter/UnityEditor.QuickSearchModule:UnityEditor.Search:ASIAI0B' with importer (ScriptedImporter : UnityEditor.QuickSearchModule:UnityEditor.Search:ASIAI0B)
Imported 'GUID: bfeff5aa9f408a948abd4150880fc5eb' -> (Import Result ID: '611d190645ed1423df6d0424e80271bd') in 0.002 seconds [static and dynamic dependencies]. Details - ImportResultOutputID=88ff949e387367815d57840a1fa68afe DependenciesID=e104db123729878ff3c544207f05143e StaticDependenciesID=b6d4782d3aef55519ded502f181f153c 
Number of updated asset objects reloaded before import = 0
Number of asset objects unloaded after import = 0
========================================================================
Received Import Request.
  Time of request: 2026-08-04T17:31:22.9666326Z
  Time since last request: 0.0002319 seconds.
  importAddress: GUID: c870ee1bdda2f46839aa9823ce9d94ca - Path: Packages/com.unity.render-pipelines.core/Editor/ScriptTemplates/ScriptTemplates.cs - Importer: ScriptedImporter/UnityEditor.QuickSearchModule:UnityEditor.Search:ASIAI0B
Importing 'GUID: c870ee1bdda2f46839aa9823ce9d94ca - Path: Packages/com.unity.render-pipelines.core/Editor/ScriptTemplates/ScriptTemplates.cs - Importer: ScriptedImporter/UnityEditor.QuickSearchModule:UnityEditor.Search:ASIAI0B' with importer (ScriptedImporter : UnityEditor.QuickSearchModule:UnityEditor.Search:ASIAI0B)
Imported 'GUID: c870ee1bdda2f46839aa9823ce9d94ca' -> (Import Result ID: '89212130da1070d1091374644edbbdc1') in 0.002 seconds [static and dynamic dependencies]. Details - ImportResultOutputID=e6c8adfba4563a626f86d788793684d5 DependenciesID=6c1aeb97e4d9619cd5871736ceea15f8 StaticDependenciesID=93e722fbd70f9344ba05b4e8e293cb20 
Number of updated asset objects reloaded before import = 0
Number of asset objects unloaded after import = 0
========================================================================
Received Import Request.
  Time of request: 2026-08-04T17:31:22.9756062Z
  Time since last request: 0.0003237 seconds.
  importAddress: GUID: 4ead049ece6638f43b01c36907c333d1 - Path: Packages/com.unity.render-pipelines.core/Editor/ShaderGenerator/CSharpToHLSL.cs - Importer: ScriptedImporter/UnityEditor.QuickSearchModule:UnityEditor.Search:ASIAI0B
Importing 'GUID: 4ead049ece6638f43b01c36907c333d1 - Path: Packages/com.unity.render-pipelines.core/Editor/ShaderGenerator/CSharpToHLSL.cs - Importer: ScriptedImporter/UnityEditor.QuickSearchModule:UnityEditor.Search:ASIAI0B' with importer (ScriptedImporter : UnityEditor.QuickSearchModule:UnityEditor.Search:ASIAI0B)
Imported 'GUID: 4ead049ece6638f43b01c36907c333d1' -> (Import Result ID: '4823dcdd595036a83745863b37ede801') in 0.002 seconds [static and dynamic dependencies]. Details - ImportResultOutputID=dfbb0e9e19f8d59c481991bb9836614c DependenciesID=299e1a7d1096f68c88e8129e2dc42cce StaticDependenciesID=ca510128ce655ff2197c9655e9963107 
Number of updated asset objects reloaded before import = 0
Number of asset objects unloaded after import = 0
========================================================================
Received Import Request.
  Time of request: 2026-08-04T17:31:22.9843087Z
  Time since last request: 0.0003041 seconds.
  importAddress: GUID: 085cb502223da8f46931abfa47535112 - Path: Packages/com.unity.render-pipelines.core/Editor/UnifiedRayTracing/Unity.UnifiedRayTracing.Editor.asmdef - Importer: ScriptedImporter/UnityEditor.QuickSearchModule:UnityEditor.Search:ASIAI0B
Importing 'GUID: 085cb502223da8f46931abfa47535112 - Path: Packages/com.unity.render-pipelines.core/Editor/UnifiedRayTracing/Unity.UnifiedRayTracing.Editor.asmdef - Importer: ScriptedImporter/UnityEditor.QuickSearchModule:UnityEditor.Search:ASIAI0B' with importer (ScriptedImporter : UnityEditor.QuickSearchModule:UnityEditor.Search:ASIAI0B)
Imported 'GUID: 085cb502223da8f46931abfa47535112' -> (Import Result ID: '75987a43c5c15a6406fb2b865c6a5e16') in 0.002 seconds [static and dynamic dependencies]. Details - ImportResultOutputID=d2f589312a451a26d1f583e440160181 DependenciesID=78a55ac9971b6af984168660e011dd21 StaticDependenciesID=9e0d04d3165b7635f97deb9e2b7235b5 
Number of updated asset objects reloaded before import = 0
Number of asset objects unloaded after import = 1
========================================================================
Received Import Request.
  Time of request: 2026-08-04T17:31:23.0006533Z
  Time since last request: 0.0065531 seconds.
  importAddress: GUID: d8ce10b4215bd81438b65f7e23ac0946 - Path: Packages/com.unity.render-pipelines.core/Editor/Volume/VolumeParameterDrawer.cs - Importer: ScriptedImporter/UnityEditor.QuickSearchModule:UnityEditor.Search:ASIAI0B
Importing 'GUID: d8ce10b4215bd81438b65f7e23ac0946 - Path: Packages/com.unity.render-pipelines.core/Editor/Volume/VolumeParameterDrawer.cs - Importer: ScriptedImporter/UnityEditor.QuickSearchModule:UnityEditor.Search:ASIAI0B' with importer (ScriptedImporter : UnityEditor.QuickSearchModule:UnityEditor.Search:ASIAI0B)
Imported 'GUID: d8ce10b4215bd81438b65f7e23ac0946' -> (Import Result ID: '8acaca301b26c7eb3578ee02b3e74ab8') in 0.002 seconds [static and dynamic dependencies]. Details - ImportResultOutputID=b15af738efe9a83cc43ba9dd3c0ace06 DependenciesID=e61f63ba4972af243a398a7683e87e16 StaticDependenciesID=680d50b0585acf223046ddb21a98adf8 
Number of updated asset objects reloaded before import = 0
Number of asset objects unloaded after import = 0
========================================================================
Received Import Request.
  Time of request: 2026-08-04T17:31:23.0097477Z
  Time since last request: 0.0003632 seconds.
  importAddress: GUID: 77e120f60a14491ca38ed1ae80b4cfb8 - Path: Packages/com.unity.render-pipelines.core/Runtime/Common/ReloadGroupAttribute.cs - Importer: ScriptedImporter/UnityEditor.QuickSearchModule:UnityEditor.Search:ASIAI0B
Importing 'GUID: 77e120f60a14491ca38ed1ae80b4cfb8 - Path: Packages/com.unity.render-pipelines.core/Runtime/Common/ReloadGroupAttribute.cs - Importer: ScriptedImporter/UnityEditor.QuickSearchModule:UnityEditor.Search:ASIAI0B' with importer (ScriptedImporter : UnityEditor.QuickSearchModule:UnityEditor.Search:ASIAI0B)
Imported 'GUID: 77e120f60a14491ca38ed1ae80b4cfb8' -> (Import Result ID: '8b6fad6dfad3c0b36a17233930f06849') in 0.002 seconds [static and dynamic dependencies]. Details - ImportResultOutputID=dbe04d5f53922c6b29025b5f45379098 DependenciesID=ab5a5796c66b1b8e41c5dd8c84eb964e StaticDependenciesID=a8b1b47dfacaea6f9fb34886e47fe654 
Number of updated asset objects reloaded before import = 0
Number of asset objects unloaded after import = 0
========================================================================
Received Import Request.
  Time of request: 2026-08-04T17:31:23.0184768Z
  Time since last request: 0.0002339 seconds.
  importAddress: GUID: abbe08f5688bd7342b997cf075044945 - Path: Packages/com.unity.render-pipelines.core/Runtime/Common/IVirtualTexturingEnabledRenderPipeline.cs - Importer: ScriptedImporter/UnityEditor.QuickSearchModule:UnityEditor.Search:ASIAI0B
Importing 'GUID: abbe08f5688bd7342b997cf075044945 - Path: Packages/com.unity.render-pipelines.core/Runtime/Common/IVirtualTexturingEnabledRenderPipeline.cs - Importer: ScriptedImporter/UnityEditor.QuickSearchModule:UnityEditor.Search:ASIAI0B' with importer (ScriptedImporter : UnityEditor.QuickSearchModule:UnityEditor.Search:ASIAI0B)
Imported 'GUID: abbe08f5688bd7342b997cf075044945' -> (Import Result ID: '263395785057f921ac223dea14d892a4') in 0.002 seconds [static and dynamic dependencies]. Details - ImportResultOutputID=d815aaa6aab4a89f95e99fe407ea6d70 DependenciesID=8412a1b662767569ef0ec4187d5e1a79 StaticDependenciesID=bf8c6b74424075b574053f63f8e62579 
Number of updated asset objects reloaded before import = 0
Number of asset objects unloaded after import = 0
========================================================================
Received Import Request.
  Time of request: 2026-08-04T17:31:23.0276246Z
  Time since last request: 0.0004056 seconds.
  importAddress: GUID: 27f2759742fe50d4fa55a384fd18e06b - Path: Packages/com.unity.render-pipelines.core/Editor/Volume/VolumesPreferences.cs - Importer: ScriptedImporter/UnityEditor.QuickSearchModule:UnityEditor.Search:ASIAI0B
Importing 'GUID: 27f2759742fe50d4fa55a384fd18e06b - Path: Packages/com.unity.render-pipelines.core/Editor/Volume/VolumesPreferences.cs - Importer: ScriptedImporter/UnityEditor.QuickSearchModule:UnityEditor.Search:ASIAI0B' with importer (ScriptedImporter : UnityEditor.QuickSearchModule:UnityEditor.Search:ASIAI0B)
Imported 'GUID: 27f2759742fe50d4fa55a384fd18e06b' -> (Import Result ID: 'e1301c01aae30d8e7854cf529c0f31b7') in 0.002 seconds [static and dynamic dependencies]. Details - ImportResultOutputID=5732e07701b34b6dbedc8431421f43bd DependenciesID=c429f777afdeb80caf5b6533c77bf1f0 StaticDependenciesID=78f0536d753196742c9d7bbf67bbf6ae 
Number of updated asset objects reloaded before import = 0
Number of asset objects unloaded after import = 0
========================================================================
Received Import Request.
  Time of request: 2026-08-04T17:31:23.0365441Z
  Time since last request: 0.0002816 seconds.
  importAddress: GUID: d0b4821bb729cd24fbbe0af5feaa73ab - Path: Packages/com.unity.render-pipelines.core/Editor/UXML/DefaultVolumeProfileEditor.uxml - Importer: ScriptedImporter/UnityEditor.QuickSearchModule:UnityEditor.Search:ASIAI0B
Importing 'GUID: d0b4821bb729cd24fbbe0af5feaa73ab - Path: Packages/com.unity.render-pipelines.core/Editor/UXML/DefaultVolumeProfileEditor.uxml - Importer: ScriptedImporter/UnityEditor.QuickSearchModule:UnityEditor.Search:ASIAI0B' with importer (ScriptedImporter : UnityEditor.QuickSearchModule:UnityEditor.Search:ASIAI0B)
Imported 'GUID: d0b4821bb729cd24fbbe0af5feaa73ab' -> (Import Result ID: '75ff8c0e69673ef0c3828986a19246dc') in 0.004 seconds [static and dynamic dependencies]. Details - ImportResultOutputID=e8979333343b894d612eceb6a3368f03 DependenciesID=509f47ae91063bad146cdfcc8533c289 StaticDependenciesID=3e11f0fd678adc6af71dc68f9ba6a3cc 
Number of updated asset objects reloaded before import = 0
Number of asset objects unloaded after import = 3
========================================================================
Received Import Request.
  Time of request: 2026-08-04T17:31:23.0474327Z
  Time since last request: 0.0002536 seconds.
  importAddress: GUID: 5ff37ac5eaefe9e42bcd04b4ebba753e - Path: Packages/com.unity.render-pipelines.core/Runtime/CommandBuffers/RasterCommandBuffer.cs - Importer: ScriptedImporter/UnityEditor.QuickSearchModule:UnityEditor.Search:ASIAI0B
Importing 'GUID: 5ff37ac5eaefe9e42bcd04b4ebba753e - Path: Packages/com.unity.render-pipelines.core/Runtime/CommandBuffers/RasterCommandBuffer.cs - Importer: ScriptedImporter/UnityEditor.QuickSearchModule:UnityEditor.Search:ASIAI0B' with importer (ScriptedImporter : UnityEditor.QuickSearchModule:UnityEditor.Search:ASIAI0B)
Imported 'GUID: 5ff37ac5eaefe9e42bcd04b4ebba753e' -> (Import Result ID: '6f372caee6ff9ab5858c288a4745de94') in 0.002 seconds [static and dynamic dependencies]. Details - ImportResultOutputID=deaf09a263b6b588dc9658c332914c93 DependenciesID=623fe69a0e5bb9c9cbf162b6cdc538ba StaticDependenciesID=87cd88344cc59dbe0c51ed51476020e2 
Number of updated asset objects reloaded before import = 0
Number of asset objects unloaded after import = 0
========================================================================
Received Import Request.
  Time of request: 2026-08-04T17:31:23.0569344Z
  Time since last request: 0.0002825 seconds.
  importAddress: GUID: b9e58b38929a83b4aa0fd7b0d0144014 - Path: Packages/com.unity.render-pipelines.core/Editor/Upscaling/UpscalerOptionsEditor.cs - Importer: ScriptedImporter/UnityEditor.QuickSearchModule:UnityEditor.Search:ASIAI0B
Importing 'GUID: b9e58b38929a83b4aa0fd7b0d0144014 - Path: Packages/com.unity.render-pipelines.core/Editor/Upscaling/UpscalerOptionsEditor.cs - Importer: ScriptedImporter/UnityEditor.QuickSearchModule:UnityEditor.Search:ASIAI0B' with importer (ScriptedImporter : UnityEditor.QuickSearchModule:UnityEditor.Search:ASIAI0B)
Imported 'GUID: b9e58b38929a83b4aa0fd7b0d0144014' -> (Import Result ID: 'ac83f5a70ec0847dca26c4bf5f059ad7') in 0.002 seconds [static and dynamic dependencies]. Details - ImportResultOutputID=edb388e77e24ce63a9573689afa27200 DependenciesID=f266368c4fee2fbb64ad81f024e6e8d3 StaticDependenciesID=93a2a9a84b5c1b36eea61b641f84c371 
Number of updated asset objects reloaded before import = 0
Number of asset objects unloaded after import = 0
========================================================================
Received Import Request.
  Time of request: 2026-08-04T17:31:23.0662146Z
  Time since last request: 0.0002587 seconds.
  importAddress: GUID: 61649e120aa78c04e8b44d1c5af17d35 - Path: Packages/com.unity.render-pipelines.core/Runtime/Common/ConstantBuffer.cs - Importer: ScriptedImporter/UnityEditor.QuickSearchModule:UnityEditor.Search:ASIAI0B
Importing 'GUID: 61649e120aa78c04e8b44d1c5af17d35 - Path: Packages/com.unity.render-pipelines.core/Runtime/Common/ConstantBuffer.cs - Importer: ScriptedImporter/UnityEditor.QuickSearchModule:UnityEditor.Search:ASIAI0B' with importer (ScriptedImporter : UnityEditor.QuickSearchModule:UnityEditor.Search:ASIAI0B)
Imported 'GUID: 61649e120aa78c04e8b44d1c5af17d35' -> (Import Result ID: 'c90f572280c1465f9afc4123f4b06624') in 0.002 seconds [static and dynamic dependencies]. Details - ImportResultOutputID=b53d6912b0474047df45b1e2fb31a117 DependenciesID=8f83cf4cec93ad7791e71bbfe6228b29 StaticDependenciesID=3f652e5017c7a2058c661b7177b47323 
Number of updated asset objects reloaded before import = 0
Number of asset objects unloaded after import = 0
========================================================================
Received Import Request.
  Time of request: 2026-08-04T17:31:23.0777644Z
  Time since last request: 0.0002662 seconds.
  importAddress: GUID: c0fcf015f898cd845a455f44ee9b00bb - Path: Packages/com.unity.render-pipelines.core/Editor/Utilities/SceneRenderPipelineEditor.cs - Importer: ScriptedImporter/UnityEditor.QuickSearchModule:UnityEditor.Search:ASIAI0B
Importing 'GUID: c0fcf015f898cd845a455f44ee9b00bb - Path: Packages/com.unity.render-pipelines.core/Editor/Utilities/SceneRenderPipelineEditor.cs - Importer: ScriptedImporter/UnityEditor.QuickSearchModule:UnityEditor.Search:ASIAI0B' with importer (ScriptedImporter : UnityEditor.QuickSearchModule:UnityEditor.Search:ASIAI0B)
Imported 'GUID: c0fcf015f898cd845a455f44ee9b00bb' -> (Import Result ID: '72e74133f8f9f552071527055c680069') in 0.002 seconds [static and dynamic dependencies]. Details - ImportResultOutputID=3c6c117fb8c9ede0f66b23d438c33723 DependenciesID=495de4a19a2d53cdf307a4ab068faafa StaticDependenciesID=c9eed16eb67abe3b747d77f373e97c41 
Number of updated asset objects reloaded before import = 0
Number of asset objects unloaded after import = 0
========================================================================
Received Import Request.
  Time of request: 2026-08-04T17:31:23.0868652Z
  Time since last request: 0.0002237 seconds.
  importAddress: GUID: a93fadbee2eb1eb4d96832313dda4a94 - Path: Packages/com.unity.render-pipelines.core/Editor/Utilities/TimedScope.cs - Importer: ScriptedImporter/UnityEditor.QuickSearchModule:UnityEditor.Search:ASIAI0B
Importing 'GUID: a93fadbee2eb1eb4d96832313dda4a94 - Path: Packages/com.unity.render-pipelines.core/Editor/Utilities/TimedScope.cs - Importer: ScriptedImporter/UnityEditor.QuickSearchModule:UnityEditor.Search:ASIAI0B' with importer (ScriptedImporter : UnityEditor.QuickSearchModule:UnityEditor.Search:ASIAI0B)
Imported 'GUID: a93fadbee2eb1eb4d96832313dda4a94' -> (Import Result ID: '7d22795ca5daee1b601056e1caed74e7') in 0.002 seconds [static and dynamic dependencies]. Details - ImportResultOutputID=27fc3d3d9f1954fc049a47f6a8d847f1 DependenciesID=0dabe00ae0a767d0ee855bb101079c17 StaticDependenciesID=d34f30c445481576b70f11556390e6dc 
Number of updated asset objects reloaded before import = 0
Number of asset objects unloaded after import = 0
========================================================================
Received Import Request.
  Time of request: 2026-08-04T17:31:23.0961015Z
  Time since last request: 0.0004045 seconds.
  importAddress: GUID: 00387952e4f43ec45a9084e579a44e4e - Path: Packages/com.unity.render-pipelines.core/Editor/UXML/RenderGraphViewer.uxml - Importer: ScriptedImporter/UnityEditor.QuickSearchModule:UnityEditor.Search:ASIAI0B
Importing 'GUID: 00387952e4f43ec45a9084e579a44e4e - Path: Packages/com.unity.render-pipelines.core/Editor/UXML/RenderGraphViewer.uxml - Importer: ScriptedImporter/UnityEditor.QuickSearchModule:UnityEditor.Search:ASIAI0B' with importer (ScriptedImporter : UnityEditor.QuickSearchModule:UnityEditor.Search:ASIAI0B)
Imported 'GUID: 00387952e4f43ec45a9084e579a44e4e' -> (Import Result ID: '9ad678fb659ccbfdf416a425fe013904') in 0.009 seconds [static and dynamic dependencies]. Details - ImportResultOutputID=31520f01a76775b17c4d3bf8f89f9830 DependenciesID=2af0d4d26e976f5f9f26d8a939c935d5 StaticDependenciesID=7b6867a04188ea7c3a9a42180704b9ea 
Number of updated asset objects reloaded before import = 0
Number of asset objects unloaded after import = 4
========================================================================
Received Import Request.
  Time of request: 2026-08-04T17:31:23.1127868Z
  Time since last request: 0.0001409 seconds.
  importAddress: GUID: 618b0e3f6c65dd247a4a016150006c57 - Path: Packages/com.unity.render-pipelines.core/Runtime/Camera/FreeCamera.cs - Importer: ScriptedImporter/UnityEditor.QuickSearchModule:UnityEditor.Search:ASIAI0B
Importing 'GUID: 618b0e3f6c65dd247a4a016150006c57 - Path: Packages/com.unity.render-pipelines.core/Runtime/Camera/FreeCamera.cs - Importer: ScriptedImporter/UnityEditor.QuickSearchModule:UnityEditor.Search:ASIAI0B' with importer (ScriptedImporter : UnityEditor.QuickSearchModule:UnityEditor.Search:ASIAI0B)
Imported 'GUID: 618b0e3f6c65dd247a4a016150006c57' -> (Import Result ID: '8ae9f5c89e96c95a8751a211f7ababdc') in 0.003 seconds [static and dynamic dependencies]. Details - ImportResultOutputID=56b49c86a0a53e12ccf2bbbfda133096 DependenciesID=1135d47765c353ddad13b63a02e1e078 StaticDependenciesID=5ae711e399f519ad78c8170761641d1b 
Number of updated asset objects reloaded before import = 0
Number of asset objects unloaded after import = 0
========================================================================
Received Import Request.
  Time of request: 2026-08-04T17:31:23.1337846Z
  Time since last request: 0.0103829 seconds.
  importAddress: GUID: 4d731376742bf4a49a65a6083a9b9b32 - Path: Packages/com.unity.render-pipelines.core/Runtime/PathTracing/LightFalloffLUT.cs - Importer: ScriptedImporter/UnityEditor.QuickSearchModule:UnityEditor.Search:ASIAI0B
Importing 'GUID: 4d731376742bf4a49a65a6083a9b9b32 - Path: Packages/com.unity.render-pipelines.core/Runtime/PathTracing/LightFalloffLUT.cs - Importer: ScriptedImporter/UnityEditor.QuickSearchModule:UnityEditor.Search:ASIAI0B' with importer (ScriptedImporter : UnityEditor.QuickSearchModule:UnityEditor.Search:ASIAI0B)
Imported 'GUID: 4d731376742bf4a49a65a6083a9b9b32' -> (Import Result ID: '6ab04f3a56f00c3474ac34d6dd1fda96') in 0.002 seconds [static and dynamic dependencies]. Details - ImportResultOutputID=09394ba54b3a393f7c99da7915564e92 DependenciesID=8d2a2c7ab21ae6009a5cac7afd31ea44 StaticDependenciesID=cd488900e40e68c1a20b1f59546318f2 
Number of updated asset objects reloaded before import = 0
Number of asset objects unloaded after import = 0
========================================================================
Received Import Request.
  Time of request: 2026-08-04T17:31:23.1434878Z
  Time since last request: 0.0004547 seconds.
  importAddress: GUID: 20be25aac4e22ee49a7db76fb3df6de2 - Path: Packages/com.unity.render-pipelines.core/Runtime/Debug/ProbeSamplingDebugMesh.fbx - Importer: ScriptedImporter/UnityEditor.QuickSearchModule:UnityEditor.Search:ASIAI0B
Importing 'GUID: 20be25aac4e22ee49a7db76fb3df6de2 - Path: Packages/com.unity.render-pipelines.core/Runtime/Debug/ProbeSamplingDebugMesh.fbx - Importer: ScriptedImporter/UnityEditor.QuickSearchModule:UnityEditor.Search:ASIAI0B' with importer (ScriptedImporter : UnityEditor.QuickSearchModule:UnityEditor.Search:ASIAI0B)
Imported 'GUID: 20be25aac4e22ee49a7db76fb3df6de2' -> (Import Result ID: '6dafd2eada55073e07f06104d5378088') in 0.033 seconds [static and dynamic dependencies]. Details - ImportResultOutputID=2be01a09ded585485876bab2e70bd497 DependenciesID=2b4affa09fd77bd1f55a26fb4185cb35 StaticDependenciesID=e8bf99b606588acae1d7902ccde97ac8 
Number of updated asset objects reloaded before import = 0
Number of asset objects unloaded after import = 6
========================================================================
Received Import Request.
  Time of request: 2026-08-04T17:31:23.1843735Z
  Time since last request: 0.0002015 seconds.
  importAddress: GUID: 128dfdf16fa4423c9153da9a8672b669 - Path: Packages/com.unity.render-pipelines.core/Runtime/GPUDriven/IGPUResidentRenderPipeline.cs - Importer: ScriptedImporter/UnityEditor.QuickSearchModule:UnityEditor.Search:ASIAI0B
Importing 'GUID: 128dfdf16fa4423c9153da9a8672b669 - Path: Packages/com.unity.render-pipelines.core/Runtime/GPUDriven/IGPUResidentRenderPipeline.cs - Importer: ScriptedImporter/UnityEditor.QuickSearchModule:UnityEditor.Search:ASIAI0B' with importer (ScriptedImporter : UnityEditor.QuickSearchModule:UnityEditor.Search:ASIAI0B)
Imported 'GUID: 128dfdf16fa4423c9153da9a8672b669' -> (Import Result ID: 'd77fcab5ac2f7b35a561321118537ea8') in 0.002 seconds [static and dynamic dependencies]. Details - ImportResultOutputID=86593764b6e2c5203adf6e81dd6c6572 DependenciesID=f5f3a657baed943aa962a5123d625daf StaticDependenciesID=a71bc8e92745c934574b13423d4cd1e8 
Number of updated asset objects reloaded before import = 0
Number of asset objects unloaded after import = 0
========================================================================
Received Import Request.
  Time of request: 2026-08-04T17:31:23.1938972Z
  Time since last request: 0.0002412 seconds.
  importAddress: GUID: 2555d7f783a93094cb7bd2e7f54feca1 - Path: Packages/com.unity.render-pipelines.core/Runtime/PathTracing/AdaptiveSamplingHelpers.cs - Importer: ScriptedImporter/UnityEditor.QuickSearchModule:UnityEditor.Search:ASIAI0B
Importing 'GUID: 2555d7f783a93094cb7bd2e7f54feca1 - Path: Packages/com.unity.render-pipelines.core/Runtime/PathTracing/AdaptiveSamplingHelpers.cs - Importer: ScriptedImporter/UnityEditor.QuickSearchModule:UnityEditor.Search:ASIAI0B' with importer (ScriptedImporter : UnityEditor.QuickSearchModule:UnityEditor.Search:ASIAI0B)
Imported 'GUID: 2555d7f783a93094cb7bd2e7f54feca1' -> (Import Result ID: '04f9928194011856c0867b88456496cd') in 0.002 seconds [static and dynamic dependencies]. Details - ImportResultOutputID=49325dcc8110af2cdad10ab7456c08e9 DependenciesID=7a1795ea6db42cb93dc243462e5a36f8 StaticDependenciesID=3af4a1053a159347b84c7a490687a190 
Number of updated asset objects reloaded before import = 0
Number of asset objects unloaded after import = 0
========================================================================
Received Import Request.
  Time of request: 2026-08-04T17:31:23.2033427Z
  Time since last request: 0.0002695 seconds.
  importAddress: GUID: 332920c028664644e9e4e1bf5a1631d5 - Path: Packages/com.unity.render-pipelines.core/Runtime/Debugging/DebugUI.Fields.cs - Importer: ScriptedImporter/UnityEditor.QuickSearchModule:UnityEditor.Search:ASIAI0B
Importing 'GUID: 332920c028664644e9e4e1bf5a1631d5 - Path: Packages/com.unity.render-pipelines.core/Runtime/Debugging/DebugUI.Fields.cs - Importer: ScriptedImporter/UnityEditor.QuickSearchModule:UnityEditor.Search:ASIAI0B' with importer (ScriptedImporter : UnityEditor.QuickSearchModule:UnityEditor.Search:ASIAI0B)
Imported 'GUID: 332920c028664644e9e4e1bf5a1631d5' -> (Import Result ID: 'cf5ff489a9aa188c2a83e64e2281d29d') in 0.003 seconds [static and dynamic dependencies]. Details - ImportResultOutputID=9866bc29dcbc96e098fe00508cca6068 DependenciesID=d8e1f9208549f4dde98de124b32cade9 StaticDependenciesID=b5ee0ff7a19b652945b1355344f2c845 
Number of updated asset objects reloaded before import = 0
Number of asset objects unloaded after import = 0
========================================================================
Received Import Request.
  Time of request: 2026-08-04T17:31:23.2145781Z
  Time since last request: 0.0002165 seconds.
  importAddress: GUID: daa3eec2dfce59046ae258efe3ff1419 - Path: Packages/com.unity.render-pipelines.core/Runtime/Debugging/DebugDisplaySettingsHDROutput.cs - Importer: ScriptedImporter/UnityEditor.QuickSearchModule:UnityEditor.Search:ASIAI0B
Importing 'GUID: daa3eec2dfce59046ae258efe3ff1419 - Path: Packages/com.unity.render-pipelines.core/Runtime/Debugging/DebugDisplaySettingsHDROutput.cs - Importer: ScriptedImporter/UnityEditor.QuickSearchModule:UnityEditor.Search:ASIAI0B' with importer (ScriptedImporter : UnityEditor.QuickSearchModule:UnityEditor.Search:ASIAI0B)
Imported 'GUID: daa3eec2dfce59046ae258efe3ff1419' -> (Import Result ID: '25cd255a0f29b36be001841145fc03d8') in 0.002 seconds [static and dynamic dependencies]. Details - ImportResultOutputID=48d674e7892a6d6ea05fb7cd7e550e39 DependenciesID=e4a5781082e775cf9f2d3888d6c7d4a1 StaticDependenciesID=b7239f79d1c18fb8f66709a46279ec5d 
Number of updated asset objects reloaded before import = 0
Number of asset objects unloaded after import = 0
========================================================================
Received Import Request.
  Time of request: 2026-08-04T17:31:23.2243485Z
  Time since last request: 0.0003057 seconds.
  importAddress: GUID: e5ee786a2f4e04b5bbc5c7b2e645272e - Path: Packages/com.unity.render-pipelines.core/Runtime/Debugging/DebugDisplaySettingsPanel.cs - Importer: ScriptedImporter/UnityEditor.QuickSearchModule:UnityEditor.Search:ASIAI0B
Importing 'GUID: e5ee786a2f4e04b5bbc5c7b2e645272e - Path: Packages/com.unity.render-pipelines.core/Runtime/Debugging/DebugDisplaySettingsPanel.cs - Importer: ScriptedImporter/UnityEditor.QuickSearchModule:UnityEditor.Search:ASIAI0B' with importer (ScriptedImporter : UnityEditor.QuickSearchModule:UnityEditor.Search:ASIAI0B)
Imported 'GUID: e5ee786a2f4e04b5bbc5c7b2e645272e' -> (Import Result ID: 'f3c51af6b2f2a3298c2a8ce6778ca8ae') in 0.003 seconds [static and dynamic dependencies]. Details - ImportResultOutputID=3f553db9655acab086cf6624142d9c86 DependenciesID=d5e7efe3c97ccbbccff19e7ddeb48012 StaticDependenciesID=19a04c591290c1f44dc0e8ecd63a133c 
Number of updated asset objects reloaded before import = 0
Number of asset objects unloaded after import = 0
========================================================================
Received Import Request.
  Time of request: 2026-08-04T17:31:23.2360148Z
  Time since last request: 0.0002849 seconds.
  importAddress: GUID: 96b2515d277249b4586313e2b9578b83 - Path: Packages/com.unity.render-pipelines.core/Runtime/PathTracing/LightmapExpansion.cs - Importer: ScriptedImporter/UnityEditor.QuickSearchModule:UnityEditor.Search:ASIAI0B
Importing 'GUID: 96b2515d277249b4586313e2b9578b83 - Path: Packages/com.unity.render-pipelines.core/Runtime/PathTracing/LightmapExpansion.cs - Importer: ScriptedImporter/UnityEditor.QuickSearchModule:UnityEditor.Search:ASIAI0B' with importer (ScriptedImporter : UnityEditor.QuickSearchModule:UnityEditor.Search:ASIAI0B)
Imported 'GUID: 96b2515d277249b4586313e2b9578b83' -> (Import Result ID: '9a70adbfdf87ee57d39d2af510e1e22a') in 0.003 seconds [static and dynamic dependencies]. Details - ImportResultOutputID=d2ec6f66e4d63651462b1c089f6fcca9 DependenciesID=bfb73a3d1cab19d32e1a246c8e6a264d StaticDependenciesID=f8389305d2e1eb5546b19b70dca319c3 
Number of updated asset objects reloaded before import = 0
Number of asset objects unloaded after import = 0
========================================================================
Received Import Request.
  Time of request: 2026-08-04T17:31:23.2466867Z
  Time since last request: 0.0001773 seconds.
  importAddress: GUID: a164ae4d75dc0074b966a2efdf0a5700 - Path: Packages/com.unity.render-pipelines.core/Runtime/Debugging/DebugShapes.cs - Importer: ScriptedImporter/UnityEditor.QuickSearchModule:UnityEditor.Search:ASIAI0B
Importing 'GUID: a164ae4d75dc0074b966a2efdf0a5700 - Path: Packages/com.unity.render-pipelines.core/Runtime/Debugging/DebugShapes.cs - Importer: ScriptedImporter/UnityEditor.QuickSearchModule:UnityEditor.Search:ASIAI0B' with importer (ScriptedImporter : UnityEditor.QuickSearchModule:UnityEditor.Search:ASIAI0B)
Imported 'GUID: a164ae4d75dc0074b966a2efdf0a5700' -> (Import Result ID: 'd5a50bfb99abdfd1a4d20b546e40f593') in 0.002 seconds [static and dynamic dependencies]. Details - ImportResultOutputID=1dac423521571f4a0fb81afd5a3af489 DependenciesID=9742ea9dd0b78072306dca5fe6c28035 StaticDependenciesID=49c41c94029afdefa53cc32e33f0a0f9 
Number of updated asset objects reloaded before import = 0
Number of asset objects unloaded after import = 0
========================================================================
Received Import Request.
  Time of request: 2026-08-04T17:31:23.2559871Z
  Time since last request: 0.0002774 seconds.
  importAddress: GUID: 723b7447e23e2b5429e727c3b3a76834 - Path: Packages/com.unity.render-pipelines.core/Runtime/GPUDriven/GPUResidentDrawer.cs - Importer: ScriptedImporter/UnityEditor.QuickSearchModule:UnityEditor.Search:ASIAI0B
Importing 'GUID: 723b7447e23e2b5429e727c3b3a76834 - Path: Packages/com.unity.render-pipelines.core/Runtime/GPUDriven/GPUResidentDrawer.cs - Importer: ScriptedImporter/UnityEditor.QuickSearchModule:UnityEditor.Search:ASIAI0B' with importer (ScriptedImporter : UnityEditor.QuickSearchModule:UnityEditor.Search:ASIAI0B)
Imported 'GUID: 723b7447e23e2b5429e727c3b3a76834' -> (Import Result ID: 'ef81a5a32327d02a8e30f9fa5ac3ac75') in 0.002 seconds [static and dynamic dependencies]. Details - ImportResultOutputID=02a6b2df18acd698e1b6439a1cda7085 DependenciesID=6ed498db1ccb4b0c0c3f6505c0967b23 StaticDependenciesID=36bd173fb579a298080eff6acb2a6daa 
Number of updated asset objects reloaded before import = 0
Number of asset objects unloaded after import = 0
========================================================================
Received Import Request.
  Time of request: 2026-08-04T17:31:23.322846Z
  Time since last request: 0.0580982 seconds.
  importAddress: GUID: bf7039235906400da1eecd0fd65ace22 - Path: Packages/com.unity.render-pipelines.core/Runtime/RenderPipeline/RenderPipelineGlobalSettings.cs - Importer: ScriptedImporter/UnityEditor.QuickSearchModule:UnityEditor.Search:ASIAI0B
Importing 'GUID: bf7039235906400da1eecd0fd65ace22 - Path: Packages/com.unity.render-pipelines.core/Runtime/RenderPipeline/RenderPipelineGlobalSettings.cs - Importer: ScriptedImporter/UnityEditor.QuickSearchModule:UnityEditor.Search:ASIAI0B' with importer (ScriptedImporter : UnityEditor.QuickSearchModule:UnityEditor.Search:ASIAI0B)
Imported 'GUID: bf7039235906400da1eecd0fd65ace22' -> (Import Result ID: '7a20e6056bac950eee2f020ad766b3a3') in 0.014 seconds [static and dynamic dependencies]. Details - ImportResultOutputID=b931abd51148cbec026484d114598a05 DependenciesID=4e6ebc3fdfd7a4103c9524c46cc720cb StaticDependenciesID=d9361432633b447fab39a8b5ad8508f9 
Number of updated asset objects reloaded before import = 0
Number of asset objects unloaded after import = 0
========================================================================
Received Import Request.
  Time of request: 2026-08-04T17:31:23.3451438Z
  Time since last request: 0.0005063 seconds.
  importAddress: GUID: ddb80635ace775b4cb05423d24e269fb - Path: Packages/com.unity.render-pipelines.core/Runtime/PathTracing/SphericalHarmonicsUtil.cs - Importer: ScriptedImporter/UnityEditor.QuickSearchModule:UnityEditor.Search:ASIAI0B
Importing 'GUID: ddb80635ace775b4cb05423d24e269fb - Path: Packages/com.unity.render-pipelines.core/Runtime/PathTracing/SphericalHarmonicsUtil.cs - Importer: ScriptedImporter/UnityEditor.QuickSearchModule:UnityEditor.Search:ASIAI0B' with importer (ScriptedImporter : UnityEditor.QuickSearchModule:UnityEditor.Search:ASIAI0B)
Imported 'GUID: ddb80635ace775b4cb05423d24e269fb' -> (Import Result ID: '3016fefea2cad1cf2fd18299297f8e51') in 0.002 seconds [static and dynamic dependencies]. Details - ImportResultOutputID=1287fdf4fe14e316dea238adb2122df0 DependenciesID=9b2c06b39346a18d7f83983b5f95d438 StaticDependenciesID=8005d14338eab5ab1c9f66de93d9edbf 
Number of updated asset objects reloaded before import = 0
Number of asset objects unloaded after import = 0
========================================================================
Received Import Request.
  Time of request: 2026-08-04T17:31:23.3549518Z
  Time since last request: 0.0005095 seconds.
  importAddress: GUID: 2d61c9446fb9f3c40886545e36cac282 - Path: Packages/com.unity.render-pipelines.core/Runtime/RenderGraph/RenderGraphCompilationCache.cs - Importer: ScriptedImporter/UnityEditor.QuickSearchModule:UnityEditor.Search:ASIAI0B
Importing 'GUID: 2d61c9446fb9f3c40886545e36cac282 - Path: Packages/com.unity.render-pipelines.core/Runtime/RenderGraph/RenderGraphCompilationCache.cs - Importer: ScriptedImporter/UnityEditor.QuickSearchModule:UnityEditor.Search:ASIAI0B' with importer (ScriptedImporter : UnityEditor.QuickSearchModule:UnityEditor.Search:ASIAI0B)
Imported 'GUID: 2d61c9446fb9f3c40886545e36cac282' -> (Import Result ID: 'cebe6df500c4610a9e1edafdcbef08f7') in 0.002 seconds [static and dynamic dependencies]. Details - ImportResultOutputID=d95e018ae202f7e1e1b09a6d2f71d846 DependenciesID=5ed5e806163a3f590ca3dec3205737f5 StaticDependenciesID=2e63f573d21d3a7f04c1a19ba39a2b2b 
Number of updated asset objects reloaded before import = 0
Number of asset objects unloaded after import = 0
========================================================================
Received Import Request.
  Time of request: 2026-08-04T17:31:23.3662526Z
  Time since last request: 0.0004303 seconds.
  importAddress: GUID: 1968508719bcdd84cacddbaa045ff743 - Path: Packages/com.unity.render-pipelines.core/Runtime/PathTracing/UVMesh.cs - Importer: ScriptedImporter/UnityEditor.QuickSearchModule:UnityEditor.Search:ASIAI0B
Importing 'GUID: 1968508719bcdd84cacddbaa045ff743 - Path: Packages/com.unity.render-pipelines.core/Runtime/PathTracing/UVMesh.cs - Importer: ScriptedImporter/UnityEditor.QuickSearchModule:UnityEditor.Search:ASIAI0B' with importer (ScriptedImporter : UnityEditor.QuickSearchModule:UnityEditor.Search:ASIAI0B)
Imported 'GUID: 1968508719bcdd84cacddbaa045ff743' -> (Import Result ID: '795269eed25212bb0ff690c6bbfa2fb0') in 0.002 seconds [static and dynamic dependencies]. Details - ImportResultOutputID=e7bf74f33fa25991bdbe64e7b7f16106 DependenciesID=6ea9ea7ab440c3b87824ee24cd913251 StaticDependenciesID=4cebfbaa3f3dd6105be438675b5fdfbd 
Number of updated asset objects reloaded before import = 0
Number of asset objects unloaded after import = 0
========================================================================
Received Import Request.
  Time of request: 2026-08-04T17:31:23.3766343Z
  Time since last request: 0.00052 seconds.
  importAddress: GUID: c49c619b6af2be941af9bcbca2641964 - Path: Packages/com.unity.render-pipelines.core/Runtime/PathTracing/Unity.PathTracing.Runtime.asmdef - Importer: ScriptedImporter/UnityEditor.QuickSearchModule:UnityEditor.Search:ASIAI0B
Importing 'GUID: c49c619b6af2be941af9bcbca2641964 - Path: Packages/com.unity.render-pipelines.core/Runtime/PathTracing/Unity.PathTracing.Runtime.asmdef - Importer: ScriptedImporter/UnityEditor.QuickSearchModule:UnityEditor.Search:ASIAI0B' with importer (ScriptedImporter : UnityEditor.QuickSearchModule:UnityEditor.Search:ASIAI0B)
Imported 'GUID: c49c619b6af2be941af9bcbca2641964' -> (Import Result ID: '89a23ef8cb6adf3d3efd9cee8107512d') in 0.002 seconds [static and dynamic dependencies]. Details - ImportResultOutputID=2077535885da7d058c23225906271100 DependenciesID=4c29f4883677eaec9b42121b21ff8f5d StaticDependenciesID=5f27f0d35afcec4f2596e050d3781d29 
Number of updated asset objects reloaded before import = 0
Number of asset objects unloaded after import = 1
========================================================================
Received Import Request.
  Time of request: 2026-08-04T17:31:23.3872812Z
  Time since last request: 0.0002016 seconds.
  importAddress: GUID: d9929b63696b16c4ca41927306959897 - Path: Packages/com.unity.render-pipelines.core/Runtime/RenderGraph/RenderGraphDefaultResources.cs - Importer: ScriptedImporter/UnityEditor.QuickSearchModule:UnityEditor.Search:ASIAI0B
Importing 'GUID: d9929b63696b16c4ca41927306959897 - Path: Packages/com.unity.render-pipelines.core/Runtime/RenderGraph/RenderGraphDefaultResources.cs - Importer: ScriptedImporter/UnityEditor.QuickSearchModule:UnityEditor.Search:ASIAI0B' with importer (ScriptedImporter : UnityEditor.QuickSearchModule:UnityEditor.Search:ASIAI0B)
Imported 'GUID: d9929b63696b16c4ca41927306959897' -> (Import Result ID: '5551065e6006227fc7bd2c035cc7e0cd') in 0.002 seconds [static and dynamic dependencies]. Details - ImportResultOutputID=8fabfd9480d6d1990c5715cfa86c003a DependenciesID=8bf931e9a6bb1eff785e51f776a331e8 StaticDependenciesID=a4dae86354c2b0d599e1585d934b2e4e 
Number of updated asset objects reloaded before import = 0
Number of asset objects unloaded after import = 0
========================================================================
Received Import Request.
  Time of request: 2026-08-04T17:31:23.3986308Z
  Time since last request: 0.0004896 seconds.
  importAddress: GUID: 2502941332b91fa4a8a2804e7ecb19ac - Path: Packages/com.unity.render-pipelines.core/Runtime/PathTracing/SegmentedReduction.cs - Importer: ScriptedImporter/UnityEditor.QuickSearchModule:UnityEditor.Search:ASIAI0B
Importing 'GUID: 2502941332b91fa4a8a2804e7ecb19ac - Path: Packages/com.unity.render-pipelines.core/Runtime/PathTracing/SegmentedReduction.cs - Importer: ScriptedImporter/UnityEditor.QuickSearchModule:UnityEditor.Search:ASIAI0B' with importer (ScriptedImporter : UnityEditor.QuickSearchModule:UnityEditor.Search:ASIAI0B)
Imported 'GUID: 2502941332b91fa4a8a2804e7ecb19ac' -> (Import Result ID: '8ca85342e05c57938b08b2a61508d52c') in 0.002 seconds [static and dynamic dependencies]. Details - ImportResultOutputID=9d86aae53d4457234ac67cefa43fc53c DependenciesID=44487f6239d7ccd4dc3c01474e725af1 StaticDependenciesID=72f27fc662d4f830900917023e1f126b 
Number of updated asset objects reloaded before import = 0
Number of asset objects unloaded after import = 0
========================================================================
Received Import Request.
  Time of request: 2026-08-04T17:31:23.4089497Z
  Time since last request: 0.000277 seconds.
  importAddress: GUID: abecb4219b2c230489d192eca9bd3469 - Path: Packages/com.unity.render-pipelines.core/Runtime/PathTracing/UVAccelerationStructure.cs - Importer: ScriptedImporter/UnityEditor.QuickSearchModule:UnityEditor.Search:ASIAI0B
Importing 'GUID: abecb4219b2c230489d192eca9bd3469 - Path: Packages/com.unity.render-pipelines.core/Runtime/PathTracing/UVAccelerationStructure.cs - Importer: ScriptedImporter/UnityEditor.QuickSearchModule:UnityEditor.Search:ASIAI0B' with importer (ScriptedImporter : UnityEditor.QuickSearchModule:UnityEditor.Search:ASIAI0B)
Imported 'GUID: abecb4219b2c230489d192eca9bd3469' -> (Import Result ID: 'b3698c5869a23e4440c1a50c750657a1') in 0.002 seconds [static and dynamic dependencies]. Details - ImportResultOutputID=a3122cca443fa93b178123e69d68ec8a DependenciesID=f40f029b73e81a2f2ff7654784e1d204 StaticDependenciesID=ed300d756e1fd9ee6e771f1f251ad61a 
Number of updated asset objects reloaded before import = 0
Number of asset objects unloaded after import = 0
========================================================================
Received Import Request.
  Time of request: 2026-08-04T17:31:23.4188616Z
  Time since last request: 0.0002948 seconds.
  importAddress: GUID: 2fcdf4bad9ff6e340a9aaca6de5fe1a3 - Path: Packages/com.unity.render-pipelines.core/Runtime/RenderGraph/IRenderGraphBuilder.cs - Importer: ScriptedImporter/UnityEditor.QuickSearchModule:UnityEditor.Search:ASIAI0B
Importing 'GUID: 2fcdf4bad9ff6e340a9aaca6de5fe1a3 - Path: Packages/com.unity.render-pipelines.core/Runtime/RenderGraph/IRenderGraphBuilder.cs - Importer: ScriptedImporter/UnityEditor.QuickSearchModule:UnityEditor.Search:ASIAI0B' with importer (ScriptedImporter : UnityEditor.QuickSearchModule:UnityEditor.Search:ASIAI0B)
Imported 'GUID: 2fcdf4bad9ff6e340a9aaca6de5fe1a3' -> (Import Result ID: '15320e4f02abbe751c55a4b72f8f5aee') in 0.002 seconds [static and dynamic dependencies]. Details - ImportResultOutputID=b32bd952f7658fb1b2c9b744deb6450c DependenciesID=504cc72946b0c03a7f3bde71f9e1f67d StaticDependenciesID=a9da72b4d39769262ccd9e9ca7681451 
Number of updated asset objects reloaded before import = 0
Number of asset objects unloaded after import = 0
========================================================================
Received Import Request.
  Time of request: 2026-08-04T17:31:23.4348313Z
  Time since last request: 0.0063634 seconds.
  importAddress: GUID: 4f03e96382963a746a762cee65652eb3 - Path: Packages/com.unity.render-pipelines.core/Runtime/Stripping/RenderPipelineGraphicsSettingsStripperReport.cs - Importer: ScriptedImporter/UnityEditor.QuickSearchModule:UnityEditor.Search:ASIAI0B
Importing 'GUID: 4f03e96382963a746a762cee65652eb3 - Path: Packages/com.unity.render-pipelines.core/Runtime/Stripping/RenderPipelineGraphicsSettingsStripperReport.cs - Importer: ScriptedImporter/UnityEditor.QuickSearchModule:UnityEditor.Search:ASIAI0B' with importer (ScriptedImporter : UnityEditor.QuickSearchModule:UnityEditor.Search:ASIAI0B)
Imported 'GUID: 4f03e96382963a746a762cee65652eb3' -> (Import Result ID: 'd05714239e02a850a96f026370f4b676') in 0.002 seconds [static and dynamic dependencies]. Details - ImportResultOutputID=9aa837fdc9d2ca9f1c48a4fc50069f48 DependenciesID=e4f41472a032e9b735a2f4318ca8b237 StaticDependenciesID=777bb8751af3af1441f55152f4dde56d 
Number of updated asset objects reloaded before import = 0
Number of asset objects unloaded after import = 0
========================================================================
Received Import Request.
  Time of request: 2026-08-04T17:31:23.4436229Z
  Time since last request: 0.000273 seconds.
  importAddress: GUID: 33be2e9a5506b2843bdb2bdff9cad5e1 - Path: Packages/com.unity.render-pipelines.core/Runtime/STP/StpSetup.compute - Importer: ScriptedImporter/UnityEditor.QuickSearchModule:UnityEditor.Search:ASIAI0B
Importing 'GUID: 33be2e9a5506b2843bdb2bdff9cad5e1 - Path: Packages/com.unity.render-pipelines.core/Runtime/STP/StpSetup.compute - Importer: ScriptedImporter/UnityEditor.QuickSearchModule:UnityEditor.Search:ASIAI0B' with importer (ScriptedImporter : UnityEditor.QuickSearchModule:UnityEditor.Search:ASIAI0B)
Imported 'GUID: 33be2e9a5506b2843bdb2bdff9cad5e1' -> (Import Result ID: '8100526d92eb5d45c8e236a7e3c509ce') in 0.002 seconds [static and dynamic dependencies]. Details - ImportResultOutputID=6abcaf0718728adc11bcaf57a4aedbc0 DependenciesID=64095bc70900687bc4d8353934c28727 StaticDependenciesID=602b71f3c906a35e0f82a516250303cf 
Number of updated asset objects reloaded before import = 0
Number of asset objects unloaded after import = 1
========================================================================
Received Import Request.
  Time of request: 2026-08-04T17:31:23.4537935Z
  Time since last request: 0.0002197 seconds.
  importAddress: GUID: 2bfeecf9b5e9f7c4d99b0e400429e25a - Path: Packages/com.unity.render-pipelines.core/Runtime/Utilities/ArrayExtensions.cs - Importer: ScriptedImporter/UnityEditor.QuickSearchModule:UnityEditor.Search:ASIAI0B
Importing 'GUID: 2bfeecf9b5e9f7c4d99b0e400429e25a - Path: Packages/com.unity.render-pipelines.core/Runtime/Utilities/ArrayExtensions.cs - Importer: ScriptedImporter/UnityEditor.QuickSearchModule:UnityEditor.Search:ASIAI0B' with importer (ScriptedImporter : UnityEditor.QuickSearchModule:UnityEditor.Search:ASIAI0B)
Imported 'GUID: 2bfeecf9b5e9f7c4d99b0e400429e25a' -> (Import Result ID: 'f00c093e6f446d0def6809a9fc2962c9') in 0.003 seconds [static and dynamic dependencies]. Details - ImportResultOutputID=47f03068c69cd2a144666be7972432a6 DependenciesID=c08035fdb0c3a04174443c55a4d04426 StaticDependenciesID=10ec8fa41967c074d6738fdc179cc7d3 
Number of updated asset objects reloaded before import = 0
Number of asset objects unloaded after import = 0
========================================================================
Received Import Request.
  Time of request: 2026-08-04T17:31:23.4652154Z
  Time since last request: 0.0002413 seconds.
  importAddress: GUID: be41240ee7c09d949b3575ef8d2ad8c9 - Path: Packages/com.unity.render-pipelines.core/Runtime/Upscaling/FSR2IUpscaler.cs - Importer: ScriptedImporter/UnityEditor.QuickSearchModule:UnityEditor.Search:ASIAI0B
Importing 'GUID: be41240ee7c09d949b3575ef8d2ad8c9 - Path: Packages/com.unity.render-pipelines.core/Runtime/Upscaling/FSR2IUpscaler.cs - Importer: ScriptedImporter/UnityEditor.QuickSearchModule:UnityEditor.Search:ASIAI0B' with importer (ScriptedImporter : UnityEditor.QuickSearchModule:UnityEditor.Search:ASIAI0B)
Imported 'GUID: be41240ee7c09d949b3575ef8d2ad8c9' -> (Import Result ID: 'b9db203aa73a28e0c13689ffb8586b45') in 0.002 seconds [static and dynamic dependencies]. Details - ImportResultOutputID=1118722029f7ac3a00ace21b5ae83fe7 DependenciesID=30e66784a6a7024621a61c70f8d62f82 StaticDependenciesID=1085b35e578ff25c862548a05de2df7d 
Number of updated asset objects reloaded before import = 0
Number of asset objects unloaded after import = 0
========================================================================
Received Import Request.
  Time of request: 2026-08-04T17:31:23.4752326Z
  Time since last request: 0.000288 seconds.
  importAddress: GUID: bf5115231aebe5d459b1b57b8a3cd703 - Path: Packages/com.unity.render-pipelines.core/Runtime/UnifiedRayTracing/RayTracingContext.cs - Importer: ScriptedImporter/UnityEditor.QuickSearchModule:UnityEditor.Search:ASIAI0B
Importing 'GUID: bf5115231aebe5d459b1b57b8a3cd703 - Path: Packages/com.unity.render-pipelines.core/Runtime/UnifiedRayTracing/RayTracingContext.cs - Importer: ScriptedImporter/UnityEditor.QuickSearchModule:UnityEditor.Search:ASIAI0B' with importer (ScriptedImporter : UnityEditor.QuickSearchModule:UnityEditor.Search:ASIAI0B)
Imported 'GUID: bf5115231aebe5d459b1b57b8a3cd703' -> (Import Result ID: '429ef4cefc6ae828ab0bd7d2dabf4942') in 0.002 seconds [static and dynamic dependencies]. Details - ImportResultOutputID=0a34eafa1612615192aa3ba755cefaba DependenciesID=da930e56bc6d4ab691c68fc2afe5ee9d StaticDependenciesID=c7190bbf74ef4a6af660f5a9e4eda544 
Number of updated asset objects reloaded before import = 0
Number of asset objects unloaded after import = 0
========================================================================
Received Import Request.
  Time of request: 2026-08-04T17:31:23.4846765Z
  Time since last request: 0.0003262 seconds.
  importAddress: GUID: ab8ad79e3d094044af2eb94ea63279cf - Path: Packages/com.unity.render-pipelines.core/Runtime/Utilities/BatchRendererGroupGlobals.cs - Importer: ScriptedImporter/UnityEditor.QuickSearchModule:UnityEditor.Search:ASIAI0B
Importing 'GUID: ab8ad79e3d094044af2eb94ea63279cf - Path: Packages/com.unity.render-pipelines.core/Runtime/Utilities/BatchRendererGroupGlobals.cs - Importer: ScriptedImporter/UnityEditor.QuickSearchModule:UnityEditor.Search:ASIAI0B' with importer (ScriptedImporter : UnityEditor.QuickSearchModule:UnityEditor.Search:ASIAI0B)
Imported 'GUID: ab8ad79e3d094044af2eb94ea63279cf' -> (Import Result ID: '29f7e6cbcfefe81c5e9f0168075b1c3e') in 0.002 seconds [static and dynamic dependencies]. Details - ImportResultOutputID=e3604964896931abe1a85a0daed1a163 DependenciesID=54f17ca492ab32c857d76cc93fd7462d StaticDependenciesID=a7f2742aa91f53c2ae587cb042b35bab 
Number of updated asset objects reloaded before import = 0
Number of asset objects unloaded after import = 0
========================================================================
Received Import Request.
  Time of request: 2026-08-04T17:31:23.4955935Z
  Time since last request: 0.0002348 seconds.
  importAddress: GUID: 9abeb67ba9136f940a7b78095f5b43d8 - Path: Packages/com.unity.render-pipelines.core/Runtime/Textures/MSAASamples.cs - Importer: ScriptedImporter/UnityEditor.QuickSearchModule:UnityEditor.Search:ASIAI0B
Importing 'GUID: 9abeb67ba9136f940a7b78095f5b43d8 - Path: Packages/com.unity.render-pipelines.core/Runtime/Textures/MSAASamples.cs - Importer: ScriptedImporter/UnityEditor.QuickSearchModule:UnityEditor.Search:ASIAI0B' with importer (ScriptedImporter : UnityEditor.QuickSearchModule:UnityEditor.Search:ASIAI0B)
Imported 'GUID: 9abeb67ba9136f940a7b78095f5b43d8' -> (Import Result ID: '474ca5966cd243226fbafacaeb374fa6') in 0.003 seconds [static and dynamic dependencies]. Details - ImportResultOutputID=450663af30f071283ea11629da120ca2 DependenciesID=e43c09ff7499b4829cbd92f81b132581 StaticDependenciesID=d96b35780d589ace01ab255d428c10ae 
Number of updated asset objects reloaded before import = 0
Number of asset objects unloaded after import = 0
========================================================================
Received Import Request.
  Time of request: 2026-08-04T17:31:23.5073643Z
  Time since last request: 0.0003485 seconds.
  importAddress: GUID: f3117c72f2a5c6d47a581d5ccc60ca55 - Path: Packages/com.unity.render-pipelines.core/Runtime/STP/ISTPEnabledRenderPipeline.cs - Importer: ScriptedImporter/UnityEditor.QuickSearchModule:UnityEditor.Search:ASIAI0B
Importing 'GUID: f3117c72f2a5c6d47a581d5ccc60ca55 - Path: Packages/com.unity.render-pipelines.core/Runtime/STP/ISTPEnabledRenderPipeline.cs - Importer: ScriptedImporter/UnityEditor.QuickSearchModule:UnityEditor.Search:ASIAI0B' with importer (ScriptedImporter : UnityEditor.QuickSearchModule:UnityEditor.Search:ASIAI0B)
Imported 'GUID: f3117c72f2a5c6d47a581d5ccc60ca55' -> (Import Result ID: 'e5c545f3eaad2d300bc13a374046d868') in 0.002 seconds [static and dynamic dependencies]. Details - ImportResultOutputID=2e429293b7909fcca984cc05675eb100 DependenciesID=e7a501a0a66673a80cc98af40be164f8 StaticDependenciesID=7a2b8fd236aa6004a705619b3546f8e8 
Number of updated asset objects reloaded before import = 0
Number of asset objects unloaded after import = 0
========================================================================
Received Import Request.
  Time of request: 2026-08-04T17:31:23.5179462Z
  Time since last request: 0.0003254 seconds.
  importAddress: GUID: 62ccbd1f548f598418c8662d9f7da3ee - Path: Packages/com.unity.render-pipelines.core/Runtime/STP/STP.cs.hlsl - Importer: ScriptedImporter/UnityEditor.QuickSearchModule:UnityEditor.Search:ASIAI0B
Importing 'GUID: 62ccbd1f548f598418c8662d9f7da3ee - Path: Packages/com.unity.render-pipelines.core/Runtime/STP/STP.cs.hlsl - Importer: ScriptedImporter/UnityEditor.QuickSearchModule:UnityEditor.Search:ASIAI0B' with importer (ScriptedImporter : UnityEditor.QuickSearchModule:UnityEditor.Search:ASIAI0B)
Imported 'GUID: 62ccbd1f548f598418c8662d9f7da3ee' -> (Import Result ID: 'bbf405a0d01e8fd9b0f7a49950344423') in 0.003 seconds [static and dynamic dependencies]. Details - ImportResultOutputID=35af0682cbe1d77cb41d809a79cd1311 DependenciesID=753d3157053225d4526c6dd44b82e40a StaticDependenciesID=b2d8a6aa1370aef1fe6124e5471c8164 
Number of updated asset objects reloaded before import = 0
Number of asset objects unloaded after import = 1
========================================================================
Received Import Request.
  Time of request: 2026-08-04T17:31:23.5368166Z
  Time since last request: 0.0082338 seconds.
  importAddress: GUID: 14a46e0dac04a0245b3f95359167b663 - Path: Packages/com.unity.render-pipelines.core/ShaderLibrary/API/GLES3.hlsl - Importer: ScriptedImporter/UnityEditor.QuickSearchModule:UnityEditor.Search:ASIAI0B
Importing 'GUID: 14a46e0dac04a0245b3f95359167b663 - Path: Packages/com.unity.render-pipelines.core/ShaderLibrary/API/GLES3.hlsl - Importer: ScriptedImporter/UnityEditor.QuickSearchModule:UnityEditor.Search:ASIAI0B' with importer (ScriptedImporter : UnityEditor.QuickSearchModule:UnityEditor.Search:ASIAI0B)
Imported 'GUID: 14a46e0dac04a0245b3f95359167b663' -> (Import Result ID: '3d1fec90d1d70df71b648ee208eebfef') in 0.003 seconds [static and dynamic dependencies]. Details - ImportResultOutputID=f3b9f0a4ba824f91aea587027a77b5aa DependenciesID=3800d773724f0080da8d71604d2bc3b0 StaticDependenciesID=642d261f7733f09ba8b7aaf3bb9cc8e3 
Number of updated asset objects reloaded before import = 0
Number of asset objects unloaded after import = 1
========================================================================
Received Import Request.
  Time of request: 2026-08-04T17:31:23.5488129Z
  Time since last request: 0.0003155 seconds.
  importAddress: GUID: a88e3e436344c9246acd63d2edca6fdf - Path: Packages/com.unity.render-pipelines.core/Runtime/XR/XRGraphicsAutomatedTests.cs - Importer: ScriptedImporter/UnityEditor.QuickSearchModule:UnityEditor.Search:ASIAI0B
Importing 'GUID: a88e3e436344c9246acd63d2edca6fdf - Path: Packages/com.unity.render-pipelines.core/Runtime/XR/XRGraphicsAutomatedTests.cs - Importer: ScriptedImporter/UnityEditor.QuickSearchModule:UnityEditor.Search:ASIAI0B' with importer (ScriptedImporter : UnityEditor.QuickSearchModule:UnityEditor.Search:ASIAI0B)
Imported 'GUID: a88e3e436344c9246acd63d2edca6fdf' -> (Import Result ID: 'bcfcf7cb0d31a66ba9acfac909d8f724') in 0.003 seconds [static and dynamic dependencies]. Details - ImportResultOutputID=337b8f6374ab225d6f4310bebc0600c4 DependenciesID=a455d11cc1733c94e7e4f895a68fb7c2 StaticDependenciesID=162fb9e4b025dfa47f978543096c8244 
Number of updated asset objects reloaded before import = 0
Number of asset objects unloaded after import = 0
========================================================================
Received Import Request.
  Time of request: 2026-08-04T17:31:23.5598009Z
  Time since last request: 0.0002263 seconds.
  importAddress: GUID: 17e9ff94ac9e8aa4e81b23222a4dc205 - Path: Packages/com.unity.render-pipelines.core/ShaderLibrary/API/GLCore.hlsl - Importer: ScriptedImporter/UnityEditor.QuickSearchModule:UnityEditor.Search:ASIAI0B
Importing 'GUID: 17e9ff94ac9e8aa4e81b23222a4dc205 - Path: Packages/com.unity.render-pipelines.core/ShaderLibrary/API/GLCore.hlsl - Importer: ScriptedImporter/UnityEditor.QuickSearchModule:UnityEditor.Search:ASIAI0B' with importer (ScriptedImporter : UnityEditor.QuickSearchModule:UnityEditor.Search:ASIAI0B)
Imported 'GUID: 17e9ff94ac9e8aa4e81b23222a4dc205' -> (Import Result ID: 'd96c5814763e52fce544a291556b41ba') in 0.003 seconds [static and dynamic dependencies]. Details - ImportResultOutputID=be02ee30e58eda06662ec69603b7793e DependenciesID=cdc71bc48f554bf9e6fd0f4dbe5754ab StaticDependenciesID=c0b722c99e4e7ddebf4e2763251e1e1d 
Number of updated asset objects reloaded before import = 0
Number of asset objects unloaded after import = 1
========================================================================
Received Import Request.
  Time of request: 2026-08-04T17:31:23.5715019Z
  Time since last request: 0.0003199 seconds.
  importAddress: GUID: 27b804a87c546b2429017809b12cd1c9 - Path: Packages/com.unity.render-pipelines.core/ShaderLibrary/API/Switch2.hlsl - Importer: ScriptedImporter/UnityEditor.QuickSearchModule:UnityEditor.Search:ASIAI0B
Importing 'GUID: 27b804a87c546b2429017809b12cd1c9 - Path: Packages/com.unity.render-pipelines.core/ShaderLibrary/API/Switch2.hlsl - Importer: ScriptedImporter/UnityEditor.QuickSearchModule:UnityEditor.Search:ASIAI0B' with importer (ScriptedImporter : UnityEditor.QuickSearchModule:UnityEditor.Search:ASIAI0B)
Imported 'GUID: 27b804a87c546b2429017809b12cd1c9' -> (Import Result ID: '765303a887967b9e600674fc2b6a7a26') in 0.002 seconds [static and dynamic dependencies]. Details - ImportResultOutputID=9ba7f8b73eaaed1daad0f59f52b24dec DependenciesID=92c177c0e5ff677c6c571ffe3a4a9183 StaticDependenciesID=68ec207b5da1e1361debcf035e4956ec 
Number of updated asset objects reloaded before import = 0
Number of asset objects unloaded after import = 1
========================================================================
Received Import Request.
  Time of request: 2026-08-04T17:31:23.5828742Z
  Time since last request: 0.0002853 seconds.
  importAddress: GUID: 437e2de0f30b78448b42fe5aafc1d26f - Path: Packages/com.unity.render-pipelines.core/Runtime/Utilities/FSRUtils.cs - Importer: ScriptedImporter/UnityEditor.QuickSearchModule:UnityEditor.Search:ASIAI0B
Importing 'GUID: 437e2de0f30b78448b42fe5aafc1d26f - Path: Packages/com.unity.render-pipelines.core/Runtime/Utilities/FSRUtils.cs - Importer: ScriptedImporter/UnityEditor.QuickSearchModule:UnityEditor.Search:ASIAI0B' with importer (ScriptedImporter : UnityEditor.QuickSearchModule:UnityEditor.Search:ASIAI0B)
Imported 'GUID: 437e2de0f30b78448b42fe5aafc1d26f' -> (Import Result ID: '0abccc1bab538e3ee4c48dfc038b6894') in 0.003 seconds [static and dynamic dependencies]. Details - ImportResultOutputID=8c484f53d4d6844a7ca5ba2ec09d4b3f DependenciesID=c3ce849171d167e4f877a496679bb95e StaticDependenciesID=86c3c77c03ecfb84297a9346668db6b7 
Number of updated asset objects reloaded before import = 0
Number of asset objects unloaded after import = 0
========================================================================
Received Import Request.
  Time of request: 2026-08-04T17:31:23.5949421Z
  Time since last request: 0.0004132 seconds.
  importAddress: GUID: 4ae71d47e308c48719d317d0874b23d1 - Path: Packages/com.unity.render-pipelines.core/Runtime/Utilities/LightUnitUtils.cs - Importer: ScriptedImporter/UnityEditor.QuickSearchModule:UnityEditor.Search:ASIAI0B
Importing 'GUID: 4ae71d47e308c48719d317d0874b23d1 - Path: Packages/com.unity.render-pipelines.core/Runtime/Utilities/LightUnitUtils.cs - Importer: ScriptedImporter/UnityEditor.QuickSearchModule:UnityEditor.Search:ASIAI0B' with importer (ScriptedImporter : UnityEditor.QuickSearchModule:UnityEditor.Search:ASIAI0B)
Imported 'GUID: 4ae71d47e308c48719d317d0874b23d1' -> (Import Result ID: '1002ef9c785d17d2fe48c711378ca70f') in 0.003 seconds [static and dynamic dependencies]. Details - ImportResultOutputID=5e2a55600e022b9b8baae2222fb8c2c7 DependenciesID=adee733dfb513f0b16d80183e8b0590c StaticDependenciesID=94c9795cfa38185ed46dd9bda220bcce 
Number of updated asset objects reloaded before import = 0
Number of asset objects unloaded after import = 0
========================================================================
Received Import Request.
  Time of request: 2026-08-04T17:31:23.6068062Z
  Time since last request: 0.0003624 seconds.
  importAddress: GUID: 993a8382d5f766441859ffb0146774d1 - Path: Packages/com.unity.render-pipelines.core/Runtime/Volume/VolumeCollection.cs - Importer: ScriptedImporter/UnityEditor.QuickSearchModule:UnityEditor.Search:ASIAI0B
Importing 'GUID: 993a8382d5f766441859ffb0146774d1 - Path: Packages/com.unity.render-pipelines.core/Runtime/Volume/VolumeCollection.cs - Importer: ScriptedImporter/UnityEditor.QuickSearchModule:UnityEditor.Search:ASIAI0B' with importer (ScriptedImporter : UnityEditor.QuickSearchModule:UnityEditor.Search:ASIAI0B)
Imported 'GUID: 993a8382d5f766441859ffb0146774d1' -> (Import Result ID: '3e32681a0f4a109c87f09fea23f0082f') in 0.003 seconds [static and dynamic dependencies]. Details - ImportResultOutputID=36f1470ce25539e67146e8742aa78f09 DependenciesID=7c4ae16ed955a4232876c9caab05ff79 StaticDependenciesID=9947882039f9277ab0ba7c8249218e9f 
Number of updated asset objects reloaded before import = 0
Number of asset objects unloaded after import = 0
========================================================================
Received Import Request.
  Time of request: 2026-08-04T17:31:23.619812Z
  Time since last request: 0.0002876 seconds.
  importAddress: GUID: ff1aad7bfc102a847b1979aebf787494 - Path: Packages/com.unity.render-pipelines.core/Runtime/Utilities/SweepLineRectUtils.cs - Importer: ScriptedImporter/UnityEditor.QuickSearchModule:UnityEditor.Search:ASIAI0B
Importing 'GUID: ff1aad7bfc102a847b1979aebf787494 - Path: Packages/com.unity.render-pipelines.core/Runtime/Utilities/SweepLineRectUtils.cs - Importer: ScriptedImporter/UnityEditor.QuickSearchModule:UnityEditor.Search:ASIAI0B' with importer (ScriptedImporter : UnityEditor.QuickSearchModule:UnityEditor.Search:ASIAI0B)
Imported 'GUID: ff1aad7bfc102a847b1979aebf787494' -> (Import Result ID: '24ae9d1fc6e0eff12c139539edcf6c47') in 0.003 seconds [static and dynamic dependencies]. Details - ImportResultOutputID=998ff4194e2cf03e5c5da0df15d30135 DependenciesID=f89dc50e24513fc4aed67f4febc59f9b StaticDependenciesID=451c4f0cd07bd7df43df92a654aa0bc3 
Number of updated asset objects reloaded before import = 0
Number of asset objects unloaded after import = 0
========================================================================
Received Import Request.
  Time of request: 2026-08-04T17:31:23.6548194Z
  Time since last request: 0.0235757 seconds.
  importAddress: GUID: 5b39e85330fc80e43b645b014ca68eda - Path: Packages/com.unity.render-pipelines.core/Tests/Editor/RemoveComponentTests.cs - Importer: ScriptedImporter/UnityEditor.QuickSearchModule:UnityEditor.Search:ASIAI0B
Importing 'GUID: 5b39e85330fc80e43b645b014ca68eda - Path: Packages/com.unity.render-pipelines.core/Tests/Editor/RemoveComponentTests.cs - Importer: ScriptedImporter/UnityEditor.QuickSearchModule:UnityEditor.Search:ASIAI0B' with importer (ScriptedImporter : UnityEditor.QuickSearchModule:UnityEditor.Search:ASIAI0B)
Imported 'GUID: 5b39e85330fc80e43b645b014ca68eda' -> (Import Result ID: '26686f1fb0db6759ff8a751a56ad41d1') in 0.002 seconds [static and dynamic dependencies]. Details - ImportResultOutputID=2c8377feb0ecd9477fd3c832238669b0 DependenciesID=09285ef5ea311fe05e632a828119491a StaticDependenciesID=fc513a7c294b486e5eb6dae7b9c57aba 
Number of updated asset objects reloaded before import = 0
Number of asset objects unloaded after import = 0
========================================================================
Received Import Request.
  Time of request: 2026-08-04T17:31:23.6642151Z
  Time since last request: 0.0003503 seconds.
  importAddress: GUID: 994ab27378e49eb45830d39c4c0b5799 - Path: Packages/com.unity.render-pipelines.core/Tests/Editor/ReflectionUtils.cs - Importer: ScriptedImporter/UnityEditor.QuickSearchModule:UnityEditor.Search:ASIAI0B
Importing 'GUID: 994ab27378e49eb45830d39c4c0b5799 - Path: Packages/com.unity.render-pipelines.core/Tests/Editor/ReflectionUtils.cs - Importer: ScriptedImporter/UnityEditor.QuickSearchModule:UnityEditor.Search:ASIAI0B' with importer (ScriptedImporter : UnityEditor.QuickSearchModule:UnityEditor.Search:ASIAI0B)
Imported 'GUID: 994ab27378e49eb45830d39c4c0b5799' -> (Import Result ID: 'eb1c2529c5f6fe0e83d6fbf23d52604d') in 0.002 seconds [static and dynamic dependencies]. Details - ImportResultOutputID=77c109a7d729fd2a2bbab16f85f0b448 DependenciesID=77740eda64dc48bc513a5a7f4bb183ec StaticDependenciesID=2fb557f79d0c990daddd2172612ab033 
Number of updated asset objects reloaded before import = 0
Number of asset objects unloaded after import = 0
========================================================================
Received Import Request.
  Time of request: 2026-08-04T17:31:23.6742419Z
  Time since last request: 0.0003166 seconds.
  importAddress: GUID: 87e6389ce577ca74aa755fb446fe8ca0 - Path: Packages/com.unity.render-pipelines.core/Tests/Editor/EditorExampleTest.cs - Importer: ScriptedImporter/UnityEditor.QuickSearchModule:UnityEditor.Search:ASIAI0B
Importing 'GUID: 87e6389ce577ca74aa755fb446fe8ca0 - Path: Packages/com.unity.render-pipelines.core/Tests/Editor/EditorExampleTest.cs - Importer: ScriptedImporter/UnityEditor.QuickSearchModule:UnityEditor.Search:ASIAI0B' with importer (ScriptedImporter : UnityEditor.QuickSearchModule:UnityEditor.Search:ASIAI0B)
Imported 'GUID: 87e6389ce577ca74aa755fb446fe8ca0' -> (Import Result ID: 'a3a64fdea45a8ba4b57a500dfa08e170') in 0.002 seconds [static and dynamic dependencies]. Details - ImportResultOutputID=5cfc2225d692490e5b089efd103192f4 DependenciesID=d56e290bae301309b9318e1cf583666d StaticDependenciesID=d05e4faa03b87bb2ad525d8ee527b378 
Number of updated asset objects reloaded before import = 0
Number of asset objects unloaded after import = 0
========================================================================
Received Import Request.
  Time of request: 2026-08-04T17:31:23.6836364Z
  Time since last request: 0.0002314 seconds.
  importAddress: GUID: 6e49a53fbd01acd4c9254d29a48f13d8 - Path: Packages/com.unity.render-pipelines.core/Tests/Editor/FixedBufferStringQueueTests.cs - Importer: ScriptedImporter/UnityEditor.QuickSearchModule:UnityEditor.Search:ASIAI0B
Importing 'GUID: 6e49a53fbd01acd4c9254d29a48f13d8 - Path: Packages/com.unity.render-pipelines.core/Tests/Editor/FixedBufferStringQueueTests.cs - Importer: ScriptedImporter/UnityEditor.QuickSearchModule:UnityEditor.Search:ASIAI0B' with importer (ScriptedImporter : UnityEditor.QuickSearchModule:UnityEditor.Search:ASIAI0B)
Imported 'GUID: 6e49a53fbd01acd4c9254d29a48f13d8' -> (Import Result ID: '6c0185dc070e9f7a265fbb231cf87042') in 0.002 seconds [static and dynamic dependencies]. Details - ImportResultOutputID=6a52e5d7bba002ee88852c51369205eb DependenciesID=f289ed449c7ff575874b38b858073df4 StaticDependenciesID=99751ab08f3f079d5c800cc2a2aaa2b9 
Number of updated asset objects reloaded before import = 0
Number of asset objects unloaded after import = 0
========================================================================
Received Import Request.
  Time of request: 2026-08-04T17:31:23.6937087Z
  Time since last request: 0.0002854 seconds.
  importAddress: GUID: bfba7561301ac2a44b010c12825cd189 - Path: Packages/com.unity.render-pipelines.core/Tests/Editor/SweepLineRectUtilsTests.cs - Importer: ScriptedImporter/UnityEditor.QuickSearchModule:UnityEditor.Search:ASIAI0B
Importing 'GUID: bfba7561301ac2a44b010c12825cd189 - Path: Packages/com.unity.render-pipelines.core/Tests/Editor/SweepLineRectUtilsTests.cs - Importer: ScriptedImporter/UnityEditor.QuickSearchModule:UnityEditor.Search:ASIAI0B' with importer (ScriptedImporter : UnityEditor.QuickSearchModule:UnityEditor.Search:ASIAI0B)
Imported 'GUID: bfba7561301ac2a44b010c12825cd189' -> (Import Result ID: 'dbb2c053b2f864857b5d1e4683d3e055') in 0.002 seconds [static and dynamic dependencies]. Details - ImportResultOutputID=f55d8096a9a8ea309424a072c49d1421 DependenciesID=a0ba42a0b30adc9b7c0cb0c7e3e24dc0 StaticDependenciesID=636a6d4026e1a18052d2ae27ce85ba0a 
Number of updated asset objects reloaded before import = 0
Number of asset objects unloaded after import = 0
========================================================================
Received Import Request.
  Time of request: 2026-08-04T17:31:23.7040152Z
  Time since last request: 0.0004857 seconds.
  importAddress: GUID: ff33f91d01e0f9f4d90c5619e5e2b70e - Path: Packages/com.unity.render-pipelines.core/Tests/Runtime/ContextContainerTests.cs - Importer: ScriptedImporter/UnityEditor.QuickSearchModule:UnityEditor.Search:ASIAI0B
Importing 'GUID: ff33f91d01e0f9f4d90c5619e5e2b70e - Path: Packages/com.unity.render-pipelines.core/Tests/Runtime/ContextContainerTests.cs - Importer: ScriptedImporter/UnityEditor.QuickSearchModule:UnityEditor.Search:ASIAI0B' with importer (ScriptedImporter : UnityEditor.QuickSearchModule:UnityEditor.Search:ASIAI0B)
Imported 'GUID: ff33f91d01e0f9f4d90c5619e5e2b70e' -> (Import Result ID: '241f46bd2e7db5d75d57b6566827e3c7') in 0.002 seconds [static and dynamic dependencies]. Details - ImportResultOutputID=8cb8466f153bf140958a0b185af2ed75 DependenciesID=038ee137d0f14a77790aa1ffbe4b2876 StaticDependenciesID=f034f28c35770706ae93b7e52b29a91c 
Number of updated asset objects reloaded before import = 0
Number of asset objects unloaded after import = 0
========================================================================
Received Import Request.
  Time of request: 2026-08-04T17:31:23.7140406Z
  Time since last request: 0.0002517 seconds.
  importAddress: GUID: c5ec28e8b398e7c48aed77d34ba9cdf8 - Path: Packages/com.unity.render-pipelines.core/Tests/Editor/RenderGraphTests.OnTileValidationLayer.cs - Importer: ScriptedImporter/UnityEditor.QuickSearchModule:UnityEditor.Search:ASIAI0B
Importing 'GUID: c5ec28e8b398e7c48aed77d34ba9cdf8 - Path: Packages/com.unity.render-pipelines.core/Tests/Editor/RenderGraphTests.OnTileValidationLayer.cs - Importer: ScriptedImporter/UnityEditor.QuickSearchModule:UnityEditor.Search:ASIAI0B' with importer (ScriptedImporter : UnityEditor.QuickSearchModule:UnityEditor.Search:ASIAI0B)
Imported 'GUID: c5ec28e8b398e7c48aed77d34ba9cdf8' -> (Import Result ID: '157ac847d251b415557b22fff58bc6c9') in 0.003 seconds [static and dynamic dependencies]. Details - ImportResultOutputID=9196fcd3cfc4c1e7286017d7da7cb0d5 DependenciesID=97648d0d6426b1b0f5087cc36fee57ab StaticDependenciesID=b1263155b1e37f0b21b35722a75d7ad6 
Number of updated asset objects reloaded before import = 0
Number of asset objects unloaded after import = 0
========================================================================
Received Import Request.
  Time of request: 2026-08-04T17:31:23.7233083Z
  Time since last request: 0.0002104 seconds.
  importAddress: GUID: 9f2d47f6376246d49bf978c4dbbe3686 - Path: Packages/com.unity.render-pipelines.core/Editor/BuildProcessors/ShaderStrippers/SRPDisabledComputeShaderVariantStripper.cs - Importer: ScriptedImporter/UnityEditor.QuickSearchModule:UnityEditor.Search:ASIAI0B
Importing 'GUID: 9f2d47f6376246d49bf978c4dbbe3686 - Path: Packages/com.unity.render-pipelines.core/Editor/BuildProcessors/ShaderStrippers/SRPDisabledComputeShaderVariantStripper.cs - Importer: ScriptedImporter/UnityEditor.QuickSearchModule:UnityEditor.Search:ASIAI0B' with importer (ScriptedImporter : UnityEditor.QuickSearchModule:UnityEditor.Search:ASIAI0B)
Imported 'GUID: 9f2d47f6376246d49bf978c4dbbe3686' -> (Import Result ID: '9c85791f90ee6c9120dd8e4ee326c893') in 0.003 seconds [static and dynamic dependencies]. Details - ImportResultOutputID=8e7f3b79bd5469e58e1ddc17b0b455ea DependenciesID=5a56bc1c34768c08dc8ae3abc528b4fe StaticDependenciesID=fa9a34b3a640598d418699f0924bc3ee 
Number of updated asset objects reloaded before import = 0
Number of asset objects unloaded after import = 0
========================================================================
Received Import Request.
  Time of request: 2026-08-04T17:31:23.7341123Z
  Time since last request: 0.0003023 seconds.
  importAddress: GUID: c3c34b238c5994e4aa5f4c044f75d850 - Path: Packages/com.unity.render-pipelines.core/Tests/Editor/ScriptTemplateTests.cs - Importer: ScriptedImporter/UnityEditor.QuickSearchModule:UnityEditor.Search:ASIAI0B
Importing 'GUID: c3c34b238c5994e4aa5f4c044f75d850 - Path: Packages/com.unity.render-pipelines.core/Tests/Editor/ScriptTemplateTests.cs - Importer: ScriptedImporter/UnityEditor.QuickSearchModule:UnityEditor.Search:ASIAI0B' with importer (ScriptedImporter : UnityEditor.QuickSearchModule:UnityEditor.Search:ASIAI0B)
Imported 'GUID: c3c34b238c5994e4aa5f4c044f75d850' -> (Import Result ID: '0e5e7d3b3b8c10acbe61e2ba08f73014') in 0.002 seconds [static and dynamic dependencies]. Details - ImportResultOutputID=9c8a0c831ede5493917bdefca1c41de7 DependenciesID=34c90f1a160db2ce7c7c095399115a25 StaticDependenciesID=b384b2105c616b33644faefa6111b628 
Number of updated asset objects reloaded before import = 0
Number of asset objects unloaded after import = 0
========================================================================
Received Import Request.
  Time of request: 2026-08-04T17:31:23.7454361Z
  Time since last request: 0.0002612 seconds.
  importAddress: GUID: 7ef0eb993d6c43645b45ffcf1c0a91f0 - Path: Packages/com.unity.render-pipelines.core/Editor/Icons/MipLevels/d_RenderPipelineResources@64.png - Importer: ScriptedImporter/UnityEditor.QuickSearchModule:UnityEditor.Search:ASIAI0B
Importing 'GUID: 7ef0eb993d6c43645b45ffcf1c0a91f0 - Path: Packages/com.unity.render-pipelines.core/Editor/Icons/MipLevels/d_RenderPipelineResources@64.png - Importer: ScriptedImporter/UnityEditor.QuickSearchModule:UnityEditor.Search:ASIAI0B' with importer (ScriptedImporter : UnityEditor.QuickSearchModule:UnityEditor.Search:ASIAI0B)
Imported 'GUID: 7ef0eb993d6c43645b45ffcf1c0a91f0' -> (Import Result ID: 'd56276638fe171404a11fe746a8e74c9') in 0.005 seconds [static and dynamic dependencies]. Details - ImportResultOutputID=a3e665b6a75ab14dcdd61d863695b037 DependenciesID=87c4ba37e4d862e62f998fe2bca2b3fc StaticDependenciesID=5a6179c29d32fbfea044aba18edd1f03 
Number of updated asset objects reloaded before import = 0
Number of asset objects unloaded after import = 1
========================================================================
Received Import Request.
  Time of request: 2026-08-04T17:31:23.7585209Z
  Time since last request: 0.0003344 seconds.
  importAddress: GUID: 27f686549d942e847a8cb97fcfdff112 - Path: Packages/com.unity.render-pipelines.core/Tests/Editor/CoreUtils.Tests.GetMipCount.cs - Importer: ScriptedImporter/UnityEditor.QuickSearchModule:UnityEditor.Search:ASIAI0B
Importing 'GUID: 27f686549d942e847a8cb97fcfdff112 - Path: Packages/com.unity.render-pipelines.core/Tests/Editor/CoreUtils.Tests.GetMipCount.cs - Importer: ScriptedImporter/UnityEditor.QuickSearchModule:UnityEditor.Search:ASIAI0B' with importer (ScriptedImporter : UnityEditor.QuickSearchModule:UnityEditor.Search:ASIAI0B)
Imported 'GUID: 27f686549d942e847a8cb97fcfdff112' -> (Import Result ID: '85b3b45b91b663161826d43c64f2e154') in 0.003 seconds [static and dynamic dependencies]. Details - ImportResultOutputID=2c625625b3ebdb146af7526632c9b1df DependenciesID=0e049ba2dd5a095dfd2f21449f23c819 StaticDependenciesID=0d4e38e81e4473ad1fcd285aaee4271d 
Number of updated asset objects reloaded before import = 0
Number of asset objects unloaded after import = 0
========================================================================
Received Import Request.
  Time of request: 2026-08-04T17:31:23.7866352Z
  Time since last request: 0.0165221 seconds.
  importAddress: GUID: 6eb2e156a8a1f8149b02f135509f10ea - Path: Packages/com.unity.render-pipelines.core/Editor/Icons/RenderGraphViewer/d_Resources@2x.png - Importer: ScriptedImporter/UnityEditor.QuickSearchModule:UnityEditor.Search:ASIAI0B
Importing 'GUID: 6eb2e156a8a1f8149b02f135509f10ea - Path: Packages/com.unity.render-pipelines.core/Editor/Icons/RenderGraphViewer/d_Resources@2x.png - Importer: ScriptedImporter/UnityEditor.QuickSearchModule:UnityEditor.Search:ASIAI0B' with importer (ScriptedImporter : UnityEditor.QuickSearchModule:UnityEditor.Search:ASIAI0B)
Imported 'GUID: 6eb2e156a8a1f8149b02f135509f10ea' -> (Import Result ID: '936bd9e22e7f78cb60fd140de57dd2bb') in 0.004 seconds [static and dynamic dependencies]. Details - ImportResultOutputID=296fd6a3d4df4195f19746dc60dd3348 DependenciesID=005157408eb26ba60e4d841eb3acfb07 StaticDependenciesID=898002813937e0555d32ad16139c8b78 
Number of updated asset objects reloaded before import = 0
Number of asset objects unloaded after import = 1
========================================================================
Received Import Request.
  Time of request: 2026-08-04T17:31:23.7985734Z
  Time since last request: 0.000428 seconds.
  importAddress: GUID: 150de12d7eed3a2429509ab2146f6345 - Path: Packages/com.unity.render-pipelines.core/Editor/Icons/Processed/d_VolumeProfile Icon.asset - Importer: ScriptedImporter/UnityEditor.QuickSearchModule:UnityEditor.Search:ASIAI0B
Importing 'GUID: 150de12d7eed3a2429509ab2146f6345 - Path: Packages/com.unity.render-pipelines.core/Editor/Icons/Processed/d_VolumeProfile Icon.asset - Importer: ScriptedImporter/UnityEditor.QuickSearchModule:UnityEditor.Search:ASIAI0B' with importer (ScriptedImporter : UnityEditor.QuickSearchModule:UnityEditor.Search:ASIAI0B)
Imported 'GUID: 150de12d7eed3a2429509ab2146f6345' -> (Import Result ID: '7da99de88b0d8329b36ea85c278b0f8c') in 0.006 seconds [static and dynamic dependencies]. Details - ImportResultOutputID=019688b54c1fcd9f7e3068b07b77b63b DependenciesID=b39a0e1e8cc6efa4804f99ba7ee88333 StaticDependenciesID=033878e49abbea382c767723a384a465 
Number of updated asset objects reloaded before import = 0
Number of asset objects unloaded after import = 1
========================================================================
Received Import Request.
  Time of request: 2026-08-04T17:31:23.8125195Z
  Time since last request: 0.0001562 seconds.
  importAddress: GUID: c1d870384c7ed3c49b30d01278bf3949 - Path: Packages/com.unity.render-pipelines.core/Editor/Lighting/Icons/Advanced_Pressed_mini.png - Importer: ScriptedImporter/UnityEditor.QuickSearchModule:UnityEditor.Search:ASIAI0B
Importing 'GUID: c1d870384c7ed3c49b30d01278bf3949 - Path: Packages/com.unity.render-pipelines.core/Editor/Lighting/Icons/Advanced_Pressed_mini.png - Importer: ScriptedImporter/UnityEditor.QuickSearchModule:UnityEditor.Search:ASIAI0B' with importer (ScriptedImporter : UnityEditor.QuickSearchModule:UnityEditor.Search:ASIAI0B)
Imported 'GUID: c1d870384c7ed3c49b30d01278bf3949' -> (Import Result ID: '449dd910602a25734efbc3108ffa6e59') in 0.005 seconds [static and dynamic dependencies]. Details - ImportResultOutputID=386c086f0700b37418d5e2449ecf2a39 DependenciesID=100e05ce04d39840c6315c4d269c5570 StaticDependenciesID=7bf0e8e010820fa0aad4c5e7651c208e 
Number of updated asset objects reloaded before import = 0
Number of asset objects unloaded after import = 1
========================================================================
Received Import Request.
  Time of request: 2026-08-04T17:31:23.8268692Z
  Time since last request: 0.0002974 seconds.
  importAddress: GUID: b356b95f05b77cf49a1b8241134f44c4 - Path: Packages/com.unity.render-pipelines.core/Editor/Lighting/Icons/Advanced_UnPressed_mini.png - Importer: ScriptedImporter/UnityEditor.QuickSearchModule:UnityEditor.Search:ASIAI0B
Importing 'GUID: b356b95f05b77cf49a1b8241134f44c4 - Path: Packages/com.unity.render-pipelines.core/Editor/Lighting/Icons/Advanced_UnPressed_mini.png - Importer: ScriptedImporter/UnityEditor.QuickSearchModule:UnityEditor.Search:ASIAI0B' with importer (ScriptedImporter : UnityEditor.QuickSearchModule:UnityEditor.Search:ASIAI0B)
Imported 'GUID: b356b95f05b77cf49a1b8241134f44c4' -> (Import Result ID: '1b26782850c2258cb0ea5800a6e2621d') in 0.004 seconds [static and dynamic dependencies]. Details - ImportResultOutputID=5ba66414dff9dfed9fcd55d97e75cfd1 DependenciesID=840c5141d49835a52e85163199d92589 StaticDependenciesID=2d1737ce9c70382d154471a5fa300c3b 
Number of updated asset objects reloaded before import = 0
Number of asset objects unloaded after import = 1
========================================================================
Received Import Request.
  Time of request: 2026-08-04T17:31:23.8394613Z
  Time since last request: 0.0002225 seconds.
  importAddress: GUID: ed7bb161ec84da2458e0b8730958a76a - Path: Packages/com.unity.render-pipelines.core/Editor/Icons/RenderGraphViewer/d_AccelerationStructure@2x.png - Importer: ScriptedImporter/UnityEditor.QuickSearchModule:UnityEditor.Search:ASIAI0B
Importing 'GUID: ed7bb161ec84da2458e0b8730958a76a - Path: Packages/com.unity.render-pipelines.core/Editor/Icons/RenderGraphViewer/d_AccelerationStructure@2x.png - Importer: ScriptedImporter/UnityEditor.QuickSearchModule:UnityEditor.Search:ASIAI0B' with importer (ScriptedImporter : UnityEditor.QuickSearchModule:UnityEditor.Search:ASIAI0B)
Imported 'GUID: ed7bb161ec84da2458e0b8730958a76a' -> (Import Result ID: 'b8017d4d09d4e3db33433adf0e136e89') in 0.005 seconds [static and dynamic dependencies]. Details - ImportResultOutputID=210fedc9074557ce8990621505c17ba5 DependenciesID=c7294fa366f1126f5faf8e550da7eaa6 StaticDependenciesID=4d0da87e2b39304dea3a496e55a623e8 
Number of updated asset objects reloaded before import = 0
Number of asset objects unloaded after import = 1
========================================================================
Received Import Request.
  Time of request: 2026-08-04T17:31:23.8535437Z
  Time since last request: 0.0003956 seconds.
  importAddress: GUID: de46f443cc7a01d4a86b2535f132a51d - Path: Packages/com.unity.render-pipelines.core/Editor/Icons/Processed/d_PassInspector Icon.asset - Importer: ScriptedImporter/UnityEditor.QuickSearchModule:UnityEditor.Search:ASIAI0B
Importing 'GUID: de46f443cc7a01d4a86b2535f132a51d - Path: Packages/com.unity.render-pipelines.core/Editor/Icons/Processed/d_PassInspector Icon.asset - Importer: ScriptedImporter/UnityEditor.QuickSearchModule:UnityEditor.Search:ASIAI0B' with importer (ScriptedImporter : UnityEditor.QuickSearchModule:UnityEditor.Search:ASIAI0B)
Imported 'GUID: de46f443cc7a01d4a86b2535f132a51d' -> (Import Result ID: 'b8e22fcae06b2115b190ece098f1df0f') in 0.004 seconds [static and dynamic dependencies]. Details - ImportResultOutputID=7bdbb7ab936256e26279dd527d70d7e2 DependenciesID=99812bb5cc2417af3b67c53ebc9a3455 StaticDependenciesID=f70798a4155551461318df53ce1c1361 
Number of updated asset objects reloaded before import = 0
Number of asset objects unloaded after import = 1
========================================================================
Received Import Request.
  Time of request: 2026-08-04T17:31:23.8666565Z
  Time since last request: 0.0003725 seconds.
  importAddress: GUID: ca82ccfbb5485754191e3778316b1424 - Path: Packages/com.unity.render-pipelines.core/Editor/Icons/MipLevels/VolumeProfile@64.png - Importer: ScriptedImporter/UnityEditor.QuickSearchModule:UnityEditor.Search:ASIAI0B
Importing 'GUID: ca82ccfbb5485754191e3778316b1424 - Path: Packages/com.unity.render-pipelines.core/Editor/Icons/MipLevels/VolumeProfile@64.png - Importer: ScriptedImporter/UnityEditor.QuickSearchModule:UnityEditor.Search:ASIAI0B' with importer (ScriptedImporter : UnityEditor.QuickSearchModule:UnityEditor.Search:ASIAI0B)
Imported 'GUID: ca82ccfbb5485754191e3778316b1424' -> (Import Result ID: '1a324ffe4318302d6318319c9b7cd1c6') in 0.004 seconds [static and dynamic dependencies]. Details - ImportResultOutputID=d9e2b3edbe20521455ac77feb9070ba8 DependenciesID=ff9a389b07f3df1e5ac77ca588b22686 StaticDependenciesID=a7db75c138fa29b38d4ab176cfa143ad 
Number of updated asset objects reloaded before import = 0
Number of asset objects unloaded after import = 1
========================================================================
Received Import Request.
  Time of request: 2026-08-04T17:31:23.8786109Z
  Time since last request: 0.0003145 seconds.
  importAddress: GUID: 4439e27e7ae7188468effbc23418e0e1 - Path: Packages/com.unity.render-pipelines.core/Editor/Lighting/Icons/d_LightPlacement_Icon On@256.png - Importer: ScriptedImporter/UnityEditor.QuickSearchModule:UnityEditor.Search:ASIAI0B
Importing 'GUID: 4439e27e7ae7188468effbc23418e0e1 - Path: Packages/com.unity.render-pipelines.core/Editor/Lighting/Icons/d_LightPlacement_Icon On@256.png - Importer: ScriptedImporter/UnityEditor.QuickSearchModule:UnityEditor.Search:ASIAI0B' with importer (ScriptedImporter : UnityEditor.QuickSearchModule:UnityEditor.Search:ASIAI0B)
Imported 'GUID: 4439e27e7ae7188468effbc23418e0e1' -> (Import Result ID: '86bdc3b33e9c83d1cc9121f0654e25bf') in 0.005 seconds [static and dynamic dependencies]. Details - ImportResultOutputID=f44f84111be19d3defac536699146b19 DependenciesID=74ddf0f2581b70bb7bc38eddaba4be93 StaticDependenciesID=38c55a5b8f8dd4c309aae39415ec10d6 
Number of updated asset objects reloaded before import = 0
Number of asset objects unloaded after import = 1
========================================================================
Received Import Request.
  Time of request: 2026-08-04T17:31:23.8913358Z
  Time since last request: 0.000231 seconds.
  importAddress: GUID: 35a75acf988224d4da424a5a42cdaaf9 - Path: Packages/com.unity.render-pipelines.core/Editor/Icons/RenderGraphViewer/FramebufferFetch@2x.png - Importer: ScriptedImporter/UnityEditor.QuickSearchModule:UnityEditor.Search:ASIAI0B
Importing 'GUID: 35a75acf988224d4da424a5a42cdaaf9 - Path: Packages/com.unity.render-pipelines.core/Editor/Icons/RenderGraphViewer/FramebufferFetch@2x.png - Importer: ScriptedImporter/UnityEditor.QuickSearchModule:UnityEditor.Search:ASIAI0B' with importer (ScriptedImporter : UnityEditor.QuickSearchModule:UnityEditor.Search:ASIAI0B)
Imported 'GUID: 35a75acf988224d4da424a5a42cdaaf9' -> (Import Result ID: 'b467a201857934e41b7040c585b4ae5f') in 0.008 seconds [static and dynamic dependencies]. Details - ImportResultOutputID=a8c582b7f81acf0c1a14d2588488b18f DependenciesID=7adacfefff0a569721ffb0ff814005b2 StaticDependenciesID=2c464bfa3ec62da14e52c8b16ac57f06 
Number of updated asset objects reloaded before import = 0
Number of asset objects unloaded after import = 1
========================================================================
Received Import Request.
  Time of request: 2026-08-04T17:31:23.9227184Z
  Time since last request: 0.014643 seconds.
  importAddress: GUID: 9d1f3c50fbb907f4fba5095da15f23dc - Path: Packages/com.unity.render-pipelines.core/Editor/Lighting/Icons/LightPlacement_Icon@256.png - Importer: ScriptedImporter/UnityEditor.QuickSearchModule:UnityEditor.Search:ASIAI0B
Importing 'GUID: 9d1f3c50fbb907f4fba5095da15f23dc - Path: Packages/com.unity.render-pipelines.core/Editor/Lighting/Icons/LightPlacement_Icon@256.png - Importer: ScriptedImporter/UnityEditor.QuickSearchModule:UnityEditor.Search:ASIAI0B' with importer (ScriptedImporter : UnityEditor.QuickSearchModule:UnityEditor.Search:ASIAI0B)
Imported 'GUID: 9d1f3c50fbb907f4fba5095da15f23dc' -> (Import Result ID: '24b9f026f83c5fc6255436ead5c455c0') in 0.006 seconds [static and dynamic dependencies]. Details - ImportResultOutputID=6fd215b9387330c92880b1623e6457aa DependenciesID=4b519fea173dff3aac1adda5dd29dd7b StaticDependenciesID=ccb51a9f3ee0f76f98edb45c7dc8f4ce 
Number of updated asset objects reloaded before import = 0
Number of asset objects unloaded after import = 1
========================================================================
Received Import Request.
  Time of request: 2026-08-04T17:31:23.9392639Z
  Time since last request: 0.00052 seconds.
  importAddress: GUID: 84767f608f72f5a4090837fc328dd75f - Path: Packages/com.unity.render-pipelines.core/Editor/Lighting/Icons/PresetFill_Left.png - Importer: ScriptedImporter/UnityEditor.QuickSearchModule:UnityEditor.Search:ASIAI0B
Importing 'GUID: 84767f608f72f5a4090837fc328dd75f - Path: Packages/com.unity.render-pipelines.core/Editor/Lighting/Icons/PresetFill_Left.png - Importer: ScriptedImporter/UnityEditor.QuickSearchModule:UnityEditor.Search:ASIAI0B' with importer (ScriptedImporter : UnityEditor.QuickSearchModule:UnityEditor.Search:ASIAI0B)
Imported 'GUID: 84767f608f72f5a4090837fc328dd75f' -> (Import Result ID: 'f85a3317064193ae095c8806b010a687') in 0.005 seconds [static and dynamic dependencies]. Details - ImportResultOutputID=ee06ecc6cd4d7a4cfe682b6bbf8a105c DependenciesID=74f4acb62809c5f8d0c00d8125d3e9f9 StaticDependenciesID=cdd91e2a78702e15bff0f7f97813d03d 
Number of updated asset objects reloaded before import = 0
Number of asset objects unloaded after import = 1
========================================================================
Received Import Request.
  Time of request: 2026-08-04T17:31:23.9523653Z
  Time since last request: 0.0003864 seconds.
  importAddress: GUID: fd3a5ca65d5c9214ca4b4143b7b32168 - Path: Packages/com.unity.render-pipelines.core/Editor/Lighting/ProbeVolume/SerializedProbeAdjustmentVolume.cs - Importer: ScriptedImporter/UnityEditor.QuickSearchModule:UnityEditor.Search:ASIAI0B
Importing 'GUID: fd3a5ca65d5c9214ca4b4143b7b32168 - Path: Packages/com.unity.render-pipelines.core/Editor/Lighting/ProbeVolume/SerializedProbeAdjustmentVolume.cs - Importer: ScriptedImporter/UnityEditor.QuickSearchModule:UnityEditor.Search:ASIAI0B' with importer (ScriptedImporter : UnityEditor.QuickSearchModule:UnityEditor.Search:ASIAI0B)
Imported 'GUID: fd3a5ca65d5c9214ca4b4143b7b32168' -> (Import Result ID: '119741114060945ebe952566fa31ed61') in 0.003 seconds [static and dynamic dependencies]. Details - ImportResultOutputID=6953101b7f063ca93599a62259da7715 DependenciesID=ba739820e399ec337b072858b34248a7 StaticDependenciesID=106ceefb5c6fcda1359b9609f97762d2 
Number of updated asset objects reloaded before import = 0
Number of asset objects unloaded after import = 0
========================================================================
Received Import Request.
  Time of request: 2026-08-04T17:31:23.9632032Z
  Time since last request: 0.0001904 seconds.
  importAddress: GUID: f1ae0052b83ef5d4db2deea6f9aa8236 - Path: Packages/com.unity.render-pipelines.core/Editor/Lighting/ProbeVolume/ProbeVolumeEditor.cs - Importer: ScriptedImporter/UnityEditor.QuickSearchModule:UnityEditor.Search:ASIAI0B
Importing 'GUID: f1ae0052b83ef5d4db2deea6f9aa8236 - Path: Packages/com.unity.render-pipelines.core/Editor/Lighting/ProbeVolume/ProbeVolumeEditor.cs - Importer: ScriptedImporter/UnityEditor.QuickSearchModule:UnityEditor.Search:ASIAI0B' with importer (ScriptedImporter : UnityEditor.QuickSearchModule:UnityEditor.Search:ASIAI0B)
Imported 'GUID: f1ae0052b83ef5d4db2deea6f9aa8236' -> (Import Result ID: '6e055d7b9ee242d35d8cddc946000cda') in 0.002 seconds [static and dynamic dependencies]. Details - ImportResultOutputID=1bf9fb992ba09201a1c38943ed6981c5 DependenciesID=d206db4879518b190532057141cc7c8a StaticDependenciesID=332cb286d38348230baca329181f441c 
Number of updated asset objects reloaded before import = 0
Number of asset objects unloaded after import = 0
========================================================================
Received Import Request.
  Time of request: 2026-08-04T17:31:23.9728651Z
  Time since last request: 0.0003667 seconds.
  importAddress: GUID: 10248537d08fe3d44bef6245d7d1868c - Path: Packages/com.unity.render-pipelines.core/Editor/Lighting/ProbeVolume/ProbeVolumeResourceStripper.cs - Importer: ScriptedImporter/UnityEditor.QuickSearchModule:UnityEditor.Search:ASIAI0B
Importing 'GUID: 10248537d08fe3d44bef6245d7d1868c - Path: Packages/com.unity.render-pipelines.core/Editor/Lighting/ProbeVolume/ProbeVolumeResourceStripper.cs - Importer: ScriptedImporter/UnityEditor.QuickSearchModule:UnityEditor.Search:ASIAI0B' with importer (ScriptedImporter : UnityEditor.QuickSearchModule:UnityEditor.Search:ASIAI0B)
Imported 'GUID: 10248537d08fe3d44bef6245d7d1868c' -> (Import Result ID: '2c8d7e70f1c550793afacc925322f6c8') in 0.003 seconds [static and dynamic dependencies]. Details - ImportResultOutputID=7d2a70dc2de2f174ab8240fc6c406196 DependenciesID=d72928238ab06fc049475a52ab271a35 StaticDependenciesID=42ec981928d81853a62ba397d7335deb 
Number of updated asset objects reloaded before import = 0
Number of asset objects unloaded after import = 0
========================================================================
Received Import Request.
  Time of request: 2026-08-04T17:31:23.9842992Z
  Time since last request: 0.0003318 seconds.
  importAddress: GUID: f45dbb1cbe10fc542b749a01e1e916de - Path: Packages/com.unity.render-pipelines.core/Editor/Lighting/ProbeVolume/ProbeGIBaking.SkyOcclusion.cs - Importer: ScriptedImporter/UnityEditor.QuickSearchModule:UnityEditor.Search:ASIAI0B
Importing 'GUID: f45dbb1cbe10fc542b749a01e1e916de - Path: Packages/com.unity.render-pipelines.core/Editor/Lighting/ProbeVolume/ProbeGIBaking.SkyOcclusion.cs - Importer: ScriptedImporter/UnityEditor.QuickSearchModule:UnityEditor.Search:ASIAI0B' with importer (ScriptedImporter : UnityEditor.QuickSearchModule:UnityEditor.Search:ASIAI0B)
Imported 'GUID: f45dbb1cbe10fc542b749a01e1e916de' -> (Import Result ID: 'a2f0f00f6f41b858c4de24b9f4050d76') in 0.002 seconds [static and dynamic dependencies]. Details - ImportResultOutputID=fc648af4dd27d2ff2ee50a32bc7a530e DependenciesID=bec8190e508a571536994926ed00c5c8 StaticDependenciesID=284d381ac7416bcc259f16cf2ceda668 
Number of updated asset objects reloaded before import = 0
Number of asset objects unloaded after import = 0
========================================================================
Received Import Request.
  Time of request: 2026-08-04T17:31:23.9944277Z
  Time since last request: 0.0002624 seconds.
  importAddress: GUID: 779328fa1a16dcd44965cc2e65be77ed - Path: Packages/com.unity.render-pipelines.core/Editor/Lighting/ProbeVolume/AdaptiveProbeVolumes.BakePipelineDriver.cs - Importer: ScriptedImporter/UnityEditor.QuickSearchModule:UnityEditor.Search:ASIAI0B
Importing 'GUID: 779328fa1a16dcd44965cc2e65be77ed - Path: Packages/com.unity.render-pipelines.core/Editor/Lighting/ProbeVolume/AdaptiveProbeVolumes.BakePipelineDriver.cs - Importer: ScriptedImporter/UnityEditor.QuickSearchModule:UnityEditor.Search:ASIAI0B' with importer (ScriptedImporter : UnityEditor.QuickSearchModule:UnityEditor.Search:ASIAI0B)
Imported 'GUID: 779328fa1a16dcd44965cc2e65be77ed' -> (Import Result ID: '35fce48b282b29a1db47ee3b37956cb0') in 0.002 seconds [static and dynamic dependencies]. Details - ImportResultOutputID=2497903b16a8399bc57ee20da4ad9032 DependenciesID=ffc7373d82f7177fed76c13f92718d0d StaticDependenciesID=11595d8c633d57af28f5491867d794ab 
Number of updated asset objects reloaded before import = 0
Number of asset objects unloaded after import = 0
========================================================================
Received Import Request.
  Time of request: 2026-08-04T17:31:24.0054661Z
  Time since last request: 0.0002618 seconds.
  importAddress: GUID: e20f6d92d0ae13040bfcbe8ef57da036 - Path: Packages/com.unity.render-pipelines.core/Editor/Lighting/Icons/d_LightPlacement_Icon@64.png - Importer: ScriptedImporter/UnityEditor.QuickSearchModule:UnityEditor.Search:ASIAI0B
Importing 'GUID: e20f6d92d0ae13040bfcbe8ef57da036 - Path: Packages/com.unity.render-pipelines.core/Editor/Lighting/Icons/d_LightPlacement_Icon@64.png - Importer: ScriptedImporter/UnityEditor.QuickSearchModule:UnityEditor.Search:ASIAI0B' with importer (ScriptedImporter : UnityEditor.QuickSearchModule:UnityEditor.Search:ASIAI0B)
Imported 'GUID: e20f6d92d0ae13040bfcbe8ef57da036' -> (Import Result ID: '24b81b7ad28abb41693578fd628a92e6') in 0.005 seconds [static and dynamic dependencies]. Details - ImportResultOutputID=56fbf1c758cba37fd64b7aaf678be2f4 DependenciesID=3e5a85cd670e96a6ee29ff6148376ad5 StaticDependenciesID=e2f0bb4f9394488668ab08321970a273 
Number of updated asset objects reloaded before import = 0
Number of asset objects unloaded after import = 1
========================================================================
Received Import Request.
  Time of request: 2026-08-04T17:31:24.017162Z
  Time since last request: 0.0003687 seconds.
  importAddress: GUID: c8e3d80f5ead8d4409a54da768cc431d - Path: Packages/com.unity.render-pipelines.core/Editor/Lighting/Icons/PresetFill_Right.png - Importer: ScriptedImporter/UnityEditor.QuickSearchModule:UnityEditor.Search:ASIAI0B
Importing 'GUID: c8e3d80f5ead8d4409a54da768cc431d - Path: Packages/com.unity.render-pipelines.core/Editor/Lighting/Icons/PresetFill_Right.png - Importer: ScriptedImporter/UnityEditor.QuickSearchModule:UnityEditor.Search:ASIAI0B' with importer (ScriptedImporter : UnityEditor.QuickSearchModule:UnityEditor.Search:ASIAI0B)
Imported 'GUID: c8e3d80f5ead8d4409a54da768cc431d' -> (Import Result ID: '4f73355cd1221910dc4307b6fda19915') in 0.004 seconds [static and dynamic dependencies]. Details - ImportResultOutputID=bcbb41bef8107ecb77301bad5b20f604 DependenciesID=f575078bc3f8fe6755553c21bad00743 StaticDependenciesID=1892c3e8bc56127043805172765e022c 
Number of updated asset objects reloaded before import = 0
Number of asset objects unloaded after import = 1
========================================================================
Received Import Request.
  Time of request: 2026-08-04T17:31:24.054066Z
  Time since last request: 0.0229154 seconds.
  importAddress: GUID: 8b1bc4c43bfb61048817bb1757f4ac02 - Path: Packages/com.unity.render-pipelines.core/Editor-PrivateShared/Tools/Converter/Status.cs - Importer: ScriptedImporter/UnityEditor.QuickSearchModule:UnityEditor.Search:ASIAI0B
Importing 'GUID: 8b1bc4c43bfb61048817bb1757f4ac02 - Path: Packages/com.unity.render-pipelines.core/Editor-PrivateShared/Tools/Converter/Status.cs - Importer: ScriptedImporter/UnityEditor.QuickSearchModule:UnityEditor.Search:ASIAI0B' with importer (ScriptedImporter : UnityEditor.QuickSearchModule:UnityEditor.Search:ASIAI0B)
Imported 'GUID: 8b1bc4c43bfb61048817bb1757f4ac02' -> (Import Result ID: 'cc64ea2b5b3755b6a6c7ba6dc2cf802f') in 0.003 seconds [static and dynamic dependencies]. Details - ImportResultOutputID=1c25e5a516a01b33fc9b2a311020e523 DependenciesID=c7afb1ad703ea09aa2fece610c9f36f1 StaticDependenciesID=8b6f92be54f0028b582efca944d56051 
Number of updated asset objects reloaded before import = 0
Number of asset objects unloaded after import = 0
========================================================================
Received Import Request.
  Time of request: 2026-08-04T17:31:24.0675354Z
  Time since last request: 0.0004149 seconds.
  importAddress: GUID: c82098f48a6ef0540a1073dd15a52c80 - Path: Packages/com.unity.render-pipelines.core/Runtime/GPUDriven/CoreDataSystems/InstanceAllocators.cs - Importer: ScriptedImporter/UnityEditor.QuickSearchModule:UnityEditor.Search:ASIAI0B
Importing 'GUID: c82098f48a6ef0540a1073dd15a52c80 - Path: Packages/com.unity.render-pipelines.core/Runtime/GPUDriven/CoreDataSystems/InstanceAllocators.cs - Importer: ScriptedImporter/UnityEditor.QuickSearchModule:UnityEditor.Search:ASIAI0B' with importer (ScriptedImporter : UnityEditor.QuickSearchModule:UnityEditor.Search:ASIAI0B)
Imported 'GUID: c82098f48a6ef0540a1073dd15a52c80' -> (Import Result ID: 'b02426dd0c3983a048f4773c72c8e4ea') in 0.003 seconds [static and dynamic dependencies]. Details - ImportResultOutputID=fd2c6677c01a702ea253ad09a9c4d784 DependenciesID=168ef945f6139e178a61ccc555d56885 StaticDependenciesID=5aa92c7628ac9dcef19dc1ecf79c3a41 
Number of updated asset objects reloaded before import = 0
Number of asset objects unloaded after import = 0
========================================================================
Received Import Request.
  Time of request: 2026-08-04T17:31:24.0783638Z
  Time since last request: 0.0002946 seconds.
  importAddress: GUID: 37e93113453ac0d46863acd4090899c8 - Path: Packages/com.unity.render-pipelines.core/Editor/PostProcessing/LensFlareResource/CircleFlareThumbnail@2x.png - Importer: ScriptedImporter/UnityEditor.QuickSearchModule:UnityEditor.Search:ASIAI0B
Importing 'GUID: 37e93113453ac0d46863acd4090899c8 - Path: Packages/com.unity.render-pipelines.core/Editor/PostProcessing/LensFlareResource/CircleFlareThumbnail@2x.png - Importer: ScriptedImporter/UnityEditor.QuickSearchModule:UnityEditor.Search:ASIAI0B' with importer (ScriptedImporter : UnityEditor.QuickSearchModule:UnityEditor.Search:ASIAI0B)
Imported 'GUID: 37e93113453ac0d46863acd4090899c8' -> (Import Result ID: '6f102e0b461c448e39fc909343c27e9f') in 0.005 seconds [static and dynamic dependencies]. Details - ImportResultOutputID=3ef11a277168300183027b5f13049ce3 DependenciesID=b8f41755daf3dd97941b21320ef79702 StaticDependenciesID=a8c145dc8441534dc734cdb33ef4ba3e 
Number of updated asset objects reloaded before import = 0
Number of asset objects unloaded after import = 1
========================================================================
Received Import Request.
  Time of request: 2026-08-04T17:31:24.0919577Z
  Time since last request: 0.0002808 seconds.
  importAddress: GUID: 7bc000bdbe3a2f346b6216538613e14d - Path: Packages/com.unity.render-pipelines.core/Editor/Tools/MaterialUpgrader/MaterialFinder.cs - Importer: ScriptedImporter/UnityEditor.QuickSearchModule:UnityEditor.Search:ASIAI0B
Importing 'GUID: 7bc000bdbe3a2f346b6216538613e14d - Path: Packages/com.unity.render-pipelines.core/Editor/Tools/MaterialUpgrader/MaterialFinder.cs - Importer: ScriptedImporter/UnityEditor.QuickSearchModule:UnityEditor.Search:ASIAI0B' with importer (ScriptedImporter : UnityEditor.QuickSearchModule:UnityEditor.Search:ASIAI0B)
Imported 'GUID: 7bc000bdbe3a2f346b6216538613e14d' -> (Import Result ID: 'bba70e25b039c4697930fb434903b223') in 0.002 seconds [static and dynamic dependencies]. Details - ImportResultOutputID=f7ba22ef21deff6e195583eaecd032d3 DependenciesID=a16dd8d2b45632a0180633b0d9f8a530 StaticDependenciesID=aaba01fa8106404b92fa1a714fa8c5e7 
Number of updated asset objects reloaded before import = 0
Number of asset objects unloaded after import = 0
========================================================================
Received Import Request.
  Time of request: 2026-08-04T17:31:24.102268Z
  Time since last request: 0.0002935 seconds.
  importAddress: GUID: 8967952de1d564742ae0197935b63bd7 - Path: Packages/com.unity.render-pipelines.core/Runtime/GPUDriven/Batching/CPUDrawInstanceData.cs - Importer: ScriptedImporter/UnityEditor.QuickSearchModule:UnityEditor.Search:ASIAI0B
Importing 'GUID: 8967952de1d564742ae0197935b63bd7 - Path: Packages/com.unity.render-pipelines.core/Runtime/GPUDriven/Batching/CPUDrawInstanceData.cs - Importer: ScriptedImporter/UnityEditor.QuickSearchModule:UnityEditor.Search:ASIAI0B' with importer (ScriptedImporter : UnityEditor.QuickSearchModule:UnityEditor.Search:ASIAI0B)
Imported 'GUID: 8967952de1d564742ae0197935b63bd7' -> (Import Result ID: '14e65af552cb6ce16d7c75753d7d94ea') in 0.003 seconds [static and dynamic dependencies]. Details - ImportResultOutputID=d20ee15fc9816c34524e9e40cb59bdb6 DependenciesID=f6aeefa1f7809eb881f25752fac588f0 StaticDependenciesID=7afcee878488ebb920cd544cceeecb4e 
Number of updated asset objects reloaded before import = 0
Number of asset objects unloaded after import = 0
========================================================================
Received Import Request.
  Time of request: 2026-08-04T17:31:24.1129555Z
  Time since last request: 0.0002259 seconds.
  importAddress: GUID: 476c38cf01c741143abe491ba6a97a3d - Path: Packages/com.unity.render-pipelines.core/Editor/Volume/Drawers/TextureParameterDrawer.cs - Importer: ScriptedImporter/UnityEditor.QuickSearchModule:UnityEditor.Search:ASIAI0B
Importing 'GUID: 476c38cf01c741143abe491ba6a97a3d - Path: Packages/com.unity.render-pipelines.core/Editor/Volume/Drawers/TextureParameterDrawer.cs - Importer: ScriptedImporter/UnityEditor.QuickSearchModule:UnityEditor.Search:ASIAI0B' with importer (ScriptedImporter : UnityEditor.QuickSearchModule:UnityEditor.Search:ASIAI0B)
Imported 'GUID: 476c38cf01c741143abe491ba6a97a3d' -> (Import Result ID: '90e5990b4c5f0fd340e6d91b79571db4') in 0.002 seconds [static and dynamic dependencies]. Details - ImportResultOutputID=6085af77c7f593c6f11d90f9c341c231 DependenciesID=d39f0648a8bc801c5428db148eefcef8 StaticDependenciesID=41746b42bb459bcd5d92cbd3dcd7da77 
Number of updated asset objects reloaded before import = 0
Number of asset objects unloaded after import = 0
========================================================================
Received Import Request.
  Time of request: 2026-08-04T17:31:24.123761Z
  Time since last request: 0.0003122 seconds.
  importAddress: GUID: 1b8bad1fc5971e549920c6b3e6c4b309 - Path: Packages/com.unity.render-pipelines.core/Runtime/GPUDriven/CoreDataSystems/InstanceDataSystem.cs - Importer: ScriptedImporter/UnityEditor.QuickSearchModule:UnityEditor.Search:ASIAI0B
Importing 'GUID: 1b8bad1fc5971e549920c6b3e6c4b309 - Path: Packages/com.unity.render-pipelines.core/Runtime/GPUDriven/CoreDataSystems/InstanceDataSystem.cs - Importer: ScriptedImporter/UnityEditor.QuickSearchModule:UnityEditor.Search:ASIAI0B' with importer (ScriptedImporter : UnityEditor.QuickSearchModule:UnityEditor.Search:ASIAI0B)
Imported 'GUID: 1b8bad1fc5971e549920c6b3e6c4b309' -> (Import Result ID: 'ae0abd6952790773db28c7e4e823d69d') in 0.002 seconds [static and dynamic dependencies]. Details - ImportResultOutputID=dbd64899c9f7954f3f0d570f2ca1847c DependenciesID=6321f93246731f90d574783dc901174d StaticDependenciesID=a89bfb023ef32c94280d88083ac5f396 
Number of updated asset objects reloaded before import = 0
Number of asset objects unloaded after import = 0
========================================================================
Received Import Request.
  Time of request: 2026-08-04T17:31:24.1346842Z
  Time since last request: 0.0004319 seconds.
  importAddress: GUID: 6d2f589334fbc8444b30925a405106d8 - Path: Packages/com.unity.render-pipelines.core/Editor/Volume/Drawers/IntParameterDrawer.cs - Importer: ScriptedImporter/UnityEditor.QuickSearchModule:UnityEditor.Search:ASIAI0B
Importing 'GUID: 6d2f589334fbc8444b30925a405106d8 - Path: Packages/com.unity.render-pipelines.core/Editor/Volume/Drawers/IntParameterDrawer.cs - Importer: ScriptedImporter/UnityEditor.QuickSearchModule:UnityEditor.Search:ASIAI0B' with importer (ScriptedImporter : UnityEditor.QuickSearchModule:UnityEditor.Search:ASIAI0B)
Imported 'GUID: 6d2f589334fbc8444b30925a405106d8' -> (Import Result ID: 'c800c062c0e1bf393a2f61b22267f26a') in 0.003 seconds [static and dynamic dependencies]. Details - ImportResultOutputID=577f968c1d2025bf5c0c3a2a26acf131 DependenciesID=b1712984b9f3b1858502a89b1472d48b StaticDependenciesID=4db5f3831d7f23b2ad497ff2f1a7e476 
Number of updated asset objects reloaded before import = 0
Number of asset objects unloaded after import = 0
========================================================================
Received Import Request.
  Time of request: 2026-08-04T17:31:24.1470255Z
  Time since last request: 0.0002243 seconds.
  importAddress: GUID: b7a71094073be404094ae62b142c24b4 - Path: Packages/com.unity.render-pipelines.core/Editor-PrivateShared/Tools/Converter/SearchServiceUtils.cs - Importer: ScriptedImporter/UnityEditor.QuickSearchModule:UnityEditor.Search:ASIAI0B
Importing 'GUID: b7a71094073be404094ae62b142c24b4 - Path: Packages/com.unity.render-pipelines.core/Editor-PrivateShared/Tools/Converter/SearchServiceUtils.cs - Importer: ScriptedImporter/UnityEditor.QuickSearchModule:UnityEditor.Search:ASIAI0B' with importer (ScriptedImporter : UnityEditor.QuickSearchModule:UnityEditor.Search:ASIAI0B)
Imported 'GUID: b7a71094073be404094ae62b142c24b4' -> (Import Result ID: '160fa39d7103f67689b30c64c4724c39') in 0.004 seconds [static and dynamic dependencies]. Details - ImportResultOutputID=10c3a0da8bbceb2b7f532a2ccf89bf6c DependenciesID=7edf1ce6ce24d29e14bfee212b9e2dd4 StaticDependenciesID=25ce9634ca42ae2073a2f6c32fa47cab 
Number of updated asset objects reloaded before import = 0
Number of asset objects unloaded after import = 0
========================================================================
Received Import Request.
  Time of request: 2026-08-04T17:31:24.1617138Z
  Time since last request: 0.00033 seconds.
  importAddress: GUID: 566b7e94308def1468a38e69c625ec0c - Path: Packages/com.unity.render-pipelines.core/Editor-PrivateShared/Tools/Converter/RenderPipelineConverterManager.cs - Importer: ScriptedImporter/UnityEditor.QuickSearchModule:UnityEditor.Search:ASIAI0B
Importing 'GUID: 566b7e94308def1468a38e69c625ec0c - Path: Packages/com.unity.render-pipelines.core/Editor-PrivateShared/Tools/Converter/RenderPipelineConverterManager.cs - Importer: ScriptedImporter/UnityEditor.QuickSearchModule:UnityEditor.Search:ASIAI0B' with importer (ScriptedImporter : UnityEditor.QuickSearchModule:UnityEditor.Search:ASIAI0B)
Imported 'GUID: 566b7e94308def1468a38e69c625ec0c' -> (Import Result ID: 'ef1a51fb4c3038a36e72d53333dd3474') in 0.003 seconds [static and dynamic dependencies]. Details - ImportResultOutputID=037ff1d2545cc9bdda4ba45aac34d556 DependenciesID=c5f23db49f79701ef7fb7b673966b388 StaticDependenciesID=fa8814aa7da7ee2b314552380824495f 
Number of updated asset objects reloaded before import = 0
Number of asset objects unloaded after import = 0
========================================================================
Received Import Request.
  Time of request: 2026-08-04T17:31:24.1864025Z
  Time since last request: 0.0129336 seconds.
  importAddress: GUID: 5892965ba0c4a7a4daeb41803ec2a0dc - Path: Packages/com.unity.render-pipelines.core/Runtime/GPUDriven/SceneProcessors/LODGroupUpdateBatch.cs - Importer: ScriptedImporter/UnityEditor.QuickSearchModule:UnityEditor.Search:ASIAI0B
Importing 'GUID: 5892965ba0c4a7a4daeb41803ec2a0dc - Path: Packages/com.unity.render-pipelines.core/Runtime/GPUDriven/SceneProcessors/LODGroupUpdateBatch.cs - Importer: ScriptedImporter/UnityEditor.QuickSearchModule:UnityEditor.Search:ASIAI0B' with importer (ScriptedImporter : UnityEditor.QuickSearchModule:UnityEditor.Search:ASIAI0B)
Imported 'GUID: 5892965ba0c4a7a4daeb41803ec2a0dc' -> (Import Result ID: '390e9618e395598c886c9f6caecd3255') in 0.002 seconds [static and dynamic dependencies]. Details - ImportResultOutputID=008d0ec06eb253b734a9557ce80d972a DependenciesID=7cfb9807d7d03ed8d3bc43caa9e7d551 StaticDependenciesID=6c8e1b3c27360c89fc779ce2e33e8cc2 
Number of updated asset objects reloaded before import = 0
Number of asset objects unloaded after import = 0
========================================================================
Received Import Request.
  Time of request: 2026-08-04T17:31:24.1963062Z
  Time since last request: 0.0003701 seconds.
  importAddress: GUID: c0bd11b715efbd24e95cb49f31c3cbeb - Path: Packages/com.unity.render-pipelines.core/Runtime/GPUDriven/Utilities/ParallelBitArray.cs - Importer: ScriptedImporter/UnityEditor.QuickSearchModule:UnityEditor.Search:ASIAI0B
Importing 'GUID: c0bd11b715efbd24e95cb49f31c3cbeb - Path: Packages/com.unity.render-pipelines.core/Runtime/GPUDriven/Utilities/ParallelBitArray.cs - Importer: ScriptedImporter/UnityEditor.QuickSearchModule:UnityEditor.Search:ASIAI0B' with importer (ScriptedImporter : UnityEditor.QuickSearchModule:UnityEditor.Search:ASIAI0B)
Imported 'GUID: c0bd11b715efbd24e95cb49f31c3cbeb' -> (Import Result ID: '4ae9eafe5d150e8f1b68344042b61126') in 0.002 seconds [static and dynamic dependencies]. Details - ImportResultOutputID=206511223d61196ecafce0886124225f DependenciesID=00f53aa3b2d4d5248ebfc41fb5295a5a StaticDependenciesID=db011cc67b69ab424ea0dc2d1d5cae2a 
Number of updated asset objects reloaded before import = 0
Number of asset objects unloaded after import = 0
========================================================================
Received Import Request.
  Time of request: 2026-08-04T17:31:24.2086249Z
  Time since last request: 0.0002489 seconds.
  importAddress: GUID: c4a7a8f9379dbb4489b78bae7d001713 - Path: Packages/com.unity.render-pipelines.core/Runtime/Lighting/ProbeVolume/ProbeReferenceVolume.Binding.cs - Importer: ScriptedImporter/UnityEditor.QuickSearchModule:UnityEditor.Search:ASIAI0B
Importing 'GUID: c4a7a8f9379dbb4489b78bae7d001713 - Path: Packages/com.unity.render-pipelines.core/Runtime/Lighting/ProbeVolume/ProbeReferenceVolume.Binding.cs - Importer: ScriptedImporter/UnityEditor.QuickSearchModule:UnityEditor.Search:ASIAI0B' with importer (ScriptedImporter : UnityEditor.QuickSearchModule:UnityEditor.Search:ASIAI0B)
Imported 'GUID: c4a7a8f9379dbb4489b78bae7d001713' -> (Import Result ID: '313e0c275efef3ac77ea4483b73b34b4') in 0.002 seconds [static and dynamic dependencies]. Details - ImportResultOutputID=2e056d112fc37f3a7c7e4a7fbc306248 DependenciesID=d3fcea56582e5e4cd3da376ab19f5043 StaticDependenciesID=d55f2f1f91108efaa2155d33b6ea3f55 
Number of updated asset objects reloaded before import = 0
Number of asset objects unloaded after import = 0
========================================================================
Received Import Request.
  Time of request: 2026-08-04T17:31:24.2183308Z
  Time since last request: 0.0004065 seconds.
  importAddress: GUID: 079fb321dd4edfd42bee1376c8c48c05 - Path: Packages/com.unity.render-pipelines.core/Runtime/Lighting/ProbeVolume/ProbeBrickPool.cs - Importer: ScriptedImporter/UnityEditor.QuickSearchModule:UnityEditor.Search:ASIAI0B
Importing 'GUID: 079fb321dd4edfd42bee1376c8c48c05 - Path: Packages/com.unity.render-pipelines.core/Runtime/Lighting/ProbeVolume/ProbeBrickPool.cs - Importer: ScriptedImporter/UnityEditor.QuickSearchModule:UnityEditor.Search:ASIAI0B' with importer (ScriptedImporter : UnityEditor.QuickSearchModule:UnityEditor.Search:ASIAI0B)
Imported 'GUID: 079fb321dd4edfd42bee1376c8c48c05' -> (Import Result ID: '9e0c716844a5ff6a72d6f98d00b64f85') in 0.003 seconds [static and dynamic dependencies]. Details - ImportResultOutputID=5413b3b9a4a9147f12eb55ec6cac5261 DependenciesID=b872272ab357b6defc816931130371f6 StaticDependenciesID=115afc831101c48b9bfc9055a1273c30 
Number of updated asset objects reloaded before import = 0
Number of asset objects unloaded after import = 0
========================================================================
Received Import Request.
  Time of request: 2026-08-04T17:31:24.2314423Z
  Time since last request: 0.0002064 seconds.
  importAddress: GUID: 60581e86aa47d834785ca132fc385273 - Path: Packages/com.unity.render-pipelines.core/Runtime/GPUDriven/Culling/InstanceOcclusionCullerShaderVariables.cs.hlsl - Importer: ScriptedImporter/UnityEditor.QuickSearchModule:UnityEditor.Search:ASIAI0B
Importing 'GUID: 60581e86aa47d834785ca132fc385273 - Path: Packages/com.unity.render-pipelines.core/Runtime/GPUDriven/Culling/InstanceOcclusionCullerShaderVariables.cs.hlsl - Importer: ScriptedImporter/UnityEditor.QuickSearchModule:UnityEditor.Search:ASIAI0B' with importer (ScriptedImporter : UnityEditor.QuickSearchModule:UnityEditor.Search:ASIAI0B)
Imported 'GUID: 60581e86aa47d834785ca132fc385273' -> (Import Result ID: '8ebcf0edaecf293f68f9fae3367c5046') in 0.003 seconds [static and dynamic dependencies]. Details - ImportResultOutputID=30e52c19e7f96c7e00cde4931318295f DependenciesID=f284dc43552af6002ca68b8f933f59e8 StaticDependenciesID=c9541d17709546e5385132b16d5ec58b 
Number of updated asset objects reloaded before import = 0
Number of asset objects unloaded after import = 1
========================================================================
Received Import Request.
  Time of request: 2026-08-04T17:31:24.2427746Z
  Time since last request: 0.000227 seconds.
  importAddress: GUID: 6646f462aeb8278489c25fda24fd2db8 - Path: Packages/com.unity.render-pipelines.core/Runtime/Lighting/ProbeVolume/DecodeSH.hlsl - Importer: ScriptedImporter/UnityEditor.QuickSearchModule:UnityEditor.Search:ASIAI0B
Importing 'GUID: 6646f462aeb8278489c25fda24fd2db8 - Path: Packages/com.unity.render-pipelines.core/Runtime/Lighting/ProbeVolume/DecodeSH.hlsl - Importer: ScriptedImporter/UnityEditor.QuickSearchModule:UnityEditor.Search:ASIAI0B' with importer (ScriptedImporter : UnityEditor.QuickSearchModule:UnityEditor.Search:ASIAI0B)
Imported 'GUID: 6646f462aeb8278489c25fda24fd2db8' -> (Import Result ID: '557fd5f9377be10728f41a93137b62f1') in 0.002 seconds [static and dynamic dependencies]. Details - ImportResultOutputID=b23af6af0bf0c3743feaaae1fffd992f DependenciesID=30233305ae3a94f5bdb790583b20ca22 StaticDependenciesID=0faf3d6e775c6d796880c4cf62cdc3fb 
Number of updated asset objects reloaded before import = 0
Number of asset objects unloaded after import = 1
========================================================================
Received Import Request.
  Time of request: 2026-08-04T17:31:24.2540106Z
  Time since last request: 0.0002293 seconds.
  importAddress: GUID: 58562d806ae1e3b4ba9cc4b895239782 - Path: Packages/com.unity.render-pipelines.core/Runtime/Lighting/ProbeVolume/ProbeIndexOfIndices.cs - Importer: ScriptedImporter/UnityEditor.QuickSearchModule:UnityEditor.Search:ASIAI0B
Importing 'GUID: 58562d806ae1e3b4ba9cc4b895239782 - Path: Packages/com.unity.render-pipelines.core/Runtime/Lighting/ProbeVolume/ProbeIndexOfIndices.cs - Importer: ScriptedImporter/UnityEditor.QuickSearchModule:UnityEditor.Search:ASIAI0B' with importer (ScriptedImporter : UnityEditor.QuickSearchModule:UnityEditor.Search:ASIAI0B)
Imported 'GUID: 58562d806ae1e3b4ba9cc4b895239782' -> (Import Result ID: '66a611b832ad80d09e7f493749053ea4') in 0.002 seconds [static and dynamic dependencies]. Details - ImportResultOutputID=b86aac86cdd5afa669eaa41dc17ed215 DependenciesID=9c1120937314159d978ecdf87d880197 StaticDependenciesID=1b1dfa767232a29db78470d3debc0d0e 
Number of updated asset objects reloaded before import = 0
Number of asset objects unloaded after import = 0
========================================================================
Received Import Request.
  Time of request: 2026-08-04T17:31:24.2652627Z
  Time since last request: 0.0002699 seconds.
  importAddress: GUID: 7e8f0471be47d8f448c16883505d19bc - Path: Packages/com.unity.render-pipelines.core/Runtime/GPUDriven/SceneProcessors/LODGroupProcessor.cs - Importer: ScriptedImporter/UnityEditor.QuickSearchModule:UnityEditor.Search:ASIAI0B
Importing 'GUID: 7e8f0471be47d8f448c16883505d19bc - Path: Packages/com.unity.render-pipelines.core/Runtime/GPUDriven/SceneProcessors/LODGroupProcessor.cs - Importer: ScriptedImporter/UnityEditor.QuickSearchModule:UnityEditor.Search:ASIAI0B' with importer (ScriptedImporter : UnityEditor.QuickSearchModule:UnityEditor.Search:ASIAI0B)
Imported 'GUID: 7e8f0471be47d8f448c16883505d19bc' -> (Import Result ID: '1ed8d265eef2c9b47cefe2ae5023a258') in 0.003 seconds [static and dynamic dependencies]. Details - ImportResultOutputID=33c1a8cc4066d8a18e84c4b028863d02 DependenciesID=4293837c560d631b24d26cbb3bbac5e3 StaticDependenciesID=8e03a10de4f1fb0ecb388e37584bbc13 
Number of updated asset objects reloaded before import = 0
Number of asset objects unloaded after import = 0
========================================================================
Received Import Request.
  Time of request: 2026-08-04T17:31:24.2977616Z
  Time since last request: 0.0202224 seconds.
  importAddress: GUID: b5b1bcf1950c2204f8e3959f64726eab - Path: Packages/com.unity.render-pipelines.core/Runtime/Lighting/SurfaceCache/Unity.SurfaceCache.Runtime.asmdef - Importer: ScriptedImporter/UnityEditor.QuickSearchModule:UnityEditor.Search:ASIAI0B
Importing 'GUID: b5b1bcf1950c2204f8e3959f64726eab - Path: Packages/com.unity.render-pipelines.core/Runtime/Lighting/SurfaceCache/Unity.SurfaceCache.Runtime.asmdef - Importer: ScriptedImporter/UnityEditor.QuickSearchModule:UnityEditor.Search:ASIAI0B' with importer (ScriptedImporter : UnityEditor.QuickSearchModule:UnityEditor.Search:ASIAI0B)
Imported 'GUID: b5b1bcf1950c2204f8e3959f64726eab' -> (Import Result ID: '71300a4652638d2e076ba690018804be') in 0.003 seconds [static and dynamic dependencies]. Details - ImportResultOutputID=f4ee454402cd9832e7a2dfd0eec97b61 DependenciesID=7e3c5431d968a703289fa9bd42ce6241 StaticDependenciesID=8041ed2e442a2d0fb84c4492fcbb1681 
Number of updated asset objects reloaded before import = 0
Number of asset objects unloaded after import = 1
========================================================================
Received Import Request.
  Time of request: 2026-08-04T17:31:24.3086959Z
  Time since last request: 0.0002181 seconds.
  importAddress: GUID: 47bbc3edf61978b498603cc2a1b87eea - Path: Packages/com.unity.render-pipelines.core/Runtime/Lighting/SurfaceCache/Scrolling.compute - Importer: ScriptedImporter/UnityEditor.QuickSearchModule:UnityEditor.Search:ASIAI0B
Importing 'GUID: 47bbc3edf61978b498603cc2a1b87eea - Path: Packages/com.unity.render-pipelines.core/Runtime/Lighting/SurfaceCache/Scrolling.compute - Importer: ScriptedImporter/UnityEditor.QuickSearchModule:UnityEditor.Search:ASIAI0B' with importer (ScriptedImporter : UnityEditor.QuickSearchModule:UnityEditor.Search:ASIAI0B)
Imported 'GUID: 47bbc3edf61978b498603cc2a1b87eea' -> (Import Result ID: '558d74e79adef15bd7f3d804158ab08d') in 0.003 seconds [static and dynamic dependencies]. Details - ImportResultOutputID=9a8f0f983b6f3ca678a927478c6e70c7 DependenciesID=fc157dca9687154a382b8b2e33a89ee0 StaticDependenciesID=feb8f47857816ba593d540705246fb19 
Number of updated asset objects reloaded before import = 0
Number of asset objects unloaded after import = 1
========================================================================
Received Import Request.
  Time of request: 2026-08-04T17:31:24.3203487Z
  Time since last request: 0.0002185 seconds.
  importAddress: GUID: 0951de5992461754fa73650732c4954c - Path: Packages/com.unity.render-pipelines.core/Runtime/Lighting/ProbeVolume/ProbeVolumeUploadData.compute - Importer: ScriptedImporter/UnityEditor.QuickSearchModule:UnityEditor.Search:ASIAI0B
Importing 'GUID: 0951de5992461754fa73650732c4954c - Path: Packages/com.unity.render-pipelines.core/Runtime/Lighting/ProbeVolume/ProbeVolumeUploadData.compute - Importer: ScriptedImporter/UnityEditor.QuickSearchModule:UnityEditor.Search:ASIAI0B' with importer (ScriptedImporter : UnityEditor.QuickSearchModule:UnityEditor.Search:ASIAI0B)
Imported 'GUID: 0951de5992461754fa73650732c4954c' -> (Import Result ID: 'e04120f6e5d7a88e65478bdcad1322f4') in 0.003 seconds [static and dynamic dependencies]. Details - ImportResultOutputID=79ab3cebc66e9adedf400f23086f1f7a DependenciesID=920b390a0e421758b9ab2ca5155fd582 StaticDependenciesID=ac9b60209142e62d2f07e98b770b8133 
Number of updated asset objects reloaded before import = 0
Number of asset objects unloaded after import = 1
========================================================================
Received Import Request.
  Time of request: 2026-08-04T17:31:24.3304341Z
  Time since last request: 0.000264 seconds.
  importAddress: GUID: 7a907a631dd46324681dd9b152a939c5 - Path: Packages/com.unity.render-pipelines.core/Runtime/PathTracing/Lightmapping/ChartIdentification.cs - Importer: ScriptedImporter/UnityEditor.QuickSearchModule:UnityEditor.Search:ASIAI0B
Importing 'GUID: 7a907a631dd46324681dd9b152a939c5 - Path: Packages/com.unity.render-pipelines.core/Runtime/PathTracing/Lightmapping/ChartIdentification.cs - Importer: ScriptedImporter/UnityEditor.QuickSearchModule:UnityEditor.Search:ASIAI0B' with importer (ScriptedImporter : UnityEditor.QuickSearchModule:UnityEditor.Search:ASIAI0B)
Imported 'GUID: 7a907a631dd46324681dd9b152a939c5' -> (Import Result ID: '3dfc17ebeb544e603955a522d2b2b641') in 0.002 seconds [static and dynamic dependencies]. Details - ImportResultOutputID=bed62635b0e248aac76e417046890255 DependenciesID=cb31f1dc84b9fe53f85e2897143616d3 StaticDependenciesID=c7a013e51b1a0e3562ad71747fdec1f0 
Number of updated asset objects reloaded before import = 0
Number of asset objects unloaded after import = 0
========================================================================
Received Import Request.
  Time of request: 2026-08-04T17:31:24.341241Z
  Time since last request: 0.0016971 seconds.
  importAddress: GUID: a55ec696682683040ab8b67b9175f1a0 - Path: Packages/com.unity.render-pipelines.core/Runtime/Lighting/ProbeVolume/ProbeVolumePositioning.cs - Importer: ScriptedImporter/UnityEditor.QuickSearchModule:UnityEditor.Search:ASIAI0B
Importing 'GUID: a55ec696682683040ab8b67b9175f1a0 - Path: Packages/com.unity.render-pipelines.core/Runtime/Lighting/ProbeVolume/ProbeVolumePositioning.cs - Importer: ScriptedImporter/UnityEditor.QuickSearchModule:UnityEditor.Search:ASIAI0B' with importer (ScriptedImporter : UnityEditor.QuickSearchModule:UnityEditor.Search:ASIAI0B)
Imported 'GUID: a55ec696682683040ab8b67b9175f1a0' -> (Import Result ID: 'b244fbdc2a31b7c32ea2c011075700c9') in 0.003 seconds [static and dynamic dependencies]. Details - ImportResultOutputID=2302801f18873b5e7a2517a8dd8f2b22 DependenciesID=329fd9049e319c33f169d9583c34da53 StaticDependenciesID=dc549a8015e64085415ac2dd0d9c7cb6 
Number of updated asset objects reloaded before import = 0
Number of asset objects unloaded after import = 0
========================================================================
Received Prepare
AcceleratorClientConnectionCallback - disconnected - :0
Begin MonoManager ReloadAssembly
Native extension for WindowsStandalone target not found
[Package Manager] Failed to launch server process. Reason: Unity was launched with the -noUpm command-line argument
[Package Manager] Unable to send message (not connected to server process).
[Package Manager] Cannot connect to Unity Package Manager local server
[Package Manager] Failed to launch server process. Reason: Unity was launched with the -noUpm command-line argument
[Package Manager] Unable to send message (not connected to server process).
[Package Manager] Cannot connect to Unity Package Manager local server
ScheduleIndexationOnStartup MainProcess:False IndexOnStartup:True
Mono: successfully reloaded assembly
- Finished resetting the current domain, in  0.552 seconds
Domain Reload Profiling: 1072ms
	BeginReloadAssembly (174ms)
		DisableScriptedObjects (9ms)
		CreateAndSetChildDomain (44ms)
	RebuildCommonClasses (6ms)
	RebuildNativeTypeToScriptingClass (12ms)
	initialDomainReloadingComplete (48ms)
	LoadAllAssembliesAndSetupDomain (280ms)
		LoadAssemblies (260ms)
		AnalyzeDomain (19ms)
			TypeCache.Refresh (8ms)
			ResolveRequiredComponents (6ms)
	FinalizeReload (553ms)
		SetupLoadedEditorAssemblies (0ms)
			BeforeProcessingInitializeOnLoad (71ms)
			ProcessInitializeOnLoadAttributes (202ms)
			ProcessInitializeOnLoadMethodAttributes (125ms)
		AwakeInstancesAfterBackupRestoration (13ms)
Unloading 22 Unused Serialized files (Serialized files now loaded: 0)
Unloading 7154 unused Assets / (5.2 MB). Loaded Objects now: 8047.
Memory consumption went from 331.7 MB to 326.5 MB.
Total: 9.142000 ms (FindLiveObjects: 0.677300 ms CreateObjectMapping: 1.470600 ms MarkObjects: 4.553000 ms  DeleteObjects: 2.440300 ms)

Prepare: number of updated asset objects reloaded= 0
Editor requested this worker to shutdown with reason: Scaling down because of idle timeout
AcceleratorClientConnectionCallback - disconnected - :0
AssetImportWorker is now disconnected from the server
Process exiting
Exiting without the bug reporter. Application will terminate with return code 0