[Licensing::Module] Trying to connect to existing licensing client channel...
Built from '6000.5/staging' branch; Version is '6000.5.0f1 (88b47c5e7076) revision 8959100'; Using compiler version '194234433'; Build Type 'Release'
OS: 'Windows 10  (10.0.19045) 64bit Professional' Language: 'en' Physical Memory: 64640 MB
[Licensing::IpcConnector] Successfully connected to: "LicenseClient-Filip" at "2026-08-04T17:31:16.1233909Z"
BatchMode: 1, IsHumanControllingUs: 0, StartBugReporterOnCrash: 0, Is64bit: 1
System  architecture: x64
Process architecture: x64
Date: 2026-08-04T17:31:16Z

COMMAND LINE ARGUMENTS:
D:\Software\Unity Installs\6000.5.0f1\Editor\Unity.exe
-adb2
-batchMode
-noUpm
-name
AssetImportWorkerHW3
-projectPath
D:/Projects/Kobold Collective/CardGameTakeHomeStarter
-logFile
Logs/AssetImportWorkerHW3.log
-srvPort
51719
-parentPid
110012
-analyticsCloudUserId
3573578210267
-analyticsCloudProjectId
1304c6e3-abd4-4b49-8156-dccc98aa1145
-analyticsLocalProjectId
1a724b6c99c414aacad9983827ba13a6
-licensingIpc
LicenseClient-Filip
-noDiagnosticSwitchPersistentStore
-job-worker-count
15
-background-job-worker-count
8
-asset-garbage-collectors
1
-force-d3d12
-name
AssetImport
Successfully changed project path to: D:/Projects/Kobold Collective/CardGameTakeHomeStarter
D:/Projects/Kobold Collective/CardGameTakeHomeStarter
[UnityMemory] Configuration Parameters - Can be set up in boot.config
    "memorysetup-temp-allocator-size-gi-baking-worker=262144"
    "memorysetup-temp-allocator-size-gi-baking-worker=262144"
    "memorysetup-temp-allocator-size-gi-baking-worker=262144"
    "memorysetup-temp-allocator-size-gi-baking-worker=262144"
    "memorysetup-temp-allocator-size-gi-baking-worker=262144"
    "memorysetup-temp-allocator-size-nav-mesh-worker=65536"
    "memorysetup-temp-allocator-size-audio-worker=65536"
    "memorysetup-temp-allocator-size-cloud-worker=32768"
    "memorysetup-temp-allocator-size-gfx=262144"
    "memorysetup-temp-allocator-size-preload-manager=33554432"
    "memorysetup-allocator-temp-initial-block-size-main=262144"
    "memorysetup-allocator-temp-initial-block-size-worker=262144"
    "memorysetup-temp-allocator-size-job-worker=262144"
    "memorysetup-temp-allocator-size-background-worker=32768"
    "memorysetup-bucket-allocator-granularity=16"
    "memorysetup-bucket-allocator-bucket-count=8"
    "memorysetup-bucket-allocator-block-size=33554432"
    "memorysetup-bucket-allocator-block-count=8"
    "memorysetup-main-allocator-block-size=16777216"
    "memorysetup-thread-allocator-block-size=16777216"
    "memorysetup-main-allocator-mimalloc-enabled=0"
    "memorysetup-gfx-main-allocator-block-size=16777216"
    "memorysetup-gfx-thread-allocator-block-size=16777216"
    "memorysetup-cache-allocator-block-size=4194304"
    "memorysetup-typetree-allocator-block-size=2097152"
    "memorysetup-profiler-bucket-allocator-granularity=16"
    "memorysetup-profiler-bucket-allocator-bucket-count=8"
    "memorysetup-profiler-bucket-allocator-block-size=33554432"
    "memorysetup-profiler-bucket-allocator-block-count=8"
    "memorysetup-profiler-allocator-block-size=16777216"
    "memorysetup-profiler-editor-allocator-block-size=1048576"
    "memorysetup-temp-allocator-size-main=16777216"
    "memorysetup-job-temp-allocator-block-size=2097152"
    "memorysetup-job-temp-allocator-block-size-background=1048576"
    "memorysetup-job-temp-allocator-reduction-small-platforms=262144"
Player connection [143352]  Target information:

Player connection [143352]  * "[IP] 10.0.0.10 [Port] 0 [Flags] 2 [Guid] 3795050416 [EditorId] 3795050416 [Version] 1048832 [Id] WindowsEditor(7,DESKTOP-LOE394D) [Debug] 1 [PackageName] WindowsEditor [ProjectName] Editor" 

Player connection [143352]  * "[IP] 172.18.224.1 [Port] 0 [Flags] 2 [Guid] 3795050416 [EditorId] 3795050416 [Version] 1048832 [Id] WindowsEditor(7,DESKTOP-LOE394D) [Debug] 1 [PackageName] WindowsEditor [ProjectName] Editor" 

Player connection [143352] Host joined multi-casting on [225.0.0.222:54997]...
Player connection [143352] Host joined alternative multi-casting on [225.0.0.222:34997]...
JobSystem: Creating JobQueue using job-worker-count value 15
Input System module state changed to: Initialized.
[Physics::Module] Initialized fallback backend.
[Physics::Module] Id: 0xdecafbad
Library Redirect Path: Library/
[Physics::Module] Selected backend.
[Physics::Module] Name: PhysX
[Physics::Module] Id: 0xf2b8ea05
[Physics::Module] SDK Version: 4.1.2
[Physics::Module] Integration Version: 1.0.0
[Physics::Module] Threading Mode: Multi-Threaded
Refreshing native plugins compatible for Editor in 2.08 ms, found 5 plugins.
Initialize engine version: 6000.5.0f1 (88b47c5e7076)
[Subsystems] Discovering subsystems at path D:/Software/Unity Installs/6000.5.0f1/Editor/Data/Resources/UnitySubsystems
[Subsystems] Discovering subsystems at path D:/Projects/Kobold Collective/CardGameTakeHomeStarter/Assets
Forcing GfxDevice: Direct3D 12
GfxDevice: creating device client; kGfxThreadingModeNonThreaded
[Licensing::Client] Error: HandshakeResponse reported an error:
	ResponseCode: 505
	ResponseStatus: Unsupported protocol version '1.18.1'.
[Licensing::Module] Error: Failed to handshake to channel: "LicenseClient-Filip"
[Licensing::IpcConnector] LicenseClient-Filip channel disconnected successfully.
[Licensing::IpcConnector] Successfully connected to: "LicenseClient-Filip-6000.5.0" at "2026-08-04T17:31:16.6979588Z"
[Licensing::Client] Code 10 while verifying Licensing Client signature (process Id: 119488, path: "D:/Software/Unity Installs/6000.5.0f1/Editor/Data/Resources/Licensing/Client/Unity.Licensing.Client.exe")
[Licensing::Module] LicensingClient has failed validation; ignoring
d3d12: failed to query info queue interface (0x80004002).
[Licensing::Client] Handshaking with LicensingClient:
  Version:                 1.18.1+9fbee8e
  Session Id:              d5d9bf2b09314743b296c7b61979d826
  Correlation Id:          313b0384e4b086877edc58dacf8a6333
  External correlation Id: 599573389800161304
  Machine Id:              WdbJyY1ohjOZjQBbuRdciEBLWqo=
[Licensing::Module] Successfully connected to LicensingClient on channel: "LicenseClient-Filip-6000.5.0" (connect: 0.00s, validation: 0.03s, handshake: 0.00s)
[Licensing::IpcConnector] Successfully connected to: "LicenseClient-Filip-6000.5.0-notifications" at "2026-08-04T17:31:16.7292027Z"
[Licensing::Module] Licensing Background thread has ended after 0.61s
Direct3D:
    Version:         Direct3D 12 [level 12.2]
    Renderer:        NVIDIA GeForce RTX 4070 Ti SUPER (ID=0x2689)
    Vendor:          NVIDIA
    VRAM:            16061 MB
    App VRAM Budget: 15293 MB
    Driver:          32.0.16.1062
Initialize mono
Mono path[0] = 'D:/Software/Unity Installs/6000.5.0f1/Editor/Data/Managed'
Mono path[1] = 'D:/Software/Unity Installs/6000.5.0f1/Editor/Data/BCLExtensions/runtime/netstandard2.1'
Mono path[2] = 'D:/Software/Unity Installs/6000.5.0f1/Editor/Data/MonoBleedingEdge/lib/mono/unityjit-win32'
Mono config path = 'D:/Software/Unity Installs/6000.5.0f1/Editor/Data/MonoBleedingEdge/etc'
Using monoOptions --debugger-agent=transport=dt_socket,embedding=1,server=y,suspend=n,address=127.0.0.1:56348
CodeReloadManager initialized
Begin MonoManager ReloadAssembly
Registering precompiled unity dll's ...
Register platform support module: D:/Software/Unity Installs/6000.5.0f1/Editor/Data/PlaybackEngines/WindowsStandaloneSupport/UnityEditor.WindowsStandalone.Extensions.dll
Registered in 0.000784 seconds.
Native extension for WindowsStandalone target not found
Package Manager log level set to [2]
[Package Manager] Failed to launch server process. Reason: Unity was launched with the -noUpm command-line argument
[Package Manager] Unable to send message (not connected to server process).
[Package Manager] Cannot connect to Unity Package Manager local server
ScheduleIndexationOnStartup MainProcess:False IndexOnStartup:True
Mono: successfully reloaded assembly
- Finished resetting the current domain, in  0.283 seconds
Domain Reload Profiling: 639ms
	BeginReloadAssembly (100ms)
	RebuildCommonClasses (5ms)
	RebuildNativeTypeToScriptingClass (14ms)
	initialDomainReloadingComplete (40ms)
	LoadAllAssembliesAndSetupDomain (197ms)
		LoadAssemblies (99ms)
		AnalyzeDomain (148ms)
			TypeCache.Refresh (146ms)
				TypeCache.ScanAssembly (136ms)
	FinalizeReload (284ms)
		SetupLoadedEditorAssemblies (0ms)
			BeforeProcessingInitializeOnLoad (69ms)
			ProcessInitializeOnLoadAttributes (73ms)
			ProcessInitializeOnLoadMethodAttributes (81ms)
Initializing Unity extensions:
[Licensing::Client] Successfully resolved entitlement details
[Licensing::Module] License group:
  Id: 3573578210267-UnityPersXXXX
  Product: Unity Personal
  Type: Assigned
  Expiration: Unlimited
========================================================================
Worker process is ready to serve import requests
Import Worker Mode flag is 0x00
Begin MonoManager ReloadAssembly
Native extension for WindowsStandalone target not found
[Package Manager] Failed to launch server process. Reason: Unity was launched with the -noUpm command-line argument
[Package Manager] Unable to send message (not connected to server process).
[Package Manager] Cannot connect to Unity Package Manager local server
[Package Manager] Failed to launch server process. Reason: Unity was launched with the -noUpm command-line argument
[Package Manager] Unable to send message (not connected to server process).
[Package Manager] Cannot connect to Unity Package Manager local server
ScheduleIndexationOnStartup MainProcess:False IndexOnStartup:True
Mono: successfully reloaded assembly
- Finished resetting the current domain, in  0.665 seconds
Domain Reload Profiling: 1303ms
	BeginReloadAssembly (136ms)
		DisableScriptedObjects (5ms)
		CreateAndSetChildDomain (27ms)
	RebuildCommonClasses (7ms)
	RebuildNativeTypeToScriptingClass (13ms)
	initialDomainReloadingComplete (33ms)
	LoadAllAssembliesAndSetupDomain (449ms)
		LoadAssemblies (239ms)
		AnalyzeDomain (201ms)
			TypeCache.Refresh (137ms)
				TypeCache.ScanAssembly (125ms)
			BuildScriptInfoCaches (56ms)
			ResolveRequiredComponents (6ms)
	FinalizeReload (665ms)
		SetupLoadedEditorAssemblies (0ms)
			BeforeProcessingInitializeOnLoad (79ms)
			ProcessInitializeOnLoadAttributes (248ms)
			ProcessInitializeOnLoadMethodAttributes (201ms)
AcceleratorClientConnectionCallback - disconnected - :0
Launched and connected shader compiler UnityShaderCompiler.exe after 0.01 seconds
Unloading 22 Unused Serialized files (Serialized files now loaded: 0)
Curl error 3: URL rejected: Malformed input to a URL function
Unloading 7156 unused Assets / (5.6 MB). Loaded Objects now: 8040.
Memory consumption went from 343.2 MB to 337.6 MB.
Total: 9.853100 ms (FindLiveObjects: 0.702600 ms CreateObjectMapping: 1.988000 ms MarkObjects: 4.526800 ms  DeleteObjects: 2.634100 ms)

========================================================================
Received Import Request.
  Time of request: 2026-08-04T17:31:19.51965Z
  Time since last request: 662979.94911459996365 seconds.
  importAddress: GUID: 95e00b4ae3493f2bb9d61143777414fc - Path: Packages/com.unity.burst/Unity.Burst.CodeGen/FunctionPointerInvokeTransform.cs - Importer: ScriptedImporter/UnityEditor.QuickSearchModule:UnityEditor.Search:ASIAI0B
Importing 'GUID: 95e00b4ae3493f2bb9d61143777414fc - Path: Packages/com.unity.burst/Unity.Burst.CodeGen/FunctionPointerInvokeTransform.cs - Importer: ScriptedImporter/UnityEditor.QuickSearchModule:UnityEditor.Search:ASIAI0B' with importer (ScriptedImporter : UnityEditor.QuickSearchModule:UnityEditor.Search:ASIAI0B)
Imported 'GUID: 95e00b4ae3493f2bb9d61143777414fc' -> (Import Result ID: 'ded0638a44ec3dd8a4208d68419ef983') in 0.046 seconds [static and dynamic dependencies]. Details - ImportResultOutputID=751eaa565dee14ef273dc964beaa1f4d DependenciesID=636fb2285e387afe239ad0ddb829390e StaticDependenciesID=51b0b95db776a12c81fb6611749e55a8 
Number of updated asset objects reloaded before import = 0
Number of asset objects unloaded after import = 0
========================================================================
Received Import Request.
  Time of request: 2026-08-04T17:31:19.5895989Z
  Time since last request: 0.0151283 seconds.
  importAddress: GUID: c55f8ee59e712524682edba7c818eb6b - Path: Packages/com.unity.2d.tilemap/Editor/GridBrushEditor.cs - Importer: ScriptedImporter/UnityEditor.QuickSearchModule:UnityEditor.Search:ASIAI0B
Importing 'GUID: c55f8ee59e712524682edba7c818eb6b - Path: Packages/com.unity.2d.tilemap/Editor/GridBrushEditor.cs - Importer: ScriptedImporter/UnityEditor.QuickSearchModule:UnityEditor.Search:ASIAI0B' with importer (ScriptedImporter : UnityEditor.QuickSearchModule:UnityEditor.Search:ASIAI0B)
Imported 'GUID: c55f8ee59e712524682edba7c818eb6b' -> (Import Result ID: 'd3401e8242d6871f61077cf9303dab04') in 0.002 seconds [static and dynamic dependencies]. Details - ImportResultOutputID=32313471c075c0569b49ce2c3b309fe6 DependenciesID=4fe2f958b4efdc5589ca33934144e521 StaticDependenciesID=e7e3ec10cc6e28e7f3d530c758581453 
Number of updated asset objects reloaded before import = 0
Number of asset objects unloaded after import = 0
========================================================================
Received Import Request.
  Time of request: 2026-08-04T17:31:19.5987328Z
  Time since last request: 0.0002808 seconds.
  importAddress: GUID: 8e2a754470eca3549bf5b80afcf34aa7 - Path: Packages/com.unity.2d.tilemap/README.md - Importer: ScriptedImporter/UnityEditor.QuickSearchModule:UnityEditor.Search:ASIAI0B
Importing 'GUID: 8e2a754470eca3549bf5b80afcf34aa7 - Path: Packages/com.unity.2d.tilemap/README.md - Importer: ScriptedImporter/UnityEditor.QuickSearchModule:UnityEditor.Search:ASIAI0B' with importer (ScriptedImporter : UnityEditor.QuickSearchModule:UnityEditor.Search:ASIAI0B)
Imported 'GUID: 8e2a754470eca3549bf5b80afcf34aa7' -> (Import Result ID: '9cb1858f69776f6a55969fb516b370a8') in 0.003 seconds [static and dynamic dependencies]. Details - ImportResultOutputID=21e514bf47ef5f9d0c3833141e75d068 DependenciesID=0e30faeadd9f27774236670b33cdc44f StaticDependenciesID=f763d605e76216ab39d8ea3f54b44b5e 
Number of updated asset objects reloaded before import = 0
Number of asset objects unloaded after import = 1
========================================================================
Received Import Request.
  Time of request: 2026-08-04T17:31:19.6083936Z
  Time since last request: 0.000247 seconds.
  importAddress: GUID: 7f77f51970704961b70275d21c760418 - Path: Packages/com.unity.2d.tilemap/Editor/TilePaletteWhiteboxSamplesUtility.cs - Importer: ScriptedImporter/UnityEditor.QuickSearchModule:UnityEditor.Search:ASIAI0B
Importing 'GUID: 7f77f51970704961b70275d21c760418 - Path: Packages/com.unity.2d.tilemap/Editor/TilePaletteWhiteboxSamplesUtility.cs - Importer: ScriptedImporter/UnityEditor.QuickSearchModule:UnityEditor.Search:ASIAI0B' with importer (ScriptedImporter : UnityEditor.QuickSearchModule:UnityEditor.Search:ASIAI0B)
Imported 'GUID: 7f77f51970704961b70275d21c760418' -> (Import Result ID: 'cd05f402a8cd4f99337b2e6624ff9f02') in 0.002 seconds [static and dynamic dependencies]. Details - ImportResultOutputID=2aaf925ca5a197158489a740af8a8ee9 DependenciesID=82c364163f3effd19ced18ff1e50e67d StaticDependenciesID=3254743cae7fb3219b3934bf821f0250 
Number of updated asset objects reloaded before import = 0
Number of asset objects unloaded after import = 0
========================================================================
Received Import Request.
  Time of request: 2026-08-04T17:31:19.6179983Z
  Time since last request: 0.0002609 seconds.
  importAddress: GUID: 241898342fd2d2d478d8d74aff380666 - Path: Packages/com.unity.2d.tilemap/Editor/CreateTileFromPaletteAttribute.cs - Importer: ScriptedImporter/UnityEditor.QuickSearchModule:UnityEditor.Search:ASIAI0B
Importing 'GUID: 241898342fd2d2d478d8d74aff380666 - Path: Packages/com.unity.2d.tilemap/Editor/CreateTileFromPaletteAttribute.cs - Importer: ScriptedImporter/UnityEditor.QuickSearchModule:UnityEditor.Search:ASIAI0B' with importer (ScriptedImporter : UnityEditor.QuickSearchModule:UnityEditor.Search:ASIAI0B)
Imported 'GUID: 241898342fd2d2d478d8d74aff380666' -> (Import Result ID: '70c5017bfa3257fa7e1e3879ac1a3e17') in 0.003 seconds [static and dynamic dependencies]. Details - ImportResultOutputID=9c0e0cd5939f39f12e9471fab3f6e78a DependenciesID=509175d2dd0a079c6368d5da49113fb3 StaticDependenciesID=8d7b6ab7834b4ee558da518c4629d625 
Number of updated asset objects reloaded before import = 0
Number of asset objects unloaded after import = 0
========================================================================
Received Import Request.
  Time of request: 2026-08-04T17:31:19.6301514Z
  Time since last request: 0.0002756 seconds.
  importAddress: GUID: 4009bdfbd908ccf41a101be04ed6567d - Path: Packages/com.unity.2d.tilemap/Editor/GridBrush.cs - Importer: ScriptedImporter/UnityEditor.QuickSearchModule:UnityEditor.Search:ASIAI0B
Importing 'GUID: 4009bdfbd908ccf41a101be04ed6567d - Path: Packages/com.unity.2d.tilemap/Editor/GridBrush.cs - Importer: ScriptedImporter/UnityEditor.QuickSearchModule:UnityEditor.Search:ASIAI0B' with importer (ScriptedImporter : UnityEditor.QuickSearchModule:UnityEditor.Search:ASIAI0B)
Imported 'GUID: 4009bdfbd908ccf41a101be04ed6567d' -> (Import Result ID: '0ea0c55a75bc108dc17543d051f098d9') in 0.003 seconds [static and dynamic dependencies]. Details - ImportResultOutputID=a314855b1d8fa31da9b8b09cb8e5adfa DependenciesID=ab8739c6c89f43546771db7c948896d1 StaticDependenciesID=fda444e3751c67d95c38e9ceed0efdc9 
Number of updated asset objects reloaded before import = 0
Number of asset objects unloaded after import = 0
========================================================================
Received Import Request.
  Time of request: 2026-08-04T17:31:19.6401115Z
  Time since last request: 0.0003929 seconds.
  importAddress: GUID: 0edd9d84d73c14b4fa94b44acc4c53d1 - Path: Packages/com.unity.2d.tilemap/Editor/SceneViewOpenTilePaletteHelper.cs - Importer: ScriptedImporter/UnityEditor.QuickSearchModule:UnityEditor.Search:ASIAI0B
Importing 'GUID: 0edd9d84d73c14b4fa94b44acc4c53d1 - Path: Packages/com.unity.2d.tilemap/Editor/SceneViewOpenTilePaletteHelper.cs - Importer: ScriptedImporter/UnityEditor.QuickSearchModule:UnityEditor.Search:ASIAI0B' with importer (ScriptedImporter : UnityEditor.QuickSearchModule:UnityEditor.Search:ASIAI0B)
Imported 'GUID: 0edd9d84d73c14b4fa94b44acc4c53d1' -> (Import Result ID: '92c67f5cb4b220cf969d5044f4177fe5') in 0.004 seconds [static and dynamic dependencies]. Details - ImportResultOutputID=651e5f8b818d3ea3b356022483ac2002 DependenciesID=42252b7ef3e226f79203de1f759c6a00 StaticDependenciesID=ea4559d36f93cc780196ee92d16c4a3c 
Number of updated asset objects reloaded before import = 0
Number of asset objects unloaded after import = 0
========================================================================
Received Import Request.
  Time of request: 2026-08-04T17:31:19.6517095Z
  Time since last request: 0.0002451 seconds.
  importAddress: GUID: 1098fc68a178ced428eb7fe625f54179 - Path: Packages/com.unity.2d.tilemap/Editor/EditorTools/TilemapEditorTool.cs - Importer: ScriptedImporter/UnityEditor.QuickSearchModule:UnityEditor.Search:ASIAI0B
Importing 'GUID: 1098fc68a178ced428eb7fe625f54179 - Path: Packages/com.unity.2d.tilemap/Editor/EditorTools/TilemapEditorTool.cs - Importer: ScriptedImporter/UnityEditor.QuickSearchModule:UnityEditor.Search:ASIAI0B' with importer (ScriptedImporter : UnityEditor.QuickSearchModule:UnityEditor.Search:ASIAI0B)
Imported 'GUID: 1098fc68a178ced428eb7fe625f54179' -> (Import Result ID: '8cc4df054745c988704c7b18dbc2cdbb') in 0.002 seconds [static and dynamic dependencies]. Details - ImportResultOutputID=3384276843572dd68ed335b03b399fc4 DependenciesID=6b84ab54f0c95210348e1643b77baa58 StaticDependenciesID=fec16b2e57b0592901ffae85728187fd 
Number of updated asset objects reloaded before import = 0
Number of asset objects unloaded after import = 0
========================================================================
Received Import Request.
  Time of request: 2026-08-04T17:31:19.6617185Z
  Time since last request: 0.000334 seconds.
  importAddress: GUID: 007e8b9701e00aa4b934ca58ee397b03 - Path: Packages/com.unity.2d.tilemap/Editor/GridSelectionEditor.cs - Importer: ScriptedImporter/UnityEditor.QuickSearchModule:UnityEditor.Search:ASIAI0B
Importing 'GUID: 007e8b9701e00aa4b934ca58ee397b03 - Path: Packages/com.unity.2d.tilemap/Editor/GridSelectionEditor.cs - Importer: ScriptedImporter/UnityEditor.QuickSearchModule:UnityEditor.Search:ASIAI0B' with importer (ScriptedImporter : UnityEditor.QuickSearchModule:UnityEditor.Search:ASIAI0B)
Imported 'GUID: 007e8b9701e00aa4b934ca58ee397b03' -> (Import Result ID: '7604c4c53e511c7a16a22f32d30dddf1') in 0.002 seconds [static and dynamic dependencies]. Details - ImportResultOutputID=4810c6031ca44a64906fd79f969db794 DependenciesID=6236cd6ec147588cc0c5953de16efad8 StaticDependenciesID=927ab3e6198be4a40b3724308e97ae3d 
Number of updated asset objects reloaded before import = 0
Number of asset objects unloaded after import = 0
========================================================================
Received Import Request.
  Time of request: 2026-08-04T17:31:19.6711136Z
  Time since last request: 0.0001964 seconds.
  importAddress: GUID: 4d9abe6587844ad5a26d63cc0b42a191 - Path: Packages/com.unity.2d.tilemap/Editor/GridPaintCreateTargetsDropdown.cs - Importer: ScriptedImporter/UnityEditor.QuickSearchModule:UnityEditor.Search:ASIAI0B
Importing 'GUID: 4d9abe6587844ad5a26d63cc0b42a191 - Path: Packages/com.unity.2d.tilemap/Editor/GridPaintCreateTargetsDropdown.cs - Importer: ScriptedImporter/UnityEditor.QuickSearchModule:UnityEditor.Search:ASIAI0B' with importer (ScriptedImporter : UnityEditor.QuickSearchModule:UnityEditor.Search:ASIAI0B)
Imported 'GUID: 4d9abe6587844ad5a26d63cc0b42a191' -> (Import Result ID: '1fcfe1585d745dc72bd0edd605abf2c0') in 0.002 seconds [static and dynamic dependencies]. Details - ImportResultOutputID=18026f081122160facb077a184cef2c3 DependenciesID=547d6f86668205d574a402d0279587a0 StaticDependenciesID=1f37d64c68c9fdb86abb439099d2f691 
Number of updated asset objects reloaded before import = 0
Number of asset objects unloaded after import = 0
========================================================================
Received Import Request.
  Time of request: 2026-08-04T17:31:19.6807078Z
  Time since last request: 0.000296 seconds.
  importAddress: GUID: 08b339ace3191aa409290fbb8bfe30b9 - Path: Packages/com.unity.2d.tilemap/Editor/EditorTools/SelectTool.cs - Importer: ScriptedImporter/UnityEditor.QuickSearchModule:UnityEditor.Search:ASIAI0B
Importing 'GUID: 08b339ace3191aa409290fbb8bfe30b9 - Path: Packages/com.unity.2d.tilemap/Editor/EditorTools/SelectTool.cs - Importer: ScriptedImporter/UnityEditor.QuickSearchModule:UnityEditor.Search:ASIAI0B' with importer (ScriptedImporter : UnityEditor.QuickSearchModule:UnityEditor.Search:ASIAI0B)
Imported 'GUID: 08b339ace3191aa409290fbb8bfe30b9' -> (Import Result ID: '9963c9ed523b8027df24d9cc8c3b46b4') in 0.002 seconds [static and dynamic dependencies]. Details - ImportResultOutputID=c9c76a87e0eb892688e98b1c868dc0f2 DependenciesID=74014c85721e631dc38c84532c9c44ab StaticDependenciesID=ee8523726372a842d8dd21b06b077565 
Number of updated asset objects reloaded before import = 0
Number of asset objects unloaded after import = 0
========================================================================
Received Import Request.
  Time of request: 2026-08-04T17:31:19.6907532Z
  Time since last request: 0.0003512 seconds.
  importAddress: GUID: efae8c209fe26f541b3d560f2034287d - Path: Packages/com.unity.2d.tilemap/Editor/Icons/d_EditorUI.Target@2x.png - Importer: ScriptedImporter/UnityEditor.QuickSearchModule:UnityEditor.Search:ASIAI0B
Importing 'GUID: efae8c209fe26f541b3d560f2034287d - Path: Packages/com.unity.2d.tilemap/Editor/Icons/d_EditorUI.Target@2x.png - Importer: ScriptedImporter/UnityEditor.QuickSearchModule:UnityEditor.Search:ASIAI0B' with importer (ScriptedImporter : UnityEditor.QuickSearchModule:UnityEditor.Search:ASIAI0B)
Imported 'GUID: efae8c209fe26f541b3d560f2034287d' -> (Import Result ID: '1da03270d20230b9901d39b13e1a7cbd') in 0.037 seconds [static and dynamic dependencies]. Details - ImportResultOutputID=b1fdc18e5dbc7d2335b1da8fe5c6737d DependenciesID=40104ee92236a2e66ed56e5527cd4256 StaticDependenciesID=ef56a3fe71005889f4ad3d832d14ef3e 
Number of updated asset objects reloaded before import = 0
Number of asset objects unloaded after import = 3
========================================================================
Received Import Request.
  Time of request: 2026-08-04T17:31:19.7359888Z
  Time since last request: 0.0001563 seconds.
  importAddress: GUID: b6fc4f71b00f42947b2ff5102dd5609e - Path: Packages/com.unity.2d.tilemap/Editor/GridPalettesDropdown.cs - Importer: ScriptedImporter/UnityEditor.QuickSearchModule:UnityEditor.Search:ASIAI0B
Importing 'GUID: b6fc4f71b00f42947b2ff5102dd5609e - Path: Packages/com.unity.2d.tilemap/Editor/GridPalettesDropdown.cs - Importer: ScriptedImporter/UnityEditor.QuickSearchModule:UnityEditor.Search:ASIAI0B' with importer (ScriptedImporter : UnityEditor.QuickSearchModule:UnityEditor.Search:ASIAI0B)
Imported 'GUID: b6fc4f71b00f42947b2ff5102dd5609e' -> (Import Result ID: '01c2cde8711cfa1d4fd961a9c0715cb7') in 0.002 seconds [static and dynamic dependencies]. Details - ImportResultOutputID=1996ac50d3125d62281dcd6ff92fc8ac DependenciesID=69df65499617a5f677a30882afdb133a StaticDependenciesID=06199d64ec4d1be32d2cf3271b0e6123 
Number of updated asset objects reloaded before import = 0
Number of asset objects unloaded after import = 0
========================================================================
Received Import Request.
  Time of request: 2026-08-04T17:31:19.7542779Z
  Time since last request: 0.0079899 seconds.
  importAddress: GUID: cf94b5ae9bca88f4a97ce96847235ba3 - Path: Packages/com.unity.2d.tilemap/Editor/Icons/EditorUI.Target.png - Importer: ScriptedImporter/UnityEditor.QuickSearchModule:UnityEditor.Search:ASIAI0B
Importing 'GUID: cf94b5ae9bca88f4a97ce96847235ba3 - Path: Packages/com.unity.2d.tilemap/Editor/Icons/EditorUI.Target.png - Importer: ScriptedImporter/UnityEditor.QuickSearchModule:UnityEditor.Search:ASIAI0B' with importer (ScriptedImporter : UnityEditor.QuickSearchModule:UnityEditor.Search:ASIAI0B)
Imported 'GUID: cf94b5ae9bca88f4a97ce96847235ba3' -> (Import Result ID: 'f98b3aae127ebccf42f10037728fb5c2') in 0.004 seconds [static and dynamic dependencies]. Details - ImportResultOutputID=1ce8e0d86bd9e855f65680b6f8dbf523 DependenciesID=fd41bed4468fab9d5c9bb897b19ac7ca StaticDependenciesID=a4725ee4ec57424e84bed00fb98613d7 
Number of updated asset objects reloaded before import = 0
Number of asset objects unloaded after import = 3
========================================================================
Received Import Request.
  Time of request: 2026-08-04T17:31:19.7654992Z
  Time since last request: 0.0002169 seconds.
  importAddress: GUID: 03d93c388f90a6248983677a29c72b38 - Path: Packages/com.unity.2d.tilemap/Editor/Icons/d_Tilemap.BrushSettings@2x.png - Importer: ScriptedImporter/UnityEditor.QuickSearchModule:UnityEditor.Search:ASIAI0B
Importing 'GUID: 03d93c388f90a6248983677a29c72b38 - Path: Packages/com.unity.2d.tilemap/Editor/Icons/d_Tilemap.BrushSettings@2x.png - Importer: ScriptedImporter/UnityEditor.QuickSearchModule:UnityEditor.Search:ASIAI0B' with importer (ScriptedImporter : UnityEditor.QuickSearchModule:UnityEditor.Search:ASIAI0B)
Imported 'GUID: 03d93c388f90a6248983677a29c72b38' -> (Import Result ID: 'df256d155ce16666531be163b2358493') in 0.005 seconds [static and dynamic dependencies]. Details - ImportResultOutputID=ec4a32d4d7b43dcea9166803ebb40ba8 DependenciesID=ff4f33ed8eb69ce9adeff8e8b07e206d StaticDependenciesID=0adc235303897dbd5a732c81afe0444d 
Number of updated asset objects reloaded before import = 0
Number of asset objects unloaded after import = 3
========================================================================
Received Import Request.
  Time of request: 2026-08-04T17:31:19.7777573Z
  Time since last request: 0.0003713 seconds.
  importAddress: GUID: 4576408ff459c3a48a69ad3c7d941581 - Path: Packages/com.unity.2d.tilemap/Editor/Icons/d_Tilemap.ShowGrid@2x.png - Importer: ScriptedImporter/UnityEditor.QuickSearchModule:UnityEditor.Search:ASIAI0B
Importing 'GUID: 4576408ff459c3a48a69ad3c7d941581 - Path: Packages/com.unity.2d.tilemap/Editor/Icons/d_Tilemap.ShowGrid@2x.png - Importer: ScriptedImporter/UnityEditor.QuickSearchModule:UnityEditor.Search:ASIAI0B' with importer (ScriptedImporter : UnityEditor.QuickSearchModule:UnityEditor.Search:ASIAI0B)
Imported 'GUID: 4576408ff459c3a48a69ad3c7d941581' -> (Import Result ID: '148d41e9ae46bbd2bee98a465ab0e1aa') in 0.004 seconds [static and dynamic dependencies]. Details - ImportResultOutputID=070d1f7f4df83db8fea68bbd7c5f32bf DependenciesID=e38615316e907c2f739882c9b2da60a4 StaticDependenciesID=d25ca8d30f932d442d7138f9a0a8364d 
Number of updated asset objects reloaded before import = 0
Number of asset objects unloaded after import = 3
========================================================================
Received Import Request.
  Time of request: 2026-08-04T17:31:19.7893948Z
  Time since last request: 0.0002074 seconds.
  importAddress: GUID: d9f2d0aff557fba4cb316f849b0ccdd1 - Path: Packages/com.unity.2d.tilemap/Editor/Icons/d_Tilemap.BrushSettings@4x.png - Importer: ScriptedImporter/UnityEditor.QuickSearchModule:UnityEditor.Search:ASIAI0B
Importing 'GUID: d9f2d0aff557fba4cb316f849b0ccdd1 - Path: Packages/com.unity.2d.tilemap/Editor/Icons/d_Tilemap.BrushSettings@4x.png - Importer: ScriptedImporter/UnityEditor.QuickSearchModule:UnityEditor.Search:ASIAI0B' with importer (ScriptedImporter : UnityEditor.QuickSearchModule:UnityEditor.Search:ASIAI0B)
Imported 'GUID: d9f2d0aff557fba4cb316f849b0ccdd1' -> (Import Result ID: '09ce64257bfbd83a8b61b239d2de5473') in 0.005 seconds [static and dynamic dependencies]. Details - ImportResultOutputID=1c7c239cca799e976837c39c30bd4c12 DependenciesID=a520cddeb1a8e6c220dd8fd51b51f822 StaticDependenciesID=355f20c247bc8460db654fcba7d6589e 
Number of updated asset objects reloaded before import = 0
Number of asset objects unloaded after import = 3
========================================================================
Received Import Request.
  Time of request: 2026-08-04T17:31:19.8024168Z
  Time since last request: 0.0002494 seconds.
  importAddress: GUID: 53da314bfe3845741ad14976e09ee6cf - Path: Packages/com.unity.2d.tilemap/Editor/Icons/d_Grid.RotateACW.png - Importer: ScriptedImporter/UnityEditor.QuickSearchModule:UnityEditor.Search:ASIAI0B
Importing 'GUID: 53da314bfe3845741ad14976e09ee6cf - Path: Packages/com.unity.2d.tilemap/Editor/Icons/d_Grid.RotateACW.png - Importer: ScriptedImporter/UnityEditor.QuickSearchModule:UnityEditor.Search:ASIAI0B' with importer (ScriptedImporter : UnityEditor.QuickSearchModule:UnityEditor.Search:ASIAI0B)
Imported 'GUID: 53da314bfe3845741ad14976e09ee6cf' -> (Import Result ID: '0343657292225dcf6a6c48843bd364ca') in 0.005 seconds [static and dynamic dependencies]. Details - ImportResultOutputID=6c0dfe80463566ee3f274fef66af20da DependenciesID=a97cf6c13e55e21c6f9fc677d5464ab3 StaticDependenciesID=0d13aede46785edaa4b8d635395146b6 
Number of updated asset objects reloaded before import = 0
Number of asset objects unloaded after import = 3
========================================================================
Received Import Request.
  Time of request: 2026-08-04T17:31:19.8163499Z
  Time since last request: 0.0002714 seconds.
  importAddress: GUID: c06100d8ae6a60d44ab25f318a154ce3 - Path: Packages/com.unity.2d.tilemap/Editor/Icons/d_Tilemap.DefaultBrush@2x.png - Importer: ScriptedImporter/UnityEditor.QuickSearchModule:UnityEditor.Search:ASIAI0B
Importing 'GUID: c06100d8ae6a60d44ab25f318a154ce3 - Path: Packages/com.unity.2d.tilemap/Editor/Icons/d_Tilemap.DefaultBrush@2x.png - Importer: ScriptedImporter/UnityEditor.QuickSearchModule:UnityEditor.Search:ASIAI0B' with importer (ScriptedImporter : UnityEditor.QuickSearchModule:UnityEditor.Search:ASIAI0B)
Imported 'GUID: c06100d8ae6a60d44ab25f318a154ce3' -> (Import Result ID: 'e8a2acfa9eeafea9e7e760f4d09d0acc') in 0.004 seconds [static and dynamic dependencies]. Details - ImportResultOutputID=b25707ab0f85997cfcd2f4167a8d353f DependenciesID=8178e193a3013222b3ae4b0d249236a1 StaticDependenciesID=ae7a4e47b8e4047fb3fd628f073a276e 
Number of updated asset objects reloaded before import = 0
Number of asset objects unloaded after import = 3
========================================================================
Received Import Request.
  Time of request: 2026-08-04T17:31:19.8290137Z
  Time since last request: 0.0003403 seconds.
  importAddress: GUID: 9c4b584fdcc16e84391e2a1f5235a9d3 - Path: Packages/com.unity.2d.tilemap/Editor/Icons/d_Tilemap.EditPalette@4x.png - Importer: ScriptedImporter/UnityEditor.QuickSearchModule:UnityEditor.Search:ASIAI0B
Importing 'GUID: 9c4b584fdcc16e84391e2a1f5235a9d3 - Path: Packages/com.unity.2d.tilemap/Editor/Icons/d_Tilemap.EditPalette@4x.png - Importer: ScriptedImporter/UnityEditor.QuickSearchModule:UnityEditor.Search:ASIAI0B' with importer (ScriptedImporter : UnityEditor.QuickSearchModule:UnityEditor.Search:ASIAI0B)
Imported 'GUID: 9c4b584fdcc16e84391e2a1f5235a9d3' -> (Import Result ID: '112a4f5a51e8e8cca574387df8d740f2') in 0.005 seconds [static and dynamic dependencies]. Details - ImportResultOutputID=7bd3b41553646707096bf435aac53391 DependenciesID=3ee263e68da039b887fb40354f6529dc StaticDependenciesID=dde1f82eb6673443c607644c7d4ec7af 
Number of updated asset objects reloaded before import = 0
Number of asset objects unloaded after import = 3
========================================================================
Received Import Request.
  Time of request: 2026-08-04T17:31:19.8416663Z
  Time since last request: 0.0002319 seconds.
  importAddress: GUID: 99c3717808acc0f43b394ab3e10da8bb - Path: Packages/com.unity.2d.tilemap/Editor/Icons/d_Tilemap.ActiveTargetLayers.png - Importer: ScriptedImporter/UnityEditor.QuickSearchModule:UnityEditor.Search:ASIAI0B
Importing 'GUID: 99c3717808acc0f43b394ab3e10da8bb - Path: Packages/com.unity.2d.tilemap/Editor/Icons/d_Tilemap.ActiveTargetLayers.png - Importer: ScriptedImporter/UnityEditor.QuickSearchModule:UnityEditor.Search:ASIAI0B' with importer (ScriptedImporter : UnityEditor.QuickSearchModule:UnityEditor.Search:ASIAI0B)
Imported 'GUID: 99c3717808acc0f43b394ab3e10da8bb' -> (Import Result ID: '2cd19c560c95174e943da69b4360d20c') in 0.004 seconds [static and dynamic dependencies]. Details - ImportResultOutputID=4885f48c8fc9193c080ab4cee1507124 DependenciesID=ec32fa5b334f6e4a7cc7d0f7ade6da0d StaticDependenciesID=08db5d2e3840f115b00b29c502d0f0eb 
Number of updated asset objects reloaded before import = 0
Number of asset objects unloaded after import = 3
========================================================================
Received Import Request.
  Time of request: 2026-08-04T17:31:19.8541985Z
  Time since last request: 0.0001949 seconds.
  importAddress: GUID: e41a6ab3ac7354642a9006c03183e95e - Path: Packages/com.unity.2d.tilemap/Editor/Icons/d_Grid.RotateCW@2x.png - Importer: ScriptedImporter/UnityEditor.QuickSearchModule:UnityEditor.Search:ASIAI0B
Importing 'GUID: e41a6ab3ac7354642a9006c03183e95e - Path: Packages/com.unity.2d.tilemap/Editor/Icons/d_Grid.RotateCW@2x.png - Importer: ScriptedImporter/UnityEditor.QuickSearchModule:UnityEditor.Search:ASIAI0B' with importer (ScriptedImporter : UnityEditor.QuickSearchModule:UnityEditor.Search:ASIAI0B)
Imported 'GUID: e41a6ab3ac7354642a9006c03183e95e' -> (Import Result ID: '1bf376250761edeb06aa82bd622bcbb5') in 0.006 seconds [static and dynamic dependencies]. Details - ImportResultOutputID=9db66726c37a5f0807377f28ca4eb2d6 DependenciesID=83337d7a933821df9587a765139e3e57 StaticDependenciesID=a1499ac4c9d12aab3a4322ebc4db52e8 
Number of updated asset objects reloaded before import = 0
Number of asset objects unloaded after import = 3
========================================================================
Received Import Request.
  Time of request: 2026-08-04T17:31:19.8681278Z
  Time since last request: 0.000296 seconds.
  importAddress: GUID: 77be2b195bdd3a849b554d6dd09badb0 - Path: Packages/com.unity.2d.tilemap/Editor/Icons/d_Tilemap.DefaultBrush@4x.png - Importer: ScriptedImporter/UnityEditor.QuickSearchModule:UnityEditor.Search:ASIAI0B
Importing 'GUID: 77be2b195bdd3a849b554d6dd09badb0 - Path: Packages/com.unity.2d.tilemap/Editor/Icons/d_Tilemap.DefaultBrush@4x.png - Importer: ScriptedImporter/UnityEditor.QuickSearchModule:UnityEditor.Search:ASIAI0B' with importer (ScriptedImporter : UnityEditor.QuickSearchModule:UnityEditor.Search:ASIAI0B)
Imported 'GUID: 77be2b195bdd3a849b554d6dd09badb0' -> (Import Result ID: '2161cf3f4eb89a0b2a0c26f628c6e9cf') in 0.005 seconds [static and dynamic dependencies]. Details - ImportResultOutputID=aac6158d56efb858b119eb1b97fe7df1 DependenciesID=f016c15caa8a1483ab4e1e1f581fb04d StaticDependenciesID=65584c45aa05d8648c04ec1b0732ecab 
Number of updated asset objects reloaded before import = 0
Number of asset objects unloaded after import = 3
========================================================================
Received Import Request.
  Time of request: 2026-08-04T17:31:19.8808784Z
  Time since last request: 0.0002571 seconds.
  importAddress: GUID: 0219184e13f92e94896b4df6846db652 - Path: Packages/com.unity.2d.tilemap/Editor/Icons/d_Grid.FlipY.png - Importer: ScriptedImporter/UnityEditor.QuickSearchModule:UnityEditor.Search:ASIAI0B
Importing 'GUID: 0219184e13f92e94896b4df6846db652 - Path: Packages/com.unity.2d.tilemap/Editor/Icons/d_Grid.FlipY.png - Importer: ScriptedImporter/UnityEditor.QuickSearchModule:UnityEditor.Search:ASIAI0B' with importer (ScriptedImporter : UnityEditor.QuickSearchModule:UnityEditor.Search:ASIAI0B)
Imported 'GUID: 0219184e13f92e94896b4df6846db652' -> (Import Result ID: '04bfe980dc1351b96b67d0bdafd71eaa') in 0.005 seconds [static and dynamic dependencies]. Details - ImportResultOutputID=97b9d98ffd98c958213ad1071129af96 DependenciesID=85b455cdd898b5772afb1afe66b9cb8b StaticDependenciesID=10e9308f3b094b11c5607ef80c51522d 
Number of updated asset objects reloaded before import = 0
Number of asset objects unloaded after import = 3
========================================================================
Received Import Request.
  Time of request: 2026-08-04T17:31:19.8932396Z
  Time since last request: 0.0002131 seconds.
  importAddress: GUID: 5dfb96fd1c7a1bf4f9f606597de935cf - Path: Packages/com.unity.2d.tilemap/Editor/Icons/d_Tilemap.FocusNone.png - Importer: ScriptedImporter/UnityEditor.QuickSearchModule:UnityEditor.Search:ASIAI0B
Importing 'GUID: 5dfb96fd1c7a1bf4f9f606597de935cf - Path: Packages/com.unity.2d.tilemap/Editor/Icons/d_Tilemap.FocusNone.png - Importer: ScriptedImporter/UnityEditor.QuickSearchModule:UnityEditor.Search:ASIAI0B' with importer (ScriptedImporter : UnityEditor.QuickSearchModule:UnityEditor.Search:ASIAI0B)
Imported 'GUID: 5dfb96fd1c7a1bf4f9f606597de935cf' -> (Import Result ID: '861387a75a134728144559590d7a610b') in 0.004 seconds [static and dynamic dependencies]. Details - ImportResultOutputID=a080a67e1a525b1e29ef3b8779ae1e5e DependenciesID=26f2984e5cd3b12f6307ea3815c87591 StaticDependenciesID=fab10de3f845ca85e9e72eeffc644302 
Number of updated asset objects reloaded before import = 0
Number of asset objects unloaded after import = 3
========================================================================
Received Import Request.
  Time of request: 2026-08-04T17:31:19.905089Z
  Time since last request: 0.0001849 seconds.
  importAddress: GUID: 943f98e6f10ab4d4883cdc5198a68118 - Path: Packages/com.unity.2d.tilemap/Editor/Icons/EditorUI.Filter@2x.png - Importer: ScriptedImporter/UnityEditor.QuickSearchModule:UnityEditor.Search:ASIAI0B
Importing 'GUID: 943f98e6f10ab4d4883cdc5198a68118 - Path: Packages/com.unity.2d.tilemap/Editor/Icons/EditorUI.Filter@2x.png - Importer: ScriptedImporter/UnityEditor.QuickSearchModule:UnityEditor.Search:ASIAI0B' with importer (ScriptedImporter : UnityEditor.QuickSearchModule:UnityEditor.Search:ASIAI0B)
Imported 'GUID: 943f98e6f10ab4d4883cdc5198a68118' -> (Import Result ID: 'a8af38ecaafbeaba2927b362711e4db8') in 0.006 seconds [static and dynamic dependencies]. Details - ImportResultOutputID=2c0dea19445c3f21b4225d284760e5eb DependenciesID=af5482036a47119ddd5f70bbb9d74660 StaticDependenciesID=698718556181a52964991b37ef7a8b5f 
Number of updated asset objects reloaded before import = 0
Number of asset objects unloaded after import = 3
========================================================================
Received Import Request.
  Time of request: 2026-08-04T17:31:19.9385515Z
  Time since last request: 0.0191275 seconds.
  importAddress: GUID: bc1106d4aa7a8f749b058b7c6a20ff36 - Path: Packages/com.unity.2d.tilemap/Editor/UI/GridPaintingToolbar.cs - Importer: ScriptedImporter/UnityEditor.QuickSearchModule:UnityEditor.Search:ASIAI0B
Importing 'GUID: bc1106d4aa7a8f749b058b7c6a20ff36 - Path: Packages/com.unity.2d.tilemap/Editor/UI/GridPaintingToolbar.cs - Importer: ScriptedImporter/UnityEditor.QuickSearchModule:UnityEditor.Search:ASIAI0B' with importer (ScriptedImporter : UnityEditor.QuickSearchModule:UnityEditor.Search:ASIAI0B)
Imported 'GUID: bc1106d4aa7a8f749b058b7c6a20ff36' -> (Import Result ID: '74478a7114177ce3e938186cdf1dcb1e') in 0.002 seconds [static and dynamic dependencies]. Details - ImportResultOutputID=44edb8d619e03d23cbbb81ff9d36a389 DependenciesID=20e3ee39483895d10466414102071ee5 StaticDependenciesID=5baf04ca02d2f022e36d4a16faee78f3 
Number of updated asset objects reloaded before import = 0
Number of asset objects unloaded after import = 0
========================================================================
Received Import Request.
  Time of request: 2026-08-04T17:31:19.9480119Z
  Time since last request: 0.0004546 seconds.
  importAddress: GUID: 0838dba95105e7148a96012c2778a2d5 - Path: Packages/com.unity.2d.tilemap/Editor/Icons/Tilemap.FocusGrid.png - Importer: ScriptedImporter/UnityEditor.QuickSearchModule:UnityEditor.Search:ASIAI0B
Importing 'GUID: 0838dba95105e7148a96012c2778a2d5 - Path: Packages/com.unity.2d.tilemap/Editor/Icons/Tilemap.FocusGrid.png - Importer: ScriptedImporter/UnityEditor.QuickSearchModule:UnityEditor.Search:ASIAI0B' with importer (ScriptedImporter : UnityEditor.QuickSearchModule:UnityEditor.Search:ASIAI0B)
Imported 'GUID: 0838dba95105e7148a96012c2778a2d5' -> (Import Result ID: '7aed46e37ac98850183527a8f0e4e1a0') in 0.005 seconds [static and dynamic dependencies]. Details - ImportResultOutputID=367871346a5c89ec2005bff0be7a97c6 DependenciesID=6bc7e05e94ce4dcf4b297408831bc7e3 StaticDependenciesID=661703c5dcfd852854a57d8df70cb012 
Number of updated asset objects reloaded before import = 0
Number of asset objects unloaded after import = 3
========================================================================
Received Import Request.
  Time of request: 2026-08-04T17:31:19.9604444Z
  Time since last request: 0.0002937 seconds.
  importAddress: GUID: e88839abd78a4233a27f8885c9c95714 - Path: Packages/com.unity.2d.tilemap/Editor/UI/TextUtility.cs - Importer: ScriptedImporter/UnityEditor.QuickSearchModule:UnityEditor.Search:ASIAI0B
Importing 'GUID: e88839abd78a4233a27f8885c9c95714 - Path: Packages/com.unity.2d.tilemap/Editor/UI/TextUtility.cs - Importer: ScriptedImporter/UnityEditor.QuickSearchModule:UnityEditor.Search:ASIAI0B' with importer (ScriptedImporter : UnityEditor.QuickSearchModule:UnityEditor.Search:ASIAI0B)
Imported 'GUID: e88839abd78a4233a27f8885c9c95714' -> (Import Result ID: '9a968deda39ed9d110d6bd5716e9074a') in 0.002 seconds [static and dynamic dependencies]. Details - ImportResultOutputID=4b33b32420ac9c41cf4371d790396f08 DependenciesID=4bd962bd2d28246fc9c758c4f122fb61 StaticDependenciesID=db81b98be5ef3f26862114ced1bdf0a8 
Number of updated asset objects reloaded before import = 0
Number of asset objects unloaded after import = 0
========================================================================
Received Import Request.
  Time of request: 2026-08-04T17:31:19.970948Z
  Time since last request: 0.0002858 seconds.
  importAddress: GUID: d5e72ab52355f594fb3b3ba0deba9b4a - Path: Packages/com.unity.2d.tilemap/Editor/Icons/Tilemap.BrushPicks.png - Importer: ScriptedImporter/UnityEditor.QuickSearchModule:UnityEditor.Search:ASIAI0B
Importing 'GUID: d5e72ab52355f594fb3b3ba0deba9b4a - Path: Packages/com.unity.2d.tilemap/Editor/Icons/Tilemap.BrushPicks.png - Importer: ScriptedImporter/UnityEditor.QuickSearchModule:UnityEditor.Search:ASIAI0B' with importer (ScriptedImporter : UnityEditor.QuickSearchModule:UnityEditor.Search:ASIAI0B)
Imported 'GUID: d5e72ab52355f594fb3b3ba0deba9b4a' -> (Import Result ID: '744bbe813740bc30f1bdce48d8dfa727') in 0.006 seconds [static and dynamic dependencies]. Details - ImportResultOutputID=b7e02b5537e950f6f7cffb67b462e15a DependenciesID=7eac3b2daa34fb6369e7d68891000bcd StaticDependenciesID=63d4941a39dbe90078be990a41a39587 
Number of updated asset objects reloaded before import = 0
Number of asset objects unloaded after import = 3
========================================================================
Received Import Request.
  Time of request: 2026-08-04T17:31:19.9841624Z
  Time since last request: 0.0001952 seconds.
  importAddress: GUID: 1915f55bbb9484044b7829d1df0b4abf - Path: Packages/com.unity.2d.tilemap/Editor/Icons/Tilemap.GridPaint.png - Importer: ScriptedImporter/UnityEditor.QuickSearchModule:UnityEditor.Search:ASIAI0B
Importing 'GUID: 1915f55bbb9484044b7829d1df0b4abf - Path: Packages/com.unity.2d.tilemap/Editor/Icons/Tilemap.GridPaint.png - Importer: ScriptedImporter/UnityEditor.QuickSearchModule:UnityEditor.Search:ASIAI0B' with importer (ScriptedImporter : UnityEditor.QuickSearchModule:UnityEditor.Search:ASIAI0B)
Imported 'GUID: 1915f55bbb9484044b7829d1df0b4abf' -> (Import Result ID: 'a180311874889136149c84ebff69492f') in 0.005 seconds [static and dynamic dependencies]. Details - ImportResultOutputID=e393522433e74b55f2af1f1524fc9fc6 DependenciesID=b5c3d1039905179c7aeac75b13db8b37 StaticDependenciesID=228d9ed039adab9bb5df68dc70d1ba61 
Number of updated asset objects reloaded before import = 0
Number of asset objects unloaded after import = 3
========================================================================
Received Import Request.
  Time of request: 2026-08-04T17:31:19.9981883Z
  Time since last request: 0.0001881 seconds.
  importAddress: GUID: 9182e08d6d8be424a98050562de5b053 - Path: Packages/com.unity.2d.tilemap/Editor/Icons/Tilemap.DefaultBrush@2x.png - Importer: ScriptedImporter/UnityEditor.QuickSearchModule:UnityEditor.Search:ASIAI0B
Importing 'GUID: 9182e08d6d8be424a98050562de5b053 - Path: Packages/com.unity.2d.tilemap/Editor/Icons/Tilemap.DefaultBrush@2x.png - Importer: ScriptedImporter/UnityEditor.QuickSearchModule:UnityEditor.Search:ASIAI0B' with importer (ScriptedImporter : UnityEditor.QuickSearchModule:UnityEditor.Search:ASIAI0B)
Imported 'GUID: 9182e08d6d8be424a98050562de5b053' -> (Import Result ID: '90d562f17a7abf3a168b8623a8fbd890') in 0.008 seconds [static and dynamic dependencies]. Details - ImportResultOutputID=86ae96b348c62e3bb33a91351de97752 DependenciesID=e0601fbce4f1394266faa2b3adc1b19d StaticDependenciesID=7f337a2199cd8521bba1fe8aa4f5d164 
Number of updated asset objects reloaded before import = 0
Number of asset objects unloaded after import = 3
========================================================================
Received Import Request.
  Time of request: 2026-08-04T17:31:20.0148906Z
  Time since last request: 0.0002116 seconds.
  importAddress: GUID: a1bd3db90f5f7314e822ba2e38f901c6 - Path: Packages/com.unity.2d.tilemap/Editor/Icons/Tilemap.FocusGrid@4x.png - Importer: ScriptedImporter/UnityEditor.QuickSearchModule:UnityEditor.Search:ASIAI0B
Importing 'GUID: a1bd3db90f5f7314e822ba2e38f901c6 - Path: Packages/com.unity.2d.tilemap/Editor/Icons/Tilemap.FocusGrid@4x.png - Importer: ScriptedImporter/UnityEditor.QuickSearchModule:UnityEditor.Search:ASIAI0B' with importer (ScriptedImporter : UnityEditor.QuickSearchModule:UnityEditor.Search:ASIAI0B)
Imported 'GUID: a1bd3db90f5f7314e822ba2e38f901c6' -> (Import Result ID: '417ba4ac4d323923846612cb028789a6') in 0.005 seconds [static and dynamic dependencies]. Details - ImportResultOutputID=d7869c2df1211748fe2875e37d984221 DependenciesID=8f06d00fdaed9b1d70391daced710b74 StaticDependenciesID=6e4d4153896661d4eafe91cf2c8510c8 
Number of updated asset objects reloaded before import = 0
Number of asset objects unloaded after import = 3
========================================================================
Received Import Request.
  Time of request: 2026-08-04T17:31:20.0285094Z
  Time since last request: 0.0001548 seconds.
  importAddress: GUID: 645d52902e2241568a67dcecdcbb8934 - Path: Packages/com.unity.2d.tilemap/Editor/TileSet/TileSetUtility.cs - Importer: ScriptedImporter/UnityEditor.QuickSearchModule:UnityEditor.Search:ASIAI0B
Importing 'GUID: 645d52902e2241568a67dcecdcbb8934 - Path: Packages/com.unity.2d.tilemap/Editor/TileSet/TileSetUtility.cs - Importer: ScriptedImporter/UnityEditor.QuickSearchModule:UnityEditor.Search:ASIAI0B' with importer (ScriptedImporter : UnityEditor.QuickSearchModule:UnityEditor.Search:ASIAI0B)
Imported 'GUID: 645d52902e2241568a67dcecdcbb8934' -> (Import Result ID: 'b5493016c3bba5227d65937d109ed140') in 0.002 seconds [static and dynamic dependencies]. Details - ImportResultOutputID=6c68946a91febb3240e50675e8c9cd56 DependenciesID=a87f9204fa011ccca2022eca33067996 StaticDependenciesID=7cd3331eb7e7d73f19411283c068d998 
Number of updated asset objects reloaded before import = 0
Number of asset objects unloaded after import = 0
========================================================================
Received Import Request.
  Time of request: 2026-08-04T17:31:20.0379016Z
  Time since last request: 0.000204 seconds.
  importAddress: GUID: f708c0da8a2b5fc4381f7f8d4a322a0a - Path: Packages/com.unity.2d.tilemap/Editor/Icons/Tilemap.ActiveTargetLayers@2x.png - Importer: ScriptedImporter/UnityEditor.QuickSearchModule:UnityEditor.Search:ASIAI0B
Importing 'GUID: f708c0da8a2b5fc4381f7f8d4a322a0a - Path: Packages/com.unity.2d.tilemap/Editor/Icons/Tilemap.ActiveTargetLayers@2x.png - Importer: ScriptedImporter/UnityEditor.QuickSearchModule:UnityEditor.Search:ASIAI0B' with importer (ScriptedImporter : UnityEditor.QuickSearchModule:UnityEditor.Search:ASIAI0B)
Imported 'GUID: f708c0da8a2b5fc4381f7f8d4a322a0a' -> (Import Result ID: '9dec6c41ca727150923315270f4fe863') in 0.006 seconds [static and dynamic dependencies]. Details - ImportResultOutputID=96520985255bc886a0a84a8177cfe57e DependenciesID=8220c9f8b66356d840de85896177cca1 StaticDependenciesID=3c8018b5b9c333229c48e9bc60e7f529 
Number of updated asset objects reloaded before import = 0
Number of asset objects unloaded after import = 3
========================================================================
Received Import Request.
  Time of request: 2026-08-04T17:31:20.0531768Z
  Time since last request: 0.000174 seconds.
  importAddress: GUID: 401e910567b72dd4abf58be9f7e0518b - Path: Packages/com.unity.2d.tilemap/Editor/Icons/Tilemap.ShowTilePalette@4x.png - Importer: ScriptedImporter/UnityEditor.QuickSearchModule:UnityEditor.Search:ASIAI0B
Importing 'GUID: 401e910567b72dd4abf58be9f7e0518b - Path: Packages/com.unity.2d.tilemap/Editor/Icons/Tilemap.ShowTilePalette@4x.png - Importer: ScriptedImporter/UnityEditor.QuickSearchModule:UnityEditor.Search:ASIAI0B' with importer (ScriptedImporter : UnityEditor.QuickSearchModule:UnityEditor.Search:ASIAI0B)
Imported 'GUID: 401e910567b72dd4abf58be9f7e0518b' -> (Import Result ID: '48dfe9bd59fb02447793b7b5f21261cf') in 0.004 seconds [static and dynamic dependencies]. Details - ImportResultOutputID=1cd06c5e78f0533f5727d49583367f6d DependenciesID=8eb03634db3f6bd04eef0affd7e73dcb StaticDependenciesID=4aad2d655e2f81fae15b47cb4941f83a 
Number of updated asset objects reloaded before import = 0
Number of asset objects unloaded after import = 3
========================================================================
Received Import Request.
  Time of request: 2026-08-04T17:31:20.0659748Z
  Time since last request: 0.0004196 seconds.
  importAddress: GUID: abbc28ff73b72b1438f893d41ca52fb0 - Path: Packages/com.unity.2d.tilemap/Editor/Icons/Tilemap.ActiveTargetLayers.png - Importer: ScriptedImporter/UnityEditor.QuickSearchModule:UnityEditor.Search:ASIAI0B
Importing 'GUID: abbc28ff73b72b1438f893d41ca52fb0 - Path: Packages/com.unity.2d.tilemap/Editor/Icons/Tilemap.ActiveTargetLayers.png - Importer: ScriptedImporter/UnityEditor.QuickSearchModule:UnityEditor.Search:ASIAI0B' with importer (ScriptedImporter : UnityEditor.QuickSearchModule:UnityEditor.Search:ASIAI0B)
Imported 'GUID: abbc28ff73b72b1438f893d41ca52fb0' -> (Import Result ID: 'bab40adb3c2e29afba7374d93508e9b7') in 0.005 seconds [static and dynamic dependencies]. Details - ImportResultOutputID=56d87fe7c7a130b9727396cb204f5632 DependenciesID=073699846ec22ebc50e959d04cc72e0e StaticDependenciesID=f2889f9ee67686a21c02c8ad03026f49 
Number of updated asset objects reloaded before import = 0
Number of asset objects unloaded after import = 3
========================================================================
Received Import Request.
  Time of request: 2026-08-04T17:31:20.0805164Z
  Time since last request: 0.0004172 seconds.
  importAddress: GUID: 6b80cdd1d5ce20c4189553f129f4d175 - Path: Packages/com.unity.2d.tilemap/Editor/Icons/Tilemap.FocusTilemap@2x.png - Importer: ScriptedImporter/UnityEditor.QuickSearchModule:UnityEditor.Search:ASIAI0B
Importing 'GUID: 6b80cdd1d5ce20c4189553f129f4d175 - Path: Packages/com.unity.2d.tilemap/Editor/Icons/Tilemap.FocusTilemap@2x.png - Importer: ScriptedImporter/UnityEditor.QuickSearchModule:UnityEditor.Search:ASIAI0B' with importer (ScriptedImporter : UnityEditor.QuickSearchModule:UnityEditor.Search:ASIAI0B)
Imported 'GUID: 6b80cdd1d5ce20c4189553f129f4d175' -> (Import Result ID: '9f4ef1424680c5d85b22e0526c363e4f') in 0.004 seconds [static and dynamic dependencies]. Details - ImportResultOutputID=703de27329401423311870693ddd55ed DependenciesID=67b21acf719a59b7896b7ea5120b988c StaticDependenciesID=40dc16ef3ebfef509ec01aec28ae5f9e 
Number of updated asset objects reloaded before import = 0
Number of asset objects unloaded after import = 3
========================================================================
Received Import Request.
  Time of request: 2026-08-04T17:31:20.1032842Z
  Time since last request: 0.0114809 seconds.
  importAddress: GUID: 7a5950bc69d34eaa8b69e23a0219af0e - Path: Packages/com.unity.2d.tilemap/Editor/UI/External/RenameableLabel.uss - Importer: ScriptedImporter/UnityEditor.QuickSearchModule:UnityEditor.Search:ASIAI0B
Importing 'GUID: 7a5950bc69d34eaa8b69e23a0219af0e - Path: Packages/com.unity.2d.tilemap/Editor/UI/External/RenameableLabel.uss - Importer: ScriptedImporter/UnityEditor.QuickSearchModule:UnityEditor.Search:ASIAI0B' with importer (ScriptedImporter : UnityEditor.QuickSearchModule:UnityEditor.Search:ASIAI0B)
Imported 'GUID: 7a5950bc69d34eaa8b69e23a0219af0e' -> (Import Result ID: '979c454c36fc8c6030018197cd4782e6') in 0.013 seconds [static and dynamic dependencies]. Details - ImportResultOutputID=e2ea4649c460f2fc393c2a953f8244e9 DependenciesID=78196cb858ba1c1b33e6f77923d618bc StaticDependenciesID=a48bceae395a61cf3c8d5c7cd9658951 
Number of updated asset objects reloaded before import = 0
Number of asset objects unloaded after import = 1
========================================================================
Received Import Request.
  Time of request: 2026-08-04T17:31:20.1236024Z
  Time since last request: 0.0002147 seconds.
  importAddress: GUID: e7c9025e8b1fd7f4ba7de0f72eb6f773 - Path: Packages/com.unity.2d.tilemap/Editor/EditorTools/GridSelection/GridSelectionMoveTool.cs - Importer: ScriptedImporter/UnityEditor.QuickSearchModule:UnityEditor.Search:ASIAI0B
Importing 'GUID: e7c9025e8b1fd7f4ba7de0f72eb6f773 - Path: Packages/com.unity.2d.tilemap/Editor/EditorTools/GridSelection/GridSelectionMoveTool.cs - Importer: ScriptedImporter/UnityEditor.QuickSearchModule:UnityEditor.Search:ASIAI0B' with importer (ScriptedImporter : UnityEditor.QuickSearchModule:UnityEditor.Search:ASIAI0B)
Imported 'GUID: e7c9025e8b1fd7f4ba7de0f72eb6f773' -> (Import Result ID: '7445cf2769d5e60a3327cb9f6e414445') in 0.003 seconds [static and dynamic dependencies]. Details - ImportResultOutputID=7b92ffc5b5f14808af9e7c8b3ac17ca7 DependenciesID=629846caa05be1bc112f18a1b53c7b72 StaticDependenciesID=c24b86ae1488d0f8fc6c83b7483a1b6e 
Number of updated asset objects reloaded before import = 0
Number of asset objects unloaded after import = 0
========================================================================
Received Import Request.
  Time of request: 2026-08-04T17:31:20.1352019Z
  Time since last request: 0.0002994 seconds.
  importAddress: GUID: 8e6c7ea7c059fb547b6723aaf225900b - Path: Packages/com.unity.ide.visualstudio/Editor/Image.cs - Importer: ScriptedImporter/UnityEditor.QuickSearchModule:UnityEditor.Search:ASIAI0B
Importing 'GUID: 8e6c7ea7c059fb547b6723aaf225900b - Path: Packages/com.unity.ide.visualstudio/Editor/Image.cs - Importer: ScriptedImporter/UnityEditor.QuickSearchModule:UnityEditor.Search:ASIAI0B' with importer (ScriptedImporter : UnityEditor.QuickSearchModule:UnityEditor.Search:ASIAI0B)
Imported 'GUID: 8e6c7ea7c059fb547b6723aaf225900b' -> (Import Result ID: '5e3a301c333c0d99bae66f441e025f29') in 0.002 seconds [static and dynamic dependencies]. Details - ImportResultOutputID=d0418ea6511e07ffbd0a9495ca02c72a DependenciesID=fa26eba6b5ef7149558056a094c248a0 StaticDependenciesID=14d7c5ebdfd8b0f7e1d23cc9ca1bc148 
Number of updated asset objects reloaded before import = 0
Number of asset objects unloaded after import = 0
========================================================================
Received Import Request.
  Time of request: 2026-08-04T17:31:20.1445688Z
  Time since last request: 0.0002533 seconds.
  importAddress: GUID: 91d9195ac7084b37a7830c0109334fa6 - Path: Packages/com.unity.2d.tilemap/Editor/UI/TilesetImporterElement.cs - Importer: ScriptedImporter/UnityEditor.QuickSearchModule:UnityEditor.Search:ASIAI0B
Importing 'GUID: 91d9195ac7084b37a7830c0109334fa6 - Path: Packages/com.unity.2d.tilemap/Editor/UI/TilesetImporterElement.cs - Importer: ScriptedImporter/UnityEditor.QuickSearchModule:UnityEditor.Search:ASIAI0B' with importer (ScriptedImporter : UnityEditor.QuickSearchModule:UnityEditor.Search:ASIAI0B)
Imported 'GUID: 91d9195ac7084b37a7830c0109334fa6' -> (Import Result ID: '7f805a23189564a6605d58f37763c92b') in 0.003 seconds [static and dynamic dependencies]. Details - ImportResultOutputID=edef60cafde568f0d39155a8e8078c37 DependenciesID=1113497364ee6c8f9fc362da7814072d StaticDependenciesID=53a093113fad31fe5f847c0a6172e07e 
Number of updated asset objects reloaded before import = 0
Number of asset objects unloaded after import = 0
========================================================================
Received Import Request.
  Time of request: 2026-08-04T17:31:20.1567066Z
  Time since last request: 0.0002271 seconds.
  importAddress: GUID: a3f71b076c36a204a864f8c44142b3a9 - Path: Packages/com.unity.ide.visualstudio/ValidationConfig.json - Importer: ScriptedImporter/UnityEditor.QuickSearchModule:UnityEditor.Search:ASIAI0B
Importing 'GUID: a3f71b076c36a204a864f8c44142b3a9 - Path: Packages/com.unity.ide.visualstudio/ValidationConfig.json - Importer: ScriptedImporter/UnityEditor.QuickSearchModule:UnityEditor.Search:ASIAI0B' with importer (ScriptedImporter : UnityEditor.QuickSearchModule:UnityEditor.Search:ASIAI0B)
Imported 'GUID: a3f71b076c36a204a864f8c44142b3a9' -> (Import Result ID: '5efeceb8cc23587c9755df99389c3877') in 0.002 seconds [static and dynamic dependencies]. Details - ImportResultOutputID=b7a43d1ee38cb8fa47bf09116b658d28 DependenciesID=6dadba893529486ca531e667451bed62 StaticDependenciesID=b51d6591d6271d0c057609dcf138d590 
Number of updated asset objects reloaded before import = 0
Number of asset objects unloaded after import = 1
========================================================================
Received Import Request.
  Time of request: 2026-08-04T17:31:20.1665252Z
  Time since last request: 0.0002126 seconds.
  importAddress: GUID: 9806777faa990e24fb0a14a60ef2dbb1 - Path: Packages/com.unity.2d.tilemap/Editor/UI/TilePaletteBrushInspectorElement.cs - Importer: ScriptedImporter/UnityEditor.QuickSearchModule:UnityEditor.Search:ASIAI0B
Importing 'GUID: 9806777faa990e24fb0a14a60ef2dbb1 - Path: Packages/com.unity.2d.tilemap/Editor/UI/TilePaletteBrushInspectorElement.cs - Importer: ScriptedImporter/UnityEditor.QuickSearchModule:UnityEditor.Search:ASIAI0B' with importer (ScriptedImporter : UnityEditor.QuickSearchModule:UnityEditor.Search:ASIAI0B)
Imported 'GUID: 9806777faa990e24fb0a14a60ef2dbb1' -> (Import Result ID: 'f2d349c45bdbe452d8baf8136796ab59') in 0.002 seconds [static and dynamic dependencies]. Details - ImportResultOutputID=0b87fec0742bd47d43ee2c00ff4bad07 DependenciesID=51f70ccb85ba8660a4324e91fd79b2e7 StaticDependenciesID=201d15b656d2ed4a1ffd359d2a634a12 
Number of updated asset objects reloaded before import = 0
Number of asset objects unloaded after import = 0
========================================================================
Received Import Request.
  Time of request: 2026-08-04T17:31:20.1758432Z
  Time since last request: 0.0003306 seconds.
  importAddress: GUID: e3dfa6de9ba76974d864f021fdb7d162 - Path: Packages/com.unity.2d.tilemap/Editor/EditorTools/GridSelection/GridSelectionTool.cs - Importer: ScriptedImporter/UnityEditor.QuickSearchModule:UnityEditor.Search:ASIAI0B
Importing 'GUID: e3dfa6de9ba76974d864f021fdb7d162 - Path: Packages/com.unity.2d.tilemap/Editor/EditorTools/GridSelection/GridSelectionTool.cs - Importer: ScriptedImporter/UnityEditor.QuickSearchModule:UnityEditor.Search:ASIAI0B' with importer (ScriptedImporter : UnityEditor.QuickSearchModule:UnityEditor.Search:ASIAI0B)
Imported 'GUID: e3dfa6de9ba76974d864f021fdb7d162' -> (Import Result ID: '567b510e16cb105291d545e1ee0fe147') in 0.002 seconds [static and dynamic dependencies]. Details - ImportResultOutputID=3f154a84e469e0c05179642bd1174a6f DependenciesID=5e68862350dec5e142178661df976b72 StaticDependenciesID=ad57616853c5e311dc544357479ef7cf 
Number of updated asset objects reloaded before import = 0
Number of asset objects unloaded after import = 0
========================================================================
Received Import Request.
  Time of request: 2026-08-04T17:31:20.1858178Z
  Time since last request: 0.0003006 seconds.
  importAddress: GUID: c899067ddf12498abd0cafa97b560107 - Path: Packages/com.unity.2d.tilemap/Editor/UI/TilePaletteBrushPickOverlay.cs - Importer: ScriptedImporter/UnityEditor.QuickSearchModule:UnityEditor.Search:ASIAI0B
Importing 'GUID: c899067ddf12498abd0cafa97b560107 - Path: Packages/com.unity.2d.tilemap/Editor/UI/TilePaletteBrushPickOverlay.cs - Importer: ScriptedImporter/UnityEditor.QuickSearchModule:UnityEditor.Search:ASIAI0B' with importer (ScriptedImporter : UnityEditor.QuickSearchModule:UnityEditor.Search:ASIAI0B)
Imported 'GUID: c899067ddf12498abd0cafa97b560107' -> (Import Result ID: '0a4e43c6921139594d5e2e6e0553947d') in 0.002 seconds [static and dynamic dependencies]. Details - ImportResultOutputID=022f22895cac1c446bedd33ec2890bfe DependenciesID=ec3f224310231396bb01e3da8beccc4f StaticDependenciesID=7e013057dfb8de7ff5964995db15e4df 
Number of updated asset objects reloaded before import = 0
Number of asset objects unloaded after import = 0
========================================================================
Received Import Request.
  Time of request: 2026-08-04T17:31:20.1982055Z
  Time since last request: 0.0002433 seconds.
  importAddress: GUID: dd427a5a6fffcba478ecfbccb81b5852 - Path: Packages/com.unity.2d.tilemap/Editor/EditorTools/GridSelection/GridSelectionToolEditor.cs - Importer: ScriptedImporter/UnityEditor.QuickSearchModule:UnityEditor.Search:ASIAI0B
Importing 'GUID: dd427a5a6fffcba478ecfbccb81b5852 - Path: Packages/com.unity.2d.tilemap/Editor/EditorTools/GridSelection/GridSelectionToolEditor.cs - Importer: ScriptedImporter/UnityEditor.QuickSearchModule:UnityEditor.Search:ASIAI0B' with importer (ScriptedImporter : UnityEditor.QuickSearchModule:UnityEditor.Search:ASIAI0B)
Imported 'GUID: dd427a5a6fffcba478ecfbccb81b5852' -> (Import Result ID: 'd5ce49d095883276d05f22824824d997') in 0.002 seconds [static and dynamic dependencies]. Details - ImportResultOutputID=2adedf174d3e421069c44dd045208c95 DependenciesID=cea50a39dd5a65ba6d9a93837ad4a6fd StaticDependenciesID=b5d1766d763d19bf5d14d59dbfa07632 
Number of updated asset objects reloaded before import = 0
Number of asset objects unloaded after import = 0
========================================================================
Received Import Request.
  Time of request: 2026-08-04T17:31:20.2079371Z
  Time since last request: 0.0002178 seconds.
  importAddress: GUID: 6cf9bcb22d1f73e42a7abe79808d5902 - Path: Packages/com.unity.2d.tilemap/Editor/EditorTools/GridSelection/GridSelectionRotationTool.cs - Importer: ScriptedImporter/UnityEditor.QuickSearchModule:UnityEditor.Search:ASIAI0B
Importing 'GUID: 6cf9bcb22d1f73e42a7abe79808d5902 - Path: Packages/com.unity.2d.tilemap/Editor/EditorTools/GridSelection/GridSelectionRotationTool.cs - Importer: ScriptedImporter/UnityEditor.QuickSearchModule:UnityEditor.Search:ASIAI0B' with importer (ScriptedImporter : UnityEditor.QuickSearchModule:UnityEditor.Search:ASIAI0B)
Imported 'GUID: 6cf9bcb22d1f73e42a7abe79808d5902' -> (Import Result ID: '633286e0bf410d2a80b43f05d7528128') in 0.002 seconds [static and dynamic dependencies]. Details - ImportResultOutputID=907117e44e1fe955ee28f17d9009b3c1 DependenciesID=b98ad5883f63f1ae430c79a98788897f StaticDependenciesID=26df97879956d1ee77e7b313820f8d8c 
Number of updated asset objects reloaded before import = 0
Number of asset objects unloaded after import = 0
========================================================================
Received Import Request.
  Time of request: 2026-08-04T17:31:20.2182131Z
  Time since last request: 0.0002719 seconds.
  importAddress: GUID: 2a208840b98c7aa46a99ed3517e86d98 - Path: Packages/com.unity.2d.tilemap/Editor/UI/TilePaletteOverlayLight.uss - Importer: ScriptedImporter/UnityEditor.QuickSearchModule:UnityEditor.Search:ASIAI0B
Importing 'GUID: 2a208840b98c7aa46a99ed3517e86d98 - Path: Packages/com.unity.2d.tilemap/Editor/UI/TilePaletteOverlayLight.uss - Importer: ScriptedImporter/UnityEditor.QuickSearchModule:UnityEditor.Search:ASIAI0B' with importer (ScriptedImporter : UnityEditor.QuickSearchModule:UnityEditor.Search:ASIAI0B)
Imported 'GUID: 2a208840b98c7aa46a99ed3517e86d98' -> (Import Result ID: '6bfb19201f89d392c69499765ad36d63') in 0.003 seconds [static and dynamic dependencies]. Details - ImportResultOutputID=c8d93f403a5cf9318b4f59427b880aa2 DependenciesID=07b7d9fe75d90efdcc4de8f6fa5718d9 StaticDependenciesID=d5a32ef2a34ca562718ea3b81d36ae42 
Number of updated asset objects reloaded before import = 0
Number of asset objects unloaded after import = 1
========================================================================
Received Import Request.
  Time of request: 2026-08-04T17:31:20.2519521Z
  Time since last request: 0.023608 seconds.
  importAddress: GUID: ff6d34f71e1a6af4290f9275ff94616c - Path: Packages/com.unity.ugui/Editor/Analytics/UGUIAnalytics.cs - Importer: ScriptedImporter/UnityEditor.QuickSearchModule:UnityEditor.Search:ASIAI0B
Importing 'GUID: ff6d34f71e1a6af4290f9275ff94616c - Path: Packages/com.unity.ugui/Editor/Analytics/UGUIAnalytics.cs - Importer: ScriptedImporter/UnityEditor.QuickSearchModule:UnityEditor.Search:ASIAI0B' with importer (ScriptedImporter : UnityEditor.QuickSearchModule:UnityEditor.Search:ASIAI0B)
Imported 'GUID: ff6d34f71e1a6af4290f9275ff94616c' -> (Import Result ID: '4dc7291a5841dd973950129511799b01') in 0.003 seconds [static and dynamic dependencies]. Details - ImportResultOutputID=12d79c365e918cfe0104cf16704ae4cf DependenciesID=178c2a3591fe0ae03aad08b628e62abb StaticDependenciesID=8d3b4e49f43d0f374da179d5fb00e65d 
Number of updated asset objects reloaded before import = 0
Number of asset objects unloaded after import = 0
========================================================================
Received Import Request.
  Time of request: 2026-08-04T17:31:20.263145Z
  Time since last request: 0.0002542 seconds.
  importAddress: GUID: a8c76505bcc613640ade706bdb0f1cba - Path: Packages/com.unity.ide.visualstudio/Editor/UnityInstallation.cs - Importer: ScriptedImporter/UnityEditor.QuickSearchModule:UnityEditor.Search:ASIAI0B
Importing 'GUID: a8c76505bcc613640ade706bdb0f1cba - Path: Packages/com.unity.ide.visualstudio/Editor/UnityInstallation.cs - Importer: ScriptedImporter/UnityEditor.QuickSearchModule:UnityEditor.Search:ASIAI0B' with importer (ScriptedImporter : UnityEditor.QuickSearchModule:UnityEditor.Search:ASIAI0B)
Imported 'GUID: a8c76505bcc613640ade706bdb0f1cba' -> (Import Result ID: 'c6c61bdb7a1bff8d28b8423ac0658d43') in 0.002 seconds [static and dynamic dependencies]. Details - ImportResultOutputID=addade33506ae05b6be87881532bbc61 DependenciesID=ee3f7a79e5cf20318793e1d1f2b36ba7 StaticDependenciesID=c454289749c1b79c3aa7383a8d1f302e 
Number of updated asset objects reloaded before import = 0
Number of asset objects unloaded after import = 0
========================================================================
Received Import Request.
  Time of request: 2026-08-04T17:31:20.2745778Z
  Time since last request: 0.0003658 seconds.
  importAddress: GUID: ce4ff17ca867d2b48b5c8a4181611901 - Path: Packages/com.unity.ugui/Package Resources/TMP Essential Resources.unitypackage - Importer: ScriptedImporter/UnityEditor.QuickSearchModule:UnityEditor.Search:ASIAI0B
Importing 'GUID: ce4ff17ca867d2b48b5c8a4181611901 - Path: Packages/com.unity.ugui/Package Resources/TMP Essential Resources.unitypackage - Importer: ScriptedImporter/UnityEditor.QuickSearchModule:UnityEditor.Search:ASIAI0B' with importer (ScriptedImporter : UnityEditor.QuickSearchModule:UnityEditor.Search:ASIAI0B)
Imported 'GUID: ce4ff17ca867d2b48b5c8a4181611901' -> (Import Result ID: '5d45c5b1be58b5ad132db27f3a0b720a') in 0.002 seconds [static and dynamic dependencies]. Details - ImportResultOutputID=f9170b7d11a7740011faf49dc8997048 DependenciesID=3c57ff2f74d469bfa700079349791416 StaticDependenciesID=d3141f8e230e502ea1ffcc27a3d3e40c 
Number of updated asset objects reloaded before import = 0
Number of asset objects unloaded after import = 1
========================================================================
Received Import Request.
  Time of request: 2026-08-04T17:31:20.2844099Z
  Time since last request: 0.0002482 seconds.
  importAddress: GUID: 9f3705b95d031e84c82f140d8e980867 - Path: Packages/com.unity.ide.visualstudio/Editor/ProjectGeneration/ProjectGeneration.cs - Importer: ScriptedImporter/UnityEditor.QuickSearchModule:UnityEditor.Search:ASIAI0B
Importing 'GUID: 9f3705b95d031e84c82f140d8e980867 - Path: Packages/com.unity.ide.visualstudio/Editor/ProjectGeneration/ProjectGeneration.cs - Importer: ScriptedImporter/UnityEditor.QuickSearchModule:UnityEditor.Search:ASIAI0B' with importer (ScriptedImporter : UnityEditor.QuickSearchModule:UnityEditor.Search:ASIAI0B)
Imported 'GUID: 9f3705b95d031e84c82f140d8e980867' -> (Import Result ID: 'c6c7842bd7b40b4acd33d735a3430584') in 0.003 seconds [static and dynamic dependencies]. Details - ImportResultOutputID=aad791f5a22a3341174f3210a19a3781 DependenciesID=05678afbf0f8f20ce7a61774a55b8e19 StaticDependenciesID=20732d0abf0882f488f51d5114010927 
Number of updated asset objects reloaded before import = 0
Number of asset objects unloaded after import = 0
========================================================================
Received Import Request.
  Time of request: 2026-08-04T17:31:20.2947343Z
  Time since last request: 0.0002385 seconds.
  importAddress: GUID: 42fe78c8fe682715a2cb531422e6ccb3 - Path: Packages/com.unity.modules.imgui/package.json - Importer: ScriptedImporter/UnityEditor.QuickSearchModule:UnityEditor.Search:ASIAI0B
Importing 'GUID: 42fe78c8fe682715a2cb531422e6ccb3 - Path: Packages/com.unity.modules.imgui/package.json - Importer: ScriptedImporter/UnityEditor.QuickSearchModule:UnityEditor.Search:ASIAI0B' with importer (ScriptedImporter : UnityEditor.QuickSearchModule:UnityEditor.Search:ASIAI0B)
Imported 'GUID: 42fe78c8fe682715a2cb531422e6ccb3' -> (Import Result ID: '997654434746ebfc930ec9ad96ec2688') in 0.002 seconds [static and dynamic dependencies]. Details - ImportResultOutputID=28e0ce28b3b14cc1fd473b1e2b53a571 DependenciesID=86868f9414d8fab215f178589fa9a940 StaticDependenciesID=04f3d155746ab74f90d33f1309b9cd3b 
Number of updated asset objects reloaded before import = 0
Number of asset objects unloaded after import = 1
========================================================================
Received Import Request.
  Time of request: 2026-08-04T17:31:20.3048362Z
  Time since last request: 0.0002721 seconds.
  importAddress: GUID: 7652904b1008e324fb7cfb952ea87656 - Path: Packages/com.unity.ide.visualstudio/Editor/ProjectGeneration/GUIDProvider.cs - Importer: ScriptedImporter/UnityEditor.QuickSearchModule:UnityEditor.Search:ASIAI0B
Importing 'GUID: 7652904b1008e324fb7cfb952ea87656 - Path: Packages/com.unity.ide.visualstudio/Editor/ProjectGeneration/GUIDProvider.cs - Importer: ScriptedImporter/UnityEditor.QuickSearchModule:UnityEditor.Search:ASIAI0B' with importer (ScriptedImporter : UnityEditor.QuickSearchModule:UnityEditor.Search:ASIAI0B)
Imported 'GUID: 7652904b1008e324fb7cfb952ea87656' -> (Import Result ID: 'aeb75830d074a848e3f2dd436bd0fae8') in 0.002 seconds [static and dynamic dependencies]. Details - ImportResultOutputID=0d4e1e86f1515b4d9e4220e869cf2e29 DependenciesID=a3096f60abfc85d1948250d67d91dee1 StaticDependenciesID=ce8a11c8e74b51c39cfd6b2d6f1ca50a 
Number of updated asset objects reloaded before import = 0
Number of asset objects unloaded after import = 0
========================================================================
Received Import Request.
  Time of request: 2026-08-04T17:31:20.3163439Z
  Time since last request: 0.0002244 seconds.
  importAddress: GUID: 585c3fb85b32bd64e8814074e754163e - Path: Packages/com.unity.ide.visualstudio/Editor/VSWhere/vswhere.exe - Importer: ScriptedImporter/UnityEditor.QuickSearchModule:UnityEditor.Search:ASIAI0B
Importing 'GUID: 585c3fb85b32bd64e8814074e754163e - Path: Packages/com.unity.ide.visualstudio/Editor/VSWhere/vswhere.exe - Importer: ScriptedImporter/UnityEditor.QuickSearchModule:UnityEditor.Search:ASIAI0B' with importer (ScriptedImporter : UnityEditor.QuickSearchModule:UnityEditor.Search:ASIAI0B)
Imported 'GUID: 585c3fb85b32bd64e8814074e754163e' -> (Import Result ID: 'f32020b063b88634d0792eacac4dc265') in 0.002 seconds [static and dynamic dependencies]. Details - ImportResultOutputID=9579847711e2c3fd5360b2a9ce4d2e2a DependenciesID=1c7c366f87ca5ac5683499f76e17d33e StaticDependenciesID=f8a51865e369dded25267c822b400d6a 
Number of updated asset objects reloaded before import = 0
Number of asset objects unloaded after import = 1
========================================================================
Received Import Request.
  Time of request: 2026-08-04T17:31:20.3256771Z
  Time since last request: 0.0002995 seconds.
  importAddress: GUID: fa7011e2ea1ff024083fea2179f3df08 - Path: Packages/com.unity.ide.visualstudio/Editor/ProjectGeneration/ProjectProperties.cs - Importer: ScriptedImporter/UnityEditor.QuickSearchModule:UnityEditor.Search:ASIAI0B
Importing 'GUID: fa7011e2ea1ff024083fea2179f3df08 - Path: Packages/com.unity.ide.visualstudio/Editor/ProjectGeneration/ProjectProperties.cs - Importer: ScriptedImporter/UnityEditor.QuickSearchModule:UnityEditor.Search:ASIAI0B' with importer (ScriptedImporter : UnityEditor.QuickSearchModule:UnityEditor.Search:ASIAI0B)
Imported 'GUID: fa7011e2ea1ff024083fea2179f3df08' -> (Import Result ID: '30bfdca7e7f4d5ca53806d465ac02473') in 0.002 seconds [static and dynamic dependencies]. Details - ImportResultOutputID=bc6a724c8762540f083a61981a60cb5e DependenciesID=9bc4b54e75283777a45eeb7d27d79b3e StaticDependenciesID=87b561bec33478bc25a669e8c86009c9 
Number of updated asset objects reloaded before import = 0
Number of asset objects unloaded after import = 0
========================================================================
Received Import Request.
  Time of request: 2026-08-04T17:31:20.3374848Z
  Time since last request: 0.0003064 seconds.
  importAddress: GUID: e8aed47cdce10fd4cae32fefa2c34f8f - Path: Packages/com.unity.ide.visualstudio/Editor/ProjectGeneration/SdkStyleProjectGeneration.cs - Importer: ScriptedImporter/UnityEditor.QuickSearchModule:UnityEditor.Search:ASIAI0B
Importing 'GUID: e8aed47cdce10fd4cae32fefa2c34f8f - Path: Packages/com.unity.ide.visualstudio/Editor/ProjectGeneration/SdkStyleProjectGeneration.cs - Importer: ScriptedImporter/UnityEditor.QuickSearchModule:UnityEditor.Search:ASIAI0B' with importer (ScriptedImporter : UnityEditor.QuickSearchModule:UnityEditor.Search:ASIAI0B)
Imported 'GUID: e8aed47cdce10fd4cae32fefa2c34f8f' -> (Import Result ID: 'fdd895877d6803f259973d29c2a26bf2') in 0.002 seconds [static and dynamic dependencies]. Details - ImportResultOutputID=5d0bfe7ecbc4f3664129d31aa788aef6 DependenciesID=b0c515bdac4c1c9d3357d8317a7f6c81 StaticDependenciesID=89c322902ee591a4719a49d7272d82b0 
Number of updated asset objects reloaded before import = 0
Number of asset objects unloaded after import = 0
========================================================================
Received Import Request.
  Time of request: 2026-08-04T17:31:20.3478678Z
  Time since last request: 0.0001948 seconds.
  importAddress: GUID: bb86eea06f54fb24caa7046a8a764945 - Path: Packages/com.unity.ide.visualstudio/Editor/VisualStudioInstallation.cs - Importer: ScriptedImporter/UnityEditor.QuickSearchModule:UnityEditor.Search:ASIAI0B
Importing 'GUID: bb86eea06f54fb24caa7046a8a764945 - Path: Packages/com.unity.ide.visualstudio/Editor/VisualStudioInstallation.cs - Importer: ScriptedImporter/UnityEditor.QuickSearchModule:UnityEditor.Search:ASIAI0B' with importer (ScriptedImporter : UnityEditor.QuickSearchModule:UnityEditor.Search:ASIAI0B)
Imported 'GUID: bb86eea06f54fb24caa7046a8a764945' -> (Import Result ID: '73ecb7656e15c285862e7d3db6702163') in 0.002 seconds [static and dynamic dependencies]. Details - ImportResultOutputID=2767e8e053a5c8a381c6b9e789ad6725 DependenciesID=167ae942727de67fdbec5ff8a4bfa511 StaticDependenciesID=4a04806d6a08538686bfaff2bd5715df 
Number of updated asset objects reloaded before import = 0
Number of asset objects unloaded after import = 0
========================================================================
Received Import Request.
  Time of request: 2026-08-04T17:31:20.3579537Z
  Time since last request: 0.0003509 seconds.
  importAddress: GUID: aa76955fe5bb44f7915d91db8c7043c4 - Path: Packages/com.unity.ugui/Editor/TMP/TMPro_EditorShaderUtilities.cs - Importer: ScriptedImporter/UnityEditor.QuickSearchModule:UnityEditor.Search:ASIAI0B
Importing 'GUID: aa76955fe5bb44f7915d91db8c7043c4 - Path: Packages/com.unity.ugui/Editor/TMP/TMPro_EditorShaderUtilities.cs - Importer: ScriptedImporter/UnityEditor.QuickSearchModule:UnityEditor.Search:ASIAI0B' with importer (ScriptedImporter : UnityEditor.QuickSearchModule:UnityEditor.Search:ASIAI0B)
Imported 'GUID: aa76955fe5bb44f7915d91db8c7043c4' -> (Import Result ID: 'ab4cfc26c64613e52f7f75e525df7fe6') in 0.002 seconds [static and dynamic dependencies]. Details - ImportResultOutputID=60e95b9eaaf60743ad09d34fe5b21b21 DependenciesID=a87b9912223df9bb30601db843f81638 StaticDependenciesID=bdfaad36baf9fadea2791194bc7b83d9 
Number of updated asset objects reloaded before import = 0
Number of asset objects unloaded after import = 0
========================================================================
Received Import Request.
  Time of request: 2026-08-04T17:31:20.3681373Z
  Time since last request: 0.0003774 seconds.
  importAddress: GUID: 44e1d646473a40178712cb2150f54cec - Path: Packages/com.unity.ugui/Editor/TMP/TMPro_ContextMenus.cs - Importer: ScriptedImporter/UnityEditor.QuickSearchModule:UnityEditor.Search:ASIAI0B
Importing 'GUID: 44e1d646473a40178712cb2150f54cec - Path: Packages/com.unity.ugui/Editor/TMP/TMPro_ContextMenus.cs - Importer: ScriptedImporter/UnityEditor.QuickSearchModule:UnityEditor.Search:ASIAI0B' with importer (ScriptedImporter : UnityEditor.QuickSearchModule:UnityEditor.Search:ASIAI0B)
Imported 'GUID: 44e1d646473a40178712cb2150f54cec' -> (Import Result ID: '02873169162918274e8ff8f3bd70f6bb') in 0.003 seconds [static and dynamic dependencies]. Details - ImportResultOutputID=989c63411b02014dd1542ad525574232 DependenciesID=b67689a87aaf03dd40f33eea85c9df1f StaticDependenciesID=a78139599d9c5236f4e2a3bd0c824b95 
Number of updated asset objects reloaded before import = 0
Number of asset objects unloaded after import = 0
========================================================================
Received Import Request.
  Time of request: 2026-08-04T17:31:20.3936285Z
  Time since last request: 0.0129832 seconds.
  importAddress: GUID: ca51b19024094d1b87f3e07edb0a75fb - Path: Packages/com.unity.ugui/Editor Resources/Textures/btn_AlignBottom.psd - Importer: ScriptedImporter/UnityEditor.QuickSearchModule:UnityEditor.Search:ASIAI0B
Importing 'GUID: ca51b19024094d1b87f3e07edb0a75fb - Path: Packages/com.unity.ugui/Editor Resources/Textures/btn_AlignBottom.psd - Importer: ScriptedImporter/UnityEditor.QuickSearchModule:UnityEditor.Search:ASIAI0B' with importer (ScriptedImporter : UnityEditor.QuickSearchModule:UnityEditor.Search:ASIAI0B)
Imported 'GUID: ca51b19024094d1b87f3e07edb0a75fb' -> (Import Result ID: 'af6144fb9732a4234a4cd6cabf6af67b') in 0.006 seconds [static and dynamic dependencies]. Details - ImportResultOutputID=a98dac59c0a3ba5c78471d1554b4f1c4 DependenciesID=b856f162489cf3ab732f9941fac054c7 StaticDependenciesID=fc507ee32c1a2536dcf6594edfc34b0c 
Number of updated asset objects reloaded before import = 0
Number of asset objects unloaded after import = 1
========================================================================
Received Import Request.
  Time of request: 2026-08-04T17:31:20.406991Z
  Time since last request: 0.0002909 seconds.
  importAddress: GUID: d9647b571c5e44729b71d756b3d55317 - Path: Packages/com.unity.ugui/Editor/TMP/TMP_ColorGradientAssetMenu.cs - Importer: ScriptedImporter/UnityEditor.QuickSearchModule:UnityEditor.Search:ASIAI0B
Importing 'GUID: d9647b571c5e44729b71d756b3d55317 - Path: Packages/com.unity.ugui/Editor/TMP/TMP_ColorGradientAssetMenu.cs - Importer: ScriptedImporter/UnityEditor.QuickSearchModule:UnityEditor.Search:ASIAI0B' with importer (ScriptedImporter : UnityEditor.QuickSearchModule:UnityEditor.Search:ASIAI0B)
Imported 'GUID: d9647b571c5e44729b71d756b3d55317' -> (Import Result ID: 'b0f0295a0ba8202d7ac96eafafeb1317') in 0.002 seconds [static and dynamic dependencies]. Details - ImportResultOutputID=0c7659b420bfdace8568a824ef34f78c DependenciesID=ccb75e258f192ae232cd08cfd0b8fe51 StaticDependenciesID=72fb49016f33e23ae59d4761eb20b274 
Number of updated asset objects reloaded before import = 0
Number of asset objects unloaded after import = 0
========================================================================
Received Import Request.
  Time of request: 2026-08-04T17:31:20.418989Z
  Time since last request: 0.0003887 seconds.
  importAddress: GUID: c76700ea0062413d9f69409b4e9e151b - Path: Packages/com.unity.ugui/Editor Resources/Textures/btn_AlignCenterGeo.psd - Importer: ScriptedImporter/UnityEditor.QuickSearchModule:UnityEditor.Search:ASIAI0B
Importing 'GUID: c76700ea0062413d9f69409b4e9e151b - Path: Packages/com.unity.ugui/Editor Resources/Textures/btn_AlignCenterGeo.psd - Importer: ScriptedImporter/UnityEditor.QuickSearchModule:UnityEditor.Search:ASIAI0B' with importer (ScriptedImporter : UnityEditor.QuickSearchModule:UnityEditor.Search:ASIAI0B)
Imported 'GUID: c76700ea0062413d9f69409b4e9e151b' -> (Import Result ID: '095a3fcb95348570f38b5d81c88aa7b1') in 0.006 seconds [static and dynamic dependencies]. Details - ImportResultOutputID=486218f996e3b7e6728d7f36ca8c702f DependenciesID=1021f56f23f5f924183b24d62983bde6 StaticDependenciesID=a73467cb4cdfb67d5cbd7a0e39dd9567 
Number of updated asset objects reloaded before import = 0
Number of asset objects unloaded after import = 1
========================================================================
Received Import Request.
  Time of request: 2026-08-04T17:31:20.4354109Z
  Time since last request: 0.0002815 seconds.
  importAddress: GUID: 3c6c403084eacec478a1129ce20061ea - Path: Packages/com.unity.ugui/Editor Resources/Shaders/TMP_Properties.cginc - Importer: ScriptedImporter/UnityEditor.QuickSearchModule:UnityEditor.Search:ASIAI0B
Importing 'GUID: 3c6c403084eacec478a1129ce20061ea - Path: Packages/com.unity.ugui/Editor Resources/Shaders/TMP_Properties.cginc - Importer: ScriptedImporter/UnityEditor.QuickSearchModule:UnityEditor.Search:ASIAI0B' with importer (ScriptedImporter : UnityEditor.QuickSearchModule:UnityEditor.Search:ASIAI0B)
Imported 'GUID: 3c6c403084eacec478a1129ce20061ea' -> (Import Result ID: '9f4be34b7131ef389b802886cfc358d9') in 0.002 seconds [static and dynamic dependencies]. Details - ImportResultOutputID=f39a8b9de70020a96eec82e8e594c2e1 DependenciesID=d99555da831300e6f074c89112d9447a StaticDependenciesID=e53150faf320c556941f047e29962243 
Number of updated asset objects reloaded before import = 0
Number of asset objects unloaded after import = 1
========================================================================
Received Import Request.
  Time of request: 2026-08-04T17:31:20.4484424Z
  Time since last request: 0.0001944 seconds.
  importAddress: GUID: 6dbcf248c987476181a37f01a1814975 - Path: Packages/com.unity.ugui/Editor/TMP/TMP_DropdownEditor.cs - Importer: ScriptedImporter/UnityEditor.QuickSearchModule:UnityEditor.Search:ASIAI0B
Importing 'GUID: 6dbcf248c987476181a37f01a1814975 - Path: Packages/com.unity.ugui/Editor/TMP/TMP_DropdownEditor.cs - Importer: ScriptedImporter/UnityEditor.QuickSearchModule:UnityEditor.Search:ASIAI0B' with importer (ScriptedImporter : UnityEditor.QuickSearchModule:UnityEditor.Search:ASIAI0B)
Imported 'GUID: 6dbcf248c987476181a37f01a1814975' -> (Import Result ID: '2abd4fc4c1db61fca0f9b5c9588350cc') in 0.003 seconds [static and dynamic dependencies]. Details - ImportResultOutputID=e901a1f2312890be855a43cc64a26e3d DependenciesID=59e528caa812676640e6f752ca1f7b5f StaticDependenciesID=0abc89e272c07def68b743c72687714d 
Number of updated asset objects reloaded before import = 0
Number of asset objects unloaded after import = 0
========================================================================
Received Import Request.
  Time of request: 2026-08-04T17:31:20.4610269Z
  Time since last request: 0.0002216 seconds.
  importAddress: GUID: 6ace62d30f494c948b71d5594afce11d - Path: Packages/com.unity.ugui/Editor Resources/Textures/btn_AlignCenter_Light.psd - Importer: ScriptedImporter/UnityEditor.QuickSearchModule:UnityEditor.Search:ASIAI0B
Importing 'GUID: 6ace62d30f494c948b71d5594afce11d - Path: Packages/com.unity.ugui/Editor Resources/Textures/btn_AlignCenter_Light.psd - Importer: ScriptedImporter/UnityEditor.QuickSearchModule:UnityEditor.Search:ASIAI0B' with importer (ScriptedImporter : UnityEditor.QuickSearchModule:UnityEditor.Search:ASIAI0B)
Imported 'GUID: 6ace62d30f494c948b71d5594afce11d' -> (Import Result ID: 'aea1b659fc4fdce6a7c561935f431feb') in 0.004 seconds [static and dynamic dependencies]. Details - ImportResultOutputID=9f3d373936b7d9ed4d0b3e747d7a25d5 DependenciesID=2d840250957cbbeed068cd796be4d20a StaticDependenciesID=074ab894b5fcdfc21053628245fccdd2 
Number of updated asset objects reloaded before import = 0
Number of asset objects unloaded after import = 1
========================================================================
Received Import Request.
  Time of request: 2026-08-04T17:31:20.472222Z
  Time since last request: 0.0002277 seconds.
  importAddress: GUID: 2300e75732d74890b38a8ff257a3ae15 - Path: Packages/com.unity.ugui/Editor/TMP/TMP_EditorUtility.cs - Importer: ScriptedImporter/UnityEditor.QuickSearchModule:UnityEditor.Search:ASIAI0B
Importing 'GUID: 2300e75732d74890b38a8ff257a3ae15 - Path: Packages/com.unity.ugui/Editor/TMP/TMP_EditorUtility.cs - Importer: ScriptedImporter/UnityEditor.QuickSearchModule:UnityEditor.Search:ASIAI0B' with importer (ScriptedImporter : UnityEditor.QuickSearchModule:UnityEditor.Search:ASIAI0B)
Imported 'GUID: 2300e75732d74890b38a8ff257a3ae15' -> (Import Result ID: '47c6e27a762fe91d17ec6377bea9f416') in 0.003 seconds [static and dynamic dependencies]. Details - ImportResultOutputID=eca0adb6683ae204c1b4b5147e35b4f4 DependenciesID=b9a6c25422ab191577d96b3ab6892737 StaticDependenciesID=45722a609ecf2891880adcd3e47b4eda 
Number of updated asset objects reloaded before import = 0
Number of asset objects unloaded after import = 0
========================================================================
Received Import Request.
  Time of request: 2026-08-04T17:31:20.4864497Z
  Time since last request: 0.0003144 seconds.
  importAddress: GUID: 23a562f2cac6401f9f91251c68a1a794 - Path: Packages/com.unity.ugui/Editor/TMP/TMP_StyleAssetMenu.cs - Importer: ScriptedImporter/UnityEditor.QuickSearchModule:UnityEditor.Search:ASIAI0B
Importing 'GUID: 23a562f2cac6401f9f91251c68a1a794 - Path: Packages/com.unity.ugui/Editor/TMP/TMP_StyleAssetMenu.cs - Importer: ScriptedImporter/UnityEditor.QuickSearchModule:UnityEditor.Search:ASIAI0B' with importer (ScriptedImporter : UnityEditor.QuickSearchModule:UnityEditor.Search:ASIAI0B)
Imported 'GUID: 23a562f2cac6401f9f91251c68a1a794' -> (Import Result ID: '080cd0426b979d61541ef23c9d17811f') in 0.003 seconds [static and dynamic dependencies]. Details - ImportResultOutputID=1d646b79ca2b8d2fb7854499f8f010c9 DependenciesID=8fcf705878a80b20817f4c8bf892f479 StaticDependenciesID=918393ea1a51d30e49987a93e8f8143f 
Number of updated asset objects reloaded before import = 0
Number of asset objects unloaded after import = 0
========================================================================
Received Import Request.
  Time of request: 2026-08-04T17:31:20.5003051Z
  Time since last request: 0.0003896 seconds.
  importAddress: GUID: 81ed8c76d2bc4a4c95d092c98af4e58f - Path: Packages/com.unity.ugui/Editor Resources/Textures/btn_AlignCenter.psd - Importer: ScriptedImporter/UnityEditor.QuickSearchModule:UnityEditor.Search:ASIAI0B
Importing 'GUID: 81ed8c76d2bc4a4c95d092c98af4e58f - Path: Packages/com.unity.ugui/Editor Resources/Textures/btn_AlignCenter.psd - Importer: ScriptedImporter/UnityEditor.QuickSearchModule:UnityEditor.Search:ASIAI0B' with importer (ScriptedImporter : UnityEditor.QuickSearchModule:UnityEditor.Search:ASIAI0B)
Imported 'GUID: 81ed8c76d2bc4a4c95d092c98af4e58f' -> (Import Result ID: '560b634931e5a5c571bc1193e32be5e8') in 0.005 seconds [static and dynamic dependencies]. Details - ImportResultOutputID=2748cf3cc4774a912bb26f21865ddb7e DependenciesID=97f6e6dbf861577087e38a77cdbc14e8 StaticDependenciesID=38270ee05f68c675582b2be4095e6a3c 
Number of updated asset objects reloaded before import = 0
Number of asset objects unloaded after import = 1
========================================================================
Received Import Request.
  Time of request: 2026-08-04T17:31:20.5136581Z
  Time since last request: 0.0002957 seconds.
  importAddress: GUID: 18775b51e3bd42299fd30bd036ea982f - Path: Packages/com.unity.ugui/Editor Resources/Textures/btn_AlignBaseLine_Light.psd - Importer: ScriptedImporter/UnityEditor.QuickSearchModule:UnityEditor.Search:ASIAI0B
Importing 'GUID: 18775b51e3bd42299fd30bd036ea982f - Path: Packages/com.unity.ugui/Editor Resources/Textures/btn_AlignBaseLine_Light.psd - Importer: ScriptedImporter/UnityEditor.QuickSearchModule:UnityEditor.Search:ASIAI0B' with importer (ScriptedImporter : UnityEditor.QuickSearchModule:UnityEditor.Search:ASIAI0B)
Imported 'GUID: 18775b51e3bd42299fd30bd036ea982f' -> (Import Result ID: '332bf094d8ebbc233bddd5f704aa19a2') in 0.004 seconds [static and dynamic dependencies]. Details - ImportResultOutputID=73f4c5adffe260530eca4037c5fbf96e DependenciesID=98b0343275c043c1ca3c130ed8db67f4 StaticDependenciesID=a68799cb0820c3d1c6698bc8c167e05a 
Number of updated asset objects reloaded before import = 0
Number of asset objects unloaded after import = 1
========================================================================
Received Import Request.
  Time of request: 2026-08-04T17:31:20.5275856Z
  Time since last request: 0.0002104 seconds.
  importAddress: GUID: 8bc445bb79654bf496c92d0407840a92 - Path: Packages/com.unity.ugui/Editor Resources/Textures/btn_AlignBaseLine.psd - Importer: ScriptedImporter/UnityEditor.QuickSearchModule:UnityEditor.Search:ASIAI0B
Importing 'GUID: 8bc445bb79654bf496c92d0407840a92 - Path: Packages/com.unity.ugui/Editor Resources/Textures/btn_AlignBaseLine.psd - Importer: ScriptedImporter/UnityEditor.QuickSearchModule:UnityEditor.Search:ASIAI0B' with importer (ScriptedImporter : UnityEditor.QuickSearchModule:UnityEditor.Search:ASIAI0B)
Imported 'GUID: 8bc445bb79654bf496c92d0407840a92' -> (Import Result ID: '739c41c3c419f93aedd9d79bd9310c9b') in 0.005 seconds [static and dynamic dependencies]. Details - ImportResultOutputID=f7fd0497ea1f4d5933b3c85ad184e17e DependenciesID=29da2c3b3ddeaa444361c2a5cad75d28 StaticDependenciesID=4b926591ae0922dc0e0a9e0a62fe4cae 
Number of updated asset objects reloaded before import = 0
Number of asset objects unloaded after import = 1
========================================================================
Received Import Request.
  Time of request: 2026-08-04T17:31:20.540661Z
  Time since last request: 0.0002307 seconds.
  importAddress: GUID: 6b01141ed8f74d198965c86f25eb7040 - Path: Packages/com.unity.ugui/Editor/TMP/TMP_SubMeshUI_Editor.cs - Importer: ScriptedImporter/UnityEditor.QuickSearchModule:UnityEditor.Search:ASIAI0B
Importing 'GUID: 6b01141ed8f74d198965c86f25eb7040 - Path: Packages/com.unity.ugui/Editor/TMP/TMP_SubMeshUI_Editor.cs - Importer: ScriptedImporter/UnityEditor.QuickSearchModule:UnityEditor.Search:ASIAI0B' with importer (ScriptedImporter : UnityEditor.QuickSearchModule:UnityEditor.Search:ASIAI0B)
Imported 'GUID: 6b01141ed8f74d198965c86f25eb7040' -> (Import Result ID: 'df30d89e3fb7728be428c387a6a90bc5') in 0.002 seconds [static and dynamic dependencies]. Details - ImportResultOutputID=e5a5bb2b58c5af92f3ab045dd214cb69 DependenciesID=d747542a2a913ab412629a734b8800a1 StaticDependenciesID=9415959f86592f858e595d450a9369ae 
Number of updated asset objects reloaded before import = 0
Number of asset objects unloaded after import = 0
========================================================================
Received Import Request.
  Time of request: 2026-08-04T17:31:20.559562Z
  Time since last request: 0.0098903 seconds.
  importAddress: GUID: 4ae64f3f72004807a9f919f9c27af0db - Path: Packages/com.unity.ugui/Runtime/TMP/TMP_TextInfo.cs - Importer: ScriptedImporter/UnityEditor.QuickSearchModule:UnityEditor.Search:ASIAI0B
Importing 'GUID: 4ae64f3f72004807a9f919f9c27af0db - Path: Packages/com.unity.ugui/Runtime/TMP/TMP_TextInfo.cs - Importer: ScriptedImporter/UnityEditor.QuickSearchModule:UnityEditor.Search:ASIAI0B' with importer (ScriptedImporter : UnityEditor.QuickSearchModule:UnityEditor.Search:ASIAI0B)
Imported 'GUID: 4ae64f3f72004807a9f919f9c27af0db' -> (Import Result ID: '832ddeba918b478ca8ad422a1d3fbf90') in 0.002 seconds [static and dynamic dependencies]. Details - ImportResultOutputID=d5605c35a7a9cce1feb1885bef2cdb27 DependenciesID=11d36d374d5650f7075a326ff8b516ba StaticDependenciesID=a1720824aa9301a594c2058fcefb5d15 
Number of updated asset objects reloaded before import = 0
Number of asset objects unloaded after import = 0
========================================================================
Received Import Request.
  Time of request: 2026-08-04T17:31:20.5693066Z
  Time since last request: 0.0002063 seconds.
  importAddress: GUID: 9541d86e2fd84c1d9990edf0852d74ab - Path: Packages/com.unity.ugui/Runtime/TMP/TextMeshPro.cs - Importer: ScriptedImporter/UnityEditor.QuickSearchModule:UnityEditor.Search:ASIAI0B
Importing 'GUID: 9541d86e2fd84c1d9990edf0852d74ab - Path: Packages/com.unity.ugui/Runtime/TMP/TextMeshPro.cs - Importer: ScriptedImporter/UnityEditor.QuickSearchModule:UnityEditor.Search:ASIAI0B' with importer (ScriptedImporter : UnityEditor.QuickSearchModule:UnityEditor.Search:ASIAI0B)
Imported 'GUID: 9541d86e2fd84c1d9990edf0852d74ab' -> (Import Result ID: 'b5f5372abd6a5367a173f821b6e9e3c2') in 0.003 seconds [static and dynamic dependencies]. Details - ImportResultOutputID=de0caecefc2704a5bc6088875d8f8437 DependenciesID=50e9372dc612caab0183ae761dfb1322 StaticDependenciesID=186a6f6113fa0b7ddc804f2b23a8b50e 
Number of updated asset objects reloaded before import = 0
Number of asset objects unloaded after import = 1
========================================================================
Received Import Request.
  Time of request: 2026-08-04T17:31:20.5794997Z
  Time since last request: 0.0002108 seconds.
  importAddress: GUID: fea49a0730244a98bf1087f7ca9410a8 - Path: Packages/com.unity.ugui/Runtime/TMP/TMP_ShaderUtilities.cs - Importer: ScriptedImporter/UnityEditor.QuickSearchModule:UnityEditor.Search:ASIAI0B
Importing 'GUID: fea49a0730244a98bf1087f7ca9410a8 - Path: Packages/com.unity.ugui/Runtime/TMP/TMP_ShaderUtilities.cs - Importer: ScriptedImporter/UnityEditor.QuickSearchModule:UnityEditor.Search:ASIAI0B' with importer (ScriptedImporter : UnityEditor.QuickSearchModule:UnityEditor.Search:ASIAI0B)
Imported 'GUID: fea49a0730244a98bf1087f7ca9410a8' -> (Import Result ID: '452310a9442894f23d1f0d574033af88') in 0.002 seconds [static and dynamic dependencies]. Details - ImportResultOutputID=b8a3bcedc829d0d4b220dfe1c5ebd5f0 DependenciesID=4309d9e574cf7b4909a90cbfb688ff54 StaticDependenciesID=ffd98e2afead9de663bc81611bf085f8 
Number of updated asset objects reloaded before import = 0
Number of asset objects unloaded after import = 0
========================================================================
Received Import Request.
  Time of request: 2026-08-04T17:31:20.5883321Z
  Time since last request: 0.0001916 seconds.
  importAddress: GUID: 543674eec776b1442a192c932e6cd9b3 - Path: Packages/com.unity.ugui/Runtime/TMP/TMP_TextElement.cs - Importer: ScriptedImporter/UnityEditor.QuickSearchModule:UnityEditor.Search:ASIAI0B
Importing 'GUID: 543674eec776b1442a192c932e6cd9b3 - Path: Packages/com.unity.ugui/Runtime/TMP/TMP_TextElement.cs - Importer: ScriptedImporter/UnityEditor.QuickSearchModule:UnityEditor.Search:ASIAI0B' with importer (ScriptedImporter : UnityEditor.QuickSearchModule:UnityEditor.Search:ASIAI0B)
Imported 'GUID: 543674eec776b1442a192c932e6cd9b3' -> (Import Result ID: '2c60039a61b4029b8bf115cdfa49e326') in 0.002 seconds [static and dynamic dependencies]. Details - ImportResultOutputID=6d3702c80d33dd1a0326a4930d6f8160 DependenciesID=d516edb8a1b44bcbf0df4889b94d5d4e StaticDependenciesID=6f034fbd085aef5083424fec1c1fbf29 
Number of updated asset objects reloaded before import = 0
Number of asset objects unloaded after import = 0
========================================================================
Received Import Request.
  Time of request: 2026-08-04T17:31:20.5973382Z
  Time since last request: 0.0002935 seconds.
  importAddress: GUID: 3bda1886f58f4e0ab1139400b160c3ee - Path: Packages/com.unity.ugui/Runtime/TMP/TMP_Asset.cs - Importer: ScriptedImporter/UnityEditor.QuickSearchModule:UnityEditor.Search:ASIAI0B
Importing 'GUID: 3bda1886f58f4e0ab1139400b160c3ee - Path: Packages/com.unity.ugui/Runtime/TMP/TMP_Asset.cs - Importer: ScriptedImporter/UnityEditor.QuickSearchModule:UnityEditor.Search:ASIAI0B' with importer (ScriptedImporter : UnityEditor.QuickSearchModule:UnityEditor.Search:ASIAI0B)
Imported 'GUID: 3bda1886f58f4e0ab1139400b160c3ee' -> (Import Result ID: '2ca3a6cb13a1fe28d901874e6fcf6394') in 0.002 seconds [static and dynamic dependencies]. Details - ImportResultOutputID=360358e41ed56a7dc16c37fb93c082d4 DependenciesID=193facf00067cbf3536a201d542fda38 StaticDependenciesID=37550e59ef2f7a650ab49ea71bc75af9 
Number of updated asset objects reloaded before import = 0
Number of asset objects unloaded after import = 0
========================================================================
Received Import Request.
  Time of request: 2026-08-04T17:31:20.6063304Z
  Time since last request: 0.0002413 seconds.
  importAddress: GUID: 322392995be44d23a3c86cfd972f838f - Path: Packages/com.unity.ugui/Runtime/TMP/TMP_DefaultControls.cs - Importer: ScriptedImporter/UnityEditor.QuickSearchModule:UnityEditor.Search:ASIAI0B
Importing 'GUID: 322392995be44d23a3c86cfd972f838f - Path: Packages/com.unity.ugui/Runtime/TMP/TMP_DefaultControls.cs - Importer: ScriptedImporter/UnityEditor.QuickSearchModule:UnityEditor.Search:ASIAI0B' with importer (ScriptedImporter : UnityEditor.QuickSearchModule:UnityEditor.Search:ASIAI0B)
Imported 'GUID: 322392995be44d23a3c86cfd972f838f' -> (Import Result ID: 'b2200182c3d552e2e64a935fe196171c') in 0.003 seconds [static and dynamic dependencies]. Details - ImportResultOutputID=c9475704447038102e989c5dc1c8c5dc DependenciesID=fc4d5d8d2094126b5e05893e45748b29 StaticDependenciesID=9c8f98901e83e69fb41ff79b8dada66e 
Number of updated asset objects reloaded before import = 0
Number of asset objects unloaded after import = 0
========================================================================
Received Import Request.
  Time of request: 2026-08-04T17:31:20.6170351Z
  Time since last request: 0.0003018 seconds.
  importAddress: GUID: 6d9df2bc198c417db00037803568139c - Path: Packages/com.unity.ugui/Runtime/TMP/TMP_MaterialManager.cs - Importer: ScriptedImporter/UnityEditor.QuickSearchModule:UnityEditor.Search:ASIAI0B
Importing 'GUID: 6d9df2bc198c417db00037803568139c - Path: Packages/com.unity.ugui/Runtime/TMP/TMP_MaterialManager.cs - Importer: ScriptedImporter/UnityEditor.QuickSearchModule:UnityEditor.Search:ASIAI0B' with importer (ScriptedImporter : UnityEditor.QuickSearchModule:UnityEditor.Search:ASIAI0B)
Imported 'GUID: 6d9df2bc198c417db00037803568139c' -> (Import Result ID: '493f8a31f911eb2ea06ea5cc4d69d90e') in 0.002 seconds [static and dynamic dependencies]. Details - ImportResultOutputID=cdd844666520ee8681650619dcd1a541 DependenciesID=3c3903d5dfd7d010449590e7747017f2 StaticDependenciesID=091f85a6cad63e066fd7e3cb0bfa0b40 
Number of updated asset objects reloaded before import = 0
Number of asset objects unloaded after import = 0
========================================================================
Received Import Request.
  Time of request: 2026-08-04T17:31:20.6263769Z
  Time since last request: 0.000249 seconds.
  importAddress: GUID: e69259f6ff914146ad610be5491eb44a - Path: Packages/com.unity.ugui/Runtime/TMP/TMP_ObjectPool.cs - Importer: ScriptedImporter/UnityEditor.QuickSearchModule:UnityEditor.Search:ASIAI0B
Importing 'GUID: e69259f6ff914146ad610be5491eb44a - Path: Packages/com.unity.ugui/Runtime/TMP/TMP_ObjectPool.cs - Importer: ScriptedImporter/UnityEditor.QuickSearchModule:UnityEditor.Search:ASIAI0B' with importer (ScriptedImporter : UnityEditor.QuickSearchModule:UnityEditor.Search:ASIAI0B)
Imported 'GUID: e69259f6ff914146ad610be5491eb44a' -> (Import Result ID: '100d84699d14e11bd64f81a42c316f4e') in 0.002 seconds [static and dynamic dependencies]. Details - ImportResultOutputID=36f16eba015d35bb6353c44bd54c543f DependenciesID=9547b7168c87208c885342890e8b51c5 StaticDependenciesID=9c07207a8e3617d2d93cf34c2f0d7195 
Number of updated asset objects reloaded before import = 0
Number of asset objects unloaded after import = 0
========================================================================
Received Import Request.
  Time of request: 2026-08-04T17:31:20.6356129Z
  Time since last request: 0.0003217 seconds.
  importAddress: GUID: f4688fdb7df04437aeb418b961361dc5 - Path: Packages/com.unity.ugui/Runtime/TMP/TextMeshProUGUI.cs - Importer: ScriptedImporter/UnityEditor.QuickSearchModule:UnityEditor.Search:ASIAI0B
Importing 'GUID: f4688fdb7df04437aeb418b961361dc5 - Path: Packages/com.unity.ugui/Runtime/TMP/TextMeshProUGUI.cs - Importer: ScriptedImporter/UnityEditor.QuickSearchModule:UnityEditor.Search:ASIAI0B' with importer (ScriptedImporter : UnityEditor.QuickSearchModule:UnityEditor.Search:ASIAI0B)
Imported 'GUID: f4688fdb7df04437aeb418b961361dc5' -> (Import Result ID: '4c48a2a24f5e8a4a8d301ee14cf6f722') in 0.003 seconds [static and dynamic dependencies]. Details - ImportResultOutputID=11321e8748131bb13f389748ac4bf57a DependenciesID=d4c5f226a19af7d8d749bb5631ba2898 StaticDependenciesID=65e503fdabf5f601d24527634719da89 
Number of updated asset objects reloaded before import = 0
Number of asset objects unloaded after import = 1
========================================================================
Received Import Request.
  Time of request: 2026-08-04T17:31:20.6451352Z
  Time since last request: 0.0002822 seconds.
  importAddress: GUID: 968a09f153574430a6e15ae975145768 - Path: Packages/com.unity.ugui/Runtime/TMP/TMP_Sprite.cs - Importer: ScriptedImporter/UnityEditor.QuickSearchModule:UnityEditor.Search:ASIAI0B
Importing 'GUID: 968a09f153574430a6e15ae975145768 - Path: Packages/com.unity.ugui/Runtime/TMP/TMP_Sprite.cs - Importer: ScriptedImporter/UnityEditor.QuickSearchModule:UnityEditor.Search:ASIAI0B' with importer (ScriptedImporter : UnityEditor.QuickSearchModule:UnityEditor.Search:ASIAI0B)
Imported 'GUID: 968a09f153574430a6e15ae975145768' -> (Import Result ID: '42a6599a9830f98aa924a63d19c9399f') in 0.002 seconds [static and dynamic dependencies]. Details - ImportResultOutputID=5ae77d18df96c73fd930885500d14792 DependenciesID=629946955fc07abdea57efa4f8fbceae StaticDependenciesID=23567aa8364b680186ef0cc7de5f11e2 
Number of updated asset objects reloaded before import = 0
Number of asset objects unloaded after import = 0
========================================================================
Received Import Request.
  Time of request: 2026-08-04T17:31:20.655518Z
  Time since last request: 0.0002427 seconds.
  importAddress: GUID: c8f647c4cc6a64e4ba36c171768ab9a7 - Path: Packages/com.unity.ugui/Runtime/TMP/TMP_TextProcessingCommon.cs - Importer: ScriptedImporter/UnityEditor.QuickSearchModule:UnityEditor.Search:ASIAI0B
Importing 'GUID: c8f647c4cc6a64e4ba36c171768ab9a7 - Path: Packages/com.unity.ugui/Runtime/TMP/TMP_TextProcessingCommon.cs - Importer: ScriptedImporter/UnityEditor.QuickSearchModule:UnityEditor.Search:ASIAI0B' with importer (ScriptedImporter : UnityEditor.QuickSearchModule:UnityEditor.Search:ASIAI0B)
Imported 'GUID: c8f647c4cc6a64e4ba36c171768ab9a7' -> (Import Result ID: '04f9c38e600c62bca7e4ebc91a12de13') in 0.002 seconds [static and dynamic dependencies]. Details - ImportResultOutputID=9fa7935b298e7b849548bfaeddd31234 DependenciesID=d796f0ba1c82da2e1c1e451d5995395b StaticDependenciesID=7dd031dec7c91aa95835bc1cffc11be8 
Number of updated asset objects reloaded before import = 0
Number of asset objects unloaded after import = 0
========================================================================
Received Import Request.
  Time of request: 2026-08-04T17:31:20.6646344Z
  Time since last request: 0.0002358 seconds.
  importAddress: GUID: 058cba836c1846c3aa1c5fd2e28aea77 - Path: Packages/com.unity.ugui/Runtime/TMP/TMP_SubMeshUI.cs - Importer: ScriptedImporter/UnityEditor.QuickSearchModule:UnityEditor.Search:ASIAI0B
Importing 'GUID: 058cba836c1846c3aa1c5fd2e28aea77 - Path: Packages/com.unity.ugui/Runtime/TMP/TMP_SubMeshUI.cs - Importer: ScriptedImporter/UnityEditor.QuickSearchModule:UnityEditor.Search:ASIAI0B' with importer (ScriptedImporter : UnityEditor.QuickSearchModule:UnityEditor.Search:ASIAI0B)
Imported 'GUID: 058cba836c1846c3aa1c5fd2e28aea77' -> (Import Result ID: '2df1775bc743218f965c5e266b62a63a') in 0.002 seconds [static and dynamic dependencies]. Details - ImportResultOutputID=f6dc684e37e1423960418a21ba2490fd DependenciesID=aa52f1c11958677219b2c763e1048ee6 StaticDependenciesID=a76c7d7d1bd244aadba9096fceb43096 
Number of updated asset objects reloaded before import = 0
Number of asset objects unloaded after import = 0
========================================================================
Received Import Request.
  Time of request: 2026-08-04T17:31:20.6740548Z
  Time since last request: 0.0002908 seconds.
  importAddress: GUID: 21364f754cf9b9b47a60742332d4af56 - Path: Packages/com.unity.ugui/Runtime/TMP/TMP_Compatibility.cs - Importer: ScriptedImporter/UnityEditor.QuickSearchModule:UnityEditor.Search:ASIAI0B
Importing 'GUID: 21364f754cf9b9b47a60742332d4af56 - Path: Packages/com.unity.ugui/Runtime/TMP/TMP_Compatibility.cs - Importer: ScriptedImporter/UnityEditor.QuickSearchModule:UnityEditor.Search:ASIAI0B' with importer (ScriptedImporter : UnityEditor.QuickSearchModule:UnityEditor.Search:ASIAI0B)
Imported 'GUID: 21364f754cf9b9b47a60742332d4af56' -> (Import Result ID: '41355e71ce11d1c8abbf92cce4254a56') in 0.002 seconds [static and dynamic dependencies]. Details - ImportResultOutputID=fc730c59b0e35fabf1cf6525660457ea DependenciesID=30ba9aa4691356caee6bdb2c3d8bfb26 StaticDependenciesID=558959639b02d896fb2b5c47b7792b48 
Number of updated asset objects reloaded before import = 0
Number of asset objects unloaded after import = 0
========================================================================
Received Import Request.
  Time of request: 2026-08-04T17:31:20.6928008Z
  Time since last request: 0.0089814 seconds.
  importAddress: GUID: d0b148fe25e99eb48b9724523833bab1 - Path: Packages/com.unity.ugui/Runtime/UGUI/EventSystem/EventTrigger.cs - Importer: ScriptedImporter/UnityEditor.QuickSearchModule:UnityEditor.Search:ASIAI0B
Importing 'GUID: d0b148fe25e99eb48b9724523833bab1 - Path: Packages/com.unity.ugui/Runtime/UGUI/EventSystem/EventTrigger.cs - Importer: ScriptedImporter/UnityEditor.QuickSearchModule:UnityEditor.Search:ASIAI0B' with importer (ScriptedImporter : UnityEditor.QuickSearchModule:UnityEditor.Search:ASIAI0B)
Imported 'GUID: d0b148fe25e99eb48b9724523833bab1' -> (Import Result ID: 'eb2a17562f6324036cc922cb83da3cd0') in 0.002 seconds [static and dynamic dependencies]. Details - ImportResultOutputID=899d68567c1e3ec3b18a1aacc9e19784 DependenciesID=d55d609a698a79cb17bf5062a327eacc StaticDependenciesID=e02eb45725cc8e9bcc211aee81a6370c 
Number of updated asset objects reloaded before import = 0
Number of asset objects unloaded after import = 0
========================================================================
Received Import Request.
  Time of request: 2026-08-04T17:31:20.70198Z
  Time since last request: 0.000466 seconds.
  importAddress: GUID: e976a5e755c7016418f66e15223c1b90 - Path: Packages/com.unity.ugui/Editor/UGUI/EventSystem/PhysicsRaycasterEditor.cs - Importer: ScriptedImporter/UnityEditor.QuickSearchModule:UnityEditor.Search:ASIAI0B
Importing 'GUID: e976a5e755c7016418f66e15223c1b90 - Path: Packages/com.unity.ugui/Editor/UGUI/EventSystem/PhysicsRaycasterEditor.cs - Importer: ScriptedImporter/UnityEditor.QuickSearchModule:UnityEditor.Search:ASIAI0B' with importer (ScriptedImporter : UnityEditor.QuickSearchModule:UnityEditor.Search:ASIAI0B)
Imported 'GUID: e976a5e755c7016418f66e15223c1b90' -> (Import Result ID: 'd0c353b702020c142f3426b25538a48c') in 0.002 seconds [static and dynamic dependencies]. Details - ImportResultOutputID=ac311eeb704e2e8880942c8a1957308a DependenciesID=eda2337eca30bc9b360650ad63659dcc StaticDependenciesID=d96f6188cfee77f12212889eea2115b6 
Number of updated asset objects reloaded before import = 0
Number of asset objects unloaded after import = 0
========================================================================
Received Import Request.
  Time of request: 2026-08-04T17:31:20.7113117Z
  Time since last request: 0.0003422 seconds.
  importAddress: GUID: f867743975592a743a3581ff042bcc25 - Path: Packages/com.unity.ugui/Editor/UGUI/UI/MenuOptions.cs - Importer: ScriptedImporter/UnityEditor.QuickSearchModule:UnityEditor.Search:ASIAI0B
Importing 'GUID: f867743975592a743a3581ff042bcc25 - Path: Packages/com.unity.ugui/Editor/UGUI/UI/MenuOptions.cs - Importer: ScriptedImporter/UnityEditor.QuickSearchModule:UnityEditor.Search:ASIAI0B' with importer (ScriptedImporter : UnityEditor.QuickSearchModule:UnityEditor.Search:ASIAI0B)
Imported 'GUID: f867743975592a743a3581ff042bcc25' -> (Import Result ID: 'bf4f4466c6b42bb589e532e5b329fe1b') in 0.002 seconds [static and dynamic dependencies]. Details - ImportResultOutputID=c8510fdd5914dce90736d58d9fc3d04b DependenciesID=e30777dea269a279a775a183cef70975 StaticDependenciesID=bd27c1392ae226fe75a9b3ffe87c633d 
Number of updated asset objects reloaded before import = 0
Number of asset objects unloaded after import = 0
========================================================================
Received Import Request.
  Time of request: 2026-08-04T17:31:20.7222136Z
  Time since last request: 0.0003845 seconds.
  importAddress: GUID: 6a981cd1456bec84b86e1c66773f57f5 - Path: Packages/com.unity.ugui/Editor/UGUI/UI/GridLayoutGroupEditor.cs - Importer: ScriptedImporter/UnityEditor.QuickSearchModule:UnityEditor.Search:ASIAI0B
Importing 'GUID: 6a981cd1456bec84b86e1c66773f57f5 - Path: Packages/com.unity.ugui/Editor/UGUI/UI/GridLayoutGroupEditor.cs - Importer: ScriptedImporter/UnityEditor.QuickSearchModule:UnityEditor.Search:ASIAI0B' with importer (ScriptedImporter : UnityEditor.QuickSearchModule:UnityEditor.Search:ASIAI0B)
Imported 'GUID: 6a981cd1456bec84b86e1c66773f57f5' -> (Import Result ID: 'e65db8707d6fd416127c69ccce396475') in 0.002 seconds [static and dynamic dependencies]. Details - ImportResultOutputID=6399606086c4ec53f875a2d09c903228 DependenciesID=05fe2a89a0836be7773af701e8935e01 StaticDependenciesID=15b26428ba48eca019f44728c2564f65 
Number of updated asset objects reloaded before import = 0
Number of asset objects unloaded after import = 0
========================================================================
Received Import Request.
  Time of request: 2026-08-04T17:31:20.7319062Z
  Time since last request: 0.0003085 seconds.
  importAddress: GUID: e3795795b029fde4395e6953ce72b5a6 - Path: Packages/com.unity.ugui/Editor/TMP/HDRP/TMP_BaseHDRPLitShaderGUI.cs - Importer: ScriptedImporter/UnityEditor.QuickSearchModule:UnityEditor.Search:ASIAI0B
Importing 'GUID: e3795795b029fde4395e6953ce72b5a6 - Path: Packages/com.unity.ugui/Editor/TMP/HDRP/TMP_BaseHDRPLitShaderGUI.cs - Importer: ScriptedImporter/UnityEditor.QuickSearchModule:UnityEditor.Search:ASIAI0B' with importer (ScriptedImporter : UnityEditor.QuickSearchModule:UnityEditor.Search:ASIAI0B)
Imported 'GUID: e3795795b029fde4395e6953ce72b5a6' -> (Import Result ID: 'c6c3e678d97bd9baf41406455770bd74') in 0.002 seconds [static and dynamic dependencies]. Details - ImportResultOutputID=341e3de5dd639769e95679a056c383a9 DependenciesID=3ae31e5e9ec89d9100e7b87fde1f97bd StaticDependenciesID=aca214c1e711f8f8f5707b2bd90be726 
Number of updated asset objects reloaded before import = 0
Number of asset objects unloaded after import = 0
========================================================================
Received Import Request.
  Time of request: 2026-08-04T17:31:20.7409455Z
  Time since last request: 0.0004993 seconds.
  importAddress: GUID: b5f70efd2f7b286498ca6c00adbb4a13 - Path: Packages/com.unity.ugui/Editor/UGUI/UI/AspectRatioFitterEditor.cs - Importer: ScriptedImporter/UnityEditor.QuickSearchModule:UnityEditor.Search:ASIAI0B
Importing 'GUID: b5f70efd2f7b286498ca6c00adbb4a13 - Path: Packages/com.unity.ugui/Editor/UGUI/UI/AspectRatioFitterEditor.cs - Importer: ScriptedImporter/UnityEditor.QuickSearchModule:UnityEditor.Search:ASIAI0B' with importer (ScriptedImporter : UnityEditor.QuickSearchModule:UnityEditor.Search:ASIAI0B)
Imported 'GUID: b5f70efd2f7b286498ca6c00adbb4a13' -> (Import Result ID: '529a57699ba06e139768079f25bbc9a9') in 0.002 seconds [static and dynamic dependencies]. Details - ImportResultOutputID=a6e9e1159f4e97c3f2b42488cd239bb9 DependenciesID=6ad468ec477f0587b9a159df820ef2d1 StaticDependenciesID=4afeea878e3eefe8ce3619c823873a0a 
Number of updated asset objects reloaded before import = 0
Number of asset objects unloaded after import = 0
========================================================================
Received Import Request.
  Time of request: 2026-08-04T17:31:20.7511782Z
  Time since last request: 0.0002629 seconds.
  importAddress: GUID: 691db8cb70c4426a8ae718465c21345f - Path: Packages/com.unity.ugui/Runtime/TMP/TMP_UpdateManager.cs - Importer: ScriptedImporter/UnityEditor.QuickSearchModule:UnityEditor.Search:ASIAI0B
Importing 'GUID: 691db8cb70c4426a8ae718465c21345f - Path: Packages/com.unity.ugui/Runtime/TMP/TMP_UpdateManager.cs - Importer: ScriptedImporter/UnityEditor.QuickSearchModule:UnityEditor.Search:ASIAI0B' with importer (ScriptedImporter : UnityEditor.QuickSearchModule:UnityEditor.Search:ASIAI0B)
Imported 'GUID: 691db8cb70c4426a8ae718465c21345f' -> (Import Result ID: 'ac1f7a928dfc9afa14d9e929362362b3') in 0.002 seconds [static and dynamic dependencies]. Details - ImportResultOutputID=88458cb24a0978843d043522fd7e07b5 DependenciesID=fa67d58b3c4841ca79933133fd029675 StaticDependenciesID=9982128dee81f3ea3d0bf337e4e825e7 
Number of updated asset objects reloaded before import = 0
Number of asset objects unloaded after import = 0
========================================================================
Received Import Request.
  Time of request: 2026-08-04T17:31:20.7604402Z
  Time since last request: 0.0002158 seconds.
  importAddress: GUID: 58e7d991249847640b1534192721c5ea - Path: Packages/com.unity.ugui/Editor/UGUI/UI/RectMask2DEditor.cs - Importer: ScriptedImporter/UnityEditor.QuickSearchModule:UnityEditor.Search:ASIAI0B
Importing 'GUID: 58e7d991249847640b1534192721c5ea - Path: Packages/com.unity.ugui/Editor/UGUI/UI/RectMask2DEditor.cs - Importer: ScriptedImporter/UnityEditor.QuickSearchModule:UnityEditor.Search:ASIAI0B' with importer (ScriptedImporter : UnityEditor.QuickSearchModule:UnityEditor.Search:ASIAI0B)
Imported 'GUID: 58e7d991249847640b1534192721c5ea' -> (Import Result ID: '036e06526ccd94a4c190219479d6a813') in 0.002 seconds [static and dynamic dependencies]. Details - ImportResultOutputID=62688fc80b5658c37afbfb83c2123e51 DependenciesID=748bfb25dbe37b8d4599ad63f43e3910 StaticDependenciesID=784e8456bda4b8bed9512c7e5d2be38b 
Number of updated asset objects reloaded before import = 0
Number of asset objects unloaded after import = 0
========================================================================
Received Import Request.
  Time of request: 2026-08-04T17:31:20.7694947Z
  Time since last request: 0.0001511 seconds.
  importAddress: GUID: 58c9792f08de21b4194eb2f9d862dc22 - Path: Packages/com.unity.ugui/Runtime/UGUI/AssemblyInfo.cs - Importer: ScriptedImporter/UnityEditor.QuickSearchModule:UnityEditor.Search:ASIAI0B
Importing 'GUID: 58c9792f08de21b4194eb2f9d862dc22 - Path: Packages/com.unity.ugui/Runtime/UGUI/AssemblyInfo.cs - Importer: ScriptedImporter/UnityEditor.QuickSearchModule:UnityEditor.Search:ASIAI0B' with importer (ScriptedImporter : UnityEditor.QuickSearchModule:UnityEditor.Search:ASIAI0B)
Imported 'GUID: 58c9792f08de21b4194eb2f9d862dc22' -> (Import Result ID: '020fa7b1ceab7581176792b0755dd229') in 0.002 seconds [static and dynamic dependencies]. Details - ImportResultOutputID=9fdd39f3cecbbc62c449e6e400a6deff DependenciesID=b09cae0c593207df4fbe1894ab53d36d StaticDependenciesID=ce36cf212c2c99e5eb32f71f98bf4265 
Number of updated asset objects reloaded before import = 0
Number of asset objects unloaded after import = 0
========================================================================
Received Import Request.
  Time of request: 2026-08-04T17:31:20.7816357Z
  Time since last request: 0.000296 seconds.
  importAddress: GUID: 371a2245f9a9ff344997fec3609bf73e - Path: Packages/com.unity.ugui/Editor/TMP/PropertyDrawers/TMP_PropertyDrawerUtilities.cs - Importer: ScriptedImporter/UnityEditor.QuickSearchModule:UnityEditor.Search:ASIAI0B
Importing 'GUID: 371a2245f9a9ff344997fec3609bf73e - Path: Packages/com.unity.ugui/Editor/TMP/PropertyDrawers/TMP_PropertyDrawerUtilities.cs - Importer: ScriptedImporter/UnityEditor.QuickSearchModule:UnityEditor.Search:ASIAI0B' with importer (ScriptedImporter : UnityEditor.QuickSearchModule:UnityEditor.Search:ASIAI0B)
Imported 'GUID: 371a2245f9a9ff344997fec3609bf73e' -> (Import Result ID: '91e07d1b23990482cfd6c118ccc65880') in 0.003 seconds [static and dynamic dependencies]. Details - ImportResultOutputID=82665ce8301840abdda20c909fcedff3 DependenciesID=d36f76e3cc5f93b0654658021f69b680 StaticDependenciesID=afd932271d67cd01d285af6cd65dd0b0 
Number of updated asset objects reloaded before import = 0
Number of asset objects unloaded after import = 0
========================================================================
Received Import Request.
  Time of request: 2026-08-04T17:31:20.7914295Z
  Time since last request: 0.0004137 seconds.
  importAddress: GUID: d51458b261e0ecc4a98904e53924dc1c - Path: Packages/com.unity.ugui/Editor/UGUI/Properties/AssemblyInfo.cs - Importer: ScriptedImporter/UnityEditor.QuickSearchModule:UnityEditor.Search:ASIAI0B
Importing 'GUID: d51458b261e0ecc4a98904e53924dc1c - Path: Packages/com.unity.ugui/Editor/UGUI/Properties/AssemblyInfo.cs - Importer: ScriptedImporter/UnityEditor.QuickSearchModule:UnityEditor.Search:ASIAI0B' with importer (ScriptedImporter : UnityEditor.QuickSearchModule:UnityEditor.Search:ASIAI0B)
Imported 'GUID: d51458b261e0ecc4a98904e53924dc1c' -> (Import Result ID: 'afd98af2218324795f79788639ba391e') in 0.002 seconds [static and dynamic dependencies]. Details - ImportResultOutputID=725846c7d9e1b6578354be5db778c459 DependenciesID=3818c9129c844dd8aaa9816336962742 StaticDependenciesID=5011a7255d734226153f9592f3fee1ae 
Number of updated asset objects reloaded before import = 0
Number of asset objects unloaded after import = 0
========================================================================
Received Import Request.
  Time of request: 2026-08-04T17:31:20.8001173Z
  Time since last request: 0.000237 seconds.
  importAddress: GUID: e6413f4090046814d802ddbff9890878 - Path: Packages/com.unity.ugui/Editor/UGUI/UI/RawImageEditor.cs - Importer: ScriptedImporter/UnityEditor.QuickSearchModule:UnityEditor.Search:ASIAI0B
Importing 'GUID: e6413f4090046814d802ddbff9890878 - Path: Packages/com.unity.ugui/Editor/UGUI/UI/RawImageEditor.cs - Importer: ScriptedImporter/UnityEditor.QuickSearchModule:UnityEditor.Search:ASIAI0B' with importer (ScriptedImporter : UnityEditor.QuickSearchModule:UnityEditor.Search:ASIAI0B)
Imported 'GUID: e6413f4090046814d802ddbff9890878' -> (Import Result ID: 'b03733a7f0d13b1ac2c9dfa8fb46b3e8') in 0.002 seconds [static and dynamic dependencies]. Details - ImportResultOutputID=c152e636fe85e75c28f9ffd7fefcce02 DependenciesID=cd2db88b90badc269e0d8511cb3cf1e6 StaticDependenciesID=3afd614962ee3f95c1ab00872cebe8fc 
Number of updated asset objects reloaded before import = 0
Number of asset objects unloaded after import = 0
========================================================================
Received Import Request.
  Time of request: 2026-08-04T17:31:20.8238799Z
  Time since last request: 0.0138494 seconds.
  importAddress: GUID: bf87e20fb5440ec498f441167b5291f8 - Path: Packages/com.unity.ugui/Runtime/UGUI/UI/Core/DefaultControls.cs - Importer: ScriptedImporter/UnityEditor.QuickSearchModule:UnityEditor.Search:ASIAI0B
Importing 'GUID: bf87e20fb5440ec498f441167b5291f8 - Path: Packages/com.unity.ugui/Runtime/UGUI/UI/Core/DefaultControls.cs - Importer: ScriptedImporter/UnityEditor.QuickSearchModule:UnityEditor.Search:ASIAI0B' with importer (ScriptedImporter : UnityEditor.QuickSearchModule:UnityEditor.Search:ASIAI0B)
Imported 'GUID: bf87e20fb5440ec498f441167b5291f8' -> (Import Result ID: 'ce63dda537328ef8b0810cb93c03145c') in 0.002 seconds [static and dynamic dependencies]. Details - ImportResultOutputID=8db295563a897d6a1fda0d76c4840ec7 DependenciesID=2f60b6ebecb532bdbd723ae13387f9d6 StaticDependenciesID=b76819c45f8d1047a7587f3b5f222e53 
Number of updated asset objects reloaded before import = 0
Number of asset objects unloaded after import = 0
========================================================================
Received Import Request.
  Time of request: 2026-08-04T17:31:20.8331684Z
  Time since last request: 0.0004782 seconds.
  importAddress: GUID: bfb788a43e03363419155b8af77da971 - Path: Packages/com.unity.ugui/Runtime/UGUI/UI/Core/CanvasUpdateRegistry.cs - Importer: ScriptedImporter/UnityEditor.QuickSearchModule:UnityEditor.Search:ASIAI0B
Importing 'GUID: bfb788a43e03363419155b8af77da971 - Path: Packages/com.unity.ugui/Runtime/UGUI/UI/Core/CanvasUpdateRegistry.cs - Importer: ScriptedImporter/UnityEditor.QuickSearchModule:UnityEditor.Search:ASIAI0B' with importer (ScriptedImporter : UnityEditor.QuickSearchModule:UnityEditor.Search:ASIAI0B)
Imported 'GUID: bfb788a43e03363419155b8af77da971' -> (Import Result ID: '6a107f3df95e877538271ebe43615a84') in 0.002 seconds [static and dynamic dependencies]. Details - ImportResultOutputID=5cfbae2e549b6fb50a346a542b52afb4 DependenciesID=7ddea5a9cbae508fc0cee2ec8d13a573 StaticDependenciesID=ccd006eb3aa4cd7341c9ea9e1e03e2ba 
Number of updated asset objects reloaded before import = 0
Number of asset objects unloaded after import = 0
========================================================================
Received Import Request.
  Time of request: 2026-08-04T17:31:20.841702Z
  Time since last request: 0.0002155 seconds.
  importAddress: GUID: 2c727e4c005e5114fb3348a38c4cebbf - Path: Packages/com.unity.ugui/Runtime/UGUI/EventSystem/UIElements/WorldDocumentRaycaster.cs - Importer: ScriptedImporter/UnityEditor.QuickSearchModule:UnityEditor.Search:ASIAI0B
Importing 'GUID: 2c727e4c005e5114fb3348a38c4cebbf - Path: Packages/com.unity.ugui/Runtime/UGUI/EventSystem/UIElements/WorldDocumentRaycaster.cs - Importer: ScriptedImporter/UnityEditor.QuickSearchModule:UnityEditor.Search:ASIAI0B' with importer (ScriptedImporter : UnityEditor.QuickSearchModule:UnityEditor.Search:ASIAI0B)
Imported 'GUID: 2c727e4c005e5114fb3348a38c4cebbf' -> (Import Result ID: '6cbbeb63f4e8547621fefa9dcec35ed9') in 0.002 seconds [static and dynamic dependencies]. Details - ImportResultOutputID=7ccfe7d223584e71a55b526b5d468c5f DependenciesID=464757839ed70b6863a66fd8b6d42e3a StaticDependenciesID=cc5884574cea33d0165f06a551746d79 
Number of updated asset objects reloaded before import = 0
Number of asset objects unloaded after import = 0
========================================================================
Received Import Request.
  Time of request: 2026-08-04T17:31:20.8508629Z
  Time since last request: 0.0002354 seconds.
  importAddress: GUID: 0aaa057ce5566e940b18a0ccd0344693 - Path: Packages/com.unity.ugui/Runtime/UGUI/EventSystem/UIBehaviour.cs - Importer: ScriptedImporter/UnityEditor.QuickSearchModule:UnityEditor.Search:ASIAI0B
Importing 'GUID: 0aaa057ce5566e940b18a0ccd0344693 - Path: Packages/com.unity.ugui/Runtime/UGUI/EventSystem/UIBehaviour.cs - Importer: ScriptedImporter/UnityEditor.QuickSearchModule:UnityEditor.Search:ASIAI0B' with importer (ScriptedImporter : UnityEditor.QuickSearchModule:UnityEditor.Search:ASIAI0B)
Imported 'GUID: 0aaa057ce5566e940b18a0ccd0344693' -> (Import Result ID: 'ed7a5bf01a4fdf91d27b067ae18daf3c') in 0.002 seconds [static and dynamic dependencies]. Details - ImportResultOutputID=545e16797a4622f611bb18eb2b965498 DependenciesID=0e85223ca06c6e49fae2439534e38a41 StaticDependenciesID=9cc1db473b48bd6595a4688a9e49996a 
Number of updated asset objects reloaded before import = 0
Number of asset objects unloaded after import = 0
========================================================================
Received Import Request.
  Time of request: 2026-08-04T17:31:20.8601148Z
  Time since last request: 0.0002356 seconds.
  importAddress: GUID: 61a20120cddc53849bbc10fc805ffe3e - Path: Packages/com.unity.ugui/Runtime/UGUI/UI/Core/IMaskable.cs - Importer: ScriptedImporter/UnityEditor.QuickSearchModule:UnityEditor.Search:ASIAI0B
Importing 'GUID: 61a20120cddc53849bbc10fc805ffe3e - Path: Packages/com.unity.ugui/Runtime/UGUI/UI/Core/IMaskable.cs - Importer: ScriptedImporter/UnityEditor.QuickSearchModule:UnityEditor.Search:ASIAI0B' with importer (ScriptedImporter : UnityEditor.QuickSearchModule:UnityEditor.Search:ASIAI0B)
Imported 'GUID: 61a20120cddc53849bbc10fc805ffe3e' -> (Import Result ID: '71f91d6da380cf713d1aa1200cfa7c3a') in 0.002 seconds [static and dynamic dependencies]. Details - ImportResultOutputID=f4d6fefa3d28afefbea7174e7f3dea7d DependenciesID=d98cfd0356ddf2b7ba68562cd6c66eab StaticDependenciesID=ad3f50982ec14a69dc73fd016a832af9 
Number of updated asset objects reloaded before import = 0
Number of asset objects unloaded after import = 0
========================================================================
Received Import Request.
  Time of request: 2026-08-04T17:31:20.869112Z
  Time since last request: 0.0001926 seconds.
  importAddress: GUID: ceb629fc661813d40986b4abbefe72c6 - Path: Packages/com.unity.ugui/Runtime/UGUI/UI/Core/IMask.cs - Importer: ScriptedImporter/UnityEditor.QuickSearchModule:UnityEditor.Search:ASIAI0B
Importing 'GUID: ceb629fc661813d40986b4abbefe72c6 - Path: Packages/com.unity.ugui/Runtime/UGUI/UI/Core/IMask.cs - Importer: ScriptedImporter/UnityEditor.QuickSearchModule:UnityEditor.Search:ASIAI0B' with importer (ScriptedImporter : UnityEditor.QuickSearchModule:UnityEditor.Search:ASIAI0B)
Imported 'GUID: ceb629fc661813d40986b4abbefe72c6' -> (Import Result ID: '01218ea0029a02db4c25d1e319971321') in 0.002 seconds [static and dynamic dependencies]. Details - ImportResultOutputID=107fdaff0115cfae2d1a88da4477da7f DependenciesID=d78373e6f4574053652f7ab352d30d66 StaticDependenciesID=3213bf81fdd5f5e48d671bf9eeec9c92 
Number of updated asset objects reloaded before import = 0
Number of asset objects unloaded after import = 0
========================================================================
Received Import Request.
  Time of request: 2026-08-04T17:31:20.877697Z
  Time since last request: 0.0002995 seconds.
  importAddress: GUID: 828075bc53f2de84982a943870529b7b - Path: Packages/com.unity.ugui/Runtime/UGUI/UI/Core/Misc.cs - Importer: ScriptedImporter/UnityEditor.QuickSearchModule:UnityEditor.Search:ASIAI0B
Importing 'GUID: 828075bc53f2de84982a943870529b7b - Path: Packages/com.unity.ugui/Runtime/UGUI/UI/Core/Misc.cs - Importer: ScriptedImporter/UnityEditor.QuickSearchModule:UnityEditor.Search:ASIAI0B' with importer (ScriptedImporter : UnityEditor.QuickSearchModule:UnityEditor.Search:ASIAI0B)
Imported 'GUID: 828075bc53f2de84982a943870529b7b' -> (Import Result ID: 'c18e9bc005945d2d0c03ba173115a8aa') in 0.002 seconds [static and dynamic dependencies]. Details - ImportResultOutputID=25e8b339a4516415cf06887d21e37933 DependenciesID=a116f8212d2fc58a5153d3e750082080 StaticDependenciesID=21ed9536269e7cd6c99246e36f39c266 
Number of updated asset objects reloaded before import = 0
Number of asset objects unloaded after import = 0
========================================================================
Received Import Request.
  Time of request: 2026-08-04T17:31:20.8870908Z
  Time since last request: 0.0002667 seconds.
  importAddress: GUID: 4f231c4fb786f3946a6b90b886c48677 - Path: Packages/com.unity.ugui/Runtime/UGUI/EventSystem/InputModules/StandaloneInputModule.cs - Importer: ScriptedImporter/UnityEditor.QuickSearchModule:UnityEditor.Search:ASIAI0B
Importing 'GUID: 4f231c4fb786f3946a6b90b886c48677 - Path: Packages/com.unity.ugui/Runtime/UGUI/EventSystem/InputModules/StandaloneInputModule.cs - Importer: ScriptedImporter/UnityEditor.QuickSearchModule:UnityEditor.Search:ASIAI0B' with importer (ScriptedImporter : UnityEditor.QuickSearchModule:UnityEditor.Search:ASIAI0B)
Imported 'GUID: 4f231c4fb786f3946a6b90b886c48677' -> (Import Result ID: '12e0afbf52a97b2544f2a499acd3f984') in 0.003 seconds [static and dynamic dependencies]. Details - ImportResultOutputID=63a1383443fc54bbace25f7bdb689560 DependenciesID=4a4418c1e2d83d47cf3ea42ba3bd8b93 StaticDependenciesID=77a992c41f863a2fd0764e4aaedb3ef8 
Number of updated asset objects reloaded before import = 0
Number of asset objects unloaded after import = 0
========================================================================
Received Import Request.
  Time of request: 2026-08-04T17:31:20.8964514Z
  Time since last request: 0.0001994 seconds.
  importAddress: GUID: 656e461844099ae43a609ff6109b0877 - Path: Packages/com.unity.ugui/Tests/Editor/TMP/Unity.TextMeshPro.Editor.Tests.asmdef - Importer: ScriptedImporter/UnityEditor.QuickSearchModule:UnityEditor.Search:ASIAI0B
Importing 'GUID: 656e461844099ae43a609ff6109b0877 - Path: Packages/com.unity.ugui/Tests/Editor/TMP/Unity.TextMeshPro.Editor.Tests.asmdef - Importer: ScriptedImporter/UnityEditor.QuickSearchModule:UnityEditor.Search:ASIAI0B' with importer (ScriptedImporter : UnityEditor.QuickSearchModule:UnityEditor.Search:ASIAI0B)
Imported 'GUID: 656e461844099ae43a609ff6109b0877' -> (Import Result ID: '66d8bd23b0280fb6815fa1c0858c2ef4') in 0.002 seconds [static and dynamic dependencies]. Details - ImportResultOutputID=8e880332a0f008124076da29dfdc3ce2 DependenciesID=9bca727d85038848395fa1feaf588c04 StaticDependenciesID=7dc65bf4a723f30832a853483d1e10d1 
Number of updated asset objects reloaded before import = 0
Number of asset objects unloaded after import = 1
========================================================================
Received Import Request.
  Time of request: 2026-08-04T17:31:20.9060568Z
  Time since last request: 0.000197 seconds.
  importAddress: GUID: 39ab466162988eb4f83443f911bbf5c8 - Path: Packages/com.unity.ugui/Runtime/UGUI/UI/Core/FontUpdateTracker.cs - Importer: ScriptedImporter/UnityEditor.QuickSearchModule:UnityEditor.Search:ASIAI0B
Importing 'GUID: 39ab466162988eb4f83443f911bbf5c8 - Path: Packages/com.unity.ugui/Runtime/UGUI/UI/Core/FontUpdateTracker.cs - Importer: ScriptedImporter/UnityEditor.QuickSearchModule:UnityEditor.Search:ASIAI0B' with importer (ScriptedImporter : UnityEditor.QuickSearchModule:UnityEditor.Search:ASIAI0B)
Imported 'GUID: 39ab466162988eb4f83443f911bbf5c8' -> (Import Result ID: 'c44c5c9a2e485b8bc64abdf60b0bbe24') in 0.002 seconds [static and dynamic dependencies]. Details - ImportResultOutputID=ba1edd476104bd10149152f55aa95390 DependenciesID=5915738cf05e2c846949d1c752baf46a StaticDependenciesID=718715ee5a302bc4414546078bd32135 
Number of updated asset objects reloaded before import = 0
Number of asset objects unloaded after import = 0
========================================================================
Received Import Request.
  Time of request: 2026-08-04T17:31:20.9154799Z
  Time since last request: 0.0001626 seconds.
  importAddress: GUID: 9de24983a2c6cbe4f925c3e98a79b804 - Path: Packages/com.unity.ugui/Tests/Runtime/TMP/TMP_RuntimeTests.cs - Importer: ScriptedImporter/UnityEditor.QuickSearchModule:UnityEditor.Search:ASIAI0B
Importing 'GUID: 9de24983a2c6cbe4f925c3e98a79b804 - Path: Packages/com.unity.ugui/Tests/Runtime/TMP/TMP_RuntimeTests.cs - Importer: ScriptedImporter/UnityEditor.QuickSearchModule:UnityEditor.Search:ASIAI0B' with importer (ScriptedImporter : UnityEditor.QuickSearchModule:UnityEditor.Search:ASIAI0B)
Imported 'GUID: 9de24983a2c6cbe4f925c3e98a79b804' -> (Import Result ID: 'c3bf9070bd2febf0db107e5c7f285e87') in 0.002 seconds [static and dynamic dependencies]. Details - ImportResultOutputID=f8dd9262ccaed24036e241163a18a263 DependenciesID=5963ff7e09799ab0582d84684a7062e3 StaticDependenciesID=81df776f4573d7e43220152abea1442b 
Number of updated asset objects reloaded before import = 0
Number of asset objects unloaded after import = 0
========================================================================
Received Import Request.
  Time of request: 2026-08-04T17:31:20.9242759Z
  Time since last request: 0.0002367 seconds.
  importAddress: GUID: 7a79c4e23d4d4b64bfa5fa9e6671a460 - Path: Packages/com.unity.ugui/Runtime/UGUI/EventSystem/UIElements/PanelRaycaster.cs - Importer: ScriptedImporter/UnityEditor.QuickSearchModule:UnityEditor.Search:ASIAI0B
Importing 'GUID: 7a79c4e23d4d4b64bfa5fa9e6671a460 - Path: Packages/com.unity.ugui/Runtime/UGUI/EventSystem/UIElements/PanelRaycaster.cs - Importer: ScriptedImporter/UnityEditor.QuickSearchModule:UnityEditor.Search:ASIAI0B' with importer (ScriptedImporter : UnityEditor.QuickSearchModule:UnityEditor.Search:ASIAI0B)
Imported 'GUID: 7a79c4e23d4d4b64bfa5fa9e6671a460' -> (Import Result ID: '8270491c2cb03bdcecfb9411ba95813d') in 0.003 seconds [static and dynamic dependencies]. Details - ImportResultOutputID=52ced0697509e48aeb1e30482eb74fdc DependenciesID=8680bcfcaeb3559ef897f94fa2d54dfc StaticDependenciesID=16b10a194363d06bc2354233e2523363 
Number of updated asset objects reloaded before import = 0
Number of asset objects unloaded after import = 0
========================================================================
Received Import Request.
  Time of request: 2026-08-04T17:31:20.936138Z
  Time since last request: 0.00026 seconds.
  importAddress: GUID: 5c221dffa89042038c946376c731c918 - Path: Packages/com.unity.ugui/Tests/Editor/TMP/TMP_ControlTests.cs - Importer: ScriptedImporter/UnityEditor.QuickSearchModule:UnityEditor.Search:ASIAI0B
Importing 'GUID: 5c221dffa89042038c946376c731c918 - Path: Packages/com.unity.ugui/Tests/Editor/TMP/TMP_ControlTests.cs - Importer: ScriptedImporter/UnityEditor.QuickSearchModule:UnityEditor.Search:ASIAI0B' with importer (ScriptedImporter : UnityEditor.QuickSearchModule:UnityEditor.Search:ASIAI0B)
Imported 'GUID: 5c221dffa89042038c946376c731c918' -> (Import Result ID: 'ac69f01f29e5d972ac0e4821f1e59069') in 0.002 seconds [static and dynamic dependencies]. Details - ImportResultOutputID=2f91c8f0e178d8ff5bd98c7b1b1f7b27 DependenciesID=cbacd9f56d95b37e78a02bf6c2c82571 StaticDependenciesID=f9e0c98393c2b23b3b87307a30724228 
Number of updated asset objects reloaded before import = 0
Number of asset objects unloaded after import = 0
========================================================================
Received Import Request.
  Time of request: 2026-08-04T17:31:20.9574334Z
  Time since last request: 0.0112823 seconds.
  importAddress: GUID: 9c21cfda3336137438c3001d40564be0 - Path: Packages/com.unity.ugui/Tests/Runtime/UGUI/Canvas/NoActiveCameraInSceneDoesNotCrashEditor.cs - Importer: ScriptedImporter/UnityEditor.QuickSearchModule:UnityEditor.Search:ASIAI0B
Importing 'GUID: 9c21cfda3336137438c3001d40564be0 - Path: Packages/com.unity.ugui/Tests/Runtime/UGUI/Canvas/NoActiveCameraInSceneDoesNotCrashEditor.cs - Importer: ScriptedImporter/UnityEditor.QuickSearchModule:UnityEditor.Search:ASIAI0B' with importer (ScriptedImporter : UnityEditor.QuickSearchModule:UnityEditor.Search:ASIAI0B)
Imported 'GUID: 9c21cfda3336137438c3001d40564be0' -> (Import Result ID: '06e4ede756b692f2ccd307457ee109dd') in 0.002 seconds [static and dynamic dependencies]. Details - ImportResultOutputID=a52d195f031d7b55a75ee380f42f8dd8 DependenciesID=4d3bd8e551b018a511eb8a4b3def9cd5 StaticDependenciesID=9da3591815552f7ac000fba653bf8018 
Number of updated asset objects reloaded before import = 0
Number of asset objects unloaded after import = 0
========================================================================
Received Import Request.
  Time of request: 2026-08-04T17:31:20.9668523Z
  Time since last request: 0.0003781 seconds.
  importAddress: GUID: 35a0d10199de49f4db0128003bfd3bda - Path: Packages/com.unity.ugui/Tests/Editor/UGUI/Canvas/CanvasElementsMaintainValidPositionsWhenCameraOrthoSizeIsZero.cs - Importer: ScriptedImporter/UnityEditor.QuickSearchModule:UnityEditor.Search:ASIAI0B
Importing 'GUID: 35a0d10199de49f4db0128003bfd3bda - Path: Packages/com.unity.ugui/Tests/Editor/UGUI/Canvas/CanvasElementsMaintainValidPositionsWhenCameraOrthoSizeIsZero.cs - Importer: ScriptedImporter/UnityEditor.QuickSearchModule:UnityEditor.Search:ASIAI0B' with importer (ScriptedImporter : UnityEditor.QuickSearchModule:UnityEditor.Search:ASIAI0B)
Imported 'GUID: 35a0d10199de49f4db0128003bfd3bda' -> (Import Result ID: '1689790bcc0a0f959fca850bb4d87608') in 0.002 seconds [static and dynamic dependencies]. Details - ImportResultOutputID=c22e85befad3fbd62f82cf6f7497c988 DependenciesID=0ac5e2ab25ba2dc56a584c7e37e157d1 StaticDependenciesID=b94f5b725359c6f54eb7d6eb8363b2ac 
Number of updated asset objects reloaded before import = 0
Number of asset objects unloaded after import = 0
========================================================================
Received Import Request.
  Time of request: 2026-08-04T17:31:20.9767356Z
  Time since last request: 0.0006238 seconds.
  importAddress: GUID: fc8d686a4c18b8d49bb1db4150de0459 - Path: Packages/com.unity.ugui/Tests/Runtime/UGUI/Canvas/NestedCanvas.cs - Importer: ScriptedImporter/UnityEditor.QuickSearchModule:UnityEditor.Search:ASIAI0B
Importing 'GUID: fc8d686a4c18b8d49bb1db4150de0459 - Path: Packages/com.unity.ugui/Tests/Runtime/UGUI/Canvas/NestedCanvas.cs - Importer: ScriptedImporter/UnityEditor.QuickSearchModule:UnityEditor.Search:ASIAI0B' with importer (ScriptedImporter : UnityEditor.QuickSearchModule:UnityEditor.Search:ASIAI0B)
Imported 'GUID: fc8d686a4c18b8d49bb1db4150de0459' -> (Import Result ID: 'b947b030eb8dbc56f57825d8c20b3d0b') in 0.002 seconds [static and dynamic dependencies]. Details - ImportResultOutputID=c5d57c0e7f0c556aa9e297f4494f2ffe DependenciesID=3806c9b14cf6b41ad852cd14c7e1ec4a StaticDependenciesID=dab5711c329e80faee3a1c09a5dfaf07 
Number of updated asset objects reloaded before import = 0
Number of asset objects unloaded after import = 0
========================================================================
Received Import Request.
  Time of request: 2026-08-04T17:31:20.9861948Z
  Time since last request: 0.0002809 seconds.
  importAddress: GUID: 2ba506934dc2ce14591a37f3b00dca92 - Path: Packages/com.unity.ugui/Tests/Runtime/UGUI/Canvas/RectMask2DReparentedToDifferentCanvas.cs - Importer: ScriptedImporter/UnityEditor.QuickSearchModule:UnityEditor.Search:ASIAI0B
Importing 'GUID: 2ba506934dc2ce14591a37f3b00dca92 - Path: Packages/com.unity.ugui/Tests/Runtime/UGUI/Canvas/RectMask2DReparentedToDifferentCanvas.cs - Importer: ScriptedImporter/UnityEditor.QuickSearchModule:UnityEditor.Search:ASIAI0B' with importer (ScriptedImporter : UnityEditor.QuickSearchModule:UnityEditor.Search:ASIAI0B)
Imported 'GUID: 2ba506934dc2ce14591a37f3b00dca92' -> (Import Result ID: 'a8e39ca40d041c3e1cc86375e2d5e0ec') in 0.002 seconds [static and dynamic dependencies]. Details - ImportResultOutputID=8dd3ac5e02aeb767b95cce8240145ae8 DependenciesID=beb8362c43114a0be73403ee01decd73 StaticDependenciesID=0b17426a8080a4e73fff26466c0379ee 
Number of updated asset objects reloaded before import = 0
Number of asset objects unloaded after import = 0
========================================================================
Received Import Request.
  Time of request: 2026-08-04T17:31:20.9952912Z
  Time since last request: 0.0002259 seconds.
  importAddress: GUID: aca0de4e74f6cdf41a449805f345a4f5 - Path: Packages/com.unity.ugui/Tests/Runtime/UGUI/Graphic/NavigationTests.cs - Importer: ScriptedImporter/UnityEditor.QuickSearchModule:UnityEditor.Search:ASIAI0B
Importing 'GUID: aca0de4e74f6cdf41a449805f345a4f5 - Path: Packages/com.unity.ugui/Tests/Runtime/UGUI/Graphic/NavigationTests.cs - Importer: ScriptedImporter/UnityEditor.QuickSearchModule:UnityEditor.Search:ASIAI0B' with importer (ScriptedImporter : UnityEditor.QuickSearchModule:UnityEditor.Search:ASIAI0B)
Imported 'GUID: aca0de4e74f6cdf41a449805f345a4f5' -> (Import Result ID: 'ae88c9ce632b75581206cbc20c6cc84e') in 0.002 seconds [static and dynamic dependencies]. Details - ImportResultOutputID=511a43fc7c6b807b468c6e64db6024b2 DependenciesID=6bdd99d37c9eb00c0394bae490aaaef3 StaticDependenciesID=a3f28d364810894e57812ab650d915d3 
Number of updated asset objects reloaded before import = 0
Number of asset objects unloaded after import = 0
========================================================================
Received Import Request.
  Time of request: 2026-08-04T17:31:21.0044938Z
  Time since last request: 0.0002851 seconds.
  importAddress: GUID: a14a59f2a5c757e469c3e4e17b798c2e - Path: Packages/com.unity.ugui/Tests/Runtime/UGUI/Canvas/CanvasGroupInheritedAlpha.cs - Importer: ScriptedImporter/UnityEditor.QuickSearchModule:UnityEditor.Search:ASIAI0B
Importing 'GUID: a14a59f2a5c757e469c3e4e17b798c2e - Path: Packages/com.unity.ugui/Tests/Runtime/UGUI/Canvas/CanvasGroupInheritedAlpha.cs - Importer: ScriptedImporter/UnityEditor.QuickSearchModule:UnityEditor.Search:ASIAI0B' with importer (ScriptedImporter : UnityEditor.QuickSearchModule:UnityEditor.Search:ASIAI0B)
Imported 'GUID: a14a59f2a5c757e469c3e4e17b798c2e' -> (Import Result ID: '178d7a45f5b73885f513220fbad26ce0') in 0.002 seconds [static and dynamic dependencies]. Details - ImportResultOutputID=488b62dad81edc3935dcac16becc0f16 DependenciesID=b0be2860d9d4141b8a172dfed9069900 StaticDependenciesID=0737aa54b32f1fd20f53d4ee290b0c8f 
Number of updated asset objects reloaded before import = 0
Number of asset objects unloaded after import = 0
========================================================================
Received Import Request.
  Time of request: 2026-08-04T17:31:21.0147772Z
  Time since last request: 0.0002314 seconds.
  importAddress: GUID: b9ba34e0b1884454fbc4257260e22b64 - Path: Packages/com.unity.ugui/Runtime/UGUI/UI/Core/SetPropertyUtility.cs - Importer: ScriptedImporter/UnityEditor.QuickSearchModule:UnityEditor.Search:ASIAI0B
Importing 'GUID: b9ba34e0b1884454fbc4257260e22b64 - Path: Packages/com.unity.ugui/Runtime/UGUI/UI/Core/SetPropertyUtility.cs - Importer: ScriptedImporter/UnityEditor.QuickSearchModule:UnityEditor.Search:ASIAI0B' with importer (ScriptedImporter : UnityEditor.QuickSearchModule:UnityEditor.Search:ASIAI0B)
Imported 'GUID: b9ba34e0b1884454fbc4257260e22b64' -> (Import Result ID: 'e54dfd89ba927cb2ab633496106f81fd') in 0.002 seconds [static and dynamic dependencies]. Details - ImportResultOutputID=35c934e103ebf55f96e7f042395ebcb8 DependenciesID=24233e50bca2b8a22cb738e81949959e StaticDependenciesID=256336e731eecf320f58ca14eddabf8f 
Number of updated asset objects reloaded before import = 0
Number of asset objects unloaded after import = 0
========================================================================
Received Import Request.
  Time of request: 2026-08-04T17:31:21.0256344Z
  Time since last request: 0.0002424 seconds.
  importAddress: GUID: 9390296e78291b543b2f4a9761ef8139 - Path: Packages/com.unity.ugui/Tests/Runtime/UGUI/Canvas/CheckMeshColorsAndColors32Match.cs - Importer: ScriptedImporter/UnityEditor.QuickSearchModule:UnityEditor.Search:ASIAI0B
Importing 'GUID: 9390296e78291b543b2f4a9761ef8139 - Path: Packages/com.unity.ugui/Tests/Runtime/UGUI/Canvas/CheckMeshColorsAndColors32Match.cs - Importer: ScriptedImporter/UnityEditor.QuickSearchModule:UnityEditor.Search:ASIAI0B' with importer (ScriptedImporter : UnityEditor.QuickSearchModule:UnityEditor.Search:ASIAI0B)
Imported 'GUID: 9390296e78291b543b2f4a9761ef8139' -> (Import Result ID: '90709c0c13a62dcaaaea63093d231278') in 0.002 seconds [static and dynamic dependencies]. Details - ImportResultOutputID=a9a4eb0edcd5ee4f9cf7d7c57efec4b3 DependenciesID=d5fd66018292c2eb3e5ee4e74f0481be StaticDependenciesID=db0a05bd1bcf50d940f42da532f37f96 
Number of updated asset objects reloaded before import = 0
Number of asset objects unloaded after import = 0
========================================================================
Received Import Request.
  Time of request: 2026-08-04T17:31:21.0346981Z
  Time since last request: 0.0002601 seconds.
  importAddress: GUID: e6323ebef616fee4486ee155cd56d191 - Path: Packages/com.unity.ugui/Tests/Runtime/UGUI/EventSystem/GraphicRaycasterTests.cs - Importer: ScriptedImporter/UnityEditor.QuickSearchModule:UnityEditor.Search:ASIAI0B
Importing 'GUID: e6323ebef616fee4486ee155cd56d191 - Path: Packages/com.unity.ugui/Tests/Runtime/UGUI/EventSystem/GraphicRaycasterTests.cs - Importer: ScriptedImporter/UnityEditor.QuickSearchModule:UnityEditor.Search:ASIAI0B' with importer (ScriptedImporter : UnityEditor.QuickSearchModule:UnityEditor.Search:ASIAI0B)
Imported 'GUID: e6323ebef616fee4486ee155cd56d191' -> (Import Result ID: '74a71f659607616a9e883d723d048ad6') in 0.002 seconds [static and dynamic dependencies]. Details - ImportResultOutputID=ff6005f47d6a438d73dab9eeab23a754 DependenciesID=9da827ba0e3189e0e7114b81620edf6f StaticDependenciesID=a1b1b0bd4f92a7f024dc8a83612ecf11 
Number of updated asset objects reloaded before import = 0
Number of asset objects unloaded after import = 0
========================================================================
Received Import Request.
  Time of request: 2026-08-04T17:31:21.043916Z
  Time since last request: 0.0002117 seconds.
  importAddress: GUID: 0ca81982e37e893498abf804c12a22c7 - Path: Packages/com.unity.ugui/Tests/Editor/UGUI/Canvas/UISystemProfilerAddMarkerWithNullObjectDoesNotCrash.cs - Importer: ScriptedImporter/UnityEditor.QuickSearchModule:UnityEditor.Search:ASIAI0B
Importing 'GUID: 0ca81982e37e893498abf804c12a22c7 - Path: Packages/com.unity.ugui/Tests/Editor/UGUI/Canvas/UISystemProfilerAddMarkerWithNullObjectDoesNotCrash.cs - Importer: ScriptedImporter/UnityEditor.QuickSearchModule:UnityEditor.Search:ASIAI0B' with importer (ScriptedImporter : UnityEditor.QuickSearchModule:UnityEditor.Search:ASIAI0B)
Imported 'GUID: 0ca81982e37e893498abf804c12a22c7' -> (Import Result ID: '642c81a362e23ab8a04af16c2fa768a1') in 0.002 seconds [static and dynamic dependencies]. Details - ImportResultOutputID=f520f32e3cf107020c1661af075abe8a DependenciesID=4e7d5708bd6abf9bb92ff813329746b7 StaticDependenciesID=7c0730359396658d0de989dcace342d0 
Number of updated asset objects reloaded before import = 0
Number of asset objects unloaded after import = 0
========================================================================
Received Import Request.
  Time of request: 2026-08-04T17:31:21.0537801Z
  Time since last request: 0.0003097 seconds.
  importAddress: GUID: fb660d86885d89a499a31c6ab6f26269 - Path: Packages/com.unity.ugui/Tests/Editor/UGUI/RectMask2D/RectTransformPosition.cs - Importer: ScriptedImporter/UnityEditor.QuickSearchModule:UnityEditor.Search:ASIAI0B
Importing 'GUID: fb660d86885d89a499a31c6ab6f26269 - Path: Packages/com.unity.ugui/Tests/Editor/UGUI/RectMask2D/RectTransformPosition.cs - Importer: ScriptedImporter/UnityEditor.QuickSearchModule:UnityEditor.Search:ASIAI0B' with importer (ScriptedImporter : UnityEditor.QuickSearchModule:UnityEditor.Search:ASIAI0B)
Imported 'GUID: fb660d86885d89a499a31c6ab6f26269' -> (Import Result ID: 'f23605ebb114a547922a21ad0ab69b56') in 0.002 seconds [static and dynamic dependencies]. Details - ImportResultOutputID=5f862e57fc2166f2cf70b61cf445d166 DependenciesID=78b358759482697a5463605e0f4108be StaticDependenciesID=a765ad01724f686fdceca490382fb14f 
Number of updated asset objects reloaded before import = 0
Number of asset objects unloaded after import = 0
========================================================================
Received Import Request.
  Time of request: 2026-08-04T17:31:21.063263Z
  Time since last request: 0.0002982 seconds.
  importAddress: GUID: ec35c13a8280a8d4e817bc4afd8a95de - Path: Packages/com.unity.ugui/Tests/Runtime/UGUI/Canvas/CanvasSizeCorrectInAwakeAndStart.cs - Importer: ScriptedImporter/UnityEditor.QuickSearchModule:UnityEditor.Search:ASIAI0B
Importing 'GUID: ec35c13a8280a8d4e817bc4afd8a95de - Path: Packages/com.unity.ugui/Tests/Runtime/UGUI/Canvas/CanvasSizeCorrectInAwakeAndStart.cs - Importer: ScriptedImporter/UnityEditor.QuickSearchModule:UnityEditor.Search:ASIAI0B' with importer (ScriptedImporter : UnityEditor.QuickSearchModule:UnityEditor.Search:ASIAI0B)
Imported 'GUID: ec35c13a8280a8d4e817bc4afd8a95de' -> (Import Result ID: 'ec234316ceedc919b3596081ef70fcc9') in 0.002 seconds [static and dynamic dependencies]. Details - ImportResultOutputID=4e34028197c1e6f356bf8d5f6c7decc5 DependenciesID=209074548ca44949183ee1a664c7c7dd StaticDependenciesID=ae0a2cdb0bf200b2053044fb5a203884 
Number of updated asset objects reloaded before import = 0
Number of asset objects unloaded after import = 0
========================================================================
Received Import Request.
  Time of request: 2026-08-04T17:31:21.0722652Z
  Time since last request: 0.0002927 seconds.
  importAddress: GUID: 2fafe2cfe61f6974895a912c3755e8f1 - Path: Packages/com.unity.ugui/Runtime/UGUI/UI/Core/ToggleGroup.cs - Importer: ScriptedImporter/UnityEditor.QuickSearchModule:UnityEditor.Search:ASIAI0B
Importing 'GUID: 2fafe2cfe61f6974895a912c3755e8f1 - Path: Packages/com.unity.ugui/Runtime/UGUI/UI/Core/ToggleGroup.cs - Importer: ScriptedImporter/UnityEditor.QuickSearchModule:UnityEditor.Search:ASIAI0B' with importer (ScriptedImporter : UnityEditor.QuickSearchModule:UnityEditor.Search:ASIAI0B)
Imported 'GUID: 2fafe2cfe61f6974895a912c3755e8f1' -> (Import Result ID: 'd04409dbcf634a44a60f16a52cb5770b') in 0.002 seconds [static and dynamic dependencies]. Details - ImportResultOutputID=bc6e8e97a34b315207e14e3ed7020728 DependenciesID=bc6674b6c81330effcdfdb9b525cbaa9 StaticDependenciesID=9185d9765efda998cffcf9f17395f078 
Number of updated asset objects reloaded before import = 0
Number of asset objects unloaded after import = 0
========================================================================
Received Import Request.
  Time of request: 2026-08-04T17:31:21.0876788Z
  Time since last request: 0.0065122 seconds.
  importAddress: GUID: 67e3583b91179094094c6a188b232262 - Path: Packages/com.unity.ugui/Runtime/UGUI/UI/Core/Culling/Clipping.cs - Importer: ScriptedImporter/UnityEditor.QuickSearchModule:UnityEditor.Search:ASIAI0B
Importing 'GUID: 67e3583b91179094094c6a188b232262 - Path: Packages/com.unity.ugui/Runtime/UGUI/UI/Core/Culling/Clipping.cs - Importer: ScriptedImporter/UnityEditor.QuickSearchModule:UnityEditor.Search:ASIAI0B' with importer (ScriptedImporter : UnityEditor.QuickSearchModule:UnityEditor.Search:ASIAI0B)
Imported 'GUID: 67e3583b91179094094c6a188b232262' -> (Import Result ID: '62828a858f0b505aa9fbf0102d8020ce') in 0.002 seconds [static and dynamic dependencies]. Details - ImportResultOutputID=9c585e3c7d0f4a8a3704f0eee20b1fa4 DependenciesID=72d0e380045179f69beb816a5b72a6d2 StaticDependenciesID=1333d3ec51211dea89d50a170ded0d87 
Number of updated asset objects reloaded before import = 0
Number of asset objects unloaded after import = 0
========================================================================
Received Import Request.
  Time of request: 2026-08-04T17:31:21.0977699Z
  Time since last request: 0.0003534 seconds.
  importAddress: GUID: 59f8146938fff824cb5fd77236b75775 - Path: Packages/com.unity.ugui/Runtime/UGUI/UI/Core/Layout/VerticalLayoutGroup.cs - Importer: ScriptedImporter/UnityEditor.QuickSearchModule:UnityEditor.Search:ASIAI0B
Importing 'GUID: 59f8146938fff824cb5fd77236b75775 - Path: Packages/com.unity.ugui/Runtime/UGUI/UI/Core/Layout/VerticalLayoutGroup.cs - Importer: ScriptedImporter/UnityEditor.QuickSearchModule:UnityEditor.Search:ASIAI0B' with importer (ScriptedImporter : UnityEditor.QuickSearchModule:UnityEditor.Search:ASIAI0B)
Imported 'GUID: 59f8146938fff824cb5fd77236b75775' -> (Import Result ID: '8c1240260fd32cf1502f1e84f2783f3b') in 0.002 seconds [static and dynamic dependencies]. Details - ImportResultOutputID=61be8c81ce98c98a9fbef0c082face14 DependenciesID=68e906d03a38bb735808a3ae6dcb9f41 StaticDependenciesID=36223cfb84be07894043446480e9277f 
Number of updated asset objects reloaded before import = 0
Number of asset objects unloaded after import = 0
========================================================================
Received Import Request.
  Time of request: 2026-08-04T17:31:21.1072952Z
  Time since last request: 0.0002819 seconds.
  importAddress: GUID: a598580d0cfc7224ebed8d2b627d9e00 - Path: Packages/com.unity.ugui/Tests/Runtime/UGUI/Image/ImageTests.cs - Importer: ScriptedImporter/UnityEditor.QuickSearchModule:UnityEditor.Search:ASIAI0B
Importing 'GUID: a598580d0cfc7224ebed8d2b627d9e00 - Path: Packages/com.unity.ugui/Tests/Runtime/UGUI/Image/ImageTests.cs - Importer: ScriptedImporter/UnityEditor.QuickSearchModule:UnityEditor.Search:ASIAI0B' with importer (ScriptedImporter : UnityEditor.QuickSearchModule:UnityEditor.Search:ASIAI0B)
Imported 'GUID: a598580d0cfc7224ebed8d2b627d9e00' -> (Import Result ID: '6459db348eb352954b1eb1905182f352') in 0.002 seconds [static and dynamic dependencies]. Details - ImportResultOutputID=1123df7761f7229935069b2ab3b61402 DependenciesID=a91d488fbb83aa4d66101d8be8e05911 StaticDependenciesID=b5b81755d53c6a1b5cd129915f43e9d8 
Number of updated asset objects reloaded before import = 0
Number of asset objects unloaded after import = 0
========================================================================
Received Import Request.
  Time of request: 2026-08-04T17:31:21.1163117Z
  Time since last request: 0.0002234 seconds.
  importAddress: GUID: d548f82e7e9c0ed49ae5b4a5eecfb2f7 - Path: Packages/com.unity.ugui/Tests/Runtime/UGUI/Util/UIBehaviourExtensions.cs - Importer: ScriptedImporter/UnityEditor.QuickSearchModule:UnityEditor.Search:ASIAI0B
Importing 'GUID: d548f82e7e9c0ed49ae5b4a5eecfb2f7 - Path: Packages/com.unity.ugui/Tests/Runtime/UGUI/Util/UIBehaviourExtensions.cs - Importer: ScriptedImporter/UnityEditor.QuickSearchModule:UnityEditor.Search:ASIAI0B' with importer (ScriptedImporter : UnityEditor.QuickSearchModule:UnityEditor.Search:ASIAI0B)
Imported 'GUID: d548f82e7e9c0ed49ae5b4a5eecfb2f7' -> (Import Result ID: '5401410e3e5b5def0b30c17317cbb3a3') in 0.003 seconds [static and dynamic dependencies]. Details - ImportResultOutputID=3276068aa3b80b8fcb88c2dd5f1e8107 DependenciesID=82478c7c574e5f559495be8a3bd38cae StaticDependenciesID=72e5a6ee4a7df6378f9382556f2f3ef0 
Number of updated asset objects reloaded before import = 0
Number of asset objects unloaded after import = 0
========================================================================
Received Import Request.
  Time of request: 2026-08-04T17:31:21.1266125Z
  Time since last request: 0.0002447 seconds.
  importAddress: GUID: 8e3e781d26ad4aeca78526b3464f26d7 - Path: Packages/com.unity.ugui/Tests/Runtime/UGUI/RawImage/RawImageTests.cs - Importer: ScriptedImporter/UnityEditor.QuickSearchModule:UnityEditor.Search:ASIAI0B
Importing 'GUID: 8e3e781d26ad4aeca78526b3464f26d7 - Path: Packages/com.unity.ugui/Tests/Runtime/UGUI/RawImage/RawImageTests.cs - Importer: ScriptedImporter/UnityEditor.QuickSearchModule:UnityEditor.Search:ASIAI0B' with importer (ScriptedImporter : UnityEditor.QuickSearchModule:UnityEditor.Search:ASIAI0B)
Imported 'GUID: 8e3e781d26ad4aeca78526b3464f26d7' -> (Import Result ID: '2ee49a83b5b3a6b4d80a53fc4404bd8a') in 0.002 seconds [static and dynamic dependencies]. Details - ImportResultOutputID=79fcdffed9de4ebddeee9a779603288a DependenciesID=7dc28ef0f360f14a957ad42a348aeb32 StaticDependenciesID=d8967858a209060cb0189022ffb5f8e2 
Number of updated asset objects reloaded before import = 0
Number of asset objects unloaded after import = 0
========================================================================
Received Import Request.
  Time of request: 2026-08-04T17:31:21.1357749Z
  Time since last request: 0.0002606 seconds.
  importAddress: GUID: 5af3322745e78aa488fca5a2090f8755 - Path: Packages/com.unity.ugui/Tests/Runtime/UGUI/Layout/HorizonalLayoutGroupTests.cs - Importer: ScriptedImporter/UnityEditor.QuickSearchModule:UnityEditor.Search:ASIAI0B
Importing 'GUID: 5af3322745e78aa488fca5a2090f8755 - Path: Packages/com.unity.ugui/Tests/Runtime/UGUI/Layout/HorizonalLayoutGroupTests.cs - Importer: ScriptedImporter/UnityEditor.QuickSearchModule:UnityEditor.Search:ASIAI0B' with importer (ScriptedImporter : UnityEditor.QuickSearchModule:UnityEditor.Search:ASIAI0B)
Imported 'GUID: 5af3322745e78aa488fca5a2090f8755' -> (Import Result ID: '5c8561bfe95655863368889bc1f9536e') in 0.002 seconds [static and dynamic dependencies]. Details - ImportResultOutputID=93982997b3731921885f681c4843ccf5 DependenciesID=e09dd2997c9b4828cd47467bb7ae7684 StaticDependenciesID=cb2a08c95fd671af6e05224fe9b0493f 
Number of updated asset objects reloaded before import = 0
Number of asset objects unloaded after import = 0
========================================================================
Received Import Request.
  Time of request: 2026-08-04T17:31:21.1473645Z
  Time since last request: 0.0002039 seconds.
  importAddress: GUID: fc34cd6ea308f3940a729e1a44cd0e82 - Path: Packages/com.unity.ugui/Tests/Runtime/UGUI/Slider/SliderTests.cs - Importer: ScriptedImporter/UnityEditor.QuickSearchModule:UnityEditor.Search:ASIAI0B
Importing 'GUID: fc34cd6ea308f3940a729e1a44cd0e82 - Path: Packages/com.unity.ugui/Tests/Runtime/UGUI/Slider/SliderTests.cs - Importer: ScriptedImporter/UnityEditor.QuickSearchModule:UnityEditor.Search:ASIAI0B' with importer (ScriptedImporter : UnityEditor.QuickSearchModule:UnityEditor.Search:ASIAI0B)
Imported 'GUID: fc34cd6ea308f3940a729e1a44cd0e82' -> (Import Result ID: '1a5e2fad183ec621b0c74bce4e931ec6') in 0.002 seconds [static and dynamic dependencies]. Details - ImportResultOutputID=2f320774fa0c0b12d1f45802bfe1ee04 DependenciesID=83cae90a18cf41acb0c6157e70329c1c StaticDependenciesID=7289b43bf75406b6b13890f69bdfd0ab 
Number of updated asset objects reloaded before import = 0
Number of asset objects unloaded after import = 0
========================================================================
Received Import Request.
  Time of request: 2026-08-04T17:31:21.1566172Z
  Time since last request: 0.0003619 seconds.
  importAddress: GUID: 00f9a68859b850648902e0c98c25b590 - Path: Packages/com.unity.ugui/Tests/Runtime/UGUI/ScrollBar/ScrollBarTests.cs - Importer: ScriptedImporter/UnityEditor.QuickSearchModule:UnityEditor.Search:ASIAI0B
Importing 'GUID: 00f9a68859b850648902e0c98c25b590 - Path: Packages/com.unity.ugui/Tests/Runtime/UGUI/ScrollBar/ScrollBarTests.cs - Importer: ScriptedImporter/UnityEditor.QuickSearchModule:UnityEditor.Search:ASIAI0B' with importer (ScriptedImporter : UnityEditor.QuickSearchModule:UnityEditor.Search:ASIAI0B)
Imported 'GUID: 00f9a68859b850648902e0c98c25b590' -> (Import Result ID: '4e4eb886e0737ccd97a1cd4c81956150') in 0.002 seconds [static and dynamic dependencies]. Details - ImportResultOutputID=bb9424caf2f3fa24628275981bc04e46 DependenciesID=75d17b8edf66a8e7d7017394256bf9a6 StaticDependenciesID=3a9ce9c0c50154ef6bc3ebe85dbd9ba0 
Number of updated asset objects reloaded before import = 0
Number of asset objects unloaded after import = 0
========================================================================
Received Import Request.
  Time of request: 2026-08-04T17:31:21.165281Z
  Time since last request: 0.0002263 seconds.
  importAddress: GUID: e9a32780b69dcdb438da3e3f43202f54 - Path: Packages/com.unity.ugui/Tests/Runtime/UGUI/LayoutGroup/LayoutGroupArrangement.cs - Importer: ScriptedImporter/UnityEditor.QuickSearchModule:UnityEditor.Search:ASIAI0B
Importing 'GUID: e9a32780b69dcdb438da3e3f43202f54 - Path: Packages/com.unity.ugui/Tests/Runtime/UGUI/LayoutGroup/LayoutGroupArrangement.cs - Importer: ScriptedImporter/UnityEditor.QuickSearchModule:UnityEditor.Search:ASIAI0B' with importer (ScriptedImporter : UnityEditor.QuickSearchModule:UnityEditor.Search:ASIAI0B)
Imported 'GUID: e9a32780b69dcdb438da3e3f43202f54' -> (Import Result ID: '09ef246a91cc31034484cc823a56c7d4') in 0.002 seconds [static and dynamic dependencies]. Details - ImportResultOutputID=a45d4f56be34123f3cd29efee3a5ea9a DependenciesID=7724809d3b369bba39dae8beb1ce967d StaticDependenciesID=40ac2b6ac857822e3ac7ae25ff78e43e 
Number of updated asset objects reloaded before import = 0
Number of asset objects unloaded after import = 0
========================================================================
Received Import Request.
  Time of request: 2026-08-04T17:31:21.1743495Z
  Time since last request: 0.0002748 seconds.
  importAddress: GUID: 85f3c3a3c2623cd4da1661b0479e2ef2 - Path: Packages/com.unity.ugui/Runtime/UGUI/UI/Core/VertexModifiers/IMeshModifier.cs - Importer: ScriptedImporter/UnityEditor.QuickSearchModule:UnityEditor.Search:ASIAI0B
Importing 'GUID: 85f3c3a3c2623cd4da1661b0479e2ef2 - Path: Packages/com.unity.ugui/Runtime/UGUI/UI/Core/VertexModifiers/IMeshModifier.cs - Importer: ScriptedImporter/UnityEditor.QuickSearchModule:UnityEditor.Search:ASIAI0B' with importer (ScriptedImporter : UnityEditor.QuickSearchModule:UnityEditor.Search:ASIAI0B)
Imported 'GUID: 85f3c3a3c2623cd4da1661b0479e2ef2' -> (Import Result ID: '98b55964ee25838c996038f5b2bfa15a') in 0.002 seconds [static and dynamic dependencies]. Details - ImportResultOutputID=f1c479b42987b85b50972ff0f97cda3b DependenciesID=76e5c9c70142699dd86b0437b1cbbc91 StaticDependenciesID=984434db92f330b6a7d24a330eb64f6f 
Number of updated asset objects reloaded before import = 0
Number of asset objects unloaded after import = 0
========================================================================
Received Import Request.
  Time of request: 2026-08-04T17:31:21.1834677Z
  Time since last request: 0.0003718 seconds.
  importAddress: GUID: 82bf3f737dec0be43a60891958a8da87 - Path: Packages/com.unity.ugui/Runtime/UGUI/UI/Core/Layout/LayoutUtility.cs - Importer: ScriptedImporter/UnityEditor.QuickSearchModule:UnityEditor.Search:ASIAI0B
Importing 'GUID: 82bf3f737dec0be43a60891958a8da87 - Path: Packages/com.unity.ugui/Runtime/UGUI/UI/Core/Layout/LayoutUtility.cs - Importer: ScriptedImporter/UnityEditor.QuickSearchModule:UnityEditor.Search:ASIAI0B' with importer (ScriptedImporter : UnityEditor.QuickSearchModule:UnityEditor.Search:ASIAI0B)
Imported 'GUID: 82bf3f737dec0be43a60891958a8da87' -> (Import Result ID: '9ad2d5254ff822abe36b4b5bb97f3d06') in 0.002 seconds [static and dynamic dependencies]. Details - ImportResultOutputID=b03a12a6a5c2c919bb63d91ce2ba4826 DependenciesID=b6099bfde9c29dd071998a213862dcb7 StaticDependenciesID=d6e45a579eeca76bb38bc7c2e426d18f 
Number of updated asset objects reloaded before import = 0
Number of asset objects unloaded after import = 0
========================================================================
Received Import Request.
  Time of request: 2026-08-04T17:31:21.1924902Z
  Time since last request: 0.0002414 seconds.
  importAddress: GUID: 4d31e19fd539ac54c8d9151da43683e9 - Path: Packages/com.unity.ugui/Tests/Runtime/UGUI/Util/ConcreteGraphic.cs - Importer: ScriptedImporter/UnityEditor.QuickSearchModule:UnityEditor.Search:ASIAI0B
Importing 'GUID: 4d31e19fd539ac54c8d9151da43683e9 - Path: Packages/com.unity.ugui/Tests/Runtime/UGUI/Util/ConcreteGraphic.cs - Importer: ScriptedImporter/UnityEditor.QuickSearchModule:UnityEditor.Search:ASIAI0B' with importer (ScriptedImporter : UnityEditor.QuickSearchModule:UnityEditor.Search:ASIAI0B)
Imported 'GUID: 4d31e19fd539ac54c8d9151da43683e9' -> (Import Result ID: '5523826cc6ebd038ef6f9d5c0ea14a2a') in 0.002 seconds [static and dynamic dependencies]. Details - ImportResultOutputID=2c47acca60b8269e39cf6226cb38448b DependenciesID=aaf3d2e89e572a4c63cbf7376132630c StaticDependenciesID=01921f6b4ba9574e64cdca28ae7c3983 
Number of updated asset objects reloaded before import = 0
Number of asset objects unloaded after import = 0
========================================================================
Received Import Request.
  Time of request: 2026-08-04T17:31:21.2197964Z
  Time since last request: 0.0187411 seconds.
  importAddress: GUID: c6561bdb03b3b415a9725d8af46e62d4 - Path: Packages/com.unity.collections/Unity.Collections/ConcurrentMask.cs - Importer: ScriptedImporter/UnityEditor.QuickSearchModule:UnityEditor.Search:ASIAI0B
Importing 'GUID: c6561bdb03b3b415a9725d8af46e62d4 - Path: Packages/com.unity.collections/Unity.Collections/ConcurrentMask.cs - Importer: ScriptedImporter/UnityEditor.QuickSearchModule:UnityEditor.Search:ASIAI0B' with importer (ScriptedImporter : UnityEditor.QuickSearchModule:UnityEditor.Search:ASIAI0B)
Imported 'GUID: c6561bdb03b3b415a9725d8af46e62d4' -> (Import Result ID: 'ed5331715bf57599e7458ac5427f5860') in 0.002 seconds [static and dynamic dependencies]. Details - ImportResultOutputID=90a3f21ba3966ac7456af319daef92fe DependenciesID=69c34c45edb1d28f37711daf4dac763a StaticDependenciesID=ea6e4ca6862a0da572f6f1a4317605bc 
Number of updated asset objects reloaded before import = 0
Number of asset objects unloaded after import = 0
========================================================================
Received Import Request.
  Time of request: 2026-08-04T17:31:21.2292803Z
  Time since last request: 0.0001898 seconds.
  importAddress: GUID: babbfc241a32b8241bf31319e1447eb2 - Path: Packages/com.unity.collections/Unity.Collections/Memory.cs - Importer: ScriptedImporter/UnityEditor.QuickSearchModule:UnityEditor.Search:ASIAI0B
Importing 'GUID: babbfc241a32b8241bf31319e1447eb2 - Path: Packages/com.unity.collections/Unity.Collections/Memory.cs - Importer: ScriptedImporter/UnityEditor.QuickSearchModule:UnityEditor.Search:ASIAI0B' with importer (ScriptedImporter : UnityEditor.QuickSearchModule:UnityEditor.Search:ASIAI0B)
Imported 'GUID: babbfc241a32b8241bf31319e1447eb2' -> (Import Result ID: 'bae98384e93e87d41a4b34e5e1b30228') in 0.002 seconds [static and dynamic dependencies]. Details - ImportResultOutputID=7d11dce623c6c9dec0463e510a9cbb82 DependenciesID=903067193ab643635b2a3ac1e9e8b5db StaticDependenciesID=8792a16f3756b97cb3b62f23cace0af6 
Number of updated asset objects reloaded before import = 0
Number of asset objects unloaded after import = 0
========================================================================
Received Import Request.
  Time of request: 2026-08-04T17:31:21.238581Z
  Time since last request: 0.0003412 seconds.
  importAddress: GUID: d1fecb7e41996c7468b18df518b721d9 - Path: Packages/com.unity.collections/DocCodeSamples.Tests/DocCodeSamples.Tests.asmdef - Importer: ScriptedImporter/UnityEditor.QuickSearchModule:UnityEditor.Search:ASIAI0B
Importing 'GUID: d1fecb7e41996c7468b18df518b721d9 - Path: Packages/com.unity.collections/DocCodeSamples.Tests/DocCodeSamples.Tests.asmdef - Importer: ScriptedImporter/UnityEditor.QuickSearchModule:UnityEditor.Search:ASIAI0B' with importer (ScriptedImporter : UnityEditor.QuickSearchModule:UnityEditor.Search:ASIAI0B)
Imported 'GUID: d1fecb7e41996c7468b18df518b721d9' -> (Import Result ID: '1182650af7124fda5f89f4e72e36c539') in 0.002 seconds [static and dynamic dependencies]. Details - ImportResultOutputID=a03e1f65a54e3a8a005bd8dcdba6a3ae DependenciesID=9825a31a98591fb040f070685f97dc2a StaticDependenciesID=eeb69452b34c9fd87beaedf4da71f70e 
Number of updated asset objects reloaded before import = 0
Number of asset objects unloaded after import = 1
========================================================================
Received Import Request.
  Time of request: 2026-08-04T17:31:21.2471016Z
  Time since last request: 0.000225 seconds.
  importAddress: GUID: bd605698a338c4de88bb5b3c4632af68 - Path: Packages/com.unity.collections/package.json - Importer: ScriptedImporter/UnityEditor.QuickSearchModule:UnityEditor.Search:ASIAI0B
Importing 'GUID: bd605698a338c4de88bb5b3c4632af68 - Path: Packages/com.unity.collections/package.json - Importer: ScriptedImporter/UnityEditor.QuickSearchModule:UnityEditor.Search:ASIAI0B' with importer (ScriptedImporter : UnityEditor.QuickSearchModule:UnityEditor.Search:ASIAI0B)
Imported 'GUID: bd605698a338c4de88bb5b3c4632af68' -> (Import Result ID: '75eff2a16f35cd793f6743403abf9c02') in 0.002 seconds [static and dynamic dependencies]. Details - ImportResultOutputID=a6ed11cf536c0b9ec9c4f2f15fcfbd08 DependenciesID=df08a6f8590df7ad743d9a77cb3ccaf9 StaticDependenciesID=5206c0825ef0ed27dec9f4f4c79a42ac 
Number of updated asset objects reloaded before import = 0
Number of asset objects unloaded after import = 1
========================================================================
Received Import Request.
  Time of request: 2026-08-04T17:31:21.2563821Z
  Time since last request: 0.0001975 seconds.
  importAddress: GUID: 0573713975c6b8246b7544ed524ef1dc - Path: Packages/com.unity.ugui/Tests/Runtime/UGUI/EventSystem/InputModuleTests/PointerClickCallbackCheck.cs - Importer: ScriptedImporter/UnityEditor.QuickSearchModule:UnityEditor.Search:ASIAI0B
Importing 'GUID: 0573713975c6b8246b7544ed524ef1dc - Path: Packages/com.unity.ugui/Tests/Runtime/UGUI/EventSystem/InputModuleTests/PointerClickCallbackCheck.cs - Importer: ScriptedImporter/UnityEditor.QuickSearchModule:UnityEditor.Search:ASIAI0B' with importer (ScriptedImporter : UnityEditor.QuickSearchModule:UnityEditor.Search:ASIAI0B)
Imported 'GUID: 0573713975c6b8246b7544ed524ef1dc' -> (Import Result ID: '4724779683e7c2bc3cde3c526b261225') in 0.003 seconds [static and dynamic dependencies]. Details - ImportResultOutputID=8f56970e993ec8bd10535c2d83f981f4 DependenciesID=147d3f637e4b632f3dd587a218c0b7e9 StaticDependenciesID=ab4c2a9a0f69ebfbd9d953a3bd28f9e9 
Number of updated asset objects reloaded before import = 0
Number of asset objects unloaded after import = 0
========================================================================
Received Import Request.
  Time of request: 2026-08-04T17:31:21.2672722Z
  Time since last request: 0.0002181 seconds.
  importAddress: GUID: af94bd3a805f27e42ab86647265be74e - Path: Packages/com.unity.ugui/Tests/Runtime/UGUI/EventSystem/InputModuleTests/PointerExitCallbackCheck.cs - Importer: ScriptedImporter/UnityEditor.QuickSearchModule:UnityEditor.Search:ASIAI0B
Importing 'GUID: af94bd3a805f27e42ab86647265be74e - Path: Packages/com.unity.ugui/Tests/Runtime/UGUI/EventSystem/InputModuleTests/PointerExitCallbackCheck.cs - Importer: ScriptedImporter/UnityEditor.QuickSearchModule:UnityEditor.Search:ASIAI0B' with importer (ScriptedImporter : UnityEditor.QuickSearchModule:UnityEditor.Search:ASIAI0B)
Imported 'GUID: af94bd3a805f27e42ab86647265be74e' -> (Import Result ID: '5f697ddcd72df89fae60663f0d72c629') in 0.002 seconds [static and dynamic dependencies]. Details - ImportResultOutputID=a2c2c5a197677543ce61b9ffc7094502 DependenciesID=1d5d46b68aaf14e393e38791603c2c28 StaticDependenciesID=10a1627a29449f9d508d7c96ce24dbaa 
Number of updated asset objects reloaded before import = 0
Number of asset objects unloaded after import = 0
========================================================================
Received Import Request.
  Time of request: 2026-08-04T17:31:21.2760629Z
  Time since last request: 0.0002481 seconds.
  importAddress: GUID: d1db1dc6fae245e9af37d2ab33aac17a - Path: Packages/com.unity.collections/Unity.Collections/FixedStringInternalMethods.cs - Importer: ScriptedImporter/UnityEditor.QuickSearchModule:UnityEditor.Search:ASIAI0B
Importing 'GUID: d1db1dc6fae245e9af37d2ab33aac17a - Path: Packages/com.unity.collections/Unity.Collections/FixedStringInternalMethods.cs - Importer: ScriptedImporter/UnityEditor.QuickSearchModule:UnityEditor.Search:ASIAI0B' with importer (ScriptedImporter : UnityEditor.QuickSearchModule:UnityEditor.Search:ASIAI0B)
Imported 'GUID: d1db1dc6fae245e9af37d2ab33aac17a' -> (Import Result ID: 'f5cfff95071dbd827329007d10231661') in 0.002 seconds [static and dynamic dependencies]. Details - ImportResultOutputID=80b2cb4eab94369416fed18e74c5abbc DependenciesID=7ed1f63f6b27493ff15e2001fcc55049 StaticDependenciesID=01be3aec5415b641d82d3bb4c39f57d2 
Number of updated asset objects reloaded before import = 0
Number of asset objects unloaded after import = 0
========================================================================
Received Import Request.
  Time of request: 2026-08-04T17:31:21.2857193Z
  Time since last request: 0.000202 seconds.
  importAddress: GUID: 1f49bcab900e54c498a852d067a7636c - Path: Packages/com.unity.collections/Unity.Collections/NativeParallelHashMap.cs - Importer: ScriptedImporter/UnityEditor.QuickSearchModule:UnityEditor.Search:ASIAI0B
Importing 'GUID: 1f49bcab900e54c498a852d067a7636c - Path: Packages/com.unity.collections/Unity.Collections/NativeParallelHashMap.cs - Importer: ScriptedImporter/UnityEditor.QuickSearchModule:UnityEditor.Search:ASIAI0B' with importer (ScriptedImporter : UnityEditor.QuickSearchModule:UnityEditor.Search:ASIAI0B)
Imported 'GUID: 1f49bcab900e54c498a852d067a7636c' -> (Import Result ID: '3fe77de090bd6c03f927da14db1cb7fd') in 0.003 seconds [static and dynamic dependencies]. Details - ImportResultOutputID=b566959d3d0390aeca288afe11cba5db DependenciesID=9fe15f9fb132a50bec15d0866d3f9e1e StaticDependenciesID=d7377238315225bdb71e0ecd27da7538 
Number of updated asset objects reloaded before import = 0
Number of asset objects unloaded after import = 0
========================================================================
Received Import Request.
  Time of request: 2026-08-04T17:31:21.2971712Z
  Time since last request: 0.0002392 seconds.
  importAddress: GUID: b3d1c84db8ef4e288ba9089a616a3523 - Path: Packages/com.unity.collections/Unity.Collections/FixedStringAppendMethods.cs - Importer: ScriptedImporter/UnityEditor.QuickSearchModule:UnityEditor.Search:ASIAI0B
Importing 'GUID: b3d1c84db8ef4e288ba9089a616a3523 - Path: Packages/com.unity.collections/Unity.Collections/FixedStringAppendMethods.cs - Importer: ScriptedImporter/UnityEditor.QuickSearchModule:UnityEditor.Search:ASIAI0B' with importer (ScriptedImporter : UnityEditor.QuickSearchModule:UnityEditor.Search:ASIAI0B)
Imported 'GUID: b3d1c84db8ef4e288ba9089a616a3523' -> (Import Result ID: 'f74c9255ab5dbb65a229f7e3db41160a') in 0.002 seconds [static and dynamic dependencies]. Details - ImportResultOutputID=90888a27e15878238f3f65065d74058a DependenciesID=5ead22ee83bf28d45f0d138c0b7e465e StaticDependenciesID=282ea5d6e70c8a6ac54930702a2c4ed1 
Number of updated asset objects reloaded before import = 0
Number of asset objects unloaded after import = 0
========================================================================
Received Import Request.
  Time of request: 2026-08-04T17:31:21.3072908Z
  Time since last request: 0.0003537 seconds.
  importAddress: GUID: 059659011adc4f67a43b9d9bcc5dfd01 - Path: Packages/com.unity.collections/Unity.Collections/FixedStringFormat.tt - Importer: ScriptedImporter/UnityEditor.QuickSearchModule:UnityEditor.Search:ASIAI0B
Importing 'GUID: 059659011adc4f67a43b9d9bcc5dfd01 - Path: Packages/com.unity.collections/Unity.Collections/FixedStringFormat.tt - Importer: ScriptedImporter/UnityEditor.QuickSearchModule:UnityEditor.Search:ASIAI0B' with importer (ScriptedImporter : UnityEditor.QuickSearchModule:UnityEditor.Search:ASIAI0B)
Imported 'GUID: 059659011adc4f67a43b9d9bcc5dfd01' -> (Import Result ID: '96e6bb39b0df7272e00642d45b54f2cd') in 0.002 seconds [static and dynamic dependencies]. Details - ImportResultOutputID=eb9b69016e20c8fb4abfd56c8198dc31 DependenciesID=650ab7b6f7cf4a1cbca312d58bad72a5 StaticDependenciesID=7e11facb84c392d543ae4c3e619d28b4 
Number of updated asset objects reloaded before import = 0
Number of asset objects unloaded after import = 1
========================================================================
Received Import Request.
  Time of request: 2026-08-04T17:31:21.3165454Z
  Time since last request: 0.0002447 seconds.
  importAddress: GUID: 6fe576033d6a2424c888d599967457a2 - Path: Packages/com.unity.collections/ValidationExceptions.json - Importer: ScriptedImporter/UnityEditor.QuickSearchModule:UnityEditor.Search:ASIAI0B
Importing 'GUID: 6fe576033d6a2424c888d599967457a2 - Path: Packages/com.unity.collections/ValidationExceptions.json - Importer: ScriptedImporter/UnityEditor.QuickSearchModule:UnityEditor.Search:ASIAI0B' with importer (ScriptedImporter : UnityEditor.QuickSearchModule:UnityEditor.Search:ASIAI0B)
Imported 'GUID: 6fe576033d6a2424c888d599967457a2' -> (Import Result ID: 'cf3d7488e701c847cf2b304c9c09ee48') in 0.002 seconds [static and dynamic dependencies]. Details - ImportResultOutputID=3f1f3602649964f4f73945915e0e11ff DependenciesID=f443686bc3b11a93dd1efb6460b14deb StaticDependenciesID=f619bc2a1155bab22b2ede0c2ea99c2c 
Number of updated asset objects reloaded before import = 0
Number of asset objects unloaded after import = 1
========================================================================
Received Import Request.
  Time of request: 2026-08-04T17:31:21.3280018Z
  Time since last request: 0.0002994 seconds.
  importAddress: GUID: 0a845769eb1dc4f459f64e5c840d07de - Path: Packages/com.unity.collections/Unity.Collections/FixedString.tt - Importer: ScriptedImporter/UnityEditor.QuickSearchModule:UnityEditor.Search:ASIAI0B
Importing 'GUID: 0a845769eb1dc4f459f64e5c840d07de - Path: Packages/com.unity.collections/Unity.Collections/FixedString.tt - Importer: ScriptedImporter/UnityEditor.QuickSearchModule:UnityEditor.Search:ASIAI0B' with importer (ScriptedImporter : UnityEditor.QuickSearchModule:UnityEditor.Search:ASIAI0B)
Imported 'GUID: 0a845769eb1dc4f459f64e5c840d07de' -> (Import Result ID: 'faf1aa468901b390c7b290a627000f58') in 0.002 seconds [static and dynamic dependencies]. Details - ImportResultOutputID=da3b74f23afe2cba4d7146120bfe8e36 DependenciesID=d7450cdf0604a3106e5ce74683516637 StaticDependenciesID=41517578be4302f7169ed9084eb0cd99 
Number of updated asset objects reloaded before import = 0
Number of asset objects unloaded after import = 1
========================================================================
Received Import Request.
  Time of request: 2026-08-04T17:31:21.3531677Z
  Time since last request: 0.0167039 seconds.
  importAddress: GUID: 306f77a58d5743a4db48b42c59e7aeab - Path: Packages/com.unity.collections/Unity.Collections.PerformanceTests/RingQueuePerformanceTests.cs - Importer: ScriptedImporter/UnityEditor.QuickSearchModule:UnityEditor.Search:ASIAI0B
Importing 'GUID: 306f77a58d5743a4db48b42c59e7aeab - Path: Packages/com.unity.collections/Unity.Collections.PerformanceTests/RingQueuePerformanceTests.cs - Importer: ScriptedImporter/UnityEditor.QuickSearchModule:UnityEditor.Search:ASIAI0B' with importer (ScriptedImporter : UnityEditor.QuickSearchModule:UnityEditor.Search:ASIAI0B)
Imported 'GUID: 306f77a58d5743a4db48b42c59e7aeab' -> (Import Result ID: '0d68c67f263f01e83291d0031aab7bd7') in 0.002 seconds [static and dynamic dependencies]. Details - ImportResultOutputID=adcab6f8b78a655fbd03f6a317d5305b DependenciesID=0fb62052b9056ae2821ecb4d9c973145 StaticDependenciesID=fc99a9887c6c31c02fe0211c689d8882 
Number of updated asset objects reloaded before import = 0
Number of asset objects unloaded after import = 0
========================================================================
Received Import Request.
  Time of request: 2026-08-04T17:31:21.3644538Z
  Time since last request: 0.0002868 seconds.
  importAddress: GUID: d438077bfbb9810469c3c896a295855a - Path: Packages/com.unity.collections/Unity.Collections.PerformanceTests/RewindableAllocatorPerformanceTests.cs - Importer: ScriptedImporter/UnityEditor.QuickSearchModule:UnityEditor.Search:ASIAI0B
Importing 'GUID: d438077bfbb9810469c3c896a295855a - Path: Packages/com.unity.collections/Unity.Collections.PerformanceTests/RewindableAllocatorPerformanceTests.cs - Importer: ScriptedImporter/UnityEditor.QuickSearchModule:UnityEditor.Search:ASIAI0B' with importer (ScriptedImporter : UnityEditor.QuickSearchModule:UnityEditor.Search:ASIAI0B)
Imported 'GUID: d438077bfbb9810469c3c896a295855a' -> (Import Result ID: '65cd252e11ffa119c37a148d59ef8ca3') in 0.002 seconds [static and dynamic dependencies]. Details - ImportResultOutputID=f3b7fe548f03aa58fe30eeb8169f81e6 DependenciesID=8157ea37eb79709db76d2ef3da464553 StaticDependenciesID=adf85c83230c857cf1260a6a7f2fe315 
Number of updated asset objects reloaded before import = 0
Number of asset objects unloaded after import = 0
========================================================================
Received Import Request.
  Time of request: 2026-08-04T17:31:21.3732056Z
  Time since last request: 0.0003345 seconds.
  importAddress: GUID: 41c0417bb1f33184482fea43a7d2b5c0 - Path: Packages/com.unity.collections/Unity.Collections.PerformanceTests/HashMapPerformanceTests.cs - Importer: ScriptedImporter/UnityEditor.QuickSearchModule:UnityEditor.Search:ASIAI0B
Importing 'GUID: 41c0417bb1f33184482fea43a7d2b5c0 - Path: Packages/com.unity.collections/Unity.Collections.PerformanceTests/HashMapPerformanceTests.cs - Importer: ScriptedImporter/UnityEditor.QuickSearchModule:UnityEditor.Search:ASIAI0B' with importer (ScriptedImporter : UnityEditor.QuickSearchModule:UnityEditor.Search:ASIAI0B)
Imported 'GUID: 41c0417bb1f33184482fea43a7d2b5c0' -> (Import Result ID: '11a82f8ad55cd80afeab76a043001bdc') in 0.002 seconds [static and dynamic dependencies]. Details - ImportResultOutputID=90abc7ff6ba04b98d3b752b43a696b78 DependenciesID=d985ec59a03b655375e00a3bf4df49e1 StaticDependenciesID=cebdcf74f497d73cc1ff7c1729fae121 
Number of updated asset objects reloaded before import = 0
Number of asset objects unloaded after import = 0
========================================================================
Received Import Request.
  Time of request: 2026-08-04T17:31:21.3827854Z
  Time since last request: 0.0002192 seconds.
  importAddress: GUID: 86abcf43c46cd3743bb775a4682f2d1d - Path: Packages/com.unity.collections/Unity.Collections.PerformanceTests/README.md - Importer: ScriptedImporter/UnityEditor.QuickSearchModule:UnityEditor.Search:ASIAI0B
Importing 'GUID: 86abcf43c46cd3743bb775a4682f2d1d - Path: Packages/com.unity.collections/Unity.Collections.PerformanceTests/README.md - Importer: ScriptedImporter/UnityEditor.QuickSearchModule:UnityEditor.Search:ASIAI0B' with importer (ScriptedImporter : UnityEditor.QuickSearchModule:UnityEditor.Search:ASIAI0B)
Imported 'GUID: 86abcf43c46cd3743bb775a4682f2d1d' -> (Import Result ID: '32d74c3b11701b2af3a4b73594020e82') in 0.003 seconds [static and dynamic dependencies]. Details - ImportResultOutputID=0b7ad428aebc853dfb6e6aced3c08b94 DependenciesID=3c7c5632220b41fea01e29446a46eb3e StaticDependenciesID=f172bf28b3a8b2a653014b449770637e 
Number of updated asset objects reloaded before import = 0
Number of asset objects unloaded after import = 1
========================================================================
Received Import Request.
  Time of request: 2026-08-04T17:31:21.4002552Z
  Time since last request: 0.0077718 seconds.
  importAddress: GUID: f9c067f2cfe24ce98e2deecdb0ed12a3 - Path: Packages/com.unity.collections/Unity.Collections/UTF8ArrayUnsafeUtility.cs - Importer: ScriptedImporter/UnityEditor.QuickSearchModule:UnityEditor.Search:ASIAI0B
Importing 'GUID: f9c067f2cfe24ce98e2deecdb0ed12a3 - Path: Packages/com.unity.collections/Unity.Collections/UTF8ArrayUnsafeUtility.cs - Importer: ScriptedImporter/UnityEditor.QuickSearchModule:UnityEditor.Search:ASIAI0B' with importer (ScriptedImporter : UnityEditor.QuickSearchModule:UnityEditor.Search:ASIAI0B)
Imported 'GUID: f9c067f2cfe24ce98e2deecdb0ed12a3' -> (Import Result ID: 'f20fcaabc9da12a48389728bc790e56b') in 0.002 seconds [static and dynamic dependencies]. Details - ImportResultOutputID=234ca879392fe0952d55a111176fea27 DependenciesID=96d0781b537d6438a1bb6f634e56eed2 StaticDependenciesID=584899c21e175410224ec5ed53b340d7 
Number of updated asset objects reloaded before import = 0
Number of asset objects unloaded after import = 0
========================================================================
Received Import Request.
  Time of request: 2026-08-04T17:31:21.4104342Z
  Time since last request: 0.0002372 seconds.
  importAddress: GUID: 7d1c578573cb6b34b860a0eb47293b24 - Path: Packages/com.unity.collections/Unity.Collections/NativeRingQueue.cs - Importer: ScriptedImporter/UnityEditor.QuickSearchModule:UnityEditor.Search:ASIAI0B
Importing 'GUID: 7d1c578573cb6b34b860a0eb47293b24 - Path: Packages/com.unity.collections/Unity.Collections/NativeRingQueue.cs - Importer: ScriptedImporter/UnityEditor.QuickSearchModule:UnityEditor.Search:ASIAI0B' with importer (ScriptedImporter : UnityEditor.QuickSearchModule:UnityEditor.Search:ASIAI0B)
Imported 'GUID: 7d1c578573cb6b34b860a0eb47293b24' -> (Import Result ID: 'd0ecd059bb2fafd9066bd7da6b5b0088') in 0.002 seconds [static and dynamic dependencies]. Details - ImportResultOutputID=607a7cbd78d3de8c54fbda0879c1805d DependenciesID=7fd064a3a09681b58bf968e3c5c60e35 StaticDependenciesID=8f021c720198c29bb0d10539a3538958 
Number of updated asset objects reloaded before import = 0
Number of asset objects unloaded after import = 0
========================================================================
Received Import Request.
  Time of request: 2026-08-04T17:31:21.4284102Z
  Time since last request: 0.0072113 seconds.
  importAddress: GUID: bc38a1e61f172489a8eb4983c247c3c3 - Path: Packages/com.unity.collections/Unity.Collections/Unicode.cs - Importer: ScriptedImporter/UnityEditor.QuickSearchModule:UnityEditor.Search:ASIAI0B
Importing 'GUID: bc38a1e61f172489a8eb4983c247c3c3 - Path: Packages/com.unity.collections/Unity.Collections/Unicode.cs - Importer: ScriptedImporter/UnityEditor.QuickSearchModule:UnityEditor.Search:ASIAI0B' with importer (ScriptedImporter : UnityEditor.QuickSearchModule:UnityEditor.Search:ASIAI0B)
Imported 'GUID: bc38a1e61f172489a8eb4983c247c3c3' -> (Import Result ID: 'c6774534b3e3aa4a71694a1329e7bc10') in 0.002 seconds [static and dynamic dependencies]. Details - ImportResultOutputID=5df485b0d75de34a1398f36afc645e99 DependenciesID=697d375d13eef1efcc6d5e23910fab92 StaticDependenciesID=de0a19dd2315f2de46a956067d22464e 
Number of updated asset objects reloaded before import = 0
Number of asset objects unloaded after import = 0
========================================================================
Received Import Request.
  Time of request: 2026-08-04T17:31:21.4383597Z
  Time since last request: 0.0002651 seconds.
  importAddress: GUID: 7956c264a4f322048ae516dae097b33a - Path: Packages/com.unity.collections/Unity.Collections.PerformanceTests/BenchmarkContainer.cs - Importer: ScriptedImporter/UnityEditor.QuickSearchModule:UnityEditor.Search:ASIAI0B
Importing 'GUID: 7956c264a4f322048ae516dae097b33a - Path: Packages/com.unity.collections/Unity.Collections.PerformanceTests/BenchmarkContainer.cs - Importer: ScriptedImporter/UnityEditor.QuickSearchModule:UnityEditor.Search:ASIAI0B' with importer (ScriptedImporter : UnityEditor.QuickSearchModule:UnityEditor.Search:ASIAI0B)
Imported 'GUID: 7956c264a4f322048ae516dae097b33a' -> (Import Result ID: '53ac0dea97b711f7025dbcef4dc071e0') in 0.002 seconds [static and dynamic dependencies]. Details - ImportResultOutputID=dac8805a4a67d48777bcb13ec5b65864 DependenciesID=c68c55c1412dca3fc83113cb43d930e6 StaticDependenciesID=43b11b9d0c3048a36f579a452c937e03 
Number of updated asset objects reloaded before import = 0
Number of asset objects unloaded after import = 0
========================================================================
Received Import Request.
  Time of request: 2026-08-04T17:31:21.4480656Z
  Time since last request: 0.0002861 seconds.
  importAddress: GUID: 29fc3021329289446ad4d2970b5dcbed - Path: Packages/com.unity.collections/Unity.Collections/UnsafeParallelMultiHashMap.cs - Importer: ScriptedImporter/UnityEditor.QuickSearchModule:UnityEditor.Search:ASIAI0B
Importing 'GUID: 29fc3021329289446ad4d2970b5dcbed - Path: Packages/com.unity.collections/Unity.Collections/UnsafeParallelMultiHashMap.cs - Importer: ScriptedImporter/UnityEditor.QuickSearchModule:UnityEditor.Search:ASIAI0B' with importer (ScriptedImporter : UnityEditor.QuickSearchModule:UnityEditor.Search:ASIAI0B)
Imported 'GUID: 29fc3021329289446ad4d2970b5dcbed' -> (Import Result ID: 'a1bb96430d5662d9ef27a109674dba5e') in 0.002 seconds [static and dynamic dependencies]. Details - ImportResultOutputID=97b4ec97e1d3378c239b89349e53b48f DependenciesID=9081b01a07bcf4a1e5839d7e4a922051 StaticDependenciesID=77f2eaf956d5f57c30dbce421e0fb5a7 
Number of updated asset objects reloaded before import = 0
Number of asset objects unloaded after import = 0
========================================================================
Received Import Request.
  Time of request: 2026-08-04T17:31:21.4574387Z
  Time since last request: 0.000226 seconds.
  importAddress: GUID: 7a96926915a7746789220056d7c409a5 - Path: Packages/com.unity.collections/Unity.Collections.Editor/JobsMenu.cs - Importer: ScriptedImporter/UnityEditor.QuickSearchModule:UnityEditor.Search:ASIAI0B
Importing 'GUID: 7a96926915a7746789220056d7c409a5 - Path: Packages/com.unity.collections/Unity.Collections.Editor/JobsMenu.cs - Importer: ScriptedImporter/UnityEditor.QuickSearchModule:UnityEditor.Search:ASIAI0B' with importer (ScriptedImporter : UnityEditor.QuickSearchModule:UnityEditor.Search:ASIAI0B)
Imported 'GUID: 7a96926915a7746789220056d7c409a5' -> (Import Result ID: '85c007b315f48a867a8f5f1e045195af') in 0.002 seconds [static and dynamic dependencies]. Details - ImportResultOutputID=dcea3e036f4aa7d8458d62af1363b517 DependenciesID=2fb57507c9eccf3baec97e9d9461604a StaticDependenciesID=44f2d4a717b15a42c3583589a775320d 
Number of updated asset objects reloaded before import = 0
Number of asset objects unloaded after import = 0
========================================================================
Received Import Request.
  Time of request: 2026-08-04T17:31:21.4671475Z
  Time since last request: 0.0002275 seconds.
  importAddress: GUID: b9cafe65ae4b7c5408e16a4d9eeeb599 - Path: Packages/com.unity.collections/Unity.Collections.PerformanceTests/QueuePerformanceTests.cs - Importer: ScriptedImporter/UnityEditor.QuickSearchModule:UnityEditor.Search:ASIAI0B
Importing 'GUID: b9cafe65ae4b7c5408e16a4d9eeeb599 - Path: Packages/com.unity.collections/Unity.Collections.PerformanceTests/QueuePerformanceTests.cs - Importer: ScriptedImporter/UnityEditor.QuickSearchModule:UnityEditor.Search:ASIAI0B' with importer (ScriptedImporter : UnityEditor.QuickSearchModule:UnityEditor.Search:ASIAI0B)
Imported 'GUID: b9cafe65ae4b7c5408e16a4d9eeeb599' -> (Import Result ID: 'f3009654265a78700a3c59b8b0a55303') in 0.002 seconds [static and dynamic dependencies]. Details - ImportResultOutputID=e3d8be8e937133ffcf14e1d7ffdbd218 DependenciesID=a52c0588783dc15c8661ad28a3fc62a9 StaticDependenciesID=8eda30e7782c473d5edb1e6ae6551ae8 
Number of updated asset objects reloaded before import = 0
Number of asset objects unloaded after import = 0
========================================================================
Received Import Request.
  Time of request: 2026-08-04T17:31:21.4767942Z
  Time since last request: 0.0002287 seconds.
  importAddress: GUID: 29918a7b3ef861c4789f0cdb857bc267 - Path: Packages/com.unity.collections/Unity.Collections/UnsafeStream.cs - Importer: ScriptedImporter/UnityEditor.QuickSearchModule:UnityEditor.Search:ASIAI0B
Importing 'GUID: 29918a7b3ef861c4789f0cdb857bc267 - Path: Packages/com.unity.collections/Unity.Collections/UnsafeStream.cs - Importer: ScriptedImporter/UnityEditor.QuickSearchModule:UnityEditor.Search:ASIAI0B' with importer (ScriptedImporter : UnityEditor.QuickSearchModule:UnityEditor.Search:ASIAI0B)
Imported 'GUID: 29918a7b3ef861c4789f0cdb857bc267' -> (Import Result ID: '725c421ea46606d56279c352515fe2cd') in 0.002 seconds [static and dynamic dependencies]. Details - ImportResultOutputID=36ba76a518012b67ff30d83a22bbf880 DependenciesID=033cd56f4e5e85220319956938029a1e StaticDependenciesID=b1105642d8d53652166d49fb2af8892c 
Number of updated asset objects reloaded before import = 0
Number of asset objects unloaded after import = 0
========================================================================
Received Import Request.
  Time of request: 2026-08-04T17:31:21.4857717Z
  Time since last request: 0.0003024 seconds.
  importAddress: GUID: d625a8f5b6435b040873e7fe625dbbf8 - Path: Packages/com.unity.collections/Unity.Collections.PerformanceTests/QueueParallelPerformanceTests.cs - Importer: ScriptedImporter/UnityEditor.QuickSearchModule:UnityEditor.Search:ASIAI0B
Importing 'GUID: d625a8f5b6435b040873e7fe625dbbf8 - Path: Packages/com.unity.collections/Unity.Collections.PerformanceTests/QueueParallelPerformanceTests.cs - Importer: ScriptedImporter/UnityEditor.QuickSearchModule:UnityEditor.Search:ASIAI0B' with importer (ScriptedImporter : UnityEditor.QuickSearchModule:UnityEditor.Search:ASIAI0B)
Imported 'GUID: d625a8f5b6435b040873e7fe625dbbf8' -> (Import Result ID: '728b992ec91cd13cbc0ae13222dbd539') in 0.002 seconds [static and dynamic dependencies]. Details - ImportResultOutputID=3053c46b6f3bd027a51dcb26d48a7bae DependenciesID=ac0d6353ee28b6684c2b5cbc7fca4eef StaticDependenciesID=612e34cc6842b7c00316590a9edcb797 
Number of updated asset objects reloaded before import = 0
Number of asset objects unloaded after import = 0
========================================================================
Received Import Request.
  Time of request: 2026-08-04T17:31:21.4949009Z
  Time since last request: 0.0003046 seconds.
  importAddress: GUID: c1cfdf44d5b6d1e9aa671a48032fee86 - Path: Packages/com.unity.collections/Unity.Collections.LowLevel.ILSupport/Unity.Collections.LowLevel.ILSupport.dll - Importer: ScriptedImporter/UnityEditor.QuickSearchModule:UnityEditor.Search:ASIAI0B
Importing 'GUID: c1cfdf44d5b6d1e9aa671a48032fee86 - Path: Packages/com.unity.collections/Unity.Collections.LowLevel.ILSupport/Unity.Collections.LowLevel.ILSupport.dll - Importer: ScriptedImporter/UnityEditor.QuickSearchModule:UnityEditor.Search:ASIAI0B' with importer (ScriptedImporter : UnityEditor.QuickSearchModule:UnityEditor.Search:ASIAI0B)
Imported 'GUID: c1cfdf44d5b6d1e9aa671a48032fee86' -> (Import Result ID: 'b0a9283787f9fe8290d7274b00d21833') in 0.004 seconds [static and dynamic dependencies]. Details - ImportResultOutputID=ac7e4d28f3b23e9ab3b4cad09d0c8e55 DependenciesID=e8a07c099545758978b62bf3710ea04e StaticDependenciesID=949c23b1f46e7a9ad88b2919fcf6a505 
Number of updated asset objects reloaded before import = 0
Number of asset objects unloaded after import = 0
========================================================================
Received Import Request.
  Time of request: 2026-08-04T17:31:21.858656Z
  Time since last request: 0.3535313 seconds.
  importAddress: GUID: 2875d3f6474aaee46b2421966a741a1d - Path: Packages/com.unity.collections/Unity.Collections.Tests/AllocatorRewindableTests.cs - Importer: ScriptedImporter/UnityEditor.QuickSearchModule:UnityEditor.Search:ASIAI0B
Importing 'GUID: 2875d3f6474aaee46b2421966a741a1d - Path: Packages/com.unity.collections/Unity.Collections.Tests/AllocatorRewindableTests.cs - Importer: ScriptedImporter/UnityEditor.QuickSearchModule:UnityEditor.Search:ASIAI0B' with importer (ScriptedImporter : UnityEditor.QuickSearchModule:UnityEditor.Search:ASIAI0B)
Imported 'GUID: 2875d3f6474aaee46b2421966a741a1d' -> (Import Result ID: '46708c3a335bfd01eb2715edac015343') in 0.002 seconds [static and dynamic dependencies]. Details - ImportResultOutputID=cbe5720097085bf86064a71b4a58f30b DependenciesID=ae6340b4bcdd1c09786059883334aa57 StaticDependenciesID=6733e39a8d315bc678ccf7ba66f4aae2 
Number of updated asset objects reloaded before import = 0
Number of asset objects unloaded after import = 0
========================================================================
Received Import Request.
  Time of request: 2026-08-04T17:31:21.8691112Z
  Time since last request: 0.0004947 seconds.
  importAddress: GUID: 0b998d1d480ff8743817da102884ab16 - Path: Packages/com.unity.collections/Unity.Collections.Tests/NativeTextTests.cs - Importer: ScriptedImporter/UnityEditor.QuickSearchModule:UnityEditor.Search:ASIAI0B
Importing 'GUID: 0b998d1d480ff8743817da102884ab16 - Path: Packages/com.unity.collections/Unity.Collections.Tests/NativeTextTests.cs - Importer: ScriptedImporter/UnityEditor.QuickSearchModule:UnityEditor.Search:ASIAI0B' with importer (ScriptedImporter : UnityEditor.QuickSearchModule:UnityEditor.Search:ASIAI0B)
Imported 'GUID: 0b998d1d480ff8743817da102884ab16' -> (Import Result ID: '6ed4e52c2cc9338f3bbc1ff8047a026f') in 0.002 seconds [static and dynamic dependencies]. Details - ImportResultOutputID=2854c809cd375cb139d39a63d7092db9 DependenciesID=8b208a7ba1292f098cbd8408a2979ebc StaticDependenciesID=d34fbca1aa9b72540d9eb7ea7184722e 
Number of updated asset objects reloaded before import = 0
Number of asset objects unloaded after import = 0
========================================================================
Received Import Request.
  Time of request: 2026-08-04T17:31:21.879197Z
  Time since last request: 0.0002013 seconds.
  importAddress: GUID: eebf40a7db1244e6782a238f4c5d279b - Path: Packages/com.unity.collections/Unity.Collections.Tests/NativeListTests_JobDebugger.cs - Importer: ScriptedImporter/UnityEditor.QuickSearchModule:UnityEditor.Search:ASIAI0B
Importing 'GUID: eebf40a7db1244e6782a238f4c5d279b - Path: Packages/com.unity.collections/Unity.Collections.Tests/NativeListTests_JobDebugger.cs - Importer: ScriptedImporter/UnityEditor.QuickSearchModule:UnityEditor.Search:ASIAI0B' with importer (ScriptedImporter : UnityEditor.QuickSearchModule:UnityEditor.Search:ASIAI0B)
Imported 'GUID: eebf40a7db1244e6782a238f4c5d279b' -> (Import Result ID: '7e7ce8fe2f59cdee405c5b4e15c0f2fd') in 0.002 seconds [static and dynamic dependencies]. Details - ImportResultOutputID=1eefe3803081853697875ccefebba2fa DependenciesID=e178d5259e59fcf7e1b85e7cf0127318 StaticDependenciesID=ce8d0608c2ed5bd39d8ead598a18fb5f 
Number of updated asset objects reloaded before import = 0
Number of asset objects unloaded after import = 0
========================================================================
Received Import Request.
  Time of request: 2026-08-04T17:31:21.8879819Z
  Time since last request: 0.0002229 seconds.
  importAddress: GUID: 56d662dab3a7e9044a036b9b0a52486e - Path: Packages/com.unity.collections/Unity.Collections.Tests/AllocatorCustomTests.cs - Importer: ScriptedImporter/UnityEditor.QuickSearchModule:UnityEditor.Search:ASIAI0B
Importing 'GUID: 56d662dab3a7e9044a036b9b0a52486e - Path: Packages/com.unity.collections/Unity.Collections.Tests/AllocatorCustomTests.cs - Importer: ScriptedImporter/UnityEditor.QuickSearchModule:UnityEditor.Search:ASIAI0B' with importer (ScriptedImporter : UnityEditor.QuickSearchModule:UnityEditor.Search:ASIAI0B)
Imported 'GUID: 56d662dab3a7e9044a036b9b0a52486e' -> (Import Result ID: 'b9631b2340f5a6f90af401eddce28c5e') in 0.002 seconds [static and dynamic dependencies]. Details - ImportResultOutputID=203f4b241d5e72ef1162a1568014ebe1 DependenciesID=21e38de0652aeb6dd169fb9b435897f3 StaticDependenciesID=c15a639e51424c3a69579d392325ce9f 
Number of updated asset objects reloaded before import = 0
Number of asset objects unloaded after import = 0
========================================================================
Received Import Request.
  Time of request: 2026-08-04T17:31:21.8970579Z
  Time since last request: 0.0002032 seconds.
  importAddress: GUID: cfd952b600713ff42a2db6d5c8228f8c - Path: Packages/com.unity.collections/Unity.Collections.Tests/NativeHashMapTests.cs - Importer: ScriptedImporter/UnityEditor.QuickSearchModule:UnityEditor.Search:ASIAI0B
Importing 'GUID: cfd952b600713ff42a2db6d5c8228f8c - Path: Packages/com.unity.collections/Unity.Collections.Tests/NativeHashMapTests.cs - Importer: ScriptedImporter/UnityEditor.QuickSearchModule:UnityEditor.Search:ASIAI0B' with importer (ScriptedImporter : UnityEditor.QuickSearchModule:UnityEditor.Search:ASIAI0B)
Imported 'GUID: cfd952b600713ff42a2db6d5c8228f8c' -> (Import Result ID: '4f55b472539f5fa519eded23bcdb9880') in 0.002 seconds [static and dynamic dependencies]. Details - ImportResultOutputID=ef05adcc77626d429d144293af35d094 DependenciesID=098feb001c2c8b8a04d1aa026d497e36 StaticDependenciesID=1d76ba87a514fec11902338b071bae4f 
Number of updated asset objects reloaded before import = 0
Number of asset objects unloaded after import = 0
========================================================================
Received Import Request.
  Time of request: 2026-08-04T17:31:21.9055997Z
  Time since last request: 0.0002194 seconds.
  importAddress: GUID: 1c4f87267cc02d948a6a332c8768cd23 - Path: Packages/com.unity.collections/Unity.Collections.Tests/UnsafeListTests.cs - Importer: ScriptedImporter/UnityEditor.QuickSearchModule:UnityEditor.Search:ASIAI0B
Importing 'GUID: 1c4f87267cc02d948a6a332c8768cd23 - Path: Packages/com.unity.collections/Unity.Collections.Tests/UnsafeListTests.cs - Importer: ScriptedImporter/UnityEditor.QuickSearchModule:UnityEditor.Search:ASIAI0B' with importer (ScriptedImporter : UnityEditor.QuickSearchModule:UnityEditor.Search:ASIAI0B)
Imported 'GUID: 1c4f87267cc02d948a6a332c8768cd23' -> (Import Result ID: '364a1d7b1f071d8d57ad934cc83bdc65') in 0.002 seconds [static and dynamic dependencies]. Details - ImportResultOutputID=00bae264aef5ea8619604948a63b5b63 DependenciesID=9ee48fd4b80b7324f2b11714174bbc6e StaticDependenciesID=8383aeb8b36e4c03dc73d50c1e99ee40 
Number of updated asset objects reloaded before import = 0
Number of asset objects unloaded after import = 0
========================================================================
Received Import Request.
  Time of request: 2026-08-04T17:31:21.9148981Z
  Time since last request: 0.0002034 seconds.
  importAddress: GUID: c30fe0e64fef64239b70bb447e82e4a8 - Path: Packages/com.unity.collections/Unity.Collections.Tests/NativeParallelHashMapTests_InJobs.cs - Importer: ScriptedImporter/UnityEditor.QuickSearchModule:UnityEditor.Search:ASIAI0B
Importing 'GUID: c30fe0e64fef64239b70bb447e82e4a8 - Path: Packages/com.unity.collections/Unity.Collections.Tests/NativeParallelHashMapTests_InJobs.cs - Importer: ScriptedImporter/UnityEditor.QuickSearchModule:UnityEditor.Search:ASIAI0B' with importer (ScriptedImporter : UnityEditor.QuickSearchModule:UnityEditor.Search:ASIAI0B)
Imported 'GUID: c30fe0e64fef64239b70bb447e82e4a8' -> (Import Result ID: '6a39ddd7b5aa4898e1c188a4c953e263') in 0.002 seconds [static and dynamic dependencies]. Details - ImportResultOutputID=4507b26bbbd99d33bcbbb5eebee6c529 DependenciesID=1be2b4d85cc00e41657e0c7bcf3f793c StaticDependenciesID=03b4889c40ab245a1073eb296dcb32ef 
Number of updated asset objects reloaded before import = 0
Number of asset objects unloaded after import = 0
========================================================================
Received Import Request.
  Time of request: 2026-08-04T17:31:21.9243017Z
  Time since last request: 0.0002584 seconds.
  importAddress: GUID: 0a06298414d1430487a2bc2bde42fba6 - Path: Packages/com.unity.collections/Unity.Collections.Tests/FixedStringSizedTests.gen.cs - Importer: ScriptedImporter/UnityEditor.QuickSearchModule:UnityEditor.Search:ASIAI0B
Importing 'GUID: 0a06298414d1430487a2bc2bde42fba6 - Path: Packages/com.unity.collections/Unity.Collections.Tests/FixedStringSizedTests.gen.cs - Importer: ScriptedImporter/UnityEditor.QuickSearchModule:UnityEditor.Search:ASIAI0B' with importer (ScriptedImporter : UnityEditor.QuickSearchModule:UnityEditor.Search:ASIAI0B)
Imported 'GUID: 0a06298414d1430487a2bc2bde42fba6' -> (Import Result ID: '587d241b6df8c580e7d78351e8550a77') in 0.002 seconds [static and dynamic dependencies]. Details - ImportResultOutputID=e460c32cab37cff3ef2447c7c944ea96 DependenciesID=92a93a6f3c832508003da74023e5a541 StaticDependenciesID=87082901b0ac7576415a9f0e916fa62f 
Number of updated asset objects reloaded before import = 0
Number of asset objects unloaded after import = 0
========================================================================
Received Import Request.
  Time of request: 2026-08-04T17:31:21.9342757Z
  Time since last request: 0.00034 seconds.
  importAddress: GUID: e882b40f28163514db4c9a34dbf1d6a5 - Path: Packages/com.unity.collections/Unity.Collections.Tests/NativeArraySortTests.cs - Importer: ScriptedImporter/UnityEditor.QuickSearchModule:UnityEditor.Search:ASIAI0B
Importing 'GUID: e882b40f28163514db4c9a34dbf1d6a5 - Path: Packages/com.unity.collections/Unity.Collections.Tests/NativeArraySortTests.cs - Importer: ScriptedImporter/UnityEditor.QuickSearchModule:UnityEditor.Search:ASIAI0B' with importer (ScriptedImporter : UnityEditor.QuickSearchModule:UnityEditor.Search:ASIAI0B)
Imported 'GUID: e882b40f28163514db4c9a34dbf1d6a5' -> (Import Result ID: 'a4255ad090052c38ea79b525fdaa4be0') in 0.002 seconds [static and dynamic dependencies]. Details - ImportResultOutputID=6870ecb0bc21aeb523fb6f1c445da589 DependenciesID=9fc8ab9b7b5132adde817bc6251bfafd StaticDependenciesID=b62dc340c2ccfc8c7688377e83ea7db2 
Number of updated asset objects reloaded before import = 0
Number of asset objects unloaded after import = 0
========================================================================
Received Import Request.
  Time of request: 2026-08-04T17:31:21.9447741Z
  Time since last request: 0.0002758 seconds.
  importAddress: GUID: 7f00410a200de4d6d865ce65201c861f - Path: Packages/com.unity.collections/Unity.Collections.Tests/NativeParallelMultiHashMapTests_JobDebugger.cs - Importer: ScriptedImporter/UnityEditor.QuickSearchModule:UnityEditor.Search:ASIAI0B
Importing 'GUID: 7f00410a200de4d6d865ce65201c861f - Path: Packages/com.unity.collections/Unity.Collections.Tests/NativeParallelMultiHashMapTests_JobDebugger.cs - Importer: ScriptedImporter/UnityEditor.QuickSearchModule:UnityEditor.Search:ASIAI0B' with importer (ScriptedImporter : UnityEditor.QuickSearchModule:UnityEditor.Search:ASIAI0B)
Imported 'GUID: 7f00410a200de4d6d865ce65201c861f' -> (Import Result ID: 'db60b9d3b0987d1b3d8a50b2b0cec14e') in 0.002 seconds [static and dynamic dependencies]. Details - ImportResultOutputID=519d9cf19a4f559e18f2cae34d81fefd DependenciesID=a47f143b41b563a9a951db4f42bad15f StaticDependenciesID=366704dd2648324b9c9afe06e29039a4 
Number of updated asset objects reloaded before import = 0
Number of asset objects unloaded after import = 0
========================================================================
Received Import Request.
  Time of request: 2026-08-04T17:31:21.9550247Z
  Time since last request: 0.0002266 seconds.
  importAddress: GUID: edf89c00aa475ae48a7726b87fc0f00c - Path: Packages/com.unity.collections/Unity.Collections.Tests/NativeParallelHashSetTests.tt - Importer: ScriptedImporter/UnityEditor.QuickSearchModule:UnityEditor.Search:ASIAI0B
Importing 'GUID: edf89c00aa475ae48a7726b87fc0f00c - Path: Packages/com.unity.collections/Unity.Collections.Tests/NativeParallelHashSetTests.tt - Importer: ScriptedImporter/UnityEditor.QuickSearchModule:UnityEditor.Search:ASIAI0B' with importer (ScriptedImporter : UnityEditor.QuickSearchModule:UnityEditor.Search:ASIAI0B)
Imported 'GUID: edf89c00aa475ae48a7726b87fc0f00c' -> (Import Result ID: 'c1f466b9e4bd7cd3124284dd1ab8a450') in 0.002 seconds [static and dynamic dependencies]. Details - ImportResultOutputID=6d000e84b620ac9a185f06069470d2a1 DependenciesID=73eeeaa0996e07c232fe25f5e49a21dc StaticDependenciesID=e981f20f88d7e017a934fdacd5e9f620 
Number of updated asset objects reloaded before import = 0
Number of asset objects unloaded after import = 1
========================================================================
Received Import Request.
  Time of request: 2026-08-04T17:31:21.9641676Z
  Time since last request: 0.0002268 seconds.
  importAddress: GUID: bb7e2d0f4a7b4c32b50c2d10849628f2 - Path: Packages/com.unity.collections/Unity.Collections.Tests/FixedStringBurstTests.cs - Importer: ScriptedImporter/UnityEditor.QuickSearchModule:UnityEditor.Search:ASIAI0B
Importing 'GUID: bb7e2d0f4a7b4c32b50c2d10849628f2 - Path: Packages/com.unity.collections/Unity.Collections.Tests/FixedStringBurstTests.cs - Importer: ScriptedImporter/UnityEditor.QuickSearchModule:UnityEditor.Search:ASIAI0B' with importer (ScriptedImporter : UnityEditor.QuickSearchModule:UnityEditor.Search:ASIAI0B)
Imported 'GUID: bb7e2d0f4a7b4c32b50c2d10849628f2' -> (Import Result ID: 'aa7b00135a49bee89dfad4214f7edfb0') in 0.002 seconds [static and dynamic dependencies]. Details - ImportResultOutputID=d4fcf593947aa3ca3e6cd69b35e29667 DependenciesID=6775b1c7bc329fd182c7db4ff984ac3d StaticDependenciesID=fd8a3790e05f774f9208b903ec8ca12e 
Number of updated asset objects reloaded before import = 0
Number of asset objects unloaded after import = 0
========================================================================
Received Import Request.
  Time of request: 2026-08-04T17:31:21.9727923Z
  Time since last request: 0.000187 seconds.
  importAddress: GUID: 4668a20175cc94ab284013b3a4ce4a9e - Path: Packages/com.unity.collections/Unity.Collections.Tests/EmbeddedPackageOnlyTestAttribute.cs - Importer: ScriptedImporter/UnityEditor.QuickSearchModule:UnityEditor.Search:ASIAI0B
Importing 'GUID: 4668a20175cc94ab284013b3a4ce4a9e - Path: Packages/com.unity.collections/Unity.Collections.Tests/EmbeddedPackageOnlyTestAttribute.cs - Importer: ScriptedImporter/UnityEditor.QuickSearchModule:UnityEditor.Search:ASIAI0B' with importer (ScriptedImporter : UnityEditor.QuickSearchModule:UnityEditor.Search:ASIAI0B)
Imported 'GUID: 4668a20175cc94ab284013b3a4ce4a9e' -> (Import Result ID: 'fd736a7c31d9152279edeb88fa462758') in 0.002 seconds [static and dynamic dependencies]. Details - ImportResultOutputID=3d6526ef90e86bf2169987e6cac2eaa6 DependenciesID=e96e0490ac3e195e04720c7e1b714381 StaticDependenciesID=6a7fe836ab795df6e44ecae2e38e04d9 
Number of updated asset objects reloaded before import = 0
Number of asset objects unloaded after import = 0
========================================================================
Received Import Request.
  Time of request: 2026-08-04T17:31:22.0229588Z
  Time since last request: 0.041331 seconds.
  importAddress: GUID: 2d33d4223be73b4448d51d31323799fd - Path: Packages/com.unity.collections/Unity.Collections.Tests/UnsafeParallelMultiHashMapTests.cs - Importer: ScriptedImporter/UnityEditor.QuickSearchModule:UnityEditor.Search:ASIAI0B
Importing 'GUID: 2d33d4223be73b4448d51d31323799fd - Path: Packages/com.unity.collections/Unity.Collections.Tests/UnsafeParallelMultiHashMapTests.cs - Importer: ScriptedImporter/UnityEditor.QuickSearchModule:UnityEditor.Search:ASIAI0B' with importer (ScriptedImporter : UnityEditor.QuickSearchModule:UnityEditor.Search:ASIAI0B)
Imported 'GUID: 2d33d4223be73b4448d51d31323799fd' -> (Import Result ID: '751b9c7b82aca11c357d66fdd01213f9') in 0.002 seconds [static and dynamic dependencies]. Details - ImportResultOutputID=c05079ce533d63361b4562412ffaacc9 DependenciesID=1420dc9438a655b397aba416cedd54c1 StaticDependenciesID=5a71791b2d900d634a1c83712ad9a644 
Number of updated asset objects reloaded before import = 0
Number of asset objects unloaded after import = 0
========================================================================
Received Import Request.
  Time of request: 2026-08-04T17:31:22.0321637Z
  Time since last request: 0.0005062 seconds.
  importAddress: GUID: dad573b7a5d91e84bab5aada3f2f0530 - Path: Packages/com.unity.collections/Unity.Collections/Jobs/RegisterGenericJobTypeAttribute.cs - Importer: ScriptedImporter/UnityEditor.QuickSearchModule:UnityEditor.Search:ASIAI0B
Importing 'GUID: dad573b7a5d91e84bab5aada3f2f0530 - Path: Packages/com.unity.collections/Unity.Collections/Jobs/RegisterGenericJobTypeAttribute.cs - Importer: ScriptedImporter/UnityEditor.QuickSearchModule:UnityEditor.Search:ASIAI0B' with importer (ScriptedImporter : UnityEditor.QuickSearchModule:UnityEditor.Search:ASIAI0B)
Imported 'GUID: dad573b7a5d91e84bab5aada3f2f0530' -> (Import Result ID: 'dcb4b72f3f1d3a852bce34250421bb06') in 0.002 seconds [static and dynamic dependencies]. Details - ImportResultOutputID=4477e1a78311a061ec2c49e1879b46cb DependenciesID=4b168debc69951de70d8a6692b54d3ac StaticDependenciesID=e56df29cfe7e4a624000b02e8cc03c55 
Number of updated asset objects reloaded before import = 0
Number of asset objects unloaded after import = 0
========================================================================
Received Import Request.
  Time of request: 2026-08-04T17:31:22.0428503Z
  Time since last request: 0.0004762 seconds.
  importAddress: GUID: d35de0fc3fdf6cd4d8cc89e32adcfd92 - Path: Packages/com.unity.collections/Unity.Collections.Tests/UnsafeQueueTests_InJobs.cs - Importer: ScriptedImporter/UnityEditor.QuickSearchModule:UnityEditor.Search:ASIAI0B
Importing 'GUID: d35de0fc3fdf6cd4d8cc89e32adcfd92 - Path: Packages/com.unity.collections/Unity.Collections.Tests/UnsafeQueueTests_InJobs.cs - Importer: ScriptedImporter/UnityEditor.QuickSearchModule:UnityEditor.Search:ASIAI0B' with importer (ScriptedImporter : UnityEditor.QuickSearchModule:UnityEditor.Search:ASIAI0B)
Imported 'GUID: d35de0fc3fdf6cd4d8cc89e32adcfd92' -> (Import Result ID: 'e2a1afeb3f8e73c698e9e0bf6a5b4813') in 0.002 seconds [static and dynamic dependencies]. Details - ImportResultOutputID=2c04b29ee5852f539415d8d2fd83e213 DependenciesID=283348dc1a4eb4e4e65959bd8cbbd83f StaticDependenciesID=c8a75c56d8d755da5ad4f2eff619ab44 
Number of updated asset objects reloaded before import = 0
Number of asset objects unloaded after import = 0
========================================================================
Received Import Request.
  Time of request: 2026-08-04T17:31:22.0523949Z
  Time since last request: 0.0002635 seconds.
  importAddress: GUID: fd28abb4e35d9472389061aeb5494474 - Path: Packages/com.unity.collections/Unity.Collections.Tests/UnsafeUtilityTests.cs - Importer: ScriptedImporter/UnityEditor.QuickSearchModule:UnityEditor.Search:ASIAI0B
Importing 'GUID: fd28abb4e35d9472389061aeb5494474 - Path: Packages/com.unity.collections/Unity.Collections.Tests/UnsafeUtilityTests.cs - Importer: ScriptedImporter/UnityEditor.QuickSearchModule:UnityEditor.Search:ASIAI0B' with importer (ScriptedImporter : UnityEditor.QuickSearchModule:UnityEditor.Search:ASIAI0B)
Imported 'GUID: fd28abb4e35d9472389061aeb5494474' -> (Import Result ID: 'd05d982e68ef307fe98a5be47d1c68a2') in 0.002 seconds [static and dynamic dependencies]. Details - ImportResultOutputID=7ed2b0453fd87510949da854cfb97440 DependenciesID=c7f5581891ddeb9fb792d9fe5a6bfbf5 StaticDependenciesID=3558cd6215c5637bcd89e8f2ba1bb197 
Number of updated asset objects reloaded before import = 0
Number of asset objects unloaded after import = 0
========================================================================
Received Import Request.
  Time of request: 2026-08-04T17:31:22.0612677Z
  Time since last request: 0.0002768 seconds.
  importAddress: GUID: c3f9809ba4de01446ae82a0e4f3da278 - Path: Packages/com.unity.collections/Unity.Collections/Jobs/IJobFilter.cs - Importer: ScriptedImporter/UnityEditor.QuickSearchModule:UnityEditor.Search:ASIAI0B
Importing 'GUID: c3f9809ba4de01446ae82a0e4f3da278 - Path: Packages/com.unity.collections/Unity.Collections/Jobs/IJobFilter.cs - Importer: ScriptedImporter/UnityEditor.QuickSearchModule:UnityEditor.Search:ASIAI0B' with importer (ScriptedImporter : UnityEditor.QuickSearchModule:UnityEditor.Search:ASIAI0B)
Imported 'GUID: c3f9809ba4de01446ae82a0e4f3da278' -> (Import Result ID: 'f775f16e368dc555acc00f600eebba72') in 0.002 seconds [static and dynamic dependencies]. Details - ImportResultOutputID=6edf7302c9f989461c62cca732631be6 DependenciesID=56eb38d1fb582fae33aeede96ac03f76 StaticDependenciesID=a019e163912e5610fdb05dd28ce95ad2 
Number of updated asset objects reloaded before import = 0
Number of asset objects unloaded after import = 0
========================================================================
Received Import Request.
  Time of request: 2026-08-04T17:31:22.0706466Z
  Time since last request: 0.0003168 seconds.
  importAddress: GUID: 6a88e2cd1798bb445bc5517141684031 - Path: Packages/com.unity.collections/Unity.Collections.Tests.Playmode/FixedListPlayModeTests.tt - Importer: ScriptedImporter/UnityEditor.QuickSearchModule:UnityEditor.Search:ASIAI0B
Importing 'GUID: 6a88e2cd1798bb445bc5517141684031 - Path: Packages/com.unity.collections/Unity.Collections.Tests.Playmode/FixedListPlayModeTests.tt - Importer: ScriptedImporter/UnityEditor.QuickSearchModule:UnityEditor.Search:ASIAI0B' with importer (ScriptedImporter : UnityEditor.QuickSearchModule:UnityEditor.Search:ASIAI0B)
Imported 'GUID: 6a88e2cd1798bb445bc5517141684031' -> (Import Result ID: '718c3930678c35a03afbebe1c9f40eaf') in 0.002 seconds [static and dynamic dependencies]. Details - ImportResultOutputID=a26c336404d14828f522ef2606b4ee5a DependenciesID=3fd8429d7d22a3664cd2cdaccee60c67 StaticDependenciesID=9c5799e62c74788fed490cc2d63c701e 
Number of updated asset objects reloaded before import = 0
Number of asset objects unloaded after import = 1
========================================================================
Received Import Request.
  Time of request: 2026-08-04T17:31:22.0807682Z
  Time since last request: 0.0002841 seconds.
  importAddress: GUID: 9fc87c3ee46f3b34e97e18e4fcac8151 - Path: Packages/com.unity.nuget.mono-cecil/LICENSE.md - Importer: ScriptedImporter/UnityEditor.QuickSearchModule:UnityEditor.Search:ASIAI0B
Importing 'GUID: 9fc87c3ee46f3b34e97e18e4fcac8151 - Path: Packages/com.unity.nuget.mono-cecil/LICENSE.md - Importer: ScriptedImporter/UnityEditor.QuickSearchModule:UnityEditor.Search:ASIAI0B' with importer (ScriptedImporter : UnityEditor.QuickSearchModule:UnityEditor.Search:ASIAI0B)
Imported 'GUID: 9fc87c3ee46f3b34e97e18e4fcac8151' -> (Import Result ID: '604182d6e4cf06e84256cc4e9b9e9915') in 0.003 seconds [static and dynamic dependencies]. Details - ImportResultOutputID=41f6ecbcbf7caa66c44c7681a52fa9f5 DependenciesID=a60ea7bd841d042efbf99ccf894c8962 StaticDependenciesID=849920bacccc24f3ee7ec283e9a17f7e 
Number of updated asset objects reloaded before import = 0
Number of asset objects unloaded after import = 1
========================================================================
Received Import Request.
  Time of request: 2026-08-04T17:31:22.0914684Z
  Time since last request: 0.0005611 seconds.
  importAddress: GUID: d0fbdee3cefe411478fe3cd19d0b0edf - Path: Packages/com.unity.collections/Unity.Collections.PerformanceTests/Unity.PerformanceTesting.Benchmark/BenchmarkGenerator.cs - Importer: ScriptedImporter/UnityEditor.QuickSearchModule:UnityEditor.Search:ASIAI0B
Importing 'GUID: d0fbdee3cefe411478fe3cd19d0b0edf - Path: Packages/com.unity.collections/Unity.Collections.PerformanceTests/Unity.PerformanceTesting.Benchmark/BenchmarkGenerator.cs - Importer: ScriptedImporter/UnityEditor.QuickSearchModule:UnityEditor.Search:ASIAI0B' with importer (ScriptedImporter : UnityEditor.QuickSearchModule:UnityEditor.Search:ASIAI0B)
Imported 'GUID: d0fbdee3cefe411478fe3cd19d0b0edf' -> (Import Result ID: 'beb4745e03fe3e54d671023a8e68345c') in 0.002 seconds [static and dynamic dependencies]. Details - ImportResultOutputID=1a546fdb59a8f255d0f77f51648d1e85 DependenciesID=987242c457f3287089ac580af7ff1e03 StaticDependenciesID=e7c384eff0177041d32b249a1225c685 
Number of updated asset objects reloaded before import = 0
Number of asset objects unloaded after import = 0
========================================================================
Received Import Request.
  Time of request: 2026-08-04T17:31:22.1010707Z
  Time since last request: 0.0002439 seconds.
  importAddress: GUID: a915ab4289326f442bb155465a18b013 - Path: Packages/com.unity.collections/Unity.Collections.PerformanceTests/Unity.PerformanceTesting.Benchmark/MarkdownBuilder.cs - Importer: ScriptedImporter/UnityEditor.QuickSearchModule:UnityEditor.Search:ASIAI0B
Importing 'GUID: a915ab4289326f442bb155465a18b013 - Path: Packages/com.unity.collections/Unity.Collections.PerformanceTests/Unity.PerformanceTesting.Benchmark/MarkdownBuilder.cs - Importer: ScriptedImporter/UnityEditor.QuickSearchModule:UnityEditor.Search:ASIAI0B' with importer (ScriptedImporter : UnityEditor.QuickSearchModule:UnityEditor.Search:ASIAI0B)
Imported 'GUID: a915ab4289326f442bb155465a18b013' -> (Import Result ID: 'e2dc9d1be6d0b3acf8d56f1e125a71c7') in 0.003 seconds [static and dynamic dependencies]. Details - ImportResultOutputID=0f021d328c6bcf1cae58d6d11a119466 DependenciesID=12fc0f46fb4fe3a16343fbf77c1c437c StaticDependenciesID=d6313806cf2476e6038c1ad90cf16215 
Number of updated asset objects reloaded before import = 0
Number of asset objects unloaded after import = 0
========================================================================
Received Import Request.
  Time of request: 2026-08-04T17:31:22.1110256Z
  Time since last request: 0.0002011 seconds.
  importAddress: GUID: 8693443c8d9368d4b8b9f2beea09d699 - Path: Packages/com.unity.collections/Unity.Collections.Tests/Jobs/JobTests.cs - Importer: ScriptedImporter/UnityEditor.QuickSearchModule:UnityEditor.Search:ASIAI0B
Importing 'GUID: 8693443c8d9368d4b8b9f2beea09d699 - Path: Packages/com.unity.collections/Unity.Collections.Tests/Jobs/JobTests.cs - Importer: ScriptedImporter/UnityEditor.QuickSearchModule:UnityEditor.Search:ASIAI0B' with importer (ScriptedImporter : UnityEditor.QuickSearchModule:UnityEditor.Search:ASIAI0B)
Imported 'GUID: 8693443c8d9368d4b8b9f2beea09d699' -> (Import Result ID: 'ea877c1f3530b754935de037d5c0f8fe') in 0.002 seconds [static and dynamic dependencies]. Details - ImportResultOutputID=54c751f156be171f3cae5fbf11d31249 DependenciesID=89e7261e99829227b4eb674a3559f17a StaticDependenciesID=c2fce9479192a7f65c6c060ab8b52ecb 
Number of updated asset objects reloaded before import = 0
Number of asset objects unloaded after import = 0
========================================================================
Received Import Request.
  Time of request: 2026-08-04T17:31:22.1198653Z
  Time since last request: 0.0002724 seconds.
  importAddress: GUID: 86b0e09d2fd75564f90fbc601e1eec6b - Path: Packages/com.unity.searcher/package.json - Importer: ScriptedImporter/UnityEditor.QuickSearchModule:UnityEditor.Search:ASIAI0B
Importing 'GUID: 86b0e09d2fd75564f90fbc601e1eec6b - Path: Packages/com.unity.searcher/package.json - Importer: ScriptedImporter/UnityEditor.QuickSearchModule:UnityEditor.Search:ASIAI0B' with importer (ScriptedImporter : UnityEditor.QuickSearchModule:UnityEditor.Search:ASIAI0B)
Imported 'GUID: 86b0e09d2fd75564f90fbc601e1eec6b' -> (Import Result ID: '451fef5f8062dabf7d10eb570947b1b9') in 0.002 seconds [static and dynamic dependencies]. Details - ImportResultOutputID=7d067f5671ad04af44f1b563f8b461c9 DependenciesID=d1ef44ef44e742badb349a43a106cf9f StaticDependenciesID=e03cb347943ae38945efc43d70217c29 
Number of updated asset objects reloaded before import = 0
Number of asset objects unloaded after import = 1
========================================================================
Received Import Request.
  Time of request: 2026-08-04T17:31:22.1297331Z
  Time since last request: 0.0002123 seconds.
  importAddress: GUID: 0175a7523f9f1754ca406f92afcfcbc6 - Path: Packages/com.unity.collections/Unity.Collections.PerformanceTests/Unity.PerformanceTesting.Benchmark/PerformanceTestFrameworkOutput.png - Importer: ScriptedImporter/UnityEditor.QuickSearchModule:UnityEditor.Search:ASIAI0B
Importing 'GUID: 0175a7523f9f1754ca406f92afcfcbc6 - Path: Packages/com.unity.collections/Unity.Collections.PerformanceTests/Unity.PerformanceTesting.Benchmark/PerformanceTestFrameworkOutput.png - Importer: ScriptedImporter/UnityEditor.QuickSearchModule:UnityEditor.Search:ASIAI0B' with importer (ScriptedImporter : UnityEditor.QuickSearchModule:UnityEditor.Search:ASIAI0B)
Imported 'GUID: 0175a7523f9f1754ca406f92afcfcbc6' -> (Import Result ID: '1aeb1b021774eca4eace52c17dd01275') in 0.004 seconds [static and dynamic dependencies]. Details - ImportResultOutputID=14673fad6e0318bce5d8b83f62051837 DependenciesID=4cef7765b9c44afc5a3225ac6d4736fc StaticDependenciesID=c3c997e93c00053074b08b7cc00f2684 
Number of updated asset objects reloaded before import = 0
Number of asset objects unloaded after import = 1
========================================================================
Received Import Request.
  Time of request: 2026-08-04T17:31:22.1533172Z
  Time since last request: 0.0132704 seconds.
  importAddress: GUID: 3b62a4eaddacd11418765f5c2f6cb592 - Path: Packages/com.unity.searcher/Editor/Searcher/SearcherAdapter.cs - Importer: ScriptedImporter/UnityEditor.QuickSearchModule:UnityEditor.Search:ASIAI0B
Importing 'GUID: 3b62a4eaddacd11418765f5c2f6cb592 - Path: Packages/com.unity.searcher/Editor/Searcher/SearcherAdapter.cs - Importer: ScriptedImporter/UnityEditor.QuickSearchModule:UnityEditor.Search:ASIAI0B' with importer (ScriptedImporter : UnityEditor.QuickSearchModule:UnityEditor.Search:ASIAI0B)
Imported 'GUID: 3b62a4eaddacd11418765f5c2f6cb592' -> (Import Result ID: '0e8550dc30db35f325c9916932e72b72') in 0.002 seconds [static and dynamic dependencies]. Details - ImportResultOutputID=b8285cdee88a6e3b94ad3fd54a823b0d DependenciesID=c144d2a63e588ea3f09f7c1b8b4658eb StaticDependenciesID=bba77ac10144cd4bf5a6aa51d2982c0c 
Number of updated asset objects reloaded before import = 0
Number of asset objects unloaded after import = 0
========================================================================
Received Import Request.
  Time of request: 2026-08-04T17:31:22.1623586Z
  Time since last request: 0.0004728 seconds.
  importAddress: GUID: fef9ee9b48f7a45aaa6991afe5f95a2b - Path: Packages/com.unity.2d.common/README.md - Importer: ScriptedImporter/UnityEditor.QuickSearchModule:UnityEditor.Search:ASIAI0B
Importing 'GUID: fef9ee9b48f7a45aaa6991afe5f95a2b - Path: Packages/com.unity.2d.common/README.md - Importer: ScriptedImporter/UnityEditor.QuickSearchModule:UnityEditor.Search:ASIAI0B' with importer (ScriptedImporter : UnityEditor.QuickSearchModule:UnityEditor.Search:ASIAI0B)
Imported 'GUID: fef9ee9b48f7a45aaa6991afe5f95a2b' -> (Import Result ID: '519fe260c7cf0c2e200b6f272e783d56') in 0.002 seconds [static and dynamic dependencies]. Details - ImportResultOutputID=868b89853e6e7e79d68791223b0b2da8 DependenciesID=342f551c62d6faa9ec484acd06b2f523 StaticDependenciesID=2b131208165d35bfdf1ec4c61a218ab2 
Number of updated asset objects reloaded before import = 0
Number of asset objects unloaded after import = 1
========================================================================
Received Import Request.
  Time of request: 2026-08-04T17:31:22.1726293Z
  Time since last request: 0.0003753 seconds.
  importAddress: GUID: 0c2aa48d028b3134dbbb5ceb57bff5ac - Path: Packages/com.unity.searcher/Editor/Resources/FlatSkin/SearchSmallDownOff@2x.png - Importer: ScriptedImporter/UnityEditor.QuickSearchModule:UnityEditor.Search:ASIAI0B
Importing 'GUID: 0c2aa48d028b3134dbbb5ceb57bff5ac - Path: Packages/com.unity.searcher/Editor/Resources/FlatSkin/SearchSmallDownOff@2x.png - Importer: ScriptedImporter/UnityEditor.QuickSearchModule:UnityEditor.Search:ASIAI0B' with importer (ScriptedImporter : UnityEditor.QuickSearchModule:UnityEditor.Search:ASIAI0B)
Imported 'GUID: 0c2aa48d028b3134dbbb5ceb57bff5ac' -> (Import Result ID: 'a5e360f6786107d3ae69b5935054702c') in 0.005 seconds [static and dynamic dependencies]. Details - ImportResultOutputID=20dea850b5945caf8c5eb527b5c2ee67 DependenciesID=c0fd4ddf57c7abc00814a00f89330d01 StaticDependenciesID=0b83f2002a0bbf443a430e20bfca8aa1 
Number of updated asset objects reloaded before import = 0
Number of asset objects unloaded after import = 1
========================================================================
Received Import Request.
  Time of request: 2026-08-04T17:31:22.1848483Z
  Time since last request: 0.0002844 seconds.
  importAddress: GUID: c82e859b16636ddd2ca4a1f63fd34938 - Path: Packages/com.unity.modules.androidjni/package.ModuleCompilationTrigger - Importer: ScriptedImporter/UnityEditor.QuickSearchModule:UnityEditor.Search:ASIAI0B
Importing 'GUID: c82e859b16636ddd2ca4a1f63fd34938 - Path: Packages/com.unity.modules.androidjni/package.ModuleCompilationTrigger - Importer: ScriptedImporter/UnityEditor.QuickSearchModule:UnityEditor.Search:ASIAI0B' with importer (ScriptedImporter : UnityEditor.QuickSearchModule:UnityEditor.Search:ASIAI0B)
Imported 'GUID: c82e859b16636ddd2ca4a1f63fd34938' -> (Import Result ID: 'de9ee0a8b793421cd3777143fe97d6f8') in 0.002 seconds [static and dynamic dependencies]. Details - ImportResultOutputID=6efd715e130767fd46210451e2083b02 DependenciesID=32fd54ab352a962119f65c2d20c5f8b7 StaticDependenciesID=3c85765e871405360eb6bfd56717e9d9 
Number of updated asset objects reloaded before import = 0
Number of asset objects unloaded after import = 1
========================================================================
Received Import Request.
  Time of request: 2026-08-04T17:31:22.1936726Z
  Time since last request: 0.0002156 seconds.
  importAddress: GUID: 2a29e27936eb547458f646f71125b264 - Path: Packages/com.unity.searcher/Editor/Resources/FlatSkin/Font/Roboto-Light.ttf - Importer: ScriptedImporter/UnityEditor.QuickSearchModule:UnityEditor.Search:ASIAI0B
Importing 'GUID: 2a29e27936eb547458f646f71125b264 - Path: Packages/com.unity.searcher/Editor/Resources/FlatSkin/Font/Roboto-Light.ttf - Importer: ScriptedImporter/UnityEditor.QuickSearchModule:UnityEditor.Search:ASIAI0B' with importer (ScriptedImporter : UnityEditor.QuickSearchModule:UnityEditor.Search:ASIAI0B)
Imported 'GUID: 2a29e27936eb547458f646f71125b264' -> (Import Result ID: '01246456ecbd32c87534b9f18668c7be') in 0.007 seconds [static and dynamic dependencies]. Details - ImportResultOutputID=0717d2617b45cddb4224ca5ea3375b08 DependenciesID=304dd1abbd0c49c9c0c1efc2cd6b69d2 StaticDependenciesID=db5ab8289686837b85596e1bf7ad1219 
Number of updated asset objects reloaded before import = 0
Number of asset objects unloaded after import = 3
========================================================================
Received Import Request.
  Time of request: 2026-08-04T17:31:22.2072566Z
  Time since last request: 0.0002612 seconds.
  importAddress: GUID: c5b36095078d8694ba9e3ae3fd867b2e - Path: Packages/com.unity.searcher/Editor/Resources/FlatSkin/SearchSmallDownOn@2x.png - Importer: ScriptedImporter/UnityEditor.QuickSearchModule:UnityEditor.Search:ASIAI0B
Importing 'GUID: c5b36095078d8694ba9e3ae3fd867b2e - Path: Packages/com.unity.searcher/Editor/Resources/FlatSkin/SearchSmallDownOn@2x.png - Importer: ScriptedImporter/UnityEditor.QuickSearchModule:UnityEditor.Search:ASIAI0B' with importer (ScriptedImporter : UnityEditor.QuickSearchModule:UnityEditor.Search:ASIAI0B)
Imported 'GUID: c5b36095078d8694ba9e3ae3fd867b2e' -> (Import Result ID: '3a0836cabaea8e32135350f31a6dd3dd') in 0.004 seconds [static and dynamic dependencies]. Details - ImportResultOutputID=3b614fd83c8580b37b8b8b01cc9dfb51 DependenciesID=31696c6c46e61d5ae61f2697153ceb13 StaticDependenciesID=7ae12e0b0fbd7b06b035341da29b3693 
Number of updated asset objects reloaded before import = 0
Number of asset objects unloaded after import = 1
========================================================================
Received Import Request.
  Time of request: 2026-08-04T17:31:22.2177927Z
  Time since last request: 0.0002141 seconds.
  importAddress: GUID: c839255fc8f6b4b4d90bf8c1af9f9bd1 - Path: Packages/com.unity.searcher/Editor/Resources/FlatSkin/Font/Roboto-Italic.ttf - Importer: ScriptedImporter/UnityEditor.QuickSearchModule:UnityEditor.Search:ASIAI0B
Importing 'GUID: c839255fc8f6b4b4d90bf8c1af9f9bd1 - Path: Packages/com.unity.searcher/Editor/Resources/FlatSkin/Font/Roboto-Italic.ttf - Importer: ScriptedImporter/UnityEditor.QuickSearchModule:UnityEditor.Search:ASIAI0B' with importer (ScriptedImporter : UnityEditor.QuickSearchModule:UnityEditor.Search:ASIAI0B)
Imported 'GUID: c839255fc8f6b4b4d90bf8c1af9f9bd1' -> (Import Result ID: 'c5478a3dc89f4cdfb6f8815daaaa72bd') in 0.004 seconds [static and dynamic dependencies]. Details - ImportResultOutputID=fdbc427596409d41afe5f71db9abcf3a DependenciesID=541af0eddf8d0ec0341e1d4c86921086 StaticDependenciesID=a95d90bb2c90a9003640d8226af5735e 
Number of updated asset objects reloaded before import = 0
Number of asset objects unloaded after import = 3
========================================================================
Received Import Request.
  Time of request: 2026-08-04T17:31:22.2287519Z
  Time since last request: 0.0002694 seconds.
  importAddress: GUID: 4d951193f45a4d82985f6bdfdb569b44 - Path: Packages/com.unity.2d.common/Editor/InspectorUtils.cs - Importer: ScriptedImporter/UnityEditor.QuickSearchModule:UnityEditor.Search:ASIAI0B
Importing 'GUID: 4d951193f45a4d82985f6bdfdb569b44 - Path: Packages/com.unity.2d.common/Editor/InspectorUtils.cs - Importer: ScriptedImporter/UnityEditor.QuickSearchModule:UnityEditor.Search:ASIAI0B' with importer (ScriptedImporter : UnityEditor.QuickSearchModule:UnityEditor.Search:ASIAI0B)
Imported 'GUID: 4d951193f45a4d82985f6bdfdb569b44' -> (Import Result ID: '4a9ca3850b26f17c74bdaecedbcb65f7') in 0.002 seconds [static and dynamic dependencies]. Details - ImportResultOutputID=41646a7d832eb5d145855a0d6c853164 DependenciesID=2c987a72865737189abdccaf9fbf9879 StaticDependenciesID=5fe0df689a134772c0dc8c4e79ed7d65 
Number of updated asset objects reloaded before import = 0
Number of asset objects unloaded after import = 0
========================================================================
Received Import Request.
  Time of request: 2026-08-04T17:31:22.2383811Z
  Time since last request: 0.0003255 seconds.
  importAddress: GUID: 1062c701058745940ae5dca6219c64c8 - Path: Packages/com.unity.searcher/Editor/Resources/FlatSkin/Font/Roboto-Black.ttf - Importer: ScriptedImporter/UnityEditor.QuickSearchModule:UnityEditor.Search:ASIAI0B
Importing 'GUID: 1062c701058745940ae5dca6219c64c8 - Path: Packages/com.unity.searcher/Editor/Resources/FlatSkin/Font/Roboto-Black.ttf - Importer: ScriptedImporter/UnityEditor.QuickSearchModule:UnityEditor.Search:ASIAI0B' with importer (ScriptedImporter : UnityEditor.QuickSearchModule:UnityEditor.Search:ASIAI0B)
Imported 'GUID: 1062c701058745940ae5dca6219c64c8' -> (Import Result ID: '88a4dde6b47ffee8e954f251ce57cb2e') in 0.004 seconds [static and dynamic dependencies]. Details - ImportResultOutputID=bae0f9a52777081867e837187ff54114 DependenciesID=c020df91b21eb4c6c4f16e5c28f80bf8 StaticDependenciesID=6b49d4cc194d4cfd53b65a764dec30ab 
Number of updated asset objects reloaded before import = 0
Number of asset objects unloaded after import = 3
========================================================================
Received Import Request.
  Time of request: 2026-08-04T17:31:22.268774Z
  Time since last request: 0.0198516 seconds.
  importAddress: GUID: 746052615b1c24ac7880bc32b25a53e6 - Path: Packages/com.unity.2d.common/Path/Editor/EditorTool/GenericScriptablePath.cs - Importer: ScriptedImporter/UnityEditor.QuickSearchModule:UnityEditor.Search:ASIAI0B
Importing 'GUID: 746052615b1c24ac7880bc32b25a53e6 - Path: Packages/com.unity.2d.common/Path/Editor/EditorTool/GenericScriptablePath.cs - Importer: ScriptedImporter/UnityEditor.QuickSearchModule:UnityEditor.Search:ASIAI0B' with importer (ScriptedImporter : UnityEditor.QuickSearchModule:UnityEditor.Search:ASIAI0B)
Imported 'GUID: 746052615b1c24ac7880bc32b25a53e6' -> (Import Result ID: 'd28cdef821fdf1e344e2461b93bd4bf5') in 0.003 seconds [static and dynamic dependencies]. Details - ImportResultOutputID=20b44171ba3c78492edcacded6d44e85 DependenciesID=01f479e670c12ae7c6460a1dfa24a945 StaticDependenciesID=9c5d2105a945caa2fbcbc6558401c23d 
Number of updated asset objects reloaded before import = 0
Number of asset objects unloaded after import = 0
========================================================================
Received Import Request.
  Time of request: 2026-08-04T17:31:22.278308Z
  Time since last request: 0.0003265 seconds.
  importAddress: GUID: 9d228317a1774b8c825eda32e0290f48 - Path: Packages/com.unity.2d.common/Editor/InternalBridge/Deprecated/SpriteEditorModuleModeBase_Deprecated.cs - Importer: ScriptedImporter/UnityEditor.QuickSearchModule:UnityEditor.Search:ASIAI0B
Importing 'GUID: 9d228317a1774b8c825eda32e0290f48 - Path: Packages/com.unity.2d.common/Editor/InternalBridge/Deprecated/SpriteEditorModuleModeBase_Deprecated.cs - Importer: ScriptedImporter/UnityEditor.QuickSearchModule:UnityEditor.Search:ASIAI0B' with importer (ScriptedImporter : UnityEditor.QuickSearchModule:UnityEditor.Search:ASIAI0B)
Imported 'GUID: 9d228317a1774b8c825eda32e0290f48' -> (Import Result ID: '6593f78ef18207ad7e93213fc5e02ef5') in 0.019 seconds [static and dynamic dependencies]. Details - ImportResultOutputID=658d22fc847ea86777a643f5bb93c57b DependenciesID=6feabfe0d23d05e1f791bec2a53c6a0a StaticDependenciesID=35185ab7e9d8930339ebc2c562fd4c3c 
Number of updated asset objects reloaded before import = 0
Number of asset objects unloaded after import = 0
========================================================================
Received Import Request.
  Time of request: 2026-08-04T17:31:22.3043137Z
  Time since last request: 0.0005083 seconds.
  importAddress: GUID: e4b228dab700203488a7c7d474a25838 - Path: Packages/com.unity.2d.common/Runtime/InternalBridge/InternalBridgeDef.asmdef - Importer: ScriptedImporter/UnityEditor.QuickSearchModule:UnityEditor.Search:ASIAI0B
Importing 'GUID: e4b228dab700203488a7c7d474a25838 - Path: Packages/com.unity.2d.common/Runtime/InternalBridge/InternalBridgeDef.asmdef - Importer: ScriptedImporter/UnityEditor.QuickSearchModule:UnityEditor.Search:ASIAI0B' with importer (ScriptedImporter : UnityEditor.QuickSearchModule:UnityEditor.Search:ASIAI0B)
Imported 'GUID: e4b228dab700203488a7c7d474a25838' -> (Import Result ID: 'a171981be1c1743c1b61356e571cf4f9') in 0.002 seconds [static and dynamic dependencies]. Details - ImportResultOutputID=f0f588d1f8c230ec779d7a90be568ac7 DependenciesID=e24bc5d65284f522ffb3ccb2c4261d0a StaticDependenciesID=36355b2a5f823e3577e4563764e36f31 
Number of updated asset objects reloaded before import = 0
Number of asset objects unloaded after import = 1
========================================================================
Received Import Request.
  Time of request: 2026-08-04T17:31:22.3134424Z
  Time since last request: 0.0003555 seconds.
  importAddress: GUID: 657c718566f84e1eb27528e98b7eb83e - Path: Packages/com.unity.2d.common/Editor/InternalBridge/SpriteEditorModuleModeBase.cs - Importer: ScriptedImporter/UnityEditor.QuickSearchModule:UnityEditor.Search:ASIAI0B
Importing 'GUID: 657c718566f84e1eb27528e98b7eb83e - Path: Packages/com.unity.2d.common/Editor/InternalBridge/SpriteEditorModuleModeBase.cs - Importer: ScriptedImporter/UnityEditor.QuickSearchModule:UnityEditor.Search:ASIAI0B' with importer (ScriptedImporter : UnityEditor.QuickSearchModule:UnityEditor.Search:ASIAI0B)
Imported 'GUID: 657c718566f84e1eb27528e98b7eb83e' -> (Import Result ID: '34a48285923e936c3062c476207c5211') in 0.002 seconds [static and dynamic dependencies]. Details - ImportResultOutputID=48f60e3dc53b7dc6969e17a8cbab75d4 DependenciesID=c9d0ba707c943acc741cd0165fe27abf StaticDependenciesID=53daaf37106ef74189b6b3662e6d2425 
Number of updated asset objects reloaded before import = 0
Number of asset objects unloaded after import = 0
========================================================================
Received Import Request.
  Time of request: 2026-08-04T17:31:22.3235201Z
  Time since last request: 0.0003043 seconds.
  importAddress: GUID: 9eaaf0b28a38f804f9fadea8b77e198d - Path: Packages/com.unity.2d.common/Editor/ScriptablePacker/DefaultScriptablePacker.asset - Importer: ScriptedImporter/UnityEditor.QuickSearchModule:UnityEditor.Search:ASIAI0B
Importing 'GUID: 9eaaf0b28a38f804f9fadea8b77e198d - Path: Packages/com.unity.2d.common/Editor/ScriptablePacker/DefaultScriptablePacker.asset - Importer: ScriptedImporter/UnityEditor.QuickSearchModule:UnityEditor.Search:ASIAI0B' with importer (ScriptedImporter : UnityEditor.QuickSearchModule:UnityEditor.Search:ASIAI0B)
Imported 'GUID: 9eaaf0b28a38f804f9fadea8b77e198d' -> (Import Result ID: 'c5938a7e68c277a66dc89826a4cf64df') in 0.003 seconds [static and dynamic dependencies]. Details - ImportResultOutputID=69da59c40d9b2d6bb17583c7692926c9 DependenciesID=bfe18d038b2d8de7698ed4f0312350c1 StaticDependenciesID=8fa1f98f1777d46e82f4cd075347cf09 
Number of updated asset objects reloaded before import = 0
Number of asset objects unloaded after import = 1
========================================================================
Received Import Request.
  Time of request: 2026-08-04T17:31:22.3337566Z
  Time since last request: 0.0002214 seconds.
  importAddress: GUID: cabd7abce6fcb401aa6818f59730d829 - Path: Packages/com.unity.2d.common/Path/Editor/EditablePath/MultipleEditablePathController.cs - Importer: ScriptedImporter/UnityEditor.QuickSearchModule:UnityEditor.Search:ASIAI0B
Importing 'GUID: cabd7abce6fcb401aa6818f59730d829 - Path: Packages/com.unity.2d.common/Path/Editor/EditablePath/MultipleEditablePathController.cs - Importer: ScriptedImporter/UnityEditor.QuickSearchModule:UnityEditor.Search:ASIAI0B' with importer (ScriptedImporter : UnityEditor.QuickSearchModule:UnityEditor.Search:ASIAI0B)
Imported 'GUID: cabd7abce6fcb401aa6818f59730d829' -> (Import Result ID: '089bdc72c242c74c5f5a3112716f6e5a') in 0.002 seconds [static and dynamic dependencies]. Details - ImportResultOutputID=a4edd53baaac23be105c40049f17c6f6 DependenciesID=3cc5bb2e271c591a747f89799d1eeeac StaticDependenciesID=ae3a988bbc73310f00157b5bf17fd998 
Number of updated asset objects reloaded before import = 0
Number of asset objects unloaded after import = 0
========================================================================
Received Import Request.
  Time of request: 2026-08-04T17:31:22.3427228Z
  Time since last request: 0.0001888 seconds.
  importAddress: GUID: dd86352faf4948147a8151de7488413d - Path: Packages/com.unity.2d.common/Runtime/UTess2D/Refinery.cs - Importer: ScriptedImporter/UnityEditor.QuickSearchModule:UnityEditor.Search:ASIAI0B
Importing 'GUID: dd86352faf4948147a8151de7488413d - Path: Packages/com.unity.2d.common/Runtime/UTess2D/Refinery.cs - Importer: ScriptedImporter/UnityEditor.QuickSearchModule:UnityEditor.Search:ASIAI0B' with importer (ScriptedImporter : UnityEditor.QuickSearchModule:UnityEditor.Search:ASIAI0B)
Imported 'GUID: dd86352faf4948147a8151de7488413d' -> (Import Result ID: 'c4042180b425b0b395397fcd87180dbd') in 0.002 seconds [static and dynamic dependencies]. Details - ImportResultOutputID=14df9b7a977ff0dff84957ee1524c557 DependenciesID=91710278bc2e5dce0f25299f1e05613c StaticDependenciesID=94f68c873c585a50eebe95e8bb8eb518 
Number of updated asset objects reloaded before import = 0
Number of asset objects unloaded after import = 0
========================================================================
Received Import Request.
  Time of request: 2026-08-04T17:31:22.3523957Z
  Time since last request: 0.0002706 seconds.
  importAddress: GUID: 289829ffefda4e33a89798cc28263725 - Path: Packages/com.unity.2d.common/Editor/InternalBridge/SpriteFrameModeToolStripBase.cs - Importer: ScriptedImporter/UnityEditor.QuickSearchModule:UnityEditor.Search:ASIAI0B
Importing 'GUID: 289829ffefda4e33a89798cc28263725 - Path: Packages/com.unity.2d.common/Editor/InternalBridge/SpriteFrameModeToolStripBase.cs - Importer: ScriptedImporter/UnityEditor.QuickSearchModule:UnityEditor.Search:ASIAI0B' with importer (ScriptedImporter : UnityEditor.QuickSearchModule:UnityEditor.Search:ASIAI0B)
Imported 'GUID: 289829ffefda4e33a89798cc28263725' -> (Import Result ID: '87fb979a473e43bf6481886b9e93b087') in 0.002 seconds [static and dynamic dependencies]. Details - ImportResultOutputID=68d23f344189476d30716d2a6e439c20 DependenciesID=505edac14a6a3b7f4c5a700d46a93cca StaticDependenciesID=cf2adb51f92edd8c4c2e884d5e402a19 
Number of updated asset objects reloaded before import = 0
Number of asset objects unloaded after import = 0
========================================================================
Received Import Request.
  Time of request: 2026-08-04T17:31:22.363721Z
  Time since last request: 0.0002216 seconds.
  importAddress: GUID: eba9e4c0a1c41eb42b5443a6d65b829b - Path: Packages/com.unity.2d.common/Editor/ScriptablePacker/Unity.2D.ScriptablePacker.Editor.asmdef - Importer: ScriptedImporter/UnityEditor.QuickSearchModule:UnityEditor.Search:ASIAI0B
Importing 'GUID: eba9e4c0a1c41eb42b5443a6d65b829b - Path: Packages/com.unity.2d.common/Editor/ScriptablePacker/Unity.2D.ScriptablePacker.Editor.asmdef - Importer: ScriptedImporter/UnityEditor.QuickSearchModule:UnityEditor.Search:ASIAI0B' with importer (ScriptedImporter : UnityEditor.QuickSearchModule:UnityEditor.Search:ASIAI0B)
Imported 'GUID: eba9e4c0a1c41eb42b5443a6d65b829b' -> (Import Result ID: '99d563a9a6ee7ecde3d77576b603dd46') in 0.002 seconds [static and dynamic dependencies]. Details - ImportResultOutputID=b3987e753806052002f93ef7cdddeffd DependenciesID=5fc02411401832355f302995638a466f StaticDependenciesID=82f15d9648d9b2c6506e8fc4a2c1fa6b 
Number of updated asset objects reloaded before import = 0
Number of asset objects unloaded after import = 1
========================================================================
Received Import Request.
  Time of request: 2026-08-04T17:31:22.3733772Z
  Time since last request: 0.0002698 seconds.
  importAddress: GUID: 03bfc083748b8452197dde3b8ea7fbba - Path: Packages/com.unity.2d.common/Tests/Editor/Unity.2D.Common.EditorTests.asmdef - Importer: ScriptedImporter/UnityEditor.QuickSearchModule:UnityEditor.Search:ASIAI0B
Importing 'GUID: 03bfc083748b8452197dde3b8ea7fbba - Path: Packages/com.unity.2d.common/Tests/Editor/Unity.2D.Common.EditorTests.asmdef - Importer: ScriptedImporter/UnityEditor.QuickSearchModule:UnityEditor.Search:ASIAI0B' with importer (ScriptedImporter : UnityEditor.QuickSearchModule:UnityEditor.Search:ASIAI0B)
Imported 'GUID: 03bfc083748b8452197dde3b8ea7fbba' -> (Import Result ID: '4920843aaca6ee4f05603136b5567314') in 0.003 seconds [static and dynamic dependencies]. Details - ImportResultOutputID=ef0553c18251b9fe375bc7e42a82c1e0 DependenciesID=f5bd3f8c62d86e7705edeecc399ef604 StaticDependenciesID=04bfc67eb09e7eabc7d0a45db2b48441 
Number of updated asset objects reloaded before import = 0
Number of asset objects unloaded after import = 1
========================================================================
Received Import Request.
  Time of request: 2026-08-04T17:31:22.3838037Z
  Time since last request: 0.0004153 seconds.
  importAddress: GUID: 47c16fe602b307948b795c35fa79eb13 - Path: Packages/com.unity.2d.common/Path/Editor/UserSettings.cs - Importer: ScriptedImporter/UnityEditor.QuickSearchModule:UnityEditor.Search:ASIAI0B
Importing 'GUID: 47c16fe602b307948b795c35fa79eb13 - Path: Packages/com.unity.2d.common/Path/Editor/UserSettings.cs - Importer: ScriptedImporter/UnityEditor.QuickSearchModule:UnityEditor.Search:ASIAI0B' with importer (ScriptedImporter : UnityEditor.QuickSearchModule:UnityEditor.Search:ASIAI0B)
Imported 'GUID: 47c16fe602b307948b795c35fa79eb13' -> (Import Result ID: '0f36f43797069876c0bd731b6b874271') in 0.002 seconds [static and dynamic dependencies]. Details - ImportResultOutputID=6403949c3ca1fe8a6742825bbd5d87cf DependenciesID=ae43e5a77dc159c4fa05d871079b0a44 StaticDependenciesID=71cffb49bb0113e170380381898bacec 
Number of updated asset objects reloaded before import = 0
Number of asset objects unloaded after import = 0
========================================================================
Received Import Request.
  Time of request: 2026-08-04T17:31:22.3929998Z
  Time since last request: 0.0002917 seconds.
  importAddress: GUID: 9b3eb1ded0fb747809431ebbd42aa4f3 - Path: Packages/com.unity.2d.common/Editor/ImagePacker/Jobs/FindTightRectJob.cs - Importer: ScriptedImporter/UnityEditor.QuickSearchModule:UnityEditor.Search:ASIAI0B
Importing 'GUID: 9b3eb1ded0fb747809431ebbd42aa4f3 - Path: Packages/com.unity.2d.common/Editor/ImagePacker/Jobs/FindTightRectJob.cs - Importer: ScriptedImporter/UnityEditor.QuickSearchModule:UnityEditor.Search:ASIAI0B' with importer (ScriptedImporter : UnityEditor.QuickSearchModule:UnityEditor.Search:ASIAI0B)
Imported 'GUID: 9b3eb1ded0fb747809431ebbd42aa4f3' -> (Import Result ID: '3d456316ae5338b5140774fa4eb8ba6c') in 0.002 seconds [static and dynamic dependencies]. Details - ImportResultOutputID=5f504f9be67ba49608b133c5d88ece7a DependenciesID=83dd390a1bc88228a6f13e1e41ce5bcc StaticDependenciesID=d13041fdc4a7dd131cabb2d2c507e8ed 
Number of updated asset objects reloaded before import = 0
Number of asset objects unloaded after import = 0
========================================================================
Received Import Request.
  Time of request: 2026-08-04T17:31:22.4155487Z
  Time since last request: 0.0137422 seconds.
  importAddress: GUID: ba409d692a6d149089dfab21e41bb5e3 - Path: Packages/com.unity.2d.common/Path/Editor/IMGUI/GUIFramework/ClickAction.cs - Importer: ScriptedImporter/UnityEditor.QuickSearchModule:UnityEditor.Search:ASIAI0B
Importing 'GUID: ba409d692a6d149089dfab21e41bb5e3 - Path: Packages/com.unity.2d.common/Path/Editor/IMGUI/GUIFramework/ClickAction.cs - Importer: ScriptedImporter/UnityEditor.QuickSearchModule:UnityEditor.Search:ASIAI0B' with importer (ScriptedImporter : UnityEditor.QuickSearchModule:UnityEditor.Search:ASIAI0B)
Imported 'GUID: ba409d692a6d149089dfab21e41bb5e3' -> (Import Result ID: '4fdaaac122f8cf6abb9f87de469048cb') in 0.002 seconds [static and dynamic dependencies]. Details - ImportResultOutputID=7dd84684ec5abc2fe19a950c929e9508 DependenciesID=3466b75caf532189dd1285534fc7d642 StaticDependenciesID=d8c5768fbf38b1c1f869cd5d8506fed0 
Number of updated asset objects reloaded before import = 0
Number of asset objects unloaded after import = 0
========================================================================
Received Import Request.
  Time of request: 2026-08-04T17:31:22.4244483Z
  Time since last request: 0.0003481 seconds.
  importAddress: GUID: 9e7f6390ab954457fbc8900e7e886410 - Path: Packages/com.unity.2d.common/Path/Editor/EditorTool/PathEditorTool.cs - Importer: ScriptedImporter/UnityEditor.QuickSearchModule:UnityEditor.Search:ASIAI0B
Importing 'GUID: 9e7f6390ab954457fbc8900e7e886410 - Path: Packages/com.unity.2d.common/Path/Editor/EditorTool/PathEditorTool.cs - Importer: ScriptedImporter/UnityEditor.QuickSearchModule:UnityEditor.Search:ASIAI0B' with importer (ScriptedImporter : UnityEditor.QuickSearchModule:UnityEditor.Search:ASIAI0B)
Imported 'GUID: 9e7f6390ab954457fbc8900e7e886410' -> (Import Result ID: '278ba773426cb73b7a3208695999f90f') in 0.002 seconds [static and dynamic dependencies]. Details - ImportResultOutputID=18d5dda9c108fb66cb328d71912edc32 DependenciesID=3e117fecf5c421f8547eec900d921cf1 StaticDependenciesID=0578318a6e82d636f2635a1068d56cc8 
Number of updated asset objects reloaded before import = 0
Number of asset objects unloaded after import = 0
========================================================================
Received Import Request.
  Time of request: 2026-08-04T17:31:22.4340047Z
  Time since last request: 0.0003277 seconds.
  importAddress: GUID: 380fa4376c2924eee953520080e33491 - Path: Packages/com.unity.2d.common/Path/Editor/EditorTool/ScriptablePath.cs - Importer: ScriptedImporter/UnityEditor.QuickSearchModule:UnityEditor.Search:ASIAI0B
Importing 'GUID: 380fa4376c2924eee953520080e33491 - Path: Packages/com.unity.2d.common/Path/Editor/EditorTool/ScriptablePath.cs - Importer: ScriptedImporter/UnityEditor.QuickSearchModule:UnityEditor.Search:ASIAI0B' with importer (ScriptedImporter : UnityEditor.QuickSearchModule:UnityEditor.Search:ASIAI0B)
Imported 'GUID: 380fa4376c2924eee953520080e33491' -> (Import Result ID: '5cd235d8c253c5dbe39b1412047d4f42') in 0.002 seconds [static and dynamic dependencies]. Details - ImportResultOutputID=7bd7e4a305f61812cf600ad4f379cfbf DependenciesID=b8010f945d9b24278018412992f3852a StaticDependenciesID=6f829ab7b76adaa36c9e9036f1dbaa94 
Number of updated asset objects reloaded before import = 0
Number of asset objects unloaded after import = 0
========================================================================
Received Import Request.
  Time of request: 2026-08-04T17:31:22.4446629Z
  Time since last request: 0.0005186 seconds.
  importAddress: GUID: 4384403f435964352abe8f0ab8bebc76 - Path: Packages/com.unity.2d.common/Path/Editor/IMGUI/GUIFramework/DefaultControl.cs - Importer: ScriptedImporter/UnityEditor.QuickSearchModule:UnityEditor.Search:ASIAI0B
Importing 'GUID: 4384403f435964352abe8f0ab8bebc76 - Path: Packages/com.unity.2d.common/Path/Editor/IMGUI/GUIFramework/DefaultControl.cs - Importer: ScriptedImporter/UnityEditor.QuickSearchModule:UnityEditor.Search:ASIAI0B' with importer (ScriptedImporter : UnityEditor.QuickSearchModule:UnityEditor.Search:ASIAI0B)
Imported 'GUID: 4384403f435964352abe8f0ab8bebc76' -> (Import Result ID: '9fbea97d0c54da129447f641944907b4') in 0.002 seconds [static and dynamic dependencies]. Details - ImportResultOutputID=0ff8a75aeacaf2cf78e8162993980906 DependenciesID=38d6603fdc07922605c8d2095b3952ce StaticDependenciesID=d007de35d8203a4eafe5d7760d353260 
Number of updated asset objects reloaded before import = 0
Number of asset objects unloaded after import = 0
========================================================================
Received Import Request.
  Time of request: 2026-08-04T17:31:22.4546636Z
  Time since last request: 0.0002162 seconds.
  importAddress: GUID: 1b6eb68622062430bb24d3568b99fee6 - Path: Packages/com.unity.2d.common/Path/Editor/EditorTool/PathEditorToolExtensions.cs - Importer: ScriptedImporter/UnityEditor.QuickSearchModule:UnityEditor.Search:ASIAI0B
Importing 'GUID: 1b6eb68622062430bb24d3568b99fee6 - Path: Packages/com.unity.2d.common/Path/Editor/EditorTool/PathEditorToolExtensions.cs - Importer: ScriptedImporter/UnityEditor.QuickSearchModule:UnityEditor.Search:ASIAI0B' with importer (ScriptedImporter : UnityEditor.QuickSearchModule:UnityEditor.Search:ASIAI0B)
Imported 'GUID: 1b6eb68622062430bb24d3568b99fee6' -> (Import Result ID: 'f4b1d7362c14ed09858ccc2ae8e26df1') in 0.002 seconds [static and dynamic dependencies]. Details - ImportResultOutputID=dc8cd7fc69c8592d138559c4c1b49459 DependenciesID=c62d3ce4bd3cd70acd036d0e6b77e347 StaticDependenciesID=7ff44248fce4dcebf65314bf7b62b5d8 
Number of updated asset objects reloaded before import = 0
Number of asset objects unloaded after import = 0
========================================================================
Received Import Request.
  Time of request: 2026-08-04T17:31:22.4644672Z
  Time since last request: 0.0003104 seconds.
  importAddress: GUID: edb13435316a441ca9fe49fb8808e9b5 - Path: Packages/com.unity.2d.common/Path/Editor/Selection/IndexedSelection.cs - Importer: ScriptedImporter/UnityEditor.QuickSearchModule:UnityEditor.Search:ASIAI0B
Importing 'GUID: edb13435316a441ca9fe49fb8808e9b5 - Path: Packages/com.unity.2d.common/Path/Editor/Selection/IndexedSelection.cs - Importer: ScriptedImporter/UnityEditor.QuickSearchModule:UnityEditor.Search:ASIAI0B' with importer (ScriptedImporter : UnityEditor.QuickSearchModule:UnityEditor.Search:ASIAI0B)
Imported 'GUID: edb13435316a441ca9fe49fb8808e9b5' -> (Import Result ID: 'f231fdd0dd2c3ebdc0a446a02a4953aa') in 0.002 seconds [static and dynamic dependencies]. Details - ImportResultOutputID=e7d3cbaa52b0bfa0dbe1855823515201 DependenciesID=1075bb512cd5b55ec80fb016962841a8 StaticDependenciesID=85156eb67c0e3bbcad2577159633badf 
Number of updated asset objects reloaded before import = 0
Number of asset objects unloaded after import = 0
========================================================================
Received Import Request.
  Time of request: 2026-08-04T17:31:22.4741208Z
  Time since last request: 0.0002766 seconds.
  importAddress: GUID: 25c4e987877a046bd994284ffeabc78b - Path: Packages/com.unity.2d.common/Path/Editor/Handles/TangentContinuousPro.png - Importer: ScriptedImporter/UnityEditor.QuickSearchModule:UnityEditor.Search:ASIAI0B
Importing 'GUID: 25c4e987877a046bd994284ffeabc78b - Path: Packages/com.unity.2d.common/Path/Editor/Handles/TangentContinuousPro.png - Importer: ScriptedImporter/UnityEditor.QuickSearchModule:UnityEditor.Search:ASIAI0B' with importer (ScriptedImporter : UnityEditor.QuickSearchModule:UnityEditor.Search:ASIAI0B)
Imported 'GUID: 25c4e987877a046bd994284ffeabc78b' -> (Import Result ID: '8a3fc9d8153a50283f4ce2f63fb623a9') in 0.005 seconds [static and dynamic dependencies]. Details - ImportResultOutputID=bac4c0987328460e4ed962e6c709e139 DependenciesID=67c381b9ffe44b892e840df32f45163c StaticDependenciesID=8dcde98de76249a2751bb572ac362271 
Number of updated asset objects reloaded before import = 0
Number of asset objects unloaded after import = 3
========================================================================
Received Import Request.
  Time of request: 2026-08-04T17:31:22.4878734Z
  Time since last request: 0.0002666 seconds.
  importAddress: GUID: c13bf2f1d7eb24745a88ae9e39c4d921 - Path: Packages/com.unity.2d.common/Path/Editor/Shapes/Spline.cs - Importer: ScriptedImporter/UnityEditor.QuickSearchModule:UnityEditor.Search:ASIAI0B
Importing 'GUID: c13bf2f1d7eb24745a88ae9e39c4d921 - Path: Packages/com.unity.2d.common/Path/Editor/Shapes/Spline.cs - Importer: ScriptedImporter/UnityEditor.QuickSearchModule:UnityEditor.Search:ASIAI0B' with importer (ScriptedImporter : UnityEditor.QuickSearchModule:UnityEditor.Search:ASIAI0B)
Imported 'GUID: c13bf2f1d7eb24745a88ae9e39c4d921' -> (Import Result ID: 'df3bcb71ac247529e4ec5718e5e52a39') in 0.002 seconds [static and dynamic dependencies]. Details - ImportResultOutputID=94ea20c61581023aad448ceb55a5c456 DependenciesID=2899c9a3eae1af19398fb0f8935341f4 StaticDependenciesID=1e46e001331145052bffeb1eeb173307 
Number of updated asset objects reloaded before import = 0
Number of asset objects unloaded after import = 0
========================================================================
Received Import Request.
  Time of request: 2026-08-04T17:31:22.5182222Z
  Time since last request: 0.0212167 seconds.
  importAddress: GUID: 097dbb6933d598544930378228f8b423 - Path: Packages/com.unity.render-pipelines.core/Editor/ICoreRenderPipelinePreferencesProvider.cs - Importer: ScriptedImporter/UnityEditor.QuickSearchModule:UnityEditor.Search:ASIAI0B
Importing 'GUID: 097dbb6933d598544930378228f8b423 - Path: Packages/com.unity.render-pipelines.core/Editor/ICoreRenderPipelinePreferencesProvider.cs - Importer: ScriptedImporter/UnityEditor.QuickSearchModule:UnityEditor.Search:ASIAI0B' with importer (ScriptedImporter : UnityEditor.QuickSearchModule:UnityEditor.Search:ASIAI0B)
Imported 'GUID: 097dbb6933d598544930378228f8b423' -> (Import Result ID: '25f565c33b540e55067a8c8a123130b0') in 0.002 seconds [static and dynamic dependencies]. Details - ImportResultOutputID=3f80d650990663365638fd715446a04d DependenciesID=5295456dd3e02ac65d20ee46da0a0c7f StaticDependenciesID=c3d3ec136801863a12b9a8adedce72cd 
Number of updated asset objects reloaded before import = 0
Number of asset objects unloaded after import = 0
========================================================================
Received Import Request.
  Time of request: 2026-08-04T17:31:22.5274647Z
  Time since last request: 0.0002605 seconds.
  importAddress: GUID: 7e9fe0ff34cd022408422f6b92ad7df6 - Path: Packages/com.unity.render-pipelines.core/Editor/CoreEditorDrawers.cs - Importer: ScriptedImporter/UnityEditor.QuickSearchModule:UnityEditor.Search:ASIAI0B
Importing 'GUID: 7e9fe0ff34cd022408422f6b92ad7df6 - Path: Packages/com.unity.render-pipelines.core/Editor/CoreEditorDrawers.cs - Importer: ScriptedImporter/UnityEditor.QuickSearchModule:UnityEditor.Search:ASIAI0B' with importer (ScriptedImporter : UnityEditor.QuickSearchModule:UnityEditor.Search:ASIAI0B)
Imported 'GUID: 7e9fe0ff34cd022408422f6b92ad7df6' -> (Import Result ID: '07eb887201ebc393673241b474f4bf31') in 0.002 seconds [static and dynamic dependencies]. Details - ImportResultOutputID=ff29abc4bd61edfcc8e3244b66d09e74 DependenciesID=805392d65f391b14685d049d175d4e59 StaticDependenciesID=cee6e8c3e605cd02527960b76865c20f 
Number of updated asset objects reloaded before import = 0
Number of asset objects unloaded after import = 0
========================================================================
Received Import Request.
  Time of request: 2026-08-04T17:31:22.5367122Z
  Time since last request: 0.0003423 seconds.
  importAddress: GUID: 75497c58fb28415a98098a98e7133272 - Path: Packages/com.unity.render-pipelines.core/ValidationConfig.json - Importer: ScriptedImporter/UnityEditor.QuickSearchModule:UnityEditor.Search:ASIAI0B
Importing 'GUID: 75497c58fb28415a98098a98e7133272 - Path: Packages/com.unity.render-pipelines.core/ValidationConfig.json - Importer: ScriptedImporter/UnityEditor.QuickSearchModule:UnityEditor.Search:ASIAI0B' with importer (ScriptedImporter : UnityEditor.QuickSearchModule:UnityEditor.Search:ASIAI0B)
Imported 'GUID: 75497c58fb28415a98098a98e7133272' -> (Import Result ID: '64391d65aa5a8799b91bb3fa1578f57f') in 0.002 seconds [static and dynamic dependencies]. Details - ImportResultOutputID=173b3739635d9e9e40b39731d14368dd DependenciesID=5e2621dfc8a5f3a6323c5b8fe7f5a3bb StaticDependenciesID=735f81fc7a1b8118c00de4b0bd9d721b 
Number of updated asset objects reloaded before import = 0
Number of asset objects unloaded after import = 1
========================================================================
Received Import Request.
  Time of request: 2026-08-04T17:31:22.5463635Z
  Time since last request: 0.0002391 seconds.
  importAddress: GUID: cf0dc9ad57fcb8e4d9ca1c9798d5f270 - Path: Packages/com.unity.render-pipelines.core/Editor/QuaternionPropertyDrawer.cs - Importer: ScriptedImporter/UnityEditor.QuickSearchModule:UnityEditor.Search:ASIAI0B
Importing 'GUID: cf0dc9ad57fcb8e4d9ca1c9798d5f270 - Path: Packages/com.unity.render-pipelines.core/Editor/QuaternionPropertyDrawer.cs - Importer: ScriptedImporter/UnityEditor.QuickSearchModule:UnityEditor.Search:ASIAI0B' with importer (ScriptedImporter : UnityEditor.QuickSearchModule:UnityEditor.Search:ASIAI0B)
Imported 'GUID: cf0dc9ad57fcb8e4d9ca1c9798d5f270' -> (Import Result ID: 'fa124368f40d0fa854c447445a7ac02c') in 0.002 seconds [static and dynamic dependencies]. Details - ImportResultOutputID=475065a46338ffacc9ff7025759d332c DependenciesID=cf9dabaa0e1747b66eda3f111739343e StaticDependenciesID=7ccb2c4227e28ff276f69831c03127fe 
Number of updated asset objects reloaded before import = 0
Number of asset objects unloaded after import = 0
========================================================================
Received Import Request.
  Time of request: 2026-08-04T17:31:22.5553127Z
  Time since last request: 0.00032 seconds.
  importAddress: GUID: eefc64b67f7aad040905b2000990f5f3 - Path: Packages/com.unity.render-pipelines.core/THIRD PARTY NOTICES.md - Importer: ScriptedImporter/UnityEditor.QuickSearchModule:UnityEditor.Search:ASIAI0B
Importing 'GUID: eefc64b67f7aad040905b2000990f5f3 - Path: Packages/com.unity.render-pipelines.core/THIRD PARTY NOTICES.md - Importer: ScriptedImporter/UnityEditor.QuickSearchModule:UnityEditor.Search:ASIAI0B' with importer (ScriptedImporter : UnityEditor.QuickSearchModule:UnityEditor.Search:ASIAI0B)
Imported 'GUID: eefc64b67f7aad040905b2000990f5f3' -> (Import Result ID: '8e15a3350897129439d271e0cd7135fc') in 0.002 seconds [static and dynamic dependencies]. Details - ImportResultOutputID=fd2e099bd8507e22dc7acb2b8e2da755 DependenciesID=3dcb43c0f8c3ef25c1b9c48ef075c42b StaticDependenciesID=2b4e5ab6674c25d497fd577fd04d95aa 
Number of updated asset objects reloaded before import = 0
Number of asset objects unloaded after import = 1
========================================================================
Received Import Request.
  Time of request: 2026-08-04T17:31:22.5641037Z
  Time since last request: 0.0002082 seconds.
  importAddress: GUID: b55ea781ffec78245a85c7b70fefee48 - Path: Packages/com.unity.render-pipelines.core/Editor/ContextualMenuDispatcher.cs - Importer: ScriptedImporter/UnityEditor.QuickSearchModule:UnityEditor.Search:ASIAI0B
Importing 'GUID: b55ea781ffec78245a85c7b70fefee48 - Path: Packages/com.unity.render-pipelines.core/Editor/ContextualMenuDispatcher.cs - Importer: ScriptedImporter/UnityEditor.QuickSearchModule:UnityEditor.Search:ASIAI0B' with importer (ScriptedImporter : UnityEditor.QuickSearchModule:UnityEditor.Search:ASIAI0B)
Imported 'GUID: b55ea781ffec78245a85c7b70fefee48' -> (Import Result ID: '78f532f5dc88bf7ac99e61cf1e1d07e1') in 0.002 seconds [static and dynamic dependencies]. Details - ImportResultOutputID=78545eb4f344c534e8e17414f71f052e DependenciesID=3292fea373151b3c6c4b81026c271b88 StaticDependenciesID=a01f471aa259e60861d22d4157c890a3 
Number of updated asset objects reloaded before import = 0
Number of asset objects unloaded after import = 0
========================================================================
Received Import Request.
  Time of request: 2026-08-04T17:31:22.5743763Z
  Time since last request: 0.0002161 seconds.
  importAddress: GUID: 2e78621c9df5d0b4d884d48b1ded36c8 - Path: Packages/com.unity.render-pipelines.core/Editor/BuildTargetExtensions.cs - Importer: ScriptedImporter/UnityEditor.QuickSearchModule:UnityEditor.Search:ASIAI0B
Importing 'GUID: 2e78621c9df5d0b4d884d48b1ded36c8 - Path: Packages/com.unity.render-pipelines.core/Editor/BuildTargetExtensions.cs - Importer: ScriptedImporter/UnityEditor.QuickSearchModule:UnityEditor.Search:ASIAI0B' with importer (ScriptedImporter : UnityEditor.QuickSearchModule:UnityEditor.Search:ASIAI0B)
Imported 'GUID: 2e78621c9df5d0b4d884d48b1ded36c8' -> (Import Result ID: '32c2349d42fbffd65f0064dc54366270') in 0.002 seconds [static and dynamic dependencies]. Details - ImportResultOutputID=88e97e3d6e4093c5f6597c34331b342f DependenciesID=e8a55b3cc2fe85c514f8b00acd8e0d8d StaticDependenciesID=6cf915f9155484cb8c37c1b7479d5ba4 
Number of updated asset objects reloaded before import = 0
Number of asset objects unloaded after import = 0
========================================================================
Received Import Request.
  Time of request: 2026-08-04T17:31:22.5833324Z
  Time since last request: 0.0002646 seconds.
  importAddress: GUID: e1dbde6eddba87f4ea272a5d3af5b7ac - Path: Packages/com.unity.render-pipelines.core/Editor/FilterWindow.cs - Importer: ScriptedImporter/UnityEditor.QuickSearchModule:UnityEditor.Search:ASIAI0B
Importing 'GUID: e1dbde6eddba87f4ea272a5d3af5b7ac - Path: Packages/com.unity.render-pipelines.core/Editor/FilterWindow.cs - Importer: ScriptedImporter/UnityEditor.QuickSearchModule:UnityEditor.Search:ASIAI0B' with importer (ScriptedImporter : UnityEditor.QuickSearchModule:UnityEditor.Search:ASIAI0B)
Imported 'GUID: e1dbde6eddba87f4ea272a5d3af5b7ac' -> (Import Result ID: 'e5f8ab945bc70eb0f1805450d0d97f28') in 0.002 seconds [static and dynamic dependencies]. Details - ImportResultOutputID=47027f6a5093395fd7f0297bd3aa62e1 DependenciesID=ec49cc2bc113db8c64275bd5cfb18e6d StaticDependenciesID=a8830d938554397de1f69ba75c2bb06d 
Number of updated asset objects reloaded before import = 0
Number of asset objects unloaded after import = 0
========================================================================
Received Import Request.
  Time of request: 2026-08-04T17:31:22.6024892Z
  Time since last request: 0.0103024 seconds.
  importAddress: GUID: 49883cc3d16fa0241a1c9114ce9a1f64 - Path: Packages/com.unity.render-pipelines.core/ShaderLibrary/DynamicScalingClamping.hlsl - Importer: ScriptedImporter/UnityEditor.QuickSearchModule:UnityEditor.Search:ASIAI0B
Importing 'GUID: 49883cc3d16fa0241a1c9114ce9a1f64 - Path: Packages/com.unity.render-pipelines.core/ShaderLibrary/DynamicScalingClamping.hlsl - Importer: ScriptedImporter/UnityEditor.QuickSearchModule:UnityEditor.Search:ASIAI0B' with importer (ScriptedImporter : UnityEditor.QuickSearchModule:UnityEditor.Search:ASIAI0B)
Imported 'GUID: 49883cc3d16fa0241a1c9114ce9a1f64' -> (Import Result ID: 'af6bc921c65ade8a664b55bbaf452fd7') in 0.002 seconds [static and dynamic dependencies]. Details - ImportResultOutputID=2f6be0ff0dfe475990aa3c5ccb90b201 DependenciesID=3226d03e38855f9e28c87db39aa69165 StaticDependenciesID=ac108af496cdfdb63599710b71a9b11d 
Number of updated asset objects reloaded before import = 0
Number of asset objects unloaded after import = 1
========================================================================
Received Import Request.
  Time of request: 2026-08-04T17:31:22.6116378Z
  Time since last request: 0.0003644 seconds.
  importAddress: GUID: eebfba22df48acf4b978d98000cb10e6 - Path: Packages/com.unity.render-pipelines.core/ShaderLibrary/GeometricTools.hlsl - Importer: ScriptedImporter/UnityEditor.QuickSearchModule:UnityEditor.Search:ASIAI0B
Importing 'GUID: eebfba22df48acf4b978d98000cb10e6 - Path: Packages/com.unity.render-pipelines.core/ShaderLibrary/GeometricTools.hlsl - Importer: ScriptedImporter/UnityEditor.QuickSearchModule:UnityEditor.Search:ASIAI0B' with importer (ScriptedImporter : UnityEditor.QuickSearchModule:UnityEditor.Search:ASIAI0B)
Imported 'GUID: eebfba22df48acf4b978d98000cb10e6' -> (Import Result ID: '80043c0c3443672045717fdb17dde93b') in 0.002 seconds [static and dynamic dependencies]. Details - ImportResultOutputID=08ab74d618d44b8ebb044fc5d5d3f2d3 DependenciesID=966d186c07850fe828dafca3e49e18a9 StaticDependenciesID=225d9f788f8611215c33699a86b5e210 
Number of updated asset objects reloaded before import = 0
Number of asset objects unloaded after import = 1
========================================================================
Received Import Request.
  Time of request: 2026-08-04T17:31:22.6211862Z
  Time since last request: 0.0004991 seconds.
  importAddress: GUID: 685e2bdf0a1b418cb068a423e3347aba - Path: Packages/com.unity.render-pipelines.core/Runtime-PrivateShared/InternalRenderPipelineGlobalSettingsUtils.cs - Importer: ScriptedImporter/UnityEditor.QuickSearchModule:UnityEditor.Search:ASIAI0B
Importing 'GUID: 685e2bdf0a1b418cb068a423e3347aba - Path: Packages/com.unity.render-pipelines.core/Runtime-PrivateShared/InternalRenderPipelineGlobalSettingsUtils.cs - Importer: ScriptedImporter/UnityEditor.QuickSearchModule:UnityEditor.Search:ASIAI0B' with importer (ScriptedImporter : UnityEditor.QuickSearchModule:UnityEditor.Search:ASIAI0B)
Imported 'GUID: 685e2bdf0a1b418cb068a423e3347aba' -> (Import Result ID: 'b0950511954005afaefef10d65689aad') in 0.002 seconds [static and dynamic dependencies]. Details - ImportResultOutputID=fb97c316eb9982b1d11613655a17fcf1 DependenciesID=e75b1e6d8519323007b072d7e302e433 StaticDependenciesID=d735e37287dc5812cad333695d2987d1 
Number of updated asset objects reloaded before import = 0
Number of asset objects unloaded after import = 0
========================================================================
Received Import Request.
  Time of request: 2026-08-04T17:31:22.6296681Z
  Time since last request: 0.0002181 seconds.
  importAddress: GUID: 0986d558af63ed0418f7eb24eeaa2308 - Path: Packages/com.unity.render-pipelines.core/ShaderLibrary/DebugMipmapStreamingMacros.hlsl - Importer: ScriptedImporter/UnityEditor.QuickSearchModule:UnityEditor.Search:ASIAI0B
Importing 'GUID: 0986d558af63ed0418f7eb24eeaa2308 - Path: Packages/com.unity.render-pipelines.core/ShaderLibrary/DebugMipmapStreamingMacros.hlsl - Importer: ScriptedImporter/UnityEditor.QuickSearchModule:UnityEditor.Search:ASIAI0B' with importer (ScriptedImporter : UnityEditor.QuickSearchModule:UnityEditor.Search:ASIAI0B)
Imported 'GUID: 0986d558af63ed0418f7eb24eeaa2308' -> (Import Result ID: 'f36c04e72f91307d39b7c0d04661dd63') in 0.002 seconds [static and dynamic dependencies]. Details - ImportResultOutputID=85d8abf0d3cd5de838eb4807205b3315 DependenciesID=28bc88bf8ca59a7633cc32745b2a0729 StaticDependenciesID=245ebd2c8825e4649678bff41e1fce8a 
Number of updated asset objects reloaded before import = 0
Number of asset objects unloaded after import = 1
========================================================================
Received Import Request.
  Time of request: 2026-08-04T17:31:22.6395757Z
  Time since last request: 0.0004294 seconds.
  importAddress: GUID: ca3a5025616550a40816a5272a4f7631 - Path: Packages/com.unity.render-pipelines.core/ShaderLibrary/CommonDeprecated.hlsl - Importer: ScriptedImporter/UnityEditor.QuickSearchModule:UnityEditor.Search:ASIAI0B
Importing 'GUID: ca3a5025616550a40816a5272a4f7631 - Path: Packages/com.unity.render-pipelines.core/ShaderLibrary/CommonDeprecated.hlsl - Importer: ScriptedImporter/UnityEditor.QuickSearchModule:UnityEditor.Search:ASIAI0B' with importer (ScriptedImporter : UnityEditor.QuickSearchModule:UnityEditor.Search:ASIAI0B)
Imported 'GUID: ca3a5025616550a40816a5272a4f7631' -> (Import Result ID: '2f16147d524b41083c1f4df6dcb943ff') in 0.003 seconds [static and dynamic dependencies]. Details - ImportResultOutputID=46551057cce4a328f3ae5ae97741fdf3 DependenciesID=51a137de3cefc36f6db5fd3f3e23d202 StaticDependenciesID=bdceccdd196bc789fabf58eab0402d50 
Number of updated asset objects reloaded before import = 0
Number of asset objects unloaded after import = 1
========================================================================
Received Import Request.
  Time of request: 2026-08-04T17:31:22.6509066Z
  Time since last request: 0.0003097 seconds.
  importAddress: GUID: 0303be75670325342b4bf5697686e77b - Path: Packages/com.unity.render-pipelines.core/ShaderLibrary/EntityLighting.hlsl - Importer: ScriptedImporter/UnityEditor.QuickSearchModule:UnityEditor.Search:ASIAI0B
Importing 'GUID: 0303be75670325342b4bf5697686e77b - Path: Packages/com.unity.render-pipelines.core/ShaderLibrary/EntityLighting.hlsl - Importer: ScriptedImporter/UnityEditor.QuickSearchModule:UnityEditor.Search:ASIAI0B' with importer (ScriptedImporter : UnityEditor.QuickSearchModule:UnityEditor.Search:ASIAI0B)
Imported 'GUID: 0303be75670325342b4bf5697686e77b' -> (Import Result ID: 'e32056cef6db9a3afb7ab645d5d65ea8') in 0.002 seconds [static and dynamic dependencies]. Details - ImportResultOutputID=4c66beba0d4a5d06318983495e95ca2c DependenciesID=d0aa7e26907bcd7afd19f40adc89784a StaticDependenciesID=c049b69c315b03eb714b8e1c7ed38034 
Number of updated asset objects reloaded before import = 0
Number of asset objects unloaded after import = 1
========================================================================
Received Import Request.
  Time of request: 2026-08-04T17:31:22.6603804Z
  Time since last request: 0.0002562 seconds.
  importAddress: GUID: cc0d8451b1d348689c76bbac2a797aaa - Path: Packages/com.unity.render-pipelines.core/ShaderLibrary/Threading.hlsl - Importer: ScriptedImporter/UnityEditor.QuickSearchModule:UnityEditor.Search:ASIAI0B
Importing 'GUID: cc0d8451b1d348689c76bbac2a797aaa - Path: Packages/com.unity.render-pipelines.core/ShaderLibrary/Threading.hlsl - Importer: ScriptedImporter/UnityEditor.QuickSearchModule:UnityEditor.Search:ASIAI0B' with importer (ScriptedImporter : UnityEditor.QuickSearchModule:UnityEditor.Search:ASIAI0B)
Imported 'GUID: cc0d8451b1d348689c76bbac2a797aaa' -> (Import Result ID: '3d8e73e26b376b7008dc4d0899921a8b') in 0.002 seconds [static and dynamic dependencies]. Details - ImportResultOutputID=47bda44d76c8fbf9fe9763d50324b7de DependenciesID=7f2c4967d75080813dd7551fa263682d StaticDependenciesID=fa84b396a70cf8b16dca9ff23090fc23 
Number of updated asset objects reloaded before import = 0
Number of asset objects unloaded after import = 1
========================================================================
Received Import Request.
  Time of request: 2026-08-04T17:31:22.6692956Z
  Time since last request: 0.0002313 seconds.
  importAddress: GUID: 0a40799d368cbbd4982d2f423cdd8595 - Path: Packages/com.unity.render-pipelines.core/ShaderLibrary/PerPixelDisplacement.hlsl - Importer: ScriptedImporter/UnityEditor.QuickSearchModule:UnityEditor.Search:ASIAI0B
Importing 'GUID: 0a40799d368cbbd4982d2f423cdd8595 - Path: Packages/com.unity.render-pipelines.core/ShaderLibrary/PerPixelDisplacement.hlsl - Importer: ScriptedImporter/UnityEditor.QuickSearchModule:UnityEditor.Search:ASIAI0B' with importer (ScriptedImporter : UnityEditor.QuickSearchModule:UnityEditor.Search:ASIAI0B)
Imported 'GUID: 0a40799d368cbbd4982d2f423cdd8595' -> (Import Result ID: 'ab422a2a3b40050e607244fad1899d35') in 0.002 seconds [static and dynamic dependencies]. Details - ImportResultOutputID=d9743761df3471ebcd9a317c4db5d994 DependenciesID=9337ed1eec1d898a0c2f47154ae96a7f StaticDependenciesID=a0422de4543d84237af9b6e8bb16ab98 
Number of updated asset objects reloaded before import = 0
Number of asset objects unloaded after import = 1
========================================================================
Received Import Request.
  Time of request: 2026-08-04T17:31:22.6782263Z
  Time since last request: 0.0002353 seconds.
  importAddress: GUID: 093f86242d8d4e64187076599c7f708e - Path: Packages/com.unity.render-pipelines.core/ShaderLibrary/ThreadingEmuImpl.hlsl - Importer: ScriptedImporter/UnityEditor.QuickSearchModule:UnityEditor.Search:ASIAI0B
Importing 'GUID: 093f86242d8d4e64187076599c7f708e - Path: Packages/com.unity.render-pipelines.core/ShaderLibrary/ThreadingEmuImpl.hlsl - Importer: ScriptedImporter/UnityEditor.QuickSearchModule:UnityEditor.Search:ASIAI0B' with importer (ScriptedImporter : UnityEditor.QuickSearchModule:UnityEditor.Search:ASIAI0B)
Imported 'GUID: 093f86242d8d4e64187076599c7f708e' -> (Import Result ID: 'c0a623ffc61388da0aac486d591440cd') in 0.002 seconds [static and dynamic dependencies]. Details - ImportResultOutputID=55ed6abc6c62c3a1fe576e16988e9764 DependenciesID=ba47cb1aa47a1915d46207c8af1faa3a StaticDependenciesID=d4845b05b34f27112d2c3b35fa3ec83e 
Number of updated asset objects reloaded before import = 0
Number of asset objects unloaded after import = 1
========================================================================
Received Import Request.
  Time of request: 2026-08-04T17:31:22.6873525Z
  Time since last request: 0.0003906 seconds.
  importAddress: GUID: 89aebf2868d41e34abc02aae1d41b4cd - Path: Packages/com.unity.render-pipelines.core/ShaderLibrary/UnityDOTSInstancing.hlsl - Importer: ScriptedImporter/UnityEditor.QuickSearchModule:UnityEditor.Search:ASIAI0B
Importing 'GUID: 89aebf2868d41e34abc02aae1d41b4cd - Path: Packages/com.unity.render-pipelines.core/ShaderLibrary/UnityDOTSInstancing.hlsl - Importer: ScriptedImporter/UnityEditor.QuickSearchModule:UnityEditor.Search:ASIAI0B' with importer (ScriptedImporter : UnityEditor.QuickSearchModule:UnityEditor.Search:ASIAI0B)
Imported 'GUID: 89aebf2868d41e34abc02aae1d41b4cd' -> (Import Result ID: 'e9cc94a3520868423075d7489208c97f') in 0.002 seconds [static and dynamic dependencies]. Details - ImportResultOutputID=c084eba409205738cb0873da66dda6f3 DependenciesID=c4b53113af9d7ccdb0db57b8c5a1f96e StaticDependenciesID=d8af0a029fa625d69bff823ef09e0b31 
Number of updated asset objects reloaded before import = 0
Number of asset objects unloaded after import = 1
========================================================================
Received Import Request.
  Time of request: 2026-08-04T17:31:22.6962883Z
  Time since last request: 0.0003507 seconds.
  importAddress: GUID: ad629edbad34c1c45afea3021c1553c8 - Path: Packages/com.unity.render-pipelines.core/ShaderLibrary/Packing.hlsl - Importer: ScriptedImporter/UnityEditor.QuickSearchModule:UnityEditor.Search:ASIAI0B
Importing 'GUID: ad629edbad34c1c45afea3021c1553c8 - Path: Packages/com.unity.render-pipelines.core/ShaderLibrary/Packing.hlsl - Importer: ScriptedImporter/UnityEditor.QuickSearchModule:UnityEditor.Search:ASIAI0B' with importer (ScriptedImporter : UnityEditor.QuickSearchModule:UnityEditor.Search:ASIAI0B)
Imported 'GUID: ad629edbad34c1c45afea3021c1553c8' -> (Import Result ID: 'fedaae7e58a6d2b64e52676f00667745') in 0.002 seconds [static and dynamic dependencies]. Details - ImportResultOutputID=171ff8391c0ebce23c90b5521c9265d9 DependenciesID=7aec6b7f024f5402e5af22a72da54b91 StaticDependenciesID=c5383b30df189a71458a6fbb24941510 
Number of updated asset objects reloaded before import = 0
Number of asset objects unloaded after import = 1
========================================================================
Received Import Request.
  Time of request: 2026-08-04T17:31:22.7051231Z
  Time since last request: 0.0003026 seconds.
  importAddress: GUID: c6976b17260ed7d4ca3810ae8488f67f - Path: Packages/com.unity.render-pipelines.core/ShaderLibrary/ParallaxMapping.hlsl - Importer: ScriptedImporter/UnityEditor.QuickSearchModule:UnityEditor.Search:ASIAI0B
Importing 'GUID: c6976b17260ed7d4ca3810ae8488f67f - Path: Packages/com.unity.render-pipelines.core/ShaderLibrary/ParallaxMapping.hlsl - Importer: ScriptedImporter/UnityEditor.QuickSearchModule:UnityEditor.Search:ASIAI0B' with importer (ScriptedImporter : UnityEditor.QuickSearchModule:UnityEditor.Search:ASIAI0B)
Imported 'GUID: c6976b17260ed7d4ca3810ae8488f67f' -> (Import Result ID: '6413f878f4ad3834ad862348f01197d7') in 0.002 seconds [static and dynamic dependencies]. Details - ImportResultOutputID=aa1a62cac85b1f9c68fd48cb151ffb56 DependenciesID=919e80f4ebe0ee4f213d681f37cd04c1 StaticDependenciesID=8183237a5f575f1a7e85cbb1f348220a 
Number of updated asset objects reloaded before import = 0
Number of asset objects unloaded after import = 1
========================================================================
Received Import Request.
  Time of request: 2026-08-04T17:31:22.7135671Z
  Time since last request: 0.0001919 seconds.
  importAddress: GUID: a57f9f83ea626ae45b402953fe637268 - Path: Packages/com.unity.render-pipelines.core/ShaderLibrary/Common.hlsl - Importer: ScriptedImporter/UnityEditor.QuickSearchModule:UnityEditor.Search:ASIAI0B
Importing 'GUID: a57f9f83ea626ae45b402953fe637268 - Path: Packages/com.unity.render-pipelines.core/ShaderLibrary/Common.hlsl - Importer: ScriptedImporter/UnityEditor.QuickSearchModule:UnityEditor.Search:ASIAI0B' with importer (ScriptedImporter : UnityEditor.QuickSearchModule:UnityEditor.Search:ASIAI0B)
Imported 'GUID: a57f9f83ea626ae45b402953fe637268' -> (Import Result ID: 'f905064fc53e72e171c3a7a0d227bdfd') in 0.002 seconds [static and dynamic dependencies]. Details - ImportResultOutputID=03f4ef621e76e9cbef008822437efb83 DependenciesID=3eaa43fb9ff98a3bc11d533cf739fc12 StaticDependenciesID=69260c4eed94bb98b5a17bd98e319ec3 
Number of updated asset objects reloaded before import = 0
Number of asset objects unloaded after import = 1
========================================================================
Received Import Request.
  Time of request: 2026-08-04T17:31:22.7350326Z
  Time since last request: 0.0134589 seconds.
  importAddress: GUID: 7ecd4b4b0c2b54742baf8d885609f3b9 - Path: Packages/com.unity.render-pipelines.core/Editor/Gizmo/HierarchicalSphere.cs - Importer: ScriptedImporter/UnityEditor.QuickSearchModule:UnityEditor.Search:ASIAI0B
Importing 'GUID: 7ecd4b4b0c2b54742baf8d885609f3b9 - Path: Packages/com.unity.render-pipelines.core/Editor/Gizmo/HierarchicalSphere.cs - Importer: ScriptedImporter/UnityEditor.QuickSearchModule:UnityEditor.Search:ASIAI0B' with importer (ScriptedImporter : UnityEditor.QuickSearchModule:UnityEditor.Search:ASIAI0B)
Imported 'GUID: 7ecd4b4b0c2b54742baf8d885609f3b9' -> (Import Result ID: '865a4324968c7b57e37e5ed27623590c') in 0.002 seconds [static and dynamic dependencies]. Details - ImportResultOutputID=7fa786f87da0569416ddeb34df506cc7 DependenciesID=7178c888c9814938e2b23b223beea4d9 StaticDependenciesID=66579f54faef54ffca3325d4e303762a 
Number of updated asset objects reloaded before import = 0
Number of asset objects unloaded after import = 0
========================================================================
Received Import Request.
  Time of request: 2026-08-04T17:31:22.7446127Z
  Time since last request: 0.0002875 seconds.
  importAddress: GUID: 1b13ded1884be704b9f0610c73659f1e - Path: Packages/com.unity.render-pipelines.core/Editor/Lighting/LightAnchorEditor.cs - Importer: ScriptedImporter/UnityEditor.QuickSearchModule:UnityEditor.Search:ASIAI0B
Importing 'GUID: 1b13ded1884be704b9f0610c73659f1e - Path: Packages/com.unity.render-pipelines.core/Editor/Lighting/LightAnchorEditor.cs - Importer: ScriptedImporter/UnityEditor.QuickSearchModule:UnityEditor.Search:ASIAI0B' with importer (ScriptedImporter : UnityEditor.QuickSearchModule:UnityEditor.Search:ASIAI0B)
Imported 'GUID: 1b13ded1884be704b9f0610c73659f1e' -> (Import Result ID: '2ab57858c33ccfbb9e52804deeea0323') in 0.002 seconds [static and dynamic dependencies]. Details - ImportResultOutputID=f8e51325817dc9e255e85bb70d585e19 DependenciesID=7e674949d7635c0e954d35768a19a291 StaticDependenciesID=10057f81c3d88b7d4a27a15b9ba5b957 
Number of updated asset objects reloaded before import = 0
Number of asset objects unloaded after import = 0
========================================================================
Received Import Request.
  Time of request: 2026-08-04T17:31:22.7535986Z
  Time since last request: 0.0001982 seconds.
  importAddress: GUID: f6b878d2c4b3d974db270bab74cd8f18 - Path: Packages/com.unity.render-pipelines.core/Editor/Material/DecalPreferences.cs - Importer: ScriptedImporter/UnityEditor.QuickSearchModule:UnityEditor.Search:ASIAI0B
Importing 'GUID: f6b878d2c4b3d974db270bab74cd8f18 - Path: Packages/com.unity.render-pipelines.core/Editor/Material/DecalPreferences.cs - Importer: ScriptedImporter/UnityEditor.QuickSearchModule:UnityEditor.Search:ASIAI0B' with importer (ScriptedImporter : UnityEditor.QuickSearchModule:UnityEditor.Search:ASIAI0B)
Imported 'GUID: f6b878d2c4b3d974db270bab74cd8f18' -> (Import Result ID: '328140757ed63a0f1db5056203a3f6a9') in 0.003 seconds [static and dynamic dependencies]. Details - ImportResultOutputID=6df76ef873d7bad9200f9a6c62e1b500 DependenciesID=82d409d60d1e843a09360414a514aa9f StaticDependenciesID=c6cbdd9868638d5c6e622286df8dd071 
Number of updated asset objects reloaded before import = 0
Number of asset objects unloaded after import = 0
========================================================================
Received Import Request.
  Time of request: 2026-08-04T17:31:22.7634089Z
  Time since last request: 0.0002586 seconds.
  importAddress: GUID: 7e978521b37d51146b2cc9750ebfa16c - Path: Packages/com.unity.render-pipelines.core/Editor/Camera/CameraUI.PhysicalCamera.Skin.cs - Importer: ScriptedImporter/UnityEditor.QuickSearchModule:UnityEditor.Search:ASIAI0B
Importing 'GUID: 7e978521b37d51146b2cc9750ebfa16c - Path: Packages/com.unity.render-pipelines.core/Editor/Camera/CameraUI.PhysicalCamera.Skin.cs - Importer: ScriptedImporter/UnityEditor.QuickSearchModule:UnityEditor.Search:ASIAI0B' with importer (ScriptedImporter : UnityEditor.QuickSearchModule:UnityEditor.Search:ASIAI0B)
Imported 'GUID: 7e978521b37d51146b2cc9750ebfa16c' -> (Import Result ID: 'ed2f1cf2a2cf51e35aaf5b2253d135e1') in 0.002 seconds [static and dynamic dependencies]. Details - ImportResultOutputID=646331427d21fe972ef1178f78e4707c DependenciesID=165ef0bafdee192a6dc82419dbd3f2b9 StaticDependenciesID=a6f3382604ed1f3620855e48c62cd560 
Number of updated asset objects reloaded before import = 0
Number of asset objects unloaded after import = 0
========================================================================
Received Import Request.
  Time of request: 2026-08-04T17:31:22.7733054Z
  Time since last request: 0.0003009 seconds.
  importAddress: GUID: 6c5809f25072f7143b26a140814e037a - Path: Packages/com.unity.render-pipelines.core/Editor/InternalBridge/AdvancedDropdownBridge.cs - Importer: ScriptedImporter/UnityEditor.QuickSearchModule:UnityEditor.Search:ASIAI0B
Importing 'GUID: 6c5809f25072f7143b26a140814e037a - Path: Packages/com.unity.render-pipelines.core/Editor/InternalBridge/AdvancedDropdownBridge.cs - Importer: ScriptedImporter/UnityEditor.QuickSearchModule:UnityEditor.Search:ASIAI0B' with importer (ScriptedImporter : UnityEditor.QuickSearchModule:UnityEditor.Search:ASIAI0B)
Imported 'GUID: 6c5809f25072f7143b26a140814e037a' -> (Import Result ID: '25b00d18fb7a8218d97d5998ad363189') in 0.002 seconds [static and dynamic dependencies]. Details - ImportResultOutputID=9274400ba91a37246a5f2a5633bf17cf DependenciesID=9abdff38c5e83d461f3f221dd3981a5e StaticDependenciesID=1e782e39a5a3bcefbd42f42303e1f1cc 
Number of updated asset objects reloaded before import = 0
Number of asset objects unloaded after import = 0
========================================================================
Received Import Request.
  Time of request: 2026-08-04T17:31:22.7822561Z
  Time since last request: 0.0002996 seconds.
  importAddress: GUID: e7e0182f8c41fea4aaebcffa2915a381 - Path: Packages/com.unity.render-pipelines.core/Editor/Analytics/VolumeProfileUsageAnalytic.cs - Importer: ScriptedImporter/UnityEditor.QuickSearchModule:UnityEditor.Search:ASIAI0B
Importing 'GUID: e7e0182f8c41fea4aaebcffa2915a381 - Path: Packages/com.unity.render-pipelines.core/Editor/Analytics/VolumeProfileUsageAnalytic.cs - Importer: ScriptedImporter/UnityEditor.QuickSearchModule:UnityEditor.Search:ASIAI0B' with importer (ScriptedImporter : UnityEditor.QuickSearchModule:UnityEditor.Search:ASIAI0B)
Imported 'GUID: e7e0182f8c41fea4aaebcffa2915a381' -> (Import Result ID: '57a3627c414275fb0cdfe9737bd1edad') in 0.002 seconds [static and dynamic dependencies]. Details - ImportResultOutputID=c2b229d3aaee1abfea1a8a1c4734247d DependenciesID=702b788a7f01b76fd1761fa9b3e1c38e StaticDependenciesID=1fc50f620e3a0da3c61cb762c9cc80b0 
Number of updated asset objects reloaded before import = 0
Number of asset objects unloaded after import = 0
========================================================================
Received Import Request.
  Time of request: 2026-08-04T17:31:22.7931778Z
  Time since last request: 0.000463 seconds.
  importAddress: GUID: b7fbad490dc4ecc46b2936be42e9c71f - Path: Packages/com.unity.render-pipelines.core/Editor/Camera/CameraUI.PhysicalCamera.Drawers.cs - Importer: ScriptedImporter/UnityEditor.QuickSearchModule:UnityEditor.Search:ASIAI0B
Importing 'GUID: b7fbad490dc4ecc46b2936be42e9c71f - Path: Packages/com.unity.render-pipelines.core/Editor/Camera/CameraUI.PhysicalCamera.Drawers.cs - Importer: ScriptedImporter/UnityEditor.QuickSearchModule:UnityEditor.Search:ASIAI0B' with importer (ScriptedImporter : UnityEditor.QuickSearchModule:UnityEditor.Search:ASIAI0B)
Imported 'GUID: b7fbad490dc4ecc46b2936be42e9c71f' -> (Import Result ID: '5e2cd3dd002edb25950adc2bdcbc5ce1') in 0.002 seconds [static and dynamic dependencies]. Details - ImportResultOutputID=6e46a84e0037fc08c29299a41b5ed018 DependenciesID=674382a324499fb87a7b28412324f943 StaticDependenciesID=9752f3ae169f4698aae8e45c2168bdd4 
Number of updated asset objects reloaded before import = 0
Number of asset objects unloaded after import = 0
========================================================================
Received Import Request.
  Time of request: 2026-08-04T17:31:22.8023235Z
  Time since last request: 0.0002393 seconds.
  importAddress: GUID: 40b2b7ce6c436184b91d2d7ea4ef35ce - Path: Packages/com.unity.render-pipelines.core/Editor/Camera/CameraUI.Environment.Drawers.cs - Importer: ScriptedImporter/UnityEditor.QuickSearchModule:UnityEditor.Search:ASIAI0B
Importing 'GUID: 40b2b7ce6c436184b91d2d7ea4ef35ce - Path: Packages/com.unity.render-pipelines.core/Editor/Camera/CameraUI.Environment.Drawers.cs - Importer: ScriptedImporter/UnityEditor.QuickSearchModule:UnityEditor.Search:ASIAI0B' with importer (ScriptedImporter : UnityEditor.QuickSearchModule:UnityEditor.Search:ASIAI0B)
Imported 'GUID: 40b2b7ce6c436184b91d2d7ea4ef35ce' -> (Import Result ID: 'cd731be907ed00b470c8bbc51858088e') in 0.002 seconds [static and dynamic dependencies]. Details - ImportResultOutputID=6b86ceac8892bdb53d2feac18e797b6e DependenciesID=26e12227fe8cc9f905a314ee82e6dd5d StaticDependenciesID=0d61b2c224907627cea8b8034b8a73b7 
Number of updated asset objects reloaded before import = 0
Number of asset objects unloaded after import = 0
========================================================================
Received Import Request.
  Time of request: 2026-08-04T17:31:22.8116035Z
  Time since last request: 0.000454 seconds.
  importAddress: GUID: b913694f5cbdba14f8d9ba1e8c028276 - Path: Packages/com.unity.render-pipelines.core/Editor/Lighting/IESImporterEditor.cs - Importer: ScriptedImporter/UnityEditor.QuickSearchModule:UnityEditor.Search:ASIAI0B
Importing 'GUID: b913694f5cbdba14f8d9ba1e8c028276 - Path: Packages/com.unity.render-pipelines.core/Editor/Lighting/IESImporterEditor.cs - Importer: ScriptedImporter/UnityEditor.QuickSearchModule:UnityEditor.Search:ASIAI0B' with importer (ScriptedImporter : UnityEditor.QuickSearchModule:UnityEditor.Search:ASIAI0B)
Imported 'GUID: b913694f5cbdba14f8d9ba1e8c028276' -> (Import Result ID: 'cb10a53e10199af4fa4d6d9d37dd87cb') in 0.003 seconds [static and dynamic dependencies]. Details - ImportResultOutputID=7e0bfd1c5c64b14aa1e17a0e86781774 DependenciesID=0d64e2e17e3bafeb1bb15cf13d6368f9 StaticDependenciesID=1bc81ec52889f23dc70ce8f474a35e03 
Number of updated asset objects reloaded before import = 0
Number of asset objects unloaded after import = 0
========================================================================
Received Import Request.
  Time of request: 2026-08-04T17:31:22.8231811Z
  Time since last request: 0.000232 seconds.
  importAddress: GUID: 6e1b69fb677bd95439f31bff8ca1c431 - Path: Packages/com.unity.render-pipelines.core/Editor/CustomRenderTexture/CustomRenderTextureShader.template - Importer: ScriptedImporter/UnityEditor.QuickSearchModule:UnityEditor.Search:ASIAI0B
Importing 'GUID: 6e1b69fb677bd95439f31bff8ca1c431 - Path: Packages/com.unity.render-pipelines.core/Editor/CustomRenderTexture/CustomRenderTextureShader.template - Importer: ScriptedImporter/UnityEditor.QuickSearchModule:UnityEditor.Search:ASIAI0B' with importer (ScriptedImporter : UnityEditor.QuickSearchModule:UnityEditor.Search:ASIAI0B)
Imported 'GUID: 6e1b69fb677bd95439f31bff8ca1c431' -> (Import Result ID: '920a905013a1fe8b4f72ea481c9bed41') in 0.002 seconds [static and dynamic dependencies]. Details - ImportResultOutputID=10c1121c2dddd296c26dd6e89c869fdc DependenciesID=43f2156f3b578720ba2cfa31df8c8f26 StaticDependenciesID=723310a3588e8bbc98553484ebc51368 
Number of updated asset objects reloaded before import = 0
Number of asset objects unloaded after import = 1
========================================================================
Received Import Request.
  Time of request: 2026-08-04T17:31:22.8344519Z
  Time since last request: 0.0003302 seconds.
  importAddress: GUID: 6015f12526b2ed04eb8a3943af5202da - Path: Packages/com.unity.render-pipelines.core/Editor/Debugging/DebugWindow.uss - Importer: ScriptedImporter/UnityEditor.QuickSearchModule:UnityEditor.Search:ASIAI0B
Importing 'GUID: 6015f12526b2ed04eb8a3943af5202da - Path: Packages/com.unity.render-pipelines.core/Editor/Debugging/DebugWindow.uss - Importer: ScriptedImporter/UnityEditor.QuickSearchModule:UnityEditor.Search:ASIAI0B' with importer (ScriptedImporter : UnityEditor.QuickSearchModule:UnityEditor.Search:ASIAI0B)
Imported 'GUID: 6015f12526b2ed04eb8a3943af5202da' -> (Import Result ID: 'e50618d3315c5abd1174674e3246985e') in 0.003 seconds [static and dynamic dependencies]. Details - ImportResultOutputID=599ecd0d35f9561701bf360d1a109512 DependenciesID=326ee93730e041fa423749af40e1a77e StaticDependenciesID=98e6a961ea4ba4255a900b5e8c0c4d94 
Number of updated asset objects reloaded before import = 0
Number of asset objects unloaded after import = 1
========================================================================
Received Import Request.
  Time of request: 2026-08-04T17:31:22.8451557Z
  Time since last request: 0.0001938 seconds.
  importAddress: GUID: e60528a842c858f469435e8e9683025a - Path: Packages/com.unity.render-pipelines.core/Editor/Debugging/DebugWindow.SearchFilter.cs - Importer: ScriptedImporter/UnityEditor.QuickSearchModule:UnityEditor.Search:ASIAI0B
Importing 'GUID: e60528a842c858f469435e8e9683025a - Path: Packages/com.unity.render-pipelines.core/Editor/Debugging/DebugWindow.SearchFilter.cs - Importer: ScriptedImporter/UnityEditor.QuickSearchModule:UnityEditor.Search:ASIAI0B' with importer (ScriptedImporter : UnityEditor.QuickSearchModule:UnityEditor.Search:ASIAI0B)
Imported 'GUID: e60528a842c858f469435e8e9683025a' -> (Import Result ID: 'cde8df61fdb8b9a55173bef2213a4dd7') in 0.002 seconds [static and dynamic dependencies]. Details - ImportResultOutputID=e68a89f3915f185467f22b3d1e857c48 DependenciesID=bac8542108f87de9aabb53e8f2e16668 StaticDependenciesID=adc41405896343c82128afde30defd61 
Number of updated asset objects reloaded before import = 0
Number of asset objects unloaded after import = 0
========================================================================
Received Import Request.
  Time of request: 2026-08-04T17:31:22.8543815Z
  Time since last request: 0.000303 seconds.
  importAddress: GUID: a0e0a1f472e9c504caa327718186ded8 - Path: Packages/com.unity.render-pipelines.core/Editor/Lighting/LightPlacementTool.cs - Importer: ScriptedImporter/UnityEditor.QuickSearchModule:UnityEditor.Search:ASIAI0B
Importing 'GUID: a0e0a1f472e9c504caa327718186ded8 - Path: Packages/com.unity.render-pipelines.core/Editor/Lighting/LightPlacementTool.cs - Importer: ScriptedImporter/UnityEditor.QuickSearchModule:UnityEditor.Search:ASIAI0B' with importer (ScriptedImporter : UnityEditor.QuickSearchModule:UnityEditor.Search:ASIAI0B)
Imported 'GUID: a0e0a1f472e9c504caa327718186ded8' -> (Import Result ID: '3a9ccfd36cd8fb1b67c4704a4ab8fa2e') in 0.002 seconds [static and dynamic dependencies]. Details - ImportResultOutputID=fcb556230f37b93afbc7cea38631afc3 DependenciesID=d6e8a109935c64569609173fb4bf603b StaticDependenciesID=6f2322192e8886c2b8df261b13b209c4 
Number of updated asset objects reloaded before import = 0
Number of asset objects unloaded after import = 0
========================================================================
Received Import Request.
  Time of request: 2026-08-04T17:31:22.8677998Z
  Time since last request: 0.0046127 seconds.
  importAddress: GUID: 9e1c97fc44f9a8744b61b58f72c56de4 - Path: Packages/com.unity.render-pipelines.core/Editor/Resources/DebugProbe.fbx - Importer: ScriptedImporter/UnityEditor.QuickSearchModule:UnityEditor.Search:ASIAI0B
Importing 'GUID: 9e1c97fc44f9a8744b61b58f72c56de4 - Path: Packages/com.unity.render-pipelines.core/Editor/Resources/DebugProbe.fbx - Importer: ScriptedImporter/UnityEditor.QuickSearchModule:UnityEditor.Search:ASIAI0B' with importer (ScriptedImporter : UnityEditor.QuickSearchModule:UnityEditor.Search:ASIAI0B)
Imported 'GUID: 9e1c97fc44f9a8744b61b58f72c56de4' -> (Import Result ID: '249f0397484fba19ce0ea258bf6e8f5e') in 0.026 seconds [static and dynamic dependencies]. Details - ImportResultOutputID=5ae7e36c40db6f205b078c6d62774f61 DependenciesID=18fbd36a3b54fe555f2ee6cd10a0bd7e StaticDependenciesID=5576344aa65db670b6d1f71098a6cabc 
Number of updated asset objects reloaded before import = 0
Number of asset objects unloaded after import = 7
========================================================================
Received Import Request.
  Time of request: 2026-08-04T17:31:22.9008368Z
  Time since last request: 0.0002171 seconds.
  importAddress: GUID: 01a25e37e39f89141a341cacf285acc4 - Path: Packages/com.unity.render-pipelines.core/Editor/PathTracing/BakeImport.cs - Importer: ScriptedImporter/UnityEditor.QuickSearchModule:UnityEditor.Search:ASIAI0B
Importing 'GUID: 01a25e37e39f89141a341cacf285acc4 - Path: Packages/com.unity.render-pipelines.core/Editor/PathTracing/BakeImport.cs - Importer: ScriptedImporter/UnityEditor.QuickSearchModule:UnityEditor.Search:ASIAI0B' with importer (ScriptedImporter : UnityEditor.QuickSearchModule:UnityEditor.Search:ASIAI0B)
Imported 'GUID: 01a25e37e39f89141a341cacf285acc4' -> (Import Result ID: '1afb306449b9a41269611d1f65f12ceb') in 0.003 seconds [static and dynamic dependencies]. Details - ImportResultOutputID=db562bb2fae7bf0ae05eadb13d5251af DependenciesID=afd93a8964863a34d9aa6152096ddd02 StaticDependenciesID=bb447b72db97cc4cbcb18d06f2093ed8 
Number of updated asset objects reloaded before import = 0
Number of asset objects unloaded after import = 0
========================================================================
Received Import Request.
  Time of request: 2026-08-04T17:31:22.9116091Z
  Time since last request: 0.0002357 seconds.
  importAddress: GUID: 42d537a8a4089e448a99fc57a06d74a9 - Path: Packages/com.unity.render-pipelines.core/Editor/UnifiedRayTracing/UnifiedRTShaderImporter.cs - Importer: ScriptedImporter/UnityEditor.QuickSearchModule:UnityEditor.Search:ASIAI0B
Importing 'GUID: 42d537a8a4089e448a99fc57a06d74a9 - Path: Packages/com.unity.render-pipelines.core/Editor/UnifiedRayTracing/UnifiedRTShaderImporter.cs - Importer: ScriptedImporter/UnityEditor.QuickSearchModule:UnityEditor.Search:ASIAI0B' with importer (ScriptedImporter : UnityEditor.QuickSearchModule:UnityEditor.Search:ASIAI0B)
Imported 'GUID: 42d537a8a4089e448a99fc57a06d74a9' -> (Import Result ID: '258b41909f3e88fbda5e2e0bf5d271a2') in 0.002 seconds [static and dynamic dependencies]. Details - ImportResultOutputID=740095de631093f3d36b4c89a73a1d4d DependenciesID=646eceb6b77e7f7d9a9ebea7440312fb StaticDependenciesID=6e2d45f5e14607c8f68208b7851f60c9 
Number of updated asset objects reloaded before import = 0
Number of asset objects unloaded after import = 0
========================================================================
Received Import Request.
  Time of request: 2026-08-04T17:31:22.9221539Z
  Time since last request: 0.0002271 seconds.
  importAddress: GUID: 6445a8672591a4647839c57df79b857b - Path: Packages/com.unity.render-pipelines.core/Editor/ShaderGenerator/ShaderGeneratorMenu.cs - Importer: ScriptedImporter/UnityEditor.QuickSearchModule:UnityEditor.Search:ASIAI0B
Importing 'GUID: 6445a8672591a4647839c57df79b857b - Path: Packages/com.unity.render-pipelines.core/Editor/ShaderGenerator/ShaderGeneratorMenu.cs - Importer: ScriptedImporter/UnityEditor.QuickSearchModule:UnityEditor.Search:ASIAI0B' with importer (ScriptedImporter : UnityEditor.QuickSearchModule:UnityEditor.Search:ASIAI0B)
Imported 'GUID: 6445a8672591a4647839c57df79b857b' -> (Import Result ID: '12e502f3f4faa14b282a10518c388ee4') in 0.002 seconds [static and dynamic dependencies]. Details - ImportResultOutputID=7e44b4602e5e79e40b73c2af3097cfd1 DependenciesID=6cc192140c0232c3f8c193a36d0d0cac StaticDependenciesID=abe45b667bca02606c0b2dd2948f2924 
Number of updated asset objects reloaded before import = 0
Number of asset objects unloaded after import = 0
========================================================================
Received Import Request.
  Time of request: 2026-08-04T17:31:22.9318543Z
  Time since last request: 0.0004127 seconds.
  importAddress: GUID: 371b660fd92134146a9c35b3e4221fab - Path: Packages/com.unity.render-pipelines.core/Editor/UnifiedRayTracing/CreateUnifiedRTShaderMenuItem.cs - Importer: ScriptedImporter/UnityEditor.QuickSearchModule:UnityEditor.Search:ASIAI0B
Importing 'GUID: 371b660fd92134146a9c35b3e4221fab - Path: Packages/com.unity.render-pipelines.core/Editor/UnifiedRayTracing/CreateUnifiedRTShaderMenuItem.cs - Importer: ScriptedImporter/UnityEditor.QuickSearchModule:UnityEditor.Search:ASIAI0B' with importer (ScriptedImporter : UnityEditor.QuickSearchModule:UnityEditor.Search:ASIAI0B)
Imported 'GUID: 371b660fd92134146a9c35b3e4221fab' -> (Import Result ID: '1f962bc279e97346aed4e2089f35fa12') in 0.002 seconds [static and dynamic dependencies]. Details - ImportResultOutputID=1e35daf24559a41efe5497fa545f21df DependenciesID=213b2605a7dce7d274afc1178af4add0 StaticDependenciesID=344d28837f4986c6cb417772a9387a8b 
Number of updated asset objects reloaded before import = 0
Number of asset objects unloaded after import = 0
========================================================================
Received Import Request.
  Time of request: 2026-08-04T17:31:22.9409924Z
  Time since last request: 0.0002237 seconds.
  importAddress: GUID: 27652a830f2825247b820817d8c85451 - Path: Packages/com.unity.render-pipelines.core/Editor/Upscaling/FSR2OptionsEditor.cs - Importer: ScriptedImporter/UnityEditor.QuickSearchModule:UnityEditor.Search:ASIAI0B
Importing 'GUID: 27652a830f2825247b820817d8c85451 - Path: Packages/com.unity.render-pipelines.core/Editor/Upscaling/FSR2OptionsEditor.cs - Importer: ScriptedImporter/UnityEditor.QuickSearchModule:UnityEditor.Search:ASIAI0B' with importer (ScriptedImporter : UnityEditor.QuickSearchModule:UnityEditor.Search:ASIAI0B)
Imported 'GUID: 27652a830f2825247b820817d8c85451' -> (Import Result ID: '2ffc95275c1cdc47affe82f43207f3c2') in 0.002 seconds [static and dynamic dependencies]. Details - ImportResultOutputID=2e2b15e9f32e59e06d504394570748a6 DependenciesID=6d67a43cb662c450cec15fab4f37cd99 StaticDependenciesID=69c0d942435fff3f509f9a8075549b46 
Number of updated asset objects reloaded before import = 0
Number of asset objects unloaded after import = 0
========================================================================
Received Import Request.
  Time of request: 2026-08-04T17:31:22.9504872Z
  Time since last request: 0.0002107 seconds.
  importAddress: GUID: 84ea5d606d0d22a488a9047cff058078 - Path: Packages/com.unity.render-pipelines.core/Editor/RenderGraph/RenderGraphViewer.cs - Importer: ScriptedImporter/UnityEditor.QuickSearchModule:UnityEditor.Search:ASIAI0B
Importing 'GUID: 84ea5d606d0d22a488a9047cff058078 - Path: Packages/com.unity.render-pipelines.core/Editor/RenderGraph/RenderGraphViewer.cs - Importer: ScriptedImporter/UnityEditor.QuickSearchModule:UnityEditor.Search:ASIAI0B' with importer (ScriptedImporter : UnityEditor.QuickSearchModule:UnityEditor.Search:ASIAI0B)
Imported 'GUID: 84ea5d606d0d22a488a9047cff058078' -> (Import Result ID: 'bf0b78c31d7b5e71a3b618ee46258073') in 0.002 seconds [static and dynamic dependencies]. Details - ImportResultOutputID=320f5f2498c2f738c740f7b4c9664c67 DependenciesID=73d9b072e3be693479d7d9fe0387c7de StaticDependenciesID=ee9d292c001da3d0715f59e73199c5a0 
Number of updated asset objects reloaded before import = 0
Number of asset objects unloaded after import = 0
========================================================================
Received Import Request.
  Time of request: 2026-08-04T17:31:22.9594975Z
  Time since last request: 0.0002252 seconds.
  importAddress: GUID: 75fb0572c16138347964c56f32c1ac45 - Path: Packages/com.unity.render-pipelines.core/Editor/ShaderStripping/ShaderExtensions.cs - Importer: ScriptedImporter/UnityEditor.QuickSearchModule:UnityEditor.Search:ASIAI0B
Importing 'GUID: 75fb0572c16138347964c56f32c1ac45 - Path: Packages/com.unity.render-pipelines.core/Editor/ShaderStripping/ShaderExtensions.cs - Importer: ScriptedImporter/UnityEditor.QuickSearchModule:UnityEditor.Search:ASIAI0B' with importer (ScriptedImporter : UnityEditor.QuickSearchModule:UnityEditor.Search:ASIAI0B)
Imported 'GUID: 75fb0572c16138347964c56f32c1ac45' -> (Import Result ID: '14da0e92323c4ddfff68c9f1e0bf1325') in 0.002 seconds [static and dynamic dependencies]. Details - ImportResultOutputID=89d0eb210cd87256b0f8a86483fe9b31 DependenciesID=51214b517b8fddf6f72189d5ae36905b StaticDependenciesID=21fc4290a289cc66d4c4c7124339ae44 
Number of updated asset objects reloaded before import = 0
Number of asset objects unloaded after import = 0
========================================================================
Received Import Request.
  Time of request: 2026-08-04T17:31:22.968369Z
  Time since last request: 0.0002094 seconds.
  importAddress: GUID: 10f1185105394dd5a8cf17fa594c1d5c - Path: Packages/com.unity.render-pipelines.core/Editor/Settings/DefaultVolumeProfileEditor.cs - Importer: ScriptedImporter/UnityEditor.QuickSearchModule:UnityEditor.Search:ASIAI0B
Importing 'GUID: 10f1185105394dd5a8cf17fa594c1d5c - Path: Packages/com.unity.render-pipelines.core/Editor/Settings/DefaultVolumeProfileEditor.cs - Importer: ScriptedImporter/UnityEditor.QuickSearchModule:UnityEditor.Search:ASIAI0B' with importer (ScriptedImporter : UnityEditor.QuickSearchModule:UnityEditor.Search:ASIAI0B)
Imported 'GUID: 10f1185105394dd5a8cf17fa594c1d5c' -> (Import Result ID: 'b528c9fb2bfdc109052b7611b8d51d4b') in 0.002 seconds [static and dynamic dependencies]. Details - ImportResultOutputID=3a2e322bc9c6c263d7269ae978810a21 DependenciesID=42a4dde125c37ffb6b18659eaaf6a283 StaticDependenciesID=567b541340c591e41339a4d5efe057b1 
Number of updated asset objects reloaded before import = 0
Number of asset objects unloaded after import = 0
========================================================================
Received Import Request.
  Time of request: 2026-08-04T17:31:22.9773114Z
  Time since last request: 0.0002265 seconds.
  importAddress: GUID: f569b8bbdde27914494b9a7e653c37e2 - Path: Packages/com.unity.render-pipelines.core/Editor/Properties/PropertiesPreferencesProvider.cs - Importer: ScriptedImporter/UnityEditor.QuickSearchModule:UnityEditor.Search:ASIAI0B
Importing 'GUID: f569b8bbdde27914494b9a7e653c37e2 - Path: Packages/com.unity.render-pipelines.core/Editor/Properties/PropertiesPreferencesProvider.cs - Importer: ScriptedImporter/UnityEditor.QuickSearchModule:UnityEditor.Search:ASIAI0B' with importer (ScriptedImporter : UnityEditor.QuickSearchModule:UnityEditor.Search:ASIAI0B)
Imported 'GUID: f569b8bbdde27914494b9a7e653c37e2' -> (Import Result ID: '17f094c7187b7842ff827136f191e75f') in 0.002 seconds [static and dynamic dependencies]. Details - ImportResultOutputID=83ee85a75a491d35a48210bcd09f4ec1 DependenciesID=59806b6389e90a7c542dde717ce953dc StaticDependenciesID=8130642054dcc6cf81086e3da1545f42 
Number of updated asset objects reloaded before import = 0
Number of asset objects unloaded after import = 0
========================================================================
Received Import Request.
  Time of request: 2026-08-04T17:31:23.0006594Z
  Time since last request: 0.0150078 seconds.
  importAddress: GUID: 2c578537bcf35184a95f154d606e2b9b - Path: Packages/com.unity.render-pipelines.core/Runtime/Common/RemoveRange.Extensions.cs - Importer: ScriptedImporter/UnityEditor.QuickSearchModule:UnityEditor.Search:ASIAI0B
Importing 'GUID: 2c578537bcf35184a95f154d606e2b9b - Path: Packages/com.unity.render-pipelines.core/Runtime/Common/RemoveRange.Extensions.cs - Importer: ScriptedImporter/UnityEditor.QuickSearchModule:UnityEditor.Search:ASIAI0B' with importer (ScriptedImporter : UnityEditor.QuickSearchModule:UnityEditor.Search:ASIAI0B)
Imported 'GUID: 2c578537bcf35184a95f154d606e2b9b' -> (Import Result ID: 'c6c731055fcdf77e614c8fa07c9cc5e9') in 0.002 seconds [static and dynamic dependencies]. Details - ImportResultOutputID=d5955a00b62075fe30b63fcf96780439 DependenciesID=19c7b8f3d4b83bc8f5cb4ce77b40646a StaticDependenciesID=9d4001762ae125df24f12a52d2774c67 
Number of updated asset objects reloaded before import = 0
Number of asset objects unloaded after import = 0
========================================================================
Received Import Request.
  Time of request: 2026-08-04T17:31:23.0096495Z
  Time since last request: 0.0003391 seconds.
  importAddress: GUID: d6bb22372ebe2bc42a227c8f8c1795ac - Path: Packages/com.unity.render-pipelines.core/Editor/Volume/VolumeComponentEditor.cs - Importer: ScriptedImporter/UnityEditor.QuickSearchModule:UnityEditor.Search:ASIAI0B
Importing 'GUID: d6bb22372ebe2bc42a227c8f8c1795ac - Path: Packages/com.unity.render-pipelines.core/Editor/Volume/VolumeComponentEditor.cs - Importer: ScriptedImporter/UnityEditor.QuickSearchModule:UnityEditor.Search:ASIAI0B' with importer (ScriptedImporter : UnityEditor.QuickSearchModule:UnityEditor.Search:ASIAI0B)
Imported 'GUID: d6bb22372ebe2bc42a227c8f8c1795ac' -> (Import Result ID: '5767268cb6eeb311ec57806df29b1a6a') in 0.002 seconds [static and dynamic dependencies]. Details - ImportResultOutputID=600f5b50973bbeceafad84b959499848 DependenciesID=0c1c67e85d965546b726f876b559daa8 StaticDependenciesID=7432e1c924b805f3ba64fac67bd2100b 
Number of updated asset objects reloaded before import = 0
Number of asset objects unloaded after import = 0
========================================================================
Received Import Request.
  Time of request: 2026-08-04T17:31:23.0205747Z
  Time since last request: 0.0002605 seconds.
  importAddress: GUID: 7d7e09e271ad3fd4c9ceb1873a5fb59e - Path: Packages/com.unity.render-pipelines.core/Editor/Volume/VolumeComponentProvider.cs - Importer: ScriptedImporter/UnityEditor.QuickSearchModule:UnityEditor.Search:ASIAI0B
Importing 'GUID: 7d7e09e271ad3fd4c9ceb1873a5fb59e - Path: Packages/com.unity.render-pipelines.core/Editor/Volume/VolumeComponentProvider.cs - Importer: ScriptedImporter/UnityEditor.QuickSearchModule:UnityEditor.Search:ASIAI0B' with importer (ScriptedImporter : UnityEditor.QuickSearchModule:UnityEditor.Search:ASIAI0B)
Imported 'GUID: 7d7e09e271ad3fd4c9ceb1873a5fb59e' -> (Import Result ID: '6ad9d5d555c27fd22e98d6f56b534b19') in 0.002 seconds [static and dynamic dependencies]. Details - ImportResultOutputID=31d4b6ab31ced3ae6d1290c41e5cb897 DependenciesID=f69a630905cb9af417f11204c5aea84d StaticDependenciesID=59554e69f4bada842d5cb5bd8a46aae1 
Number of updated asset objects reloaded before import = 0
Number of asset objects unloaded after import = 0
========================================================================
Received Import Request.
  Time of request: 2026-08-04T17:31:23.0297498Z
  Time since last request: 0.0002976 seconds.
  importAddress: GUID: f78c611171f4b4946b5cf8394378931f - Path: Packages/com.unity.render-pipelines.core/Runtime/Common/ComponentSingleton.cs - Importer: ScriptedImporter/UnityEditor.QuickSearchModule:UnityEditor.Search:ASIAI0B
Importing 'GUID: f78c611171f4b4946b5cf8394378931f - Path: Packages/com.unity.render-pipelines.core/Runtime/Common/ComponentSingleton.cs - Importer: ScriptedImporter/UnityEditor.QuickSearchModule:UnityEditor.Search:ASIAI0B' with importer (ScriptedImporter : UnityEditor.QuickSearchModule:UnityEditor.Search:ASIAI0B)
Imported 'GUID: f78c611171f4b4946b5cf8394378931f' -> (Import Result ID: '584b655222e894242419879b51638e03') in 0.002 seconds [static and dynamic dependencies]. Details - ImportResultOutputID=58ba8068c779d93ddad155ff52100ba4 DependenciesID=473073eea18d563486f87ed5909c44b3 StaticDependenciesID=61d1de9e82bf8877e0ec6aede85bf6b5 
Number of updated asset objects reloaded before import = 0
Number of asset objects unloaded after import = 0
========================================================================
Received Import Request.
  Time of request: 2026-08-04T17:31:23.0384345Z
  Time since last request: 0.0001984 seconds.
  importAddress: GUID: 20915f49dd0549e39027a8d3f3dc6b6b - Path: Packages/com.unity.render-pipelines.core/Runtime/Common/ReloadAttribute.cs - Importer: ScriptedImporter/UnityEditor.QuickSearchModule:UnityEditor.Search:ASIAI0B
Importing 'GUID: 20915f49dd0549e39027a8d3f3dc6b6b - Path: Packages/com.unity.render-pipelines.core/Runtime/Common/ReloadAttribute.cs - Importer: ScriptedImporter/UnityEditor.QuickSearchModule:UnityEditor.Search:ASIAI0B' with importer (ScriptedImporter : UnityEditor.QuickSearchModule:UnityEditor.Search:ASIAI0B)
Imported 'GUID: 20915f49dd0549e39027a8d3f3dc6b6b' -> (Import Result ID: 'f29b6d19f8a383f2b718f669a50048f0') in 0.002 seconds [static and dynamic dependencies]. Details - ImportResultOutputID=396ab61cc3ea52b00c443e639ad69977 DependenciesID=83eee23d7d33c63bc6440f434c15f057 StaticDependenciesID=f79a99fc4379ed6fd8fadf551ae8155c 
Number of updated asset objects reloaded before import = 0
Number of asset objects unloaded after import = 0
========================================================================
Received Import Request.
  Time of request: 2026-08-04T17:31:23.0472372Z
  Time since last request: 0.0002062 seconds.
  importAddress: GUID: a223ac1745280964e8d1424b4634a2c8 - Path: Packages/com.unity.render-pipelines.core/Runtime/Common/ContextContainer.cs - Importer: ScriptedImporter/UnityEditor.QuickSearchModule:UnityEditor.Search:ASIAI0B
Importing 'GUID: a223ac1745280964e8d1424b4634a2c8 - Path: Packages/com.unity.render-pipelines.core/Runtime/Common/ContextContainer.cs - Importer: ScriptedImporter/UnityEditor.QuickSearchModule:UnityEditor.Search:ASIAI0B' with importer (ScriptedImporter : UnityEditor.QuickSearchModule:UnityEditor.Search:ASIAI0B)
Imported 'GUID: a223ac1745280964e8d1424b4634a2c8' -> (Import Result ID: 'f5930b1f0a907e3b758862d0f4977061') in 0.002 seconds [static and dynamic dependencies]. Details - ImportResultOutputID=cdcc4203e95e1c49b0643d8e3fc65a39 DependenciesID=e35429ae0327ea7d44b2a97d14a9221a StaticDependenciesID=fdfd7d134089f1bec5ea5031264913ef 
Number of updated asset objects reloaded before import = 0
Number of asset objects unloaded after import = 0
========================================================================
Received Import Request.
  Time of request: 2026-08-04T17:31:23.0560354Z
  Time since last request: 0.0002462 seconds.
  importAddress: GUID: bc85748f0cef607499e03b46e3846ebd - Path: Packages/com.unity.render-pipelines.core/Runtime/Common/CommandBufferPool.cs - Importer: ScriptedImporter/UnityEditor.QuickSearchModule:UnityEditor.Search:ASIAI0B
Importing 'GUID: bc85748f0cef607499e03b46e3846ebd - Path: Packages/com.unity.render-pipelines.core/Runtime/Common/CommandBufferPool.cs - Importer: ScriptedImporter/UnityEditor.QuickSearchModule:UnityEditor.Search:ASIAI0B' with importer (ScriptedImporter : UnityEditor.QuickSearchModule:UnityEditor.Search:ASIAI0B)
Imported 'GUID: bc85748f0cef607499e03b46e3846ebd' -> (Import Result ID: 'f4002ba430d930028754a7bea0de66e3') in 0.003 seconds [static and dynamic dependencies]. Details - ImportResultOutputID=72d5eb15309f8b1198a598cb17e9d997 DependenciesID=3c50f1ffa92628b7abe528cd80b2c778 StaticDependenciesID=a116ed3fb0084167f60e666b19a1c55e 
Number of updated asset objects reloaded before import = 0
Number of asset objects unloaded after import = 0
========================================================================
Received Import Request.
  Time of request: 2026-08-04T17:31:23.0663351Z
  Time since last request: 0.0003461 seconds.
  importAddress: GUID: c809a62d5133434283a678284bde6334 - Path: Packages/com.unity.render-pipelines.core/Runtime/Common/Observable.cs - Importer: ScriptedImporter/UnityEditor.QuickSearchModule:UnityEditor.Search:ASIAI0B
Importing 'GUID: c809a62d5133434283a678284bde6334 - Path: Packages/com.unity.render-pipelines.core/Runtime/Common/Observable.cs - Importer: ScriptedImporter/UnityEditor.QuickSearchModule:UnityEditor.Search:ASIAI0B' with importer (ScriptedImporter : UnityEditor.QuickSearchModule:UnityEditor.Search:ASIAI0B)
Imported 'GUID: c809a62d5133434283a678284bde6334' -> (Import Result ID: 'd6ea6af12c8a7adfd084eed50b7766b6') in 0.002 seconds [static and dynamic dependencies]. Details - ImportResultOutputID=884fffac6d83b7a440de85646fc5733e DependenciesID=da03b9ffd663afbf418609bfe1c3f4f6 StaticDependenciesID=618b866d8ed56790de328ca6f68f1544 
Number of updated asset objects reloaded before import = 0
Number of asset objects unloaded after import = 0
========================================================================
Received Import Request.
  Time of request: 2026-08-04T17:31:23.075544Z
  Time since last request: 0.0002095 seconds.
  importAddress: GUID: 78d06e068976749e285dd70a52d49c80 - Path: Packages/com.unity.render-pipelines.core/Editor/Utilities/GenericEditorTool.cs - Importer: ScriptedImporter/UnityEditor.QuickSearchModule:UnityEditor.Search:ASIAI0B
Importing 'GUID: 78d06e068976749e285dd70a52d49c80 - Path: Packages/com.unity.render-pipelines.core/Editor/Utilities/GenericEditorTool.cs - Importer: ScriptedImporter/UnityEditor.QuickSearchModule:UnityEditor.Search:ASIAI0B' with importer (ScriptedImporter : UnityEditor.QuickSearchModule:UnityEditor.Search:ASIAI0B)
Imported 'GUID: 78d06e068976749e285dd70a52d49c80' -> (Import Result ID: '730f577824b72b123e7ee03e2c389815') in 0.002 seconds [static and dynamic dependencies]. Details - ImportResultOutputID=97f30e4f0da86318c908c374e6abb724 DependenciesID=1006532f3c724e90042b910896f775af StaticDependenciesID=a3ed5c8758c87e7dc332d045f99d2956 
Number of updated asset objects reloaded before import = 0
Number of asset objects unloaded after import = 0
========================================================================
Received Import Request.
  Time of request: 2026-08-04T17:31:23.0850603Z
  Time since last request: 0.0002097 seconds.
  importAddress: GUID: 57a16f5659fb09d4e833f26df49cd9c4 - Path: Packages/com.unity.render-pipelines.core/Runtime/Common/Swap.Extensions.cs - Importer: ScriptedImporter/UnityEditor.QuickSearchModule:UnityEditor.Search:ASIAI0B
Importing 'GUID: 57a16f5659fb09d4e833f26df49cd9c4 - Path: Packages/com.unity.render-pipelines.core/Runtime/Common/Swap.Extensions.cs - Importer: ScriptedImporter/UnityEditor.QuickSearchModule:UnityEditor.Search:ASIAI0B' with importer (ScriptedImporter : UnityEditor.QuickSearchModule:UnityEditor.Search:ASIAI0B)
Imported 'GUID: 57a16f5659fb09d4e833f26df49cd9c4' -> (Import Result ID: '209b4d68b05aeae88fe6d803cd810482') in 0.002 seconds [static and dynamic dependencies]. Details - ImportResultOutputID=9ea45ffe1798bfd2547015c9415920e5 DependenciesID=5afef5e69d1cf329ca234408c72dade4 StaticDependenciesID=e72fb84ce75aa1764321d8fdd87a93cc 
Number of updated asset objects reloaded before import = 0
Number of asset objects unloaded after import = 0
========================================================================
Received Import Request.
  Time of request: 2026-08-04T17:31:23.0942205Z
  Time since last request: 0.0002385 seconds.
  importAddress: GUID: 43b290740b0e7c34ea95e0fd8b38eb68 - Path: Packages/com.unity.render-pipelines.core/Runtime/Common/DynamicResolutionHandler.cs - Importer: ScriptedImporter/UnityEditor.QuickSearchModule:UnityEditor.Search:ASIAI0B
Importing 'GUID: 43b290740b0e7c34ea95e0fd8b38eb68 - Path: Packages/com.unity.render-pipelines.core/Runtime/Common/DynamicResolutionHandler.cs - Importer: ScriptedImporter/UnityEditor.QuickSearchModule:UnityEditor.Search:ASIAI0B' with importer (ScriptedImporter : UnityEditor.QuickSearchModule:UnityEditor.Search:ASIAI0B)
Imported 'GUID: 43b290740b0e7c34ea95e0fd8b38eb68' -> (Import Result ID: 'ac8ab3f452426a45fc9b0b35329ffd48') in 0.002 seconds [static and dynamic dependencies]. Details - ImportResultOutputID=6ebb4a11a82987f034c8b25da15c319d DependenciesID=c29621f0245d35e0952c4a090aeb1c0e StaticDependenciesID=31109ba7be9e4de7a93aca99288c4d24 
Number of updated asset objects reloaded before import = 0
Number of asset objects unloaded after import = 0
========================================================================
Received Import Request.
  Time of request: 2026-08-04T17:31:23.1039051Z
  Time since last request: 0.0002421 seconds.
  importAddress: GUID: d367e3b92ff05ac4eb99950f44cc0333 - Path: Packages/com.unity.render-pipelines.core/Editor/UXML/VolumeEditor.uxml - Importer: ScriptedImporter/UnityEditor.QuickSearchModule:UnityEditor.Search:ASIAI0B
Importing 'GUID: d367e3b92ff05ac4eb99950f44cc0333 - Path: Packages/com.unity.render-pipelines.core/Editor/UXML/VolumeEditor.uxml - Importer: ScriptedImporter/UnityEditor.QuickSearchModule:UnityEditor.Search:ASIAI0B' with importer (ScriptedImporter : UnityEditor.QuickSearchModule:UnityEditor.Search:ASIAI0B)
Imported 'GUID: d367e3b92ff05ac4eb99950f44cc0333' -> (Import Result ID: '90dff5a9642424c8ae1ccc81c7862d94') in 0.007 seconds [static and dynamic dependencies]. Details - ImportResultOutputID=0c1ffe50c02cb5799b9bdd6bf8cf629b DependenciesID=debb6ef43cff9ee579bc984211744112 StaticDependenciesID=f57619a346c33d1fddb3248d9df35653 
Number of updated asset objects reloaded before import = 0
Number of asset objects unloaded after import = 3
========================================================================
Received Import Request.
  Time of request: 2026-08-04T17:31:23.1338053Z
  Time since last request: 0.0158441 seconds.
  importAddress: GUID: 5484b35e7a724b13a637afdb13e824b0 - Path: Packages/com.unity.render-pipelines.core/Runtime/Debugging/DebugUI.FieldUtils.cs - Importer: ScriptedImporter/UnityEditor.QuickSearchModule:UnityEditor.Search:ASIAI0B
Importing 'GUID: 5484b35e7a724b13a637afdb13e824b0 - Path: Packages/com.unity.render-pipelines.core/Runtime/Debugging/DebugUI.FieldUtils.cs - Importer: ScriptedImporter/UnityEditor.QuickSearchModule:UnityEditor.Search:ASIAI0B' with importer (ScriptedImporter : UnityEditor.QuickSearchModule:UnityEditor.Search:ASIAI0B)
Imported 'GUID: 5484b35e7a724b13a637afdb13e824b0' -> (Import Result ID: '50c5e65cfd4b134ea7a3d4fb5f5b812c') in 0.002 seconds [static and dynamic dependencies]. Details - ImportResultOutputID=25d8ea32caa02a9bf4b66f7199574b65 DependenciesID=e40bdf852f190d910c08d7fe7ca5d5ef StaticDependenciesID=a04ae0a72aead0bdf61c80f89d4540bd 
Number of updated asset objects reloaded before import = 0
Number of asset objects unloaded after import = 0
========================================================================
Received Import Request.
  Time of request: 2026-08-04T17:31:23.1431385Z
  Time since last request: 0.0003877 seconds.
  importAddress: GUID: 3a99bcf1786a473e87ec8fb420401e52 - Path: Packages/com.unity.render-pipelines.core/Runtime/Debugging/DebugManager.SchedulerTracker.cs - Importer: ScriptedImporter/UnityEditor.QuickSearchModule:UnityEditor.Search:ASIAI0B
Importing 'GUID: 3a99bcf1786a473e87ec8fb420401e52 - Path: Packages/com.unity.render-pipelines.core/Runtime/Debugging/DebugManager.SchedulerTracker.cs - Importer: ScriptedImporter/UnityEditor.QuickSearchModule:UnityEditor.Search:ASIAI0B' with importer (ScriptedImporter : UnityEditor.QuickSearchModule:UnityEditor.Search:ASIAI0B)
Imported 'GUID: 3a99bcf1786a473e87ec8fb420401e52' -> (Import Result ID: 'cb1a8a8e480f7a0c65770ebf15c70ea2') in 0.002 seconds [static and dynamic dependencies]. Details - ImportResultOutputID=b5c8376b70b29faf13667126f1078d33 DependenciesID=b2bd8a64591b01e56f0dcfb3c4906a63 StaticDependenciesID=2f0e8b1d36ba94aa70a38a3d4b55ad10 
Number of updated asset objects reloaded before import = 0
Number of asset objects unloaded after import = 0
========================================================================
Received Import Request.
  Time of request: 2026-08-04T17:31:23.1525509Z
  Time since last request: 0.000554 seconds.
  importAddress: GUID: 79550f93c7dc21e41b0af2097cf46b53 - Path: Packages/com.unity.render-pipelines.core/Runtime/PathTracing/HandleSet.cs - Importer: ScriptedImporter/UnityEditor.QuickSearchModule:UnityEditor.Search:ASIAI0B
Importing 'GUID: 79550f93c7dc21e41b0af2097cf46b53 - Path: Packages/com.unity.render-pipelines.core/Runtime/PathTracing/HandleSet.cs - Importer: ScriptedImporter/UnityEditor.QuickSearchModule:UnityEditor.Search:ASIAI0B' with importer (ScriptedImporter : UnityEditor.QuickSearchModule:UnityEditor.Search:ASIAI0B)
Imported 'GUID: 79550f93c7dc21e41b0af2097cf46b53' -> (Import Result ID: '4a3cb70dee602b4e6b4a8d5726ec9719') in 0.002 seconds [static and dynamic dependencies]. Details - ImportResultOutputID=fa41abd8d50f0c50e18747ca1cf91e1c DependenciesID=6676371835561a46c0ed511ab6c5a54f StaticDependenciesID=930ff331ff89c4bd3ad29b9d3e9ee24c 
Number of updated asset objects reloaded before import = 0
Number of asset objects unloaded after import = 0
========================================================================
Received Import Request.
  Time of request: 2026-08-04T17:31:23.1622069Z
  Time since last request: 0.0002449 seconds.
  importAddress: GUID: f89ae72a038989e4780e2087fe3911c7 - Path: Packages/com.unity.render-pipelines.core/Runtime/Lighting/SphericalHarmonics.cs - Importer: ScriptedImporter/UnityEditor.QuickSearchModule:UnityEditor.Search:ASIAI0B
Importing 'GUID: f89ae72a038989e4780e2087fe3911c7 - Path: Packages/com.unity.render-pipelines.core/Runtime/Lighting/SphericalHarmonics.cs - Importer: ScriptedImporter/UnityEditor.QuickSearchModule:UnityEditor.Search:ASIAI0B' with importer (ScriptedImporter : UnityEditor.QuickSearchModule:UnityEditor.Search:ASIAI0B)
Imported 'GUID: f89ae72a038989e4780e2087fe3911c7' -> (Import Result ID: '97246a3831cc1b3ff45ad044fff6b317') in 0.002 seconds [static and dynamic dependencies]. Details - ImportResultOutputID=23455ebe339b7a012d7f8968c3b209fd DependenciesID=06b2ab3c023fb95144ba8c526de7dbc0 StaticDependenciesID=e35abed044895a3f29f0d70b573ada50 
Number of updated asset objects reloaded before import = 0
Number of asset objects unloaded after import = 0
========================================================================
Received Import Request.
  Time of request: 2026-08-04T17:31:23.1719377Z
  Time since last request: 0.0002803 seconds.
  importAddress: GUID: 6333654841b048a68ca51b3b64fd0fbb - Path: Packages/com.unity.render-pipelines.core/Runtime/Debugging/ISerializedDebugDisplaySettings.cs - Importer: ScriptedImporter/UnityEditor.QuickSearchModule:UnityEditor.Search:ASIAI0B
Importing 'GUID: 6333654841b048a68ca51b3b64fd0fbb - Path: Packages/com.unity.render-pipelines.core/Runtime/Debugging/ISerializedDebugDisplaySettings.cs - Importer: ScriptedImporter/UnityEditor.QuickSearchModule:UnityEditor.Search:ASIAI0B' with importer (ScriptedImporter : UnityEditor.QuickSearchModule:UnityEditor.Search:ASIAI0B)
Imported 'GUID: 6333654841b048a68ca51b3b64fd0fbb' -> (Import Result ID: 'a2d0476b3eaa92a0793d69413ccc45ef') in 0.002 seconds [static and dynamic dependencies]. Details - ImportResultOutputID=0b9b249d9ff933ff5a187715b53d4749 DependenciesID=f80be382b42e3006e1f60e68fa3b9683 StaticDependenciesID=9131b13fe66a1fb0238e6422b774ab3f 
Number of updated asset objects reloaded before import = 0
Number of asset objects unloaded after import = 0
========================================================================
Received Import Request.
  Time of request: 2026-08-04T17:31:23.1818609Z
  Time since last request: 0.0002639 seconds.
  importAddress: GUID: 16870bb28557a8f4182d1c8191e951a5 - Path: Packages/com.unity.render-pipelines.core/Runtime/Debugging/MousePositionDebug.cs - Importer: ScriptedImporter/UnityEditor.QuickSearchModule:UnityEditor.Search:ASIAI0B
Importing 'GUID: 16870bb28557a8f4182d1c8191e951a5 - Path: Packages/com.unity.render-pipelines.core/Runtime/Debugging/MousePositionDebug.cs - Importer: ScriptedImporter/UnityEditor.QuickSearchModule:UnityEditor.Search:ASIAI0B' with importer (ScriptedImporter : UnityEditor.QuickSearchModule:UnityEditor.Search:ASIAI0B)
Imported 'GUID: 16870bb28557a8f4182d1c8191e951a5' -> (Import Result ID: '58ed623273b1000f722f8e1d350600bf') in 0.002 seconds [static and dynamic dependencies]. Details - ImportResultOutputID=b33c340151d611f26db8a84071e7f9a6 DependenciesID=e393f45cc96e3e178358b25c47fec06e StaticDependenciesID=a09b63217de9b9000e63642d8d5f6425 
Number of updated asset objects reloaded before import = 0
Number of asset objects unloaded after import = 0
========================================================================
Received Import Request.
  Time of request: 2026-08-04T17:31:23.1908733Z
  Time since last request: 0.0001829 seconds.
  importAddress: GUID: f44418c4958ffd643bc79be30759f0fb - Path: Packages/com.unity.render-pipelines.core/Runtime/LookDev/IDataProvider.cs - Importer: ScriptedImporter/UnityEditor.QuickSearchModule:UnityEditor.Search:ASIAI0B
Importing 'GUID: f44418c4958ffd643bc79be30759f0fb - Path: Packages/com.unity.render-pipelines.core/Runtime/LookDev/IDataProvider.cs - Importer: ScriptedImporter/UnityEditor.QuickSearchModule:UnityEditor.Search:ASIAI0B' with importer (ScriptedImporter : UnityEditor.QuickSearchModule:UnityEditor.Search:ASIAI0B)
Imported 'GUID: f44418c4958ffd643bc79be30759f0fb' -> (Import Result ID: 'cc547e80a63d1c460adfc30376413665') in 0.002 seconds [static and dynamic dependencies]. Details - ImportResultOutputID=abdb11ffb7ddb82f1f44f2fa3053f794 DependenciesID=2d469d30b48dd92fdd6dc051a4bc9933 StaticDependenciesID=dae98a6c914b9cc84027b42f49817067 
Number of updated asset objects reloaded before import = 0
Number of asset objects unloaded after import = 0
========================================================================
Received Import Request.
  Time of request: 2026-08-04T17:31:23.2008102Z
  Time since last request: 0.0003084 seconds.
  importAddress: GUID: 6d72467fc287492393584eb6647d416d - Path: Packages/com.unity.render-pipelines.core/Runtime/Debugging/DebugDisplaySettingsStats.cs - Importer: ScriptedImporter/UnityEditor.QuickSearchModule:UnityEditor.Search:ASIAI0B
Importing 'GUID: 6d72467fc287492393584eb6647d416d - Path: Packages/com.unity.render-pipelines.core/Runtime/Debugging/DebugDisplaySettingsStats.cs - Importer: ScriptedImporter/UnityEditor.QuickSearchModule:UnityEditor.Search:ASIAI0B' with importer (ScriptedImporter : UnityEditor.QuickSearchModule:UnityEditor.Search:ASIAI0B)
Imported 'GUID: 6d72467fc287492393584eb6647d416d' -> (Import Result ID: '85d14c5e00f311a267f0873ad0d5eac5') in 0.002 seconds [static and dynamic dependencies]. Details - ImportResultOutputID=0ca8e9e95510881242167f6fadf573f9 DependenciesID=d63c3f5d858e58f1267505891ef3ce30 StaticDependenciesID=7550a15dd1f0a30196fd284a8c6bb8bf 
Number of updated asset objects reloaded before import = 0
Number of asset objects unloaded after import = 0
========================================================================
Received Import Request.
  Time of request: 2026-08-04T17:31:23.2104695Z
  Time since last request: 0.0002699 seconds.
  importAddress: GUID: e53fede703e0349479a0fba60658fa50 - Path: Packages/com.unity.render-pipelines.core/Runtime/PathTracing/BakeLightmap.cs - Importer: ScriptedImporter/UnityEditor.QuickSearchModule:UnityEditor.Search:ASIAI0B
Importing 'GUID: e53fede703e0349479a0fba60658fa50 - Path: Packages/com.unity.render-pipelines.core/Runtime/PathTracing/BakeLightmap.cs - Importer: ScriptedImporter/UnityEditor.QuickSearchModule:UnityEditor.Search:ASIAI0B' with importer (ScriptedImporter : UnityEditor.QuickSearchModule:UnityEditor.Search:ASIAI0B)
Imported 'GUID: e53fede703e0349479a0fba60658fa50' -> (Import Result ID: '738854ec20a1a7f8f7473384f695b055') in 0.002 seconds [static and dynamic dependencies]. Details - ImportResultOutputID=61f6b5f3f22d5583ab89b4d2eb39ddd6 DependenciesID=fcbe91f74222623eef6913efc06f066e StaticDependenciesID=cc0d4739e2fe0bc828f9afbed371537c 
Number of updated asset objects reloaded before import = 0
Number of asset objects unloaded after import = 0
========================================================================
Received Import Request.
  Time of request: 2026-08-04T17:31:23.2198093Z
  Time since last request: 0.0003332 seconds.
  importAddress: GUID: 267b889b8e81a45d2a5f5bc4121bc7b9 - Path: Packages/com.unity.render-pipelines.core/Runtime/Debugging/DebugDisplaySettingsUI.cs - Importer: ScriptedImporter/UnityEditor.QuickSearchModule:UnityEditor.Search:ASIAI0B
Importing 'GUID: 267b889b8e81a45d2a5f5bc4121bc7b9 - Path: Packages/com.unity.render-pipelines.core/Runtime/Debugging/DebugDisplaySettingsUI.cs - Importer: ScriptedImporter/UnityEditor.QuickSearchModule:UnityEditor.Search:ASIAI0B' with importer (ScriptedImporter : UnityEditor.QuickSearchModule:UnityEditor.Search:ASIAI0B)
Imported 'GUID: 267b889b8e81a45d2a5f5bc4121bc7b9' -> (Import Result ID: 'd2a929fb5b27acfbf5b50f86d7f36dc3') in 0.002 seconds [static and dynamic dependencies]. Details - ImportResultOutputID=a63bd85983a77c297621560a09a03b54 DependenciesID=6ac97e5440f73262023ca60f86e75623 StaticDependenciesID=b44b80fb16b552a4d37957d610df6dd4 
Number of updated asset objects reloaded before import = 0
Number of asset objects unloaded after import = 0
========================================================================
Received Import Request.
  Time of request: 2026-08-04T17:31:23.229425Z
  Time since last request: 0.0002587 seconds.
  importAddress: GUID: 7b7fb68bec939a04791463e4b8734f38 - Path: Packages/com.unity.render-pipelines.core/Runtime/Debug/ProbeVolumeDebugFunctions.hlsl - Importer: ScriptedImporter/UnityEditor.QuickSearchModule:UnityEditor.Search:ASIAI0B
Importing 'GUID: 7b7fb68bec939a04791463e4b8734f38 - Path: Packages/com.unity.render-pipelines.core/Runtime/Debug/ProbeVolumeDebugFunctions.hlsl - Importer: ScriptedImporter/UnityEditor.QuickSearchModule:UnityEditor.Search:ASIAI0B' with importer (ScriptedImporter : UnityEditor.QuickSearchModule:UnityEditor.Search:ASIAI0B)
Imported 'GUID: 7b7fb68bec939a04791463e4b8734f38' -> (Import Result ID: 'f862561fc94cded768a68b37035f0a39') in 0.002 seconds [static and dynamic dependencies]. Details - ImportResultOutputID=625a9a78256a481cdcf65e04d7063f77 DependenciesID=2f03346d22ec8c1dccb4bc2e07bd06de StaticDependenciesID=a356b84cb9449454467960f71a1de860 
Number of updated asset objects reloaded before import = 0
Number of asset objects unloaded after import = 1
========================================================================
Received Import Request.
  Time of request: 2026-08-04T17:31:23.2388595Z
  Time since last request: 0.0002556 seconds.
  importAddress: GUID: 73fe53b428c5b3440b7e87ee830b608a - Path: Packages/com.unity.render-pipelines.core/Runtime/Debug/ProbeVolumeNumbersDisplayTex.png - Importer: ScriptedImporter/UnityEditor.QuickSearchModule:UnityEditor.Search:ASIAI0B
Importing 'GUID: 73fe53b428c5b3440b7e87ee830b608a - Path: Packages/com.unity.render-pipelines.core/Runtime/Debug/ProbeVolumeNumbersDisplayTex.png - Importer: ScriptedImporter/UnityEditor.QuickSearchModule:UnityEditor.Search:ASIAI0B' with importer (ScriptedImporter : UnityEditor.QuickSearchModule:UnityEditor.Search:ASIAI0B)
Imported 'GUID: 73fe53b428c5b3440b7e87ee830b608a' -> (Import Result ID: 'ab6f752bddf55bee8c75dafb2a73170e') in 0.005 seconds [static and dynamic dependencies]. Details - ImportResultOutputID=602a857b9fd88062ef56369ab2c69da3 DependenciesID=d982f3eb408bce96fe1c2979a70b1c96 StaticDependenciesID=0129af2f5f20b11c53669699ca1d547a 
Number of updated asset objects reloaded before import = 0
Number of asset objects unloaded after import = 1
========================================================================
Received Import Request.
  Time of request: 2026-08-04T17:31:23.2522065Z
  Time since last request: 0.0002673 seconds.
  importAddress: GUID: b2dd686478607420fa4600df5d27143f - Path: Packages/com.unity.render-pipelines.core/Runtime/Debugging/IDebugDisplaySettingsPanel.cs - Importer: ScriptedImporter/UnityEditor.QuickSearchModule:UnityEditor.Search:ASIAI0B
Importing 'GUID: b2dd686478607420fa4600df5d27143f - Path: Packages/com.unity.render-pipelines.core/Runtime/Debugging/IDebugDisplaySettingsPanel.cs - Importer: ScriptedImporter/UnityEditor.QuickSearchModule:UnityEditor.Search:ASIAI0B' with importer (ScriptedImporter : UnityEditor.QuickSearchModule:UnityEditor.Search:ASIAI0B)
Imported 'GUID: b2dd686478607420fa4600df5d27143f' -> (Import Result ID: 'dd53d21e57582441075f5115f04a897b') in 0.002 seconds [static and dynamic dependencies]. Details - ImportResultOutputID=034d271bc7fd63c1a78c3cacedb7682c DependenciesID=ef182a271e0239d7487082d72c669561 StaticDependenciesID=eaf9fb4a51ad90ba4fb5f5897381f29f 
Number of updated asset objects reloaded before import = 0
Number of asset objects unloaded after import = 0
========================================================================
Received Import Request.
  Time of request: 2026-08-04T17:31:23.3228568Z
  Time since last request: 0.061288 seconds.
  importAddress: GUID: d107e4e863b7b4e579c15e52f775ed03 - Path: Packages/com.unity.render-pipelines.core/Runtime/RenderGraph/IRenderGraphEnabledRenderPipeline.cs - Importer: ScriptedImporter/UnityEditor.QuickSearchModule:UnityEditor.Search:ASIAI0B
Importing 'GUID: d107e4e863b7b4e579c15e52f775ed03 - Path: Packages/com.unity.render-pipelines.core/Runtime/RenderGraph/IRenderGraphEnabledRenderPipeline.cs - Importer: ScriptedImporter/UnityEditor.QuickSearchModule:UnityEditor.Search:ASIAI0B' with importer (ScriptedImporter : UnityEditor.QuickSearchModule:UnityEditor.Search:ASIAI0B)
Imported 'GUID: d107e4e863b7b4e579c15e52f775ed03' -> (Import Result ID: 'fde5648db6603e1de16c50f8f8f9882d') in 0.014 seconds [static and dynamic dependencies]. Details - ImportResultOutputID=a057809d60dbd5e0c2457ffe6d1eed79 DependenciesID=01e11f60f9e43b7e4e31b2377d7414c6 StaticDependenciesID=ae0552cb48766f0baafb3274c1d4b765 
Number of updated asset objects reloaded before import = 0
Number of asset objects unloaded after import = 0
========================================================================
Received Import Request.
  Time of request: 2026-08-04T17:31:23.3448886Z
  Time since last request: 0.000489 seconds.
  importAddress: GUID: 877e1507ae8d81c40bf1b94c1a86036f - Path: Packages/com.unity.render-pipelines.core/Runtime/PostProcessing/LensFlareDataSRP.cs - Importer: ScriptedImporter/UnityEditor.QuickSearchModule:UnityEditor.Search:ASIAI0B
Importing 'GUID: 877e1507ae8d81c40bf1b94c1a86036f - Path: Packages/com.unity.render-pipelines.core/Runtime/PostProcessing/LensFlareDataSRP.cs - Importer: ScriptedImporter/UnityEditor.QuickSearchModule:UnityEditor.Search:ASIAI0B' with importer (ScriptedImporter : UnityEditor.QuickSearchModule:UnityEditor.Search:ASIAI0B)
Imported 'GUID: 877e1507ae8d81c40bf1b94c1a86036f' -> (Import Result ID: '2232fddc03b53b97854e08c417c69ce8') in 0.003 seconds [static and dynamic dependencies]. Details - ImportResultOutputID=5fd03a34893e4579310d9cefd89d8e3c DependenciesID=6645caea79bda2d788430596da1a5b20 StaticDependenciesID=c1fec1a59a6893f88b593060bca99459 
Number of updated asset objects reloaded before import = 0
Number of asset objects unloaded after import = 1
========================================================================
Received Import Request.
  Time of request: 2026-08-04T17:31:23.3554651Z
  Time since last request: 0.000671 seconds.
  importAddress: GUID: dc968a854959c7d4599914d0b01469c2 - Path: Packages/com.unity.render-pipelines.core/Runtime/RenderGraph/RenderGraphObjectPool.cs - Importer: ScriptedImporter/UnityEditor.QuickSearchModule:UnityEditor.Search:ASIAI0B
Importing 'GUID: dc968a854959c7d4599914d0b01469c2 - Path: Packages/com.unity.render-pipelines.core/Runtime/RenderGraph/RenderGraphObjectPool.cs - Importer: ScriptedImporter/UnityEditor.QuickSearchModule:UnityEditor.Search:ASIAI0B' with importer (ScriptedImporter : UnityEditor.QuickSearchModule:UnityEditor.Search:ASIAI0B)
Imported 'GUID: dc968a854959c7d4599914d0b01469c2' -> (Import Result ID: 'c30ee70e71c9d0751510bcf0165f5b1b') in 0.002 seconds [static and dynamic dependencies]. Details - ImportResultOutputID=ae66602edb87d47777955b52325e52f1 DependenciesID=72922007bdeada4e8317a7766316a9f9 StaticDependenciesID=fd42ef5890fc6689757fe3422afae216 
Number of updated asset objects reloaded before import = 0
Number of asset objects unloaded after import = 0
========================================================================
Received Import Request.
  Time of request: 2026-08-04T17:31:23.3660597Z
  Time since last request: 0.0002889 seconds.
  importAddress: GUID: 9ee7f7178a92d554fa636bc513594ded - Path: Packages/com.unity.render-pipelines.core/Runtime/PostProcessing/LensFlareDataSRP.cs.hlsl - Importer: ScriptedImporter/UnityEditor.QuickSearchModule:UnityEditor.Search:ASIAI0B
Importing 'GUID: 9ee7f7178a92d554fa636bc513594ded - Path: Packages/com.unity.render-pipelines.core/Runtime/PostProcessing/LensFlareDataSRP.cs.hlsl - Importer: ScriptedImporter/UnityEditor.QuickSearchModule:UnityEditor.Search:ASIAI0B' with importer (ScriptedImporter : UnityEditor.QuickSearchModule:UnityEditor.Search:ASIAI0B)
Imported 'GUID: 9ee7f7178a92d554fa636bc513594ded' -> (Import Result ID: '145277db17c2cc846ecbd9b786e1eca8') in 0.002 seconds [static and dynamic dependencies]. Details - ImportResultOutputID=c949f2b44a453ad4ececb4a9bef939ba DependenciesID=8473e3e6314e40362cea858af27ab35f StaticDependenciesID=3c4b8c477a921485669fab3af92c4340 
Number of updated asset objects reloaded before import = 0
Number of asset objects unloaded after import = 1
========================================================================
Received Import Request.
  Time of request: 2026-08-04T17:31:23.3767864Z
  Time since last request: 0.0005931 seconds.
  importAddress: GUID: 7dcff21e9e4a5d54ea95b488556ebb9a - Path: Packages/com.unity.render-pipelines.core/Runtime/PathTracing/PathTracingContext.cs - Importer: ScriptedImporter/UnityEditor.QuickSearchModule:UnityEditor.Search:ASIAI0B
Importing 'GUID: 7dcff21e9e4a5d54ea95b488556ebb9a - Path: Packages/com.unity.render-pipelines.core/Runtime/PathTracing/PathTracingContext.cs - Importer: ScriptedImporter/UnityEditor.QuickSearchModule:UnityEditor.Search:ASIAI0B' with importer (ScriptedImporter : UnityEditor.QuickSearchModule:UnityEditor.Search:ASIAI0B)
Imported 'GUID: 7dcff21e9e4a5d54ea95b488556ebb9a' -> (Import Result ID: 'eff21a4305a42d0d6e23249e96a09eb0') in 0.002 seconds [static and dynamic dependencies]. Details - ImportResultOutputID=901cb5088c7caa985036b611e711068d DependenciesID=986d6dec075da67842fc9543380f766c StaticDependenciesID=9b1f1b214048be58680268a45056e4c0 
Number of updated asset objects reloaded before import = 0
Number of asset objects unloaded after import = 0
========================================================================
Received Import Request.
  Time of request: 2026-08-04T17:31:23.3874961Z
  Time since last request: 0.0001975 seconds.
  importAddress: GUID: e759d295d21a716488424ff0fcbd88aa - Path: Packages/com.unity.render-pipelines.core/Runtime/RenderGraph/RenderGraphUtilsResources.cs - Importer: ScriptedImporter/UnityEditor.QuickSearchModule:UnityEditor.Search:ASIAI0B
Importing 'GUID: e759d295d21a716488424ff0fcbd88aa - Path: Packages/com.unity.render-pipelines.core/Runtime/RenderGraph/RenderGraphUtilsResources.cs - Importer: ScriptedImporter/UnityEditor.QuickSearchModule:UnityEditor.Search:ASIAI0B' with importer (ScriptedImporter : UnityEditor.QuickSearchModule:UnityEditor.Search:ASIAI0B)
Imported 'GUID: e759d295d21a716488424ff0fcbd88aa' -> (Import Result ID: 'd92ace314761ea4e812b3b06a8530bc4') in 0.002 seconds [static and dynamic dependencies]. Details - ImportResultOutputID=1d836ba5a89bd06a7d4679d578826a43 DependenciesID=8e140ea6785e26be5b1cfad801dfe212 StaticDependenciesID=d30d63235718b2268a01c8d7b1c8224e 
Number of updated asset objects reloaded before import = 0
Number of asset objects unloaded after import = 0
========================================================================
Received Import Request.
  Time of request: 2026-08-04T17:31:23.3982689Z
  Time since last request: 0.0005551 seconds.
  importAddress: GUID: 233f6456f0564543ae9117f9b50bc56a - Path: Packages/com.unity.render-pipelines.core/Runtime/RenderGraph/IRenderGraphRecorder.cs - Importer: ScriptedImporter/UnityEditor.QuickSearchModule:UnityEditor.Search:ASIAI0B
Importing 'GUID: 233f6456f0564543ae9117f9b50bc56a - Path: Packages/com.unity.render-pipelines.core/Runtime/RenderGraph/IRenderGraphRecorder.cs - Importer: ScriptedImporter/UnityEditor.QuickSearchModule:UnityEditor.Search:ASIAI0B' with importer (ScriptedImporter : UnityEditor.QuickSearchModule:UnityEditor.Search:ASIAI0B)
Imported 'GUID: 233f6456f0564543ae9117f9b50bc56a' -> (Import Result ID: 'b66274b0183e234c9b61cccf52dbab35') in 0.002 seconds [static and dynamic dependencies]. Details - ImportResultOutputID=589ee6c709e8582bf56d95db1b6e751e DependenciesID=d07611a04ad0f1f27a0fada1232e687b StaticDependenciesID=4489ac1f2608fd632399985a7e739391 
Number of updated asset objects reloaded before import = 0
Number of asset objects unloaded after import = 0
========================================================================
Received Import Request.
  Time of request: 2026-08-04T17:31:23.4097009Z
  Time since last request: 0.0004238 seconds.
  importAddress: GUID: 142844ba90b5f9f489ce89a48bc32e12 - Path: Packages/com.unity.render-pipelines.core/Runtime/RenderGraph/RenderGraphProfileId.cs - Importer: ScriptedImporter/UnityEditor.QuickSearchModule:UnityEditor.Search:ASIAI0B
Importing 'GUID: 142844ba90b5f9f489ce89a48bc32e12 - Path: Packages/com.unity.render-pipelines.core/Runtime/RenderGraph/RenderGraphProfileId.cs - Importer: ScriptedImporter/UnityEditor.QuickSearchModule:UnityEditor.Search:ASIAI0B' with importer (ScriptedImporter : UnityEditor.QuickSearchModule:UnityEditor.Search:ASIAI0B)
Imported 'GUID: 142844ba90b5f9f489ce89a48bc32e12' -> (Import Result ID: '81fa7f2c05630b0760a9199b163eb1f2') in 0.002 seconds [static and dynamic dependencies]. Details - ImportResultOutputID=fe936d0131138ed1a1ad2a5f3eec97cb DependenciesID=6656cd6c3f6861eba5c6fcd6a2171200 StaticDependenciesID=1586f67722a1a62194ab0d073a8f6b54 
Number of updated asset objects reloaded before import = 0
Number of asset objects unloaded after import = 0
========================================================================
Received Import Request.
  Time of request: 2026-08-04T17:31:23.4209164Z
  Time since last request: 0.0001843 seconds.
  importAddress: GUID: 412b3ba463224f2cb2e0e70f93677f3c - Path: Packages/com.unity.render-pipelines.core/Runtime/PostProcessing/IPostProcessComponent.cs - Importer: ScriptedImporter/UnityEditor.QuickSearchModule:UnityEditor.Search:ASIAI0B
Importing 'GUID: 412b3ba463224f2cb2e0e70f93677f3c - Path: Packages/com.unity.render-pipelines.core/Runtime/PostProcessing/IPostProcessComponent.cs - Importer: ScriptedImporter/UnityEditor.QuickSearchModule:UnityEditor.Search:ASIAI0B' with importer (ScriptedImporter : UnityEditor.QuickSearchModule:UnityEditor.Search:ASIAI0B)
Imported 'GUID: 412b3ba463224f2cb2e0e70f93677f3c' -> (Import Result ID: '1a2d7d1d034ce50c9edd806e5e03fb99') in 0.003 seconds [static and dynamic dependencies]. Details - ImportResultOutputID=0c5bab5737ef9f7853667cc95f656626 DependenciesID=7fff5b496d0bcb8a5c02740aa2e72e0a StaticDependenciesID=94759c8f2672ce722850465343c757dd 
Number of updated asset objects reloaded before import = 0
Number of asset objects unloaded after import = 0
========================================================================
Received Import Request.
  Time of request: 2026-08-04T17:31:23.4348398Z
  Time since last request: 0.0040311 seconds.
  importAddress: GUID: 588cd674e5de5f94c8cb1337010456a3 - Path: Packages/com.unity.render-pipelines.core/Runtime/Upscaling/IUpscalerOptions.cs - Importer: ScriptedImporter/UnityEditor.QuickSearchModule:UnityEditor.Search:ASIAI0B
Importing 'GUID: 588cd674e5de5f94c8cb1337010456a3 - Path: Packages/com.unity.render-pipelines.core/Runtime/Upscaling/IUpscalerOptions.cs - Importer: ScriptedImporter/UnityEditor.QuickSearchModule:UnityEditor.Search:ASIAI0B' with importer (ScriptedImporter : UnityEditor.QuickSearchModule:UnityEditor.Search:ASIAI0B)
Imported 'GUID: 588cd674e5de5f94c8cb1337010456a3' -> (Import Result ID: '736f5e2b2ae75c7174dacfb3c452d023') in 0.003 seconds [static and dynamic dependencies]. Details - ImportResultOutputID=d7d58038ce87d5a0fd0e8d16165abd1a DependenciesID=9c67cf66743c5df79e60eb957c23bea4 StaticDependenciesID=35081e76da57ae0fa51daa1ce1587d82 
Number of updated asset objects reloaded before import = 0
Number of asset objects unloaded after import = 0
========================================================================
Received Import Request.
  Time of request: 2026-08-04T17:31:23.444466Z
  Time since last request: 0.0002574 seconds.
  importAddress: GUID: 081cfbdef2e1c014aa1d1c9aa16fb952 - Path: Packages/com.unity.render-pipelines.core/Runtime/Textures/Texture2DAtlas.cs - Importer: ScriptedImporter/UnityEditor.QuickSearchModule:UnityEditor.Search:ASIAI0B
Importing 'GUID: 081cfbdef2e1c014aa1d1c9aa16fb952 - Path: Packages/com.unity.render-pipelines.core/Runtime/Textures/Texture2DAtlas.cs - Importer: ScriptedImporter/UnityEditor.QuickSearchModule:UnityEditor.Search:ASIAI0B' with importer (ScriptedImporter : UnityEditor.QuickSearchModule:UnityEditor.Search:ASIAI0B)
Imported 'GUID: 081cfbdef2e1c014aa1d1c9aa16fb952' -> (Import Result ID: '33a431a16b9335cbbcead27a890b8aab') in 0.002 seconds [static and dynamic dependencies]. Details - ImportResultOutputID=267feb64b1b79eaf06ce17d6dd3ee57c DependenciesID=a13b721c2fe8b8c8e2f5dc42068e78c4 StaticDependenciesID=7228d6efd9e08c9d6828199b6d98396b 
Number of updated asset objects reloaded before import = 0
Number of asset objects unloaded after import = 0
========================================================================
Received Import Request.
  Time of request: 2026-08-04T17:31:23.4553055Z
  Time since last request: 0.0002841 seconds.
  importAddress: GUID: cc56f4b85f1be9749add0bb4a25a4e4b - Path: Packages/com.unity.render-pipelines.core/Runtime/Textures/BufferedRTHandleSystem.cs - Importer: ScriptedImporter/UnityEditor.QuickSearchModule:UnityEditor.Search:ASIAI0B
Importing 'GUID: cc56f4b85f1be9749add0bb4a25a4e4b - Path: Packages/com.unity.render-pipelines.core/Runtime/Textures/BufferedRTHandleSystem.cs - Importer: ScriptedImporter/UnityEditor.QuickSearchModule:UnityEditor.Search:ASIAI0B' with importer (ScriptedImporter : UnityEditor.QuickSearchModule:UnityEditor.Search:ASIAI0B)
Imported 'GUID: cc56f4b85f1be9749add0bb4a25a4e4b' -> (Import Result ID: '5dceb07754cda1ba30b60d7c775efd6b') in 0.002 seconds [static and dynamic dependencies]. Details - ImportResultOutputID=e10ec7559f60b3f388107a626a86be30 DependenciesID=7d4328f94d5001dc928aa7edab757091 StaticDependenciesID=a582fb9f1089748c2b2ba23e3551066b 
Number of updated asset objects reloaded before import = 0
Number of asset objects unloaded after import = 0
========================================================================
Received Import Request.
  Time of request: 2026-08-04T17:31:23.4665202Z
  Time since last request: 0.0004507 seconds.
  importAddress: GUID: 3923900e2b41b5e47bc25bfdcbcdc9e6 - Path: Packages/com.unity.render-pipelines.core/Runtime/STP/StpTaa.compute - Importer: ScriptedImporter/UnityEditor.QuickSearchModule:UnityEditor.Search:ASIAI0B
Importing 'GUID: 3923900e2b41b5e47bc25bfdcbcdc9e6 - Path: Packages/com.unity.render-pipelines.core/Runtime/STP/StpTaa.compute - Importer: ScriptedImporter/UnityEditor.QuickSearchModule:UnityEditor.Search:ASIAI0B' with importer (ScriptedImporter : UnityEditor.QuickSearchModule:UnityEditor.Search:ASIAI0B)
Imported 'GUID: 3923900e2b41b5e47bc25bfdcbcdc9e6' -> (Import Result ID: 'f88baa16575cfc3e61f8d412318fb9e8') in 0.003 seconds [static and dynamic dependencies]. Details - ImportResultOutputID=d397d0be4fe134f4518c409c65ebdf9e DependenciesID=e7877e293195186b28fd644bf0fe4cdb StaticDependenciesID=7ac5349a899f591c68ea8f60cbc0ba20 
Number of updated asset objects reloaded before import = 0
Number of asset objects unloaded after import = 1
========================================================================
Received Import Request.
  Time of request: 2026-08-04T17:31:23.4774283Z
  Time since last request: 0.0002782 seconds.
  importAddress: GUID: f1fa02d2f89398244bd06abebd7e1840 - Path: Packages/com.unity.render-pipelines.core/Runtime/UnifiedRayTracing/Common.hlsl - Importer: ScriptedImporter/UnityEditor.QuickSearchModule:UnityEditor.Search:ASIAI0B
Importing 'GUID: f1fa02d2f89398244bd06abebd7e1840 - Path: Packages/com.unity.render-pipelines.core/Runtime/UnifiedRayTracing/Common.hlsl - Importer: ScriptedImporter/UnityEditor.QuickSearchModule:UnityEditor.Search:ASIAI0B' with importer (ScriptedImporter : UnityEditor.QuickSearchModule:UnityEditor.Search:ASIAI0B)
Imported 'GUID: f1fa02d2f89398244bd06abebd7e1840' -> (Import Result ID: '68eef2c30e2a1dbd53eb2101c59d1d63') in 0.002 seconds [static and dynamic dependencies]. Details - ImportResultOutputID=51aa343e67c043146d99bf2682c785c8 DependenciesID=339fad0cb74908df050ceab1f2269a31 StaticDependenciesID=a2c04050860a4cc1b5e3c189041aa79b 
Number of updated asset objects reloaded before import = 0
Number of asset objects unloaded after import = 1
========================================================================
Received Import Request.
  Time of request: 2026-08-04T17:31:23.4878627Z
  Time since last request: 0.0002157 seconds.
  importAddress: GUID: 1c17ac4a218a4709a1a137352ac21f63 - Path: Packages/com.unity.render-pipelines.core/Runtime/Settings/IDefaultVolumeProfileResource.cs - Importer: ScriptedImporter/UnityEditor.QuickSearchModule:UnityEditor.Search:ASIAI0B
Importing 'GUID: 1c17ac4a218a4709a1a137352ac21f63 - Path: Packages/com.unity.render-pipelines.core/Runtime/Settings/IDefaultVolumeProfileResource.cs - Importer: ScriptedImporter/UnityEditor.QuickSearchModule:UnityEditor.Search:ASIAI0B' with importer (ScriptedImporter : UnityEditor.QuickSearchModule:UnityEditor.Search:ASIAI0B)
Imported 'GUID: 1c17ac4a218a4709a1a137352ac21f63' -> (Import Result ID: 'bfbfd07aad4cdfcead47fa0c2294eff5') in 0.002 seconds [static and dynamic dependencies]. Details - ImportResultOutputID=aa3989bd159b6829dd3423009d822592 DependenciesID=6693892e2faed95943cdf893b915253a StaticDependenciesID=01bf78b5022dc4512c9cd663597ccf9f 
Number of updated asset objects reloaded before import = 0
Number of asset objects unloaded after import = 0
========================================================================
Received Import Request.
  Time of request: 2026-08-04T17:31:23.498502Z
  Time since last request: 0.0003121 seconds.
  importAddress: GUID: 6dd45a9bd35347a45b6cb0047cab846f - Path: Packages/com.unity.render-pipelines.core/Runtime/Sampling/QuasiRandom.hlsl - Importer: ScriptedImporter/UnityEditor.QuickSearchModule:UnityEditor.Search:ASIAI0B
Importing 'GUID: 6dd45a9bd35347a45b6cb0047cab846f - Path: Packages/com.unity.render-pipelines.core/Runtime/Sampling/QuasiRandom.hlsl - Importer: ScriptedImporter/UnityEditor.QuickSearchModule:UnityEditor.Search:ASIAI0B' with importer (ScriptedImporter : UnityEditor.QuickSearchModule:UnityEditor.Search:ASIAI0B)
Imported 'GUID: 6dd45a9bd35347a45b6cb0047cab846f' -> (Import Result ID: '44846059552b32ff10b1a05e8643b187') in 0.003 seconds [static and dynamic dependencies]. Details - ImportResultOutputID=31ca6797e06d4301e0bae10a3a5585d8 DependenciesID=0b253a8e2c2026856dec602a4ecded23 StaticDependenciesID=fe1c3a9237b1c8d7e4fbd44757e3e773 
Number of updated asset objects reloaded before import = 0
Number of asset objects unloaded after import = 1
========================================================================
Received Import Request.
  Time of request: 2026-08-04T17:31:23.5090887Z
  Time since last request: 0.0001911 seconds.
  importAddress: GUID: 69b9d39e0cc062b43a2277d70509fe1d - Path: Packages/com.unity.render-pipelines.core/Runtime/Settings/ShaderStrippingSetting.cs - Importer: ScriptedImporter/UnityEditor.QuickSearchModule:UnityEditor.Search:ASIAI0B
Importing 'GUID: 69b9d39e0cc062b43a2277d70509fe1d - Path: Packages/com.unity.render-pipelines.core/Runtime/Settings/ShaderStrippingSetting.cs - Importer: ScriptedImporter/UnityEditor.QuickSearchModule:UnityEditor.Search:ASIAI0B' with importer (ScriptedImporter : UnityEditor.QuickSearchModule:UnityEditor.Search:ASIAI0B)
Imported 'GUID: 69b9d39e0cc062b43a2277d70509fe1d' -> (Import Result ID: '6fbfb7461814dae45a9f1087e4638563') in 0.003 seconds [static and dynamic dependencies]. Details - ImportResultOutputID=bc170e8f3e29ef76ea907a383c5c9e05 DependenciesID=c0ad0867507afa577cdd710b7466eec6 StaticDependenciesID=fc655614a5364e10b55fd3c550db8d9f 
Number of updated asset objects reloaded before import = 0
Number of asset objects unloaded after import = 0
========================================================================
Received Import Request.
  Time of request: 2026-08-04T17:31:23.520503Z
  Time since last request: 0.0004234 seconds.
  importAddress: GUID: 8f66ec818466aff4c96e8f911679ffe5 - Path: Packages/com.unity.render-pipelines.core/Runtime/UnifiedRayTracing/StringIDs.cs - Importer: ScriptedImporter/UnityEditor.QuickSearchModule:UnityEditor.Search:ASIAI0B
Importing 'GUID: 8f66ec818466aff4c96e8f911679ffe5 - Path: Packages/com.unity.render-pipelines.core/Runtime/UnifiedRayTracing/StringIDs.cs - Importer: ScriptedImporter/UnityEditor.QuickSearchModule:UnityEditor.Search:ASIAI0B' with importer (ScriptedImporter : UnityEditor.QuickSearchModule:UnityEditor.Search:ASIAI0B)
Imported 'GUID: 8f66ec818466aff4c96e8f911679ffe5' -> (Import Result ID: '8a061ea1d9ddd52631d517b29c61370b') in 0.002 seconds [static and dynamic dependencies]. Details - ImportResultOutputID=f4aee2b297b6ae13f7aae5983c49a379 DependenciesID=81498478b5e4866c48385e34fcd99b48 StaticDependenciesID=56107ab2363b6035328bec9ad5f2b7ca 
Number of updated asset objects reloaded before import = 0
Number of asset objects unloaded after import = 0
========================================================================
Received Import Request.
  Time of request: 2026-08-04T17:31:23.5368324Z
  Time since last request: 0.0057481 seconds.
  importAddress: GUID: ab6d43b2dea214c3e8bf2e9aad114f27 - Path: Packages/com.unity.render-pipelines.core/Runtime/Utilities/Blitter.cs - Importer: ScriptedImporter/UnityEditor.QuickSearchModule:UnityEditor.Search:ASIAI0B
Importing 'GUID: ab6d43b2dea214c3e8bf2e9aad114f27 - Path: Packages/com.unity.render-pipelines.core/Runtime/Utilities/Blitter.cs - Importer: ScriptedImporter/UnityEditor.QuickSearchModule:UnityEditor.Search:ASIAI0B' with importer (ScriptedImporter : UnityEditor.QuickSearchModule:UnityEditor.Search:ASIAI0B)
Imported 'GUID: ab6d43b2dea214c3e8bf2e9aad114f27' -> (Import Result ID: '9813043d322c8b6be511f49382d745f7') in 0.003 seconds [static and dynamic dependencies]. Details - ImportResultOutputID=b40f08030b84c7b129fe9e57b340ebf0 DependenciesID=e056be303a61fb11bafbf8485bb0fbb5 StaticDependenciesID=b584f25f1a589fa87b4c519168681de5 
Number of updated asset objects reloaded before import = 0
Number of asset objects unloaded after import = 0
========================================================================
Received Import Request.
  Time of request: 2026-08-04T17:31:23.5478053Z
  Time since last request: 0.0001846 seconds.
  importAddress: GUID: b285dd5cbeada294fa9399020ef6921f - Path: Packages/com.unity.render-pipelines.core/Runtime/Utilities/CoreRenderPipelinePreferences.cs - Importer: ScriptedImporter/UnityEditor.QuickSearchModule:UnityEditor.Search:ASIAI0B
Importing 'GUID: b285dd5cbeada294fa9399020ef6921f - Path: Packages/com.unity.render-pipelines.core/Runtime/Utilities/CoreRenderPipelinePreferences.cs - Importer: ScriptedImporter/UnityEditor.QuickSearchModule:UnityEditor.Search:ASIAI0B' with importer (ScriptedImporter : UnityEditor.QuickSearchModule:UnityEditor.Search:ASIAI0B)
Imported 'GUID: b285dd5cbeada294fa9399020ef6921f' -> (Import Result ID: '7ded318e0ccbce98e2e915430ca85fee') in 0.003 seconds [static and dynamic dependencies]. Details - ImportResultOutputID=9269f163bb28b79d394abe1d69eaf4b1 DependenciesID=bd89b2ae2e62868fcef944c202361153 StaticDependenciesID=4a60bafcdf76bda2b189b499d766980f 
Number of updated asset objects reloaded before import = 0
Number of asset objects unloaded after import = 0
========================================================================
Received Import Request.
  Time of request: 2026-08-04T17:31:23.5594134Z
  Time since last request: 0.0002634 seconds.
  importAddress: GUID: 022af1b7cce79be46aec3272d72bf1f8 - Path: Packages/com.unity.render-pipelines.core/Runtime/Vrs/VrsLut.cs - Importer: ScriptedImporter/UnityEditor.QuickSearchModule:UnityEditor.Search:ASIAI0B
Importing 'GUID: 022af1b7cce79be46aec3272d72bf1f8 - Path: Packages/com.unity.render-pipelines.core/Runtime/Vrs/VrsLut.cs - Importer: ScriptedImporter/UnityEditor.QuickSearchModule:UnityEditor.Search:ASIAI0B' with importer (ScriptedImporter : UnityEditor.QuickSearchModule:UnityEditor.Search:ASIAI0B)
Imported 'GUID: 022af1b7cce79be46aec3272d72bf1f8' -> (Import Result ID: 'c3cc73b40e8a3f0b596af9c593ff703e') in 0.003 seconds [static and dynamic dependencies]. Details - ImportResultOutputID=2be7a2e4d60b2ac1051866184d636483 DependenciesID=a3cb71918ef81ad865d16874c7039c38 StaticDependenciesID=bc6901c17b3ad4d32f9ea26667dcfcda 
Number of updated asset objects reloaded before import = 0
Number of asset objects unloaded after import = 0
========================================================================
Received Import Request.
  Time of request: 2026-08-04T17:31:23.5713367Z
  Time since last request: 0.0003193 seconds.
  importAddress: GUID: e885d2d1e5bc4382b9f742451fef9b1f - Path: Packages/com.unity.render-pipelines.core/ShaderLibrary/API/FoveatedRendering_Metal.hlsl - Importer: ScriptedImporter/UnityEditor.QuickSearchModule:UnityEditor.Search:ASIAI0B
Importing 'GUID: e885d2d1e5bc4382b9f742451fef9b1f - Path: Packages/com.unity.render-pipelines.core/ShaderLibrary/API/FoveatedRendering_Metal.hlsl - Importer: ScriptedImporter/UnityEditor.QuickSearchModule:UnityEditor.Search:ASIAI0B' with importer (ScriptedImporter : UnityEditor.QuickSearchModule:UnityEditor.Search:ASIAI0B)
Imported 'GUID: e885d2d1e5bc4382b9f742451fef9b1f' -> (Import Result ID: '03129f2eabb2b631e591d01ee742897a') in 0.003 seconds [static and dynamic dependencies]. Details - ImportResultOutputID=0cb6f91eb1126c92225da22436662616 DependenciesID=5c9b729f1a6f298f2c83d819459ef96f StaticDependenciesID=b21b927e5ca30fd3be9bcb515ea4a90d 
Number of updated asset objects reloaded before import = 0
Number of asset objects unloaded after import = 1
========================================================================
Received Import Request.
  Time of request: 2026-08-04T17:31:23.5824884Z
  Time since last request: 0.0002526 seconds.
  importAddress: GUID: 8cd8322e74feda6438d39b753348b807 - Path: Packages/com.unity.render-pipelines.core/Runtime/Utilities/HDROutputUtils.cs - Importer: ScriptedImporter/UnityEditor.QuickSearchModule:UnityEditor.Search:ASIAI0B
Importing 'GUID: 8cd8322e74feda6438d39b753348b807 - Path: Packages/com.unity.render-pipelines.core/Runtime/Utilities/HDROutputUtils.cs - Importer: ScriptedImporter/UnityEditor.QuickSearchModule:UnityEditor.Search:ASIAI0B' with importer (ScriptedImporter : UnityEditor.QuickSearchModule:UnityEditor.Search:ASIAI0B)
Imported 'GUID: 8cd8322e74feda6438d39b753348b807' -> (Import Result ID: '07b22c7fa3a817a17d7a1c9bd397834a') in 0.002 seconds [static and dynamic dependencies]. Details - ImportResultOutputID=ccab10f5c6c1b03307241cae2ca2df32 DependenciesID=9e56fe55528ed4b38eb0e7801da1b16a StaticDependenciesID=b1ef80c0ceebd04e7500575fad3860e6 
Number of updated asset objects reloaded before import = 0
Number of asset objects unloaded after import = 0
========================================================================
Received Import Request.
  Time of request: 2026-08-04T17:31:23.5928766Z
  Time since last request: 0.0002564 seconds.
  importAddress: GUID: 172515602e62fb746b5d573b38a5fe58 - Path: Packages/com.unity.render-pipelines.core/Runtime/Volume/Volume.cs - Importer: ScriptedImporter/UnityEditor.QuickSearchModule:UnityEditor.Search:ASIAI0B
Importing 'GUID: 172515602e62fb746b5d573b38a5fe58 - Path: Packages/com.unity.render-pipelines.core/Runtime/Volume/Volume.cs - Importer: ScriptedImporter/UnityEditor.QuickSearchModule:UnityEditor.Search:ASIAI0B' with importer (ScriptedImporter : UnityEditor.QuickSearchModule:UnityEditor.Search:ASIAI0B)
Imported 'GUID: 172515602e62fb746b5d573b38a5fe58' -> (Import Result ID: 'fe26162e18dd409368474be99cebd8a0') in 0.002 seconds [static and dynamic dependencies]. Details - ImportResultOutputID=ce5ab95a590d311ba720f9a56b86a4b4 DependenciesID=e248484662fd5c64a24baba747518809 StaticDependenciesID=74f4df3c09ecd6e6408546a7bb21a819 
Number of updated asset objects reloaded before import = 0
Number of asset objects unloaded after import = 0
========================================================================
Received Import Request.
  Time of request: 2026-08-04T17:31:23.6033399Z
  Time since last request: 0.0003862 seconds.
  importAddress: GUID: 05a00b34d7740a643a8a6de19c6d9aa6 - Path: Packages/com.unity.render-pipelines.core/ShaderLibrary/API/Vulkan.hlsl - Importer: ScriptedImporter/UnityEditor.QuickSearchModule:UnityEditor.Search:ASIAI0B
Importing 'GUID: 05a00b34d7740a643a8a6de19c6d9aa6 - Path: Packages/com.unity.render-pipelines.core/ShaderLibrary/API/Vulkan.hlsl - Importer: ScriptedImporter/UnityEditor.QuickSearchModule:UnityEditor.Search:ASIAI0B' with importer (ScriptedImporter : UnityEditor.QuickSearchModule:UnityEditor.Search:ASIAI0B)
Imported 'GUID: 05a00b34d7740a643a8a6de19c6d9aa6' -> (Import Result ID: 'b86c4189d9b5aa7241e9887cde2b2fdf') in 0.002 seconds [static and dynamic dependencies]. Details - ImportResultOutputID=6acf17dceda29ae04b85cdb9ebcac6a5 DependenciesID=fd35c74e8e9f9f128109e105999012fd StaticDependenciesID=53d11bfd17c1e453f49d2cd752add271 
Number of updated asset objects reloaded before import = 0
Number of asset objects unloaded after import = 1
========================================================================
Received Import Request.
  Time of request: 2026-08-04T17:31:23.6139436Z
  Time since last request: 0.0001806 seconds.
  importAddress: GUID: d7fd9488000d3734a9e00ee676215985 - Path: Packages/com.unity.render-pipelines.core/Runtime/Volume/VolumeProfile.cs - Importer: ScriptedImporter/UnityEditor.QuickSearchModule:UnityEditor.Search:ASIAI0B
Importing 'GUID: d7fd9488000d3734a9e00ee676215985 - Path: Packages/com.unity.render-pipelines.core/Runtime/Volume/VolumeProfile.cs - Importer: ScriptedImporter/UnityEditor.QuickSearchModule:UnityEditor.Search:ASIAI0B' with importer (ScriptedImporter : UnityEditor.QuickSearchModule:UnityEditor.Search:ASIAI0B)
Imported 'GUID: d7fd9488000d3734a9e00ee676215985' -> (Import Result ID: '89ece90ad4b2418b68edfdeb9f24e93a') in 0.003 seconds [static and dynamic dependencies]. Details - ImportResultOutputID=340db30d8012d579a0fdcbc28cd43b79 DependenciesID=853b776d1f6852dd45a24293033cff71 StaticDependenciesID=4e444382e32aef6dcf1c3e649f3ce148 
Number of updated asset objects reloaded before import = 0
Number of asset objects unloaded after import = 0
========================================================================
Received Import Request.
  Time of request: 2026-08-04T17:31:23.6249668Z
  Time since last request: 0.0003039 seconds.
  importAddress: GUID: 3d520a25148b68744a8a1a3e7ff07920 - Path: Packages/com.unity.render-pipelines.core/Runtime/XR/XRSystem.cs - Importer: ScriptedImporter/UnityEditor.QuickSearchModule:UnityEditor.Search:ASIAI0B
Importing 'GUID: 3d520a25148b68744a8a1a3e7ff07920 - Path: Packages/com.unity.render-pipelines.core/Runtime/XR/XRSystem.cs - Importer: ScriptedImporter/UnityEditor.QuickSearchModule:UnityEditor.Search:ASIAI0B' with importer (ScriptedImporter : UnityEditor.QuickSearchModule:UnityEditor.Search:ASIAI0B)
Imported 'GUID: 3d520a25148b68744a8a1a3e7ff07920' -> (Import Result ID: '472c1091fd249c8fc0145a546b327655') in 0.002 seconds [static and dynamic dependencies]. Details - ImportResultOutputID=2a582846382de23f100a1240725b1a06 DependenciesID=f55480e395b3ac54410c4411747534f7 StaticDependenciesID=897bb739f714671f3e05da824a434636 
Number of updated asset objects reloaded before import = 0
Number of asset objects unloaded after import = 0
========================================================================
Received Import Request.
  Time of request: 2026-08-04T17:31:23.6548316Z
  Time since last request: 0.019197 seconds.
  importAddress: GUID: 2c0441c3d2890d0489e50062a48fb582 - Path: Packages/com.unity.render-pipelines.core/Tests/Editor/DynamicArrayTests.cs - Importer: ScriptedImporter/UnityEditor.QuickSearchModule:UnityEditor.Search:ASIAI0B
Importing 'GUID: 2c0441c3d2890d0489e50062a48fb582 - Path: Packages/com.unity.render-pipelines.core/Tests/Editor/DynamicArrayTests.cs - Importer: ScriptedImporter/UnityEditor.QuickSearchModule:UnityEditor.Search:ASIAI0B' with importer (ScriptedImporter : UnityEditor.QuickSearchModule:UnityEditor.Search:ASIAI0B)
Imported 'GUID: 2c0441c3d2890d0489e50062a48fb582' -> (Import Result ID: '623fa7463d0e4043b40ffeefe4e61e32') in 0.002 seconds [static and dynamic dependencies]. Details - ImportResultOutputID=d5a14c152a51d05fb9610ff5c9972be6 DependenciesID=9aac4d993a982b7caebccf47e1450d91 StaticDependenciesID=c56b3c0d0b6f61971ab8149dd5469da1 
Number of updated asset objects reloaded before import = 0
Number of asset objects unloaded after import = 0
========================================================================
Received Import Request.
  Time of request: 2026-08-04T17:31:23.6644317Z
  Time since last request: 0.0004578 seconds.
  importAddress: GUID: 07d524f53c3f0a24b952dad4f0d95192 - Path: Packages/com.unity.render-pipelines.core/Editor/Icons/MipLevels/d_RenderPipelineResources@128.png - Importer: ScriptedImporter/UnityEditor.QuickSearchModule:UnityEditor.Search:ASIAI0B
Importing 'GUID: 07d524f53c3f0a24b952dad4f0d95192 - Path: Packages/com.unity.render-pipelines.core/Editor/Icons/MipLevels/d_RenderPipelineResources@128.png - Importer: ScriptedImporter/UnityEditor.QuickSearchModule:UnityEditor.Search:ASIAI0B' with importer (ScriptedImporter : UnityEditor.QuickSearchModule:UnityEditor.Search:ASIAI0B)
Imported 'GUID: 07d524f53c3f0a24b952dad4f0d95192' -> (Import Result ID: 'b25eb485a15d0a46e61671a4f577f2e4') in 0.005 seconds [static and dynamic dependencies]. Details - ImportResultOutputID=06347229e93a410424ea7060b5758e22 DependenciesID=62622564bda01f8f11d9313d3e4bafb2 StaticDependenciesID=1b4e803e4b73ea23b65ac13a0cb8fe60 
Number of updated asset objects reloaded before import = 0
Number of asset objects unloaded after import = 1
========================================================================
Received Import Request.
  Time of request: 2026-08-04T17:31:23.6771401Z
  Time since last request: 0.0003027 seconds.
  importAddress: GUID: 6e5480588ffa37d4f82fe96c45e8ce9c - Path: Packages/com.unity.render-pipelines.core/Tests/Editor/Unity.RenderPipelines.Core.Editor.Tests.asmdef - Importer: ScriptedImporter/UnityEditor.QuickSearchModule:UnityEditor.Search:ASIAI0B
Importing 'GUID: 6e5480588ffa37d4f82fe96c45e8ce9c - Path: Packages/com.unity.render-pipelines.core/Tests/Editor/Unity.RenderPipelines.Core.Editor.Tests.asmdef - Importer: ScriptedImporter/UnityEditor.QuickSearchModule:UnityEditor.Search:ASIAI0B' with importer (ScriptedImporter : UnityEditor.QuickSearchModule:UnityEditor.Search:ASIAI0B)
Imported 'GUID: 6e5480588ffa37d4f82fe96c45e8ce9c' -> (Import Result ID: '47b7895d490d675c49c2fa7e8132de77') in 0.003 seconds [static and dynamic dependencies]. Details - ImportResultOutputID=ec7489bc0c681c94a79bc43d2b2d08d3 DependenciesID=0356ea1de8fc8d582d6f661fc67b7d23 StaticDependenciesID=29a388a86c4010df08810ef2538008f5 
Number of updated asset objects reloaded before import = 0
Number of asset objects unloaded after import = 1
========================================================================
Received Import Request.
  Time of request: 2026-08-04T17:31:23.6873006Z
  Time since last request: 0.0004325 seconds.
  importAddress: GUID: 8a059bee53a757a408e35c70e82ac2fb - Path: Packages/com.unity.render-pipelines.core/Editor/CommandBuffers/CommandBufferGenerator/CommandBufferGenerator.cs - Importer: ScriptedImporter/UnityEditor.QuickSearchModule:UnityEditor.Search:ASIAI0B
Importing 'GUID: 8a059bee53a757a408e35c70e82ac2fb - Path: Packages/com.unity.render-pipelines.core/Editor/CommandBuffers/CommandBufferGenerator/CommandBufferGenerator.cs - Importer: ScriptedImporter/UnityEditor.QuickSearchModule:UnityEditor.Search:ASIAI0B' with importer (ScriptedImporter : UnityEditor.QuickSearchModule:UnityEditor.Search:ASIAI0B)
Imported 'GUID: 8a059bee53a757a408e35c70e82ac2fb' -> (Import Result ID: '8842c5fe88314a5d077c08200d27f72c') in 0.003 seconds [static and dynamic dependencies]. Details - ImportResultOutputID=cee47f7d959b383c5d240a7941b69819 DependenciesID=eebb8ecb0b173be830b327cf1e013621 StaticDependenciesID=0c557df8ebd23dfc586d248b15a6c5a9 
Number of updated asset objects reloaded before import = 0
Number of asset objects unloaded after import = 0
========================================================================
Received Import Request.
  Time of request: 2026-08-04T17:31:23.698481Z
  Time since last request: 0.0002203 seconds.
  importAddress: GUID: c4d24867e495514419f555e6cd2f790d - Path: Packages/com.unity.render-pipelines.core/Tests/Editor/StringExtensionsTests.cs - Importer: ScriptedImporter/UnityEditor.QuickSearchModule:UnityEditor.Search:ASIAI0B
Importing 'GUID: c4d24867e495514419f555e6cd2f790d - Path: Packages/com.unity.render-pipelines.core/Tests/Editor/StringExtensionsTests.cs - Importer: ScriptedImporter/UnityEditor.QuickSearchModule:UnityEditor.Search:ASIAI0B' with importer (ScriptedImporter : UnityEditor.QuickSearchModule:UnityEditor.Search:ASIAI0B)
Imported 'GUID: c4d24867e495514419f555e6cd2f790d' -> (Import Result ID: '4e83a8b76e33e377a9eb71e8f379866a') in 0.002 seconds [static and dynamic dependencies]. Details - ImportResultOutputID=ae99d6c1b0cfefeffa7fdd13bef77a63 DependenciesID=cfefffb143d437d6a07d34911d4c2e48 StaticDependenciesID=d027f70d5b9a9da76ff598761ec090a2 
Number of updated asset objects reloaded before import = 0
Number of asset objects unloaded after import = 0
========================================================================
Received Import Request.
  Time of request: 2026-08-04T17:31:23.7088366Z
  Time since last request: 0.0003241 seconds.
  importAddress: GUID: 76e81564bded5e442a18ce6964cdaef3 - Path: Packages/com.unity.render-pipelines.core/Editor/Icons/MipLevels/d_RenderPipelineResources@256.png - Importer: ScriptedImporter/UnityEditor.QuickSearchModule:UnityEditor.Search:ASIAI0B
Importing 'GUID: 76e81564bded5e442a18ce6964cdaef3 - Path: Packages/com.unity.render-pipelines.core/Editor/Icons/MipLevels/d_RenderPipelineResources@256.png - Importer: ScriptedImporter/UnityEditor.QuickSearchModule:UnityEditor.Search:ASIAI0B' with importer (ScriptedImporter : UnityEditor.QuickSearchModule:UnityEditor.Search:ASIAI0B)
Imported 'GUID: 76e81564bded5e442a18ce6964cdaef3' -> (Import Result ID: 'e46459d45b9cebd37ae1df6f664ae158') in 0.005 seconds [static and dynamic dependencies]. Details - ImportResultOutputID=091742699a864347d0c29197626c0228 DependenciesID=6409011edf864dc599de588a7e953ced StaticDependenciesID=8fd4fc5fe05a5607ee47788f04c5254d 
Number of updated asset objects reloaded before import = 0
Number of asset objects unloaded after import = 1
========================================================================
Received Import Request.
  Time of request: 2026-08-04T17:31:23.7210992Z
  Time since last request: 0.0004468 seconds.
  importAddress: GUID: 2e6a4056f58607f4cb9a7430cffd3cf0 - Path: Packages/com.unity.render-pipelines.core/Editor/Icons/MipLevels/d_VolumeProfile@16.png - Importer: ScriptedImporter/UnityEditor.QuickSearchModule:UnityEditor.Search:ASIAI0B
Importing 'GUID: 2e6a4056f58607f4cb9a7430cffd3cf0 - Path: Packages/com.unity.render-pipelines.core/Editor/Icons/MipLevels/d_VolumeProfile@16.png - Importer: ScriptedImporter/UnityEditor.QuickSearchModule:UnityEditor.Search:ASIAI0B' with importer (ScriptedImporter : UnityEditor.QuickSearchModule:UnityEditor.Search:ASIAI0B)
Imported 'GUID: 2e6a4056f58607f4cb9a7430cffd3cf0' -> (Import Result ID: 'e02a631fc4a86c20d93a461c8b32342b') in 0.006 seconds [static and dynamic dependencies]. Details - ImportResultOutputID=e0bc079d1dff3b248c86bcf11c047fe7 DependenciesID=1dbf1855077fe990f9d9e9e12d672a2b StaticDependenciesID=b57caf355157d55c5503de5545d6409d 
Number of updated asset objects reloaded before import = 0
Number of asset objects unloaded after import = 1
========================================================================
Received Import Request.
  Time of request: 2026-08-04T17:31:23.7357855Z
  Time since last request: 0.0001507 seconds.
  importAddress: GUID: 120ea264a7bdc294f86074ea0303c88f - Path: Packages/com.unity.render-pipelines.core/Tests/Editor/SimpleDots.shader - Importer: ScriptedImporter/UnityEditor.QuickSearchModule:UnityEditor.Search:ASIAI0B
Importing 'GUID: 120ea264a7bdc294f86074ea0303c88f - Path: Packages/com.unity.render-pipelines.core/Tests/Editor/SimpleDots.shader - Importer: ScriptedImporter/UnityEditor.QuickSearchModule:UnityEditor.Search:ASIAI0B' with importer (ScriptedImporter : UnityEditor.QuickSearchModule:UnityEditor.Search:ASIAI0B)
Imported 'GUID: 120ea264a7bdc294f86074ea0303c88f' -> (Import Result ID: '6bfe48a4fcdf6c8b969d3ca14709641f') in 0.006 seconds [static and dynamic dependencies]. Details - ImportResultOutputID=441306a7c88f9ddb92711b93ff8fb41c DependenciesID=af8f301926e9245baccd7e48436b3942 StaticDependenciesID=d62943540cc8f43c251c9954cd921a20 
Number of updated asset objects reloaded before import = 0
Number of asset objects unloaded after import = 1
========================================================================
Received Import Request.
  Time of request: 2026-08-04T17:31:23.7506831Z
  Time since last request: 0.0002734 seconds.
  importAddress: GUID: 0cf9c2a50a752824ba2300f36a07abed - Path: Packages/com.unity.render-pipelines.core/Tests/Runtime/XRSubsystemTests.cs - Importer: ScriptedImporter/UnityEditor.QuickSearchModule:UnityEditor.Search:ASIAI0B
Importing 'GUID: 0cf9c2a50a752824ba2300f36a07abed - Path: Packages/com.unity.render-pipelines.core/Tests/Runtime/XRSubsystemTests.cs - Importer: ScriptedImporter/UnityEditor.QuickSearchModule:UnityEditor.Search:ASIAI0B' with importer (ScriptedImporter : UnityEditor.QuickSearchModule:UnityEditor.Search:ASIAI0B)
Imported 'GUID: 0cf9c2a50a752824ba2300f36a07abed' -> (Import Result ID: '95d2b851c1df5b63dd15aa52eb67cfe0') in 0.003 seconds [static and dynamic dependencies]. Details - ImportResultOutputID=66275270124dbf920a779683b7cb7310 DependenciesID=d3e4e1405d4c3a833cc3ea5d124a2988 StaticDependenciesID=2fe420fcace5eb944ef8d4368b44acb6 
Number of updated asset objects reloaded before import = 0
Number of asset objects unloaded after import = 0
========================================================================
Received Import Request.
  Time of request: 2026-08-04T17:31:23.7866692Z
  Time since last request: 0.0251382 seconds.
  importAddress: GUID: b1737e8dd5ce0104ca1f1c05b481fad9 - Path: Packages/com.unity.render-pipelines.core/Editor/Icons/MipLevels/Volume@256.png - Importer: ScriptedImporter/UnityEditor.QuickSearchModule:UnityEditor.Search:ASIAI0B
Importing 'GUID: b1737e8dd5ce0104ca1f1c05b481fad9 - Path: Packages/com.unity.render-pipelines.core/Editor/Icons/MipLevels/Volume@256.png - Importer: ScriptedImporter/UnityEditor.QuickSearchModule:UnityEditor.Search:ASIAI0B' with importer (ScriptedImporter : UnityEditor.QuickSearchModule:UnityEditor.Search:ASIAI0B)
Imported 'GUID: b1737e8dd5ce0104ca1f1c05b481fad9' -> (Import Result ID: 'f84f4cebec43f525e140aea6cac2e9a9') in 0.005 seconds [static and dynamic dependencies]. Details - ImportResultOutputID=e55c4548dcfca0283e7138f9bec5a60e DependenciesID=c50d2d402bdbf7ca69be0daad3ebd234 StaticDependenciesID=917dbd2b7df7f786979dbef3297ca583 
Number of updated asset objects reloaded before import = 0
Number of asset objects unloaded after import = 1
========================================================================
Received Import Request.
  Time of request: 2026-08-04T17:31:23.8009748Z
  Time since last request: 0.0002174 seconds.
  importAddress: GUID: 13acc8e36620f0c499762b092afc9538 - Path: Packages/com.unity.render-pipelines.core/Editor/Icons/RenderGraphViewer/Global@2x.png - Importer: ScriptedImporter/UnityEditor.QuickSearchModule:UnityEditor.Search:ASIAI0B
Importing 'GUID: 13acc8e36620f0c499762b092afc9538 - Path: Packages/com.unity.render-pipelines.core/Editor/Icons/RenderGraphViewer/Global@2x.png - Importer: ScriptedImporter/UnityEditor.QuickSearchModule:UnityEditor.Search:ASIAI0B' with importer (ScriptedImporter : UnityEditor.QuickSearchModule:UnityEditor.Search:ASIAI0B)
Imported 'GUID: 13acc8e36620f0c499762b092afc9538' -> (Import Result ID: 'b4431ddc54982fbf44ef44e41aa39da8') in 0.005 seconds [static and dynamic dependencies]. Details - ImportResultOutputID=49432ceab5a24ff594ed6bed77e1f393 DependenciesID=f80aa3b5c7c98fc56447b87ecc6f2b78 StaticDependenciesID=d9fa0321b9d1818ad007cde6ea3e0505 
Number of updated asset objects reloaded before import = 0
Number of asset objects unloaded after import = 1
========================================================================
Received Import Request.
  Time of request: 2026-08-04T17:31:23.8147414Z
  Time since last request: 0.0002251 seconds.
  importAddress: GUID: ec3a3173916c141d8962a4466c366be6 - Path: Packages/com.unity.render-pipelines.core/Editor/Icons/RenderGraphViewer/MemorylessTexture@2x.png - Importer: ScriptedImporter/UnityEditor.QuickSearchModule:UnityEditor.Search:ASIAI0B
Importing 'GUID: ec3a3173916c141d8962a4466c366be6 - Path: Packages/com.unity.render-pipelines.core/Editor/Icons/RenderGraphViewer/MemorylessTexture@2x.png - Importer: ScriptedImporter/UnityEditor.QuickSearchModule:UnityEditor.Search:ASIAI0B' with importer (ScriptedImporter : UnityEditor.QuickSearchModule:UnityEditor.Search:ASIAI0B)
Imported 'GUID: ec3a3173916c141d8962a4466c366be6' -> (Import Result ID: 'c8cba8fccd727fe147467ca7b4042f5e') in 0.004 seconds [static and dynamic dependencies]. Details - ImportResultOutputID=56385cddf793a15f2c26bf07e27c7eb7 DependenciesID=1f8254a6e6c7065a141b05510330922e StaticDependenciesID=9af6d833084e374298bad5cb99d991d1 
Number of updated asset objects reloaded before import = 0
Number of asset objects unloaded after import = 1
========================================================================
Received Import Request.
  Time of request: 2026-08-04T17:31:23.8262341Z
  Time since last request: 0.0002541 seconds.
  importAddress: GUID: 3e0af3c90ea2a304c8c241c8fbdce6e5 - Path: Packages/com.unity.render-pipelines.core/Editor/Icons/MipLevels/Volume@16.png - Importer: ScriptedImporter/UnityEditor.QuickSearchModule:UnityEditor.Search:ASIAI0B
Importing 'GUID: 3e0af3c90ea2a304c8c241c8fbdce6e5 - Path: Packages/com.unity.render-pipelines.core/Editor/Icons/MipLevels/Volume@16.png - Importer: ScriptedImporter/UnityEditor.QuickSearchModule:UnityEditor.Search:ASIAI0B' with importer (ScriptedImporter : UnityEditor.QuickSearchModule:UnityEditor.Search:ASIAI0B)
Imported 'GUID: 3e0af3c90ea2a304c8c241c8fbdce6e5' -> (Import Result ID: 'f7946c33b61cea91e261e6a9ba057a4a') in 0.005 seconds [static and dynamic dependencies]. Details - ImportResultOutputID=4f37f052801e08064fd2e5541a842264 DependenciesID=5c6960728b07eb6f41e6d13550155c24 StaticDependenciesID=621c38dbcb1e00bad04362c727f3348a 
Number of updated asset objects reloaded before import = 0
Number of asset objects unloaded after import = 1
========================================================================
Received Import Request.
  Time of request: 2026-08-04T17:31:23.8401999Z
  Time since last request: 0.0002971 seconds.
  importAddress: GUID: 5d574cebaf0c0a34aa93a406ad65a61b - Path: Packages/com.unity.render-pipelines.core/Editor/Icons/MipLevels/VolumeProfile@256.png - Importer: ScriptedImporter/UnityEditor.QuickSearchModule:UnityEditor.Search:ASIAI0B
Importing 'GUID: 5d574cebaf0c0a34aa93a406ad65a61b - Path: Packages/com.unity.render-pipelines.core/Editor/Icons/MipLevels/VolumeProfile@256.png - Importer: ScriptedImporter/UnityEditor.QuickSearchModule:UnityEditor.Search:ASIAI0B' with importer (ScriptedImporter : UnityEditor.QuickSearchModule:UnityEditor.Search:ASIAI0B)
Imported 'GUID: 5d574cebaf0c0a34aa93a406ad65a61b' -> (Import Result ID: 'b3211672bfecabb08513bb034d7db7cb') in 0.005 seconds [static and dynamic dependencies]. Details - ImportResultOutputID=6c1a6830857b7c1bf20ca1845b532f70 DependenciesID=08a2a17baf0978bab976b0a7a48a182c StaticDependenciesID=04545f41e8c4d335d5cbdfbb39322a82 
Number of updated asset objects reloaded before import = 0
Number of asset objects unloaded after import = 1
========================================================================
Received Import Request.
  Time of request: 2026-08-04T17:31:23.8528331Z
  Time since last request: 0.0002736 seconds.
  importAddress: GUID: 881eb9c95b9a018479a89b9218d61928 - Path: Packages/com.unity.render-pipelines.core/Editor/Icons/RenderGraphViewer/PassInspector@2x.png - Importer: ScriptedImporter/UnityEditor.QuickSearchModule:UnityEditor.Search:ASIAI0B
Importing 'GUID: 881eb9c95b9a018479a89b9218d61928 - Path: Packages/com.unity.render-pipelines.core/Editor/Icons/RenderGraphViewer/PassInspector@2x.png - Importer: ScriptedImporter/UnityEditor.QuickSearchModule:UnityEditor.Search:ASIAI0B' with importer (ScriptedImporter : UnityEditor.QuickSearchModule:UnityEditor.Search:ASIAI0B)
Imported 'GUID: 881eb9c95b9a018479a89b9218d61928' -> (Import Result ID: 'ae5f8c5fee80300cc4ecdec158fbba3d') in 0.004 seconds [static and dynamic dependencies]. Details - ImportResultOutputID=8efaf0449138d2d8784b6502de9191bf DependenciesID=3e68b035f6948f3eb13bcfc59626b2a1 StaticDependenciesID=baebc636ff58cb46ac8d577de212f35b 
Number of updated asset objects reloaded before import = 0
Number of asset objects unloaded after import = 1
========================================================================
Received Import Request.
  Time of request: 2026-08-04T17:31:23.8645784Z
  Time since last request: 0.0002895 seconds.
  importAddress: GUID: 39013bef60270164e94ccd21c1edb486 - Path: Packages/com.unity.render-pipelines.core/Editor/Icons/MipLevels/RenderPipelineResources@32.png - Importer: ScriptedImporter/UnityEditor.QuickSearchModule:UnityEditor.Search:ASIAI0B
Importing 'GUID: 39013bef60270164e94ccd21c1edb486 - Path: Packages/com.unity.render-pipelines.core/Editor/Icons/MipLevels/RenderPipelineResources@32.png - Importer: ScriptedImporter/UnityEditor.QuickSearchModule:UnityEditor.Search:ASIAI0B' with importer (ScriptedImporter : UnityEditor.QuickSearchModule:UnityEditor.Search:ASIAI0B)
Imported 'GUID: 39013bef60270164e94ccd21c1edb486' -> (Import Result ID: '1e73f5b4e7ab38c449c93afd38e4eb42') in 0.005 seconds [static and dynamic dependencies]. Details - ImportResultOutputID=3d7d9eec82e369cb3ba2507aff126046 DependenciesID=6e83c0bf403d7fdbba5c3c2065b6f90f StaticDependenciesID=5347c170b58c0d5754d3859666582e95 
Number of updated asset objects reloaded before import = 0
Number of asset objects unloaded after import = 1
========================================================================
Received Import Request.
  Time of request: 2026-08-04T17:31:23.878491Z
  Time since last request: 0.000319 seconds.
  importAddress: GUID: 5f91283c363fa3943844c7b87c3ce64d - Path: Packages/com.unity.render-pipelines.core/Editor/Icons/Processed/d_Resources Icon.asset - Importer: ScriptedImporter/UnityEditor.QuickSearchModule:UnityEditor.Search:ASIAI0B
Importing 'GUID: 5f91283c363fa3943844c7b87c3ce64d - Path: Packages/com.unity.render-pipelines.core/Editor/Icons/Processed/d_Resources Icon.asset - Importer: ScriptedImporter/UnityEditor.QuickSearchModule:UnityEditor.Search:ASIAI0B' with importer (ScriptedImporter : UnityEditor.QuickSearchModule:UnityEditor.Search:ASIAI0B)
Imported 'GUID: 5f91283c363fa3943844c7b87c3ce64d' -> (Import Result ID: '9d13c4691a3fc1a008987154a4a7fd47') in 0.003 seconds [static and dynamic dependencies]. Details - ImportResultOutputID=315cc063d8bbf02784f739bae5853f0a DependenciesID=69c90a5d4560feb06a02f94110fa3566 StaticDependenciesID=88a23f4753d925c6497958d08e33acdc 
Number of updated asset objects reloaded before import = 0
Number of asset objects unloaded after import = 1
========================================================================
Received Import Request.
  Time of request: 2026-08-04T17:31:23.8905947Z
  Time since last request: 0.0003018 seconds.
  importAddress: GUID: b645d34d84db58a45ac9775bb9a9bc48 - Path: Packages/com.unity.render-pipelines.core/Editor/Icons/MipLevels/RenderPipelineResources@256.png - Importer: ScriptedImporter/UnityEditor.QuickSearchModule:UnityEditor.Search:ASIAI0B
Importing 'GUID: b645d34d84db58a45ac9775bb9a9bc48 - Path: Packages/com.unity.render-pipelines.core/Editor/Icons/MipLevels/RenderPipelineResources@256.png - Importer: ScriptedImporter/UnityEditor.QuickSearchModule:UnityEditor.Search:ASIAI0B' with importer (ScriptedImporter : UnityEditor.QuickSearchModule:UnityEditor.Search:ASIAI0B)
Imported 'GUID: b645d34d84db58a45ac9775bb9a9bc48' -> (Import Result ID: 'cce0c63c93cd2ccf376325cc8a8ff919') in 0.006 seconds [static and dynamic dependencies]. Details - ImportResultOutputID=91ded90d8402325870b79cf65704f4ea DependenciesID=0b4f85de5b780347e2e0da170830eb1d StaticDependenciesID=0336ee267ea1c17b9f274e2aa0f76ca6 
Number of updated asset objects reloaded before import = 0
Number of asset objects unloaded after import = 1
========================================================================
Received Import Request.
  Time of request: 2026-08-04T17:31:23.9227381Z
  Time since last request: 0.0177184 seconds.
  importAddress: GUID: 9b18a8aa7da659344b2fce408beb09c3 - Path: Packages/com.unity.render-pipelines.core/Editor/Lighting/Icons/PresetHair.png - Importer: ScriptedImporter/UnityEditor.QuickSearchModule:UnityEditor.Search:ASIAI0B
Importing 'GUID: 9b18a8aa7da659344b2fce408beb09c3 - Path: Packages/com.unity.render-pipelines.core/Editor/Lighting/Icons/PresetHair.png - Importer: ScriptedImporter/UnityEditor.QuickSearchModule:UnityEditor.Search:ASIAI0B' with importer (ScriptedImporter : UnityEditor.QuickSearchModule:UnityEditor.Search:ASIAI0B)
Imported 'GUID: 9b18a8aa7da659344b2fce408beb09c3' -> (Import Result ID: '5cdf381ecd9a47777f94879cc1aca4d5') in 0.006 seconds [static and dynamic dependencies]. Details - ImportResultOutputID=29054b5c6308773fa2fc1ff780b15723 DependenciesID=ae4fb5c0a778360d388d7168e8e8a81b StaticDependenciesID=1f46a9d4dc3f5e046e3ed208cbc16292 
Number of updated asset objects reloaded before import = 0
Number of asset objects unloaded after import = 1
========================================================================
Received Import Request.
  Time of request: 2026-08-04T17:31:23.9390798Z
  Time since last request: 0.0003822 seconds.
  importAddress: GUID: bb86f1f0af829fd45b2ebddda1245c22 - Path: Packages/com.unity.render-pipelines.core/Editor/Lighting/ProbeVolume/ProbeVolumeSubdivide.compute - Importer: ScriptedImporter/UnityEditor.QuickSearchModule:UnityEditor.Search:ASIAI0B
Importing 'GUID: bb86f1f0af829fd45b2ebddda1245c22 - Path: Packages/com.unity.render-pipelines.core/Editor/Lighting/ProbeVolume/ProbeVolumeSubdivide.compute - Importer: ScriptedImporter/UnityEditor.QuickSearchModule:UnityEditor.Search:ASIAI0B' with importer (ScriptedImporter : UnityEditor.QuickSearchModule:UnityEditor.Search:ASIAI0B)
Imported 'GUID: bb86f1f0af829fd45b2ebddda1245c22' -> (Import Result ID: '3dd59ab67a103c23b1f229b10fe3ac10') in 0.003 seconds [static and dynamic dependencies]. Details - ImportResultOutputID=ebd1d947506e75643762520f4f1ed906 DependenciesID=e134bfaeb5ba094e043e13b5315dfcce StaticDependenciesID=6857d149ff1fb9ca569c02b1e2d58130 
Number of updated asset objects reloaded before import = 0
Number of asset objects unloaded after import = 1
========================================================================
Received Import Request.
  Time of request: 2026-08-04T17:31:23.9496387Z
  Time since last request: 0.0002544 seconds.
  importAddress: GUID: 8a35aa5922ce5b746a734edf7de25ab4 - Path: Packages/com.unity.render-pipelines.core/Editor/Lighting/Icons/UpSnatchFocused.png - Importer: ScriptedImporter/UnityEditor.QuickSearchModule:UnityEditor.Search:ASIAI0B
Importing 'GUID: 8a35aa5922ce5b746a734edf7de25ab4 - Path: Packages/com.unity.render-pipelines.core/Editor/Lighting/Icons/UpSnatchFocused.png - Importer: ScriptedImporter/UnityEditor.QuickSearchModule:UnityEditor.Search:ASIAI0B' with importer (ScriptedImporter : UnityEditor.QuickSearchModule:UnityEditor.Search:ASIAI0B)
Imported 'GUID: 8a35aa5922ce5b746a734edf7de25ab4' -> (Import Result ID: 'f6275d4d123fc96ccae7638903ae0a47') in 0.005 seconds [static and dynamic dependencies]. Details - ImportResultOutputID=042fc27e3148ed3e5105c0bed31475cc DependenciesID=fffe862be94a3569bdbb40e6471067ac StaticDependenciesID=eb3aa479240b5e731ef1f62de98fdf3a 
Number of updated asset objects reloaded before import = 0
Number of asset objects unloaded after import = 1
========================================================================
Received Import Request.
  Time of request: 2026-08-04T17:31:23.9630476Z
  Time since last request: 0.0002392 seconds.
  importAddress: GUID: 1c7013643e4df944492a5801199df62a - Path: Packages/com.unity.render-pipelines.core/Editor/Lighting/Icons/PresetBounce_Left.png - Importer: ScriptedImporter/UnityEditor.QuickSearchModule:UnityEditor.Search:ASIAI0B
Importing 'GUID: 1c7013643e4df944492a5801199df62a - Path: Packages/com.unity.render-pipelines.core/Editor/Lighting/Icons/PresetBounce_Left.png - Importer: ScriptedImporter/UnityEditor.QuickSearchModule:UnityEditor.Search:ASIAI0B' with importer (ScriptedImporter : UnityEditor.QuickSearchModule:UnityEditor.Search:ASIAI0B)
Imported 'GUID: 1c7013643e4df944492a5801199df62a' -> (Import Result ID: 'cb212d8d1d3f7d49748877da04a34348') in 0.004 seconds [static and dynamic dependencies]. Details - ImportResultOutputID=bba594c6638a7d833a1129e66086cfb9 DependenciesID=072a8288962c701906463b27eb81cabd StaticDependenciesID=5bf6ccf9778219507068a0e99f0f5bff 
Number of updated asset objects reloaded before import = 0
Number of asset objects unloaded after import = 1
========================================================================
Received Import Request.
  Time of request: 2026-08-04T17:31:23.9750423Z
  Time since last request: 0.0002252 seconds.
  importAddress: GUID: fbee1c54ecff3d24e8f34e2bbd19390f - Path: Packages/com.unity.render-pipelines.core/Editor/Lighting/Icons/d_LightPlacement_Icon@2x.png - Importer: ScriptedImporter/UnityEditor.QuickSearchModule:UnityEditor.Search:ASIAI0B
Importing 'GUID: fbee1c54ecff3d24e8f34e2bbd19390f - Path: Packages/com.unity.render-pipelines.core/Editor/Lighting/Icons/d_LightPlacement_Icon@2x.png - Importer: ScriptedImporter/UnityEditor.QuickSearchModule:UnityEditor.Search:ASIAI0B' with importer (ScriptedImporter : UnityEditor.QuickSearchModule:UnityEditor.Search:ASIAI0B)
Imported 'GUID: fbee1c54ecff3d24e8f34e2bbd19390f' -> (Import Result ID: '6a41266f6abdda28737fab43e6edc120') in 0.005 seconds [static and dynamic dependencies]. Details - ImportResultOutputID=60edc21480da0a97aa831ae88330ee20 DependenciesID=2f956d70dbd59c3789f9a8dc3a53da1b StaticDependenciesID=4e0d040f0cc7bc934f41c32722bbb76c 
Number of updated asset objects reloaded before import = 0
Number of asset objects unloaded after import = 1
========================================================================
Received Import Request.
  Time of request: 2026-08-04T17:31:23.9883758Z
  Time since last request: 0.0001887 seconds.
  importAddress: GUID: 223a7f14e8569604a82817fcde36cdcb - Path: Packages/com.unity.render-pipelines.core/Editor/Lighting/ProbeVolume/ProbeGIBaking.LightTransport.cs - Importer: ScriptedImporter/UnityEditor.QuickSearchModule:UnityEditor.Search:ASIAI0B
Importing 'GUID: 223a7f14e8569604a82817fcde36cdcb - Path: Packages/com.unity.render-pipelines.core/Editor/Lighting/ProbeVolume/ProbeGIBaking.LightTransport.cs - Importer: ScriptedImporter/UnityEditor.QuickSearchModule:UnityEditor.Search:ASIAI0B' with importer (ScriptedImporter : UnityEditor.QuickSearchModule:UnityEditor.Search:ASIAI0B)
Imported 'GUID: 223a7f14e8569604a82817fcde36cdcb' -> (Import Result ID: '2dc436bcbcfa7f8e95d47b86ae2e52af') in 0.003 seconds [static and dynamic dependencies]. Details - ImportResultOutputID=e132fc42c1d34ec1ae059c656b539e95 DependenciesID=93c625a6f419004e71e37f668efcce69 StaticDependenciesID=a3f5cedc543a88fe9ef4de28d82a9745 
Number of updated asset objects reloaded before import = 0
Number of asset objects unloaded after import = 0
========================================================================
Received Import Request.
  Time of request: 2026-08-04T17:31:24.0007116Z
  Time since last request: 0.0003186 seconds.
  importAddress: GUID: b7ab09a96da079e40ba7c2dd4cb4b8c3 - Path: Packages/com.unity.render-pipelines.core/Editor/Lighting/ProbeVolume/ProbeGIBaking.Placement.cs - Importer: ScriptedImporter/UnityEditor.QuickSearchModule:UnityEditor.Search:ASIAI0B
Importing 'GUID: b7ab09a96da079e40ba7c2dd4cb4b8c3 - Path: Packages/com.unity.render-pipelines.core/Editor/Lighting/ProbeVolume/ProbeGIBaking.Placement.cs - Importer: ScriptedImporter/UnityEditor.QuickSearchModule:UnityEditor.Search:ASIAI0B' with importer (ScriptedImporter : UnityEditor.QuickSearchModule:UnityEditor.Search:ASIAI0B)
Imported 'GUID: b7ab09a96da079e40ba7c2dd4cb4b8c3' -> (Import Result ID: '30da1a33e8d63f911472269ae3ae016f') in 0.002 seconds [static and dynamic dependencies]. Details - ImportResultOutputID=204e22bbaab08352f76863481432e9be DependenciesID=ba96e952ea6c6d5a9171969be10ab20a StaticDependenciesID=1058318b39cc185717dbcb6974d58789 
Number of updated asset objects reloaded before import = 0
Number of asset objects unloaded after import = 0
========================================================================
Received Import Request.
  Time of request: 2026-08-04T17:31:24.0113436Z
  Time since last request: 0.0004935 seconds.
  importAddress: GUID: b03b6ff4fae512740bbbd0ac0896f8d4 - Path: Packages/com.unity.render-pipelines.core/Editor/Lighting/LightUnit/LightUnitSlider.cs - Importer: ScriptedImporter/UnityEditor.QuickSearchModule:UnityEditor.Search:ASIAI0B
Importing 'GUID: b03b6ff4fae512740bbbd0ac0896f8d4 - Path: Packages/com.unity.render-pipelines.core/Editor/Lighting/LightUnit/LightUnitSlider.cs - Importer: ScriptedImporter/UnityEditor.QuickSearchModule:UnityEditor.Search:ASIAI0B' with importer (ScriptedImporter : UnityEditor.QuickSearchModule:UnityEditor.Search:ASIAI0B)
Imported 'GUID: b03b6ff4fae512740bbbd0ac0896f8d4' -> (Import Result ID: '42dd758e812feda0637f44f1ac99b2e4') in 0.003 seconds [static and dynamic dependencies]. Details - ImportResultOutputID=f31c305b916fb005927a680de52dc1e9 DependenciesID=d77cfdbd4c7d8b96449e62c43b2f6ac6 StaticDependenciesID=132b4089f846cd3f7e279048c171d21e 
Number of updated asset objects reloaded before import = 0
Number of asset objects unloaded after import = 0
========================================================================
Received Import Request.
  Time of request: 2026-08-04T17:31:24.0222943Z
  Time since last request: 0.0002513 seconds.
  importAddress: GUID: bdb354565d2d91e48a7ffe02442fe226 - Path: Packages/com.unity.render-pipelines.core/Editor/Lighting/Icons/PresetKick_Right.png - Importer: ScriptedImporter/UnityEditor.QuickSearchModule:UnityEditor.Search:ASIAI0B
Importing 'GUID: bdb354565d2d91e48a7ffe02442fe226 - Path: Packages/com.unity.render-pipelines.core/Editor/Lighting/Icons/PresetKick_Right.png - Importer: ScriptedImporter/UnityEditor.QuickSearchModule:UnityEditor.Search:ASIAI0B' with importer (ScriptedImporter : UnityEditor.QuickSearchModule:UnityEditor.Search:ASIAI0B)
Imported 'GUID: bdb354565d2d91e48a7ffe02442fe226' -> (Import Result ID: '19bd32e66aea5352b01463fee12936d2') in 0.005 seconds [static and dynamic dependencies]. Details - ImportResultOutputID=a3d1fcc78b6132426cee82ab31d6e1c1 DependenciesID=22a73445a924dc586ebcedafd9d769b5 StaticDependenciesID=4ba76b205720af4c98d5f4f70e35b07d 
Number of updated asset objects reloaded before import = 0
Number of asset objects unloaded after import = 1
========================================================================
Received Import Request.
  Time of request: 2026-08-04T17:31:24.0540909Z
  Time since last request: 0.0177671 seconds.
  importAddress: GUID: 19dfbb09098c9584a83c956fbd6c5d79 - Path: Packages/com.unity.render-pipelines.core/Editor/PostProcessing/LensFlareResource/LensFlareDataDrivenPreview.shader - Importer: ScriptedImporter/UnityEditor.QuickSearchModule:UnityEditor.Search:ASIAI0B
Importing 'GUID: 19dfbb09098c9584a83c956fbd6c5d79 - Path: Packages/com.unity.render-pipelines.core/Editor/PostProcessing/LensFlareResource/LensFlareDataDrivenPreview.shader - Importer: ScriptedImporter/UnityEditor.QuickSearchModule:UnityEditor.Search:ASIAI0B' with importer (ScriptedImporter : UnityEditor.QuickSearchModule:UnityEditor.Search:ASIAI0B)
Imported 'GUID: 19dfbb09098c9584a83c956fbd6c5d79' -> (Import Result ID: 'fbe209d9710a317019cdd3de5ad0ba9f') in 0.003 seconds [static and dynamic dependencies]. Details - ImportResultOutputID=61077006e857d43678c65b595634350d DependenciesID=25049e5f0d47fc784fa64db0a54b2ad9 StaticDependenciesID=287e9d6bbe54507cece22d294a326b2f 
Number of updated asset objects reloaded before import = 0
Number of asset objects unloaded after import = 1
========================================================================
Received Import Request.
  Time of request: 2026-08-04T17:31:24.067234Z
  Time since last request: 0.0004122 seconds.
  importAddress: GUID: dc0f1d697a69cd74fbafdea5705668cf - Path: Packages/com.unity.render-pipelines.core/Editor-PrivateShared/Tools/Converter/RenderPipelineConverterAssetItem.cs - Importer: ScriptedImporter/UnityEditor.QuickSearchModule:UnityEditor.Search:ASIAI0B
Importing 'GUID: dc0f1d697a69cd74fbafdea5705668cf - Path: Packages/com.unity.render-pipelines.core/Editor-PrivateShared/Tools/Converter/RenderPipelineConverterAssetItem.cs - Importer: ScriptedImporter/UnityEditor.QuickSearchModule:UnityEditor.Search:ASIAI0B' with importer (ScriptedImporter : UnityEditor.QuickSearchModule:UnityEditor.Search:ASIAI0B)
Imported 'GUID: dc0f1d697a69cd74fbafdea5705668cf' -> (Import Result ID: 'bff52a7dbe2e761d2204d0a28370677c') in 0.003 seconds [static and dynamic dependencies]. Details - ImportResultOutputID=61db87285d9179210aaeb1d80ba67989 DependenciesID=da107f6965166e91d09906a29e9ca320 StaticDependenciesID=b7563c6a735919065cbbfcb6b04ea23b 
Number of updated asset objects reloaded before import = 0
Number of asset objects unloaded after import = 0
========================================================================
Received Import Request.
  Time of request: 2026-08-04T17:31:24.0785859Z
  Time since last request: 0.0002448 seconds.
  importAddress: GUID: a55bb9f7efce64f3ab3a138447cb46c0 - Path: Packages/com.unity.render-pipelines.core/Runtime/GPUDriven/Components/DisallowSmallMeshCulling.cs - Importer: ScriptedImporter/UnityEditor.QuickSearchModule:UnityEditor.Search:ASIAI0B
Importing 'GUID: a55bb9f7efce64f3ab3a138447cb46c0 - Path: Packages/com.unity.render-pipelines.core/Runtime/GPUDriven/Components/DisallowSmallMeshCulling.cs - Importer: ScriptedImporter/UnityEditor.QuickSearchModule:UnityEditor.Search:ASIAI0B' with importer (ScriptedImporter : UnityEditor.QuickSearchModule:UnityEditor.Search:ASIAI0B)
Imported 'GUID: a55bb9f7efce64f3ab3a138447cb46c0' -> (Import Result ID: '5ef33f5ed46ac62515f968ba247fa7e9') in 0.003 seconds [static and dynamic dependencies]. Details - ImportResultOutputID=f2be2cb41f4c6cc45dd682f8a2e64dc8 DependenciesID=0673d43d08c643226571e39b1e74e5b0 StaticDependenciesID=828049ef580977c36fce477b3bd71ca9 
Number of updated asset objects reloaded before import = 0
Number of asset objects unloaded after import = 0
========================================================================
Received Import Request.
  Time of request: 2026-08-04T17:31:24.0916552Z
  Time since last request: 0.0003388 seconds.
  importAddress: GUID: 10a4df7eb002da04c922af9ac6bbbda4 - Path: Packages/com.unity.render-pipelines.core/Editor-PrivateShared/Tools/Converter/IRenderPipelineConverterItem.cs - Importer: ScriptedImporter/UnityEditor.QuickSearchModule:UnityEditor.Search:ASIAI0B
Importing 'GUID: 10a4df7eb002da04c922af9ac6bbbda4 - Path: Packages/com.unity.render-pipelines.core/Editor-PrivateShared/Tools/Converter/IRenderPipelineConverterItem.cs - Importer: ScriptedImporter/UnityEditor.QuickSearchModule:UnityEditor.Search:ASIAI0B' with importer (ScriptedImporter : UnityEditor.QuickSearchModule:UnityEditor.Search:ASIAI0B)
Imported 'GUID: 10a4df7eb002da04c922af9ac6bbbda4' -> (Import Result ID: 'b3d09932ff519a7c473e78900c0156d2') in 0.003 seconds [static and dynamic dependencies]. Details - ImportResultOutputID=3c8372a7cde37ba0be3fb905deefaad5 DependenciesID=2aec905f1c378be3dfec96a3564d2b07 StaticDependenciesID=e63bb0f599c714d0654c1607ceed378c 
Number of updated asset objects reloaded before import = 0
Number of asset objects unloaded after import = 0
========================================================================
Received Import Request.
  Time of request: 2026-08-04T17:31:24.1028422Z
  Time since last request: 0.0002791 seconds.
  importAddress: GUID: bbee3bb98e4d6504bb670b73184deb69 - Path: Packages/com.unity.render-pipelines.core/Editor/Settings/PropertyDrawers/ShaderStrippingSettingsPropertyDrawer.cs - Importer: ScriptedImporter/UnityEditor.QuickSearchModule:UnityEditor.Search:ASIAI0B
Importing 'GUID: bbee3bb98e4d6504bb670b73184deb69 - Path: Packages/com.unity.render-pipelines.core/Editor/Settings/PropertyDrawers/ShaderStrippingSettingsPropertyDrawer.cs - Importer: ScriptedImporter/UnityEditor.QuickSearchModule:UnityEditor.Search:ASIAI0B' with importer (ScriptedImporter : UnityEditor.QuickSearchModule:UnityEditor.Search:ASIAI0B)
Imported 'GUID: bbee3bb98e4d6504bb670b73184deb69' -> (Import Result ID: '8b702fa0ca8dcc3ec14a1f079b387802') in 0.003 seconds [static and dynamic dependencies]. Details - ImportResultOutputID=3ed0e8a235511e68e6dc316aadeb5bd6 DependenciesID=d77922c6242c7115b53ac09460598f66 StaticDependenciesID=613e582b83cae2f52bd73dbe63007f00 
Number of updated asset objects reloaded before import = 0
Number of asset objects unloaded after import = 0
========================================================================
Received Import Request.
  Time of request: 2026-08-04T17:31:24.1137523Z
  Time since last request: 0.0002358 seconds.
  importAddress: GUID: bc861765f685b66449a8c8966e008804 - Path: Packages/com.unity.render-pipelines.core/Runtime/GPUDriven/Batching/InstanceCullingBatcher.cs - Importer: ScriptedImporter/UnityEditor.QuickSearchModule:UnityEditor.Search:ASIAI0B
Importing 'GUID: bc861765f685b66449a8c8966e008804 - Path: Packages/com.unity.render-pipelines.core/Runtime/GPUDriven/Batching/InstanceCullingBatcher.cs - Importer: ScriptedImporter/UnityEditor.QuickSearchModule:UnityEditor.Search:ASIAI0B' with importer (ScriptedImporter : UnityEditor.QuickSearchModule:UnityEditor.Search:ASIAI0B)
Imported 'GUID: bc861765f685b66449a8c8966e008804' -> (Import Result ID: '0058b7e6634f4ec1d8f62a5623809012') in 0.002 seconds [static and dynamic dependencies]. Details - ImportResultOutputID=2c269ae147155263ba95702301565a70 DependenciesID=49f2c6690c95bcd7e39895e278a33511 StaticDependenciesID=96888a78c2b9d507a51748d4ecbde64d 
Number of updated asset objects reloaded before import = 0
Number of asset objects unloaded after import = 0
========================================================================
Received Import Request.
  Time of request: 2026-08-04T17:31:24.1249463Z
  Time since last request: 0.0002587 seconds.
  importAddress: GUID: 644debc0b7d33d043af3caab53baa000 - Path: Packages/com.unity.render-pipelines.core/Runtime/GPUDriven/Components/DisallowGPUDrivenRendering.cs - Importer: ScriptedImporter/UnityEditor.QuickSearchModule:UnityEditor.Search:ASIAI0B
Importing 'GUID: 644debc0b7d33d043af3caab53baa000 - Path: Packages/com.unity.render-pipelines.core/Runtime/GPUDriven/Components/DisallowGPUDrivenRendering.cs - Importer: ScriptedImporter/UnityEditor.QuickSearchModule:UnityEditor.Search:ASIAI0B' with importer (ScriptedImporter : UnityEditor.QuickSearchModule:UnityEditor.Search:ASIAI0B)
Imported 'GUID: 644debc0b7d33d043af3caab53baa000' -> (Import Result ID: '6ee9c140d0c5ce60a138c51e6526dff6') in 0.002 seconds [static and dynamic dependencies]. Details - ImportResultOutputID=49c5d8dd9b5e404fb1d8617eccc860c3 DependenciesID=953e4d07bb3b078e6c088d97ccfd5e84 StaticDependenciesID=a80be793a354bb951482c65c2794e2e1 
Number of updated asset objects reloaded before import = 0
Number of asset objects unloaded after import = 0
========================================================================
Received Import Request.
  Time of request: 2026-08-04T17:31:24.1372232Z
  Time since last request: 0.0002555 seconds.
  importAddress: GUID: 18fb68347df974242bdf9a3f2efe05bd - Path: Packages/com.unity.render-pipelines.core/Runtime/GPUDriven/CoreDataSystems/GPUArchetypeManager.cs - Importer: ScriptedImporter/UnityEditor.QuickSearchModule:UnityEditor.Search:ASIAI0B
Importing 'GUID: 18fb68347df974242bdf9a3f2efe05bd - Path: Packages/com.unity.render-pipelines.core/Runtime/GPUDriven/CoreDataSystems/GPUArchetypeManager.cs - Importer: ScriptedImporter/UnityEditor.QuickSearchModule:UnityEditor.Search:ASIAI0B' with importer (ScriptedImporter : UnityEditor.QuickSearchModule:UnityEditor.Search:ASIAI0B)
Imported 'GUID: 18fb68347df974242bdf9a3f2efe05bd' -> (Import Result ID: 'e28a11c27a9ec14a246eb2d27a5817cd') in 0.003 seconds [static and dynamic dependencies]. Details - ImportResultOutputID=cc208dd0ef9fa44288fa7a614cd6e19a DependenciesID=3188a0d425953b694c043bc91a8bd645 StaticDependenciesID=5f31746ca34982bcbed33aa45aa0b0eb 
Number of updated asset objects reloaded before import = 0
Number of asset objects unloaded after import = 0
========================================================================
Received Import Request.
  Time of request: 2026-08-04T17:31:24.1505115Z
  Time since last request: 0.0003293 seconds.
  importAddress: GUID: 0ff99fd36f66f1a41bcc1d3c90e0922a - Path: Packages/com.unity.render-pipelines.core/Runtime/Debugging/Runtime UI Resources/DebugWindowCommon.uss - Importer: ScriptedImporter/UnityEditor.QuickSearchModule:UnityEditor.Search:ASIAI0B
Importing 'GUID: 0ff99fd36f66f1a41bcc1d3c90e0922a - Path: Packages/com.unity.render-pipelines.core/Runtime/Debugging/Runtime UI Resources/DebugWindowCommon.uss - Importer: ScriptedImporter/UnityEditor.QuickSearchModule:UnityEditor.Search:ASIAI0B' with importer (ScriptedImporter : UnityEditor.QuickSearchModule:UnityEditor.Search:ASIAI0B)
Imported 'GUID: 0ff99fd36f66f1a41bcc1d3c90e0922a' -> (Import Result ID: '0ba614c34078d4e785a752ac1870e16f') in 0.004 seconds [static and dynamic dependencies]. Details - ImportResultOutputID=9916198c8ce3621658f2cab2ad1a18d9 DependenciesID=b50d1f748b96fce9fe34ace13f90b166 StaticDependenciesID=88381a7246c4957dc27f6db14265157d 
Number of updated asset objects reloaded before import = 0
Number of asset objects unloaded after import = 1
========================================================================
Received Import Request.
  Time of request: 2026-08-04T17:31:24.1864254Z
  Time since last request: 0.0233706 seconds.
  importAddress: GUID: f198f6c0065b295489db955c10a96c02 - Path: Packages/com.unity.render-pipelines.core/Runtime/GPUDriven/SceneProcessors/SpeedTreeWindGPUDataUpdater.cs - Importer: ScriptedImporter/UnityEditor.QuickSearchModule:UnityEditor.Search:ASIAI0B
Importing 'GUID: f198f6c0065b295489db955c10a96c02 - Path: Packages/com.unity.render-pipelines.core/Runtime/GPUDriven/SceneProcessors/SpeedTreeWindGPUDataUpdater.cs - Importer: ScriptedImporter/UnityEditor.QuickSearchModule:UnityEditor.Search:ASIAI0B' with importer (ScriptedImporter : UnityEditor.QuickSearchModule:UnityEditor.Search:ASIAI0B)
Imported 'GUID: f198f6c0065b295489db955c10a96c02' -> (Import Result ID: '317bfa7bbc94aa2e48a698dfa2d09693') in 0.002 seconds [static and dynamic dependencies]. Details - ImportResultOutputID=8f01e64245f30ff9d4d805f4ffa37170 DependenciesID=1ce2116882ee019fd88714ceb35b6249 StaticDependenciesID=28a8035a5894141c98ee6d4434b813ce 
Number of updated asset objects reloaded before import = 0
Number of asset objects unloaded after import = 0
========================================================================
Received Import Request.
  Time of request: 2026-08-04T17:31:24.196108Z
  Time since last request: 0.0003122 seconds.
  importAddress: GUID: ec1ae020bebf201478636c2123e2dde8 - Path: Packages/com.unity.render-pipelines.core/Runtime/GPUDriven/Culling/OcclusionCullingCommon.cs - Importer: ScriptedImporter/UnityEditor.QuickSearchModule:UnityEditor.Search:ASIAI0B
Importing 'GUID: ec1ae020bebf201478636c2123e2dde8 - Path: Packages/com.unity.render-pipelines.core/Runtime/GPUDriven/Culling/OcclusionCullingCommon.cs - Importer: ScriptedImporter/UnityEditor.QuickSearchModule:UnityEditor.Search:ASIAI0B' with importer (ScriptedImporter : UnityEditor.QuickSearchModule:UnityEditor.Search:ASIAI0B)
Imported 'GUID: ec1ae020bebf201478636c2123e2dde8' -> (Import Result ID: 'bf55086c57f16f32dd35b187ab480596') in 0.002 seconds [static and dynamic dependencies]. Details - ImportResultOutputID=e12d3dddb02b077ee7e930e48765ac1a DependenciesID=de3e36293f390c12d1ffe4b7b2cfa1e5 StaticDependenciesID=d487dcadc5b2521a639eef7a88f5c391 
Number of updated asset objects reloaded before import = 0
Number of asset objects unloaded after import = 0
========================================================================
Received Import Request.
  Time of request: 2026-08-04T17:31:24.2069589Z
  Time since last request: 0.0004942 seconds.
  importAddress: GUID: c1a832f1bbd6c0248844c604b55947b0 - Path: Packages/com.unity.render-pipelines.core/Runtime/Lighting/ProbeVolume/ProbeBrickIndex.cs - Importer: ScriptedImporter/UnityEditor.QuickSearchModule:UnityEditor.Search:ASIAI0B
Importing 'GUID: c1a832f1bbd6c0248844c604b55947b0 - Path: Packages/com.unity.render-pipelines.core/Runtime/Lighting/ProbeVolume/ProbeBrickIndex.cs - Importer: ScriptedImporter/UnityEditor.QuickSearchModule:UnityEditor.Search:ASIAI0B' with importer (ScriptedImporter : UnityEditor.QuickSearchModule:UnityEditor.Search:ASIAI0B)
Imported 'GUID: c1a832f1bbd6c0248844c604b55947b0' -> (Import Result ID: '118e4445d5c707d31ec226bc9a644351') in 0.002 seconds [static and dynamic dependencies]. Details - ImportResultOutputID=c67ea2dc86ed0670eaff64f4b013e6e6 DependenciesID=ce3ad84af28c816cc9fcee4656023ede StaticDependenciesID=61097ee85b0b31ecd35384b8ad0309fc 
Number of updated asset objects reloaded before import = 0
Number of asset objects unloaded after import = 0
========================================================================
Received Import Request.
  Time of request: 2026-08-04T17:31:24.2177615Z
  Time since last request: 0.0003113 seconds.
  importAddress: GUID: e2393c2c53c02d24b9313fde572f87af - Path: Packages/com.unity.render-pipelines.core/Runtime/GPUDriven/CoreDataSystems/InstanceWindDataUpdateDefs.cs - Importer: ScriptedImporter/UnityEditor.QuickSearchModule:UnityEditor.Search:ASIAI0B
Importing 'GUID: e2393c2c53c02d24b9313fde572f87af - Path: Packages/com.unity.render-pipelines.core/Runtime/GPUDriven/CoreDataSystems/InstanceWindDataUpdateDefs.cs - Importer: ScriptedImporter/UnityEditor.QuickSearchModule:UnityEditor.Search:ASIAI0B' with importer (ScriptedImporter : UnityEditor.QuickSearchModule:UnityEditor.Search:ASIAI0B)
Imported 'GUID: e2393c2c53c02d24b9313fde572f87af' -> (Import Result ID: '551892b9b14c1a1204410ce9322aafc3') in 0.003 seconds [static and dynamic dependencies]. Details - ImportResultOutputID=4ed2aee2d70abd063c0f3bb873f3b5d0 DependenciesID=c99af9f4f7a2bad18d9d60d18fd9c092 StaticDependenciesID=40cdc5e997a18f87cc44f39728ad95d8 
Number of updated asset objects reloaded before import = 0
Number of asset objects unloaded after import = 0
========================================================================
Received Import Request.
  Time of request: 2026-08-04T17:31:24.231171Z
  Time since last request: 0.0002603 seconds.
  importAddress: GUID: 5c8137fcac12c3743bd060b069e1962b - Path: Packages/com.unity.render-pipelines.core/Runtime/GPUDriven/Culling/OcclusionCullingDebugShaderVariables.cs - Importer: ScriptedImporter/UnityEditor.QuickSearchModule:UnityEditor.Search:ASIAI0B
Importing 'GUID: 5c8137fcac12c3743bd060b069e1962b - Path: Packages/com.unity.render-pipelines.core/Runtime/GPUDriven/Culling/OcclusionCullingDebugShaderVariables.cs - Importer: ScriptedImporter/UnityEditor.QuickSearchModule:UnityEditor.Search:ASIAI0B' with importer (ScriptedImporter : UnityEditor.QuickSearchModule:UnityEditor.Search:ASIAI0B)
Imported 'GUID: 5c8137fcac12c3743bd060b069e1962b' -> (Import Result ID: '1095e2dfa56f7f300b95a3aaab0b064f') in 0.002 seconds [static and dynamic dependencies]. Details - ImportResultOutputID=7eb81b0ccfe6723687c1d20b1622c33d DependenciesID=dca180747e8206f91390c5954cd51379 StaticDependenciesID=813245c48972e38ba025d428175d3709 
Number of updated asset objects reloaded before import = 0
Number of asset objects unloaded after import = 0
========================================================================
Received Import Request.
  Time of request: 2026-08-04T17:31:24.2410631Z
  Time since last request: 0.0004024 seconds.
  importAddress: GUID: bd65ba16b646b304eb2663c40bc69c8c - Path: Packages/com.unity.render-pipelines.core/Runtime/GPUDriven/Utilities/AABB.cs - Importer: ScriptedImporter/UnityEditor.QuickSearchModule:UnityEditor.Search:ASIAI0B
Importing 'GUID: bd65ba16b646b304eb2663c40bc69c8c - Path: Packages/com.unity.render-pipelines.core/Runtime/GPUDriven/Utilities/AABB.cs - Importer: ScriptedImporter/UnityEditor.QuickSearchModule:UnityEditor.Search:ASIAI0B' with importer (ScriptedImporter : UnityEditor.QuickSearchModule:UnityEditor.Search:ASIAI0B)
Imported 'GUID: bd65ba16b646b304eb2663c40bc69c8c' -> (Import Result ID: 'c8ba8d3e72f996888b9179abd2d7f0b6') in 0.002 seconds [static and dynamic dependencies]. Details - ImportResultOutputID=8f43b2936df8903a7f694161fda229e5 DependenciesID=f8078e99d8b564680de17d1a847eda32 StaticDependenciesID=a0dd4f16a8f81be941ccdfbfbdd180e7 
Number of updated asset objects reloaded before import = 0
Number of asset objects unloaded after import = 0
========================================================================
Received Import Request.
  Time of request: 2026-08-04T17:31:24.2512855Z
  Time since last request: 0.0002389 seconds.
  importAddress: GUID: 688129ab15b222340a2c7fa427269889 - Path: Packages/com.unity.render-pipelines.core/Runtime/Lighting/ProbeVolume/ProbeVolume.hlsl - Importer: ScriptedImporter/UnityEditor.QuickSearchModule:UnityEditor.Search:ASIAI0B
Importing 'GUID: 688129ab15b222340a2c7fa427269889 - Path: Packages/com.unity.render-pipelines.core/Runtime/Lighting/ProbeVolume/ProbeVolume.hlsl - Importer: ScriptedImporter/UnityEditor.QuickSearchModule:UnityEditor.Search:ASIAI0B' with importer (ScriptedImporter : UnityEditor.QuickSearchModule:UnityEditor.Search:ASIAI0B)
Imported 'GUID: 688129ab15b222340a2c7fa427269889' -> (Import Result ID: '78a0235c02461eaea1aecd7559feec9c') in 0.002 seconds [static and dynamic dependencies]. Details - ImportResultOutputID=1f88c0a2b39b9c11bdc8c2a4f0cc2b1b DependenciesID=891a1d843ccd3d4a3fda126443827fff StaticDependenciesID=c76cf234a3a48c902f8d30ff288e71e3 
Number of updated asset objects reloaded before import = 0
Number of asset objects unloaded after import = 1
========================================================================
Received Import Request.
  Time of request: 2026-08-04T17:31:24.260251Z
  Time since last request: 0.0002087 seconds.
  importAddress: GUID: e4efe0c149e2f2b429a927ed9df0d8b1 - Path: Packages/com.unity.render-pipelines.core/Runtime/GPUDriven/CoreDataSystems/LODGroupDataSystem.cs - Importer: ScriptedImporter/UnityEditor.QuickSearchModule:UnityEditor.Search:ASIAI0B
Importing 'GUID: e4efe0c149e2f2b429a927ed9df0d8b1 - Path: Packages/com.unity.render-pipelines.core/Runtime/GPUDriven/CoreDataSystems/LODGroupDataSystem.cs - Importer: ScriptedImporter/UnityEditor.QuickSearchModule:UnityEditor.Search:ASIAI0B' with importer (ScriptedImporter : UnityEditor.QuickSearchModule:UnityEditor.Search:ASIAI0B)
Imported 'GUID: e4efe0c149e2f2b429a927ed9df0d8b1' -> (Import Result ID: '6fe9a63f90632d71a1f040a7ebad97fd') in 0.003 seconds [static and dynamic dependencies]. Details - ImportResultOutputID=65a91b8890fc2b601045c951c7cd1d96 DependenciesID=117d2f82f66bd02090e836172af103a2 StaticDependenciesID=dba5cbe1a34726fa5f0599daf54ca3a0 
Number of updated asset objects reloaded before import = 0
Number of asset objects unloaded after import = 0
========================================================================
Received Import Request.
  Time of request: 2026-08-04T17:31:24.271121Z
  Time since last request: 0.000222 seconds.
  importAddress: GUID: 9dbad2118b2e7704aa686c28ea8a1f3c - Path: Packages/com.unity.render-pipelines.core/Runtime/GPUDriven/SceneProcessors/WorldProcessorBurst.cs - Importer: ScriptedImporter/UnityEditor.QuickSearchModule:UnityEditor.Search:ASIAI0B
Importing 'GUID: 9dbad2118b2e7704aa686c28ea8a1f3c - Path: Packages/com.unity.render-pipelines.core/Runtime/GPUDriven/SceneProcessors/WorldProcessorBurst.cs - Importer: ScriptedImporter/UnityEditor.QuickSearchModule:UnityEditor.Search:ASIAI0B' with importer (ScriptedImporter : UnityEditor.QuickSearchModule:UnityEditor.Search:ASIAI0B)
Imported 'GUID: 9dbad2118b2e7704aa686c28ea8a1f3c' -> (Import Result ID: '080c2469fff09e0f8272cd92c819f583') in 0.002 seconds [static and dynamic dependencies]. Details - ImportResultOutputID=6faf11c7cc4f3d7f9276cf6cbcf17dfc DependenciesID=7b91dd3ebb65fce249afdf1963307f22 StaticDependenciesID=3ebb4ff1a9cc07abf753c16963cca4ce 
Number of updated asset objects reloaded before import = 0
Number of asset objects unloaded after import = 0
========================================================================
Received Import Request.
  Time of request: 2026-08-04T17:31:24.2977796Z
  Time since last request: 0.0167146 seconds.
  importAddress: GUID: 6bd486065ce11414fa40e631affc4900 - Path: Packages/com.unity.render-pipelines.core/Runtime/Lighting/ProbeVolume/ProbeVolumesOptions.cs - Importer: ScriptedImporter/UnityEditor.QuickSearchModule:UnityEditor.Search:ASIAI0B
Importing 'GUID: 6bd486065ce11414fa40e631affc4900 - Path: Packages/com.unity.render-pipelines.core/Runtime/Lighting/ProbeVolume/ProbeVolumesOptions.cs - Importer: ScriptedImporter/UnityEditor.QuickSearchModule:UnityEditor.Search:ASIAI0B' with importer (ScriptedImporter : UnityEditor.QuickSearchModule:UnityEditor.Search:ASIAI0B)
Imported 'GUID: 6bd486065ce11414fa40e631affc4900' -> (Import Result ID: 'a8682ef758062db4db4ddd277df8d832') in 0.003 seconds [static and dynamic dependencies]. Details - ImportResultOutputID=f2e2b9c80da595d1e3af5814f3e02915 DependenciesID=1e760fed90b28f942cb1cc1f76b3880a StaticDependenciesID=c6ccaa870be1738085602107c92e7d9f 
Number of updated asset objects reloaded before import = 0
Number of asset objects unloaded after import = 0
========================================================================
Received Import Request.
  Time of request: 2026-08-04T17:31:24.3091647Z
  Time since last request: 0.0002207 seconds.
  importAddress: GUID: f32463968f29423cad25aee15a14b9f1 - Path: Packages/com.unity.render-pipelines.core/Runtime/Lighting/SurfaceCache/PunctualLightSampling.urtshader - Importer: ScriptedImporter/UnityEditor.QuickSearchModule:UnityEditor.Search:ASIAI0B
Importing 'GUID: f32463968f29423cad25aee15a14b9f1 - Path: Packages/com.unity.render-pipelines.core/Runtime/Lighting/SurfaceCache/PunctualLightSampling.urtshader - Importer: ScriptedImporter/UnityEditor.QuickSearchModule:UnityEditor.Search:ASIAI0B' with importer (ScriptedImporter : UnityEditor.QuickSearchModule:UnityEditor.Search:ASIAI0B)
Imported 'GUID: f32463968f29423cad25aee15a14b9f1' -> (Import Result ID: '1115ebc1ae2f81ab8ac42795fbb64989') in 0.004 seconds [static and dynamic dependencies]. Details - ImportResultOutputID=4421bc1d68c59f0431c229c2388bee2f DependenciesID=d2e8134b37942519a516da5822852b0b StaticDependenciesID=a2b469577a6e12b407c7d53bc4ce474a 
Number of updated asset objects reloaded before import = 0
Number of asset objects unloaded after import = 2
========================================================================
Received Import Request.
  Time of request: 2026-08-04T17:31:24.3207484Z
  Time since last request: 0.0002469 seconds.
  importAddress: GUID: d6b61523d2d66384485b5ef359496dd9 - Path: Packages/com.unity.render-pipelines.core/Runtime/Lighting/ProbeVolume/ProbeVolumeGIContributor.cs - Importer: ScriptedImporter/UnityEditor.QuickSearchModule:UnityEditor.Search:ASIAI0B
Importing 'GUID: d6b61523d2d66384485b5ef359496dd9 - Path: Packages/com.unity.render-pipelines.core/Runtime/Lighting/ProbeVolume/ProbeVolumeGIContributor.cs - Importer: ScriptedImporter/UnityEditor.QuickSearchModule:UnityEditor.Search:ASIAI0B' with importer (ScriptedImporter : UnityEditor.QuickSearchModule:UnityEditor.Search:ASIAI0B)
Imported 'GUID: d6b61523d2d66384485b5ef359496dd9' -> (Import Result ID: '49800ffa35a49d7e67b0b005819aaa86') in 0.002 seconds [static and dynamic dependencies]. Details - ImportResultOutputID=92b40c998c269e0041e915afb3d4f013 DependenciesID=a4023fcdf1da3cb81a84204a6cac985f StaticDependenciesID=a5cd87c85c28ee8292419deae6d4b6d5 
Number of updated asset objects reloaded before import = 0
Number of asset objects unloaded after import = 0
========================================================================
Received Import Request.
  Time of request: 2026-08-04T17:31:24.3310659Z
  Time since last request: 0.000228 seconds.
  importAddress: GUID: a3f7b8c99de28a94684cb1daebeccf5d - Path: Packages/com.unity.render-pipelines.core/Runtime/Lighting/ProbeVolume/ProbeVolumeBlendStates.compute - Importer: ScriptedImporter/UnityEditor.QuickSearchModule:UnityEditor.Search:ASIAI0B
Importing 'GUID: a3f7b8c99de28a94684cb1daebeccf5d - Path: Packages/com.unity.render-pipelines.core/Runtime/Lighting/ProbeVolume/ProbeVolumeBlendStates.compute - Importer: ScriptedImporter/UnityEditor.QuickSearchModule:UnityEditor.Search:ASIAI0B' with importer (ScriptedImporter : UnityEditor.QuickSearchModule:UnityEditor.Search:ASIAI0B)
Imported 'GUID: a3f7b8c99de28a94684cb1daebeccf5d' -> (Import Result ID: '4797f2e29886ec62f1d3d0eccba6cbef') in 0.002 seconds [static and dynamic dependencies]. Details - ImportResultOutputID=107072b296df75dd76e838eed0c821a2 DependenciesID=7ac97ab75ba9d8d150ac6ef5de01f4b2 StaticDependenciesID=30b5797e7dcc0f0c1e87d38f169c99fb 
Number of updated asset objects reloaded before import = 0
Number of asset objects unloaded after import = 1
========================================================================
Received Import Request.
  Time of request: 2026-08-04T17:31:24.341469Z
  Time since last request: 0.0014067 seconds.
  importAddress: GUID: 87f25dcc02b54e84ab16e783d04d72d8 - Path: Packages/com.unity.render-pipelines.core/Runtime/Lighting/SurfaceCache/Estimation.hlsl - Importer: ScriptedImporter/UnityEditor.QuickSearchModule:UnityEditor.Search:ASIAI0B
Importing 'GUID: 87f25dcc02b54e84ab16e783d04d72d8 - Path: Packages/com.unity.render-pipelines.core/Runtime/Lighting/SurfaceCache/Estimation.hlsl - Importer: ScriptedImporter/UnityEditor.QuickSearchModule:UnityEditor.Search:ASIAI0B' with importer (ScriptedImporter : UnityEditor.QuickSearchModule:UnityEditor.Search:ASIAI0B)
Imported 'GUID: 87f25dcc02b54e84ab16e783d04d72d8' -> (Import Result ID: '2b6b0a2d80b0ed84f92cf52c4284026d') in 0.002 seconds [static and dynamic dependencies]. Details - ImportResultOutputID=797d12154dbf30150eb0b929f992c8ed DependenciesID=c00b99c93159ddf86d8e33d8b12deec1 StaticDependenciesID=6993aab39be4120cfecea0d84db8d813 
Number of updated asset objects reloaded before import = 0
Number of asset objects unloaded after import = 1
========================================================================
Received Prepare
AcceleratorClientConnectionCallback - disconnected - :0
Begin MonoManager ReloadAssembly
Native extension for WindowsStandalone target not found
[Package Manager] Failed to launch server process. Reason: Unity was launched with the -noUpm command-line argument
[Package Manager] Unable to send message (not connected to server process).
[Package Manager] Cannot connect to Unity Package Manager local server
[Package Manager] Failed to launch server process. Reason: Unity was launched with the -noUpm command-line argument
[Package Manager] Unable to send message (not connected to server process).
[Package Manager] Cannot connect to Unity Package Manager local server
ScheduleIndexationOnStartup MainProcess:False IndexOnStartup:True
Mono: successfully reloaded assembly
- Finished resetting the current domain, in  0.551 seconds
Domain Reload Profiling: 1076ms
	BeginReloadAssembly (175ms)
		DisableScriptedObjects (9ms)
		CreateAndSetChildDomain (44ms)
	RebuildCommonClasses (7ms)
	RebuildNativeTypeToScriptingClass (12ms)
	initialDomainReloadingComplete (40ms)
	LoadAllAssembliesAndSetupDomain (290ms)
		LoadAssemblies (266ms)
		AnalyzeDomain (17ms)
			TypeCache.Refresh (7ms)
			ResolveRequiredComponents (7ms)
	FinalizeReload (552ms)
		SetupLoadedEditorAssemblies (0ms)
			BeforeProcessingInitializeOnLoad (73ms)
			ProcessInitializeOnLoadAttributes (206ms)
			ProcessInitializeOnLoadMethodAttributes (115ms)
		AwakeInstancesAfterBackupRestoration (16ms)
Unloading 22 Unused Serialized files (Serialized files now loaded: 0)
Unloading 7154 unused Assets / (5.6 MB). Loaded Objects now: 8047.
Memory consumption went from 330.8 MB to 325.2 MB.
Total: 8.919100 ms (FindLiveObjects: 0.724000 ms CreateObjectMapping: 1.918400 ms MarkObjects: 4.060700 ms  DeleteObjects: 2.215500 ms)

Prepare: number of updated asset objects reloaded= 0
Editor requested this worker to shutdown with reason: Scaling down because of idle timeout
AssetImportWorkerClient::OnTransportError - code=2 error=End of file
AcceleratorClientConnectionCallback - disconnected - :0
AssetImportWorker is now disconnected from the server
Process exiting
Exiting without the bug reporter. Application will terminate with return code 0