[Licensing::Module] Trying to connect to existing licensing client channel...
Built from '6000.5/staging' branch; Version is '6000.5.0f1 (88b47c5e7076) revision 8959100'; Using compiler version '194234433'; Build Type 'Release'
[Licensing::IpcConnector] Successfully connected to: "LicenseClient-Filip" at "2026-08-05T18:44:43.8641309Z"
OS: 'Windows 10  (10.0.19045) 64bit Professional' Language: 'en' Physical Memory: 64640 MB
BatchMode: 1, IsHumanControllingUs: 0, StartBugReporterOnCrash: 0, Is64bit: 1
System  architecture: x64
Process architecture: x64
Date: 2026-08-05T18:44:43Z

COMMAND LINE ARGUMENTS:
D:\Software\Unity Installs\6000.5.0f1\Editor\Unity.exe
-adb2
-batchMode
-noUpm
-name
AssetImportWorkerHW7
-projectPath
D:/Projects/Kobold Collective/CardGameTakeHomeStarter
-logFile
Logs/AssetImportWorkerHW7.log
-srvPort
62802
-parentPid
138548
-analyticsCloudUserId
3573578210267
-analyticsCloudProjectId
1304c6e3-abd4-4b49-8156-dccc98aa1145
-analyticsLocalProjectId
1a724b6c99c414aacad9983827ba13a6
-licensingIpc
LicenseClient-Filip
-noDiagnosticSwitchPersistentStore
-job-worker-count
15
-background-job-worker-count
8
-asset-garbage-collectors
1
-force-d3d12
-name
AssetImport
Successfully changed project path to: D:/Projects/Kobold Collective/CardGameTakeHomeStarter
D:/Projects/Kobold Collective/CardGameTakeHomeStarter
[UnityMemory] Configuration Parameters - Can be set up in boot.config
    "memorysetup-temp-allocator-size-gi-baking-worker=262144"
    "memorysetup-temp-allocator-size-gi-baking-worker=262144"
    "memorysetup-temp-allocator-size-gi-baking-worker=262144"
    "memorysetup-temp-allocator-size-gi-baking-worker=262144"
    "memorysetup-temp-allocator-size-gi-baking-worker=262144"
    "memorysetup-temp-allocator-size-nav-mesh-worker=65536"
    "memorysetup-temp-allocator-size-audio-worker=65536"
    "memorysetup-temp-allocator-size-cloud-worker=32768"
    "memorysetup-temp-allocator-size-gfx=262144"
    "memorysetup-temp-allocator-size-preload-manager=33554432"
    "memorysetup-allocator-temp-initial-block-size-main=262144"
    "memorysetup-allocator-temp-initial-block-size-worker=262144"
    "memorysetup-temp-allocator-size-job-worker=262144"
    "memorysetup-temp-allocator-size-background-worker=32768"
    "memorysetup-bucket-allocator-granularity=16"
    "memorysetup-bucket-allocator-bucket-count=8"
    "memorysetup-bucket-allocator-block-size=33554432"
    "memorysetup-bucket-allocator-block-count=8"
    "memorysetup-main-allocator-block-size=16777216"
    "memorysetup-thread-allocator-block-size=16777216"
    "memorysetup-main-allocator-mimalloc-enabled=0"
    "memorysetup-gfx-main-allocator-block-size=16777216"
    "memorysetup-gfx-thread-allocator-block-size=16777216"
    "memorysetup-cache-allocator-block-size=4194304"
    "memorysetup-typetree-allocator-block-size=2097152"
    "memorysetup-profiler-bucket-allocator-granularity=16"
    "memorysetup-profiler-bucket-allocator-bucket-count=8"
    "memorysetup-profiler-bucket-allocator-block-size=33554432"
    "memorysetup-profiler-bucket-allocator-block-count=8"
    "memorysetup-profiler-allocator-block-size=16777216"
    "memorysetup-profiler-editor-allocator-block-size=1048576"
    "memorysetup-temp-allocator-size-main=16777216"
    "memorysetup-job-temp-allocator-block-size=2097152"
    "memorysetup-job-temp-allocator-block-size-background=1048576"
    "memorysetup-job-temp-allocator-reduction-small-platforms=262144"
Player connection [157044]  Target information:

Player connection [157044]  * "[IP] 10.0.0.10 [Port] 0 [Flags] 2 [Guid] 2757947700 [EditorId] 2757947700 [Version] 1048832 [Id] WindowsEditor(7,DESKTOP-LOE394D) [Debug] 1 [PackageName] WindowsEditor [ProjectName] Editor" 

Player connection [157044]  * "[IP] 172.18.224.1 [Port] 0 [Flags] 2 [Guid] 2757947700 [EditorId] 2757947700 [Version] 1048832 [Id] WindowsEditor(7,DESKTOP-LOE394D) [Debug] 1 [PackageName] WindowsEditor [ProjectName] Editor" 

Player connection [157044] Host joined multi-casting on [225.0.0.222:54997]...
Player connection [157044] Host joined alternative multi-casting on [225.0.0.222:34997]...
JobSystem: Creating JobQueue using job-worker-count value 15
Input System module state changed to: Initialized.
[Physics::Module] Initialized fallback backend.
[Physics::Module] Id: 0xdecafbad
Library Redirect Path: Library/
[Physics::Module] Selected backend.
[Physics::Module] Name: PhysX
[Physics::Module] Id: 0xf2b8ea05
[Physics::Module] SDK Version: 4.1.2
[Physics::Module] Integration Version: 1.0.0
[Physics::Module] Threading Mode: Multi-Threaded
Refreshing native plugins compatible for Editor in 3.05 ms, found 5 plugins.
Initialize engine version: 6000.5.0f1 (88b47c5e7076)
[Subsystems] Discovering subsystems at path D:/Software/Unity Installs/6000.5.0f1/Editor/Data/Resources/UnitySubsystems
[Subsystems] Discovering subsystems at path D:/Projects/Kobold Collective/CardGameTakeHomeStarter/Assets
Forcing GfxDevice: Direct3D 12
GfxDevice: creating device client; kGfxThreadingModeNonThreaded
[Licensing::Client] Error: HandshakeResponse reported an error:
	ResponseCode: 505
	ResponseStatus: Unsupported protocol version '1.18.1'.
[Licensing::Module] Error: Failed to handshake to channel: "LicenseClient-Filip"
[Licensing::IpcConnector] LicenseClient-Filip channel disconnected successfully.
[Licensing::IpcConnector] Successfully connected to: "LicenseClient-Filip-6000.5.0" at "2026-08-05T18:44:44.4265395Z"
[Licensing::Client] Code 10 while verifying Licensing Client signature (process Id: 97348, path: "D:/Software/Unity Installs/6000.5.0f1/Editor/Data/Resources/Licensing/Client/Unity.Licensing.Client.exe")
[Licensing::Module] LicensingClient has failed validation; ignoring
[Licensing::Client] Handshaking with LicensingClient:
  Version:                 1.18.1+9fbee8e
  Session Id:              16ac0a34ba7a450c8cf8541f7ad3df36
  Correlation Id:          fde53c53c958b2e2a266d78072a0e49e
  External correlation Id: 8965253124695935188
  Machine Id:              WdbJyY1ohjOZjQBbuRdciEBLWqo=
[Licensing::Module] Successfully connected to LicensingClient on channel: "LicenseClient-Filip-6000.5.0" (connect: 0.00s, validation: 0.00s, handshake: 0.00s)
[Licensing::IpcConnector] Successfully connected to: "LicenseClient-Filip-6000.5.0-notifications" at "2026-08-05T18:44:44.4313427Z"
[Licensing::Module] Licensing Background thread has ended after 0.57s
d3d12: failed to query info queue interface (0x80004002).
Direct3D:
    Version:         Direct3D 12 [level 12.2]
    Renderer:        NVIDIA GeForce RTX 4070 Ti SUPER (ID=0x2689)
    Vendor:          NVIDIA
    VRAM:            16061 MB
    App VRAM Budget: 15293 MB
    Driver:          32.0.16.1062
Initialize mono
Mono path[0] = 'D:/Software/Unity Installs/6000.5.0f1/Editor/Data/Managed'
Mono path[1] = 'D:/Software/Unity Installs/6000.5.0f1/Editor/Data/BCLExtensions/runtime/netstandard2.1'
Mono path[2] = 'D:/Software/Unity Installs/6000.5.0f1/Editor/Data/MonoBleedingEdge/lib/mono/unityjit-win32'
Mono config path = 'D:/Software/Unity Installs/6000.5.0f1/Editor/Data/MonoBleedingEdge/etc'
Using monoOptions --debugger-agent=transport=dt_socket,embedding=1,server=y,suspend=n,address=127.0.0.1:56040
CodeReloadManager initialized
Begin MonoManager ReloadAssembly
Registering precompiled unity dll's ...
Register platform support module: D:/Software/Unity Installs/6000.5.0f1/Editor/Data/PlaybackEngines/WindowsStandaloneSupport/UnityEditor.WindowsStandalone.Extensions.dll
Registered in 0.000921 seconds.
Native extension for WindowsStandalone target not found
Package Manager log level set to [2]
[Package Manager] Failed to launch server process. Reason: Unity was launched with the -noUpm command-line argument
[Package Manager] Unable to send message (not connected to server process).
[Package Manager] Cannot connect to Unity Package Manager local server
ScheduleIndexationOnStartup MainProcess:False IndexOnStartup:True
Mono: successfully reloaded assembly
- Finished resetting the current domain, in  0.311 seconds
Domain Reload Profiling: 714ms
	BeginReloadAssembly (95ms)
	RebuildCommonClasses (5ms)
	RebuildNativeTypeToScriptingClass (17ms)
	initialDomainReloadingComplete (49ms)
	LoadAllAssembliesAndSetupDomain (236ms)
		LoadAssemblies (94ms)
		AnalyzeDomain (175ms)
			TypeCache.Refresh (174ms)
				TypeCache.ScanAssembly (160ms)
	FinalizeReload (313ms)
		SetupLoadedEditorAssemblies (0ms)
			BeforeProcessingInitializeOnLoad (81ms)
			ProcessInitializeOnLoadAttributes (75ms)
			ProcessInitializeOnLoadMethodAttributes (89ms)
Initializing Unity extensions:
[Licensing::Client] Successfully resolved entitlement details
[Licensing::Module] License group:
  Id: 3573578210267-UnityPersXXXX
  Product: Unity Personal
  Type: Assigned
  Expiration: Unlimited
Curl error 3: URL rejected: Malformed input to a URL function
========================================================================
Worker process is ready to serve import requests
Import Worker Mode flag is 0x00
Begin MonoManager ReloadAssembly
Native extension for WindowsStandalone target not found
[Package Manager] Failed to launch server process. Reason: Unity was launched with the -noUpm command-line argument
[Package Manager] Unable to send message (not connected to server process).
[Package Manager] Cannot connect to Unity Package Manager local server
[Package Manager] Failed to launch server process. Reason: Unity was launched with the -noUpm command-line argument
[Package Manager] Unable to send message (not connected to server process).
[Package Manager] Cannot connect to Unity Package Manager local server
ScheduleIndexationOnStartup MainProcess:False IndexOnStartup:True
Mono: successfully reloaded assembly
- Finished resetting the current domain, in  0.709 seconds
Domain Reload Profiling: 1414ms
	BeginReloadAssembly (141ms)
		DisableScriptedObjects (4ms)
		CreateAndSetChildDomain (27ms)
	RebuildCommonClasses (6ms)
	RebuildNativeTypeToScriptingClass (15ms)
	initialDomainReloadingComplete (39ms)
	LoadAllAssembliesAndSetupDomain (504ms)
		LoadAssemblies (262ms)
		AnalyzeDomain (227ms)
			TypeCache.Refresh (148ms)
				TypeCache.ScanAssembly (136ms)
			BuildScriptInfoCaches (68ms)
			ResolveRequiredComponents (8ms)
	FinalizeReload (710ms)
		SetupLoadedEditorAssemblies (0ms)
			BeforeProcessingInitializeOnLoad (79ms)
			ProcessInitializeOnLoadAttributes (271ms)
			ProcessInitializeOnLoadMethodAttributes (219ms)
			AfterProcessingInitializeOnLoad (3ms)
AcceleratorClientConnectionCallback - disconnected - :0
Launched and connected shader compiler UnityShaderCompiler.exe after 0.01 seconds
Unloading 22 Unused Serialized files (Serialized files now loaded: 0)
Curl error 3: URL rejected: Malformed input to a URL function
Unloading 7156 unused Assets / (5.6 MB). Loaded Objects now: 8041.
Memory consumption went from 345.5 MB to 339.8 MB.
Total: 11.348400 ms (FindLiveObjects: 1.185600 ms CreateObjectMapping: 2.419800 ms MarkObjects: 4.868400 ms  DeleteObjects: 2.872800 ms)

========================================================================
Received Import Request.
  Time of request: 2026-08-05T18:44:47.5459485Z
  Time since last request: 753788.57870620000176 seconds.
  importAddress: GUID: 5dfc14c2e992e43ab996bc6415e0c134 - Path: Packages/com.unity.visualscripting/Runtime/VisualScripting.Flow/Framework/Math/Scalar/DeprecatedScalarAdd.cs - Importer: ScriptedImporter/UnityEditor.QuickSearchModule:UnityEditor.Search:ASIAI0B
Importing 'GUID: 5dfc14c2e992e43ab996bc6415e0c134 - Path: Packages/com.unity.visualscripting/Runtime/VisualScripting.Flow/Framework/Math/Scalar/DeprecatedScalarAdd.cs - Importer: ScriptedImporter/UnityEditor.QuickSearchModule:UnityEditor.Search:ASIAI0B' with importer (ScriptedImporter : UnityEditor.QuickSearchModule:UnityEditor.Search:ASIAI0B)
Imported 'GUID: 5dfc14c2e992e43ab996bc6415e0c134' -> (Import Result ID: 'e663fb702f9b5b4d409735f2199290cd') in 0.054 seconds [static and dynamic dependencies]. Details - ImportResultOutputID=af1a0b88f389d627942b4a687f45758e DependenciesID=62a9fb22ea27f1b5d5937094d2fc09f7 StaticDependenciesID=68d2dedacc43f00051b8addbc3af6c61 
Number of updated asset objects reloaded before import = 0
Number of asset objects unloaded after import = 0
========================================================================
Received Import Request.
  Time of request: 2026-08-05T18:44:47.6093019Z
  Time since last request: 0.0000987 seconds.
  importAddress: GUID: b45ee443b6731493f9cf40f7f2efbc47 - Path: Packages/com.unity.visualscripting/Runtime/VisualScripting.Flow/Framework/Events/Physics2D/OnTriggerStay2D.cs - Importer: ScriptedImporter/UnityEditor.QuickSearchModule:UnityEditor.Search:ASIAI0B
Importing 'GUID: b45ee443b6731493f9cf40f7f2efbc47 - Path: Packages/com.unity.visualscripting/Runtime/VisualScripting.Flow/Framework/Events/Physics2D/OnTriggerStay2D.cs - Importer: ScriptedImporter/UnityEditor.QuickSearchModule:UnityEditor.Search:ASIAI0B' with importer (ScriptedImporter : UnityEditor.QuickSearchModule:UnityEditor.Search:ASIAI0B)
Imported 'GUID: b45ee443b6731493f9cf40f7f2efbc47' -> (Import Result ID: '7200f6ce8d8849391a372ced189f6aca') in 0.002 seconds [static and dynamic dependencies]. Details - ImportResultOutputID=539d018558e72ae5437688eb6e1d96f4 DependenciesID=a74fd11f596dbd219bc968792e31e303 StaticDependenciesID=cb51fd0275851cbb17cc544154c1c0eb 
Number of updated asset objects reloaded before import = 0
Number of asset objects unloaded after import = 0
========================================================================
Received Import Request.
  Time of request: 2026-08-05T18:44:47.6262033Z
  Time since last request: 0.0074142 seconds.
  importAddress: GUID: 7bf26d8b29910457897a2d640f71bac2 - Path: Packages/com.unity.visualscripting/Runtime/VisualScripting.Flow/Framework/Math/Vector4/Vector4Maximum.cs - Importer: ScriptedImporter/UnityEditor.QuickSearchModule:UnityEditor.Search:ASIAI0B
Importing 'GUID: 7bf26d8b29910457897a2d640f71bac2 - Path: Packages/com.unity.visualscripting/Runtime/VisualScripting.Flow/Framework/Math/Vector4/Vector4Maximum.cs - Importer: ScriptedImporter/UnityEditor.QuickSearchModule:UnityEditor.Search:ASIAI0B' with importer (ScriptedImporter : UnityEditor.QuickSearchModule:UnityEditor.Search:ASIAI0B)
Imported 'GUID: 7bf26d8b29910457897a2d640f71bac2' -> (Import Result ID: '89cbddcfa3ba2a01d3721a21df834c9a') in 0.003 seconds [static and dynamic dependencies]. Details - ImportResultOutputID=7ef12e1b953ba87a0ad2ed23dbfd9541 DependenciesID=4ee53d60db6a4aa3788f3d25d784475a StaticDependenciesID=b9721d29e70d5332756dabf8c6056d55 
Number of updated asset objects reloaded before import = 0
Number of asset objects unloaded after import = 0
========================================================================
Received Import Request.
  Time of request: 2026-08-05T18:44:47.6361468Z
  Time since last request: 0.0004096 seconds.
  importAddress: GUID: 77d96d89dd9e24f1fb646f095bea5cda - Path: Packages/com.unity.visualscripting/Runtime/VisualScripting.Flow/Framework/Math/Vector2/Vector2Distance.cs - Importer: ScriptedImporter/UnityEditor.QuickSearchModule:UnityEditor.Search:ASIAI0B
Importing 'GUID: 77d96d89dd9e24f1fb646f095bea5cda - Path: Packages/com.unity.visualscripting/Runtime/VisualScripting.Flow/Framework/Math/Vector2/Vector2Distance.cs - Importer: ScriptedImporter/UnityEditor.QuickSearchModule:UnityEditor.Search:ASIAI0B' with importer (ScriptedImporter : UnityEditor.QuickSearchModule:UnityEditor.Search:ASIAI0B)
Imported 'GUID: 77d96d89dd9e24f1fb646f095bea5cda' -> (Import Result ID: '193c777d2ba49dcd395fe1e1cfa431db') in 0.003 seconds [static and dynamic dependencies]. Details - ImportResultOutputID=4fc48f3b722c0cb0fdac827be0e76d9d DependenciesID=33fd00131dfa3681f8fabea8ae855c29 StaticDependenciesID=c0b160236ccb80068e8bbcadabd38672 
Number of updated asset objects reloaded before import = 0
Number of asset objects unloaded after import = 0
========================================================================
Received Import Request.
  Time of request: 2026-08-05T18:44:47.6477373Z
  Time since last request: 0.000285 seconds.
  importAddress: GUID: ff70b9856e27b4278b96c17a9e977619 - Path: Packages/com.unity.visualscripting/Runtime/VisualScripting.Flow/Framework/Math/Vector4/Vector4Subtract.cs - Importer: ScriptedImporter/UnityEditor.QuickSearchModule:UnityEditor.Search:ASIAI0B
Importing 'GUID: ff70b9856e27b4278b96c17a9e977619 - Path: Packages/com.unity.visualscripting/Runtime/VisualScripting.Flow/Framework/Math/Vector4/Vector4Subtract.cs - Importer: ScriptedImporter/UnityEditor.QuickSearchModule:UnityEditor.Search:ASIAI0B' with importer (ScriptedImporter : UnityEditor.QuickSearchModule:UnityEditor.Search:ASIAI0B)
Imported 'GUID: ff70b9856e27b4278b96c17a9e977619' -> (Import Result ID: '7c3c89602842ea270ec155cd65d071f9') in 0.004 seconds [static and dynamic dependencies]. Details - ImportResultOutputID=20f57c24aa247e9b2e6883d26157d615 DependenciesID=9aa0df081862b177f0c64e65e9682782 StaticDependenciesID=562bef7f703c8aeb298689d7336f85d1 
Number of updated asset objects reloaded before import = 0
Number of asset objects unloaded after import = 0
========================================================================
Received Import Request.
  Time of request: 2026-08-05T18:44:47.6581731Z
  Time since last request: 0.0002141 seconds.
  importAddress: GUID: c67283f54d58842718fdf793bb6a248e - Path: Packages/com.unity.visualscripting/Runtime/VisualScripting.Flow/Framework/Math/Scalar/ScalarSubtract.cs - Importer: ScriptedImporter/UnityEditor.QuickSearchModule:UnityEditor.Search:ASIAI0B
Importing 'GUID: c67283f54d58842718fdf793bb6a248e - Path: Packages/com.unity.visualscripting/Runtime/VisualScripting.Flow/Framework/Math/Scalar/ScalarSubtract.cs - Importer: ScriptedImporter/UnityEditor.QuickSearchModule:UnityEditor.Search:ASIAI0B' with importer (ScriptedImporter : UnityEditor.QuickSearchModule:UnityEditor.Search:ASIAI0B)
Imported 'GUID: c67283f54d58842718fdf793bb6a248e' -> (Import Result ID: '86988c9b14b6cc6cf58b62d64e81a9f1') in 0.002 seconds [static and dynamic dependencies]. Details - ImportResultOutputID=efd3f391f145aafa37ab660aafc559c3 DependenciesID=a4947b4738442c29881e5ee67b00005a StaticDependenciesID=770b5230f9be9e4a53d01dc319d6478d 
Number of updated asset objects reloaded before import = 0
Number of asset objects unloaded after import = 0
========================================================================
Received Import Request.
  Time of request: 2026-08-05T18:44:47.6678707Z
  Time since last request: 0.0003996 seconds.
  importAddress: GUID: d1158b8eb76074d23891010ce3a7de67 - Path: Packages/com.unity.visualscripting/Runtime/VisualScripting.Flow/Framework/Math/Vector3/Vector3Modulo.cs - Importer: ScriptedImporter/UnityEditor.QuickSearchModule:UnityEditor.Search:ASIAI0B
Importing 'GUID: d1158b8eb76074d23891010ce3a7de67 - Path: Packages/com.unity.visualscripting/Runtime/VisualScripting.Flow/Framework/Math/Vector3/Vector3Modulo.cs - Importer: ScriptedImporter/UnityEditor.QuickSearchModule:UnityEditor.Search:ASIAI0B' with importer (ScriptedImporter : UnityEditor.QuickSearchModule:UnityEditor.Search:ASIAI0B)
Imported 'GUID: d1158b8eb76074d23891010ce3a7de67' -> (Import Result ID: '6ca4d19808eef7fa4c7f52200fa50c07') in 0.002 seconds [static and dynamic dependencies]. Details - ImportResultOutputID=ad87c080117c4e026302ed3b2873432d DependenciesID=1a8477d519b0c31d19a5e88319c1a051 StaticDependenciesID=10ec42799a9ad1b5bf18c01cab7bb956 
Number of updated asset objects reloaded before import = 0
Number of asset objects unloaded after import = 0
========================================================================
Received Import Request.
  Time of request: 2026-08-05T18:44:47.677165Z
  Time since last request: 0.0003508 seconds.
  importAddress: GUID: 13ccb60195c6c460b873d505f64e58c0 - Path: Packages/com.unity.visualscripting/Runtime/VisualScripting.Flow/Framework/Math/Vector4/Vector4Sum.cs - Importer: ScriptedImporter/UnityEditor.QuickSearchModule:UnityEditor.Search:ASIAI0B
Importing 'GUID: 13ccb60195c6c460b873d505f64e58c0 - Path: Packages/com.unity.visualscripting/Runtime/VisualScripting.Flow/Framework/Math/Vector4/Vector4Sum.cs - Importer: ScriptedImporter/UnityEditor.QuickSearchModule:UnityEditor.Search:ASIAI0B' with importer (ScriptedImporter : UnityEditor.QuickSearchModule:UnityEditor.Search:ASIAI0B)
Imported 'GUID: 13ccb60195c6c460b873d505f64e58c0' -> (Import Result ID: '3dc1502c88aade5d736614d4713d9e24') in 0.002 seconds [static and dynamic dependencies]. Details - ImportResultOutputID=6df670f8ae5b745d3ae465206ebaa2aa DependenciesID=4a8f89d17c2bfeabcdad0febdd7cc4e3 StaticDependenciesID=44ad69f08404e9672c0e87c1c29b26e5 
Number of updated asset objects reloaded before import = 0
Number of asset objects unloaded after import = 0
========================================================================
Received Import Request.
  Time of request: 2026-08-05T18:44:47.6886249Z
  Time since last request: 0.0005744 seconds.
  importAddress: GUID: 4951804a436f84f6cbf8a27410e76c64 - Path: Packages/com.unity.visualscripting/Runtime/VisualScripting.Flow/Framework/Math/Vector3/Vector3Subtract.cs - Importer: ScriptedImporter/UnityEditor.QuickSearchModule:UnityEditor.Search:ASIAI0B
Importing 'GUID: 4951804a436f84f6cbf8a27410e76c64 - Path: Packages/com.unity.visualscripting/Runtime/VisualScripting.Flow/Framework/Math/Vector3/Vector3Subtract.cs - Importer: ScriptedImporter/UnityEditor.QuickSearchModule:UnityEditor.Search:ASIAI0B' with importer (ScriptedImporter : UnityEditor.QuickSearchModule:UnityEditor.Search:ASIAI0B)
Imported 'GUID: 4951804a436f84f6cbf8a27410e76c64' -> (Import Result ID: '20c15d30344c6b6aac3fa9988ef22135') in 0.002 seconds [static and dynamic dependencies]. Details - ImportResultOutputID=c0bde13b71a2ab504ac351ff7783d445 DependenciesID=1582192bd36a0778c65b99bf23bb3742 StaticDependenciesID=ba8b9b2e6587cd99f7bff6aae1efec1a 
Number of updated asset objects reloaded before import = 0
Number of asset objects unloaded after import = 0
========================================================================
Received Import Request.
  Time of request: 2026-08-05T18:44:47.6995037Z
  Time since last request: 0.0003095 seconds.
  importAddress: GUID: 0949a6b19cebf4a8aad4cd2bb80207e0 - Path: Packages/com.unity.visualscripting/Runtime/VisualScripting.Flow/Framework/Math/Vector3/Vector3PerSecond.cs - Importer: ScriptedImporter/UnityEditor.QuickSearchModule:UnityEditor.Search:ASIAI0B
Importing 'GUID: 0949a6b19cebf4a8aad4cd2bb80207e0 - Path: Packages/com.unity.visualscripting/Runtime/VisualScripting.Flow/Framework/Math/Vector3/Vector3PerSecond.cs - Importer: ScriptedImporter/UnityEditor.QuickSearchModule:UnityEditor.Search:ASIAI0B' with importer (ScriptedImporter : UnityEditor.QuickSearchModule:UnityEditor.Search:ASIAI0B)
Imported 'GUID: 0949a6b19cebf4a8aad4cd2bb80207e0' -> (Import Result ID: '1b256877a9d5f00ef6393d54bd2c26ef') in 0.002 seconds [static and dynamic dependencies]. Details - ImportResultOutputID=6feb812a9d432860ee17b27bffbafa91 DependenciesID=3be81441e2af736d70278b8c4b4fca89 StaticDependenciesID=50b10de02d9f8d5930e6fe916b5266b3 
Number of updated asset objects reloaded before import = 0
Number of asset objects unloaded after import = 0
========================================================================
Received Import Request.
  Time of request: 2026-08-05T18:44:47.726972Z
  Time since last request: 0.0169819 seconds.
  importAddress: GUID: b805c9b714cc14a639d8dbb54ebbb81d - Path: Packages/com.unity.visualscripting/Runtime/VisualScripting.Core/Dependencies/FullSerializer/Converters/Unity/UnityEvent_Converter.cs - Importer: ScriptedImporter/UnityEditor.QuickSearchModule:UnityEditor.Search:ASIAI0B
Importing 'GUID: b805c9b714cc14a639d8dbb54ebbb81d - Path: Packages/com.unity.visualscripting/Runtime/VisualScripting.Core/Dependencies/FullSerializer/Converters/Unity/UnityEvent_Converter.cs - Importer: ScriptedImporter/UnityEditor.QuickSearchModule:UnityEditor.Search:ASIAI0B' with importer (ScriptedImporter : UnityEditor.QuickSearchModule:UnityEditor.Search:ASIAI0B)
Imported 'GUID: b805c9b714cc14a639d8dbb54ebbb81d' -> (Import Result ID: 'aee62ac8bf40c180b6fb845c52553c4d') in 0.003 seconds [static and dynamic dependencies]. Details - ImportResultOutputID=878133a7e34ea43ee66926a69492aaab DependenciesID=18f93ba14ee273806ef7e0f0e4a8d61c StaticDependenciesID=7bdfb1499ccda64af216602590c706b6 
Number of updated asset objects reloaded before import = 0
Number of asset objects unloaded after import = 0
========================================================================
Received Import Request.
  Time of request: 2026-08-05T18:44:47.7375509Z
  Time since last request: 0.0009531 seconds.
  importAddress: GUID: 0c8d8f4f48f594e4185f1b2855d1e771 - Path: Packages/com.unity.visualscripting/Runtime/VisualScripting.Flow/Framework/Variables/Obsolete/GetSceneVariable.cs - Importer: ScriptedImporter/UnityEditor.QuickSearchModule:UnityEditor.Search:ASIAI0B
Importing 'GUID: 0c8d8f4f48f594e4185f1b2855d1e771 - Path: Packages/com.unity.visualscripting/Runtime/VisualScripting.Flow/Framework/Variables/Obsolete/GetSceneVariable.cs - Importer: ScriptedImporter/UnityEditor.QuickSearchModule:UnityEditor.Search:ASIAI0B' with importer (ScriptedImporter : UnityEditor.QuickSearchModule:UnityEditor.Search:ASIAI0B)
Imported 'GUID: 0c8d8f4f48f594e4185f1b2855d1e771' -> (Import Result ID: '19484ac1b9f3af1bfd693c5cff671dfb') in 0.003 seconds [static and dynamic dependencies]. Details - ImportResultOutputID=d7fcd09be7188a86f07992cb1cd30617 DependenciesID=2d63dbe939bad4ea85fcf77d39661f6c StaticDependenciesID=95dea845c31a3b99c27f6112b8019c41 
Number of updated asset objects reloaded before import = 0
Number of asset objects unloaded after import = 0
========================================================================
Received Import Request.
  Time of request: 2026-08-05T18:44:47.7490877Z
  Time since last request: 0.0002465 seconds.
  importAddress: GUID: d6e3d33b24a204546bcb65611742890c - Path: Packages/com.unity.2d.aseprite/ValidationExceptions.json - Importer: ScriptedImporter/UnityEditor.QuickSearchModule:UnityEditor.Search:ASIAI0B
Importing 'GUID: d6e3d33b24a204546bcb65611742890c - Path: Packages/com.unity.2d.aseprite/ValidationExceptions.json - Importer: ScriptedImporter/UnityEditor.QuickSearchModule:UnityEditor.Search:ASIAI0B' with importer (ScriptedImporter : UnityEditor.QuickSearchModule:UnityEditor.Search:ASIAI0B)
Imported 'GUID: d6e3d33b24a204546bcb65611742890c' -> (Import Result ID: 'bbb1a1899845e7cb3671bc4a6d3ad815') in 0.009 seconds [static and dynamic dependencies]. Details - ImportResultOutputID=fb456c615c43ba6619eb8030b4453bad DependenciesID=68701fe52145089321de39e435742d99 StaticDependenciesID=21034c733f0fdcce7bc3ec492fae3908 
Number of updated asset objects reloaded before import = 0
Number of asset objects unloaded after import = 1
========================================================================
Received Import Request.
  Time of request: 2026-08-05T18:44:47.7658261Z
  Time since last request: 0.0002237 seconds.
  importAddress: GUID: 81f76c12258c046e182116c0c8b5ec25 - Path: Packages/com.unity.visualscripting/Runtime/VisualScripting.Flow/Framework/Variables/Obsolete/GetSavedVariable.cs - Importer: ScriptedImporter/UnityEditor.QuickSearchModule:UnityEditor.Search:ASIAI0B
Importing 'GUID: 81f76c12258c046e182116c0c8b5ec25 - Path: Packages/com.unity.visualscripting/Runtime/VisualScripting.Flow/Framework/Variables/Obsolete/GetSavedVariable.cs - Importer: ScriptedImporter/UnityEditor.QuickSearchModule:UnityEditor.Search:ASIAI0B' with importer (ScriptedImporter : UnityEditor.QuickSearchModule:UnityEditor.Search:ASIAI0B)
Imported 'GUID: 81f76c12258c046e182116c0c8b5ec25' -> (Import Result ID: '5af5829efeb70d83440d410db61edf53') in 0.002 seconds [static and dynamic dependencies]. Details - ImportResultOutputID=966442f74328b7115ff4f97eefed05a3 DependenciesID=cd26f92486b10f7c06d945eac2e1c52e StaticDependenciesID=451c8753b529f49cbf91001402206288 
Number of updated asset objects reloaded before import = 0
Number of asset objects unloaded after import = 0
========================================================================
Received Import Request.
  Time of request: 2026-08-05T18:44:47.775732Z
  Time since last request: 0.0002257 seconds.
  importAddress: GUID: 7bf47a5f03a29452f9d77b7a4b211efd - Path: Packages/com.unity.visualscripting/Runtime/VisualScripting.Flow/Framework/Variables/Obsolete/SetSceneVariable.cs - Importer: ScriptedImporter/UnityEditor.QuickSearchModule:UnityEditor.Search:ASIAI0B
Importing 'GUID: 7bf47a5f03a29452f9d77b7a4b211efd - Path: Packages/com.unity.visualscripting/Runtime/VisualScripting.Flow/Framework/Variables/Obsolete/SetSceneVariable.cs - Importer: ScriptedImporter/UnityEditor.QuickSearchModule:UnityEditor.Search:ASIAI0B' with importer (ScriptedImporter : UnityEditor.QuickSearchModule:UnityEditor.Search:ASIAI0B)
Imported 'GUID: 7bf47a5f03a29452f9d77b7a4b211efd' -> (Import Result ID: 'dfbfc1f4057dbfeec47f43fa64c290cb') in 0.002 seconds [static and dynamic dependencies]. Details - ImportResultOutputID=295122c023519f78810468ca3870e5c8 DependenciesID=0b19ec8ac466ff9d935848ffbe9b7e9a StaticDependenciesID=2aaff8e57171e5dc89101f2a8ff00024 
Number of updated asset objects reloaded before import = 0
Number of asset objects unloaded after import = 0
========================================================================
Received Import Request.
  Time of request: 2026-08-05T18:44:47.7859012Z
  Time since last request: 0.0002322 seconds.
  importAddress: GUID: b9e07fa015d343f9b78fc0781eac439f - Path: Packages/com.unity.2d.aseprite/Editor/Aseprite/AsepriteReader.cs - Importer: ScriptedImporter/UnityEditor.QuickSearchModule:UnityEditor.Search:ASIAI0B
Importing 'GUID: b9e07fa015d343f9b78fc0781eac439f - Path: Packages/com.unity.2d.aseprite/Editor/Aseprite/AsepriteReader.cs - Importer: ScriptedImporter/UnityEditor.QuickSearchModule:UnityEditor.Search:ASIAI0B' with importer (ScriptedImporter : UnityEditor.QuickSearchModule:UnityEditor.Search:ASIAI0B)
Imported 'GUID: b9e07fa015d343f9b78fc0781eac439f' -> (Import Result ID: '426513f6078ccd285916a05762f8df4e') in 0.003 seconds [static and dynamic dependencies]. Details - ImportResultOutputID=50e4e9f490c41a237f010759ba4d4358 DependenciesID=dff88fef4ba2768f6a885072ca6b9b63 StaticDependenciesID=646cb112edae3198878be21d17966693 
Number of updated asset objects reloaded before import = 0
Number of asset objects unloaded after import = 0
========================================================================
Received Import Request.
  Time of request: 2026-08-05T18:44:47.7978388Z
  Time since last request: 0.0004124 seconds.
  importAddress: GUID: c8d32ea64ebd42859bf7585e5d244db6 - Path: Packages/com.unity.2d.aseprite/Editor/AsepriteSpriteEditorDataProvider.cs - Importer: ScriptedImporter/UnityEditor.QuickSearchModule:UnityEditor.Search:ASIAI0B
Importing 'GUID: c8d32ea64ebd42859bf7585e5d244db6 - Path: Packages/com.unity.2d.aseprite/Editor/AsepriteSpriteEditorDataProvider.cs - Importer: ScriptedImporter/UnityEditor.QuickSearchModule:UnityEditor.Search:ASIAI0B' with importer (ScriptedImporter : UnityEditor.QuickSearchModule:UnityEditor.Search:ASIAI0B)
Imported 'GUID: c8d32ea64ebd42859bf7585e5d244db6' -> (Import Result ID: 'af9fb4b71245f727fd567f07ba4cbf69') in 0.002 seconds [static and dynamic dependencies]. Details - ImportResultOutputID=663e3d621bb7c7c8f9362e047fd7a31a DependenciesID=73706c3c56db1b63f1af4c622ed839b1 StaticDependenciesID=fea6eb5244ff18a2f801b207b904849a 
Number of updated asset objects reloaded before import = 0
Number of asset objects unloaded after import = 0
========================================================================
Received Import Request.
  Time of request: 2026-08-05T18:44:47.8073172Z
  Time since last request: 0.0002817 seconds.
  importAddress: GUID: fbcb8ff63a5f44e1b539d4ec1b31175e - Path: Packages/com.unity.2d.aseprite/Editor/AsepriteImporterSettings.cs - Importer: ScriptedImporter/UnityEditor.QuickSearchModule:UnityEditor.Search:ASIAI0B
Importing 'GUID: fbcb8ff63a5f44e1b539d4ec1b31175e - Path: Packages/com.unity.2d.aseprite/Editor/AsepriteImporterSettings.cs - Importer: ScriptedImporter/UnityEditor.QuickSearchModule:UnityEditor.Search:ASIAI0B' with importer (ScriptedImporter : UnityEditor.QuickSearchModule:UnityEditor.Search:ASIAI0B)
Imported 'GUID: fbcb8ff63a5f44e1b539d4ec1b31175e' -> (Import Result ID: 'eaa4e1b1f71b8ea2b22a6fe1dc477175') in 0.002 seconds [static and dynamic dependencies]. Details - ImportResultOutputID=0eca0875cda7454fe85e2dd7d66a35dc DependenciesID=c191f6ac6777bc5d4f2b068d594d0673 StaticDependenciesID=de5b5f5e969f82c4930f23c28beffa43 
Number of updated asset objects reloaded before import = 0
Number of asset objects unloaded after import = 0
========================================================================
Received Import Request.
  Time of request: 2026-08-05T18:44:47.8279653Z
  Time since last request: 0.011801 seconds.
  importAddress: GUID: f66454863bc106549a6b53849ee63b41 - Path: Packages/com.unity.timeline/README.md - Importer: ScriptedImporter/UnityEditor.QuickSearchModule:UnityEditor.Search:ASIAI0B
Importing 'GUID: f66454863bc106549a6b53849ee63b41 - Path: Packages/com.unity.timeline/README.md - Importer: ScriptedImporter/UnityEditor.QuickSearchModule:UnityEditor.Search:ASIAI0B' with importer (ScriptedImporter : UnityEditor.QuickSearchModule:UnityEditor.Search:ASIAI0B)
Imported 'GUID: f66454863bc106549a6b53849ee63b41' -> (Import Result ID: 'a6578f2102e5a3eecf5795655bc74c78') in 0.009 seconds [static and dynamic dependencies]. Details - ImportResultOutputID=d991851322d85678bbbedf18601ea46b DependenciesID=ef57485df0dd584e474e413a311f0e2c StaticDependenciesID=f71265624c72e699d43195f41fe9910d 
Number of updated asset objects reloaded before import = 0
Number of asset objects unloaded after import = 1
========================================================================
Received Import Request.
  Time of request: 2026-08-05T18:44:47.8435567Z
  Time since last request: 0.0002644 seconds.
  importAddress: GUID: 9550f6b9c1ac87345a996c43f204fb30 - Path: Packages/com.unity.timeline/DocCodeExamples/DocCodeExamples.asmdef - Importer: ScriptedImporter/UnityEditor.QuickSearchModule:UnityEditor.Search:ASIAI0B
Importing 'GUID: 9550f6b9c1ac87345a996c43f204fb30 - Path: Packages/com.unity.timeline/DocCodeExamples/DocCodeExamples.asmdef - Importer: ScriptedImporter/UnityEditor.QuickSearchModule:UnityEditor.Search:ASIAI0B' with importer (ScriptedImporter : UnityEditor.QuickSearchModule:UnityEditor.Search:ASIAI0B)
Imported 'GUID: 9550f6b9c1ac87345a996c43f204fb30' -> (Import Result ID: '398b367562bcc909792b56731a193057') in 0.009 seconds [static and dynamic dependencies]. Details - ImportResultOutputID=cf80b84aa66faa8b8c7448ef5703b0f6 DependenciesID=7770721a4fb53ad3ba32d76a075ebae5 StaticDependenciesID=eacff435f06c4fbbfd0c3666c5a19172 
Number of updated asset objects reloaded before import = 0
Number of asset objects unloaded after import = 1
========================================================================
Received Import Request.
  Time of request: 2026-08-05T18:44:47.8600575Z
  Time since last request: 0.0002925 seconds.
  importAddress: GUID: b8cfde8b6d0946be85bb2d0d13ea7ff7 - Path: Packages/com.unity.2d.aseprite/Editor/AssetGeneration/AnimatorControllerGeneration.cs - Importer: ScriptedImporter/UnityEditor.QuickSearchModule:UnityEditor.Search:ASIAI0B
Importing 'GUID: b8cfde8b6d0946be85bb2d0d13ea7ff7 - Path: Packages/com.unity.2d.aseprite/Editor/AssetGeneration/AnimatorControllerGeneration.cs - Importer: ScriptedImporter/UnityEditor.QuickSearchModule:UnityEditor.Search:ASIAI0B' with importer (ScriptedImporter : UnityEditor.QuickSearchModule:UnityEditor.Search:ASIAI0B)
Imported 'GUID: b8cfde8b6d0946be85bb2d0d13ea7ff7' -> (Import Result ID: '70f9a8f23c35832d4a2a46c2398acc37') in 0.002 seconds [static and dynamic dependencies]. Details - ImportResultOutputID=b2429331744c10b5fc11d2eb93d56650 DependenciesID=d2841ceb14fa57666c54ef79729c7bbd StaticDependenciesID=f9b4e983c5a74fc66a2caf59e8fdc6fc 
Number of updated asset objects reloaded before import = 0
Number of asset objects unloaded after import = 0
========================================================================
Received Import Request.
  Time of request: 2026-08-05T18:44:47.8699177Z
  Time since last request: 0.0002241 seconds.
  importAddress: GUID: 9e2b7a65f0a52974193ed497d145b0bc - Path: Packages/com.unity.timeline/Editor/CurveEditUtility.cs - Importer: ScriptedImporter/UnityEditor.QuickSearchModule:UnityEditor.Search:ASIAI0B
Importing 'GUID: 9e2b7a65f0a52974193ed497d145b0bc - Path: Packages/com.unity.timeline/Editor/CurveEditUtility.cs - Importer: ScriptedImporter/UnityEditor.QuickSearchModule:UnityEditor.Search:ASIAI0B' with importer (ScriptedImporter : UnityEditor.QuickSearchModule:UnityEditor.Search:ASIAI0B)
Imported 'GUID: 9e2b7a65f0a52974193ed497d145b0bc' -> (Import Result ID: '1eeec723dfd545dcf55405ccaab5d910') in 0.002 seconds [static and dynamic dependencies]. Details - ImportResultOutputID=bac3e269c2e1c02dbd9635c75425349b DependenciesID=02355cf87238a6a5fa8377ee8feec9a9 StaticDependenciesID=8b533949e4a7646a6f3a3292bef458eb 
Number of updated asset objects reloaded before import = 0
Number of asset objects unloaded after import = 0
========================================================================
Received Import Request.
  Time of request: 2026-08-05T18:44:47.8805421Z
  Time since last request: 0.0002681 seconds.
  importAddress: GUID: c072e5b741a87974385c270827879cbf - Path: Packages/com.unity.timeline/Editor/TimelineEditor.cs - Importer: ScriptedImporter/UnityEditor.QuickSearchModule:UnityEditor.Search:ASIAI0B
Importing 'GUID: c072e5b741a87974385c270827879cbf - Path: Packages/com.unity.timeline/Editor/TimelineEditor.cs - Importer: ScriptedImporter/UnityEditor.QuickSearchModule:UnityEditor.Search:ASIAI0B' with importer (ScriptedImporter : UnityEditor.QuickSearchModule:UnityEditor.Search:ASIAI0B)
Imported 'GUID: c072e5b741a87974385c270827879cbf' -> (Import Result ID: '4ed85e0819306ab2673db5501cd611c5') in 0.002 seconds [static and dynamic dependencies]. Details - ImportResultOutputID=19ed173e5d95d1267e2551444e2d5fc1 DependenciesID=e71c0bfed8cf5fa53adfec3a36633c8b StaticDependenciesID=71e473c03e5c5e60a5694d2fd6b73aee 
Number of updated asset objects reloaded before import = 0
Number of asset objects unloaded after import = 0
========================================================================
Received Import Request.
  Time of request: 2026-08-05T18:44:47.8903417Z
  Time since last request: 0.0004264 seconds.
  importAddress: GUID: 51db6c2c7c9647859194e75ff2ec085e - Path: Packages/com.unity.2d.aseprite/Editor/Utilities/PlatformSettingsUtilities.cs - Importer: ScriptedImporter/UnityEditor.QuickSearchModule:UnityEditor.Search:ASIAI0B
Importing 'GUID: 51db6c2c7c9647859194e75ff2ec085e - Path: Packages/com.unity.2d.aseprite/Editor/Utilities/PlatformSettingsUtilities.cs - Importer: ScriptedImporter/UnityEditor.QuickSearchModule:UnityEditor.Search:ASIAI0B' with importer (ScriptedImporter : UnityEditor.QuickSearchModule:UnityEditor.Search:ASIAI0B)
Imported 'GUID: 51db6c2c7c9647859194e75ff2ec085e' -> (Import Result ID: '98497beaf28ae4065c46d90a889c75c7') in 0.002 seconds [static and dynamic dependencies]. Details - ImportResultOutputID=0f1bc0a379a8e474ab0af922e6a5507b DependenciesID=a8675ef87deb1e76a1bba71fdef10c31 StaticDependenciesID=fc3ac515012a0e83f340544fed588ab6 
Number of updated asset objects reloaded before import = 0
Number of asset objects unloaded after import = 0
========================================================================
Received Import Request.
  Time of request: 2026-08-05T18:44:47.9003811Z
  Time since last request: 0.0002582 seconds.
  importAddress: GUID: 7116e04a377b195458798657c617e324 - Path: Packages/com.unity.timeline/Editor/DirectorNamedColor.cs - Importer: ScriptedImporter/UnityEditor.QuickSearchModule:UnityEditor.Search:ASIAI0B
Importing 'GUID: 7116e04a377b195458798657c617e324 - Path: Packages/com.unity.timeline/Editor/DirectorNamedColor.cs - Importer: ScriptedImporter/UnityEditor.QuickSearchModule:UnityEditor.Search:ASIAI0B' with importer (ScriptedImporter : UnityEditor.QuickSearchModule:UnityEditor.Search:ASIAI0B)
Imported 'GUID: 7116e04a377b195458798657c617e324' -> (Import Result ID: '39a489c6d80d8f5e1cf4f0c29e477735') in 0.002 seconds [static and dynamic dependencies]. Details - ImportResultOutputID=d146f1ff3c2494361664c8e64590dd77 DependenciesID=85544596d7a9cc0485bd7683af1186a3 StaticDependenciesID=014ab075319a5148857fcffb28347ec9 
Number of updated asset objects reloaded before import = 0
Number of asset objects unloaded after import = 0
========================================================================
Received Import Request.
  Time of request: 2026-08-05T18:44:47.9111906Z
  Time since last request: 0.0002683 seconds.
  importAddress: GUID: e3161f1cd14e4e2799db62e6545115de - Path: Packages/com.unity.2d.aseprite/Editor/Aseprite/Chunks/LayerChunk.cs - Importer: ScriptedImporter/UnityEditor.QuickSearchModule:UnityEditor.Search:ASIAI0B
Importing 'GUID: e3161f1cd14e4e2799db62e6545115de - Path: Packages/com.unity.2d.aseprite/Editor/Aseprite/Chunks/LayerChunk.cs - Importer: ScriptedImporter/UnityEditor.QuickSearchModule:UnityEditor.Search:ASIAI0B' with importer (ScriptedImporter : UnityEditor.QuickSearchModule:UnityEditor.Search:ASIAI0B)
Imported 'GUID: e3161f1cd14e4e2799db62e6545115de' -> (Import Result ID: '93f01ce4b9d0e904a651d526fe69be6b') in 0.002 seconds [static and dynamic dependencies]. Details - ImportResultOutputID=4d7c47d167bb2ba21c2032968d27db48 DependenciesID=dc49e4fb51066aa59c63ad9991641cac StaticDependenciesID=7b36d6ec8c048a77c31221a0a39563c2 
Number of updated asset objects reloaded before import = 0
Number of asset objects unloaded after import = 0
========================================================================
Received Import Request.
  Time of request: 2026-08-05T18:44:47.9281649Z
  Time since last request: 0.0079455 seconds.
  importAddress: GUID: 512ac45650d443f3be59379c2ecbf068 - Path: Packages/com.unity.timeline/Editor/Actions/IMenuName.cs - Importer: ScriptedImporter/UnityEditor.QuickSearchModule:UnityEditor.Search:ASIAI0B
Importing 'GUID: 512ac45650d443f3be59379c2ecbf068 - Path: Packages/com.unity.timeline/Editor/Actions/IMenuName.cs - Importer: ScriptedImporter/UnityEditor.QuickSearchModule:UnityEditor.Search:ASIAI0B' with importer (ScriptedImporter : UnityEditor.QuickSearchModule:UnityEditor.Search:ASIAI0B)
Imported 'GUID: 512ac45650d443f3be59379c2ecbf068' -> (Import Result ID: 'abf6b5e6ae394164ff683a46a290f4d9') in 0.002 seconds [static and dynamic dependencies]. Details - ImportResultOutputID=8a62fbd5363293c636237bd1ea812b41 DependenciesID=b9e14842064ac10b6098dd7a3d402be1 StaticDependenciesID=ba67fb19e0274373560c73c3969fadd0 
Number of updated asset objects reloaded before import = 0
Number of asset objects unloaded after import = 0
========================================================================
Received Import Request.
  Time of request: 2026-08-05T18:44:47.9378194Z
  Time since last request: 0.0007927 seconds.
  importAddress: GUID: 74374298effb78d47b85450f7f724cef - Path: Packages/com.unity.timeline/Editor/Audio/AudioPlayableAssetEditor.cs - Importer: ScriptedImporter/UnityEditor.QuickSearchModule:UnityEditor.Search:ASIAI0B
Importing 'GUID: 74374298effb78d47b85450f7f724cef - Path: Packages/com.unity.timeline/Editor/Audio/AudioPlayableAssetEditor.cs - Importer: ScriptedImporter/UnityEditor.QuickSearchModule:UnityEditor.Search:ASIAI0B' with importer (ScriptedImporter : UnityEditor.QuickSearchModule:UnityEditor.Search:ASIAI0B)
Imported 'GUID: 74374298effb78d47b85450f7f724cef' -> (Import Result ID: '40d43c9a65d47da5b1603cfe53dce700') in 0.002 seconds [static and dynamic dependencies]. Details - ImportResultOutputID=72429f78a8fc6bf7d2e2c4aa7689f504 DependenciesID=d8a48e666abfb77b05697c1f9ad44d43 StaticDependenciesID=09b823af868861cbff962ad6e340b801 
Number of updated asset objects reloaded before import = 0
Number of asset objects unloaded after import = 0
========================================================================
Received Import Request.
  Time of request: 2026-08-05T18:44:47.9480945Z
  Time since last request: 0.0002455 seconds.
  importAddress: GUID: 0c379d496c819c14b8b5377d7830a59a - Path: Packages/com.unity.timeline/Editor/Actions/Invoker.cs - Importer: ScriptedImporter/UnityEditor.QuickSearchModule:UnityEditor.Search:ASIAI0B
Importing 'GUID: 0c379d496c819c14b8b5377d7830a59a - Path: Packages/com.unity.timeline/Editor/Actions/Invoker.cs - Importer: ScriptedImporter/UnityEditor.QuickSearchModule:UnityEditor.Search:ASIAI0B' with importer (ScriptedImporter : UnityEditor.QuickSearchModule:UnityEditor.Search:ASIAI0B)
Imported 'GUID: 0c379d496c819c14b8b5377d7830a59a' -> (Import Result ID: '805aa6dbe4569a711e1c6a93c6c3b777') in 0.002 seconds [static and dynamic dependencies]. Details - ImportResultOutputID=b0e94df96d2f5a266acff3b010ca6f30 DependenciesID=880153e20592f1e3cdf27f48e915ca82 StaticDependenciesID=d782303cf1f5eff1a5427281c0d9c7fa 
Number of updated asset objects reloaded before import = 0
Number of asset objects unloaded after import = 0
========================================================================
Received Import Request.
  Time of request: 2026-08-05T18:44:47.9576695Z
  Time since last request: 0.0003511 seconds.
  importAddress: GUID: 5e79d50dea5c9c74d9297cce6cd6d053 - Path: Packages/com.unity.timeline/Editor/Actions/ActionContext.cs - Importer: ScriptedImporter/UnityEditor.QuickSearchModule:UnityEditor.Search:ASIAI0B
Importing 'GUID: 5e79d50dea5c9c74d9297cce6cd6d053 - Path: Packages/com.unity.timeline/Editor/Actions/ActionContext.cs - Importer: ScriptedImporter/UnityEditor.QuickSearchModule:UnityEditor.Search:ASIAI0B' with importer (ScriptedImporter : UnityEditor.QuickSearchModule:UnityEditor.Search:ASIAI0B)
Imported 'GUID: 5e79d50dea5c9c74d9297cce6cd6d053' -> (Import Result ID: '0b4a605d73f3e9503cd98095a44cf936') in 0.002 seconds [static and dynamic dependencies]. Details - ImportResultOutputID=458d814f273b2b82318153b45ed789c9 DependenciesID=228d08178a74a77ce1e87ce30c81aee7 StaticDependenciesID=fa3d348354c5ca28980cb1e2ef6239d6 
Number of updated asset objects reloaded before import = 0
Number of asset objects unloaded after import = 0
========================================================================
Received Import Request.
  Time of request: 2026-08-05T18:44:47.9682561Z
  Time since last request: 0.0001978 seconds.
  importAddress: GUID: 23884ce4c1de32846adafea2d53a4cee - Path: Packages/com.unity.timeline/Editor/Audio/AudioPlayableAssetInspector.cs - Importer: ScriptedImporter/UnityEditor.QuickSearchModule:UnityEditor.Search:ASIAI0B
Importing 'GUID: 23884ce4c1de32846adafea2d53a4cee - Path: Packages/com.unity.timeline/Editor/Audio/AudioPlayableAssetInspector.cs - Importer: ScriptedImporter/UnityEditor.QuickSearchModule:UnityEditor.Search:ASIAI0B' with importer (ScriptedImporter : UnityEditor.QuickSearchModule:UnityEditor.Search:ASIAI0B)
Imported 'GUID: 23884ce4c1de32846adafea2d53a4cee' -> (Import Result ID: 'b3bd8b45caa8570fd0c522982f731934') in 0.002 seconds [static and dynamic dependencies]. Details - ImportResultOutputID=6d502f43f3cef57658db8e938fc55910 DependenciesID=77454f203d496a7bcac5817ee3704bf9 StaticDependenciesID=6998be6407eafefbe5721c758e9d39ca 
Number of updated asset objects reloaded before import = 0
Number of asset objects unloaded after import = 0
========================================================================
Received Import Request.
  Time of request: 2026-08-05T18:44:47.9790396Z
  Time since last request: 0.0002111 seconds.
  importAddress: GUID: 02f771204943f4a40949438e873e3eff - Path: Packages/com.unity.timeline/Editor/Unity.Timeline.Editor.asmdef - Importer: ScriptedImporter/UnityEditor.QuickSearchModule:UnityEditor.Search:ASIAI0B
Importing 'GUID: 02f771204943f4a40949438e873e3eff - Path: Packages/com.unity.timeline/Editor/Unity.Timeline.Editor.asmdef - Importer: ScriptedImporter/UnityEditor.QuickSearchModule:UnityEditor.Search:ASIAI0B' with importer (ScriptedImporter : UnityEditor.QuickSearchModule:UnityEditor.Search:ASIAI0B)
Imported 'GUID: 02f771204943f4a40949438e873e3eff' -> (Import Result ID: 'af9ee3a0f003c4aaed7f9c3fd6d2914e') in 0.008 seconds [static and dynamic dependencies]. Details - ImportResultOutputID=26356b9192b7e27404232d1bfacccaa7 DependenciesID=dd55489473703dd456d6723de366eacb StaticDependenciesID=5176269c8f8684e5582e07106db90e34 
Number of updated asset objects reloaded before import = 0
Number of asset objects unloaded after import = 1
========================================================================
Received Import Request.
  Time of request: 2026-08-05T18:44:47.9953914Z
  Time since last request: 0.0002481 seconds.
  importAddress: GUID: 0939c83f40ef46e584340aa87b3cadfe - Path: Packages/com.unity.timeline/Editor/Actions/IMenuChecked.cs - Importer: ScriptedImporter/UnityEditor.QuickSearchModule:UnityEditor.Search:ASIAI0B
Importing 'GUID: 0939c83f40ef46e584340aa87b3cadfe - Path: Packages/com.unity.timeline/Editor/Actions/IMenuChecked.cs - Importer: ScriptedImporter/UnityEditor.QuickSearchModule:UnityEditor.Search:ASIAI0B' with importer (ScriptedImporter : UnityEditor.QuickSearchModule:UnityEditor.Search:ASIAI0B)
Imported 'GUID: 0939c83f40ef46e584340aa87b3cadfe' -> (Import Result ID: '714e7c206da7cfda3b0cf105e06a4112') in 0.002 seconds [static and dynamic dependencies]. Details - ImportResultOutputID=27f1cc6f60518c542180c70fe7c06e1a DependenciesID=a1781353908f2d2665cd881cce9deaaf StaticDependenciesID=f7e60119c1f505915e285d176c95208c 
Number of updated asset objects reloaded before import = 0
Number of asset objects unloaded after import = 0
========================================================================
Received Import Request.
  Time of request: 2026-08-05T18:44:48.0049286Z
  Time since last request: 0.0002403 seconds.
  importAddress: GUID: 4fbcc9b1f6ace8c4f8724a88dccca5f8 - Path: Packages/com.unity.timeline/Editor/Activation/ActivationTrackEditor.cs - Importer: ScriptedImporter/UnityEditor.QuickSearchModule:UnityEditor.Search:ASIAI0B
Importing 'GUID: 4fbcc9b1f6ace8c4f8724a88dccca5f8 - Path: Packages/com.unity.timeline/Editor/Activation/ActivationTrackEditor.cs - Importer: ScriptedImporter/UnityEditor.QuickSearchModule:UnityEditor.Search:ASIAI0B' with importer (ScriptedImporter : UnityEditor.QuickSearchModule:UnityEditor.Search:ASIAI0B)
Imported 'GUID: 4fbcc9b1f6ace8c4f8724a88dccca5f8' -> (Import Result ID: 'aea9d26d3326c180b95d5b90bd1a9de4') in 0.002 seconds [static and dynamic dependencies]. Details - ImportResultOutputID=67dbb468fb681b2c841e2a5d77aa1c4d DependenciesID=7eacc722b8e83b0ba56d07b42bc37387 StaticDependenciesID=0a09a83b46a709ca6ad35aa1d8ba0feb 
Number of updated asset objects reloaded before import = 0
Number of asset objects unloaded after import = 0
========================================================================
Received Import Request.
  Time of request: 2026-08-05T18:44:48.0377329Z
  Time since last request: 0.024144 seconds.
  importAddress: GUID: edc553b1b3c8a25438b62783410b26ae - Path: Packages/com.unity.timeline/Editor/inspectors/AnimationTrackInspector.cs - Importer: ScriptedImporter/UnityEditor.QuickSearchModule:UnityEditor.Search:ASIAI0B
Importing 'GUID: edc553b1b3c8a25438b62783410b26ae - Path: Packages/com.unity.timeline/Editor/inspectors/AnimationTrackInspector.cs - Importer: ScriptedImporter/UnityEditor.QuickSearchModule:UnityEditor.Search:ASIAI0B' with importer (ScriptedImporter : UnityEditor.QuickSearchModule:UnityEditor.Search:ASIAI0B)
Imported 'GUID: edc553b1b3c8a25438b62783410b26ae' -> (Import Result ID: '8c3bd4e17acb40abb8fa5aaf1990f7de') in 0.003 seconds [static and dynamic dependencies]. Details - ImportResultOutputID=d18b3202ed4195765053d3db724918e7 DependenciesID=cbbe12ffc1b60b0f0abdd3164f4f3cbd StaticDependenciesID=9245943fc21c24416ae7262fb385df9a 
Number of updated asset objects reloaded before import = 0
Number of asset objects unloaded after import = 0
========================================================================
Received Import Request.
  Time of request: 2026-08-05T18:44:48.0506374Z
  Time since last request: 0.0003432 seconds.
  importAddress: GUID: 647e1bbd3809b30459d946b4a1ddf22b - Path: Packages/com.unity.timeline/Editor/Items/ItemsPerTrack.cs - Importer: ScriptedImporter/UnityEditor.QuickSearchModule:UnityEditor.Search:ASIAI0B
Importing 'GUID: 647e1bbd3809b30459d946b4a1ddf22b - Path: Packages/com.unity.timeline/Editor/Items/ItemsPerTrack.cs - Importer: ScriptedImporter/UnityEditor.QuickSearchModule:UnityEditor.Search:ASIAI0B' with importer (ScriptedImporter : UnityEditor.QuickSearchModule:UnityEditor.Search:ASIAI0B)
Imported 'GUID: 647e1bbd3809b30459d946b4a1ddf22b' -> (Import Result ID: '29b28ba7b5d2d3494f1b53ffa4935d38') in 0.003 seconds [static and dynamic dependencies]. Details - ImportResultOutputID=443e6bad0ecd25b450246ba3fe95991a DependenciesID=1992d0a0bf321489a50cc147cadd4de5 StaticDependenciesID=52efce582a797d3911fd04b02e529a28 
Number of updated asset objects reloaded before import = 0
Number of asset objects unloaded after import = 0
========================================================================
Received Import Request.
  Time of request: 2026-08-05T18:44:48.0622282Z
  Time since last request: 0.0004269 seconds.
  importAddress: GUID: 02e1fe0a338b35545a5fed1345848332 - Path: Packages/com.unity.timeline/Editor/Manipulators/TimeAreaAutoPanner.cs - Importer: ScriptedImporter/UnityEditor.QuickSearchModule:UnityEditor.Search:ASIAI0B
Importing 'GUID: 02e1fe0a338b35545a5fed1345848332 - Path: Packages/com.unity.timeline/Editor/Manipulators/TimeAreaAutoPanner.cs - Importer: ScriptedImporter/UnityEditor.QuickSearchModule:UnityEditor.Search:ASIAI0B' with importer (ScriptedImporter : UnityEditor.QuickSearchModule:UnityEditor.Search:ASIAI0B)
Imported 'GUID: 02e1fe0a338b35545a5fed1345848332' -> (Import Result ID: '4424876bca15e131012130c57e7a2709') in 0.003 seconds [static and dynamic dependencies]. Details - ImportResultOutputID=ecaedab31bccddbcca312561dc330cdc DependenciesID=5863c076156d33562e8ebf8d7f625108 StaticDependenciesID=00a6fce16c621ffefaea2713079d486f 
Number of updated asset objects reloaded before import = 0
Number of asset objects unloaded after import = 0
========================================================================
Received Import Request.
  Time of request: 2026-08-05T18:44:48.0738014Z
  Time since last request: 0.0003809 seconds.
  importAddress: GUID: fb461734117c80c43ab595d699f801eb - Path: Packages/com.unity.timeline/Editor/inspectors/MarkerInspector.cs - Importer: ScriptedImporter/UnityEditor.QuickSearchModule:UnityEditor.Search:ASIAI0B
Importing 'GUID: fb461734117c80c43ab595d699f801eb - Path: Packages/com.unity.timeline/Editor/inspectors/MarkerInspector.cs - Importer: ScriptedImporter/UnityEditor.QuickSearchModule:UnityEditor.Search:ASIAI0B' with importer (ScriptedImporter : UnityEditor.QuickSearchModule:UnityEditor.Search:ASIAI0B)
Imported 'GUID: fb461734117c80c43ab595d699f801eb' -> (Import Result ID: 'b90d27c91cc340160c3caea7099420c6') in 0.002 seconds [static and dynamic dependencies]. Details - ImportResultOutputID=a1d325cf09c4f9042c024ff2ff52c184 DependenciesID=75fac1941a90dbe599f3b3b347190973 StaticDependenciesID=be3e9512dd576cb237c6171e5fe8355e 
Number of updated asset objects reloaded before import = 0
Number of asset objects unloaded after import = 0
========================================================================
Received Import Request.
  Time of request: 2026-08-05T18:44:48.0838673Z
  Time since last request: 0.0002851 seconds.
  importAddress: GUID: 82f98a3276a149b5833357e702c1d843 - Path: Packages/com.unity.timeline/Editor/State/PlayRange.cs - Importer: ScriptedImporter/UnityEditor.QuickSearchModule:UnityEditor.Search:ASIAI0B
Importing 'GUID: 82f98a3276a149b5833357e702c1d843 - Path: Packages/com.unity.timeline/Editor/State/PlayRange.cs - Importer: ScriptedImporter/UnityEditor.QuickSearchModule:UnityEditor.Search:ASIAI0B' with importer (ScriptedImporter : UnityEditor.QuickSearchModule:UnityEditor.Search:ASIAI0B)
Imported 'GUID: 82f98a3276a149b5833357e702c1d843' -> (Import Result ID: 'f218504d5512d3c97e941a2dd7efc6b3') in 0.002 seconds [static and dynamic dependencies]. Details - ImportResultOutputID=b8296ff66648ad75739222862e54635c DependenciesID=d76c071ac5fe1e2fb800437f5ad5da2e StaticDependenciesID=8ef4ec846e4259fbba3e165f3b85f09b 
Number of updated asset objects reloaded before import = 0
Number of asset objects unloaded after import = 0
========================================================================
Received Import Request.
  Time of request: 2026-08-05T18:44:48.0943892Z
  Time since last request: 0.0002326 seconds.
  importAddress: GUID: 1ec4b8ec4b34f4344bac53c19288eaa2 - Path: Packages/com.unity.timeline/Editor/Items/ItemsGroup.cs - Importer: ScriptedImporter/UnityEditor.QuickSearchModule:UnityEditor.Search:ASIAI0B
Importing 'GUID: 1ec4b8ec4b34f4344bac53c19288eaa2 - Path: Packages/com.unity.timeline/Editor/Items/ItemsGroup.cs - Importer: ScriptedImporter/UnityEditor.QuickSearchModule:UnityEditor.Search:ASIAI0B' with importer (ScriptedImporter : UnityEditor.QuickSearchModule:UnityEditor.Search:ASIAI0B)
Imported 'GUID: 1ec4b8ec4b34f4344bac53c19288eaa2' -> (Import Result ID: '74fbb770360b9c1d33c5d907fcec015c') in 0.003 seconds [static and dynamic dependencies]. Details - ImportResultOutputID=205ae9323b5ab11e982d17c426ab6a6d DependenciesID=b1bc95fdcaa2b4ea49319051589a67a0 StaticDependenciesID=c6b520723ce8a16debbb476b4fd94316 
Number of updated asset objects reloaded before import = 0
Number of asset objects unloaded after import = 0
========================================================================
Received Import Request.
  Time of request: 2026-08-05T18:44:48.1056858Z
  Time since last request: 0.0001992 seconds.
  importAddress: GUID: 844873d1afe1c3142ab922324950e1dd - Path: Packages/com.unity.timeline/Editor/CustomEditors/MarkerTrackEditor.cs - Importer: ScriptedImporter/UnityEditor.QuickSearchModule:UnityEditor.Search:ASIAI0B
Importing 'GUID: 844873d1afe1c3142ab922324950e1dd - Path: Packages/com.unity.timeline/Editor/CustomEditors/MarkerTrackEditor.cs - Importer: ScriptedImporter/UnityEditor.QuickSearchModule:UnityEditor.Search:ASIAI0B' with importer (ScriptedImporter : UnityEditor.QuickSearchModule:UnityEditor.Search:ASIAI0B)
Imported 'GUID: 844873d1afe1c3142ab922324950e1dd' -> (Import Result ID: 'c5395ee9ec9467857a6971c334f1d6bf') in 0.002 seconds [static and dynamic dependencies]. Details - ImportResultOutputID=7ee69446dac8fa2a170eee7b1ba3ea15 DependenciesID=04faceff18b6cb0fc94fa580c282fec0 StaticDependenciesID=0088427f7a0ea4364f106012e7e99f05 
Number of updated asset objects reloaded before import = 0
Number of asset objects unloaded after import = 0
========================================================================
Received Import Request.
  Time of request: 2026-08-05T18:44:48.115508Z
  Time since last request: 0.0002455 seconds.
  importAddress: GUID: dfd084fea478f3148b7de3d83bab1d8c - Path: Packages/com.unity.timeline/Editor/Manipulators/EditMode.cs - Importer: ScriptedImporter/UnityEditor.QuickSearchModule:UnityEditor.Search:ASIAI0B
Importing 'GUID: dfd084fea478f3148b7de3d83bab1d8c - Path: Packages/com.unity.timeline/Editor/Manipulators/EditMode.cs - Importer: ScriptedImporter/UnityEditor.QuickSearchModule:UnityEditor.Search:ASIAI0B' with importer (ScriptedImporter : UnityEditor.QuickSearchModule:UnityEditor.Search:ASIAI0B)
Imported 'GUID: dfd084fea478f3148b7de3d83bab1d8c' -> (Import Result ID: '12a593eae6b30632a999351667ce3559') in 0.003 seconds [static and dynamic dependencies]. Details - ImportResultOutputID=084745f3ec96356506c46c14456c0fcf DependenciesID=8828c56fd84d35fb0936e17ecb0430cc StaticDependenciesID=8f39001e5df24842bb99e17627890bd9 
Number of updated asset objects reloaded before import = 0
Number of asset objects unloaded after import = 0
========================================================================
Received Import Request.
  Time of request: 2026-08-05T18:44:48.1375051Z
  Time since last request: 0.0104413 seconds.
  importAddress: GUID: b57629d89799e004182564256307b0cc - Path: Packages/com.unity.timeline/Editor/Utilities/Clipboard.cs - Importer: ScriptedImporter/UnityEditor.QuickSearchModule:UnityEditor.Search:ASIAI0B
Importing 'GUID: b57629d89799e004182564256307b0cc - Path: Packages/com.unity.timeline/Editor/Utilities/Clipboard.cs - Importer: ScriptedImporter/UnityEditor.QuickSearchModule:UnityEditor.Search:ASIAI0B' with importer (ScriptedImporter : UnityEditor.QuickSearchModule:UnityEditor.Search:ASIAI0B)
Imported 'GUID: b57629d89799e004182564256307b0cc' -> (Import Result ID: '8e94812ba491692cf57f50bafb73b211') in 0.003 seconds [static and dynamic dependencies]. Details - ImportResultOutputID=2a08b481cd9d0f8a14c49c877529077f DependenciesID=5e7785d6f87e64e181a7843a820be2a2 StaticDependenciesID=f017a61ebdee1d777d1c9a7a84202910 
Number of updated asset objects reloaded before import = 0
Number of asset objects unloaded after import = 0
========================================================================
Received Import Request.
  Time of request: 2026-08-05T18:44:48.14765Z
  Time since last request: 0.0005823 seconds.
  importAddress: GUID: 1fe0f539450e54dbc85bfb2fa6b466fb - Path: Packages/com.unity.timeline/Editor/Utilities/AnimatedParameterCache.cs - Importer: ScriptedImporter/UnityEditor.QuickSearchModule:UnityEditor.Search:ASIAI0B
Importing 'GUID: 1fe0f539450e54dbc85bfb2fa6b466fb - Path: Packages/com.unity.timeline/Editor/Utilities/AnimatedParameterCache.cs - Importer: ScriptedImporter/UnityEditor.QuickSearchModule:UnityEditor.Search:ASIAI0B' with importer (ScriptedImporter : UnityEditor.QuickSearchModule:UnityEditor.Search:ASIAI0B)
Imported 'GUID: 1fe0f539450e54dbc85bfb2fa6b466fb' -> (Import Result ID: '2daf4ba4ce647ca879ad633389f34abe') in 0.002 seconds [static and dynamic dependencies]. Details - ImportResultOutputID=b2528de2e129c9c853a999d0c7aa6993 DependenciesID=b72a7c219424f014d49107356eaa561f StaticDependenciesID=282ced5df9b0686f4dfd14f296cbe29b 
Number of updated asset objects reloaded before import = 0
Number of asset objects unloaded after import = 0
========================================================================
Received Import Request.
  Time of request: 2026-08-05T18:44:48.1586506Z
  Time since last request: 0.0006983 seconds.
  importAddress: GUID: 4545bb65ccebf8040ac212d5792979b5 - Path: Packages/com.unity.timeline/Editor/Utilities/Graphics.cs - Importer: ScriptedImporter/UnityEditor.QuickSearchModule:UnityEditor.Search:ASIAI0B
Importing 'GUID: 4545bb65ccebf8040ac212d5792979b5 - Path: Packages/com.unity.timeline/Editor/Utilities/Graphics.cs - Importer: ScriptedImporter/UnityEditor.QuickSearchModule:UnityEditor.Search:ASIAI0B' with importer (ScriptedImporter : UnityEditor.QuickSearchModule:UnityEditor.Search:ASIAI0B)
Imported 'GUID: 4545bb65ccebf8040ac212d5792979b5' -> (Import Result ID: '3d01bd85050aabfe81139367fd2df6c0') in 0.002 seconds [static and dynamic dependencies]. Details - ImportResultOutputID=9ad9cc2161f527980cd91088b5972074 DependenciesID=0f8ce1717565da179f0575cf09160046 StaticDependenciesID=446f1bf5ae79bdccb7c1002b74f77b0d 
Number of updated asset objects reloaded before import = 0
Number of asset objects unloaded after import = 0
========================================================================
Received Import Request.
  Time of request: 2026-08-05T18:44:48.1696788Z
  Time since last request: 0.0002621 seconds.
  importAddress: GUID: 1861286ba69badd439188a65bebf3cda - Path: Packages/com.unity.timeline/Editor/Utilities/SequenceSelectorNameFormater.cs - Importer: ScriptedImporter/UnityEditor.QuickSearchModule:UnityEditor.Search:ASIAI0B
Importing 'GUID: 1861286ba69badd439188a65bebf3cda - Path: Packages/com.unity.timeline/Editor/Utilities/SequenceSelectorNameFormater.cs - Importer: ScriptedImporter/UnityEditor.QuickSearchModule:UnityEditor.Search:ASIAI0B' with importer (ScriptedImporter : UnityEditor.QuickSearchModule:UnityEditor.Search:ASIAI0B)
Imported 'GUID: 1861286ba69badd439188a65bebf3cda' -> (Import Result ID: 'd4902def55ae16c136d3d44e0e7a334a') in 0.004 seconds [static and dynamic dependencies]. Details - ImportResultOutputID=05dd75bd438d3a6f10f3c7e9f43d4777 DependenciesID=445afab4c603f8e5a11ef58566dbcadc StaticDependenciesID=1d2f9421aab7ed840011d13ec9f0ca5f 
Number of updated asset objects reloaded before import = 0
Number of asset objects unloaded after import = 0
========================================================================
Received Import Request.
  Time of request: 2026-08-05T18:44:48.1811849Z
  Time since last request: 0.0002003 seconds.
  importAddress: GUID: a48cf3df437ebff49a373111669364c0 - Path: Packages/com.unity.timeline/Editor/Utilities/EndNameEditAction.cs - Importer: ScriptedImporter/UnityEditor.QuickSearchModule:UnityEditor.Search:ASIAI0B
Importing 'GUID: a48cf3df437ebff49a373111669364c0 - Path: Packages/com.unity.timeline/Editor/Utilities/EndNameEditAction.cs - Importer: ScriptedImporter/UnityEditor.QuickSearchModule:UnityEditor.Search:ASIAI0B' with importer (ScriptedImporter : UnityEditor.QuickSearchModule:UnityEditor.Search:ASIAI0B)
Imported 'GUID: a48cf3df437ebff49a373111669364c0' -> (Import Result ID: '5d1174d5e9c85df00944b42ee5965855') in 0.002 seconds [static and dynamic dependencies]. Details - ImportResultOutputID=4daa519806fb30b9f23f1e31fc8fc36a DependenciesID=999773ac91e9f237dd1517c113e65235 StaticDependenciesID=0154ce4d7fbabe2033d035a48e50314d 
Number of updated asset objects reloaded before import = 0
Number of asset objects unloaded after import = 0
========================================================================
Received Import Request.
  Time of request: 2026-08-05T18:44:48.1916431Z
  Time since last request: 0.0004681 seconds.
  importAddress: GUID: 1ad2b855cf8b7425483e36e6134f18f9 - Path: Packages/com.unity.timeline/Editor/Window/SequenceContext.cs - Importer: ScriptedImporter/UnityEditor.QuickSearchModule:UnityEditor.Search:ASIAI0B
Importing 'GUID: 1ad2b855cf8b7425483e36e6134f18f9 - Path: Packages/com.unity.timeline/Editor/Window/SequenceContext.cs - Importer: ScriptedImporter/UnityEditor.QuickSearchModule:UnityEditor.Search:ASIAI0B' with importer (ScriptedImporter : UnityEditor.QuickSearchModule:UnityEditor.Search:ASIAI0B)
Imported 'GUID: 1ad2b855cf8b7425483e36e6134f18f9' -> (Import Result ID: 'b44d26e2b17d2bdc95c82c8ea6fd8bbe') in 0.002 seconds [static and dynamic dependencies]. Details - ImportResultOutputID=4e8fddc586ec5361585e5b3844e21449 DependenciesID=d27f4d6bc06d388b38638cf9263bde56 StaticDependenciesID=e51a540db99c6007cdac934b6b2dd410 
Number of updated asset objects reloaded before import = 0
Number of asset objects unloaded after import = 0
========================================================================
Received Import Request.
  Time of request: 2026-08-05T18:44:48.2018208Z
  Time since last request: 0.0002623 seconds.
  importAddress: GUID: 2bf68308f6cdff141ab98cd34174e4f1 - Path: Packages/com.unity.timeline/Editor/treeview/Manipulator.cs - Importer: ScriptedImporter/UnityEditor.QuickSearchModule:UnityEditor.Search:ASIAI0B
Importing 'GUID: 2bf68308f6cdff141ab98cd34174e4f1 - Path: Packages/com.unity.timeline/Editor/treeview/Manipulator.cs - Importer: ScriptedImporter/UnityEditor.QuickSearchModule:UnityEditor.Search:ASIAI0B' with importer (ScriptedImporter : UnityEditor.QuickSearchModule:UnityEditor.Search:ASIAI0B)
Imported 'GUID: 2bf68308f6cdff141ab98cd34174e4f1' -> (Import Result ID: '997709e8895fb3dddcb77189e263be3f') in 0.002 seconds [static and dynamic dependencies]. Details - ImportResultOutputID=53cab4a2ff5726a33a6d3abc4aed4557 DependenciesID=1ed0b4a59e73c3088efef7873b8c3020 StaticDependenciesID=b6a777ee9efb095fd6f9d32e66f185a6 
Number of updated asset objects reloaded before import = 0
Number of asset objects unloaded after import = 0
========================================================================
Received Import Request.
  Time of request: 2026-08-05T18:44:48.2110078Z
  Time since last request: 0.0004712 seconds.
  importAddress: GUID: e8c30efa89029e447b0dc0efc75b294c - Path: Packages/com.unity.timeline/Editor/treeview/TimelineDataSource.cs - Importer: ScriptedImporter/UnityEditor.QuickSearchModule:UnityEditor.Search:ASIAI0B
Importing 'GUID: e8c30efa89029e447b0dc0efc75b294c - Path: Packages/com.unity.timeline/Editor/treeview/TimelineDataSource.cs - Importer: ScriptedImporter/UnityEditor.QuickSearchModule:UnityEditor.Search:ASIAI0B' with importer (ScriptedImporter : UnityEditor.QuickSearchModule:UnityEditor.Search:ASIAI0B)
Imported 'GUID: e8c30efa89029e447b0dc0efc75b294c' -> (Import Result ID: 'e1658662870655c7d9316e1ee82f43ee') in 0.003 seconds [static and dynamic dependencies]. Details - ImportResultOutputID=4e9d3379ddc238ab25a0e4c50b0a875b DependenciesID=1fd6063af7c11eecd2e8ff6822a20f5f StaticDependenciesID=d21c7971664b8947e2c2068785c4e97a 
Number of updated asset objects reloaded before import = 0
Number of asset objects unloaded after import = 0
========================================================================
Received Import Request.
  Time of request: 2026-08-05T18:44:48.2367823Z
  Time since last request: 0.0147668 seconds.
  importAddress: GUID: fe03a7b0ba57a4d488b6c327ae16c335 - Path: Packages/com.unity.timeline/Runtime/Playables/BasicScriptPlayable.cs - Importer: ScriptedImporter/UnityEditor.QuickSearchModule:UnityEditor.Search:ASIAI0B
Importing 'GUID: fe03a7b0ba57a4d488b6c327ae16c335 - Path: Packages/com.unity.timeline/Runtime/Playables/BasicScriptPlayable.cs - Importer: ScriptedImporter/UnityEditor.QuickSearchModule:UnityEditor.Search:ASIAI0B' with importer (ScriptedImporter : UnityEditor.QuickSearchModule:UnityEditor.Search:ASIAI0B)
Imported 'GUID: fe03a7b0ba57a4d488b6c327ae16c335' -> (Import Result ID: 'bc2e3b45601592288aa0963fcb405d43') in 0.002 seconds [static and dynamic dependencies]. Details - ImportResultOutputID=6dc03ef3a9c9b25ea45e867dda72e081 DependenciesID=55206008d0953eeb44bbdda33649308d StaticDependenciesID=36282988bff164f18fb1e37e8708abe9 
Number of updated asset objects reloaded before import = 0
Number of asset objects unloaded after import = 0
========================================================================
Received Import Request.
  Time of request: 2026-08-05T18:44:48.2469526Z
  Time since last request: 0.000875 seconds.
  importAddress: GUID: 2a16748d9461eae46a725db9776d5390 - Path: Packages/com.unity.timeline/Runtime/Events/MarkerTrack.cs - Importer: ScriptedImporter/UnityEditor.QuickSearchModule:UnityEditor.Search:ASIAI0B
Importing 'GUID: 2a16748d9461eae46a725db9776d5390 - Path: Packages/com.unity.timeline/Runtime/Events/MarkerTrack.cs - Importer: ScriptedImporter/UnityEditor.QuickSearchModule:UnityEditor.Search:ASIAI0B' with importer (ScriptedImporter : UnityEditor.QuickSearchModule:UnityEditor.Search:ASIAI0B)
Imported 'GUID: 2a16748d9461eae46a725db9776d5390' -> (Import Result ID: '41a5c292ef264ef9ac033086a6689390') in 0.003 seconds [static and dynamic dependencies]. Details - ImportResultOutputID=905d1a7bb0c5241bd9f19a24095c6eb9 DependenciesID=5c6f42790e801172e79549c7ade7c39a StaticDependenciesID=ef42970c4afe6aab4e518641c62ef8cb 
Number of updated asset objects reloaded before import = 0
Number of asset objects unloaded after import = 0
========================================================================
Received Import Request.
  Time of request: 2026-08-05T18:44:48.2583705Z
  Time since last request: 0.0001928 seconds.
  importAddress: GUID: 6773203120b27984d9a8572fa3564f03 - Path: Packages/com.unity.timeline/Runtime/AssetUpgrade/AnimationPlayableAssetUpgrade.cs - Importer: ScriptedImporter/UnityEditor.QuickSearchModule:UnityEditor.Search:ASIAI0B
Importing 'GUID: 6773203120b27984d9a8572fa3564f03 - Path: Packages/com.unity.timeline/Runtime/AssetUpgrade/AnimationPlayableAssetUpgrade.cs - Importer: ScriptedImporter/UnityEditor.QuickSearchModule:UnityEditor.Search:ASIAI0B' with importer (ScriptedImporter : UnityEditor.QuickSearchModule:UnityEditor.Search:ASIAI0B)
Imported 'GUID: 6773203120b27984d9a8572fa3564f03' -> (Import Result ID: '6be4fb8c246bd2787cb6eb452b75dff2') in 0.002 seconds [static and dynamic dependencies]. Details - ImportResultOutputID=7df4ac990e8ccf5b72431840a0b70412 DependenciesID=ffb9831b51bb5b5a6a6adb398ce7e102 StaticDependenciesID=bb67fb52399bb45682d63639d76bdb98 
Number of updated asset objects reloaded before import = 0
Number of asset objects unloaded after import = 0
========================================================================
Received Import Request.
  Time of request: 2026-08-05T18:44:48.2678888Z
  Time since last request: 0.000446 seconds.
  importAddress: GUID: 70a190a1b304d1e43995af35d09231d6 - Path: Packages/com.unity.timeline/Runtime/Evaluation/RuntimeClip.cs - Importer: ScriptedImporter/UnityEditor.QuickSearchModule:UnityEditor.Search:ASIAI0B
Importing 'GUID: 70a190a1b304d1e43995af35d09231d6 - Path: Packages/com.unity.timeline/Runtime/Evaluation/RuntimeClip.cs - Importer: ScriptedImporter/UnityEditor.QuickSearchModule:UnityEditor.Search:ASIAI0B' with importer (ScriptedImporter : UnityEditor.QuickSearchModule:UnityEditor.Search:ASIAI0B)
Imported 'GUID: 70a190a1b304d1e43995af35d09231d6' -> (Import Result ID: '86a1351d9346acd671af27091be8f5cf') in 0.002 seconds [static and dynamic dependencies]. Details - ImportResultOutputID=378047fde293bb5f7230e971ee94e0cf DependenciesID=83ac1836a2d61fa34d6df1877fbb2574 StaticDependenciesID=cd084e05cd18f597018ee16ef77a03dd 
Number of updated asset objects reloaded before import = 0
Number of asset objects unloaded after import = 0
========================================================================
Received Import Request.
  Time of request: 2026-08-05T18:44:48.2773495Z
  Time since last request: 0.0002041 seconds.
  importAddress: GUID: 6c3d52cc5c46d7946a920e21901ff38e - Path: Packages/com.unity.timeline/Runtime/Attributes/TrackColorAttribute.cs - Importer: ScriptedImporter/UnityEditor.QuickSearchModule:UnityEditor.Search:ASIAI0B
Importing 'GUID: 6c3d52cc5c46d7946a920e21901ff38e - Path: Packages/com.unity.timeline/Runtime/Attributes/TrackColorAttribute.cs - Importer: ScriptedImporter/UnityEditor.QuickSearchModule:UnityEditor.Search:ASIAI0B' with importer (ScriptedImporter : UnityEditor.QuickSearchModule:UnityEditor.Search:ASIAI0B)
Imported 'GUID: 6c3d52cc5c46d7946a920e21901ff38e' -> (Import Result ID: '88b0475ef559f36ef5aa4c96863e196a') in 0.002 seconds [static and dynamic dependencies]. Details - ImportResultOutputID=8ee727f9cfb56fd493a5f1baabd1bbbe DependenciesID=f6fb314a8d3963ad483f189ceafcfb0d StaticDependenciesID=221644bc61584a10fada61782dbfa684 
Number of updated asset objects reloaded before import = 0
Number of asset objects unloaded after import = 0
========================================================================
Received Import Request.
  Time of request: 2026-08-05T18:44:48.2879652Z
  Time since last request: 0.0002261 seconds.
  importAddress: GUID: 755e3e942f7784d458bddba421c0bb72 - Path: Packages/com.unity.timeline/Runtime/Animation/AnimationPreviewUpdateCallback.cs - Importer: ScriptedImporter/UnityEditor.QuickSearchModule:UnityEditor.Search:ASIAI0B
Importing 'GUID: 755e3e942f7784d458bddba421c0bb72 - Path: Packages/com.unity.timeline/Runtime/Animation/AnimationPreviewUpdateCallback.cs - Importer: ScriptedImporter/UnityEditor.QuickSearchModule:UnityEditor.Search:ASIAI0B' with importer (ScriptedImporter : UnityEditor.QuickSearchModule:UnityEditor.Search:ASIAI0B)
Imported 'GUID: 755e3e942f7784d458bddba421c0bb72' -> (Import Result ID: 'b333f8413c0167653ca2706637575eae') in 0.002 seconds [static and dynamic dependencies]. Details - ImportResultOutputID=79756dc56ed7f0991cbf09db5db0cae2 DependenciesID=3d32cd5de1b01c38519978e15e4db6a5 StaticDependenciesID=25a562f0405f5820124aa3afa7f14e01 
Number of updated asset objects reloaded before import = 0
Number of asset objects unloaded after import = 0
========================================================================
Received Import Request.
  Time of request: 2026-08-05T18:44:48.2981073Z
  Time since last request: 0.0002502 seconds.
  importAddress: GUID: 95c91abdcc1ea03458c2ea4e9626a5d8 - Path: Packages/com.unity.timeline/Runtime/AssetUpgrade/TimelineUpgrade.cs - Importer: ScriptedImporter/UnityEditor.QuickSearchModule:UnityEditor.Search:ASIAI0B
Importing 'GUID: 95c91abdcc1ea03458c2ea4e9626a5d8 - Path: Packages/com.unity.timeline/Runtime/AssetUpgrade/TimelineUpgrade.cs - Importer: ScriptedImporter/UnityEditor.QuickSearchModule:UnityEditor.Search:ASIAI0B' with importer (ScriptedImporter : UnityEditor.QuickSearchModule:UnityEditor.Search:ASIAI0B)
Imported 'GUID: 95c91abdcc1ea03458c2ea4e9626a5d8' -> (Import Result ID: '437c62770cb74fff6a057d66dd51b442') in 0.002 seconds [static and dynamic dependencies]. Details - ImportResultOutputID=ebf854027df11a0dc5034b35ed1b8830 DependenciesID=746cb1042bad953a1b535b933c4af11c StaticDependenciesID=cd06298e698a31192de0500234bad733 
Number of updated asset objects reloaded before import = 0
Number of asset objects unloaded after import = 0
========================================================================
Received Import Request.
  Time of request: 2026-08-05T18:44:48.3076933Z
  Time since last request: 0.0003584 seconds.
  importAddress: GUID: 4335a164bb763104c8805212c23d795f - Path: Packages/com.unity.timeline/Runtime/Events/MarkerList.cs - Importer: ScriptedImporter/UnityEditor.QuickSearchModule:UnityEditor.Search:ASIAI0B
Importing 'GUID: 4335a164bb763104c8805212c23d795f - Path: Packages/com.unity.timeline/Runtime/Events/MarkerList.cs - Importer: ScriptedImporter/UnityEditor.QuickSearchModule:UnityEditor.Search:ASIAI0B' with importer (ScriptedImporter : UnityEditor.QuickSearchModule:UnityEditor.Search:ASIAI0B)
Imported 'GUID: 4335a164bb763104c8805212c23d795f' -> (Import Result ID: 'b4a0f1fa1bd06d16f56c6c3d36d49a82') in 0.002 seconds [static and dynamic dependencies]. Details - ImportResultOutputID=5fe31d6304f6566c0a1f7866c796da2d DependenciesID=622d3b56009a2848b515bea9a373b9a8 StaticDependenciesID=e34ea79ff5161352c0cc5ca94265ff04 
Number of updated asset objects reloaded before import = 0
Number of asset objects unloaded after import = 0
========================================================================
Received Import Request.
  Time of request: 2026-08-05T18:44:48.3369487Z
  Time since last request: 0.0187504 seconds.
  importAddress: GUID: c7137daaeb11e8647bf1ade9b7e9aa97 - Path: Packages/com.unity.timeline/Editor/treeview/Drawers/TrackItemsDrawer.cs - Importer: ScriptedImporter/UnityEditor.QuickSearchModule:UnityEditor.Search:ASIAI0B
Importing 'GUID: c7137daaeb11e8647bf1ade9b7e9aa97 - Path: Packages/com.unity.timeline/Editor/treeview/Drawers/TrackItemsDrawer.cs - Importer: ScriptedImporter/UnityEditor.QuickSearchModule:UnityEditor.Search:ASIAI0B' with importer (ScriptedImporter : UnityEditor.QuickSearchModule:UnityEditor.Search:ASIAI0B)
Imported 'GUID: c7137daaeb11e8647bf1ade9b7e9aa97' -> (Import Result ID: '5af601c5027771240d3ef23bd951a6a0') in 0.002 seconds [static and dynamic dependencies]. Details - ImportResultOutputID=0873f745a052a31479f6b78c6ae672e4 DependenciesID=e2863fadf967a16bbfd0ae6a58e367a5 StaticDependenciesID=5858c91404f27df059161e03bd583eb0 
Number of updated asset objects reloaded before import = 0
Number of asset objects unloaded after import = 0
========================================================================
Received Import Request.
  Time of request: 2026-08-05T18:44:48.346395Z
  Time since last request: 0.0006299 seconds.
  importAddress: GUID: 5ddd9f7d3cce6724696a33752ab2f5a4 - Path: Packages/com.unity.timeline/Editor/Manipulators/Trim/TrimItemModeMix.cs - Importer: ScriptedImporter/UnityEditor.QuickSearchModule:UnityEditor.Search:ASIAI0B
Importing 'GUID: 5ddd9f7d3cce6724696a33752ab2f5a4 - Path: Packages/com.unity.timeline/Editor/Manipulators/Trim/TrimItemModeMix.cs - Importer: ScriptedImporter/UnityEditor.QuickSearchModule:UnityEditor.Search:ASIAI0B' with importer (ScriptedImporter : UnityEditor.QuickSearchModule:UnityEditor.Search:ASIAI0B)
Imported 'GUID: 5ddd9f7d3cce6724696a33752ab2f5a4' -> (Import Result ID: '6b59e2b9714b8ddd03179a3eb9ae56c3') in 0.003 seconds [static and dynamic dependencies]. Details - ImportResultOutputID=138e64cd40851059c14055efd6fb0540 DependenciesID=5e58efa1720981f5ca001e0e457a5c6e StaticDependenciesID=7772ad729304f1ab58026dea837ce5d3 
Number of updated asset objects reloaded before import = 0
Number of asset objects unloaded after import = 0
========================================================================
Received Import Request.
  Time of request: 2026-08-05T18:44:48.3578962Z
  Time since last request: 0.0002098 seconds.
  importAddress: GUID: e74ddf4132f3401409c824bed60280ee - Path: Packages/com.unity.timeline/Editor/Manipulators/Sequence/MarkerHeaderTrackManipulator.cs - Importer: ScriptedImporter/UnityEditor.QuickSearchModule:UnityEditor.Search:ASIAI0B
Importing 'GUID: e74ddf4132f3401409c824bed60280ee - Path: Packages/com.unity.timeline/Editor/Manipulators/Sequence/MarkerHeaderTrackManipulator.cs - Importer: ScriptedImporter/UnityEditor.QuickSearchModule:UnityEditor.Search:ASIAI0B' with importer (ScriptedImporter : UnityEditor.QuickSearchModule:UnityEditor.Search:ASIAI0B)
Imported 'GUID: e74ddf4132f3401409c824bed60280ee' -> (Import Result ID: 'b848e06a281a83e4ddbec54293a61fdd') in 0.002 seconds [static and dynamic dependencies]. Details - ImportResultOutputID=6db94a4f7ffab00365ca4d33742db70a DependenciesID=1cb0f156aea999ab3128ef26cbc0d41d StaticDependenciesID=831aa6bb834e0a815bc744784bd1bf91 
Number of updated asset objects reloaded before import = 0
Number of asset objects unloaded after import = 0
========================================================================
Received Import Request.
  Time of request: 2026-08-05T18:44:48.3669868Z
  Time since last request: 0.0002464 seconds.
  importAddress: GUID: 769f6f5dd7c8f2d4c9ab1caba0bd2628 - Path: Packages/com.unity.timeline/Editor/Manipulators/Trim/TrimItemModeReplace.cs - Importer: ScriptedImporter/UnityEditor.QuickSearchModule:UnityEditor.Search:ASIAI0B
Importing 'GUID: 769f6f5dd7c8f2d4c9ab1caba0bd2628 - Path: Packages/com.unity.timeline/Editor/Manipulators/Trim/TrimItemModeReplace.cs - Importer: ScriptedImporter/UnityEditor.QuickSearchModule:UnityEditor.Search:ASIAI0B' with importer (ScriptedImporter : UnityEditor.QuickSearchModule:UnityEditor.Search:ASIAI0B)
Imported 'GUID: 769f6f5dd7c8f2d4c9ab1caba0bd2628' -> (Import Result ID: '8b8c6d53fe3a346ec2149c4c333bc77b') in 0.002 seconds [static and dynamic dependencies]. Details - ImportResultOutputID=8da8c75291b954997d8ba607bbb36a4b DependenciesID=273e657c27721c124b44ea60cfe212d9 StaticDependenciesID=2f4a8872728eee951ab0476cf2ad3f45 
Number of updated asset objects reloaded before import = 0
Number of asset objects unloaded after import = 0
========================================================================
Received Import Request.
  Time of request: 2026-08-05T18:44:48.3760862Z
  Time since last request: 0.0003377 seconds.
  importAddress: GUID: 1f2a7e0d1b6bbba408a41e206945c23c - Path: Packages/com.unity.timeline/Runtime/Utilities/TimelineUndo.cs - Importer: ScriptedImporter/UnityEditor.QuickSearchModule:UnityEditor.Search:ASIAI0B
Importing 'GUID: 1f2a7e0d1b6bbba408a41e206945c23c - Path: Packages/com.unity.timeline/Runtime/Utilities/TimelineUndo.cs - Importer: ScriptedImporter/UnityEditor.QuickSearchModule:UnityEditor.Search:ASIAI0B' with importer (ScriptedImporter : UnityEditor.QuickSearchModule:UnityEditor.Search:ASIAI0B)
Imported 'GUID: 1f2a7e0d1b6bbba408a41e206945c23c' -> (Import Result ID: '5674264aa9ac6c1e1db54a836afc913d') in 0.002 seconds [static and dynamic dependencies]. Details - ImportResultOutputID=d5f4fbf9b2b90168b65c12d816ed3302 DependenciesID=04edad4536c95181435ccf51dcc1c63b StaticDependenciesID=563c50004778b50b2cf27414fc768924 
Number of updated asset objects reloaded before import = 0
Number of asset objects unloaded after import = 0
========================================================================
Received Import Request.
  Time of request: 2026-08-05T18:44:48.3859081Z
  Time since last request: 0.0002223 seconds.
  importAddress: GUID: f779e779d62b5ca49b658236c337845d - Path: Packages/com.unity.timeline/Runtime/Utilities/TimeUtility.cs - Importer: ScriptedImporter/UnityEditor.QuickSearchModule:UnityEditor.Search:ASIAI0B
Importing 'GUID: f779e779d62b5ca49b658236c337845d - Path: Packages/com.unity.timeline/Runtime/Utilities/TimeUtility.cs - Importer: ScriptedImporter/UnityEditor.QuickSearchModule:UnityEditor.Search:ASIAI0B' with importer (ScriptedImporter : UnityEditor.QuickSearchModule:UnityEditor.Search:ASIAI0B)
Imported 'GUID: f779e779d62b5ca49b658236c337845d' -> (Import Result ID: 'a3c858166c635796d20c4a1c3eb5b070') in 0.002 seconds [static and dynamic dependencies]. Details - ImportResultOutputID=428fc0296428ab75fac3d988ba0f5ef2 DependenciesID=c558d85878304259494180234864bcfd StaticDependenciesID=917521b5d90bad9a27b3feafae6c2bae 
Number of updated asset objects reloaded before import = 0
Number of asset objects unloaded after import = 0
========================================================================
Received Import Request.
  Time of request: 2026-08-05T18:44:48.3949586Z
  Time since last request: 0.0002721 seconds.
  importAddress: GUID: 4db13e1060deaae48b30246ed63b7c9b - Path: Packages/com.unity.timeline/Editor/Manipulators/AddDelete/IAddDeleteItemMode.cs - Importer: ScriptedImporter/UnityEditor.QuickSearchModule:UnityEditor.Search:ASIAI0B
Importing 'GUID: 4db13e1060deaae48b30246ed63b7c9b - Path: Packages/com.unity.timeline/Editor/Manipulators/AddDelete/IAddDeleteItemMode.cs - Importer: ScriptedImporter/UnityEditor.QuickSearchModule:UnityEditor.Search:ASIAI0B' with importer (ScriptedImporter : UnityEditor.QuickSearchModule:UnityEditor.Search:ASIAI0B)
Imported 'GUID: 4db13e1060deaae48b30246ed63b7c9b' -> (Import Result ID: '1a5d8e4b1b719cbff9c19438382e6d14') in 0.003 seconds [static and dynamic dependencies]. Details - ImportResultOutputID=d17b2161d37d7ac0f686792665c1ca61 DependenciesID=61bb8b8afbbe778ae9803e221f409e90 StaticDependenciesID=7f31c56633a8b022cd99aa74d312951f 
Number of updated asset objects reloaded before import = 0
Number of asset objects unloaded after import = 0
========================================================================
Received Import Request.
  Time of request: 2026-08-05T18:44:48.4058872Z
  Time since last request: 0.0003322 seconds.
  importAddress: GUID: 8938e753b3f47374889d5cf3265b563c - Path: Packages/com.unity.timeline/Editor/Manipulators/Utils/EditModeGUIUtils.cs - Importer: ScriptedImporter/UnityEditor.QuickSearchModule:UnityEditor.Search:ASIAI0B
Importing 'GUID: 8938e753b3f47374889d5cf3265b563c - Path: Packages/com.unity.timeline/Editor/Manipulators/Utils/EditModeGUIUtils.cs - Importer: ScriptedImporter/UnityEditor.QuickSearchModule:UnityEditor.Search:ASIAI0B' with importer (ScriptedImporter : UnityEditor.QuickSearchModule:UnityEditor.Search:ASIAI0B)
Imported 'GUID: 8938e753b3f47374889d5cf3265b563c' -> (Import Result ID: '16e195c4edea844be54cc57caf4f629c') in 0.002 seconds [static and dynamic dependencies]. Details - ImportResultOutputID=349066dad6b73000e92ee1cdc7826a44 DependenciesID=6d67ad402b321054876d5f08559b55c0 StaticDependenciesID=4c9d10cfaf8cfd93bf2c3aaf5c154910 
Number of updated asset objects reloaded before import = 0
Number of asset objects unloaded after import = 0
========================================================================
Received Import Request.
  Time of request: 2026-08-05T18:44:48.4148195Z
  Time since last request: 0.0002562 seconds.
  importAddress: GUID: 5393cdb70614ab24f94f78bfcf5d1455 - Path: Packages/com.unity.timeline/Editor/StyleSheets/Extensions/dark.uss - Importer: ScriptedImporter/UnityEditor.QuickSearchModule:UnityEditor.Search:ASIAI0B
Importing 'GUID: 5393cdb70614ab24f94f78bfcf5d1455 - Path: Packages/com.unity.timeline/Editor/StyleSheets/Extensions/dark.uss - Importer: ScriptedImporter/UnityEditor.QuickSearchModule:UnityEditor.Search:ASIAI0B' with importer (ScriptedImporter : UnityEditor.QuickSearchModule:UnityEditor.Search:ASIAI0B)
Imported 'GUID: 5393cdb70614ab24f94f78bfcf5d1455' -> (Import Result ID: '29f32c8e9e21d82b81d73fbbb8da4713') in 0.021 seconds [static and dynamic dependencies]. Details - ImportResultOutputID=aeb3f5174b50b465e912eb02609d7c88 DependenciesID=37078c82dc348eddadd7a957b0bc7b23 StaticDependenciesID=9123ce58dbc7975e05dc5663ffec62cf 
Number of updated asset objects reloaded before import = 0
Number of asset objects unloaded after import = 1
========================================================================
Received Import Request.
  Time of request: 2026-08-05T18:44:48.4537961Z
  Time since last request: 0.0116038 seconds.
  importAddress: GUID: 15c38f6fa1940124db1ab7f6fe7268d1 - Path: Packages/com.unity.timeline/Runtime/Events/Signals/SignalEmitter.cs - Importer: ScriptedImporter/UnityEditor.QuickSearchModule:UnityEditor.Search:ASIAI0B
Importing 'GUID: 15c38f6fa1940124db1ab7f6fe7268d1 - Path: Packages/com.unity.timeline/Runtime/Events/Signals/SignalEmitter.cs - Importer: ScriptedImporter/UnityEditor.QuickSearchModule:UnityEditor.Search:ASIAI0B' with importer (ScriptedImporter : UnityEditor.QuickSearchModule:UnityEditor.Search:ASIAI0B)
Imported 'GUID: 15c38f6fa1940124db1ab7f6fe7268d1' -> (Import Result ID: '77d1fd4f14f01b9937ca7d03b179a2ff') in 0.002 seconds [static and dynamic dependencies]. Details - ImportResultOutputID=fa4e779f1773e9590e8d3a906fecd2d6 DependenciesID=6cfa6a11e5531864ea586b9373078980 StaticDependenciesID=11c02f66bfa6e473fcee15be904b7d94 
Number of updated asset objects reloaded before import = 0
Number of asset objects unloaded after import = 0
========================================================================
Received Import Request.
  Time of request: 2026-08-05T18:44:48.4635663Z
  Time since last request: 0.0006659 seconds.
  importAddress: GUID: 44507a833d0ca8a42aaec1c3d752eb5f - Path: Packages/com.unity.timeline/Editor/Utilities/Scopes/GUIColorOverride.cs - Importer: ScriptedImporter/UnityEditor.QuickSearchModule:UnityEditor.Search:ASIAI0B
Importing 'GUID: 44507a833d0ca8a42aaec1c3d752eb5f - Path: Packages/com.unity.timeline/Editor/Utilities/Scopes/GUIColorOverride.cs - Importer: ScriptedImporter/UnityEditor.QuickSearchModule:UnityEditor.Search:ASIAI0B' with importer (ScriptedImporter : UnityEditor.QuickSearchModule:UnityEditor.Search:ASIAI0B)
Imported 'GUID: 44507a833d0ca8a42aaec1c3d752eb5f' -> (Import Result ID: '493e330b789f759ae43dedec76378600') in 0.002 seconds [static and dynamic dependencies]. Details - ImportResultOutputID=164b72aa8cb5d61863ea373ef1c782c3 DependenciesID=bf64b553883d174d226155d953298661 StaticDependenciesID=6098ba308e502323317351d16fa863f2 
Number of updated asset objects reloaded before import = 0
Number of asset objects unloaded after import = 0
========================================================================
Received Import Request.
  Time of request: 2026-08-05T18:44:48.4741143Z
  Time since last request: 0.00034 seconds.
  importAddress: GUID: 67ee43b2f6148de40861b289b0e00591 - Path: Packages/com.unity.timeline/Editor/Window/Modes/TimelineActiveMode.cs - Importer: ScriptedImporter/UnityEditor.QuickSearchModule:UnityEditor.Search:ASIAI0B
Importing 'GUID: 67ee43b2f6148de40861b289b0e00591 - Path: Packages/com.unity.timeline/Editor/Window/Modes/TimelineActiveMode.cs - Importer: ScriptedImporter/UnityEditor.QuickSearchModule:UnityEditor.Search:ASIAI0B' with importer (ScriptedImporter : UnityEditor.QuickSearchModule:UnityEditor.Search:ASIAI0B)
Imported 'GUID: 67ee43b2f6148de40861b289b0e00591' -> (Import Result ID: '2931ffd41ce159f680336ac1b9bafa45') in 0.002 seconds [static and dynamic dependencies]. Details - ImportResultOutputID=50a66ec500e6a3fca38efc1fdf6ffae2 DependenciesID=9a438d012aa09baf82a443171bcf863f StaticDependenciesID=21f817a7153d4ca132511fcceef2076c 
Number of updated asset objects reloaded before import = 0
Number of asset objects unloaded after import = 0
========================================================================
Received Import Request.
  Time of request: 2026-08-05T18:44:48.4844294Z
  Time since last request: 0.0003346 seconds.
  importAddress: GUID: e52de21a22b6dd44c9cc19f810c65059 - Path: Packages/com.unity.timeline/Runtime/Events/Signals/SignalReceiver.cs - Importer: ScriptedImporter/UnityEditor.QuickSearchModule:UnityEditor.Search:ASIAI0B
Importing 'GUID: e52de21a22b6dd44c9cc19f810c65059 - Path: Packages/com.unity.timeline/Runtime/Events/Signals/SignalReceiver.cs - Importer: ScriptedImporter/UnityEditor.QuickSearchModule:UnityEditor.Search:ASIAI0B' with importer (ScriptedImporter : UnityEditor.QuickSearchModule:UnityEditor.Search:ASIAI0B)
Imported 'GUID: e52de21a22b6dd44c9cc19f810c65059' -> (Import Result ID: 'c47fe7744f3210d3fe7589c370d4aa94') in 0.002 seconds [static and dynamic dependencies]. Details - ImportResultOutputID=ded51f5836ed073fd5f71465ce2efa64 DependenciesID=8a9561da074db96208513eba6477d8e4 StaticDependenciesID=29dfd5298e5b5761ee0de87718483677 
Number of updated asset objects reloaded before import = 0
Number of asset objects unloaded after import = 0
========================================================================
Received Import Request.
  Time of request: 2026-08-05T18:44:48.5194794Z
  Time since last request: 0.0244605 seconds.
  importAddress: GUID: a5e21f4e466690645980dd0cf0b664bc - Path: Packages/com.unity.timeline/Editor/StyleSheets/Images/DarkSkin/TimelineSignalSelected.png - Importer: ScriptedImporter/UnityEditor.QuickSearchModule:UnityEditor.Search:ASIAI0B
Importing 'GUID: a5e21f4e466690645980dd0cf0b664bc - Path: Packages/com.unity.timeline/Editor/StyleSheets/Images/DarkSkin/TimelineSignalSelected.png - Importer: ScriptedImporter/UnityEditor.QuickSearchModule:UnityEditor.Search:ASIAI0B' with importer (ScriptedImporter : UnityEditor.QuickSearchModule:UnityEditor.Search:ASIAI0B)
Imported 'GUID: a5e21f4e466690645980dd0cf0b664bc' -> (Import Result ID: 'e789ee2093289c43b67bf8a477e8f165') in 0.029 seconds [static and dynamic dependencies]. Details - ImportResultOutputID=a21f33f9de0a1338e32e9040ac15bfbe DependenciesID=c26d813a295ae5d15285b94608346519 StaticDependenciesID=824de2423f2c15be00c8225f59cf0522 
Number of updated asset objects reloaded before import = 0
Number of asset objects unloaded after import = 1
========================================================================
Received Import Request.
  Time of request: 2026-08-05T18:44:48.555906Z
  Time since last request: 0.0003603 seconds.
  importAddress: GUID: 359cf58d5969d1a4aad29b095c7fc338 - Path: Packages/com.unity.timeline/Editor/StyleSheets/Images/DarkSkin/TimelineActivation.png - Importer: ScriptedImporter/UnityEditor.QuickSearchModule:UnityEditor.Search:ASIAI0B
Importing 'GUID: 359cf58d5969d1a4aad29b095c7fc338 - Path: Packages/com.unity.timeline/Editor/StyleSheets/Images/DarkSkin/TimelineActivation.png - Importer: ScriptedImporter/UnityEditor.QuickSearchModule:UnityEditor.Search:ASIAI0B' with importer (ScriptedImporter : UnityEditor.QuickSearchModule:UnityEditor.Search:ASIAI0B)
Imported 'GUID: 359cf58d5969d1a4aad29b095c7fc338' -> (Import Result ID: '704683a804292f4b125e91478457bede') in 0.011 seconds [static and dynamic dependencies]. Details - ImportResultOutputID=714e578a3bc6ceb31d9fa2668160538a DependenciesID=ec74f57146e0c28d3261376744ef7414 StaticDependenciesID=be51a3b28a5102087000baa045bddeaf 
Number of updated asset objects reloaded before import = 0
Number of asset objects unloaded after import = 1
========================================================================
Received Import Request.
  Time of request: 2026-08-05T18:44:48.601695Z
  Time since last request: 0.0282477 seconds.
  importAddress: GUID: 4f8d98ef7dbbe3d469e14c04722cbeed - Path: Packages/com.unity.timeline/Editor/StyleSheets/Images/Icons/d_TimelineHeaderMarkerIcon.png - Importer: ScriptedImporter/UnityEditor.QuickSearchModule:UnityEditor.Search:ASIAI0B
Importing 'GUID: 4f8d98ef7dbbe3d469e14c04722cbeed - Path: Packages/com.unity.timeline/Editor/StyleSheets/Images/Icons/d_TimelineHeaderMarkerIcon.png - Importer: ScriptedImporter/UnityEditor.QuickSearchModule:UnityEditor.Search:ASIAI0B' with importer (ScriptedImporter : UnityEditor.QuickSearchModule:UnityEditor.Search:ASIAI0B)
Imported 'GUID: 4f8d98ef7dbbe3d469e14c04722cbeed' -> (Import Result ID: 'bb18220f2df8b6d690acf955a51fd601') in 0.010 seconds [static and dynamic dependencies]. Details - ImportResultOutputID=665586cee47b6d48443f4d30bd458e8c DependenciesID=d6c8a556830754bff3beec512bf55730 StaticDependenciesID=9aadb84881ff0a670f53fa77a8718e4b 
Number of updated asset objects reloaded before import = 0
Number of asset objects unloaded after import = 1
========================================================================
Received Import Request.
  Time of request: 2026-08-05T18:44:48.6201576Z
  Time since last request: 0.0002585 seconds.
  importAddress: GUID: 0e5ba0f04df278944a8f5a62f64f5aa6 - Path: Packages/com.unity.timeline/Editor/StyleSheets/Images/Icons/d_TrackRecordButtonEnabled.png - Importer: ScriptedImporter/UnityEditor.QuickSearchModule:UnityEditor.Search:ASIAI0B
Importing 'GUID: 0e5ba0f04df278944a8f5a62f64f5aa6 - Path: Packages/com.unity.timeline/Editor/StyleSheets/Images/Icons/d_TrackRecordButtonEnabled.png - Importer: ScriptedImporter/UnityEditor.QuickSearchModule:UnityEditor.Search:ASIAI0B' with importer (ScriptedImporter : UnityEditor.QuickSearchModule:UnityEditor.Search:ASIAI0B)
Imported 'GUID: 0e5ba0f04df278944a8f5a62f64f5aa6' -> (Import Result ID: '4de0c3047a6a34e7b3c0247b079eb41a') in 0.010 seconds [static and dynamic dependencies]. Details - ImportResultOutputID=b449db92797a8c5814d1e3dafa6ef896 DependenciesID=b2671aab7ee34703f5bccf0444ef3eb4 StaticDependenciesID=2465790cac1cd7dd7f3d488518edcfb8 
Number of updated asset objects reloaded before import = 0
Number of asset objects unloaded after import = 1
========================================================================
Received Import Request.
  Time of request: 2026-08-05T18:44:48.6374833Z
  Time since last request: 0.0002164 seconds.
  importAddress: GUID: 33a52b41b4de5874ca7da1da32067e39 - Path: Packages/com.unity.timeline/Editor/StyleSheets/Images/Icons/TrackMarkerButtonDisabled.png - Importer: ScriptedImporter/UnityEditor.QuickSearchModule:UnityEditor.Search:ASIAI0B
Importing 'GUID: 33a52b41b4de5874ca7da1da32067e39 - Path: Packages/com.unity.timeline/Editor/StyleSheets/Images/Icons/TrackMarkerButtonDisabled.png - Importer: ScriptedImporter/UnityEditor.QuickSearchModule:UnityEditor.Search:ASIAI0B' with importer (ScriptedImporter : UnityEditor.QuickSearchModule:UnityEditor.Search:ASIAI0B)
Imported 'GUID: 33a52b41b4de5874ca7da1da32067e39' -> (Import Result ID: '18b1da30b4ab325f2354f8c5392383ff') in 0.010 seconds [static and dynamic dependencies]. Details - ImportResultOutputID=be183b14eb494c3775416264a720edf2 DependenciesID=7a128921da8559bede4b3ff8a24b70a8 StaticDependenciesID=75d40e7a744a0ff93847574c4578c589 
Number of updated asset objects reloaded before import = 0
Number of asset objects unloaded after import = 1
========================================================================
Received Import Request.
  Time of request: 2026-08-05T18:44:48.6549608Z
  Time since last request: 0.0002209 seconds.
  importAddress: GUID: c207dcd389fb689489f5266468cd4609 - Path: Packages/com.unity.timeline/Editor/StyleSheets/Images/Icons/d_TrackAvatarButtonEnabled.png - Importer: ScriptedImporter/UnityEditor.QuickSearchModule:UnityEditor.Search:ASIAI0B
Importing 'GUID: c207dcd389fb689489f5266468cd4609 - Path: Packages/com.unity.timeline/Editor/StyleSheets/Images/Icons/d_TrackAvatarButtonEnabled.png - Importer: ScriptedImporter/UnityEditor.QuickSearchModule:UnityEditor.Search:ASIAI0B' with importer (ScriptedImporter : UnityEditor.QuickSearchModule:UnityEditor.Search:ASIAI0B)
Imported 'GUID: c207dcd389fb689489f5266468cd4609' -> (Import Result ID: '01ff0c03389bfa066012853939825753') in 0.009 seconds [static and dynamic dependencies]. Details - ImportResultOutputID=1e52dd3286ba3521345417bddf667532 DependenciesID=cdc13b38c24c0c4c80b36966a4340a09 StaticDependenciesID=c5269ae6d85a099af0a55db5fba8251d 
Number of updated asset objects reloaded before import = 0
Number of asset objects unloaded after import = 1
========================================================================
Received Import Request.
  Time of request: 2026-08-05T18:44:48.6725617Z
  Time since last request: 0.0003952 seconds.
  importAddress: GUID: 39d9575ed0465354cb02b69ea18526de - Path: Packages/com.unity.timeline/Editor/StyleSheets/Images/Icons/d_TimelineEditModeMixOFF.png - Importer: ScriptedImporter/UnityEditor.QuickSearchModule:UnityEditor.Search:ASIAI0B
Importing 'GUID: 39d9575ed0465354cb02b69ea18526de - Path: Packages/com.unity.timeline/Editor/StyleSheets/Images/Icons/d_TimelineEditModeMixOFF.png - Importer: ScriptedImporter/UnityEditor.QuickSearchModule:UnityEditor.Search:ASIAI0B' with importer (ScriptedImporter : UnityEditor.QuickSearchModule:UnityEditor.Search:ASIAI0B)
Imported 'GUID: 39d9575ed0465354cb02b69ea18526de' -> (Import Result ID: '9aba7d41669483eaccaad69ddefd560b') in 0.010 seconds [static and dynamic dependencies]. Details - ImportResultOutputID=e468e217b0382fb505129d5e9d3103bb DependenciesID=304342ed60735c70796ea264fc4cee0e StaticDependenciesID=e14906d82a94bf2ca3654f172c44dae9 
Number of updated asset objects reloaded before import = 0
Number of asset objects unloaded after import = 1
========================================================================
Received Import Request.
  Time of request: 2026-08-05T18:44:48.6899327Z
  Time since last request: 0.0002154 seconds.
  importAddress: GUID: fbcdeb07ee516a64daa01ce462874280 - Path: Packages/com.unity.timeline/Editor/StyleSheets/Images/Icons/d_TrackCurvesButtonEnabled.png - Importer: ScriptedImporter/UnityEditor.QuickSearchModule:UnityEditor.Search:ASIAI0B
Importing 'GUID: fbcdeb07ee516a64daa01ce462874280 - Path: Packages/com.unity.timeline/Editor/StyleSheets/Images/Icons/d_TrackCurvesButtonEnabled.png - Importer: ScriptedImporter/UnityEditor.QuickSearchModule:UnityEditor.Search:ASIAI0B' with importer (ScriptedImporter : UnityEditor.QuickSearchModule:UnityEditor.Search:ASIAI0B)
Imported 'GUID: fbcdeb07ee516a64daa01ce462874280' -> (Import Result ID: 'e733a4dac2b10e3f69c52329d04bd6f7') in 0.010 seconds [static and dynamic dependencies]. Details - ImportResultOutputID=5a57e4b7582ec7b4be8d1073777d3617 DependenciesID=c3753917b1d093bd385a6b1b76570315 StaticDependenciesID=1729fa23a805bc606ac7d47d2609bdef 
Number of updated asset objects reloaded before import = 0
Number of asset objects unloaded after import = 1
========================================================================
Received Import Request.
  Time of request: 2026-08-05T18:44:48.7079497Z
  Time since last request: 0.0006109 seconds.
  importAddress: GUID: c5c1f094d9a9b3f4c9cc6c3a87af871c - Path: Packages/com.unity.timeline/Editor/StyleSheets/Images/Icons/TimelineEditModeRippleON.png - Importer: ScriptedImporter/UnityEditor.QuickSearchModule:UnityEditor.Search:ASIAI0B
Importing 'GUID: c5c1f094d9a9b3f4c9cc6c3a87af871c - Path: Packages/com.unity.timeline/Editor/StyleSheets/Images/Icons/TimelineEditModeRippleON.png - Importer: ScriptedImporter/UnityEditor.QuickSearchModule:UnityEditor.Search:ASIAI0B' with importer (ScriptedImporter : UnityEditor.QuickSearchModule:UnityEditor.Search:ASIAI0B)
Imported 'GUID: c5c1f094d9a9b3f4c9cc6c3a87af871c' -> (Import Result ID: '0651b430de73e88ad2180e20c70c99a1') in 0.011 seconds [static and dynamic dependencies]. Details - ImportResultOutputID=f0a77e2f281d4cc21fdad446b5e6a496 DependenciesID=03609e3327c283ccffb5152f2ac227e9 StaticDependenciesID=849e87ad0f5bcd68ba49c29e079a03e7 
Number of updated asset objects reloaded before import = 0
Number of asset objects unloaded after import = 1
========================================================================
Received Import Request.
  Time of request: 2026-08-05T18:44:48.7269521Z
  Time since last request: 0.0002508 seconds.
  importAddress: GUID: 945f4ecec6df62244b9ebcc363833642 - Path: Packages/com.unity.timeline/Editor/StyleSheets/Images/Icons/Timeline-Marker-Warning-Overlay.png - Importer: ScriptedImporter/UnityEditor.QuickSearchModule:UnityEditor.Search:ASIAI0B
Importing 'GUID: 945f4ecec6df62244b9ebcc363833642 - Path: Packages/com.unity.timeline/Editor/StyleSheets/Images/Icons/Timeline-Marker-Warning-Overlay.png - Importer: ScriptedImporter/UnityEditor.QuickSearchModule:UnityEditor.Search:ASIAI0B' with importer (ScriptedImporter : UnityEditor.QuickSearchModule:UnityEditor.Search:ASIAI0B)
Imported 'GUID: 945f4ecec6df62244b9ebcc363833642' -> (Import Result ID: '30f6e5a321973dd5203a3b3fcdd37a86') in 0.010 seconds [static and dynamic dependencies]. Details - ImportResultOutputID=3ec1772682ca23e57933df67163e4308 DependenciesID=443fe7c64cf33c931ca51f97f6969e2c StaticDependenciesID=49c504fe9133d8e8783a9b4303298a30 
Number of updated asset objects reloaded before import = 0
Number of asset objects unloaded after import = 1
========================================================================
Received Import Request.
  Time of request: 2026-08-05T18:44:48.7568795Z
  Time since last request: 0.0118046 seconds.
  importAddress: GUID: 6952cd3b0f88917449a8fa4d19fc5009 - Path: Packages/com.unity.timeline/Editor/StyleSheets/Images/LightSkin/TimelineEndPlayback.png - Importer: ScriptedImporter/UnityEditor.QuickSearchModule:UnityEditor.Search:ASIAI0B
Importing 'GUID: 6952cd3b0f88917449a8fa4d19fc5009 - Path: Packages/com.unity.timeline/Editor/StyleSheets/Images/LightSkin/TimelineEndPlayback.png - Importer: ScriptedImporter/UnityEditor.QuickSearchModule:UnityEditor.Search:ASIAI0B' with importer (ScriptedImporter : UnityEditor.QuickSearchModule:UnityEditor.Search:ASIAI0B)
Imported 'GUID: 6952cd3b0f88917449a8fa4d19fc5009' -> (Import Result ID: '7934c1f4aeff47186cc9f7a0eeffe28f') in 0.011 seconds [static and dynamic dependencies]. Details - ImportResultOutputID=8e3bfd8cd9a4af10e249cd3bad4a4e0c DependenciesID=2e9283cb744e07aeb57a0608137fcc43 StaticDependenciesID=27b2abbf31598fd98b063b09bf04b1a5 
Number of updated asset objects reloaded before import = 0
Number of asset objects unloaded after import = 1
========================================================================
Received Import Request.
  Time of request: 2026-08-05T18:44:48.7746525Z
  Time since last request: 0.0002855 seconds.
  importAddress: GUID: db31466324572e740a431e4e0e03a016 - Path: Packages/com.unity.timeline/Editor/StyleSheets/Images/Icons/TrackMuteButtonDisabled@2x.png - Importer: ScriptedImporter/UnityEditor.QuickSearchModule:UnityEditor.Search:ASIAI0B
Importing 'GUID: db31466324572e740a431e4e0e03a016 - Path: Packages/com.unity.timeline/Editor/StyleSheets/Images/Icons/TrackMuteButtonDisabled@2x.png - Importer: ScriptedImporter/UnityEditor.QuickSearchModule:UnityEditor.Search:ASIAI0B' with importer (ScriptedImporter : UnityEditor.QuickSearchModule:UnityEditor.Search:ASIAI0B)
Imported 'GUID: db31466324572e740a431e4e0e03a016' -> (Import Result ID: 'fe6a5d4b640f9361dd34471a32bb01cf') in 0.012 seconds [static and dynamic dependencies]. Details - ImportResultOutputID=a031b1e109cd5137a1d08719d51bcb8f DependenciesID=afafe2d77dec548cb4b855e474e2fe12 StaticDependenciesID=c8efd9908a311b74af95387634feba09 
Number of updated asset objects reloaded before import = 0
Number of asset objects unloaded after import = 1
========================================================================
Received Import Request.
  Time of request: 2026-08-05T18:44:48.79453Z
  Time since last request: 0.0002163 seconds.
  importAddress: GUID: 5dfe66e61e0d270468ae75349ff3a3eb - Path: Packages/com.unity.timeline/Editor/StyleSheets/Images/Shared/TimelineSeqEnd.png - Importer: ScriptedImporter/UnityEditor.QuickSearchModule:UnityEditor.Search:ASIAI0B
Importing 'GUID: 5dfe66e61e0d270468ae75349ff3a3eb - Path: Packages/com.unity.timeline/Editor/StyleSheets/Images/Shared/TimelineSeqEnd.png - Importer: ScriptedImporter/UnityEditor.QuickSearchModule:UnityEditor.Search:ASIAI0B' with importer (ScriptedImporter : UnityEditor.QuickSearchModule:UnityEditor.Search:ASIAI0B)
Imported 'GUID: 5dfe66e61e0d270468ae75349ff3a3eb' -> (Import Result ID: 'e34f7609fc585a4bcfdb5e10e37a8f0b') in 0.011 seconds [static and dynamic dependencies]. Details - ImportResultOutputID=fd6516fa39fa18414b7e0b75f6749960 DependenciesID=0e4d2f0a2b979ba6927dcb180efd5cf3 StaticDependenciesID=f7be1f388865e8783dd7cbc8a5c45e49 
Number of updated asset objects reloaded before import = 0
Number of asset objects unloaded after import = 1
========================================================================
Received Import Request.
  Time of request: 2026-08-05T18:44:48.8120014Z
  Time since last request: 0.0002678 seconds.
  importAddress: GUID: ed665472b4fee2043a5c1cc802beaa8e - Path: Packages/com.unity.timeline/Editor/StyleSheets/Images/LightSkin/TimelineTimeCursor.png - Importer: ScriptedImporter/UnityEditor.QuickSearchModule:UnityEditor.Search:ASIAI0B
Importing 'GUID: ed665472b4fee2043a5c1cc802beaa8e - Path: Packages/com.unity.timeline/Editor/StyleSheets/Images/LightSkin/TimelineTimeCursor.png - Importer: ScriptedImporter/UnityEditor.QuickSearchModule:UnityEditor.Search:ASIAI0B' with importer (ScriptedImporter : UnityEditor.QuickSearchModule:UnityEditor.Search:ASIAI0B)
Imported 'GUID: ed665472b4fee2043a5c1cc802beaa8e' -> (Import Result ID: '8c27c187ddf7dbba9220ad087900800c') in 0.009 seconds [static and dynamic dependencies]. Details - ImportResultOutputID=cc9a94d913c0eaf3d0603743e7047307 DependenciesID=35e97e642d5ffddaa626db9878545296 StaticDependenciesID=1848d1f4b4bac3baef253cfe7466af89 
Number of updated asset objects reloaded before import = 0
Number of asset objects unloaded after import = 1
========================================================================
Received Import Request.
  Time of request: 2026-08-05T18:44:48.8291918Z
  Time since last request: 0.0004 seconds.
  importAddress: GUID: 88d697f38121de443ba144702e5122d9 - Path: Packages/com.unity.timeline/Editor/StyleSheets/Images/LightSkin/TimelinePingPong.png - Importer: ScriptedImporter/UnityEditor.QuickSearchModule:UnityEditor.Search:ASIAI0B
Importing 'GUID: 88d697f38121de443ba144702e5122d9 - Path: Packages/com.unity.timeline/Editor/StyleSheets/Images/LightSkin/TimelinePingPong.png - Importer: ScriptedImporter/UnityEditor.QuickSearchModule:UnityEditor.Search:ASIAI0B' with importer (ScriptedImporter : UnityEditor.QuickSearchModule:UnityEditor.Search:ASIAI0B)
Imported 'GUID: 88d697f38121de443ba144702e5122d9' -> (Import Result ID: '18843f580bc978fd89659d9d8d8d8a91') in 0.010 seconds [static and dynamic dependencies]. Details - ImportResultOutputID=80523a5e3b544e55f4f2e8872781d4c6 DependenciesID=d5264a7c185f791be616852ae4bc9f98 StaticDependenciesID=c68cb1d7a3238c775f771f77fc9b7a41 
Number of updated asset objects reloaded before import = 0
Number of asset objects unloaded after import = 1
========================================================================
Received Import Request.
  Time of request: 2026-08-05T18:44:48.8743116Z
  Time since last request: 0.0265658 seconds.
  importAddress: GUID: e2d09a26ce46dc617b54e49a534ace20 - Path: Packages/com.unity.modules.ai/package.ModuleCompilationTrigger - Importer: ScriptedImporter/UnityEditor.QuickSearchModule:UnityEditor.Search:ASIAI0B
Importing 'GUID: e2d09a26ce46dc617b54e49a534ace20 - Path: Packages/com.unity.modules.ai/package.ModuleCompilationTrigger - Importer: ScriptedImporter/UnityEditor.QuickSearchModule:UnityEditor.Search:ASIAI0B' with importer (ScriptedImporter : UnityEditor.QuickSearchModule:UnityEditor.Search:ASIAI0B)
Imported 'GUID: e2d09a26ce46dc617b54e49a534ace20' -> (Import Result ID: '3faa34993da7535ff977053d2527a8b2') in 0.002 seconds [static and dynamic dependencies]. Details - ImportResultOutputID=56b5749235776b50b2e3222f721d9491 DependenciesID=a971aa44f1e104dc4fcc150d4bb9b798 StaticDependenciesID=de0e16b6698c943820e262034e0a0b92 
Number of updated asset objects reloaded before import = 0
Number of asset objects unloaded after import = 1
========================================================================
Received Import Request.
  Time of request: 2026-08-05T18:44:48.8838831Z
  Time since last request: 0.0004517 seconds.
  importAddress: GUID: 1559d6b2b4be92141ba3961fb4378fb7 - Path: Packages/com.unity.shadergraph/Editor/ShaderGraphPreferences.cs - Importer: ScriptedImporter/UnityEditor.QuickSearchModule:UnityEditor.Search:ASIAI0B
Importing 'GUID: 1559d6b2b4be92141ba3961fb4378fb7 - Path: Packages/com.unity.shadergraph/Editor/ShaderGraphPreferences.cs - Importer: ScriptedImporter/UnityEditor.QuickSearchModule:UnityEditor.Search:ASIAI0B' with importer (ScriptedImporter : UnityEditor.QuickSearchModule:UnityEditor.Search:ASIAI0B)
Imported 'GUID: 1559d6b2b4be92141ba3961fb4378fb7' -> (Import Result ID: 'b458337820e3a97bf8081b16e2c4454f') in 0.003 seconds [static and dynamic dependencies]. Details - ImportResultOutputID=afdb5d237d4410c6f0a005448b8932b9 DependenciesID=5fc8be7c522bea1a7c3b0f82c0571948 StaticDependenciesID=ac483c622a54699821a00b07b503bfee 
Number of updated asset objects reloaded before import = 0
Number of asset objects unloaded after import = 0
========================================================================
Received Import Request.
  Time of request: 2026-08-05T18:44:48.894455Z
  Time since last request: 0.0001959 seconds.
  importAddress: GUID: 3627da0ec84594020b79e02cec8d0b41 - Path: Packages/com.unity.shadergraph/LICENSE.md - Importer: ScriptedImporter/UnityEditor.QuickSearchModule:UnityEditor.Search:ASIAI0B
Importing 'GUID: 3627da0ec84594020b79e02cec8d0b41 - Path: Packages/com.unity.shadergraph/LICENSE.md - Importer: ScriptedImporter/UnityEditor.QuickSearchModule:UnityEditor.Search:ASIAI0B' with importer (ScriptedImporter : UnityEditor.QuickSearchModule:UnityEditor.Search:ASIAI0B)
Imported 'GUID: 3627da0ec84594020b79e02cec8d0b41' -> (Import Result ID: '871f9b744f900df6376eee92d2f28b40') in 0.008 seconds [static and dynamic dependencies]. Details - ImportResultOutputID=b5655a0270eebf9f3b93057e2cc2ceaa DependenciesID=f42aed3ed87b052f9f59e7fb35f65a3a StaticDependenciesID=69d2436e0c39b1bb08548430bd8fe987 
Number of updated asset objects reloaded before import = 0
Number of asset objects unloaded after import = 1
========================================================================
Received Import Request.
  Time of request: 2026-08-05T18:44:48.9387926Z
  Time since last request: 0.0302764 seconds.
  importAddress: GUID: f8a051cd8f1045d1bbb37860ed4ef796 - Path: Packages/com.unity.shadergraph/Editor/Importers/ShaderGraphTemplateHelper.cs - Importer: ScriptedImporter/UnityEditor.QuickSearchModule:UnityEditor.Search:ASIAI0B
Importing 'GUID: f8a051cd8f1045d1bbb37860ed4ef796 - Path: Packages/com.unity.shadergraph/Editor/Importers/ShaderGraphTemplateHelper.cs - Importer: ScriptedImporter/UnityEditor.QuickSearchModule:UnityEditor.Search:ASIAI0B' with importer (ScriptedImporter : UnityEditor.QuickSearchModule:UnityEditor.Search:ASIAI0B)
Imported 'GUID: f8a051cd8f1045d1bbb37860ed4ef796' -> (Import Result ID: 'd3d83ed4a8033a3d62f8b5adbd900f11') in 0.002 seconds [static and dynamic dependencies]. Details - ImportResultOutputID=bca277d8b351aef845e85769e59b312e DependenciesID=817dc8b7e40b61cd3bca58221bfd7472 StaticDependenciesID=6174b55f4932c9bec3c41dd6ed8e5c38 
Number of updated asset objects reloaded before import = 0
Number of asset objects unloaded after import = 0
========================================================================
Received Import Request.
  Time of request: 2026-08-05T18:44:48.9508086Z
  Time since last request: 0.0002117 seconds.
  importAddress: GUID: 4f3470767c2eef44f845b47f9ae5538d - Path: Packages/com.unity.shadergraph/Editor/Generation/Controls.cs - Importer: ScriptedImporter/UnityEditor.QuickSearchModule:UnityEditor.Search:ASIAI0B
Importing 'GUID: 4f3470767c2eef44f845b47f9ae5538d - Path: Packages/com.unity.shadergraph/Editor/Generation/Controls.cs - Importer: ScriptedImporter/UnityEditor.QuickSearchModule:UnityEditor.Search:ASIAI0B' with importer (ScriptedImporter : UnityEditor.QuickSearchModule:UnityEditor.Search:ASIAI0B)
Imported 'GUID: 4f3470767c2eef44f845b47f9ae5538d' -> (Import Result ID: '3875076b069391fa25bf380c2def2676') in 0.002 seconds [static and dynamic dependencies]. Details - ImportResultOutputID=ea758d76cb936420c6d7800c7cfdcc15 DependenciesID=5649ac48a25558ee867b49b5604b3e1a StaticDependenciesID=e383f1dfc450e2495e1f3ee821772821 
Number of updated asset objects reloaded before import = 0
Number of asset objects unloaded after import = 0
========================================================================
Received Import Request.
  Time of request: 2026-08-05T18:44:48.9596047Z
  Time since last request: 0.0002334 seconds.
  importAddress: GUID: aa2238545a2849ecb0a6285b5a632a69 - Path: Packages/com.unity.shadergraph/Editor/Drawing/PreviewManager.cs - Importer: ScriptedImporter/UnityEditor.QuickSearchModule:UnityEditor.Search:ASIAI0B
Importing 'GUID: aa2238545a2849ecb0a6285b5a632a69 - Path: Packages/com.unity.shadergraph/Editor/Drawing/PreviewManager.cs - Importer: ScriptedImporter/UnityEditor.QuickSearchModule:UnityEditor.Search:ASIAI0B' with importer (ScriptedImporter : UnityEditor.QuickSearchModule:UnityEditor.Search:ASIAI0B)
Imported 'GUID: aa2238545a2849ecb0a6285b5a632a69' -> (Import Result ID: 'b08c36fe6633511c0dbfa5e4636101e4') in 0.002 seconds [static and dynamic dependencies]. Details - ImportResultOutputID=44da6e8e76f5648e46907ea53429e65f DependenciesID=40c83a5b9690ff492df6d46291a0dd01 StaticDependenciesID=84f8abc4ebf8dd01958a017c4094a924 
Number of updated asset objects reloaded before import = 0
Number of asset objects unloaded after import = 0
========================================================================
Received Import Request.
  Time of request: 2026-08-05T18:44:48.9695918Z
  Time since last request: 0.0002658 seconds.
  importAddress: GUID: 7084c0669cdb2af4ab8c669b3139e0df - Path: Packages/com.unity.shadergraph/ShaderGraphLibrary/ShaderVariablesFunctions.hlsl - Importer: ScriptedImporter/UnityEditor.QuickSearchModule:UnityEditor.Search:ASIAI0B
Importing 'GUID: 7084c0669cdb2af4ab8c669b3139e0df - Path: Packages/com.unity.shadergraph/ShaderGraphLibrary/ShaderVariablesFunctions.hlsl - Importer: ScriptedImporter/UnityEditor.QuickSearchModule:UnityEditor.Search:ASIAI0B' with importer (ScriptedImporter : UnityEditor.QuickSearchModule:UnityEditor.Search:ASIAI0B)
Imported 'GUID: 7084c0669cdb2af4ab8c669b3139e0df' -> (Import Result ID: '99c373e2a81d6423525a5f0d85f086b8') in 0.008 seconds [static and dynamic dependencies]. Details - ImportResultOutputID=a3084b22dc5d885e465d91b9edb522b5 DependenciesID=b12768f677afc9fbeb652f1f1d870688 StaticDependenciesID=d1404addea71e46a10c02586a4442cb1 
Number of updated asset objects reloaded before import = 0
Number of asset objects unloaded after import = 1
========================================================================
Received Import Request.
  Time of request: 2026-08-05T18:44:48.986182Z
  Time since last request: 0.000204 seconds.
  importAddress: GUID: 49f440ce949d5b944bccdfef70f2aca7 - Path: Packages/com.unity.shadergraph/Editor/Resources/StickyNote.uss - Importer: ScriptedImporter/UnityEditor.QuickSearchModule:UnityEditor.Search:ASIAI0B
Importing 'GUID: 49f440ce949d5b944bccdfef70f2aca7 - Path: Packages/com.unity.shadergraph/Editor/Resources/StickyNote.uss - Importer: ScriptedImporter/UnityEditor.QuickSearchModule:UnityEditor.Search:ASIAI0B' with importer (ScriptedImporter : UnityEditor.QuickSearchModule:UnityEditor.Search:ASIAI0B)
Imported 'GUID: 49f440ce949d5b944bccdfef70f2aca7' -> (Import Result ID: '3cf9c25523bbf5c8274d80908f7cbb8f') in 0.010 seconds [static and dynamic dependencies]. Details - ImportResultOutputID=d3b40d43368a3d341a048e48f80fe1d8 DependenciesID=e17ec80ce1156aac9d20edbd122659a5 StaticDependenciesID=2b8d082c9d2e5b3b4123b94628916700 
Number of updated asset objects reloaded before import = 0
Number of asset objects unloaded after import = 1
========================================================================
Received Import Request.
  Time of request: 2026-08-05T18:44:49.0035753Z
  Time since last request: 0.0002534 seconds.
  importAddress: GUID: fd1cf2728832c4da89020bd408d021fc - Path: Packages/com.unity.shadergraph/Editor/Generation/IHasMetaData.cs - Importer: ScriptedImporter/UnityEditor.QuickSearchModule:UnityEditor.Search:ASIAI0B
Importing 'GUID: fd1cf2728832c4da89020bd408d021fc - Path: Packages/com.unity.shadergraph/Editor/Generation/IHasMetaData.cs - Importer: ScriptedImporter/UnityEditor.QuickSearchModule:UnityEditor.Search:ASIAI0B' with importer (ScriptedImporter : UnityEditor.QuickSearchModule:UnityEditor.Search:ASIAI0B)
Imported 'GUID: fd1cf2728832c4da89020bd408d021fc' -> (Import Result ID: '02e9f67a289a3b5399461923123bfe95') in 0.002 seconds [static and dynamic dependencies]. Details - ImportResultOutputID=c39720afb5ebb37c0d29d6ce6e78db7b DependenciesID=07d7330ededbe2d83698836649aa7e51 StaticDependenciesID=cf4ca15c393605ea1ea3a363d0592bc7 
Number of updated asset objects reloaded before import = 0
Number of asset objects unloaded after import = 0
========================================================================
Received Import Request.
  Time of request: 2026-08-05T18:44:49.0133721Z
  Time since last request: 0.0002656 seconds.
  importAddress: GUID: fe0b2ff8964a3254ba241f3a78a125c3 - Path: Packages/com.unity.shadergraph/Editor/Drawing/MaterialGraphPreviewGenerator.cs - Importer: ScriptedImporter/UnityEditor.QuickSearchModule:UnityEditor.Search:ASIAI0B
Importing 'GUID: fe0b2ff8964a3254ba241f3a78a125c3 - Path: Packages/com.unity.shadergraph/Editor/Drawing/MaterialGraphPreviewGenerator.cs - Importer: ScriptedImporter/UnityEditor.QuickSearchModule:UnityEditor.Search:ASIAI0B' with importer (ScriptedImporter : UnityEditor.QuickSearchModule:UnityEditor.Search:ASIAI0B)
Imported 'GUID: fe0b2ff8964a3254ba241f3a78a125c3' -> (Import Result ID: '4c31236cc91e24ada1966d2801a8e965') in 0.002 seconds [static and dynamic dependencies]. Details - ImportResultOutputID=f2a1972749755098576d622f5325d927 DependenciesID=c3afaf7e9c7b5688a5bd3b4effdb1207 StaticDependenciesID=cbac856f4b31d8035577909e77911fb4 
Number of updated asset objects reloaded before import = 0
Number of asset objects unloaded after import = 0
========================================================================
Received Import Request.
  Time of request: 2026-08-05T18:44:49.0237214Z
  Time since last request: 0.0002535 seconds.
  importAddress: GUID: 6c86adf534154b62940167041ccb0bee - Path: Packages/com.unity.shadergraph/Editor/Importers/ShaderGraphIndexedData.cs - Importer: ScriptedImporter/UnityEditor.QuickSearchModule:UnityEditor.Search:ASIAI0B
Importing 'GUID: 6c86adf534154b62940167041ccb0bee - Path: Packages/com.unity.shadergraph/Editor/Importers/ShaderGraphIndexedData.cs - Importer: ScriptedImporter/UnityEditor.QuickSearchModule:UnityEditor.Search:ASIAI0B' with importer (ScriptedImporter : UnityEditor.QuickSearchModule:UnityEditor.Search:ASIAI0B)
Imported 'GUID: 6c86adf534154b62940167041ccb0bee' -> (Import Result ID: '5586d656bd146c6062bcdfc0d71dbc24') in 0.002 seconds [static and dynamic dependencies]. Details - ImportResultOutputID=d9cba7f14c829f9f9c4ee841e3c6e1be DependenciesID=6cb9deb77f750565ae68de2c15ba6d91 StaticDependenciesID=b838db359a4553c06b02badb349a1f18 
Number of updated asset objects reloaded before import = 0
Number of asset objects unloaded after import = 0
========================================================================
Received Import Request.
  Time of request: 2026-08-05T18:44:49.0561279Z
  Time since last request: 0.0225878 seconds.
  importAddress: GUID: 9e9a618319be6a04bada8d206987f1e4 - Path: Packages/com.unity.shadergraph/Editor/Util/ValueUtilities.cs - Importer: ScriptedImporter/UnityEditor.QuickSearchModule:UnityEditor.Search:ASIAI0B
Importing 'GUID: 9e9a618319be6a04bada8d206987f1e4 - Path: Packages/com.unity.shadergraph/Editor/Util/ValueUtilities.cs - Importer: ScriptedImporter/UnityEditor.QuickSearchModule:UnityEditor.Search:ASIAI0B' with importer (ScriptedImporter : UnityEditor.QuickSearchModule:UnityEditor.Search:ASIAI0B)
Imported 'GUID: 9e9a618319be6a04bada8d206987f1e4' -> (Import Result ID: '3f8e445673f6b22b260f99f2abfd3e7d') in 0.003 seconds [static and dynamic dependencies]. Details - ImportResultOutputID=432f3e2e937f0beedf438d968b47afa2 DependenciesID=2900be19497609db1635efc4c276559c StaticDependenciesID=18ed86eb1375bd66cd25fd4053fa9f5d 
Number of updated asset objects reloaded before import = 0
Number of asset objects unloaded after import = 0
========================================================================
Received Import Request.
  Time of request: 2026-08-05T18:44:49.0659889Z
  Time since last request: 0.000288 seconds.
  importAddress: GUID: f20330646a5d9ab4ba73ed235396a7a6 - Path: Packages/com.unity.shadergraph/GraphTemplates/Subgraphs/Circle.shadersubgraph - Importer: ScriptedImporter/UnityEditor.QuickSearchModule:UnityEditor.Search:ASIAI0B
Importing 'GUID: f20330646a5d9ab4ba73ed235396a7a6 - Path: Packages/com.unity.shadergraph/GraphTemplates/Subgraphs/Circle.shadersubgraph - Importer: ScriptedImporter/UnityEditor.QuickSearchModule:UnityEditor.Search:ASIAI0B' with importer (ScriptedImporter : UnityEditor.QuickSearchModule:UnityEditor.Search:ASIAI0B)
Imported 'GUID: f20330646a5d9ab4ba73ed235396a7a6' -> (Import Result ID: '34a9b41c25151e15fdb74172194ddc89') in 0.010 seconds [static and dynamic dependencies]. Details - ImportResultOutputID=6e072cc823e0c7d208d59cf65282290c DependenciesID=f15b6ba94a931d49f3c7f7e9a2eff0c7 StaticDependenciesID=c8e29e4021caa47d58a32bae19a3cfb9 
Number of updated asset objects reloaded before import = 0
Number of asset objects unloaded after import = 1
========================================================================
Received Import Request.
  Time of request: 2026-08-05T18:44:49.084508Z
  Time since last request: 0.0004441 seconds.
  importAddress: GUID: 73f7a6a1a6335484ba02a0b8f80fe10c - Path: Packages/com.unity.shadergraph/GraphTemplates/Subgraphs/Particle Vertex Color.shadersubgraph - Importer: ScriptedImporter/UnityEditor.QuickSearchModule:UnityEditor.Search:ASIAI0B
Importing 'GUID: 73f7a6a1a6335484ba02a0b8f80fe10c - Path: Packages/com.unity.shadergraph/GraphTemplates/Subgraphs/Particle Vertex Color.shadersubgraph - Importer: ScriptedImporter/UnityEditor.QuickSearchModule:UnityEditor.Search:ASIAI0B' with importer (ScriptedImporter : UnityEditor.QuickSearchModule:UnityEditor.Search:ASIAI0B)
Imported 'GUID: 73f7a6a1a6335484ba02a0b8f80fe10c' -> (Import Result ID: 'c61a69d084cd342ed512cb8a5c9ddafe') in 0.011 seconds [static and dynamic dependencies]. Details - ImportResultOutputID=06d10036674e40bc91e1dcb268c4a849 DependenciesID=ffdc157aba699e144c9e367126399002 StaticDependenciesID=e80871be00328f3f0602e7b3a470236a 
Number of updated asset objects reloaded before import = 0
Number of asset objects unloaded after import = 1
========================================================================
Received Import Request.
  Time of request: 2026-08-05T18:44:49.1047471Z
  Time since last request: 0.0002986 seconds.
  importAddress: GUID: 57a79624959347419f3ed039bdee4f81 - Path: Packages/com.unity.shadergraph/Editor/Serialization/RefDataEnumerable.cs - Importer: ScriptedImporter/UnityEditor.QuickSearchModule:UnityEditor.Search:ASIAI0B
Importing 'GUID: 57a79624959347419f3ed039bdee4f81 - Path: Packages/com.unity.shadergraph/Editor/Serialization/RefDataEnumerable.cs - Importer: ScriptedImporter/UnityEditor.QuickSearchModule:UnityEditor.Search:ASIAI0B' with importer (ScriptedImporter : UnityEditor.QuickSearchModule:UnityEditor.Search:ASIAI0B)
Imported 'GUID: 57a79624959347419f3ed039bdee4f81' -> (Import Result ID: '7fd92f3c828cf4332ad0b85e57a52aac') in 0.002 seconds [static and dynamic dependencies]. Details - ImportResultOutputID=877ad14e687b950285ebf6effe7d5755 DependenciesID=be63a8ad16702b217437d2c5c1325b47 StaticDependenciesID=e75d5a8fdb904e3a6a5587a768c379ef 
Number of updated asset objects reloaded before import = 0
Number of asset objects unloaded after import = 0
========================================================================
Received Import Request.
  Time of request: 2026-08-05T18:44:49.1142447Z
  Time since last request: 0.0003745 seconds.
  importAddress: GUID: 0f0c228bd0a3835428c403a8d1568ef5 - Path: Packages/com.unity.shadergraph/GraphTemplates/Cross Pipeline/LitParticleTemplateThumbnail.png - Importer: ScriptedImporter/UnityEditor.QuickSearchModule:UnityEditor.Search:ASIAI0B
Importing 'GUID: 0f0c228bd0a3835428c403a8d1568ef5 - Path: Packages/com.unity.shadergraph/GraphTemplates/Cross Pipeline/LitParticleTemplateThumbnail.png - Importer: ScriptedImporter/UnityEditor.QuickSearchModule:UnityEditor.Search:ASIAI0B' with importer (ScriptedImporter : UnityEditor.QuickSearchModule:UnityEditor.Search:ASIAI0B)
Imported 'GUID: 0f0c228bd0a3835428c403a8d1568ef5' -> (Import Result ID: '2aef949dd6e67bf094d1c08f6456ad4f') in 0.011 seconds [static and dynamic dependencies]. Details - ImportResultOutputID=d3eca97ccf52bfcd9f7b2782d5b952a8 DependenciesID=a5baa175081f7ec085786eea747c03f3 StaticDependenciesID=603e54bb2374fe3df77126fe2e40456a 
Number of updated asset objects reloaded before import = 0
Number of asset objects unloaded after import = 1
========================================================================
Received Import Request.
  Time of request: 2026-08-05T18:44:49.132265Z
  Time since last request: 0.0002809 seconds.
  importAddress: GUID: 556dff229d0982b43b52bc3ce1019148 - Path: Packages/com.unity.shadergraph/GraphTemplates/Subgraphs/CameraDistanceMask.shadersubgraph - Importer: ScriptedImporter/UnityEditor.QuickSearchModule:UnityEditor.Search:ASIAI0B
Importing 'GUID: 556dff229d0982b43b52bc3ce1019148 - Path: Packages/com.unity.shadergraph/GraphTemplates/Subgraphs/CameraDistanceMask.shadersubgraph - Importer: ScriptedImporter/UnityEditor.QuickSearchModule:UnityEditor.Search:ASIAI0B' with importer (ScriptedImporter : UnityEditor.QuickSearchModule:UnityEditor.Search:ASIAI0B)
Imported 'GUID: 556dff229d0982b43b52bc3ce1019148' -> (Import Result ID: 'd2fdc7d6f9467640bd2bd40027763ba5') in 0.009 seconds [static and dynamic dependencies]. Details - ImportResultOutputID=8c77c75298353be5ed8f167b65e6ae50 DependenciesID=a4362a44d40a464e5fe4f0aec688e4a6 StaticDependenciesID=ce56abbf38914a6a4a22b94d5f5c79ed 
Number of updated asset objects reloaded before import = 0
Number of asset objects unloaded after import = 1
========================================================================
Received Import Request.
  Time of request: 2026-08-05T18:44:49.1507192Z
  Time since last request: 0.0002417 seconds.
  importAddress: GUID: 62a4ab9c203a85c43a5d0847b25fd2a8 - Path: Packages/com.unity.shadergraph/GraphTemplates/Subgraphs/Normal Bending.shadersubgraph - Importer: ScriptedImporter/UnityEditor.QuickSearchModule:UnityEditor.Search:ASIAI0B
Importing 'GUID: 62a4ab9c203a85c43a5d0847b25fd2a8 - Path: Packages/com.unity.shadergraph/GraphTemplates/Subgraphs/Normal Bending.shadersubgraph - Importer: ScriptedImporter/UnityEditor.QuickSearchModule:UnityEditor.Search:ASIAI0B' with importer (ScriptedImporter : UnityEditor.QuickSearchModule:UnityEditor.Search:ASIAI0B)
Imported 'GUID: 62a4ab9c203a85c43a5d0847b25fd2a8' -> (Import Result ID: 'c146fec8e98a07d7b4134e68acb433e7') in 0.011 seconds [static and dynamic dependencies]. Details - ImportResultOutputID=061075cf2870624f423cf98da5d077d0 DependenciesID=56a9d495ecd158c8a1b611810b445ba3 StaticDependenciesID=1f7b523e5257854847e257a13c50c64a 
Number of updated asset objects reloaded before import = 0
Number of asset objects unloaded after import = 1
========================================================================
Received Import Request.
  Time of request: 2026-08-05T18:44:49.1682622Z
  Time since last request: 0.0002481 seconds.
  importAddress: GUID: e6831b07772f59844b5c282e8a4aa736 - Path: Packages/com.unity.shadergraph/GraphTemplates/BuiltIn/BuiltInUnlitBasicTemplateThumbnail.png - Importer: ScriptedImporter/UnityEditor.QuickSearchModule:UnityEditor.Search:ASIAI0B
Importing 'GUID: e6831b07772f59844b5c282e8a4aa736 - Path: Packages/com.unity.shadergraph/GraphTemplates/BuiltIn/BuiltInUnlitBasicTemplateThumbnail.png - Importer: ScriptedImporter/UnityEditor.QuickSearchModule:UnityEditor.Search:ASIAI0B' with importer (ScriptedImporter : UnityEditor.QuickSearchModule:UnityEditor.Search:ASIAI0B)
Imported 'GUID: e6831b07772f59844b5c282e8a4aa736' -> (Import Result ID: 'e7e82b9110c66412226855a4b4a8674c') in 0.012 seconds [static and dynamic dependencies]. Details - ImportResultOutputID=35ea03968321569e54051be6b18c969b DependenciesID=384426e1760920b4c6358d7be36e46c6 StaticDependenciesID=d8403cbcb62e4d261d04704bf17e30be 
Number of updated asset objects reloaded before import = 0
Number of asset objects unloaded after import = 1
========================================================================
Received Import Request.
  Time of request: 2026-08-05T18:44:49.1873051Z
  Time since last request: 0.0002535 seconds.
  importAddress: GUID: a680d9a9f8b66514abbfd3ae1c8f77f7 - Path: Packages/com.unity.shadergraph/GraphTemplates/Cross Pipeline/2_Particle Lit.shadergraph - Importer: ScriptedImporter/UnityEditor.QuickSearchModule:UnityEditor.Search:ASIAI0B
Importing 'GUID: a680d9a9f8b66514abbfd3ae1c8f77f7 - Path: Packages/com.unity.shadergraph/GraphTemplates/Cross Pipeline/2_Particle Lit.shadergraph - Importer: ScriptedImporter/UnityEditor.QuickSearchModule:UnityEditor.Search:ASIAI0B' with importer (ScriptedImporter : UnityEditor.QuickSearchModule:UnityEditor.Search:ASIAI0B)
Imported 'GUID: a680d9a9f8b66514abbfd3ae1c8f77f7' -> (Import Result ID: 'fd9da4f5a81d272713c395fe33555871') in 0.038 seconds [static and dynamic dependencies]. Details - ImportResultOutputID=a475df5935d1ff08ed3f3db6a6233add DependenciesID=d7b7b1180708176d89789ac5f5f5d29b StaticDependenciesID=8853764420f30474e1a0767cf658ab3d 
Number of updated asset objects reloaded before import = 0
Number of asset objects unloaded after import = 10
========================================================================
Received Import Request.
  Time of request: 2026-08-05T18:44:49.5141424Z
  Time since last request: 0.2815142 seconds.
  importAddress: GUID: 8b4aa8c48881d4142b1c30e408b503d8 - Path: Packages/com.unity.shadergraph/ShaderGraphLibrary/Nature/SpeedTree8Wind.hlsl - Importer: ScriptedImporter/UnityEditor.QuickSearchModule:UnityEditor.Search:ASIAI0B
Importing 'GUID: 8b4aa8c48881d4142b1c30e408b503d8 - Path: Packages/com.unity.shadergraph/ShaderGraphLibrary/Nature/SpeedTree8Wind.hlsl - Importer: ScriptedImporter/UnityEditor.QuickSearchModule:UnityEditor.Search:ASIAI0B' with importer (ScriptedImporter : UnityEditor.QuickSearchModule:UnityEditor.Search:ASIAI0B)
Imported 'GUID: 8b4aa8c48881d4142b1c30e408b503d8' -> (Import Result ID: '54d19af854dce431fb2ef29d9325a480') in 0.009 seconds [static and dynamic dependencies]. Details - ImportResultOutputID=0430f4d2ca35d7b0416472a14a8d31e2 DependenciesID=a00b29c5709ce99ca42060d426a4d493 StaticDependenciesID=608688a51cabf8bb44d9515f1550db54 
Number of updated asset objects reloaded before import = 0
Number of asset objects unloaded after import = 1
========================================================================
Received Import Request.
  Time of request: 2026-08-05T18:44:49.5300437Z
  Time since last request: 0.0002532 seconds.
  importAddress: GUID: 9c9d769f1b8c48746bca5318ac6d2dfb - Path: Packages/com.unity.shadergraph/Editor/Data/Attributes/BuiltinKeywordAttribute.cs - Importer: ScriptedImporter/UnityEditor.QuickSearchModule:UnityEditor.Search:ASIAI0B
Importing 'GUID: 9c9d769f1b8c48746bca5318ac6d2dfb - Path: Packages/com.unity.shadergraph/Editor/Data/Attributes/BuiltinKeywordAttribute.cs - Importer: ScriptedImporter/UnityEditor.QuickSearchModule:UnityEditor.Search:ASIAI0B' with importer (ScriptedImporter : UnityEditor.QuickSearchModule:UnityEditor.Search:ASIAI0B)
Imported 'GUID: 9c9d769f1b8c48746bca5318ac6d2dfb' -> (Import Result ID: '456697f487c889bf9baac512d9a56b1f') in 0.002 seconds [static and dynamic dependencies]. Details - ImportResultOutputID=a530def10540cb04289ee75deb833762 DependenciesID=8b025a6a1ae64d7c8e9da71dcdd4ac27 StaticDependenciesID=2381b4bef5e00ea2be4c4b55057b0f5d 
Number of updated asset objects reloaded before import = 0
Number of asset objects unloaded after import = 0
========================================================================
Received Import Request.
  Time of request: 2026-08-05T18:44:49.5399943Z
  Time since last request: 0.0002952 seconds.
  importAddress: GUID: 60f6b7b276d03134e9b565b19546e94c - Path: Packages/com.unity.shadergraph/GraphTemplates/Subgraphs/UV Scale.shadersubgraph - Importer: ScriptedImporter/UnityEditor.QuickSearchModule:UnityEditor.Search:ASIAI0B
Importing 'GUID: 60f6b7b276d03134e9b565b19546e94c - Path: Packages/com.unity.shadergraph/GraphTemplates/Subgraphs/UV Scale.shadersubgraph - Importer: ScriptedImporter/UnityEditor.QuickSearchModule:UnityEditor.Search:ASIAI0B' with importer (ScriptedImporter : UnityEditor.QuickSearchModule:UnityEditor.Search:ASIAI0B)
Imported 'GUID: 60f6b7b276d03134e9b565b19546e94c' -> (Import Result ID: 'f88a058c0761b38fc98df8ba6086ce8e') in 0.009 seconds [static and dynamic dependencies]. Details - ImportResultOutputID=be198c47b8ffe9d1897b4f3118d8da4e DependenciesID=838f55d4d9e76b33e472275b1eba7d2a StaticDependenciesID=2f862a0f6279e3de05a4461abb863cca 
Number of updated asset objects reloaded before import = 0
Number of asset objects unloaded after import = 1
========================================================================
Received Import Request.
  Time of request: 2026-08-05T18:44:49.5563791Z
  Time since last request: 0.0002646 seconds.
  importAddress: GUID: b19f392a4817e1340bbaf1045b6e5051 - Path: Packages/com.unity.shadergraph/GraphTemplates/Subgraphs/Switch6.shadersubgraph - Importer: ScriptedImporter/UnityEditor.QuickSearchModule:UnityEditor.Search:ASIAI0B
Importing 'GUID: b19f392a4817e1340bbaf1045b6e5051 - Path: Packages/com.unity.shadergraph/GraphTemplates/Subgraphs/Switch6.shadersubgraph - Importer: ScriptedImporter/UnityEditor.QuickSearchModule:UnityEditor.Search:ASIAI0B' with importer (ScriptedImporter : UnityEditor.QuickSearchModule:UnityEditor.Search:ASIAI0B)
Imported 'GUID: b19f392a4817e1340bbaf1045b6e5051' -> (Import Result ID: '03f7474d0b0ff44fc1b0ee5209db01ca') in 0.008 seconds [static and dynamic dependencies]. Details - ImportResultOutputID=ba7b611547b5ef8f0a206856e9d9d2ac DependenciesID=0211b955e6a305fbbf66671a9e603ba2 StaticDependenciesID=7436d02ae6164caaa2a20655fb0b7ae3 
Number of updated asset objects reloaded before import = 0
Number of asset objects unloaded after import = 1
========================================================================
Received Import Request.
  Time of request: 2026-08-05T18:44:49.5723025Z
  Time since last request: 0.0002193 seconds.
  importAddress: GUID: 8891f9466e6b01c498c3f4b2c6abc0eb - Path: Packages/com.unity.shadergraph/Editor/Data/Graphs/BooleanShaderProperty.cs - Importer: ScriptedImporter/UnityEditor.QuickSearchModule:UnityEditor.Search:ASIAI0B
Importing 'GUID: 8891f9466e6b01c498c3f4b2c6abc0eb - Path: Packages/com.unity.shadergraph/Editor/Data/Graphs/BooleanShaderProperty.cs - Importer: ScriptedImporter/UnityEditor.QuickSearchModule:UnityEditor.Search:ASIAI0B' with importer (ScriptedImporter : UnityEditor.QuickSearchModule:UnityEditor.Search:ASIAI0B)
Imported 'GUID: 8891f9466e6b01c498c3f4b2c6abc0eb' -> (Import Result ID: 'f3a4ed813c892df695ec081238424bb5') in 0.002 seconds [static and dynamic dependencies]. Details - ImportResultOutputID=b89782e9e38e5170b559b185a761861c DependenciesID=08902448e419b47d4ef31039406268e1 StaticDependenciesID=223696388960de40935964229760f275 
Number of updated asset objects reloaded before import = 0
Number of asset objects unloaded after import = 0
========================================================================
Received Import Request.
  Time of request: 2026-08-05T18:44:49.6049731Z
  Time since last request: 0.0234865 seconds.
  importAddress: GUID: cd0a34bae4c34534c8c9f19aab9e8ec8 - Path: Packages/com.unity.shadergraph/Editor/Data/Graphs/ShaderDropdown.cs - Importer: ScriptedImporter/UnityEditor.QuickSearchModule:UnityEditor.Search:ASIAI0B
Importing 'GUID: cd0a34bae4c34534c8c9f19aab9e8ec8 - Path: Packages/com.unity.shadergraph/Editor/Data/Graphs/ShaderDropdown.cs - Importer: ScriptedImporter/UnityEditor.QuickSearchModule:UnityEditor.Search:ASIAI0B' with importer (ScriptedImporter : UnityEditor.QuickSearchModule:UnityEditor.Search:ASIAI0B)
Imported 'GUID: cd0a34bae4c34534c8c9f19aab9e8ec8' -> (Import Result ID: '975e261f105df3877620b1480d3af102') in 0.002 seconds [static and dynamic dependencies]. Details - ImportResultOutputID=896486fae8a135cfea069357fd008d5c DependenciesID=4c4bc3ae36304a2cf712d232151ce5a8 StaticDependenciesID=249eb5017c24f6ccc2f654b060bf24d0 
Number of updated asset objects reloaded before import = 0
Number of asset objects unloaded after import = 0
========================================================================
Received Import Request.
  Time of request: 2026-08-05T18:44:49.6150959Z
  Time since last request: 0.0007035 seconds.
  importAddress: GUID: d14087d6634274aee91ead8607c2e32d - Path: Packages/com.unity.shadergraph/Editor/Data/Graphs/Texture3DMaterialSlot.cs - Importer: ScriptedImporter/UnityEditor.QuickSearchModule:UnityEditor.Search:ASIAI0B
Importing 'GUID: d14087d6634274aee91ead8607c2e32d - Path: Packages/com.unity.shadergraph/Editor/Data/Graphs/Texture3DMaterialSlot.cs - Importer: ScriptedImporter/UnityEditor.QuickSearchModule:UnityEditor.Search:ASIAI0B' with importer (ScriptedImporter : UnityEditor.QuickSearchModule:UnityEditor.Search:ASIAI0B)
Imported 'GUID: d14087d6634274aee91ead8607c2e32d' -> (Import Result ID: 'f1d94b65483f047e613f001b820c7c6d') in 0.002 seconds [static and dynamic dependencies]. Details - ImportResultOutputID=40ba009e3f058cf1b2d878d34b207c73 DependenciesID=07c9ac57b735bbc91f8ece87771a6c32 StaticDependenciesID=8e6843b7c7d1a5db1bcdae5e2132e202 
Number of updated asset objects reloaded before import = 0
Number of asset objects unloaded after import = 0
========================================================================
Received Import Request.
  Time of request: 2026-08-05T18:44:49.6281783Z
  Time since last request: 0.0003298 seconds.
  importAddress: GUID: 54e6f853237cbe244b9d890b2a1eba6e - Path: Packages/com.unity.shadergraph/Editor/Data/Graphs/GraphConcretization.cs - Importer: ScriptedImporter/UnityEditor.QuickSearchModule:UnityEditor.Search:ASIAI0B
Importing 'GUID: 54e6f853237cbe244b9d890b2a1eba6e - Path: Packages/com.unity.shadergraph/Editor/Data/Graphs/GraphConcretization.cs - Importer: ScriptedImporter/UnityEditor.QuickSearchModule:UnityEditor.Search:ASIAI0B' with importer (ScriptedImporter : UnityEditor.QuickSearchModule:UnityEditor.Search:ASIAI0B)
Imported 'GUID: 54e6f853237cbe244b9d890b2a1eba6e' -> (Import Result ID: 'e3966d1d8c7aee026d1034fccaab45f2') in 0.002 seconds [static and dynamic dependencies]. Details - ImportResultOutputID=680f27ce56ab44638a9197dcb97e75b5 DependenciesID=5f9411126e8c08f4d8289521ef738e66 StaticDependenciesID=3be647c868fa28d95193aeb6968bf613 
Number of updated asset objects reloaded before import = 0
Number of asset objects unloaded after import = 0
========================================================================
Received Import Request.
  Time of request: 2026-08-05T18:44:49.6373023Z
  Time since last request: 0.0001916 seconds.
  importAddress: GUID: a2b15be9dfcb8f4489611736870ba109 - Path: Packages/com.unity.shadergraph/Editor/Data/Graphs/ShaderKeyword.cs - Importer: ScriptedImporter/UnityEditor.QuickSearchModule:UnityEditor.Search:ASIAI0B
Importing 'GUID: a2b15be9dfcb8f4489611736870ba109 - Path: Packages/com.unity.shadergraph/Editor/Data/Graphs/ShaderKeyword.cs - Importer: ScriptedImporter/UnityEditor.QuickSearchModule:UnityEditor.Search:ASIAI0B' with importer (ScriptedImporter : UnityEditor.QuickSearchModule:UnityEditor.Search:ASIAI0B)
Imported 'GUID: a2b15be9dfcb8f4489611736870ba109' -> (Import Result ID: 'c2f03ed8a9a6dd358de88cd7f47c6152') in 0.002 seconds [static and dynamic dependencies]. Details - ImportResultOutputID=18e384e02bd8f8cad833da644b225e43 DependenciesID=d78fd233796fc2d97bf4bc562a4112c8 StaticDependenciesID=f7b2032e1f7451db4969ca3987aa7699 
Number of updated asset objects reloaded before import = 0
Number of asset objects unloaded after import = 0
========================================================================
Received Import Request.
  Time of request: 2026-08-05T18:44:49.6478579Z
  Time since last request: 0.0002991 seconds.
  importAddress: GUID: ebeb3a21d05d49caa5d3318fb49b7612 - Path: Packages/com.unity.shadergraph/Editor/Data/Graphs/Texture2DInputMaterialSlot.cs - Importer: ScriptedImporter/UnityEditor.QuickSearchModule:UnityEditor.Search:ASIAI0B
Importing 'GUID: ebeb3a21d05d49caa5d3318fb49b7612 - Path: Packages/com.unity.shadergraph/Editor/Data/Graphs/Texture2DInputMaterialSlot.cs - Importer: ScriptedImporter/UnityEditor.QuickSearchModule:UnityEditor.Search:ASIAI0B' with importer (ScriptedImporter : UnityEditor.QuickSearchModule:UnityEditor.Search:ASIAI0B)
Imported 'GUID: ebeb3a21d05d49caa5d3318fb49b7612' -> (Import Result ID: 'f1dc014639b66a6359e13e39130a64ea') in 0.003 seconds [static and dynamic dependencies]. Details - ImportResultOutputID=2a61273a9cb5896ba30a8a292da25b30 DependenciesID=79deb7974919e7ccff883a5be73e6c02 StaticDependenciesID=60de93be845b060b14ccf367272ec5cc 
Number of updated asset objects reloaded before import = 0
Number of asset objects unloaded after import = 0
========================================================================
Received Import Request.
  Time of request: 2026-08-05T18:44:49.65926Z
  Time since last request: 0.0002111 seconds.
  importAddress: GUID: dd9ae74f463480e49a2f6f1ed7f7fb2e - Path: Packages/com.unity.shadergraph/Editor/Data/Graphs/GroupData.cs - Importer: ScriptedImporter/UnityEditor.QuickSearchModule:UnityEditor.Search:ASIAI0B
Importing 'GUID: dd9ae74f463480e49a2f6f1ed7f7fb2e - Path: Packages/com.unity.shadergraph/Editor/Data/Graphs/GroupData.cs - Importer: ScriptedImporter/UnityEditor.QuickSearchModule:UnityEditor.Search:ASIAI0B' with importer (ScriptedImporter : UnityEditor.QuickSearchModule:UnityEditor.Search:ASIAI0B)
Imported 'GUID: dd9ae74f463480e49a2f6f1ed7f7fb2e' -> (Import Result ID: 'dabbfa1bc78f0d0d1bc7f3324a82b11b') in 0.003 seconds [static and dynamic dependencies]. Details - ImportResultOutputID=3fe5a793f37ba460b77fffbe0401049d DependenciesID=620c59e8d09e35a6db47b63fcbde4a15 StaticDependenciesID=6a87fc912af58e1e0e3e86ba6e710a8d 
Number of updated asset objects reloaded before import = 0
Number of asset objects unloaded after import = 0
========================================================================
Received Import Request.
  Time of request: 2026-08-05T18:44:49.6709825Z
  Time since last request: 0.0002525 seconds.
  importAddress: GUID: fb9a23efd2bc46e9a5e34bf5ff0c9768 - Path: Packages/com.unity.shadergraph/Editor/Data/Graphs/SerializableGuid.cs - Importer: ScriptedImporter/UnityEditor.QuickSearchModule:UnityEditor.Search:ASIAI0B
Importing 'GUID: fb9a23efd2bc46e9a5e34bf5ff0c9768 - Path: Packages/com.unity.shadergraph/Editor/Data/Graphs/SerializableGuid.cs - Importer: ScriptedImporter/UnityEditor.QuickSearchModule:UnityEditor.Search:ASIAI0B' with importer (ScriptedImporter : UnityEditor.QuickSearchModule:UnityEditor.Search:ASIAI0B)
Imported 'GUID: fb9a23efd2bc46e9a5e34bf5ff0c9768' -> (Import Result ID: '4d629c0dce5b635140100dd33fd2c7a2') in 0.003 seconds [static and dynamic dependencies]. Details - ImportResultOutputID=ee36b188812dd5fffe1af7f2161c29a1 DependenciesID=31d42fae6651a56d1e6273f32aec2fb7 StaticDependenciesID=24ff4aaf128ad50d7534bd280062acee 
Number of updated asset objects reloaded before import = 0
Number of asset objects unloaded after import = 0
========================================================================
Received Import Request.
  Time of request: 2026-08-05T18:44:49.6825424Z
  Time since last request: 0.0001954 seconds.
  importAddress: GUID: 38b2d4645340d4274a793e2e12ec097c - Path: Packages/com.unity.shadergraph/Editor/Data/Graphs/DynamicValueMaterialSlot.cs - Importer: ScriptedImporter/UnityEditor.QuickSearchModule:UnityEditor.Search:ASIAI0B
Importing 'GUID: 38b2d4645340d4274a793e2e12ec097c - Path: Packages/com.unity.shadergraph/Editor/Data/Graphs/DynamicValueMaterialSlot.cs - Importer: ScriptedImporter/UnityEditor.QuickSearchModule:UnityEditor.Search:ASIAI0B' with importer (ScriptedImporter : UnityEditor.QuickSearchModule:UnityEditor.Search:ASIAI0B)
Imported 'GUID: 38b2d4645340d4274a793e2e12ec097c' -> (Import Result ID: 'ac4c8174e49513df7f5f65ef020e02b5') in 0.002 seconds [static and dynamic dependencies]. Details - ImportResultOutputID=e9bc79da4197be84c4c8ec900f97af23 DependenciesID=74ef4f821450a0d9cf6cb8ff674f1e88 StaticDependenciesID=84708e4adf3224b57a4423966aa19006 
Number of updated asset objects reloaded before import = 0
Number of asset objects unloaded after import = 0
========================================================================
Received Import Request.
  Time of request: 2026-08-05T18:44:49.705168Z
  Time since last request: 0.0141634 seconds.
  importAddress: GUID: 70269079c1aecc24b9897ff3c7369854 - Path: Packages/com.unity.shadergraph/Editor/Data/Interfaces/PositionSource.cs - Importer: ScriptedImporter/UnityEditor.QuickSearchModule:UnityEditor.Search:ASIAI0B
Importing 'GUID: 70269079c1aecc24b9897ff3c7369854 - Path: Packages/com.unity.shadergraph/Editor/Data/Interfaces/PositionSource.cs - Importer: ScriptedImporter/UnityEditor.QuickSearchModule:UnityEditor.Search:ASIAI0B' with importer (ScriptedImporter : UnityEditor.QuickSearchModule:UnityEditor.Search:ASIAI0B)
Imported 'GUID: 70269079c1aecc24b9897ff3c7369854' -> (Import Result ID: '9679c1575745b8ca4e8b167182a7bfbb') in 0.003 seconds [static and dynamic dependencies]. Details - ImportResultOutputID=748702d0182b63fdf100c5c8e8becb8d DependenciesID=106e133028d3cb9ba30eda5fe11023a5 StaticDependenciesID=4469ab113acb36cf8daf70b3152f5155 
Number of updated asset objects reloaded before import = 0
Number of asset objects unloaded after import = 0
========================================================================
Received Import Request.
  Time of request: 2026-08-05T18:44:49.7149657Z
  Time since last request: 0.0005829 seconds.
  importAddress: GUID: 275b56f32a48a0f4ab244ca9aa3884c9 - Path: Packages/com.unity.shadergraph/Editor/Data/Interfaces/IMayRequireTime.cs - Importer: ScriptedImporter/UnityEditor.QuickSearchModule:UnityEditor.Search:ASIAI0B
Importing 'GUID: 275b56f32a48a0f4ab244ca9aa3884c9 - Path: Packages/com.unity.shadergraph/Editor/Data/Interfaces/IMayRequireTime.cs - Importer: ScriptedImporter/UnityEditor.QuickSearchModule:UnityEditor.Search:ASIAI0B' with importer (ScriptedImporter : UnityEditor.QuickSearchModule:UnityEditor.Search:ASIAI0B)
Imported 'GUID: 275b56f32a48a0f4ab244ca9aa3884c9' -> (Import Result ID: '8e95e9112438cb622da452e8521cf534') in 0.002 seconds [static and dynamic dependencies]. Details - ImportResultOutputID=6e4ae6e6142c928187872ba3ec3e3664 DependenciesID=5e5535c3155d0d21848c9d6a2b983ad4 StaticDependenciesID=3bf1f2686ca27a7192a58abd593edd15 
Number of updated asset objects reloaded before import = 0
Number of asset objects unloaded after import = 0
========================================================================
Received Import Request.
  Time of request: 2026-08-05T18:44:49.7253272Z
  Time since last request: 0.0002402 seconds.
  importAddress: GUID: 04d654703054418c8db537b52ae070dc - Path: Packages/com.unity.shadergraph/Editor/Data/Interfaces/IMayRequireVertexColor.cs - Importer: ScriptedImporter/UnityEditor.QuickSearchModule:UnityEditor.Search:ASIAI0B
Importing 'GUID: 04d654703054418c8db537b52ae070dc - Path: Packages/com.unity.shadergraph/Editor/Data/Interfaces/IMayRequireVertexColor.cs - Importer: ScriptedImporter/UnityEditor.QuickSearchModule:UnityEditor.Search:ASIAI0B' with importer (ScriptedImporter : UnityEditor.QuickSearchModule:UnityEditor.Search:ASIAI0B)
Imported 'GUID: 04d654703054418c8db537b52ae070dc' -> (Import Result ID: 'a057ea153e1bbcf7b557e4a5c92a2674') in 0.002 seconds [static and dynamic dependencies]. Details - ImportResultOutputID=5b58a572c3dd7e8255ef972353ac88b5 DependenciesID=460f59b46b1b9853d4c4ec613bfb5271 StaticDependenciesID=39f56e6e3fdc36803b676ad6de80ae81 
Number of updated asset objects reloaded before import = 0
Number of asset objects unloaded after import = 0
========================================================================
Received Import Request.
  Time of request: 2026-08-05T18:44:49.7348789Z
  Time since last request: 0.0002788 seconds.
  importAddress: GUID: c23e123c3ff140c997d68b663b484f29 - Path: Packages/com.unity.shadergraph/Editor/Data/Interfaces/IMayRequireMeshUV.cs - Importer: ScriptedImporter/UnityEditor.QuickSearchModule:UnityEditor.Search:ASIAI0B
Importing 'GUID: c23e123c3ff140c997d68b663b484f29 - Path: Packages/com.unity.shadergraph/Editor/Data/Interfaces/IMayRequireMeshUV.cs - Importer: ScriptedImporter/UnityEditor.QuickSearchModule:UnityEditor.Search:ASIAI0B' with importer (ScriptedImporter : UnityEditor.QuickSearchModule:UnityEditor.Search:ASIAI0B)
Imported 'GUID: c23e123c3ff140c997d68b663b484f29' -> (Import Result ID: '4eee12be9453ff30e775756dbd9c6843') in 0.002 seconds [static and dynamic dependencies]. Details - ImportResultOutputID=0176a3729c78a9a04dccad2e40c963c0 DependenciesID=e85fe36dfeb5419982de8a0f6005f1b4 StaticDependenciesID=5f9dc44e2393484194f7cdfa0d0e38e9 
Number of updated asset objects reloaded before import = 0
Number of asset objects unloaded after import = 0
========================================================================
Received Import Request.
  Time of request: 2026-08-05T18:44:49.7464956Z
  Time since last request: 0.0002325 seconds.
  importAddress: GUID: 4085c56d69533334f969abdbd775c7fe - Path: Packages/com.unity.shadergraph/Editor/Data/Legacy/PBRMasterNode1.cs - Importer: ScriptedImporter/UnityEditor.QuickSearchModule:UnityEditor.Search:ASIAI0B
Importing 'GUID: 4085c56d69533334f969abdbd775c7fe - Path: Packages/com.unity.shadergraph/Editor/Data/Legacy/PBRMasterNode1.cs - Importer: ScriptedImporter/UnityEditor.QuickSearchModule:UnityEditor.Search:ASIAI0B' with importer (ScriptedImporter : UnityEditor.QuickSearchModule:UnityEditor.Search:ASIAI0B)
Imported 'GUID: 4085c56d69533334f969abdbd775c7fe' -> (Import Result ID: '1a94cf2f73ff9b36f1bc92ebd4ac4330') in 0.002 seconds [static and dynamic dependencies]. Details - ImportResultOutputID=75b165886737b23ebd48f92c1827aecc DependenciesID=0361b2e479d665ef3b64a8f0772e1c2b StaticDependenciesID=c663be7ca7b79b6f7d92c34eb40c383a 
Number of updated asset objects reloaded before import = 0
Number of asset objects unloaded after import = 0
========================================================================
Received Import Request.
  Time of request: 2026-08-05T18:44:49.755849Z
  Time since last request: 0.0003506 seconds.
  importAddress: GUID: 51bb8f11fbcf43f9bcec6418f1991397 - Path: Packages/com.unity.shadergraph/Editor/Data/Interfaces/IMayRequireNormal.cs - Importer: ScriptedImporter/UnityEditor.QuickSearchModule:UnityEditor.Search:ASIAI0B
Importing 'GUID: 51bb8f11fbcf43f9bcec6418f1991397 - Path: Packages/com.unity.shadergraph/Editor/Data/Interfaces/IMayRequireNormal.cs - Importer: ScriptedImporter/UnityEditor.QuickSearchModule:UnityEditor.Search:ASIAI0B' with importer (ScriptedImporter : UnityEditor.QuickSearchModule:UnityEditor.Search:ASIAI0B)
Imported 'GUID: 51bb8f11fbcf43f9bcec6418f1991397' -> (Import Result ID: 'a3afc516f3469d9724cd247a5c5ee5aa') in 0.002 seconds [static and dynamic dependencies]. Details - ImportResultOutputID=7d959e96daa5332387dcf414dfca48d8 DependenciesID=db8cd41c7903711732cb596ce0e13d23 StaticDependenciesID=6098b1f372349855cabe8fbeef8e9580 
Number of updated asset objects reloaded before import = 0
Number of asset objects unloaded after import = 0
========================================================================
Received Import Request.
  Time of request: 2026-08-05T18:44:49.7674391Z
  Time since last request: 0.0005461 seconds.
  importAddress: GUID: 588ff2dc785e37f408eb9e48a18127d0 - Path: Packages/com.unity.shadergraph/Editor/Data/Interfaces/GenerationMode.cs - Importer: ScriptedImporter/UnityEditor.QuickSearchModule:UnityEditor.Search:ASIAI0B
Importing 'GUID: 588ff2dc785e37f408eb9e48a18127d0 - Path: Packages/com.unity.shadergraph/Editor/Data/Interfaces/GenerationMode.cs - Importer: ScriptedImporter/UnityEditor.QuickSearchModule:UnityEditor.Search:ASIAI0B' with importer (ScriptedImporter : UnityEditor.QuickSearchModule:UnityEditor.Search:ASIAI0B)
Imported 'GUID: 588ff2dc785e37f408eb9e48a18127d0' -> (Import Result ID: 'ce66eb351e5724a2664593f31a5fc73e') in 0.003 seconds [static and dynamic dependencies]. Details - ImportResultOutputID=17527847bd4bf580a38354b548ce65c1 DependenciesID=5013e6190884124cde6fc25b7c50a53a StaticDependenciesID=7fedc7961e0bbfd7be61834ceff1572a 
Number of updated asset objects reloaded before import = 0
Number of asset objects unloaded after import = 0
========================================================================
Received Import Request.
  Time of request: 2026-08-05T18:44:49.7790808Z
  Time since last request: 0.0002178 seconds.
  importAddress: GUID: 8ad845bb8ef34e4589bcf630a8a8a31a - Path: Packages/com.unity.shadergraph/Editor/Data/Interfaces/NeededCoordinateSpace.cs - Importer: ScriptedImporter/UnityEditor.QuickSearchModule:UnityEditor.Search:ASIAI0B
Importing 'GUID: 8ad845bb8ef34e4589bcf630a8a8a31a - Path: Packages/com.unity.shadergraph/Editor/Data/Interfaces/NeededCoordinateSpace.cs - Importer: ScriptedImporter/UnityEditor.QuickSearchModule:UnityEditor.Search:ASIAI0B' with importer (ScriptedImporter : UnityEditor.QuickSearchModule:UnityEditor.Search:ASIAI0B)
Imported 'GUID: 8ad845bb8ef34e4589bcf630a8a8a31a' -> (Import Result ID: 'd21fb2cbc7803738958d7044133d8cad') in 0.002 seconds [static and dynamic dependencies]. Details - ImportResultOutputID=4ed9862f8db1e2ace8674e3f10a92415 DependenciesID=d5f85190aa89dcfa63ad4aab449ce9de StaticDependenciesID=42b6caefa82aeea708d90c7a38936f7e 
Number of updated asset objects reloaded before import = 0
Number of asset objects unloaded after import = 0
========================================================================
Received Import Request.
  Time of request: 2026-08-05T18:44:49.8061086Z
  Time since last request: 0.0184514 seconds.
  importAddress: GUID: ce596a3c8ef34fc6bcd82c059ad53e57 - Path: Packages/com.unity.shadergraph/Editor/Drawing/Blackboard/SGBlackboard.cs - Importer: ScriptedImporter/UnityEditor.QuickSearchModule:UnityEditor.Search:ASIAI0B
Importing 'GUID: ce596a3c8ef34fc6bcd82c059ad53e57 - Path: Packages/com.unity.shadergraph/Editor/Drawing/Blackboard/SGBlackboard.cs - Importer: ScriptedImporter/UnityEditor.QuickSearchModule:UnityEditor.Search:ASIAI0B' with importer (ScriptedImporter : UnityEditor.QuickSearchModule:UnityEditor.Search:ASIAI0B)
Imported 'GUID: ce596a3c8ef34fc6bcd82c059ad53e57' -> (Import Result ID: '057d98bfd6f689963426a33afc66b7b9') in 0.003 seconds [static and dynamic dependencies]. Details - ImportResultOutputID=bce3746a6b368c5b71aec25e53c757bb DependenciesID=456262bce3a25965a7c6e28bf89b8e9b StaticDependenciesID=32c4fb77e769ee4c3b2219d636e8f668 
Number of updated asset objects reloaded before import = 0
Number of asset objects unloaded after import = 0
========================================================================
Received Import Request.
  Time of request: 2026-08-05T18:44:49.8160241Z
  Time since last request: 0.0006415 seconds.
  importAddress: GUID: 29f28f8b37d82564784fa42622bb8536 - Path: Packages/com.unity.shadergraph/Editor/Data/Util/MipSamplingModes.cs - Importer: ScriptedImporter/UnityEditor.QuickSearchModule:UnityEditor.Search:ASIAI0B
Importing 'GUID: 29f28f8b37d82564784fa42622bb8536 - Path: Packages/com.unity.shadergraph/Editor/Data/Util/MipSamplingModes.cs - Importer: ScriptedImporter/UnityEditor.QuickSearchModule:UnityEditor.Search:ASIAI0B' with importer (ScriptedImporter : UnityEditor.QuickSearchModule:UnityEditor.Search:ASIAI0B)
Imported 'GUID: 29f28f8b37d82564784fa42622bb8536' -> (Import Result ID: 'ab3cf71b26a09343363d7539dbd31c7d') in 0.003 seconds [static and dynamic dependencies]. Details - ImportResultOutputID=bdb34bbe7954639229f493bd5ff11e9a DependenciesID=f6ada2716bef2a481adc95a6a6301752 StaticDependenciesID=41c1ecc5d5bfaa4fc2bd7c3c1975c494 
Number of updated asset objects reloaded before import = 0
Number of asset objects unloaded after import = 0
========================================================================
Received Import Request.
  Time of request: 2026-08-05T18:44:49.828598Z
  Time since last request: 0.0004588 seconds.
  importAddress: GUID: 956e673aa3cb4690b9c44d970ffd8e65 - Path: Packages/com.unity.shadergraph/Editor/Drawing/Blackboard/BlackboardUtils.cs - Importer: ScriptedImporter/UnityEditor.QuickSearchModule:UnityEditor.Search:ASIAI0B
Importing 'GUID: 956e673aa3cb4690b9c44d970ffd8e65 - Path: Packages/com.unity.shadergraph/Editor/Drawing/Blackboard/BlackboardUtils.cs - Importer: ScriptedImporter/UnityEditor.QuickSearchModule:UnityEditor.Search:ASIAI0B' with importer (ScriptedImporter : UnityEditor.QuickSearchModule:UnityEditor.Search:ASIAI0B)
Imported 'GUID: 956e673aa3cb4690b9c44d970ffd8e65' -> (Import Result ID: 'fec37deec85b6f1bc3af2261ea41f847') in 0.002 seconds [static and dynamic dependencies]. Details - ImportResultOutputID=639b7ca5dbc03d4ee8975e2742e55b9c DependenciesID=3c1d522c4fb5ddcb57b9e777c38c89d7 StaticDependenciesID=2012237b7c364562443aacd0bdea875b 
Number of updated asset objects reloaded before import = 0
Number of asset objects unloaded after import = 0
========================================================================
Received Import Request.
  Time of request: 2026-08-05T18:44:49.838715Z
  Time since last request: 0.0002057 seconds.
  importAddress: GUID: 7481cf2e22074dbdb915ebd086bd0652 - Path: Packages/com.unity.shadergraph/Editor/Drawing/Blackboard/SGBlackboardRow.cs - Importer: ScriptedImporter/UnityEditor.QuickSearchModule:UnityEditor.Search:ASIAI0B
Importing 'GUID: 7481cf2e22074dbdb915ebd086bd0652 - Path: Packages/com.unity.shadergraph/Editor/Drawing/Blackboard/SGBlackboardRow.cs - Importer: ScriptedImporter/UnityEditor.QuickSearchModule:UnityEditor.Search:ASIAI0B' with importer (ScriptedImporter : UnityEditor.QuickSearchModule:UnityEditor.Search:ASIAI0B)
Imported 'GUID: 7481cf2e22074dbdb915ebd086bd0652' -> (Import Result ID: 'd7c3bb7373226a7e90da8bfefd0f50cf') in 0.002 seconds [static and dynamic dependencies]. Details - ImportResultOutputID=3f63c313facc4f2c78aefcbc6952a6b8 DependenciesID=815addd01056a1ff4e1f0fb9a0ea5b37 StaticDependenciesID=ed46d8c9cc37b0703d4ab9626a74ffb4 
Number of updated asset objects reloaded before import = 0
Number of asset objects unloaded after import = 0
========================================================================
Received Import Request.
  Time of request: 2026-08-05T18:44:49.8495518Z
  Time since last request: 0.0002325 seconds.
  importAddress: GUID: 5c804f35a96ccb9408f04f818773a159 - Path: Packages/com.unity.shadergraph/Editor/Data/Nodes/TitleAttribute.cs - Importer: ScriptedImporter/UnityEditor.QuickSearchModule:UnityEditor.Search:ASIAI0B
Importing 'GUID: 5c804f35a96ccb9408f04f818773a159 - Path: Packages/com.unity.shadergraph/Editor/Data/Nodes/TitleAttribute.cs - Importer: ScriptedImporter/UnityEditor.QuickSearchModule:UnityEditor.Search:ASIAI0B' with importer (ScriptedImporter : UnityEditor.QuickSearchModule:UnityEditor.Search:ASIAI0B)
Imported 'GUID: 5c804f35a96ccb9408f04f818773a159' -> (Import Result ID: '8c05fb1bde459b8d87b5c26f42bd39dd') in 0.002 seconds [static and dynamic dependencies]. Details - ImportResultOutputID=64108af0ffb2e3b95b050162be939764 DependenciesID=472c26f80d2c5361fc6629d8e1e9c9e3 StaticDependenciesID=d66f294fc4252ef921b2b159434a8e16 
Number of updated asset objects reloaded before import = 0
Number of asset objects unloaded after import = 0
========================================================================
Received Import Request.
  Time of request: 2026-08-05T18:44:49.8594902Z
  Time since last request: 0.0003644 seconds.
  importAddress: GUID: df26ecc5724d46aca68c8392ca3afb29 - Path: Packages/com.unity.shadergraph/Editor/Data/Legacy/SlotReference0.cs - Importer: ScriptedImporter/UnityEditor.QuickSearchModule:UnityEditor.Search:ASIAI0B
Importing 'GUID: df26ecc5724d46aca68c8392ca3afb29 - Path: Packages/com.unity.shadergraph/Editor/Data/Legacy/SlotReference0.cs - Importer: ScriptedImporter/UnityEditor.QuickSearchModule:UnityEditor.Search:ASIAI0B' with importer (ScriptedImporter : UnityEditor.QuickSearchModule:UnityEditor.Search:ASIAI0B)
Imported 'GUID: df26ecc5724d46aca68c8392ca3afb29' -> (Import Result ID: '070caf88ecb809a44926d90ae8edd6bc') in 0.002 seconds [static and dynamic dependencies]. Details - ImportResultOutputID=033deb0d5a2224a4e389f8b03393861e DependenciesID=bb27fe84adfecc07f006a5ff8275d905 StaticDependenciesID=7dfe242e3392d6ef1367e29f3134238a 
Number of updated asset objects reloaded before import = 0
Number of asset objects unloaded after import = 0
========================================================================
Received Import Request.
  Time of request: 2026-08-05T18:44:49.8683958Z
  Time since last request: 0.0002539 seconds.
  importAddress: GUID: 226fc3c1379acec4b921a0ac0f986089 - Path: Packages/com.unity.shadergraph/Editor/Data/Nodes/SlotValue.cs - Importer: ScriptedImporter/UnityEditor.QuickSearchModule:UnityEditor.Search:ASIAI0B
Importing 'GUID: 226fc3c1379acec4b921a0ac0f986089 - Path: Packages/com.unity.shadergraph/Editor/Data/Nodes/SlotValue.cs - Importer: ScriptedImporter/UnityEditor.QuickSearchModule:UnityEditor.Search:ASIAI0B' with importer (ScriptedImporter : UnityEditor.QuickSearchModule:UnityEditor.Search:ASIAI0B)
Imported 'GUID: 226fc3c1379acec4b921a0ac0f986089' -> (Import Result ID: 'd0875852c00fed6782ab134918855cdc') in 0.002 seconds [static and dynamic dependencies]. Details - ImportResultOutputID=35a333da6ff5288eff3743bee4a3cfcf DependenciesID=4c984b600e7f7bd656da8378957b986f StaticDependenciesID=3719c912367cca6f0742e3a75164a74f 
Number of updated asset objects reloaded before import = 0
Number of asset objects unloaded after import = 0
========================================================================
Received Import Request.
  Time of request: 2026-08-05T18:44:49.877264Z
  Time since last request: 0.0002311 seconds.
  importAddress: GUID: 02d8af4c3fb9404ba3d6689c815c18d2 - Path: Packages/com.unity.shadergraph/Editor/Data/Nodes/ShaderStage.cs - Importer: ScriptedImporter/UnityEditor.QuickSearchModule:UnityEditor.Search:ASIAI0B
Importing 'GUID: 02d8af4c3fb9404ba3d6689c815c18d2 - Path: Packages/com.unity.shadergraph/Editor/Data/Nodes/ShaderStage.cs - Importer: ScriptedImporter/UnityEditor.QuickSearchModule:UnityEditor.Search:ASIAI0B' with importer (ScriptedImporter : UnityEditor.QuickSearchModule:UnityEditor.Search:ASIAI0B)
Imported 'GUID: 02d8af4c3fb9404ba3d6689c815c18d2' -> (Import Result ID: '41d58b6d6f056a7a64f68a2c8ecbd4ee') in 0.002 seconds [static and dynamic dependencies]. Details - ImportResultOutputID=c37ebaaf69b978a8dd64e56e066b6154 DependenciesID=e7a42a24b7501cc71574be09c2ecacdc StaticDependenciesID=353a1a3f00c77195ea4188bd3f747d38 
Number of updated asset objects reloaded before import = 0
Number of asset objects unloaded after import = 0
========================================================================
Received Import Request.
  Time of request: 2026-08-05T18:44:49.8942571Z
  Time since last request: 0.0069086 seconds.
  importAddress: GUID: 145d8ce4e0814506803af49f799cdb02 - Path: Packages/com.unity.shadergraph/Editor/Drawing/Views/PropertySheet.cs - Importer: ScriptedImporter/UnityEditor.QuickSearchModule:UnityEditor.Search:ASIAI0B
Importing 'GUID: 145d8ce4e0814506803af49f799cdb02 - Path: Packages/com.unity.shadergraph/Editor/Drawing/Views/PropertySheet.cs - Importer: ScriptedImporter/UnityEditor.QuickSearchModule:UnityEditor.Search:ASIAI0B' with importer (ScriptedImporter : UnityEditor.QuickSearchModule:UnityEditor.Search:ASIAI0B)
Imported 'GUID: 145d8ce4e0814506803af49f799cdb02' -> (Import Result ID: '27ab7b23e118826d853c709df7f43270') in 0.003 seconds [static and dynamic dependencies]. Details - ImportResultOutputID=1e6cf52e2a1898c20f9a67730a9a59a4 DependenciesID=014b1632b59217eeff15dbca59d80223 StaticDependenciesID=f486bc094894cd265602630093c4f3ff 
Number of updated asset objects reloaded before import = 0
Number of asset objects unloaded after import = 0
========================================================================
Received Import Request.
  Time of request: 2026-08-05T18:44:49.9058685Z
  Time since last request: 0.0002348 seconds.
  importAddress: GUID: 161180898f1d444880080d666ab7be1d - Path: Packages/com.unity.shadergraph/Editor/Drawing/Views/GradientEdge.cs - Importer: ScriptedImporter/UnityEditor.QuickSearchModule:UnityEditor.Search:ASIAI0B
Importing 'GUID: 161180898f1d444880080d666ab7be1d - Path: Packages/com.unity.shadergraph/Editor/Drawing/Views/GradientEdge.cs - Importer: ScriptedImporter/UnityEditor.QuickSearchModule:UnityEditor.Search:ASIAI0B' with importer (ScriptedImporter : UnityEditor.QuickSearchModule:UnityEditor.Search:ASIAI0B)
Imported 'GUID: 161180898f1d444880080d666ab7be1d' -> (Import Result ID: 'b1c5dda7f55d763cdf2b6b2e5f0e28ec') in 0.002 seconds [static and dynamic dependencies]. Details - ImportResultOutputID=43527a637d017045a11ff9cf8e180a68 DependenciesID=f5faec307235a3ddec3385ea0ed45d3c StaticDependenciesID=d1a3aeb7635e0fbe735cdb954a496360 
Number of updated asset objects reloaded before import = 0
Number of asset objects unloaded after import = 0
========================================================================
Received Import Request.
  Time of request: 2026-08-05T18:44:49.9149913Z
  Time since last request: 0.000186 seconds.
  importAddress: GUID: 20b1492eed8154d8f9a454e3563d9c01 - Path: Packages/com.unity.shadergraph/Editor/Drawing/Controls/DielectricSpecularControl.cs - Importer: ScriptedImporter/UnityEditor.QuickSearchModule:UnityEditor.Search:ASIAI0B
Importing 'GUID: 20b1492eed8154d8f9a454e3563d9c01 - Path: Packages/com.unity.shadergraph/Editor/Drawing/Controls/DielectricSpecularControl.cs - Importer: ScriptedImporter/UnityEditor.QuickSearchModule:UnityEditor.Search:ASIAI0B' with importer (ScriptedImporter : UnityEditor.QuickSearchModule:UnityEditor.Search:ASIAI0B)
Imported 'GUID: 20b1492eed8154d8f9a454e3563d9c01' -> (Import Result ID: '65653d5be869191641cfb5ab059e4893') in 0.002 seconds [static and dynamic dependencies]. Details - ImportResultOutputID=feb38f56b6eb7096142baee5510985b0 DependenciesID=f97219570afdd8c3132a26ff024e625e StaticDependenciesID=2b2538680eaba8721ef9a186202d5aa3 
Number of updated asset objects reloaded before import = 0
Number of asset objects unloaded after import = 0
========================================================================
Received Import Request.
  Time of request: 2026-08-05T18:44:49.9244933Z
  Time since last request: 0.00024 seconds.
  importAddress: GUID: c79d992ee243342ad90f55ece679c57c - Path: Packages/com.unity.shadergraph/Editor/Drawing/Views/ReorderableSlotListView.cs - Importer: ScriptedImporter/UnityEditor.QuickSearchModule:UnityEditor.Search:ASIAI0B
Importing 'GUID: c79d992ee243342ad90f55ece679c57c - Path: Packages/com.unity.shadergraph/Editor/Drawing/Views/ReorderableSlotListView.cs - Importer: ScriptedImporter/UnityEditor.QuickSearchModule:UnityEditor.Search:ASIAI0B' with importer (ScriptedImporter : UnityEditor.QuickSearchModule:UnityEditor.Search:ASIAI0B)
Imported 'GUID: c79d992ee243342ad90f55ece679c57c' -> (Import Result ID: '4955abdcc262e6c2a842e987b8437c9e') in 0.003 seconds [static and dynamic dependencies]. Details - ImportResultOutputID=7c19fc59fd1866663ef4efe832e26c43 DependenciesID=0397e7087cfcc619ee4c93b7f5ffac3a StaticDependenciesID=a8678ba32bb6b45b4493fd66e2abf993 
Number of updated asset objects reloaded before import = 0
Number of asset objects unloaded after import = 0
========================================================================
Received Import Request.
  Time of request: 2026-08-05T18:44:49.9362584Z
  Time since last request: 0.0002595 seconds.
  importAddress: GUID: bee8af59ecde4f88b12e15e45df7704c - Path: Packages/com.unity.shadergraph/Editor/Drawing/Inspector/PropertyDrawerUtils.cs - Importer: ScriptedImporter/UnityEditor.QuickSearchModule:UnityEditor.Search:ASIAI0B
Importing 'GUID: bee8af59ecde4f88b12e15e45df7704c - Path: Packages/com.unity.shadergraph/Editor/Drawing/Inspector/PropertyDrawerUtils.cs - Importer: ScriptedImporter/UnityEditor.QuickSearchModule:UnityEditor.Search:ASIAI0B' with importer (ScriptedImporter : UnityEditor.QuickSearchModule:UnityEditor.Search:ASIAI0B)
Imported 'GUID: bee8af59ecde4f88b12e15e45df7704c' -> (Import Result ID: '06f841fd9e2ea9ad1e2e6d4d69d758e0') in 0.002 seconds [static and dynamic dependencies]. Details - ImportResultOutputID=f468f843e4352576b7466890df570c31 DependenciesID=8d5a1b70c780b8e8473a1a6d068d8809 StaticDependenciesID=dbaac72118269c9a345dc42bd209def6 
Number of updated asset objects reloaded before import = 0
Number of asset objects unloaded after import = 0
========================================================================
Received Import Request.
  Time of request: 2026-08-05T18:44:49.9456992Z
  Time since last request: 0.0003061 seconds.
  importAddress: GUID: 7737f65afd2e4659a98b354ca5ea69fb - Path: Packages/com.unity.shadergraph/Editor/Drawing/Interfaces/IShaderInputObserver.cs - Importer: ScriptedImporter/UnityEditor.QuickSearchModule:UnityEditor.Search:ASIAI0B
Importing 'GUID: 7737f65afd2e4659a98b354ca5ea69fb - Path: Packages/com.unity.shadergraph/Editor/Drawing/Interfaces/IShaderInputObserver.cs - Importer: ScriptedImporter/UnityEditor.QuickSearchModule:UnityEditor.Search:ASIAI0B' with importer (ScriptedImporter : UnityEditor.QuickSearchModule:UnityEditor.Search:ASIAI0B)
Imported 'GUID: 7737f65afd2e4659a98b354ca5ea69fb' -> (Import Result ID: '7b8cc11f3ddb3deb66e8f871665e0dda') in 0.003 seconds [static and dynamic dependencies]. Details - ImportResultOutputID=d64ef8b7caaebebaf546cb344ae3d4fd DependenciesID=209fdaae21e1c7f827af3c4ed19f523b StaticDependenciesID=e7755b0b4d353b202876bd1580f780a5 
Number of updated asset objects reloaded before import = 0
Number of asset objects unloaded after import = 0
========================================================================
Received Import Request.
  Time of request: 2026-08-05T18:44:49.9575685Z
  Time since last request: 0.000247 seconds.
  importAddress: GUID: 604681490aa779348a355368c95cfcf5 - Path: Packages/com.unity.shadergraph/Editor/Drawing/Manipulators/WindowDraggable.cs - Importer: ScriptedImporter/UnityEditor.QuickSearchModule:UnityEditor.Search:ASIAI0B
Importing 'GUID: 604681490aa779348a355368c95cfcf5 - Path: Packages/com.unity.shadergraph/Editor/Drawing/Manipulators/WindowDraggable.cs - Importer: ScriptedImporter/UnityEditor.QuickSearchModule:UnityEditor.Search:ASIAI0B' with importer (ScriptedImporter : UnityEditor.QuickSearchModule:UnityEditor.Search:ASIAI0B)
Imported 'GUID: 604681490aa779348a355368c95cfcf5' -> (Import Result ID: 'c4d4a849a4305de3b6a2a2f694b7d153') in 0.002 seconds [static and dynamic dependencies]. Details - ImportResultOutputID=12344cc3666f9beb02a4199ef77b5fd6 DependenciesID=f29e64f06761d0ae363f48cc2220b55d StaticDependenciesID=50c68bf67e54b19591c6932b8465c053 
Number of updated asset objects reloaded before import = 0
Number of asset objects unloaded after import = 0
========================================================================
Received Import Request.
  Time of request: 2026-08-05T18:44:49.9682438Z
  Time since last request: 0.0002218 seconds.
  importAddress: GUID: 86f8ce6f2b8e29c45a3d40f1c0cfd4d4 - Path: Packages/com.unity.shadergraph/Editor/Drawing/Views/ContextView.cs - Importer: ScriptedImporter/UnityEditor.QuickSearchModule:UnityEditor.Search:ASIAI0B
Importing 'GUID: 86f8ce6f2b8e29c45a3d40f1c0cfd4d4 - Path: Packages/com.unity.shadergraph/Editor/Drawing/Views/ContextView.cs - Importer: ScriptedImporter/UnityEditor.QuickSearchModule:UnityEditor.Search:ASIAI0B' with importer (ScriptedImporter : UnityEditor.QuickSearchModule:UnityEditor.Search:ASIAI0B)
Imported 'GUID: 86f8ce6f2b8e29c45a3d40f1c0cfd4d4' -> (Import Result ID: 'a1bb41d62d5d8bf50079b0d83e211be8') in 0.002 seconds [static and dynamic dependencies]. Details - ImportResultOutputID=3e3711d7d11998e8ab5832dcdcae9a65 DependenciesID=136896bd113f5ddf9be7a08b7cf67b7f StaticDependenciesID=42e787ef20602787855f9ea84530d87e 
Number of updated asset objects reloaded before import = 0
Number of asset objects unloaded after import = 0
========================================================================
Received Import Request.
  Time of request: 2026-08-05T18:44:49.9961964Z
  Time since last request: 0.0188758 seconds.
  importAddress: GUID: df0a9e9f6e86147bfb6586e2784afce1 - Path: Packages/com.unity.shadergraph/Editor/Generation/Collections/DependencyCollection.cs - Importer: ScriptedImporter/UnityEditor.QuickSearchModule:UnityEditor.Search:ASIAI0B
Importing 'GUID: df0a9e9f6e86147bfb6586e2784afce1 - Path: Packages/com.unity.shadergraph/Editor/Generation/Collections/DependencyCollection.cs - Importer: ScriptedImporter/UnityEditor.QuickSearchModule:UnityEditor.Search:ASIAI0B' with importer (ScriptedImporter : UnityEditor.QuickSearchModule:UnityEditor.Search:ASIAI0B)
Imported 'GUID: df0a9e9f6e86147bfb6586e2784afce1' -> (Import Result ID: '3a70f317d6f9b51d504af334ed1df22a') in 0.003 seconds [static and dynamic dependencies]. Details - ImportResultOutputID=92b0ca1386a350c331ee238db2a6718a DependenciesID=f306c2bfdfcf3fd1628e4ae20a5f85d4 StaticDependenciesID=4b54ab7d151134370eb055780b9ec682 
Number of updated asset objects reloaded before import = 0
Number of asset objects unloaded after import = 0
========================================================================
Received Import Request.
  Time of request: 2026-08-05T18:44:50.0062356Z
  Time since last request: 0.0009135 seconds.
  importAddress: GUID: d07b8f263fc7450f849343b74f1807ab - Path: Packages/com.unity.shadergraph/Editor/Drawing/Views/ResizableElement.cs - Importer: ScriptedImporter/UnityEditor.QuickSearchModule:UnityEditor.Search:ASIAI0B
Importing 'GUID: d07b8f263fc7450f849343b74f1807ab - Path: Packages/com.unity.shadergraph/Editor/Drawing/Views/ResizableElement.cs - Importer: ScriptedImporter/UnityEditor.QuickSearchModule:UnityEditor.Search:ASIAI0B' with importer (ScriptedImporter : UnityEditor.QuickSearchModule:UnityEditor.Search:ASIAI0B)
Imported 'GUID: d07b8f263fc7450f849343b74f1807ab' -> (Import Result ID: '545462bffc2e0eb3a59a464e00955ce4') in 0.003 seconds [static and dynamic dependencies]. Details - ImportResultOutputID=7700bee6733111f25d03ed3dac45740c DependenciesID=cbb8ece32f5be3b7a8c5c2ba2db6c5db StaticDependenciesID=a1e5c8143c576f9bb8794136da0455d8 
Number of updated asset objects reloaded before import = 0
Number of asset objects unloaded after import = 0
========================================================================
Received Import Request.
  Time of request: 2026-08-05T18:44:50.0172486Z
  Time since last request: 0.0003118 seconds.
  importAddress: GUID: eebb07dc513b2c443817955c36dbcf1b - Path: Packages/com.unity.shadergraph/Editor/Generation/Enumerations/KeywordShaderStage.cs - Importer: ScriptedImporter/UnityEditor.QuickSearchModule:UnityEditor.Search:ASIAI0B
Importing 'GUID: eebb07dc513b2c443817955c36dbcf1b - Path: Packages/com.unity.shadergraph/Editor/Generation/Enumerations/KeywordShaderStage.cs - Importer: ScriptedImporter/UnityEditor.QuickSearchModule:UnityEditor.Search:ASIAI0B' with importer (ScriptedImporter : UnityEditor.QuickSearchModule:UnityEditor.Search:ASIAI0B)
Imported 'GUID: eebb07dc513b2c443817955c36dbcf1b' -> (Import Result ID: '8969087625b50a90a1d81119564b3bf0') in 0.002 seconds [static and dynamic dependencies]. Details - ImportResultOutputID=b2e3988ed9edc109056390cb75323adb DependenciesID=aef1f31193c45fc6d83299edf72ec507 StaticDependenciesID=d4a77e53dfd9c891ed97cb704e5423b1 
Number of updated asset objects reloaded before import = 0
Number of asset objects unloaded after import = 0
========================================================================
Received Import Request.
  Time of request: 2026-08-05T18:44:50.0266171Z
  Time since last request: 0.0002854 seconds.
  importAddress: GUID: f5db19d167675764da0c07a0fb031d9b - Path: Packages/com.unity.shadergraph/Editor/Generation/Descriptors/FieldDescriptor.cs - Importer: ScriptedImporter/UnityEditor.QuickSearchModule:UnityEditor.Search:ASIAI0B
Importing 'GUID: f5db19d167675764da0c07a0fb031d9b - Path: Packages/com.unity.shadergraph/Editor/Generation/Descriptors/FieldDescriptor.cs - Importer: ScriptedImporter/UnityEditor.QuickSearchModule:UnityEditor.Search:ASIAI0B' with importer (ScriptedImporter : UnityEditor.QuickSearchModule:UnityEditor.Search:ASIAI0B)
Imported 'GUID: f5db19d167675764da0c07a0fb031d9b' -> (Import Result ID: 'b724d9d6d36bd88466b69c270e32bc0a') in 0.002 seconds [static and dynamic dependencies]. Details - ImportResultOutputID=e40c6944abc7614afba2d2a122b0fa9f DependenciesID=d45fac103f51f3256dac3f5b1cb8239f StaticDependenciesID=0cab039db68411644be93bbb507def78 
Number of updated asset objects reloaded before import = 0
Number of asset objects unloaded after import = 0
========================================================================
Received Import Request.
  Time of request: 2026-08-05T18:44:50.0378639Z
  Time since last request: 0.0003517 seconds.
  importAddress: GUID: d0630647cd1e14246b917addf61e7eec - Path: Packages/com.unity.shadergraph/Editor/Generation/Enumerations/ZWrite.cs - Importer: ScriptedImporter/UnityEditor.QuickSearchModule:UnityEditor.Search:ASIAI0B
Importing 'GUID: d0630647cd1e14246b917addf61e7eec - Path: Packages/com.unity.shadergraph/Editor/Generation/Enumerations/ZWrite.cs - Importer: ScriptedImporter/UnityEditor.QuickSearchModule:UnityEditor.Search:ASIAI0B' with importer (ScriptedImporter : UnityEditor.QuickSearchModule:UnityEditor.Search:ASIAI0B)
Imported 'GUID: d0630647cd1e14246b917addf61e7eec' -> (Import Result ID: 'fd9f9f1f4ff60153f5cfe9549a5ceed5') in 0.002 seconds [static and dynamic dependencies]. Details - ImportResultOutputID=db6b74c6974dfd032b6e6736588a3d02 DependenciesID=c8be2411bc0265f5d3b0b109295d89ed StaticDependenciesID=ccfc79ec0a9b36f62daafaca8f71a7f7 
Number of updated asset objects reloaded before import = 0
Number of asset objects unloaded after import = 0
========================================================================
Received Import Request.
  Time of request: 2026-08-05T18:44:50.048546Z
  Time since last request: 0.0003469 seconds.
  importAddress: GUID: 504b2aecb2ac66e4c97ffc7df1df2c71 - Path: Packages/com.unity.shadergraph/Editor/Generation/Data/KeywordEntry.cs - Importer: ScriptedImporter/UnityEditor.QuickSearchModule:UnityEditor.Search:ASIAI0B
Importing 'GUID: 504b2aecb2ac66e4c97ffc7df1df2c71 - Path: Packages/com.unity.shadergraph/Editor/Generation/Data/KeywordEntry.cs - Importer: ScriptedImporter/UnityEditor.QuickSearchModule:UnityEditor.Search:ASIAI0B' with importer (ScriptedImporter : UnityEditor.QuickSearchModule:UnityEditor.Search:ASIAI0B)
Imported 'GUID: 504b2aecb2ac66e4c97ffc7df1df2c71' -> (Import Result ID: '9737c5faa439af847aa8098e04b1a7dd') in 0.002 seconds [static and dynamic dependencies]. Details - ImportResultOutputID=e5f4a6b4b508e77cbdd21efb6d10d89f DependenciesID=720a940dcc338646e5a27975716275c9 StaticDependenciesID=5bc83a7be5ea9251bb42402d2a098c12 
Number of updated asset objects reloaded before import = 0
Number of asset objects unloaded after import = 0
========================================================================
Received Import Request.
  Time of request: 2026-08-05T18:44:50.0588559Z
  Time since last request: 0.0004215 seconds.
  importAddress: GUID: 08492a28bc5e6d34e866bd3805598835 - Path: Packages/com.unity.shadergraph/Editor/Generation/Collections/AssetCollection.cs - Importer: ScriptedImporter/UnityEditor.QuickSearchModule:UnityEditor.Search:ASIAI0B
Importing 'GUID: 08492a28bc5e6d34e866bd3805598835 - Path: Packages/com.unity.shadergraph/Editor/Generation/Collections/AssetCollection.cs - Importer: ScriptedImporter/UnityEditor.QuickSearchModule:UnityEditor.Search:ASIAI0B' with importer (ScriptedImporter : UnityEditor.QuickSearchModule:UnityEditor.Search:ASIAI0B)
Imported 'GUID: 08492a28bc5e6d34e866bd3805598835' -> (Import Result ID: '0d3c10dc03144ff5800a5abb22d39c7f') in 0.002 seconds [static and dynamic dependencies]. Details - ImportResultOutputID=32327ba027a943a163b302aa51b2da4b DependenciesID=840f587f00f22f68330588a1f8cb964e StaticDependenciesID=d4a89f7ee6dc5f2fca15e20fc0357cd3 
Number of updated asset objects reloaded before import = 0
Number of asset objects unloaded after import = 0
========================================================================
Received Import Request.
  Time of request: 2026-08-05T18:44:50.0686043Z
  Time since last request: 0.0001817 seconds.
  importAddress: GUID: 0dbbf8506ff43e241954711690ea8fde - Path: Packages/com.unity.shadergraph/Editor/Generation/Enumerations/KeywordDefinition.cs - Importer: ScriptedImporter/UnityEditor.QuickSearchModule:UnityEditor.Search:ASIAI0B
Importing 'GUID: 0dbbf8506ff43e241954711690ea8fde - Path: Packages/com.unity.shadergraph/Editor/Generation/Enumerations/KeywordDefinition.cs - Importer: ScriptedImporter/UnityEditor.QuickSearchModule:UnityEditor.Search:ASIAI0B' with importer (ScriptedImporter : UnityEditor.QuickSearchModule:UnityEditor.Search:ASIAI0B)
Imported 'GUID: 0dbbf8506ff43e241954711690ea8fde' -> (Import Result ID: 'f731acba5297634a2cefbc2bb120d905') in 0.002 seconds [static and dynamic dependencies]. Details - ImportResultOutputID=4d14438233213a0d1fc34e5cb79c1d4f DependenciesID=383c0ea47be04df614fe8ab8ea2619d8 StaticDependenciesID=a847b77870fe2556ac98e453e71bfd5b 
Number of updated asset objects reloaded before import = 0
Number of asset objects unloaded after import = 0
========================================================================
Received Import Request.
  Time of request: 2026-08-05T18:44:50.0952225Z
  Time since last request: 0.0174942 seconds.
  importAddress: GUID: d3b47ff860a51904395688d633cb1018 - Path: Packages/com.unity.shadergraph/Editor/Generation/Templates/BuildSurfaceDescriptionInputs.template.hlsl - Importer: ScriptedImporter/UnityEditor.QuickSearchModule:UnityEditor.Search:ASIAI0B
Importing 'GUID: d3b47ff860a51904395688d633cb1018 - Path: Packages/com.unity.shadergraph/Editor/Generation/Templates/BuildSurfaceDescriptionInputs.template.hlsl - Importer: ScriptedImporter/UnityEditor.QuickSearchModule:UnityEditor.Search:ASIAI0B' with importer (ScriptedImporter : UnityEditor.QuickSearchModule:UnityEditor.Search:ASIAI0B)
Imported 'GUID: d3b47ff860a51904395688d633cb1018' -> (Import Result ID: 'faf4e66e1bab1987840c0d14300b1b0f') in 0.008 seconds [static and dynamic dependencies]. Details - ImportResultOutputID=9850356d89fe0c329426f6b414195d84 DependenciesID=63fa88e65fc76dd7fcb5558bb97874b4 StaticDependenciesID=dd881a06b3d903ffa68c2a9b01e8956f 
Number of updated asset objects reloaded before import = 0
Number of asset objects unloaded after import = 1
========================================================================
Received Import Request.
  Time of request: 2026-08-05T18:44:50.112964Z
  Time since last request: 0.0003007 seconds.
  importAddress: GUID: 39d187709fcb149e182cd6c69ce13ed4 - Path: Packages/com.unity.shadergraph/Editor/ProviderSystem/ShaderObjects/StrongHint.cs - Importer: ScriptedImporter/UnityEditor.QuickSearchModule:UnityEditor.Search:ASIAI0B
Importing 'GUID: 39d187709fcb149e182cd6c69ce13ed4 - Path: Packages/com.unity.shadergraph/Editor/ProviderSystem/ShaderObjects/StrongHint.cs - Importer: ScriptedImporter/UnityEditor.QuickSearchModule:UnityEditor.Search:ASIAI0B' with importer (ScriptedImporter : UnityEditor.QuickSearchModule:UnityEditor.Search:ASIAI0B)
Imported 'GUID: 39d187709fcb149e182cd6c69ce13ed4' -> (Import Result ID: '2c9c229b20b0e0686aacf4452f164647') in 0.002 seconds [static and dynamic dependencies]. Details - ImportResultOutputID=91782857b774c508b1133b29fc279d6d DependenciesID=634b753cf699dfad016b281da30ff976 StaticDependenciesID=3cf1bba521aa50978966275f9d76ec4d 
Number of updated asset objects reloaded before import = 0
Number of asset objects unloaded after import = 0
========================================================================
Received Import Request.
  Time of request: 2026-08-05T18:44:50.1226497Z
  Time since last request: 0.0001973 seconds.
  importAddress: GUID: c95091ab1e1b926498a5938a7d0e1ef6 - Path: Packages/com.unity.shadergraph/Editor/Resources/Styles/MaterialGraphView.uss - Importer: ScriptedImporter/UnityEditor.QuickSearchModule:UnityEditor.Search:ASIAI0B
Importing 'GUID: c95091ab1e1b926498a5938a7d0e1ef6 - Path: Packages/com.unity.shadergraph/Editor/Resources/Styles/MaterialGraphView.uss - Importer: ScriptedImporter/UnityEditor.QuickSearchModule:UnityEditor.Search:ASIAI0B' with importer (ScriptedImporter : UnityEditor.QuickSearchModule:UnityEditor.Search:ASIAI0B)
Imported 'GUID: c95091ab1e1b926498a5938a7d0e1ef6' -> (Import Result ID: 'd884ee34b099cac0a1b27c434f273dc4') in 0.008 seconds [static and dynamic dependencies]. Details - ImportResultOutputID=cea17ffb8299365353b7f8327a374b7f DependenciesID=6486b6fa39d412d091e73effc6378224 StaticDependenciesID=bd1c33fe743efcda1ecf0354f44c5d7d 
Number of updated asset objects reloaded before import = 0
Number of asset objects unloaded after import = 1
========================================================================
Received Import Request.
  Time of request: 2026-08-05T18:44:50.1376651Z
  Time since last request: 0.0002017 seconds.
  importAddress: GUID: 8425d6a0d8eda4be9b1c57600a26fc2f - Path: Packages/com.unity.shadergraph/Editor/Generation/TargetResources/FieldDependencies.cs - Importer: ScriptedImporter/UnityEditor.QuickSearchModule:UnityEditor.Search:ASIAI0B
Importing 'GUID: 8425d6a0d8eda4be9b1c57600a26fc2f - Path: Packages/com.unity.shadergraph/Editor/Generation/TargetResources/FieldDependencies.cs - Importer: ScriptedImporter/UnityEditor.QuickSearchModule:UnityEditor.Search:ASIAI0B' with importer (ScriptedImporter : UnityEditor.QuickSearchModule:UnityEditor.Search:ASIAI0B)
Imported 'GUID: 8425d6a0d8eda4be9b1c57600a26fc2f' -> (Import Result ID: '4c0391e7f18ca7fecfcd2886ed577847') in 0.002 seconds [static and dynamic dependencies]. Details - ImportResultOutputID=5f47eb2d392d94401e2e81b287e11433 DependenciesID=18b34e6cab99c98e96c00ac67e59986b StaticDependenciesID=af869b9bb7aca185c969900259480f46 
Number of updated asset objects reloaded before import = 0
Number of asset objects unloaded after import = 0
========================================================================
Received Import Request.
  Time of request: 2026-08-05T18:44:50.1490375Z
  Time since last request: 0.0002218 seconds.
  importAddress: GUID: 1d356e56081caed46bb576bcdf392666 - Path: Packages/com.unity.shadergraph/Editor/Generation/Templates/PassMesh.template - Importer: ScriptedImporter/UnityEditor.QuickSearchModule:UnityEditor.Search:ASIAI0B
Importing 'GUID: 1d356e56081caed46bb576bcdf392666 - Path: Packages/com.unity.shadergraph/Editor/Generation/Templates/PassMesh.template - Importer: ScriptedImporter/UnityEditor.QuickSearchModule:UnityEditor.Search:ASIAI0B' with importer (ScriptedImporter : UnityEditor.QuickSearchModule:UnityEditor.Search:ASIAI0B)
Imported 'GUID: 1d356e56081caed46bb576bcdf392666' -> (Import Result ID: '5179966c0c25566e31e2199c49fb38e5') in 0.002 seconds [static and dynamic dependencies]. Details - ImportResultOutputID=5142449d6b1de30062b1f310d4b33d55 DependenciesID=5c73bdca3b6cdf48eb4ba6063633e8b0 StaticDependenciesID=bcee201fd98bcac46bbb365d20e5d14f 
Number of updated asset objects reloaded before import = 0
Number of asset objects unloaded after import = 1
========================================================================
Received Import Request.
  Time of request: 2026-08-05T18:44:50.158538Z
  Time since last request: 0.0002698 seconds.
  importAddress: GUID: d355f979a933b43d1ac9d4205a368d82 - Path: Assets/Art/Cards/kenney_playing-cards-pack-2/PNG/Cards (large) - Importer: PreviewImporter
Importing 'GUID: d355f979a933b43d1ac9d4205a368d82 - Path: Assets/Art/Cards/kenney_playing-cards-pack-2/PNG/Cards (large) - Importer: PreviewImporter' with importer (PreviewImporter)
Imported 'GUID: d355f979a933b43d1ac9d4205a368d82' -> (Import Result ID: 'bf48b8b1e64bab30aba74632f222a94a') in 0.000 seconds [static and dynamic dependencies]. Details - ImportResultOutputID=6b9476ba5e4b05dd2dae57a069ebb921 DependenciesID=a910276e2f29bbf304adc9029d951dc8 StaticDependenciesID=6ca30fd5abcf245896ad06338439599a 
Number of updated asset objects reloaded before import = 0
Number of asset objects unloaded after import = 0
========================================================================
Received Import Request.
  Time of request: 2026-08-05T18:44:50.167103Z
  Time since last request: 0.0002399 seconds.
  importAddress: GUID: f8dbcdb5f80df4f758fb8d5911ff5c85 - Path: Packages/com.unity.shadergraph/Editor/ProviderSystem/ShaderObjects/StrongHeader.cs - Importer: ScriptedImporter/UnityEditor.QuickSearchModule:UnityEditor.Search:ASIAI0B
Importing 'GUID: f8dbcdb5f80df4f758fb8d5911ff5c85 - Path: Packages/com.unity.shadergraph/Editor/ProviderSystem/ShaderObjects/StrongHeader.cs - Importer: ScriptedImporter/UnityEditor.QuickSearchModule:UnityEditor.Search:ASIAI0B' with importer (ScriptedImporter : UnityEditor.QuickSearchModule:UnityEditor.Search:ASIAI0B)
Imported 'GUID: f8dbcdb5f80df4f758fb8d5911ff5c85' -> (Import Result ID: 'b4af2b4016a94a2d71b1375e87ce6d12') in 0.002 seconds [static and dynamic dependencies]. Details - ImportResultOutputID=3fb893dc93590d1f02961670259b4e1b DependenciesID=7961b9f65633d1963cba624cc46a6c4d StaticDependenciesID=34cf0f7462fdbf4559fe16f64f8ea6c2 
Number of updated asset objects reloaded before import = 0
Number of asset objects unloaded after import = 0
========================================================================
Received Import Request.
  Time of request: 2026-08-05T18:44:50.1775386Z
  Time since last request: 0.0002713 seconds.
  importAddress: GUID: 59bba4c88ab5f464d9a8f51088561c48 - Path: Packages/com.unity.shadergraph/Editor/Resources/Styles/NodeSettings.uss - Importer: ScriptedImporter/UnityEditor.QuickSearchModule:UnityEditor.Search:ASIAI0B
Importing 'GUID: 59bba4c88ab5f464d9a8f51088561c48 - Path: Packages/com.unity.shadergraph/Editor/Resources/Styles/NodeSettings.uss - Importer: ScriptedImporter/UnityEditor.QuickSearchModule:UnityEditor.Search:ASIAI0B' with importer (ScriptedImporter : UnityEditor.QuickSearchModule:UnityEditor.Search:ASIAI0B)
Imported 'GUID: 59bba4c88ab5f464d9a8f51088561c48' -> (Import Result ID: '27b54db7282c3a19d82ab8ce778f22c9') in 0.008 seconds [static and dynamic dependencies]. Details - ImportResultOutputID=ff9cc4adbda937e32a34f75a5cde3582 DependenciesID=ed6d16fb5ea763933b14d970eb956d37 StaticDependenciesID=c5357319b800e289155d22fec04aa609 
Number of updated asset objects reloaded before import = 0
Number of asset objects unloaded after import = 1
========================================================================
Received Import Request.
  Time of request: 2026-08-05T18:44:50.1927295Z
  Time since last request: 0.0002737 seconds.
  importAddress: GUID: 485099284bca84dcfbf9af86eb599f6f - Path: Packages/com.unity.shadergraph/Editor/Resources/Styles/InspectorView.uss - Importer: ScriptedImporter/UnityEditor.QuickSearchModule:UnityEditor.Search:ASIAI0B
Importing 'GUID: 485099284bca84dcfbf9af86eb599f6f - Path: Packages/com.unity.shadergraph/Editor/Resources/Styles/InspectorView.uss - Importer: ScriptedImporter/UnityEditor.QuickSearchModule:UnityEditor.Search:ASIAI0B' with importer (ScriptedImporter : UnityEditor.QuickSearchModule:UnityEditor.Search:ASIAI0B)
Imported 'GUID: 485099284bca84dcfbf9af86eb599f6f' -> (Import Result ID: 'b5fb95a685e8df59dd6e396d06a5ada2') in 0.008 seconds [static and dynamic dependencies]. Details - ImportResultOutputID=b312ed8092818c332d33143a24c971ce DependenciesID=35ba1b325f0b5eafa8b763a085049124 StaticDependenciesID=37bf3fd2e226216ea344cd977207f7ce 
Number of updated asset objects reloaded before import = 0
Number of asset objects unloaded after import = 1
========================================================================
Received Import Request.
  Time of request: 2026-08-05T18:44:50.2231781Z
  Time since last request: 0.0151114 seconds.
  importAddress: GUID: b70651993c98eda43810c32b7416a21b - Path: Packages/com.unity.shadergraph/Editor/Resources/UXML/NodeSettings.uxml - Importer: ScriptedImporter/UnityEditor.QuickSearchModule:UnityEditor.Search:ASIAI0B
Importing 'GUID: b70651993c98eda43810c32b7416a21b - Path: Packages/com.unity.shadergraph/Editor/Resources/UXML/NodeSettings.uxml - Importer: ScriptedImporter/UnityEditor.QuickSearchModule:UnityEditor.Search:ASIAI0B' with importer (ScriptedImporter : UnityEditor.QuickSearchModule:UnityEditor.Search:ASIAI0B)
Imported 'GUID: b70651993c98eda43810c32b7416a21b' -> (Import Result ID: 'c866cacd2bbc581c37ab5a85363911b3') in 0.012 seconds [static and dynamic dependencies]. Details - ImportResultOutputID=a210376ea27ffb1f6eac9f53b05b5c51 DependenciesID=7f031d64f9a0835745d544da585fa971 StaticDependenciesID=98b688b69c00dd21383a9f9caf41941f 
Number of updated asset objects reloaded before import = 0
Number of asset objects unloaded after import = 2
========================================================================
Received Import Request.
  Time of request: 2026-08-05T18:44:50.2424981Z
  Time since last request: 0.0002426 seconds.
  importAddress: GUID: 7471d1c0502da124ba03a8b0379a265e - Path: Packages/com.unity.shadergraph/Editor/Resources/Styles/UITKMasterNodePreview.uss - Importer: ScriptedImporter/UnityEditor.QuickSearchModule:UnityEditor.Search:ASIAI0B
Importing 'GUID: 7471d1c0502da124ba03a8b0379a265e - Path: Packages/com.unity.shadergraph/Editor/Resources/Styles/UITKMasterNodePreview.uss - Importer: ScriptedImporter/UnityEditor.QuickSearchModule:UnityEditor.Search:ASIAI0B' with importer (ScriptedImporter : UnityEditor.QuickSearchModule:UnityEditor.Search:ASIAI0B)
Imported 'GUID: 7471d1c0502da124ba03a8b0379a265e' -> (Import Result ID: 'bdc8ea3890d776e51ad1bf45b80a8e53') in 0.004 seconds [static and dynamic dependencies]. Details - ImportResultOutputID=a83cb8f2e87108f33cc3896f5cd28861 DependenciesID=b9d82f431245ceda3c60e7806958375c StaticDependenciesID=bd36e79aa97f7ffad833a3a53de4d907 
Number of updated asset objects reloaded before import = 0
Number of asset objects unloaded after import = 3
========================================================================
Received Import Request.
  Time of request: 2026-08-05T18:44:50.2535804Z
  Time since last request: 0.0002553 seconds.
  importAddress: GUID: dcf0e02f89cf7c848a22002b79ce27d3 - Path: Packages/com.unity.shadergraph/Editor/Resources/UXML/GraphInspector.uxml - Importer: ScriptedImporter/UnityEditor.QuickSearchModule:UnityEditor.Search:ASIAI0B
Importing 'GUID: dcf0e02f89cf7c848a22002b79ce27d3 - Path: Packages/com.unity.shadergraph/Editor/Resources/UXML/GraphInspector.uxml - Importer: ScriptedImporter/UnityEditor.QuickSearchModule:UnityEditor.Search:ASIAI0B' with importer (ScriptedImporter : UnityEditor.QuickSearchModule:UnityEditor.Search:ASIAI0B)
Imported 'GUID: dcf0e02f89cf7c848a22002b79ce27d3' -> (Import Result ID: '7a2de0ced39d8aca3d0ef886182ea6df') in 0.010 seconds [static and dynamic dependencies]. Details - ImportResultOutputID=fd27ff25cc052d4d7bc7721f9db209e4 DependenciesID=7a623d82d493af2306426dee5531b8e1 StaticDependenciesID=175a1353230de3f178ec3af28c6db9d5 
Number of updated asset objects reloaded before import = 0
Number of asset objects unloaded after import = 2
========================================================================
Received Import Request.
  Time of request: 2026-08-05T18:44:50.2715037Z
  Time since last request: 0.0003393 seconds.
  importAddress: GUID: d4cc9867eee425f4dac7d5bb91f07845 - Path: Packages/com.unity.shadergraph/Editor/Resources/UXML/StickyNote.uxml - Importer: ScriptedImporter/UnityEditor.QuickSearchModule:UnityEditor.Search:ASIAI0B
Importing 'GUID: d4cc9867eee425f4dac7d5bb91f07845 - Path: Packages/com.unity.shadergraph/Editor/Resources/UXML/StickyNote.uxml - Importer: ScriptedImporter/UnityEditor.QuickSearchModule:UnityEditor.Search:ASIAI0B' with importer (ScriptedImporter : UnityEditor.QuickSearchModule:UnityEditor.Search:ASIAI0B)
Imported 'GUID: d4cc9867eee425f4dac7d5bb91f07845' -> (Import Result ID: 'f2f08e5a06e4454e7281d4d1fc69ef11') in 0.010 seconds [static and dynamic dependencies]. Details - ImportResultOutputID=01fe0ad4415be64e2d3429b70efa4ffd DependenciesID=eac2c42861d11f33a42b6e68f92ec2ae StaticDependenciesID=2acdb0a8c28c2e5598fb43430cd81f7f 
Number of updated asset objects reloaded before import = 0
Number of asset objects unloaded after import = 2
========================================================================
Received Import Request.
  Time of request: 2026-08-05T18:44:50.3088537Z
  Time since last request: 0.020651 seconds.
  importAddress: GUID: 2f13e75d15882134fb2cc19ed16fa6fd - Path: Packages/com.unity.shadergraph/Tests/Editor/UnitTests/BlockNodeTests.cs - Importer: ScriptedImporter/UnityEditor.QuickSearchModule:UnityEditor.Search:ASIAI0B
Importing 'GUID: 2f13e75d15882134fb2cc19ed16fa6fd - Path: Packages/com.unity.shadergraph/Tests/Editor/UnitTests/BlockNodeTests.cs - Importer: ScriptedImporter/UnityEditor.QuickSearchModule:UnityEditor.Search:ASIAI0B' with importer (ScriptedImporter : UnityEditor.QuickSearchModule:UnityEditor.Search:ASIAI0B)
Imported 'GUID: 2f13e75d15882134fb2cc19ed16fa6fd' -> (Import Result ID: '8f33d3f177a05ef4a402a2049ca540f9') in 0.002 seconds [static and dynamic dependencies]. Details - ImportResultOutputID=4b502e13ff54c33a606b3cebcfd9444b DependenciesID=11f503fd5e0aab9380913d468f883d62 StaticDependenciesID=20e065faf21e2ac6117caa24bac80d65 
Number of updated asset objects reloaded before import = 0
Number of asset objects unloaded after import = 0
========================================================================
Received Import Request.
  Time of request: 2026-08-05T18:44:50.3189316Z
  Time since last request: 0.0009233 seconds.
  importAddress: GUID: 2220be8d2a604e03a67645035574e0a6 - Path: Packages/com.unity.shadergraph/Tests/Editor/UnitTests/LiteralFloatTests.cs - Importer: ScriptedImporter/UnityEditor.QuickSearchModule:UnityEditor.Search:ASIAI0B
Importing 'GUID: 2220be8d2a604e03a67645035574e0a6 - Path: Packages/com.unity.shadergraph/Tests/Editor/UnitTests/LiteralFloatTests.cs - Importer: ScriptedImporter/UnityEditor.QuickSearchModule:UnityEditor.Search:ASIAI0B' with importer (ScriptedImporter : UnityEditor.QuickSearchModule:UnityEditor.Search:ASIAI0B)
Imported 'GUID: 2220be8d2a604e03a67645035574e0a6' -> (Import Result ID: '63cfc17e3c4721ff88a138e34d5737b3') in 0.002 seconds [static and dynamic dependencies]. Details - ImportResultOutputID=f4f9e7a8f163b0eb2dd6f2a2973ccfc9 DependenciesID=b778d67c988837cef8f411cd7a2b7c43 StaticDependenciesID=bfc07630a3e70288af6ff7f2954a0586 
Number of updated asset objects reloaded before import = 0
Number of asset objects unloaded after import = 0
========================================================================
Received Import Request.
  Time of request: 2026-08-05T18:44:50.3288003Z
  Time since last request: 0.000593 seconds.
  importAddress: GUID: 4bc9112caeee14b29b0a521463985007 - Path: Packages/com.unity.shadergraph/Editor/Data/Interfaces/Graph/GraphDrawingData.cs - Importer: ScriptedImporter/UnityEditor.QuickSearchModule:UnityEditor.Search:ASIAI0B
Importing 'GUID: 4bc9112caeee14b29b0a521463985007 - Path: Packages/com.unity.shadergraph/Editor/Data/Interfaces/Graph/GraphDrawingData.cs - Importer: ScriptedImporter/UnityEditor.QuickSearchModule:UnityEditor.Search:ASIAI0B' with importer (ScriptedImporter : UnityEditor.QuickSearchModule:UnityEditor.Search:ASIAI0B)
Imported 'GUID: 4bc9112caeee14b29b0a521463985007' -> (Import Result ID: '89e002c6dfc197ffb8942abe22e434c1') in 0.003 seconds [static and dynamic dependencies]. Details - ImportResultOutputID=5d28d206b3b8a6dbefefa1ddba46796e DependenciesID=fcb43373e1133b50e0381bcb92bc66b3 StaticDependenciesID=d876b20a3b04a3c556ac4999554f56f8 
Number of updated asset objects reloaded before import = 0
Number of asset objects unloaded after import = 0
========================================================================
Received Import Request.
  Time of request: 2026-08-05T18:44:50.33981Z
  Time since last request: 0.0002496 seconds.
  importAddress: GUID: b4e7501d4d0d01c4f90cfb2c002de0b7 - Path: Packages/com.unity.shadergraph/Tests/Editor/IntegrationTests/NamespaceTests.cs - Importer: ScriptedImporter/UnityEditor.QuickSearchModule:UnityEditor.Search:ASIAI0B
Importing 'GUID: b4e7501d4d0d01c4f90cfb2c002de0b7 - Path: Packages/com.unity.shadergraph/Tests/Editor/IntegrationTests/NamespaceTests.cs - Importer: ScriptedImporter/UnityEditor.QuickSearchModule:UnityEditor.Search:ASIAI0B' with importer (ScriptedImporter : UnityEditor.QuickSearchModule:UnityEditor.Search:ASIAI0B)
Imported 'GUID: b4e7501d4d0d01c4f90cfb2c002de0b7' -> (Import Result ID: 'd4ffc0679138eea88988f012d1750f6d') in 0.002 seconds [static and dynamic dependencies]. Details - ImportResultOutputID=506d35f6a4094a728d4b5b525f83be36 DependenciesID=8997f398ce42b1761275ca303ac2e147 StaticDependenciesID=e8e7447cc388f40135e6c16708eff403 
Number of updated asset objects reloaded before import = 0
Number of asset objects unloaded after import = 0
========================================================================
Received Import Request.
  Time of request: 2026-08-05T18:44:50.3489206Z
  Time since last request: 0.0003883 seconds.
  importAddress: GUID: 28928f8f53abca94fbfaabf4d2c440af - Path: Packages/com.unity.shadergraph/Tests/Editor/UnitTests/SerializedGraphTests.cs - Importer: ScriptedImporter/UnityEditor.QuickSearchModule:UnityEditor.Search:ASIAI0B
Importing 'GUID: 28928f8f53abca94fbfaabf4d2c440af - Path: Packages/com.unity.shadergraph/Tests/Editor/UnitTests/SerializedGraphTests.cs - Importer: ScriptedImporter/UnityEditor.QuickSearchModule:UnityEditor.Search:ASIAI0B' with importer (ScriptedImporter : UnityEditor.QuickSearchModule:UnityEditor.Search:ASIAI0B)
Imported 'GUID: 28928f8f53abca94fbfaabf4d2c440af' -> (Import Result ID: 'a9d0726314e7122c26fba86c93487e95') in 0.002 seconds [static and dynamic dependencies]. Details - ImportResultOutputID=5367854beea56495963dde0c6cce5856 DependenciesID=8b708058018f5d0a281d23ec3c7c1181 StaticDependenciesID=55483d8abc9f54153a44ef20cebd0877 
Number of updated asset objects reloaded before import = 0
Number of asset objects unloaded after import = 0
========================================================================
Received Import Request.
  Time of request: 2026-08-05T18:44:50.3587132Z
  Time since last request: 0.0002114 seconds.
  importAddress: GUID: c588c3a00b744f4792810d2524f43ff8 - Path: Packages/com.unity.shadergraph/Editor/Data/Nodes/Terrain/TerrainPropertiesNode.cs - Importer: ScriptedImporter/UnityEditor.QuickSearchModule:UnityEditor.Search:ASIAI0B
Importing 'GUID: c588c3a00b744f4792810d2524f43ff8 - Path: Packages/com.unity.shadergraph/Editor/Data/Nodes/Terrain/TerrainPropertiesNode.cs - Importer: ScriptedImporter/UnityEditor.QuickSearchModule:UnityEditor.Search:ASIAI0B' with importer (ScriptedImporter : UnityEditor.QuickSearchModule:UnityEditor.Search:ASIAI0B)
Imported 'GUID: c588c3a00b744f4792810d2524f43ff8' -> (Import Result ID: '887837b2e31551bc2d7fd2f03c0c4c8b') in 0.002 seconds [static and dynamic dependencies]. Details - ImportResultOutputID=9391c2d200918b19e8c11afdb8a5e4b8 DependenciesID=5cb8d80b3698278406a4e20f61d757c9 StaticDependenciesID=57b593a4aaa1726043cd26c86613079e 
Number of updated asset objects reloaded before import = 0
Number of asset objects unloaded after import = 0
========================================================================
Received Import Request.
  Time of request: 2026-08-05T18:44:50.3676959Z
  Time since last request: 0.0002583 seconds.
  importAddress: GUID: f0e25259c308af440a82e1a5e66acf40 - Path: Packages/com.unity.shadergraph/Editor/Data/Nodes/MeshDeformation/LinearBlendSkinningNode.cs - Importer: ScriptedImporter/UnityEditor.QuickSearchModule:UnityEditor.Search:ASIAI0B
Importing 'GUID: f0e25259c308af440a82e1a5e66acf40 - Path: Packages/com.unity.shadergraph/Editor/Data/Nodes/MeshDeformation/LinearBlendSkinningNode.cs - Importer: ScriptedImporter/UnityEditor.QuickSearchModule:UnityEditor.Search:ASIAI0B' with importer (ScriptedImporter : UnityEditor.QuickSearchModule:UnityEditor.Search:ASIAI0B)
Imported 'GUID: f0e25259c308af440a82e1a5e66acf40' -> (Import Result ID: '1cb3ba85766e6356e95b56c0878b4b69') in 0.002 seconds [static and dynamic dependencies]. Details - ImportResultOutputID=2391bd961545b6a6b8e24bd3165cb5a0 DependenciesID=776c7d79ac52103498e9bbb9597f507d StaticDependenciesID=3a732e93aaad99d8b6db27ba3c5b194b 
Number of updated asset objects reloaded before import = 0
Number of asset objects unloaded after import = 0
========================================================================
Received Import Request.
  Time of request: 2026-08-05T18:44:50.3775467Z
  Time since last request: 0.0002117 seconds.
  importAddress: GUID: 1309ffc8549893a4b82ed254194f810d - Path: Packages/com.unity.shadergraph/Tests/Editor/UnitTests/ListUtilityTests.cs - Importer: ScriptedImporter/UnityEditor.QuickSearchModule:UnityEditor.Search:ASIAI0B
Importing 'GUID: 1309ffc8549893a4b82ed254194f810d - Path: Packages/com.unity.shadergraph/Tests/Editor/UnitTests/ListUtilityTests.cs - Importer: ScriptedImporter/UnityEditor.QuickSearchModule:UnityEditor.Search:ASIAI0B' with importer (ScriptedImporter : UnityEditor.QuickSearchModule:UnityEditor.Search:ASIAI0B)
Imported 'GUID: 1309ffc8549893a4b82ed254194f810d' -> (Import Result ID: '0a5777112e2d6795c9c18b6c1de2e62d') in 0.002 seconds [static and dynamic dependencies]. Details - ImportResultOutputID=289238e4414b4bd150b17430c0368d80 DependenciesID=6e392731fb5af43a4b1b858f44298130 StaticDependenciesID=21e6579dcba9e05d7c7b8e09cd67e6cf 
Number of updated asset objects reloaded before import = 0
Number of asset objects unloaded after import = 0
========================================================================
Received Import Request.
  Time of request: 2026-08-05T18:44:50.409078Z
  Time since last request: 0.0211294 seconds.
  importAddress: GUID: b54f542a9d5f7b84e974b54d625d73ea - Path: Packages/com.unity.shadergraph/Editor/Drawing/Views/Slots/CubemapSlotControlView.cs - Importer: ScriptedImporter/UnityEditor.QuickSearchModule:UnityEditor.Search:ASIAI0B
Importing 'GUID: b54f542a9d5f7b84e974b54d625d73ea - Path: Packages/com.unity.shadergraph/Editor/Drawing/Views/Slots/CubemapSlotControlView.cs - Importer: ScriptedImporter/UnityEditor.QuickSearchModule:UnityEditor.Search:ASIAI0B' with importer (ScriptedImporter : UnityEditor.QuickSearchModule:UnityEditor.Search:ASIAI0B)
Imported 'GUID: b54f542a9d5f7b84e974b54d625d73ea' -> (Import Result ID: 'd6dcd3d6576824262e293a8b0b782e2a') in 0.003 seconds [static and dynamic dependencies]. Details - ImportResultOutputID=95c13aa52bd5cd7732d6610dd2954e6d DependenciesID=8b972dcd2dee2a3c85db441e3d26d8f8 StaticDependenciesID=d920e7184a53f9ebd79b342117c0463a 
Number of updated asset objects reloaded before import = 0
Number of asset objects unloaded after import = 0
========================================================================
Received Import Request.
  Time of request: 2026-08-05T18:44:50.419047Z
  Time since last request: 0.0007523 seconds.
  importAddress: GUID: 7fc29d436587748dcaaefd8669c3d946 - Path: Packages/com.unity.shadergraph/Editor/Drawing/Views/Slots/BooleanSlotControlView.cs - Importer: ScriptedImporter/UnityEditor.QuickSearchModule:UnityEditor.Search:ASIAI0B
Importing 'GUID: 7fc29d436587748dcaaefd8669c3d946 - Path: Packages/com.unity.shadergraph/Editor/Drawing/Views/Slots/BooleanSlotControlView.cs - Importer: ScriptedImporter/UnityEditor.QuickSearchModule:UnityEditor.Search:ASIAI0B' with importer (ScriptedImporter : UnityEditor.QuickSearchModule:UnityEditor.Search:ASIAI0B)
Imported 'GUID: 7fc29d436587748dcaaefd8669c3d946' -> (Import Result ID: '5d76f9ba6123f46a654c552131776203') in 0.002 seconds [static and dynamic dependencies]. Details - ImportResultOutputID=1b67ecc7bf66fbe5c7054f18697ab58d DependenciesID=204188154cf1e618b862356aeec063a7 StaticDependenciesID=113de84df156c36d4febc4954f1760fc 
Number of updated asset objects reloaded before import = 0
Number of asset objects unloaded after import = 0
========================================================================
Received Import Request.
  Time of request: 2026-08-05T18:44:50.4285004Z
  Time since last request: 0.0003154 seconds.
  importAddress: GUID: 254f958f2febf5e42811f813c866bb2e - Path: Packages/com.unity.shadergraph/Editor/Data/Nodes/UV/PolarCoordinatesNode.cs - Importer: ScriptedImporter/UnityEditor.QuickSearchModule:UnityEditor.Search:ASIAI0B
Importing 'GUID: 254f958f2febf5e42811f813c866bb2e - Path: Packages/com.unity.shadergraph/Editor/Data/Nodes/UV/PolarCoordinatesNode.cs - Importer: ScriptedImporter/UnityEditor.QuickSearchModule:UnityEditor.Search:ASIAI0B' with importer (ScriptedImporter : UnityEditor.QuickSearchModule:UnityEditor.Search:ASIAI0B)
Imported 'GUID: 254f958f2febf5e42811f813c866bb2e' -> (Import Result ID: '4054bbae669a8a8e134e96425bc7093d') in 0.003 seconds [static and dynamic dependencies]. Details - ImportResultOutputID=2ebcb87d7e874283f4e4addbeea78105 DependenciesID=a231b5b94e8922ddc20c6cb7691e0c49 StaticDependenciesID=1b04347f70416787bb54fe3e3f7e6154 
Number of updated asset objects reloaded before import = 0
Number of asset objects unloaded after import = 0
========================================================================
Received Import Request.
  Time of request: 2026-08-05T18:44:50.4402045Z
  Time since last request: 0.000207 seconds.
  importAddress: GUID: e3897f68a598da34aa8bd55a3a3236ab - Path: Packages/com.unity.shadergraph/Editor/Data/Nodes/UV/RotateNode.cs - Importer: ScriptedImporter/UnityEditor.QuickSearchModule:UnityEditor.Search:ASIAI0B
Importing 'GUID: e3897f68a598da34aa8bd55a3a3236ab - Path: Packages/com.unity.shadergraph/Editor/Data/Nodes/UV/RotateNode.cs - Importer: ScriptedImporter/UnityEditor.QuickSearchModule:UnityEditor.Search:ASIAI0B' with importer (ScriptedImporter : UnityEditor.QuickSearchModule:UnityEditor.Search:ASIAI0B)
Imported 'GUID: e3897f68a598da34aa8bd55a3a3236ab' -> (Import Result ID: '77475da00103089ae557757a2e94a983') in 0.002 seconds [static and dynamic dependencies]. Details - ImportResultOutputID=8a5a217d851a56a66ec87bc9df2ae545 DependenciesID=17255a9f56e53307815ee7821360e9ad StaticDependenciesID=113e548434889c19f84726845571446f 
Number of updated asset objects reloaded before import = 0
Number of asset objects unloaded after import = 0
========================================================================
Received Import Request.
  Time of request: 2026-08-05T18:44:50.4502519Z
  Time since last request: 0.0002689 seconds.
  importAddress: GUID: 5a49cf3652c693645931ba8ef38e8e1e - Path: Packages/com.unity.shadergraph/Editor/Drawing/Inspector/PropertyDrawers/PositionNodePropertyDrawer.cs - Importer: ScriptedImporter/UnityEditor.QuickSearchModule:UnityEditor.Search:ASIAI0B
Importing 'GUID: 5a49cf3652c693645931ba8ef38e8e1e - Path: Packages/com.unity.shadergraph/Editor/Drawing/Inspector/PropertyDrawers/PositionNodePropertyDrawer.cs - Importer: ScriptedImporter/UnityEditor.QuickSearchModule:UnityEditor.Search:ASIAI0B' with importer (ScriptedImporter : UnityEditor.QuickSearchModule:UnityEditor.Search:ASIAI0B)
Imported 'GUID: 5a49cf3652c693645931ba8ef38e8e1e' -> (Import Result ID: '82d01db1ce54fd71b2e954f66f75754a') in 0.003 seconds [static and dynamic dependencies]. Details - ImportResultOutputID=233dcaa90bf21d0743317b46c62b23ae DependenciesID=553574769cda808615ab6dc0cec25fe0 StaticDependenciesID=a475c84ebdb8cf5c71a7a4faf382aa88 
Number of updated asset objects reloaded before import = 0
Number of asset objects unloaded after import = 0
========================================================================
Received Import Request.
  Time of request: 2026-08-05T18:44:50.4618862Z
  Time since last request: 0.000233 seconds.
  importAddress: GUID: f2163038c8be4befb58f6aff22e6bd00 - Path: Packages/com.unity.shadergraph/Editor/Drawing/Inspector/PropertyDrawers/IntegerPropertyDrawer.cs - Importer: ScriptedImporter/UnityEditor.QuickSearchModule:UnityEditor.Search:ASIAI0B
Importing 'GUID: f2163038c8be4befb58f6aff22e6bd00 - Path: Packages/com.unity.shadergraph/Editor/Drawing/Inspector/PropertyDrawers/IntegerPropertyDrawer.cs - Importer: ScriptedImporter/UnityEditor.QuickSearchModule:UnityEditor.Search:ASIAI0B' with importer (ScriptedImporter : UnityEditor.QuickSearchModule:UnityEditor.Search:ASIAI0B)
Imported 'GUID: f2163038c8be4befb58f6aff22e6bd00' -> (Import Result ID: '27844fcdbf8c34bb38a56abb1740bbc0') in 0.002 seconds [static and dynamic dependencies]. Details - ImportResultOutputID=df52fffc9b587821daa9ef389440e257 DependenciesID=3242e8813d6398f87059110614938f05 StaticDependenciesID=84c148978c6dee3d483db6636cb346fe 
Number of updated asset objects reloaded before import = 0
Number of asset objects unloaded after import = 0
========================================================================
Received Import Request.
  Time of request: 2026-08-05T18:44:50.4712489Z
  Time since last request: 0.0002183 seconds.
  importAddress: GUID: 55f775cc6637496c92d1b8df4030ada4 - Path: Packages/com.unity.shadergraph/Editor/Drawing/Inspector/PropertyDrawers/Vector4PropertyDrawer.cs - Importer: ScriptedImporter/UnityEditor.QuickSearchModule:UnityEditor.Search:ASIAI0B
Importing 'GUID: 55f775cc6637496c92d1b8df4030ada4 - Path: Packages/com.unity.shadergraph/Editor/Drawing/Inspector/PropertyDrawers/Vector4PropertyDrawer.cs - Importer: ScriptedImporter/UnityEditor.QuickSearchModule:UnityEditor.Search:ASIAI0B' with importer (ScriptedImporter : UnityEditor.QuickSearchModule:UnityEditor.Search:ASIAI0B)
Imported 'GUID: 55f775cc6637496c92d1b8df4030ada4' -> (Import Result ID: '634fc0a10ebccb5b5a388cd499391f16') in 0.002 seconds [static and dynamic dependencies]. Details - ImportResultOutputID=8020d5672d2a4a6511471437c0b1d73f DependenciesID=59d9a4378af98e46622ef2e49741be64 StaticDependenciesID=d11b9834293c4ec02a17177e8309f614 
Number of updated asset objects reloaded before import = 0
Number of asset objects unloaded after import = 0
========================================================================
Received Import Request.
  Time of request: 2026-08-05T18:44:50.4822404Z
  Time since last request: 0.000235 seconds.
  importAddress: GUID: b7e0bdc2deb5a43aca74fd1e84c94cfa - Path: Packages/com.unity.shadergraph/Editor/Drawing/Views/Slots/LabelSlotControlView.cs - Importer: ScriptedImporter/UnityEditor.QuickSearchModule:UnityEditor.Search:ASIAI0B
Importing 'GUID: b7e0bdc2deb5a43aca74fd1e84c94cfa - Path: Packages/com.unity.shadergraph/Editor/Drawing/Views/Slots/LabelSlotControlView.cs - Importer: ScriptedImporter/UnityEditor.QuickSearchModule:UnityEditor.Search:ASIAI0B' with importer (ScriptedImporter : UnityEditor.QuickSearchModule:UnityEditor.Search:ASIAI0B)
Imported 'GUID: b7e0bdc2deb5a43aca74fd1e84c94cfa' -> (Import Result ID: '3c35f947feb26788fcc12b98b8e55a22') in 0.002 seconds [static and dynamic dependencies]. Details - ImportResultOutputID=59688dceec2b56a45cf3d1ec278d81b4 DependenciesID=8c5e0001f90596cadad83e165ba2c6f2 StaticDependenciesID=bbe26fc99c669bb97b09a9ec8046af04 
Number of updated asset objects reloaded before import = 0
Number of asset objects unloaded after import = 0
========================================================================
Received Import Request.
  Time of request: 2026-08-05T18:44:50.5100661Z
  Time since last request: 0.0180463 seconds.
  importAddress: GUID: 9fe94b29e1463438e8bc28a5e7905e1d - Path: Packages/com.unity.shadergraph/Editor/ProviderSystem/Model/Header/HeaderUtils.cs - Importer: ScriptedImporter/UnityEditor.QuickSearchModule:UnityEditor.Search:ASIAI0B
Importing 'GUID: 9fe94b29e1463438e8bc28a5e7905e1d - Path: Packages/com.unity.shadergraph/Editor/ProviderSystem/Model/Header/HeaderUtils.cs - Importer: ScriptedImporter/UnityEditor.QuickSearchModule:UnityEditor.Search:ASIAI0B' with importer (ScriptedImporter : UnityEditor.QuickSearchModule:UnityEditor.Search:ASIAI0B)
Imported 'GUID: 9fe94b29e1463438e8bc28a5e7905e1d' -> (Import Result ID: '4e525e7225b4ce7a1794c6ad00731eb1') in 0.002 seconds [static and dynamic dependencies]. Details - ImportResultOutputID=f85408a0cb167ebb4e40c7f695903d25 DependenciesID=1d671966f6544770699ca8b7138b92ca StaticDependenciesID=13e8c5efaccec8cbb2cf8c14f826752e 
Number of updated asset objects reloaded before import = 0
Number of asset objects unloaded after import = 0
========================================================================
Received Import Request.
  Time of request: 2026-08-05T18:44:50.5196433Z
  Time since last request: 0.0005266 seconds.
  importAddress: GUID: 8dfac6eef2d89e8428c7a79b147413db - Path: Packages/com.unity.shadergraph/Editor/Resources/Styles/Controls/ChannelEnumControlView.uss - Importer: ScriptedImporter/UnityEditor.QuickSearchModule:UnityEditor.Search:ASIAI0B
Importing 'GUID: 8dfac6eef2d89e8428c7a79b147413db - Path: Packages/com.unity.shadergraph/Editor/Resources/Styles/Controls/ChannelEnumControlView.uss - Importer: ScriptedImporter/UnityEditor.QuickSearchModule:UnityEditor.Search:ASIAI0B' with importer (ScriptedImporter : UnityEditor.QuickSearchModule:UnityEditor.Search:ASIAI0B)
Imported 'GUID: 8dfac6eef2d89e8428c7a79b147413db' -> (Import Result ID: 'a1ed6fdc19100d93e142182b7ba5e929') in 0.008 seconds [static and dynamic dependencies]. Details - ImportResultOutputID=926e0f42eb0dc61a94143d07cff3aafe DependenciesID=2eac85f6880d327eab1419b2eb458042 StaticDependenciesID=30d35dbec90aa1ea6b86aa9972d6b0c5 
Number of updated asset objects reloaded before import = 0
Number of asset objects unloaded after import = 1
========================================================================
Received Import Request.
  Time of request: 2026-08-05T18:44:50.5349297Z
  Time since last request: 0.000369 seconds.
  importAddress: GUID: 997219cac3e66d746b7f6bc09d0e9967 - Path: Packages/com.unity.shadergraph/Editor/Resources/Styles/Controls/SliderSlotControlView.uss - Importer: ScriptedImporter/UnityEditor.QuickSearchModule:UnityEditor.Search:ASIAI0B
Importing 'GUID: 997219cac3e66d746b7f6bc09d0e9967 - Path: Packages/com.unity.shadergraph/Editor/Resources/Styles/Controls/SliderSlotControlView.uss - Importer: ScriptedImporter/UnityEditor.QuickSearchModule:UnityEditor.Search:ASIAI0B' with importer (ScriptedImporter : UnityEditor.QuickSearchModule:UnityEditor.Search:ASIAI0B)
Imported 'GUID: 997219cac3e66d746b7f6bc09d0e9967' -> (Import Result ID: '64012fa9c51b21d19ee973124a7f11f5') in 0.009 seconds [static and dynamic dependencies]. Details - ImportResultOutputID=d85be4694b0f0a80c42088f41b6c68a4 DependenciesID=9d87c9b96b99e2ba9de834622cf9cc6c StaticDependenciesID=ac01dfacd9418a1a2f47f189e68c0e27 
Number of updated asset objects reloaded before import = 0
Number of asset objects unloaded after import = 1
========================================================================
Received Import Request.
  Time of request: 2026-08-05T18:44:50.5510425Z
  Time since last request: 0.0002463 seconds.
  importAddress: GUID: 98e35cb4631356142bd2f27a5a31543e - Path: Packages/com.unity.shadergraph/Editor/Resources/Styles/Controls/EnumControlView.uss - Importer: ScriptedImporter/UnityEditor.QuickSearchModule:UnityEditor.Search:ASIAI0B
Importing 'GUID: 98e35cb4631356142bd2f27a5a31543e - Path: Packages/com.unity.shadergraph/Editor/Resources/Styles/Controls/EnumControlView.uss - Importer: ScriptedImporter/UnityEditor.QuickSearchModule:UnityEditor.Search:ASIAI0B' with importer (ScriptedImporter : UnityEditor.QuickSearchModule:UnityEditor.Search:ASIAI0B)
Imported 'GUID: 98e35cb4631356142bd2f27a5a31543e' -> (Import Result ID: '20d19c4bd8a3714e21b4a0031692c710') in 0.007 seconds [static and dynamic dependencies]. Details - ImportResultOutputID=2bdd0172a4f2a056a18dd7b1ec67ab50 DependenciesID=8b54af704684744f4dcff871bf939749 StaticDependenciesID=39ddf9993c2595c8352957c359af26d1 
Number of updated asset objects reloaded before import = 0
Number of asset objects unloaded after import = 1
========================================================================
Received Import Request.
  Time of request: 2026-08-05T18:44:50.5659033Z
  Time since last request: 0.0002516 seconds.
  importAddress: GUID: 61a89c57c8aee6c43ac9433a7a5dbf9e - Path: Packages/com.unity.shadergraph/Editor/Resources/Styles/Controls/ScreenPositionSlotControlView.uss - Importer: ScriptedImporter/UnityEditor.QuickSearchModule:UnityEditor.Search:ASIAI0B
Importing 'GUID: 61a89c57c8aee6c43ac9433a7a5dbf9e - Path: Packages/com.unity.shadergraph/Editor/Resources/Styles/Controls/ScreenPositionSlotControlView.uss - Importer: ScriptedImporter/UnityEditor.QuickSearchModule:UnityEditor.Search:ASIAI0B' with importer (ScriptedImporter : UnityEditor.QuickSearchModule:UnityEditor.Search:ASIAI0B)
Imported 'GUID: 61a89c57c8aee6c43ac9433a7a5dbf9e' -> (Import Result ID: '95d13988de60cdb99c43e19037f94e44') in 0.011 seconds [static and dynamic dependencies]. Details - ImportResultOutputID=ad88e57c98309e9007c4478d779947dc DependenciesID=a5896c49e0469d266da7eb49449651dc StaticDependenciesID=093d5c3da5f673654d7877af652b9082 
Number of updated asset objects reloaded before import = 0
Number of asset objects unloaded after import = 1
========================================================================
Received Import Request.
  Time of request: 2026-08-05T18:44:50.5840328Z
  Time since last request: 0.0002441 seconds.
  importAddress: GUID: 58b9d763af91544dc85fbb161b64d9c0 - Path: Packages/com.unity.shadergraph/Editor/ProviderSystem/Model/Header/FunctionHeader.cs - Importer: ScriptedImporter/UnityEditor.QuickSearchModule:UnityEditor.Search:ASIAI0B
Importing 'GUID: 58b9d763af91544dc85fbb161b64d9c0 - Path: Packages/com.unity.shadergraph/Editor/ProviderSystem/Model/Header/FunctionHeader.cs - Importer: ScriptedImporter/UnityEditor.QuickSearchModule:UnityEditor.Search:ASIAI0B' with importer (ScriptedImporter : UnityEditor.QuickSearchModule:UnityEditor.Search:ASIAI0B)
Imported 'GUID: 58b9d763af91544dc85fbb161b64d9c0' -> (Import Result ID: '9c689b4f8886746aa3076d2ea8c74e7a') in 0.002 seconds [static and dynamic dependencies]. Details - ImportResultOutputID=619ca2faec8b103856e80dd131fa1a45 DependenciesID=006514ccc822b8c3f788dd8f4bab91e8 StaticDependenciesID=ad58727eed0a6e7477e06dea8d61ff9e 
Number of updated asset objects reloaded before import = 0
Number of asset objects unloaded after import = 0
========================================================================
Received Import Request.
  Time of request: 2026-08-05T18:44:50.593214Z
  Time since last request: 0.0002859 seconds.
  importAddress: GUID: bc36eaef20dcb49c592cc866efc63f59 - Path: Packages/com.unity.shadergraph/Editor/ProviderSystem/Model/Header/ParameterHints.cs - Importer: ScriptedImporter/UnityEditor.QuickSearchModule:UnityEditor.Search:ASIAI0B
Importing 'GUID: bc36eaef20dcb49c592cc866efc63f59 - Path: Packages/com.unity.shadergraph/Editor/ProviderSystem/Model/Header/ParameterHints.cs - Importer: ScriptedImporter/UnityEditor.QuickSearchModule:UnityEditor.Search:ASIAI0B' with importer (ScriptedImporter : UnityEditor.QuickSearchModule:UnityEditor.Search:ASIAI0B)
Imported 'GUID: bc36eaef20dcb49c592cc866efc63f59' -> (Import Result ID: '16da889ea7d22008f13ce796343861df') in 0.002 seconds [static and dynamic dependencies]. Details - ImportResultOutputID=5c11e6c2571c04f316be66baf73f7e5c DependenciesID=53fd9b485ac8d7fd86441be1b5e5524b StaticDependenciesID=70f7b2f5753cad4377812d4f1dcd5caa 
Number of updated asset objects reloaded before import = 0
Number of asset objects unloaded after import = 0
========================================================================
Received Import Request.
  Time of request: 2026-08-05T18:44:50.6045024Z
  Time since last request: 0.0002379 seconds.
  importAddress: GUID: 69d9130ff4b1d8847904bf9579adc7e0 - Path: Packages/com.unity.shadergraph/Editor/Resources/Styles/Controls/TextureSlotControlView.uss - Importer: ScriptedImporter/UnityEditor.QuickSearchModule:UnityEditor.Search:ASIAI0B
Importing 'GUID: 69d9130ff4b1d8847904bf9579adc7e0 - Path: Packages/com.unity.shadergraph/Editor/Resources/Styles/Controls/TextureSlotControlView.uss - Importer: ScriptedImporter/UnityEditor.QuickSearchModule:UnityEditor.Search:ASIAI0B' with importer (ScriptedImporter : UnityEditor.QuickSearchModule:UnityEditor.Search:ASIAI0B)
Imported 'GUID: 69d9130ff4b1d8847904bf9579adc7e0' -> (Import Result ID: 'a3fcb0af3c549033c9d16bf0b9e2d44b') in 0.008 seconds [static and dynamic dependencies]. Details - ImportResultOutputID=02ecc3cdd7c4bf973b699d1f44a21a26 DependenciesID=4d5cd2d553c26d868b932ca3305e0daa StaticDependenciesID=79dd2ad1d80c3347e3fec1c83ff3f520 
Number of updated asset objects reloaded before import = 0
Number of asset objects unloaded after import = 1
========================================================================
Received Import Request.
  Time of request: 2026-08-05T18:44:50.6967028Z
  Time since last request: 0.0774511 seconds.
  importAddress: GUID: 1295ed68a1115a64088fc9298766fde8 - Path: Packages/com.unity.shadergraph/Editor/Data/Nodes/Artistic/Normal/NormalUnpackNode.cs - Importer: ScriptedImporter/UnityEditor.QuickSearchModule:UnityEditor.Search:ASIAI0B
Importing 'GUID: 1295ed68a1115a64088fc9298766fde8 - Path: Packages/com.unity.shadergraph/Editor/Data/Nodes/Artistic/Normal/NormalUnpackNode.cs - Importer: ScriptedImporter/UnityEditor.QuickSearchModule:UnityEditor.Search:ASIAI0B' with importer (ScriptedImporter : UnityEditor.QuickSearchModule:UnityEditor.Search:ASIAI0B)
Imported 'GUID: 1295ed68a1115a64088fc9298766fde8' -> (Import Result ID: 'c9a0d703bd8c22faae19a23ad65e92b1') in 0.002 seconds [static and dynamic dependencies]. Details - ImportResultOutputID=9e89a03e3723a90079a107ccfb6fa913 DependenciesID=ceb7a5f54d7e2ea1cc0e16c05cdfb51c StaticDependenciesID=1148175e9d7cecb6fecdff013c8f40b0 
Number of updated asset objects reloaded before import = 0
Number of asset objects unloaded after import = 0
========================================================================
Received Import Request.
  Time of request: 2026-08-05T18:44:50.7068153Z
  Time since last request: 0.0007833 seconds.
  importAddress: GUID: 5b34601661908b3499c4c5e2ecd61f75 - Path: Packages/com.unity.shadergraph/Editor/Data/Nodes/Input/Geometry/NormalVectorNode.cs - Importer: ScriptedImporter/UnityEditor.QuickSearchModule:UnityEditor.Search:ASIAI0B
Importing 'GUID: 5b34601661908b3499c4c5e2ecd61f75 - Path: Packages/com.unity.shadergraph/Editor/Data/Nodes/Input/Geometry/NormalVectorNode.cs - Importer: ScriptedImporter/UnityEditor.QuickSearchModule:UnityEditor.Search:ASIAI0B' with importer (ScriptedImporter : UnityEditor.QuickSearchModule:UnityEditor.Search:ASIAI0B)
Imported 'GUID: 5b34601661908b3499c4c5e2ecd61f75' -> (Import Result ID: '1b7a688a7fe0d9e609c7091db6bf58b4') in 0.002 seconds [static and dynamic dependencies]. Details - ImportResultOutputID=ffabd00839aea2dcc277d22aadb7db3d DependenciesID=2c8838a5ebcbb309186a0c691ec996ae StaticDependenciesID=d401be4db1ea7d312ef52856765388a2 
Number of updated asset objects reloaded before import = 0
Number of asset objects unloaded after import = 0
========================================================================
Received Import Request.
  Time of request: 2026-08-05T18:44:50.7169688Z
  Time since last request: 0.0005586 seconds.
  importAddress: GUID: c003a641a03160e478f4ce7ee8ce8da6 - Path: Packages/com.unity.shadergraph/Editor/Data/Nodes/Artistic/Normal/NormalStrengthNode.cs - Importer: ScriptedImporter/UnityEditor.QuickSearchModule:UnityEditor.Search:ASIAI0B
Importing 'GUID: c003a641a03160e478f4ce7ee8ce8da6 - Path: Packages/com.unity.shadergraph/Editor/Data/Nodes/Artistic/Normal/NormalStrengthNode.cs - Importer: ScriptedImporter/UnityEditor.QuickSearchModule:UnityEditor.Search:ASIAI0B' with importer (ScriptedImporter : UnityEditor.QuickSearchModule:UnityEditor.Search:ASIAI0B)
Imported 'GUID: c003a641a03160e478f4ce7ee8ce8da6' -> (Import Result ID: '0fa12409f6951b98564981a5762aad1e') in 0.002 seconds [static and dynamic dependencies]. Details - ImportResultOutputID=f9adb754d1b08953f302f865e94f87d8 DependenciesID=7c52ead2768ee04abf5cbfd6a60a338b StaticDependenciesID=9606be437bdc2e96e7f90bc6df55c804 
Number of updated asset objects reloaded before import = 0
Number of asset objects unloaded after import = 0
========================================================================
Received Import Request.
  Time of request: 2026-08-05T18:44:50.7282185Z
  Time since last request: 0.0004332 seconds.
  importAddress: GUID: 8ef30ebbb2a5c6c4989bfa74ad4600bf - Path: Packages/com.unity.shadergraph/Editor/Data/Nodes/Input/Scene/EyeIndexNode.cs - Importer: ScriptedImporter/UnityEditor.QuickSearchModule:UnityEditor.Search:ASIAI0B
Importing 'GUID: 8ef30ebbb2a5c6c4989bfa74ad4600bf - Path: Packages/com.unity.shadergraph/Editor/Data/Nodes/Input/Scene/EyeIndexNode.cs - Importer: ScriptedImporter/UnityEditor.QuickSearchModule:UnityEditor.Search:ASIAI0B' with importer (ScriptedImporter : UnityEditor.QuickSearchModule:UnityEditor.Search:ASIAI0B)
Imported 'GUID: 8ef30ebbb2a5c6c4989bfa74ad4600bf' -> (Import Result ID: 'f7d183a96adffedbb9ca0826d065177f') in 0.003 seconds [static and dynamic dependencies]. Details - ImportResultOutputID=d03033936df2a0708380dc997686892f DependenciesID=27fb4876506d4cfc0130b9954b00a088 StaticDependenciesID=f1b67e2766ced638b1867065dc1303b0 
Number of updated asset objects reloaded before import = 0
Number of asset objects unloaded after import = 0
========================================================================
Received Import Request.
  Time of request: 2026-08-05T18:44:50.7387798Z
  Time since last request: 0.0005125 seconds.
  importAddress: GUID: 968ed0a541658844486b1ac5ab57ee2d - Path: Packages/com.unity.shadergraph/Editor/Data/Nodes/Input/Texture/CubemapAssetNode.cs - Importer: ScriptedImporter/UnityEditor.QuickSearchModule:UnityEditor.Search:ASIAI0B
Importing 'GUID: 968ed0a541658844486b1ac5ab57ee2d - Path: Packages/com.unity.shadergraph/Editor/Data/Nodes/Input/Texture/CubemapAssetNode.cs - Importer: ScriptedImporter/UnityEditor.QuickSearchModule:UnityEditor.Search:ASIAI0B' with importer (ScriptedImporter : UnityEditor.QuickSearchModule:UnityEditor.Search:ASIAI0B)
Imported 'GUID: 968ed0a541658844486b1ac5ab57ee2d' -> (Import Result ID: 'a77e4c4d4de9e38a28b06d2b9e2c4137') in 0.002 seconds [static and dynamic dependencies]. Details - ImportResultOutputID=626ded83b8b125a43ee5ab027f8353c5 DependenciesID=bb38549d4ead3dba3f1c65007ac1b1d7 StaticDependenciesID=8604ad021effbb7969ded2ec1ceb0a5f 
Number of updated asset objects reloaded before import = 0
Number of asset objects unloaded after import = 0
========================================================================
Received Import Request.
  Time of request: 2026-08-05T18:44:50.7500749Z
  Time since last request: 0.0003762 seconds.
  importAddress: GUID: e204c7999bfa0ee42a18d8a560a36244 - Path: Packages/com.unity.shadergraph/Editor/Data/Nodes/Input/Geometry/ScreenPositionNode.cs - Importer: ScriptedImporter/UnityEditor.QuickSearchModule:UnityEditor.Search:ASIAI0B
Importing 'GUID: e204c7999bfa0ee42a18d8a560a36244 - Path: Packages/com.unity.shadergraph/Editor/Data/Nodes/Input/Geometry/ScreenPositionNode.cs - Importer: ScriptedImporter/UnityEditor.QuickSearchModule:UnityEditor.Search:ASIAI0B' with importer (ScriptedImporter : UnityEditor.QuickSearchModule:UnityEditor.Search:ASIAI0B)
Imported 'GUID: e204c7999bfa0ee42a18d8a560a36244' -> (Import Result ID: 'd7fb3ca0d3d452fe5a1325d41413baec') in 0.002 seconds [static and dynamic dependencies]. Details - ImportResultOutputID=9a17f3062f5413f3d6cd856685559abd DependenciesID=8ec44341189df15e671bf1541eeee5ed StaticDependenciesID=23fdf6ff7164417edf6ee42f3ab48528 
Number of updated asset objects reloaded before import = 0
Number of asset objects unloaded after import = 0
========================================================================
Received Import Request.
  Time of request: 2026-08-05T18:44:50.7617376Z
  Time since last request: 0.0004331 seconds.
  importAddress: GUID: 9e8bd6ff1eba8ea4589ec534a00f4767 - Path: Packages/com.unity.shadergraph/Editor/Data/Nodes/Input/Geometry/TangentVectorNode.cs - Importer: ScriptedImporter/UnityEditor.QuickSearchModule:UnityEditor.Search:ASIAI0B
Importing 'GUID: 9e8bd6ff1eba8ea4589ec534a00f4767 - Path: Packages/com.unity.shadergraph/Editor/Data/Nodes/Input/Geometry/TangentVectorNode.cs - Importer: ScriptedImporter/UnityEditor.QuickSearchModule:UnityEditor.Search:ASIAI0B' with importer (ScriptedImporter : UnityEditor.QuickSearchModule:UnityEditor.Search:ASIAI0B)
Imported 'GUID: 9e8bd6ff1eba8ea4589ec534a00f4767' -> (Import Result ID: '3ea15e766423c64538e65bb9c8506e7e') in 0.003 seconds [static and dynamic dependencies]. Details - ImportResultOutputID=221bd3961f22ae891f48b3a45b5fae98 DependenciesID=ac363b94b6c1288d0f70685a19d974af StaticDependenciesID=be01c277ce1bf9d6e89a5f6514bf0ca3 
Number of updated asset objects reloaded before import = 0
Number of asset objects unloaded after import = 0
========================================================================
Received Import Request.
  Time of request: 2026-08-05T18:44:50.7725713Z
  Time since last request: 0.0002236 seconds.
  importAddress: GUID: f934acb3f675022448ac439d87d84a80 - Path: Packages/com.unity.shadergraph/Editor/Data/Nodes/Input/Scene/FogNode.cs - Importer: ScriptedImporter/UnityEditor.QuickSearchModule:UnityEditor.Search:ASIAI0B
Importing 'GUID: f934acb3f675022448ac439d87d84a80 - Path: Packages/com.unity.shadergraph/Editor/Data/Nodes/Input/Scene/FogNode.cs - Importer: ScriptedImporter/UnityEditor.QuickSearchModule:UnityEditor.Search:ASIAI0B' with importer (ScriptedImporter : UnityEditor.QuickSearchModule:UnityEditor.Search:ASIAI0B)
Imported 'GUID: f934acb3f675022448ac439d87d84a80' -> (Import Result ID: 'e6e97e0ec563b31cf5b9c04dcac174cd') in 0.002 seconds [static and dynamic dependencies]. Details - ImportResultOutputID=be3c1f47f3f81eaaeb3b3bb1b2066cc5 DependenciesID=1949723b42bcd271c5538b1303d00dd9 StaticDependenciesID=c04a6fdbe949eb390db244ffcbf5cbd4 
Number of updated asset objects reloaded before import = 0
Number of asset objects unloaded after import = 0
========================================================================
Received Import Request.
  Time of request: 2026-08-05T18:44:50.7913283Z
  Time since last request: 0.0085342 seconds.
  importAddress: GUID: d67c532974f20f74ca83c79573c45a61 - Path: Packages/com.unity.shadergraph/Editor/Data/Nodes/Math/Advanced/ReciprocalSquareRootNode.cs - Importer: ScriptedImporter/UnityEditor.QuickSearchModule:UnityEditor.Search:ASIAI0B
Importing 'GUID: d67c532974f20f74ca83c79573c45a61 - Path: Packages/com.unity.shadergraph/Editor/Data/Nodes/Math/Advanced/ReciprocalSquareRootNode.cs - Importer: ScriptedImporter/UnityEditor.QuickSearchModule:UnityEditor.Search:ASIAI0B' with importer (ScriptedImporter : UnityEditor.QuickSearchModule:UnityEditor.Search:ASIAI0B)
Imported 'GUID: d67c532974f20f74ca83c79573c45a61' -> (Import Result ID: 'cf21f7e8ee0197eff90d0adc5fe5c768') in 0.003 seconds [static and dynamic dependencies]. Details - ImportResultOutputID=be25c84da94e68a385fa15be8e6267d1 DependenciesID=d7321b4392f4544dbb0904154013301f StaticDependenciesID=68eb5eccc6f966ce27829ab672eb8728 
Number of updated asset objects reloaded before import = 0
Number of asset objects unloaded after import = 0
========================================================================
Received Import Request.
  Time of request: 2026-08-05T18:44:50.8019188Z
  Time since last request: 0.0011443 seconds.
  importAddress: GUID: 0789ef77e28f0406dbb0970c5a8e7a2c - Path: Packages/com.unity.shadergraph/Editor/Data/Nodes/Input/Texture/SampleTexture2DArrayNode.cs - Importer: ScriptedImporter/UnityEditor.QuickSearchModule:UnityEditor.Search:ASIAI0B
Importing 'GUID: 0789ef77e28f0406dbb0970c5a8e7a2c - Path: Packages/com.unity.shadergraph/Editor/Data/Nodes/Input/Texture/SampleTexture2DArrayNode.cs - Importer: ScriptedImporter/UnityEditor.QuickSearchModule:UnityEditor.Search:ASIAI0B' with importer (ScriptedImporter : UnityEditor.QuickSearchModule:UnityEditor.Search:ASIAI0B)
Imported 'GUID: 0789ef77e28f0406dbb0970c5a8e7a2c' -> (Import Result ID: 'dbe4d2b283353b9ce89647c79aaf4ec7') in 0.002 seconds [static and dynamic dependencies]. Details - ImportResultOutputID=84f3d1bf24694c78937c478ca62f7298 DependenciesID=300a655d627389d6a8de1280b4a266d9 StaticDependenciesID=395ba75cc6cef167ef08de9061dfd9da 
Number of updated asset objects reloaded before import = 0
Number of asset objects unloaded after import = 0
========================================================================
Received Import Request.
  Time of request: 2026-08-05T18:44:50.8115279Z
  Time since last request: 0.000575 seconds.
  importAddress: GUID: 8d1b4bf99b86c474f8a0bcb2015cf3da - Path: Packages/com.unity.shadergraph/Editor/Data/Nodes/Math/Round/FloorNode.cs - Importer: ScriptedImporter/UnityEditor.QuickSearchModule:UnityEditor.Search:ASIAI0B
Importing 'GUID: 8d1b4bf99b86c474f8a0bcb2015cf3da - Path: Packages/com.unity.shadergraph/Editor/Data/Nodes/Math/Round/FloorNode.cs - Importer: ScriptedImporter/UnityEditor.QuickSearchModule:UnityEditor.Search:ASIAI0B' with importer (ScriptedImporter : UnityEditor.QuickSearchModule:UnityEditor.Search:ASIAI0B)
Imported 'GUID: 8d1b4bf99b86c474f8a0bcb2015cf3da' -> (Import Result ID: 'd29533f68d9f99cfefec3d4f1226e303') in 0.003 seconds [static and dynamic dependencies]. Details - ImportResultOutputID=7c122999f89debafb0f56ea0aa47a890 DependenciesID=2f06de0652a1fca6cadadc2621294b27 StaticDependenciesID=5cfc1e8ca56fc54779b1490853b01ee3 
Number of updated asset objects reloaded before import = 0
Number of asset objects unloaded after import = 0
========================================================================
Received Import Request.
  Time of request: 2026-08-05T18:44:50.8232284Z
  Time since last request: 0.0003532 seconds.
  importAddress: GUID: 4229c656c10cc1c43aa631f8f6357764 - Path: Packages/com.unity.shadergraph/Editor/Data/Nodes/Math/Range/FractionNode.cs - Importer: ScriptedImporter/UnityEditor.QuickSearchModule:UnityEditor.Search:ASIAI0B
Importing 'GUID: 4229c656c10cc1c43aa631f8f6357764 - Path: Packages/com.unity.shadergraph/Editor/Data/Nodes/Math/Range/FractionNode.cs - Importer: ScriptedImporter/UnityEditor.QuickSearchModule:UnityEditor.Search:ASIAI0B' with importer (ScriptedImporter : UnityEditor.QuickSearchModule:UnityEditor.Search:ASIAI0B)
Imported 'GUID: 4229c656c10cc1c43aa631f8f6357764' -> (Import Result ID: '70dd92505308df1c21275e42d5600e87') in 0.002 seconds [static and dynamic dependencies]. Details - ImportResultOutputID=ccb2a0b8a67d4b586ee8413271ffb1bd DependenciesID=00115707dce61121ff4562ff73bbdc5d StaticDependenciesID=398231873e26e87c003d0307e16c2a2b 
Number of updated asset objects reloaded before import = 0
Number of asset objects unloaded after import = 0
========================================================================
Received Import Request.
  Time of request: 2026-08-05T18:44:50.8322025Z
  Time since last request: 0.0002469 seconds.
  importAddress: GUID: e0bd4c0099ef82240b5e91e77990628e - Path: Packages/com.unity.shadergraph/Editor/Data/Nodes/Math/Trigonometry/ArcsineNode.cs - Importer: ScriptedImporter/UnityEditor.QuickSearchModule:UnityEditor.Search:ASIAI0B
Importing 'GUID: e0bd4c0099ef82240b5e91e77990628e - Path: Packages/com.unity.shadergraph/Editor/Data/Nodes/Math/Trigonometry/ArcsineNode.cs - Importer: ScriptedImporter/UnityEditor.QuickSearchModule:UnityEditor.Search:ASIAI0B' with importer (ScriptedImporter : UnityEditor.QuickSearchModule:UnityEditor.Search:ASIAI0B)
Imported 'GUID: e0bd4c0099ef82240b5e91e77990628e' -> (Import Result ID: 'c54e4e7ebed59ad0dfb9cd3550416209') in 0.002 seconds [static and dynamic dependencies]. Details - ImportResultOutputID=660a0aa01798fe004967f9fadcf73455 DependenciesID=c23d5b1337e68eb22f5ce070e62d6306 StaticDependenciesID=f5d32cea3b932e896b3958ee5c5b557d 
Number of updated asset objects reloaded before import = 0
Number of asset objects unloaded after import = 0
========================================================================
Received Import Request.
  Time of request: 2026-08-05T18:44:50.8433267Z
  Time since last request: 0.0002404 seconds.
  importAddress: GUID: 27a3ba76eb1c9a54f8355034489b2e83 - Path: Packages/com.unity.shadergraph/Editor/Data/Nodes/Math/Advanced/NegateNode.cs - Importer: ScriptedImporter/UnityEditor.QuickSearchModule:UnityEditor.Search:ASIAI0B
Importing 'GUID: 27a3ba76eb1c9a54f8355034489b2e83 - Path: Packages/com.unity.shadergraph/Editor/Data/Nodes/Math/Advanced/NegateNode.cs - Importer: ScriptedImporter/UnityEditor.QuickSearchModule:UnityEditor.Search:ASIAI0B' with importer (ScriptedImporter : UnityEditor.QuickSearchModule:UnityEditor.Search:ASIAI0B)
Imported 'GUID: 27a3ba76eb1c9a54f8355034489b2e83' -> (Import Result ID: '46bc13eeacb66277f2afbeda901e4b61') in 0.002 seconds [static and dynamic dependencies]. Details - ImportResultOutputID=a7cda82af2648e0588eab4cc5a339940 DependenciesID=73306f94341b0332d873966bb325b393 StaticDependenciesID=ebf803d5abc7368a0f3ee676d7397ee6 
Number of updated asset objects reloaded before import = 0
Number of asset objects unloaded after import = 0
========================================================================
Received Import Request.
  Time of request: 2026-08-05T18:44:50.8541584Z
  Time since last request: 0.0002379 seconds.
  importAddress: GUID: 9db0fbefda58761488455432f3133271 - Path: Packages/com.unity.shadergraph/Editor/Data/Nodes/Math/Trigonometry/ArctangentNode.cs - Importer: ScriptedImporter/UnityEditor.QuickSearchModule:UnityEditor.Search:ASIAI0B
Importing 'GUID: 9db0fbefda58761488455432f3133271 - Path: Packages/com.unity.shadergraph/Editor/Data/Nodes/Math/Trigonometry/ArctangentNode.cs - Importer: ScriptedImporter/UnityEditor.QuickSearchModule:UnityEditor.Search:ASIAI0B' with importer (ScriptedImporter : UnityEditor.QuickSearchModule:UnityEditor.Search:ASIAI0B)
Imported 'GUID: 9db0fbefda58761488455432f3133271' -> (Import Result ID: '2cbe5a527ba5dbfd05acc67049ef0ffc') in 0.002 seconds [static and dynamic dependencies]. Details - ImportResultOutputID=1cab4434386158faa36da5ca4cdaf54e DependenciesID=f5a04951e6e5e1db01fb1f0cb4b63400 StaticDependenciesID=374119569849b57b13eee2e9b902bbbd 
Number of updated asset objects reloaded before import = 0
Number of asset objects unloaded after import = 0
========================================================================
Received Import Request.
  Time of request: 2026-08-05T18:44:50.8631007Z
  Time since last request: 0.0002764 seconds.
  importAddress: GUID: 670ee9966f3a13d4e91477e4fb3ff1dd - Path: Packages/com.unity.shadergraph/Editor/Data/Nodes/Math/Round/SignNode.cs - Importer: ScriptedImporter/UnityEditor.QuickSearchModule:UnityEditor.Search:ASIAI0B
Importing 'GUID: 670ee9966f3a13d4e91477e4fb3ff1dd - Path: Packages/com.unity.shadergraph/Editor/Data/Nodes/Math/Round/SignNode.cs - Importer: ScriptedImporter/UnityEditor.QuickSearchModule:UnityEditor.Search:ASIAI0B' with importer (ScriptedImporter : UnityEditor.QuickSearchModule:UnityEditor.Search:ASIAI0B)
Imported 'GUID: 670ee9966f3a13d4e91477e4fb3ff1dd' -> (Import Result ID: '79d38c575eeb0faec3935c4cdec00658') in 0.002 seconds [static and dynamic dependencies]. Details - ImportResultOutputID=9a55111b4b42d12ed336f3b6a0a85323 DependenciesID=adc5d4942d6dc98c551c3d41f9590483 StaticDependenciesID=ac9de06948888ed700cb3ca9baeeb6a1 
Number of updated asset objects reloaded before import = 0
Number of asset objects unloaded after import = 0
========================================================================
Received Import Request.
  Time of request: 2026-08-05T18:44:50.8925218Z
  Time since last request: 0.0199145 seconds.
  importAddress: GUID: 3b0333da20fc0bf48a4d9b09a9d8d9db - Path: Packages/com.unity.shadergraph/Editor/Data/Nodes/Procedural/Noise/SimpleNoiseNode.cs - Importer: ScriptedImporter/UnityEditor.QuickSearchModule:UnityEditor.Search:ASIAI0B
Importing 'GUID: 3b0333da20fc0bf48a4d9b09a9d8d9db - Path: Packages/com.unity.shadergraph/Editor/Data/Nodes/Procedural/Noise/SimpleNoiseNode.cs - Importer: ScriptedImporter/UnityEditor.QuickSearchModule:UnityEditor.Search:ASIAI0B' with importer (ScriptedImporter : UnityEditor.QuickSearchModule:UnityEditor.Search:ASIAI0B)
Imported 'GUID: 3b0333da20fc0bf48a4d9b09a9d8d9db' -> (Import Result ID: '50cad33321f62409a4b249dcbe464b32') in 0.002 seconds [static and dynamic dependencies]. Details - ImportResultOutputID=da5b688e6e750b22b6b3f7936f489abf DependenciesID=da327c7e0a243b69cba69f800792642c StaticDependenciesID=4b676fec328b51fcaf1b86060f3b7de5 
Number of updated asset objects reloaded before import = 0
Number of asset objects unloaded after import = 0
========================================================================
Received Import Request.
  Time of request: 2026-08-05T18:44:50.9019837Z
  Time since last request: 0.0006188 seconds.
  importAddress: GUID: 0de8792ff52727f44925b54be00b9f18 - Path: Packages/com.unity.shadergraph/Editor/Generation/Targets/Fullscreen/Includes/CustomRenderTexture.hlsl - Importer: ScriptedImporter/UnityEditor.QuickSearchModule:UnityEditor.Search:ASIAI0B
Importing 'GUID: 0de8792ff52727f44925b54be00b9f18 - Path: Packages/com.unity.shadergraph/Editor/Generation/Targets/Fullscreen/Includes/CustomRenderTexture.hlsl - Importer: ScriptedImporter/UnityEditor.QuickSearchModule:UnityEditor.Search:ASIAI0B' with importer (ScriptedImporter : UnityEditor.QuickSearchModule:UnityEditor.Search:ASIAI0B)
Imported 'GUID: 0de8792ff52727f44925b54be00b9f18' -> (Import Result ID: '28ab03da137b95a0943422a112c2443d') in 0.008 seconds [static and dynamic dependencies]. Details - ImportResultOutputID=4fd669a260c4029035f1f785138797f2 DependenciesID=6d574d3da550c4d7ef701d380246cc2b StaticDependenciesID=10c89306f19fedd579d923b958d3bf41 
Number of updated asset objects reloaded before import = 0
Number of asset objects unloaded after import = 1
========================================================================
Received Import Request.
  Time of request: 2026-08-05T18:44:50.9180613Z
  Time since last request: 0.0002374 seconds.
  importAddress: GUID: 90c38a95e899f254f984aef093366e94 - Path: Packages/com.unity.shadergraph/Editor/Generation/Targets/BuiltIn/ShaderLibrary/ShaderTypes.cs.hlsl - Importer: ScriptedImporter/UnityEditor.QuickSearchModule:UnityEditor.Search:ASIAI0B
Importing 'GUID: 90c38a95e899f254f984aef093366e94 - Path: Packages/com.unity.shadergraph/Editor/Generation/Targets/BuiltIn/ShaderLibrary/ShaderTypes.cs.hlsl - Importer: ScriptedImporter/UnityEditor.QuickSearchModule:UnityEditor.Search:ASIAI0B' with importer (ScriptedImporter : UnityEditor.QuickSearchModule:UnityEditor.Search:ASIAI0B)
Imported 'GUID: 90c38a95e899f254f984aef093366e94' -> (Import Result ID: '0053b9a4853b7d6f55bb9529d183daf0') in 0.007 seconds [static and dynamic dependencies]. Details - ImportResultOutputID=843fdc8946f804a84c7b099f84eb9078 DependenciesID=adb63b58b588a2aa020b7ed69471571f StaticDependenciesID=c2e7d25b59e7469aaf21f68dc9145bfa 
Number of updated asset objects reloaded before import = 0
Number of asset objects unloaded after import = 1
========================================================================
Received Import Request.
  Time of request: 2026-08-05T18:44:50.9326185Z
  Time since last request: 0.0002135 seconds.
  importAddress: GUID: 6b31e904eeb9a604b9145c218287ad1e - Path: Packages/com.unity.shadergraph/Editor/Data/Nodes/Math/Vector/SphereMaskNode.cs - Importer: ScriptedImporter/UnityEditor.QuickSearchModule:UnityEditor.Search:ASIAI0B
Importing 'GUID: 6b31e904eeb9a604b9145c218287ad1e - Path: Packages/com.unity.shadergraph/Editor/Data/Nodes/Math/Vector/SphereMaskNode.cs - Importer: ScriptedImporter/UnityEditor.QuickSearchModule:UnityEditor.Search:ASIAI0B' with importer (ScriptedImporter : UnityEditor.QuickSearchModule:UnityEditor.Search:ASIAI0B)
Imported 'GUID: 6b31e904eeb9a604b9145c218287ad1e' -> (Import Result ID: 'b65ca4c19f7c20eb2a7629ef1daa82e7') in 0.002 seconds [static and dynamic dependencies]. Details - ImportResultOutputID=17ac5478cdc672deab7cb57ffd735d98 DependenciesID=976192537b0d5f7d9e4c79a370d408f1 StaticDependenciesID=d3586ee6115dcec58127fda12783cb75 
Number of updated asset objects reloaded before import = 0
Number of asset objects unloaded after import = 0
========================================================================
Received Import Request.
  Time of request: 2026-08-05T18:44:50.9421637Z
  Time since last request: 0.0002485 seconds.
  importAddress: GUID: 6a69c68bb4c22d840b464885246650a3 - Path: Packages/com.unity.shadergraph/Editor/Data/Nodes/Math/Vector/CrossProductNode.cs - Importer: ScriptedImporter/UnityEditor.QuickSearchModule:UnityEditor.Search:ASIAI0B
Importing 'GUID: 6a69c68bb4c22d840b464885246650a3 - Path: Packages/com.unity.shadergraph/Editor/Data/Nodes/Math/Vector/CrossProductNode.cs - Importer: ScriptedImporter/UnityEditor.QuickSearchModule:UnityEditor.Search:ASIAI0B' with importer (ScriptedImporter : UnityEditor.QuickSearchModule:UnityEditor.Search:ASIAI0B)
Imported 'GUID: 6a69c68bb4c22d840b464885246650a3' -> (Import Result ID: 'f36d3889cba2f9b5b097a36c6407158c') in 0.002 seconds [static and dynamic dependencies]. Details - ImportResultOutputID=3fdc423919fd05d5f7d10cdba62345f4 DependenciesID=65e7839ef7d6b08fd643ac67f9feabdb StaticDependenciesID=2370ff75fe5fc2d1c3375850f40f8237 
Number of updated asset objects reloaded before import = 0
Number of asset objects unloaded after import = 0
========================================================================
Received Import Request.
  Time of request: 2026-08-05T18:44:50.9516998Z
  Time since last request: 0.0002126 seconds.
  importAddress: GUID: 14bcae32932007341a82b552c24738fd - Path: Packages/com.unity.shadergraph/Editor/Generation/Targets/BuiltIn/ShaderLibrary/Lighting.hlsl - Importer: ScriptedImporter/UnityEditor.QuickSearchModule:UnityEditor.Search:ASIAI0B
Importing 'GUID: 14bcae32932007341a82b552c24738fd - Path: Packages/com.unity.shadergraph/Editor/Generation/Targets/BuiltIn/ShaderLibrary/Lighting.hlsl - Importer: ScriptedImporter/UnityEditor.QuickSearchModule:UnityEditor.Search:ASIAI0B' with importer (ScriptedImporter : UnityEditor.QuickSearchModule:UnityEditor.Search:ASIAI0B)
Imported 'GUID: 14bcae32932007341a82b552c24738fd' -> (Import Result ID: 'f9e14122b831bc4d4ce32a7e13ab1f05') in 0.010 seconds [static and dynamic dependencies]. Details - ImportResultOutputID=91ead5c0f7549a1bef0e20dc49b190f0 DependenciesID=296861e9c1ffa689db8019627e0fd78e StaticDependenciesID=b253ae2842c9c0cca1ad523cd9eea802 
Number of updated asset objects reloaded before import = 0
Number of asset objects unloaded after import = 1
========================================================================
Received Import Request.
  Time of request: 2026-08-05T18:44:50.9692367Z
  Time since last request: 0.000207 seconds.
  importAddress: GUID: ee4eb305b2f727b47bbac99de0772c18 - Path: Packages/com.unity.shadergraph/Editor/Data/Nodes/Math/Wave/NoiseSineWaveNode.cs - Importer: ScriptedImporter/UnityEditor.QuickSearchModule:UnityEditor.Search:ASIAI0B
Importing 'GUID: ee4eb305b2f727b47bbac99de0772c18 - Path: Packages/com.unity.shadergraph/Editor/Data/Nodes/Math/Wave/NoiseSineWaveNode.cs - Importer: ScriptedImporter/UnityEditor.QuickSearchModule:UnityEditor.Search:ASIAI0B' with importer (ScriptedImporter : UnityEditor.QuickSearchModule:UnityEditor.Search:ASIAI0B)
Imported 'GUID: ee4eb305b2f727b47bbac99de0772c18' -> (Import Result ID: '4bb4eff33b2e24c7767a29334c096524') in 0.002 seconds [static and dynamic dependencies]. Details - ImportResultOutputID=8752fd89581a7b6c2e083468f7c02665 DependenciesID=ea277725577a03e9dfa6c273b68ff2c6 StaticDependenciesID=a322e1fbdabb7843e70c5c25156eb3b7 
Number of updated asset objects reloaded before import = 0
Number of asset objects unloaded after import = 0
========================================================================
Received Import Request.
  Time of request: 2026-08-05T18:44:50.9803449Z
  Time since last request: 0.0002552 seconds.
  importAddress: GUID: 38694b8d93b01e049ad6dafebebb60ba - Path: Packages/com.unity.shadergraph/Editor/Data/Nodes/Procedural/Noise/VoronoiNode.cs - Importer: ScriptedImporter/UnityEditor.QuickSearchModule:UnityEditor.Search:ASIAI0B
Importing 'GUID: 38694b8d93b01e049ad6dafebebb60ba - Path: Packages/com.unity.shadergraph/Editor/Data/Nodes/Procedural/Noise/VoronoiNode.cs - Importer: ScriptedImporter/UnityEditor.QuickSearchModule:UnityEditor.Search:ASIAI0B' with importer (ScriptedImporter : UnityEditor.QuickSearchModule:UnityEditor.Search:ASIAI0B)
Imported 'GUID: 38694b8d93b01e049ad6dafebebb60ba' -> (Import Result ID: 'c5d4444886c61e9cad3e2c8fe899f7fc') in 0.003 seconds [static and dynamic dependencies]. Details - ImportResultOutputID=6acbb0301cc3817987eead6ce9b18309 DependenciesID=c34b7df87eaa13d11b42c9bd3f88580b StaticDependenciesID=2933017c5d18a6b095706badbd9685a2 
Number of updated asset objects reloaded before import = 0
Number of asset objects unloaded after import = 0
========================================================================
Received Import Request.
  Time of request: 2026-08-05T18:44:51.0077411Z
  Time since last request: 0.0166738 seconds.
  importAddress: GUID: 3b060531fe7ce41768321dd4c68d7f75 - Path: Packages/com.unity.shadergraph/Editor/Generation/Targets/UITK/Templates/PassUI.template - Importer: ScriptedImporter/UnityEditor.QuickSearchModule:UnityEditor.Search:ASIAI0B
Importing 'GUID: 3b060531fe7ce41768321dd4c68d7f75 - Path: Packages/com.unity.shadergraph/Editor/Generation/Targets/UITK/Templates/PassUI.template - Importer: ScriptedImporter/UnityEditor.QuickSearchModule:UnityEditor.Search:ASIAI0B' with importer (ScriptedImporter : UnityEditor.QuickSearchModule:UnityEditor.Search:ASIAI0B)
Imported 'GUID: 3b060531fe7ce41768321dd4c68d7f75' -> (Import Result ID: 'b901c1352d319011613ee70860f0d463') in 0.002 seconds [static and dynamic dependencies]. Details - ImportResultOutputID=99274a68543bc1ec9a638e345bcc9d1b DependenciesID=db3594f07f1b3c7e8746bb352cb2b9e3 StaticDependenciesID=0c0aa2d8a7bd574be73aceb5bdf77d41 
Number of updated asset objects reloaded before import = 0
Number of asset objects unloaded after import = 1
========================================================================
Received Import Request.
  Time of request: 2026-08-05T18:44:51.0168639Z
  Time since last request: 0.00039 seconds.
  importAddress: GUID: 54f14acd1960c2a459a0fcd6c959938d - Path: Packages/com.unity.shadergraph/Editor/Generation/Targets/Fullscreen/Includes/FullscreenCommon.hlsl - Importer: ScriptedImporter/UnityEditor.QuickSearchModule:UnityEditor.Search:ASIAI0B
Importing 'GUID: 54f14acd1960c2a459a0fcd6c959938d - Path: Packages/com.unity.shadergraph/Editor/Generation/Targets/Fullscreen/Includes/FullscreenCommon.hlsl - Importer: ScriptedImporter/UnityEditor.QuickSearchModule:UnityEditor.Search:ASIAI0B' with importer (ScriptedImporter : UnityEditor.QuickSearchModule:UnityEditor.Search:ASIAI0B)
Imported 'GUID: 54f14acd1960c2a459a0fcd6c959938d' -> (Import Result ID: '859c5d71f11f0e10837ed63df09bc44f') in 0.007 seconds [static and dynamic dependencies]. Details - ImportResultOutputID=ac43fb727e930b47f372450b9fb38e76 DependenciesID=64575d3547ab97a29cb533818355e8bf StaticDependenciesID=5ca785af26478282d313cea292b49b23 
Number of updated asset objects reloaded before import = 0
Number of asset objects unloaded after import = 1
========================================================================
Received Import Request.
  Time of request: 2026-08-05T18:44:51.0622419Z
  Time since last request: 0.0313759 seconds.
  importAddress: GUID: f079e3afd077fb94fa2bda74d6409499 - Path: Packages/com.unity.ide.rider/Rider/Editor/RiderScriptEditorData.cs - Importer: ScriptedImporter/UnityEditor.QuickSearchModule:UnityEditor.Search:ASIAI0B
Importing 'GUID: f079e3afd077fb94fa2bda74d6409499 - Path: Packages/com.unity.ide.rider/Rider/Editor/RiderScriptEditorData.cs - Importer: ScriptedImporter/UnityEditor.QuickSearchModule:UnityEditor.Search:ASIAI0B' with importer (ScriptedImporter : UnityEditor.QuickSearchModule:UnityEditor.Search:ASIAI0B)
Imported 'GUID: f079e3afd077fb94fa2bda74d6409499' -> (Import Result ID: 'c2ba714ad5d5e5b4b0454c42ccc34fab') in 0.002 seconds [static and dynamic dependencies]. Details - ImportResultOutputID=8436a55304a6f0a2b42fe684a358d740 DependenciesID=521b8572cf53a021668d10a4c135b497 StaticDependenciesID=a48e0696ef5b202cc9d7971bd4a34a53 
Number of updated asset objects reloaded before import = 0
Number of asset objects unloaded after import = 0
========================================================================
Received Import Request.
  Time of request: 2026-08-05T18:44:51.0716328Z
  Time since last request: 0.0005799 seconds.
  importAddress: GUID: 850309cc5616532479e9a794256f66e7 - Path: Packages/com.unity.shadergraph/Editor/Generation/Targets/BuiltIn/Editor/ShaderGUI/BuiltInUnlitGUI.cs - Importer: ScriptedImporter/UnityEditor.QuickSearchModule:UnityEditor.Search:ASIAI0B
Importing 'GUID: 850309cc5616532479e9a794256f66e7 - Path: Packages/com.unity.shadergraph/Editor/Generation/Targets/BuiltIn/Editor/ShaderGUI/BuiltInUnlitGUI.cs - Importer: ScriptedImporter/UnityEditor.QuickSearchModule:UnityEditor.Search:ASIAI0B' with importer (ScriptedImporter : UnityEditor.QuickSearchModule:UnityEditor.Search:ASIAI0B)
Imported 'GUID: 850309cc5616532479e9a794256f66e7' -> (Import Result ID: '8774d1c7557bce928e6a55a741d5d8f5') in 0.002 seconds [static and dynamic dependencies]. Details - ImportResultOutputID=72f7ac1fb84a649c002bcb68d8637c74 DependenciesID=0e7e87ae9cf7907fe032e1b0da2e6d3f StaticDependenciesID=0a1653447432ff8bf9da3b3137e9859d 
Number of updated asset objects reloaded before import = 0
Number of asset objects unloaded after import = 0
========================================================================
Received Import Request.
  Time of request: 2026-08-05T18:44:51.0815858Z
  Time since last request: 0.0003037 seconds.
  importAddress: GUID: 66c95bb3c74257f41bae2622511dc02d - Path: Packages/com.unity.ide.rider/package.json - Importer: ScriptedImporter/UnityEditor.QuickSearchModule:UnityEditor.Search:ASIAI0B
Importing 'GUID: 66c95bb3c74257f41bae2622511dc02d - Path: Packages/com.unity.ide.rider/package.json - Importer: ScriptedImporter/UnityEditor.QuickSearchModule:UnityEditor.Search:ASIAI0B' with importer (ScriptedImporter : UnityEditor.QuickSearchModule:UnityEditor.Search:ASIAI0B)
Imported 'GUID: 66c95bb3c74257f41bae2622511dc02d' -> (Import Result ID: 'ab45c427656bbb0cf9fc0f9e10847bac') in 0.007 seconds [static and dynamic dependencies]. Details - ImportResultOutputID=6340ea2b7102f8434b969429f3adda8c DependenciesID=90242c564c0f4afa4411ea31518f6dc3 StaticDependenciesID=7f7aac801b993b678fd3f79ea96b4992 
Number of updated asset objects reloaded before import = 0
Number of asset objects unloaded after import = 1
========================================================================
Received Import Request.
  Time of request: 2026-08-05T18:44:51.0959201Z
  Time since last request: 0.0002786 seconds.
  importAddress: GUID: d0f59811de3924b6ab62802eb365ef6b - Path: Packages/com.unity.shadergraph/Editor/Generation/Targets/BuiltIn/Editor/ShaderGraph/Targets/BuiltInTarget.cs - Importer: ScriptedImporter/UnityEditor.QuickSearchModule:UnityEditor.Search:ASIAI0B
Importing 'GUID: d0f59811de3924b6ab62802eb365ef6b - Path: Packages/com.unity.shadergraph/Editor/Generation/Targets/BuiltIn/Editor/ShaderGraph/Targets/BuiltInTarget.cs - Importer: ScriptedImporter/UnityEditor.QuickSearchModule:UnityEditor.Search:ASIAI0B' with importer (ScriptedImporter : UnityEditor.QuickSearchModule:UnityEditor.Search:ASIAI0B)
Imported 'GUID: d0f59811de3924b6ab62802eb365ef6b' -> (Import Result ID: '9b956f86ab6a0815ed1a42cb8a439251') in 0.002 seconds [static and dynamic dependencies]. Details - ImportResultOutputID=c5b81bef314f0345e8e552d30997ebe6 DependenciesID=c5b72237bc2ddfb922fb6e3cef7352b0 StaticDependenciesID=ff928def9d1bf0b19ac031cc9349731e 
Number of updated asset objects reloaded before import = 0
Number of asset objects unloaded after import = 0
========================================================================
Received Import Request.
  Time of request: 2026-08-05T18:44:51.1061266Z
  Time since last request: 0.0002036 seconds.
  importAddress: GUID: c4095d72f77fbb64ea39b8b3ca246622 - Path: Packages/com.unity.ide.rider/Rider/Editor/RiderScriptEditor.cs - Importer: ScriptedImporter/UnityEditor.QuickSearchModule:UnityEditor.Search:ASIAI0B
Importing 'GUID: c4095d72f77fbb64ea39b8b3ca246622 - Path: Packages/com.unity.ide.rider/Rider/Editor/RiderScriptEditor.cs - Importer: ScriptedImporter/UnityEditor.QuickSearchModule:UnityEditor.Search:ASIAI0B' with importer (ScriptedImporter : UnityEditor.QuickSearchModule:UnityEditor.Search:ASIAI0B)
Imported 'GUID: c4095d72f77fbb64ea39b8b3ca246622' -> (Import Result ID: '8fd63b1bb60a49af8afedccbe1d8327f') in 0.002 seconds [static and dynamic dependencies]. Details - ImportResultOutputID=375102fb0063dea9b5625d24ed2236be DependenciesID=d65277136524c00d5be7a3ef80a2ddc5 StaticDependenciesID=8bd534c38d2ff1d81eb1a449f668cd07 
Number of updated asset objects reloaded before import = 0
Number of asset objects unloaded after import = 0
========================================================================
Received Import Request.
  Time of request: 2026-08-05T18:44:51.1156194Z
  Time since last request: 0.0002616 seconds.
  importAddress: GUID: 1bfe12aa306c0c74db4f4f1a1a0ae5ce - Path: Packages/com.unity.ide.rider/Rider/Editor/PluginSettings.cs - Importer: ScriptedImporter/UnityEditor.QuickSearchModule:UnityEditor.Search:ASIAI0B
Importing 'GUID: 1bfe12aa306c0c74db4f4f1a1a0ae5ce - Path: Packages/com.unity.ide.rider/Rider/Editor/PluginSettings.cs - Importer: ScriptedImporter/UnityEditor.QuickSearchModule:UnityEditor.Search:ASIAI0B' with importer (ScriptedImporter : UnityEditor.QuickSearchModule:UnityEditor.Search:ASIAI0B)
Imported 'GUID: 1bfe12aa306c0c74db4f4f1a1a0ae5ce' -> (Import Result ID: '67125e6f3169451783280e37ab9ee0da') in 0.003 seconds [static and dynamic dependencies]. Details - ImportResultOutputID=08fa3309bf2ebdb5d406152061ba827d DependenciesID=2c294faade31271e7a33fc763eb620be StaticDependenciesID=f3a6f37e38fa5529e25ca14ac9fcfe79 
Number of updated asset objects reloaded before import = 0
Number of asset objects unloaded after import = 0
========================================================================
Received Import Request.
  Time of request: 2026-08-05T18:44:51.1258139Z
  Time since last request: 0.0002472 seconds.
  importAddress: GUID: 32b23321ec58ddc4e88879d693256c3a - Path: Packages/com.unity.shadergraph/Editor/Generation/Targets/BuiltIn/Editor/ShaderGraph/Includes/PBRForwardAddPass.hlsl - Importer: ScriptedImporter/UnityEditor.QuickSearchModule:UnityEditor.Search:ASIAI0B
Importing 'GUID: 32b23321ec58ddc4e88879d693256c3a - Path: Packages/com.unity.shadergraph/Editor/Generation/Targets/BuiltIn/Editor/ShaderGraph/Includes/PBRForwardAddPass.hlsl - Importer: ScriptedImporter/UnityEditor.QuickSearchModule:UnityEditor.Search:ASIAI0B' with importer (ScriptedImporter : UnityEditor.QuickSearchModule:UnityEditor.Search:ASIAI0B)
Imported 'GUID: 32b23321ec58ddc4e88879d693256c3a' -> (Import Result ID: '1c8ee39442ac9a78bdf3dc586359feaf') in 0.007 seconds [static and dynamic dependencies]. Details - ImportResultOutputID=dc4c4ad575e35acdcbda0e3cdb6278fd DependenciesID=11cf6529621858d7384816c512bb734d StaticDependenciesID=8765cf196bb7f13a24bda0eb21e3bf08 
Number of updated asset objects reloaded before import = 0
Number of asset objects unloaded after import = 1
========================================================================
Received Import Request.
  Time of request: 2026-08-05T18:44:51.1398751Z
  Time since last request: 0.0003367 seconds.
  importAddress: GUID: b6029123aa4ab4e0481a4b3ad8a15af9 - Path: Packages/com.unity.ide.rider/ValidationExceptions.json - Importer: ScriptedImporter/UnityEditor.QuickSearchModule:UnityEditor.Search:ASIAI0B
Importing 'GUID: b6029123aa4ab4e0481a4b3ad8a15af9 - Path: Packages/com.unity.ide.rider/ValidationExceptions.json - Importer: ScriptedImporter/UnityEditor.QuickSearchModule:UnityEditor.Search:ASIAI0B' with importer (ScriptedImporter : UnityEditor.QuickSearchModule:UnityEditor.Search:ASIAI0B)
Imported 'GUID: b6029123aa4ab4e0481a4b3ad8a15af9' -> (Import Result ID: '8e8d4a80d222fa64abc41dc260de154a') in 0.007 seconds [static and dynamic dependencies]. Details - ImportResultOutputID=98e909fb988827f5c8d23020619836ad DependenciesID=549291ded546039534d9bd1ece20817e StaticDependenciesID=3cd965ea075d2e08eeb393fd9047178d 
Number of updated asset objects reloaded before import = 0
Number of asset objects unloaded after import = 1
========================================================================
Received Import Request.
  Time of request: 2026-08-05T18:44:51.163849Z
  Time since last request: 0.0097004 seconds.
  importAddress: GUID: 99066a8873cba594d8db5121bc0b7ae0 - Path: Packages/com.unity.render-pipelines.universal-config/Runtime/ShaderConfig.cs - Importer: ScriptedImporter/UnityEditor.QuickSearchModule:UnityEditor.Search:ASIAI0B
Importing 'GUID: 99066a8873cba594d8db5121bc0b7ae0 - Path: Packages/com.unity.render-pipelines.universal-config/Runtime/ShaderConfig.cs - Importer: ScriptedImporter/UnityEditor.QuickSearchModule:UnityEditor.Search:ASIAI0B' with importer (ScriptedImporter : UnityEditor.QuickSearchModule:UnityEditor.Search:ASIAI0B)
Imported 'GUID: 99066a8873cba594d8db5121bc0b7ae0' -> (Import Result ID: 'be29726f1f7e9c523d68d307d12b829f') in 0.003 seconds [static and dynamic dependencies]. Details - ImportResultOutputID=91f36eaf2be568794a8646be74b5ceae DependenciesID=71ec978d06b5310dcf52fe40d726bb86 StaticDependenciesID=555f98956965450be024b399838f335e 
Number of updated asset objects reloaded before import = 0
Number of asset objects unloaded after import = 0
========================================================================
Received Import Request.
  Time of request: 2026-08-05T18:44:51.1740723Z
  Time since last request: 0.0006045 seconds.
  importAddress: GUID: 7019e230344c48d4b81602e2e978e5de - Path: Packages/com.unity.ide.rider/Rider/Editor/ProjectGeneration/LastWriteTracker.cs - Importer: ScriptedImporter/UnityEditor.QuickSearchModule:UnityEditor.Search:ASIAI0B
Importing 'GUID: 7019e230344c48d4b81602e2e978e5de - Path: Packages/com.unity.ide.rider/Rider/Editor/ProjectGeneration/LastWriteTracker.cs - Importer: ScriptedImporter/UnityEditor.QuickSearchModule:UnityEditor.Search:ASIAI0B' with importer (ScriptedImporter : UnityEditor.QuickSearchModule:UnityEditor.Search:ASIAI0B)
Imported 'GUID: 7019e230344c48d4b81602e2e978e5de' -> (Import Result ID: '529aa3243c35787668e3e4d64ac07e4a') in 0.002 seconds [static and dynamic dependencies]. Details - ImportResultOutputID=4a161e2e36a46dbe4c809a931837a232 DependenciesID=5bce4a0f01cbd44f072a06a7578f6a42 StaticDependenciesID=07c640926794bd9a47e49a6ad3b25766 
Number of updated asset objects reloaded before import = 0
Number of asset objects unloaded after import = 0
========================================================================
Received Import Request.
  Time of request: 2026-08-05T18:44:51.1845524Z
  Time since last request: 0.0002663 seconds.
  importAddress: GUID: 16b5d2a7d862f49ffb9453600e8ee776 - Path: Packages/com.unity.render-pipelines.universal/CHANGELOG.md - Importer: ScriptedImporter/UnityEditor.QuickSearchModule:UnityEditor.Search:ASIAI0B
Importing 'GUID: 16b5d2a7d862f49ffb9453600e8ee776 - Path: Packages/com.unity.render-pipelines.universal/CHANGELOG.md - Importer: ScriptedImporter/UnityEditor.QuickSearchModule:UnityEditor.Search:ASIAI0B' with importer (ScriptedImporter : UnityEditor.QuickSearchModule:UnityEditor.Search:ASIAI0B)
Imported 'GUID: 16b5d2a7d862f49ffb9453600e8ee776' -> (Import Result ID: 'b0025148443fb36043a01068cd55d9f1') in 0.008 seconds [static and dynamic dependencies]. Details - ImportResultOutputID=646afa1005830a932489ac531dd63af2 DependenciesID=2f0d6b28b48cd4bd46a38ef2444e4500 StaticDependenciesID=86db8b71949fba52c405416a26fd8eae 
Number of updated asset objects reloaded before import = 0
Number of asset objects unloaded after import = 1
========================================================================
Received Import Request.
  Time of request: 2026-08-05T18:44:51.1995909Z
  Time since last request: 0.0002796 seconds.
  importAddress: GUID: a8860c53ca4073d4f92c403e709c12ba - Path: Packages/com.unity.ide.rider/Rider/Editor/Util/RiderMenu.cs - Importer: ScriptedImporter/UnityEditor.QuickSearchModule:UnityEditor.Search:ASIAI0B
Importing 'GUID: a8860c53ca4073d4f92c403e709c12ba - Path: Packages/com.unity.ide.rider/Rider/Editor/Util/RiderMenu.cs - Importer: ScriptedImporter/UnityEditor.QuickSearchModule:UnityEditor.Search:ASIAI0B' with importer (ScriptedImporter : UnityEditor.QuickSearchModule:UnityEditor.Search:ASIAI0B)
Imported 'GUID: a8860c53ca4073d4f92c403e709c12ba' -> (Import Result ID: '5125cc186e1e186356836ab2f6025f7c') in 0.002 seconds [static and dynamic dependencies]. Details - ImportResultOutputID=be8d860ed4a5a053ed528a8b0d95e25f DependenciesID=45ce25f62c57ff75dc931f353a5baf4c StaticDependenciesID=a51cd1b3cd94a6dfbfd7bf06b0f1ae73 
Number of updated asset objects reloaded before import = 0
Number of asset objects unloaded after import = 0
========================================================================
Received Import Request.
  Time of request: 2026-08-05T18:44:51.2098977Z
  Time since last request: 0.00018 seconds.
  importAddress: GUID: 3f7d69b580ef4c288896687cfed86996 - Path: Packages/com.unity.render-pipelines.universal/ValidationConfig.json - Importer: ScriptedImporter/UnityEditor.QuickSearchModule:UnityEditor.Search:ASIAI0B
Importing 'GUID: 3f7d69b580ef4c288896687cfed86996 - Path: Packages/com.unity.render-pipelines.universal/ValidationConfig.json - Importer: ScriptedImporter/UnityEditor.QuickSearchModule:UnityEditor.Search:ASIAI0B' with importer (ScriptedImporter : UnityEditor.QuickSearchModule:UnityEditor.Search:ASIAI0B)
Imported 'GUID: 3f7d69b580ef4c288896687cfed86996' -> (Import Result ID: '03730ec0ed2b6f33b8db09a8fc3047ce') in 0.014 seconds [static and dynamic dependencies]. Details - ImportResultOutputID=12a9633614633e56cdaf9f557dcd45e5 DependenciesID=2a72505014cabaad3f7a0e66f8b6afb9 StaticDependenciesID=0964fcafa972e54c23190c6767c2ffae 
Number of updated asset objects reloaded before import = 0
Number of asset objects unloaded after import = 1
========================================================================
Received Import Request.
  Time of request: 2026-08-05T18:44:51.2315702Z
  Time since last request: 0.0003901 seconds.
  importAddress: GUID: 010246a07de7cb34185a2a7b1c1fad59 - Path: Packages/com.unity.ide.rider/Rider/Editor/UnitTesting/CallbackData.cs - Importer: ScriptedImporter/UnityEditor.QuickSearchModule:UnityEditor.Search:ASIAI0B
Importing 'GUID: 010246a07de7cb34185a2a7b1c1fad59 - Path: Packages/com.unity.ide.rider/Rider/Editor/UnitTesting/CallbackData.cs - Importer: ScriptedImporter/UnityEditor.QuickSearchModule:UnityEditor.Search:ASIAI0B' with importer (ScriptedImporter : UnityEditor.QuickSearchModule:UnityEditor.Search:ASIAI0B)
Imported 'GUID: 010246a07de7cb34185a2a7b1c1fad59' -> (Import Result ID: '5a8a6e999765b31fee6d6f13a1d46291') in 0.002 seconds [static and dynamic dependencies]. Details - ImportResultOutputID=d45ecc1c82c8d244a25b1a368b2d0f92 DependenciesID=1bc83c48e04dd38eab01b6c42b01f947 StaticDependenciesID=082716a1ee9aae326920aa61ed7fdd9f 
Number of updated asset objects reloaded before import = 0
Number of asset objects unloaded after import = 0
========================================================================
Received Import Request.
  Time of request: 2026-08-05T18:44:51.242281Z
  Time since last request: 0.0003742 seconds.
  importAddress: GUID: 78e5667e52329c3ceef41288763404ae - Path: Packages/com.unity.modules.vectorgraphics/package.json - Importer: ScriptedImporter/UnityEditor.QuickSearchModule:UnityEditor.Search:ASIAI0B
Importing 'GUID: 78e5667e52329c3ceef41288763404ae - Path: Packages/com.unity.modules.vectorgraphics/package.json - Importer: ScriptedImporter/UnityEditor.QuickSearchModule:UnityEditor.Search:ASIAI0B' with importer (ScriptedImporter : UnityEditor.QuickSearchModule:UnityEditor.Search:ASIAI0B)
Imported 'GUID: 78e5667e52329c3ceef41288763404ae' -> (Import Result ID: 'e902327fe2ecbd29f176a65e8f451f0d') in 0.007 seconds [static and dynamic dependencies]. Details - ImportResultOutputID=5dc65dd8f02245469706e062e4d11b5a DependenciesID=ad048370d0f2ecdc68ad336328b6ffe7 StaticDependenciesID=b19b19cd96f149bac66b30ab810de0ba 
Number of updated asset objects reloaded before import = 0
Number of asset objects unloaded after import = 1
========================================================================
Received Import Request.
  Time of request: 2026-08-05T18:44:51.2823169Z
  Time since last request: 0.0248691 seconds.
  importAddress: GUID: 2ec995e51a6e251468d2a3fd8a686257 - Path: Packages/com.unity.render-pipelines.universal/Runtime/UniversalRenderPipelineGlobalSettings.cs - Importer: ScriptedImporter/UnityEditor.QuickSearchModule:UnityEditor.Search:ASIAI0B
Importing 'GUID: 2ec995e51a6e251468d2a3fd8a686257 - Path: Packages/com.unity.render-pipelines.universal/Runtime/UniversalRenderPipelineGlobalSettings.cs - Importer: ScriptedImporter/UnityEditor.QuickSearchModule:UnityEditor.Search:ASIAI0B' with importer (ScriptedImporter : UnityEditor.QuickSearchModule:UnityEditor.Search:ASIAI0B)
Imported 'GUID: 2ec995e51a6e251468d2a3fd8a686257' -> (Import Result ID: '4d9c1cd78cc5e8bfb43e2d82efbd638d') in 0.002 seconds [static and dynamic dependencies]. Details - ImportResultOutputID=af39a332377186b56d7e43f72f09947a DependenciesID=1f8d488d3cd62b067b2709c4e4e9bd1e StaticDependenciesID=21044eff47b3ccc0be7303bed24f3673 
Number of updated asset objects reloaded before import = 0
Number of asset objects unloaded after import = 0
========================================================================
Received Import Request.
  Time of request: 2026-08-05T18:44:51.2914298Z
  Time since last request: 0.0003605 seconds.
  importAddress: GUID: a79441f348de89743a2939f4d699eac1 - Path: Packages/com.unity.render-pipelines.universal/Runtime/UniversalAdditionalCameraData.cs - Importer: ScriptedImporter/UnityEditor.QuickSearchModule:UnityEditor.Search:ASIAI0B
Importing 'GUID: a79441f348de89743a2939f4d699eac1 - Path: Packages/com.unity.render-pipelines.universal/Runtime/UniversalAdditionalCameraData.cs - Importer: ScriptedImporter/UnityEditor.QuickSearchModule:UnityEditor.Search:ASIAI0B' with importer (ScriptedImporter : UnityEditor.QuickSearchModule:UnityEditor.Search:ASIAI0B)
Imported 'GUID: a79441f348de89743a2939f4d699eac1' -> (Import Result ID: 'eb43343c087da0d88131c6a8632cdc09') in 0.002 seconds [static and dynamic dependencies]. Details - ImportResultOutputID=babdc12e1881ec0120b632a8356eede4 DependenciesID=5a5efc3006a8943b727f00f905683913 StaticDependenciesID=6423296f6abe1365d16a18a17757fd17 
Number of updated asset objects reloaded before import = 0
Number of asset objects unloaded after import = 0
========================================================================
Received Import Request.
  Time of request: 2026-08-05T18:44:51.3016761Z
  Time since last request: 0.0004647 seconds.
  importAddress: GUID: f971995892640ec4f807ef396269e91e - Path: Packages/com.unity.render-pipelines.universal/Runtime/ForwardRendererData.cs - Importer: ScriptedImporter/UnityEditor.QuickSearchModule:UnityEditor.Search:ASIAI0B
Importing 'GUID: f971995892640ec4f807ef396269e91e - Path: Packages/com.unity.render-pipelines.universal/Runtime/ForwardRendererData.cs - Importer: ScriptedImporter/UnityEditor.QuickSearchModule:UnityEditor.Search:ASIAI0B' with importer (ScriptedImporter : UnityEditor.QuickSearchModule:UnityEditor.Search:ASIAI0B)
Imported 'GUID: f971995892640ec4f807ef396269e91e' -> (Import Result ID: 'c9a0e70cf6c35db89114946f93ba6a50') in 0.003 seconds [static and dynamic dependencies]. Details - ImportResultOutputID=ad90c0bc275762b4e0c2eb3b081b5f7e DependenciesID=f10765245687d5793695159513e5db23 StaticDependenciesID=645cccac1eb703e0856229fc73cae803 
Number of updated asset objects reloaded before import = 0
Number of asset objects unloaded after import = 0
========================================================================
Received Import Request.
  Time of request: 2026-08-05T18:44:51.3129617Z
  Time since last request: 0.0002774 seconds.
  importAddress: GUID: 56aa3dcb7aefc42f293f37ba86ecd745 - Path: Packages/com.unity.render-pipelines.universal/Runtime/UniversalRendererDebug.cs - Importer: ScriptedImporter/UnityEditor.QuickSearchModule:UnityEditor.Search:ASIAI0B
Importing 'GUID: 56aa3dcb7aefc42f293f37ba86ecd745 - Path: Packages/com.unity.render-pipelines.universal/Runtime/UniversalRendererDebug.cs - Importer: ScriptedImporter/UnityEditor.QuickSearchModule:UnityEditor.Search:ASIAI0B' with importer (ScriptedImporter : UnityEditor.QuickSearchModule:UnityEditor.Search:ASIAI0B)
Imported 'GUID: 56aa3dcb7aefc42f293f37ba86ecd745' -> (Import Result ID: '1d6381cc8d8f44daaaedbeb38447bb6e') in 0.002 seconds [static and dynamic dependencies]. Details - ImportResultOutputID=ab27b76c851a9894a7e38cf753d3f41d DependenciesID=6feddde62f96ff152426c4d8020bf81a StaticDependenciesID=908fef834bf24ad881c7ae96868479c4 
Number of updated asset objects reloaded before import = 0
Number of asset objects unloaded after import = 0
========================================================================
Received Import Request.
  Time of request: 2026-08-05T18:44:51.3227073Z
  Time since last request: 0.0003204 seconds.
  importAddress: GUID: c8d90eadb510acd44b7884b0be840c4b - Path: Packages/com.unity.render-pipelines.universal/Runtime/RenderingUtils.cs - Importer: ScriptedImporter/UnityEditor.QuickSearchModule:UnityEditor.Search:ASIAI0B
Importing 'GUID: c8d90eadb510acd44b7884b0be840c4b - Path: Packages/com.unity.render-pipelines.universal/Runtime/RenderingUtils.cs - Importer: ScriptedImporter/UnityEditor.QuickSearchModule:UnityEditor.Search:ASIAI0B' with importer (ScriptedImporter : UnityEditor.QuickSearchModule:UnityEditor.Search:ASIAI0B)
Imported 'GUID: c8d90eadb510acd44b7884b0be840c4b' -> (Import Result ID: '1b52dea24ca086743ef4de688e19b94f') in 0.002 seconds [static and dynamic dependencies]. Details - ImportResultOutputID=66306c0da17f2eacaeef6b9d9f212573 DependenciesID=8071eddd7c35253f279cdbbef8469915 StaticDependenciesID=f371de04031a67257c5cccefc55e2fb7 
Number of updated asset objects reloaded before import = 0
Number of asset objects unloaded after import = 0
========================================================================
Received Import Request.
  Time of request: 2026-08-05T18:44:51.332339Z
  Time since last request: 0.0002402 seconds.
  importAddress: GUID: 2cdbafc04e2383e4ca5c05e7f873e1fa - Path: Packages/com.unity.render-pipelines.universal/Runtime/SampleCount.cs - Importer: ScriptedImporter/UnityEditor.QuickSearchModule:UnityEditor.Search:ASIAI0B
Importing 'GUID: 2cdbafc04e2383e4ca5c05e7f873e1fa - Path: Packages/com.unity.render-pipelines.universal/Runtime/SampleCount.cs - Importer: ScriptedImporter/UnityEditor.QuickSearchModule:UnityEditor.Search:ASIAI0B' with importer (ScriptedImporter : UnityEditor.QuickSearchModule:UnityEditor.Search:ASIAI0B)
Imported 'GUID: 2cdbafc04e2383e4ca5c05e7f873e1fa' -> (Import Result ID: 'aafe54e6b79f40dca376605c8a49167e') in 0.002 seconds [static and dynamic dependencies]. Details - ImportResultOutputID=d3799f3ecd7022cd5ac7368c1c25907f DependenciesID=632697ef55f09416f7ff398efe2dcac2 StaticDependenciesID=9f6875658928e5833a87d5100833eb54 
Number of updated asset objects reloaded before import = 0
Number of asset objects unloaded after import = 0
========================================================================
Received Import Request.
  Time of request: 2026-08-05T18:44:51.3426012Z
  Time since last request: 0.0002723 seconds.
  importAddress: GUID: 467223c25c01847b6a07059f1b283a20 - Path: Packages/com.unity.render-pipelines.universal/Runtime/IntermediateTextureMode.cs - Importer: ScriptedImporter/UnityEditor.QuickSearchModule:UnityEditor.Search:ASIAI0B
Importing 'GUID: 467223c25c01847b6a07059f1b283a20 - Path: Packages/com.unity.render-pipelines.universal/Runtime/IntermediateTextureMode.cs - Importer: ScriptedImporter/UnityEditor.QuickSearchModule:UnityEditor.Search:ASIAI0B' with importer (ScriptedImporter : UnityEditor.QuickSearchModule:UnityEditor.Search:ASIAI0B)
Imported 'GUID: 467223c25c01847b6a07059f1b283a20' -> (Import Result ID: '99355838d3bdab2fa502e425111f8043') in 0.002 seconds [static and dynamic dependencies]. Details - ImportResultOutputID=0f7f8197f9a3ae81af8f1d9ab73b36d6 DependenciesID=cc2ce364a13398cbe8cf79bd7b462d5f StaticDependenciesID=8b603abba6b3ffdf5335f4d7529dae7e 
Number of updated asset objects reloaded before import = 0
Number of asset objects unloaded after import = 0
========================================================================
Received Import Request.
  Time of request: 2026-08-05T18:44:51.353507Z
  Time since last request: 0.0002228 seconds.
  importAddress: GUID: 448dc5f4526854e869b92bee42a28690 - Path: Packages/com.unity.render-pipelines.universal/Runtime/NoAllocUtils.cs - Importer: ScriptedImporter/UnityEditor.QuickSearchModule:UnityEditor.Search:ASIAI0B
Importing 'GUID: 448dc5f4526854e869b92bee42a28690 - Path: Packages/com.unity.render-pipelines.universal/Runtime/NoAllocUtils.cs - Importer: ScriptedImporter/UnityEditor.QuickSearchModule:UnityEditor.Search:ASIAI0B' with importer (ScriptedImporter : UnityEditor.QuickSearchModule:UnityEditor.Search:ASIAI0B)
Imported 'GUID: 448dc5f4526854e869b92bee42a28690' -> (Import Result ID: '329c4aaeddd47a1e5193fd38fdb3ee7b') in 0.002 seconds [static and dynamic dependencies]. Details - ImportResultOutputID=3601b7310c5ca224166bb2e78bbd1012 DependenciesID=a169447b05d80f58017d18b089b0c660 StaticDependenciesID=55e40a18fcd89a5c04dc39721974d2ff 
Number of updated asset objects reloaded before import = 0
Number of asset objects unloaded after import = 0
========================================================================
Received Import Request.
  Time of request: 2026-08-05T18:44:51.3632357Z
  Time since last request: 0.0002244 seconds.
  importAddress: GUID: 5c52f3d26791c415b9e887442bfc817c - Path: Packages/com.unity.render-pipelines.universal/ShaderLibrary/Clustering.hlsl - Importer: ScriptedImporter/UnityEditor.QuickSearchModule:UnityEditor.Search:ASIAI0B
Importing 'GUID: 5c52f3d26791c415b9e887442bfc817c - Path: Packages/com.unity.render-pipelines.universal/ShaderLibrary/Clustering.hlsl - Importer: ScriptedImporter/UnityEditor.QuickSearchModule:UnityEditor.Search:ASIAI0B' with importer (ScriptedImporter : UnityEditor.QuickSearchModule:UnityEditor.Search:ASIAI0B)
Imported 'GUID: 5c52f3d26791c415b9e887442bfc817c' -> (Import Result ID: 'f3e01cfdb8bfba3a411d47309c6faa96') in 0.007 seconds [static and dynamic dependencies]. Details - ImportResultOutputID=bc6355de3c0fef1813b65381222e6c7b DependenciesID=30334ad44c2e48ffca68f292c1ca3e12 StaticDependenciesID=aecd366238164112e4765ef73f271a20 
Number of updated asset objects reloaded before import = 0
Number of asset objects unloaded after import = 1
========================================================================
Received Import Request.
  Time of request: 2026-08-05T18:44:51.3884118Z
  Time since last request: 0.0101847 seconds.
  importAddress: GUID: 58997c4bd657ad848919e91029ee01eb - Path: Packages/com.unity.render-pipelines.universal/ShaderLibrary/Particles.hlsl - Importer: ScriptedImporter/UnityEditor.QuickSearchModule:UnityEditor.Search:ASIAI0B
Importing 'GUID: 58997c4bd657ad848919e91029ee01eb - Path: Packages/com.unity.render-pipelines.universal/ShaderLibrary/Particles.hlsl - Importer: ScriptedImporter/UnityEditor.QuickSearchModule:UnityEditor.Search:ASIAI0B' with importer (ScriptedImporter : UnityEditor.QuickSearchModule:UnityEditor.Search:ASIAI0B)
Imported 'GUID: 58997c4bd657ad848919e91029ee01eb' -> (Import Result ID: '95d99bf95194e08c9cf19aecce6bab1b') in 0.003 seconds [static and dynamic dependencies]. Details - ImportResultOutputID=3dad3cae1f99acf482dba595566d3f49 DependenciesID=bbac81c5805c546051a7a51093a17680 StaticDependenciesID=97337b1d53361364a893609802007e2c 
Number of updated asset objects reloaded before import = 0
Number of asset objects unloaded after import = 1
========================================================================
Received Import Request.
  Time of request: 2026-08-05T18:44:51.3983288Z
  Time since last request: 0.0006377 seconds.
  importAddress: GUID: 0ca6dca7396eb48e5849247ffd444914 - Path: Packages/com.unity.render-pipelines.universal/Shaders/BakedLit.shader - Importer: ScriptedImporter/UnityEditor.QuickSearchModule:UnityEditor.Search:ASIAI0B
Importing 'GUID: 0ca6dca7396eb48e5849247ffd444914 - Path: Packages/com.unity.render-pipelines.universal/Shaders/BakedLit.shader - Importer: ScriptedImporter/UnityEditor.QuickSearchModule:UnityEditor.Search:ASIAI0B' with importer (ScriptedImporter : UnityEditor.QuickSearchModule:UnityEditor.Search:ASIAI0B)
Imported 'GUID: 0ca6dca7396eb48e5849247ffd444914' -> (Import Result ID: 'f97a8d2706b3e012c68c86dc279c9918') in 0.003 seconds [static and dynamic dependencies]. Details - ImportResultOutputID=5ca9423a0916d96033e890f9afdd713e DependenciesID=7fca021f1135d1437c8c9f0bafe9233d StaticDependenciesID=15f69e69a6b04052670480437bacf146 
Number of updated asset objects reloaded before import = 0
Number of asset objects unloaded after import = 1
========================================================================
Received Import Request.
  Time of request: 2026-08-05T18:44:51.4087561Z
  Time since last request: 0.0003208 seconds.
  importAddress: GUID: 9802e36ef1c38064d9bcd7bf2e01cccb - Path: Packages/com.unity.render-pipelines.universal/ShaderLibrary/Deprecated.hlsl - Importer: ScriptedImporter/UnityEditor.QuickSearchModule:UnityEditor.Search:ASIAI0B
Importing 'GUID: 9802e36ef1c38064d9bcd7bf2e01cccb - Path: Packages/com.unity.render-pipelines.universal/ShaderLibrary/Deprecated.hlsl - Importer: ScriptedImporter/UnityEditor.QuickSearchModule:UnityEditor.Search:ASIAI0B' with importer (ScriptedImporter : UnityEditor.QuickSearchModule:UnityEditor.Search:ASIAI0B)
Imported 'GUID: 9802e36ef1c38064d9bcd7bf2e01cccb' -> (Import Result ID: '7f6af05df39afff223d6ced4275bd5b5') in 0.002 seconds [static and dynamic dependencies]. Details - ImportResultOutputID=73a26302e4635c991a633ef557d65bbf DependenciesID=49445816f4f359b8871f55600090fb53 StaticDependenciesID=5c40305280df9da52206736eca4da067 
Number of updated asset objects reloaded before import = 0
Number of asset objects unloaded after import = 1
========================================================================
Received Import Request.
  Time of request: 2026-08-05T18:44:51.4204504Z
  Time since last request: 0.0001703 seconds.
  importAddress: GUID: 6db8433897838284fa5c7571f3088db8 - Path: Packages/com.unity.render-pipelines.universal/ShaderLibrary/DeclareRenderingLayerTexture.hlsl - Importer: ScriptedImporter/UnityEditor.QuickSearchModule:UnityEditor.Search:ASIAI0B
Importing 'GUID: 6db8433897838284fa5c7571f3088db8 - Path: Packages/com.unity.render-pipelines.universal/ShaderLibrary/DeclareRenderingLayerTexture.hlsl - Importer: ScriptedImporter/UnityEditor.QuickSearchModule:UnityEditor.Search:ASIAI0B' with importer (ScriptedImporter : UnityEditor.QuickSearchModule:UnityEditor.Search:ASIAI0B)
Imported 'GUID: 6db8433897838284fa5c7571f3088db8' -> (Import Result ID: '0305ba8b1dc25200f0f3bab06d659ab6') in 0.008 seconds [static and dynamic dependencies]. Details - ImportResultOutputID=af1b35d831bbc891a717437b91148acc DependenciesID=b3e565c3902fe1b736222fb0d78996e2 StaticDependenciesID=93c56f9ed52447933da36871b90ecb58 
Number of updated asset objects reloaded before import = 0
Number of asset objects unloaded after import = 1
========================================================================
Received Import Request.
  Time of request: 2026-08-05T18:44:51.437645Z
  Time since last request: 0.0002597 seconds.
  importAddress: GUID: 6564342aa7c6ca44a86b97323a311d74 - Path: Packages/com.unity.render-pipelines.universal/ShaderLibrary/UnityInput.hlsl - Importer: ScriptedImporter/UnityEditor.QuickSearchModule:UnityEditor.Search:ASIAI0B
Importing 'GUID: 6564342aa7c6ca44a86b97323a311d74 - Path: Packages/com.unity.render-pipelines.universal/ShaderLibrary/UnityInput.hlsl - Importer: ScriptedImporter/UnityEditor.QuickSearchModule:UnityEditor.Search:ASIAI0B' with importer (ScriptedImporter : UnityEditor.QuickSearchModule:UnityEditor.Search:ASIAI0B)
Imported 'GUID: 6564342aa7c6ca44a86b97323a311d74' -> (Import Result ID: '3cae24d1e281992a4f2a219b26a3f56a') in 0.002 seconds [static and dynamic dependencies]. Details - ImportResultOutputID=5a9292bb203f7d80d0dec03a41507ffa DependenciesID=1a24795099463021f605304eab3963bf StaticDependenciesID=7f9088524c94b69994986c268006a357 
Number of updated asset objects reloaded before import = 0
Number of asset objects unloaded after import = 1
========================================================================
Received Import Request.
  Time of request: 2026-08-05T18:44:51.4480041Z
  Time since last request: 0.0002551 seconds.
  importAddress: GUID: 2bf17b1d7445af843ad939d7527d8938 - Path: Packages/com.unity.render-pipelines.universal/Shaders/FullscreenInvertColorsTemplate.png - Importer: ScriptedImporter/UnityEditor.QuickSearchModule:UnityEditor.Search:ASIAI0B
Importing 'GUID: 2bf17b1d7445af843ad939d7527d8938 - Path: Packages/com.unity.render-pipelines.universal/Shaders/FullscreenInvertColorsTemplate.png - Importer: ScriptedImporter/UnityEditor.QuickSearchModule:UnityEditor.Search:ASIAI0B' with importer (ScriptedImporter : UnityEditor.QuickSearchModule:UnityEditor.Search:ASIAI0B)
Imported 'GUID: 2bf17b1d7445af843ad939d7527d8938' -> (Import Result ID: '44003f867e818607a643d0743372df4b') in 0.012 seconds [static and dynamic dependencies]. Details - ImportResultOutputID=309b5190bab938e07991a823a3803519 DependenciesID=cc753372ac6357db0f02eef21bd0337d StaticDependenciesID=f976b183df7032e52f5e4837bf4084c2 
Number of updated asset objects reloaded before import = 0
Number of asset objects unloaded after import = 1
========================================================================
Received Import Request.
  Time of request: 2026-08-05T18:44:51.4666823Z
  Time since last request: 0.0002108 seconds.
  importAddress: GUID: 29619926ce55c944aa978fe5e07cc3db - Path: Packages/com.unity.render-pipelines.universal/ShaderLibrary/DeclareOpaqueTexture.hlsl - Importer: ScriptedImporter/UnityEditor.QuickSearchModule:UnityEditor.Search:ASIAI0B
Importing 'GUID: 29619926ce55c944aa978fe5e07cc3db - Path: Packages/com.unity.render-pipelines.universal/ShaderLibrary/DeclareOpaqueTexture.hlsl - Importer: ScriptedImporter/UnityEditor.QuickSearchModule:UnityEditor.Search:ASIAI0B' with importer (ScriptedImporter : UnityEditor.QuickSearchModule:UnityEditor.Search:ASIAI0B)
Imported 'GUID: 29619926ce55c944aa978fe5e07cc3db' -> (Import Result ID: '3671589fcd1e6963afc0c1f3a2104855') in 0.002 seconds [static and dynamic dependencies]. Details - ImportResultOutputID=c81adc33cd6af2ffa6464a3c3c1c59ec DependenciesID=f512aa1f988bd79f33d863a940ac7e6e StaticDependenciesID=c56e8b6b546253e2f60cf8c0cdd51f7e 
Number of updated asset objects reloaded before import = 0
Number of asset objects unloaded after import = 1
========================================================================
Received Import Request.
  Time of request: 2026-08-05T18:44:51.47633Z
  Time since last request: 0.0002679 seconds.
  importAddress: GUID: a8db2eae5ac4548a683f17e8c528c05c - Path: Packages/com.unity.render-pipelines.universal/ShaderLibrary/ShaderVariablesFunctions.hlsl - Importer: ScriptedImporter/UnityEditor.QuickSearchModule:UnityEditor.Search:ASIAI0B
Importing 'GUID: a8db2eae5ac4548a683f17e8c528c05c - Path: Packages/com.unity.render-pipelines.universal/ShaderLibrary/ShaderVariablesFunctions.hlsl - Importer: ScriptedImporter/UnityEditor.QuickSearchModule:UnityEditor.Search:ASIAI0B' with importer (ScriptedImporter : UnityEditor.QuickSearchModule:UnityEditor.Search:ASIAI0B)
Imported 'GUID: a8db2eae5ac4548a683f17e8c528c05c' -> (Import Result ID: '0e5fd86b8cec17f1f442557b797091b3') in 0.002 seconds [static and dynamic dependencies]. Details - ImportResultOutputID=5b4b48cc89a88c18705a09ae43959fcd DependenciesID=6c50b9fa4eb67c6ce8d73de0f88bdc36 StaticDependenciesID=5167a3e512228fb27495c53ae9bead22 
Number of updated asset objects reloaded before import = 0
Number of asset objects unloaded after import = 1
========================================================================
Received Import Request.
  Time of request: 2026-08-05T18:44:51.4856192Z
  Time since last request: 0.0002469 seconds.
  importAddress: GUID: 726f208616c14aa6a29cfa28e9f028dd - Path: Packages/com.unity.render-pipelines.universal/ShaderLibrary/UnityGBuffer.deprecated.hlsl - Importer: ScriptedImporter/UnityEditor.QuickSearchModule:UnityEditor.Search:ASIAI0B
Importing 'GUID: 726f208616c14aa6a29cfa28e9f028dd - Path: Packages/com.unity.render-pipelines.universal/ShaderLibrary/UnityGBuffer.deprecated.hlsl - Importer: ScriptedImporter/UnityEditor.QuickSearchModule:UnityEditor.Search:ASIAI0B' with importer (ScriptedImporter : UnityEditor.QuickSearchModule:UnityEditor.Search:ASIAI0B)
Imported 'GUID: 726f208616c14aa6a29cfa28e9f028dd' -> (Import Result ID: '8ded4742c00e812a2b50ff047ee01d23') in 0.007 seconds [static and dynamic dependencies]. Details - ImportResultOutputID=b6baace9699237ceea7b85ecf89d44b2 DependenciesID=9da9162006779bb8b1e67cbe122484d4 StaticDependenciesID=8c91e06625070dd506df555713fc7a8a 
Number of updated asset objects reloaded before import = 0
Number of asset objects unloaded after import = 1
========================================================================
Received Import Request.
  Time of request: 2026-08-05T18:44:51.5048381Z
  Time since last request: 0.0055525 seconds.
  importAddress: GUID: a63ccbef6bed14464a35b8a62ee9b775 - Path: Packages/com.unity.render-pipelines.universal/Shaders/SimpleLitDepthNormalsPass.hlsl - Importer: ScriptedImporter/UnityEditor.QuickSearchModule:UnityEditor.Search:ASIAI0B
Importing 'GUID: a63ccbef6bed14464a35b8a62ee9b775 - Path: Packages/com.unity.render-pipelines.universal/Shaders/SimpleLitDepthNormalsPass.hlsl - Importer: ScriptedImporter/UnityEditor.QuickSearchModule:UnityEditor.Search:ASIAI0B' with importer (ScriptedImporter : UnityEditor.QuickSearchModule:UnityEditor.Search:ASIAI0B)
Imported 'GUID: a63ccbef6bed14464a35b8a62ee9b775' -> (Import Result ID: '40ff7010e9ea11ace717245082b3ab9d') in 0.007 seconds [static and dynamic dependencies]. Details - ImportResultOutputID=6513277dbdc33914356c9724548902e6 DependenciesID=3598581d45dbcd14e8b9264d5093ef0c StaticDependenciesID=a24d203f5830fd1d0704b769402d9d5e 
Number of updated asset objects reloaded before import = 0
Number of asset objects unloaded after import = 1
========================================================================
Received Import Request.
  Time of request: 2026-08-05T18:44:51.5194616Z
  Time since last request: 0.0004288 seconds.
  importAddress: GUID: ad863d097888f42c6bcf419efb2946c5 - Path: Packages/com.unity.render-pipelines.universal/Shaders/SimpleLitInput.hlsl - Importer: ScriptedImporter/UnityEditor.QuickSearchModule:UnityEditor.Search:ASIAI0B
Importing 'GUID: ad863d097888f42c6bcf419efb2946c5 - Path: Packages/com.unity.render-pipelines.universal/Shaders/SimpleLitInput.hlsl - Importer: ScriptedImporter/UnityEditor.QuickSearchModule:UnityEditor.Search:ASIAI0B' with importer (ScriptedImporter : UnityEditor.QuickSearchModule:UnityEditor.Search:ASIAI0B)
Imported 'GUID: ad863d097888f42c6bcf419efb2946c5' -> (Import Result ID: '6d186d6e32519e962e465a5c255d3608') in 0.008 seconds [static and dynamic dependencies]. Details - ImportResultOutputID=ad0f72675d8eee268592d63d1530a869 DependenciesID=ea80674979c89acfa5f0f9012aae8293 StaticDependenciesID=d1961569d2a8454d2c159df2253ac518 
Number of updated asset objects reloaded before import = 0
Number of asset objects unloaded after import = 1
========================================================================
Received Import Request.
  Time of request: 2026-08-05T18:44:51.5349207Z
  Time since last request: 0.0002216 seconds.
  importAddress: GUID: 2a4aae3b1d854784897c1039b8168a08 - Path: Packages/com.unity.render-pipelines.universal/Editor/Camera/UniversalRenderPipelineCameraUI.Environment.Skin.cs - Importer: ScriptedImporter/UnityEditor.QuickSearchModule:UnityEditor.Search:ASIAI0B
Importing 'GUID: 2a4aae3b1d854784897c1039b8168a08 - Path: Packages/com.unity.render-pipelines.universal/Editor/Camera/UniversalRenderPipelineCameraUI.Environment.Skin.cs - Importer: ScriptedImporter/UnityEditor.QuickSearchModule:UnityEditor.Search:ASIAI0B' with importer (ScriptedImporter : UnityEditor.QuickSearchModule:UnityEditor.Search:ASIAI0B)
Imported 'GUID: 2a4aae3b1d854784897c1039b8168a08' -> (Import Result ID: 'fb08880ec19c4876b585ebcf0b9ec981') in 0.002 seconds [static and dynamic dependencies]. Details - ImportResultOutputID=8f263922913cf805c8fa2749454c31f5 DependenciesID=906243c04765b630e3165b8edf3e3e9e StaticDependenciesID=4bf51fea17270eeeccbfa23772bc049a 
Number of updated asset objects reloaded before import = 0
Number of asset objects unloaded after import = 0
========================================================================
Received Import Request.
  Time of request: 2026-08-05T18:44:51.5445906Z
  Time since last request: 0.0005071 seconds.
  importAddress: GUID: dcc213569e3849641896accd4ad61e24 - Path: Packages/com.unity.render-pipelines.universal/Editor/Camera/UniversalRenderPipelineCameraUI.Output.Skin.cs - Importer: ScriptedImporter/UnityEditor.QuickSearchModule:UnityEditor.Search:ASIAI0B
Importing 'GUID: dcc213569e3849641896accd4ad61e24 - Path: Packages/com.unity.render-pipelines.universal/Editor/Camera/UniversalRenderPipelineCameraUI.Output.Skin.cs - Importer: ScriptedImporter/UnityEditor.QuickSearchModule:UnityEditor.Search:ASIAI0B' with importer (ScriptedImporter : UnityEditor.QuickSearchModule:UnityEditor.Search:ASIAI0B)
Imported 'GUID: dcc213569e3849641896accd4ad61e24' -> (Import Result ID: 'a248065cadecafd63ccbdd252024c10c') in 0.002 seconds [static and dynamic dependencies]. Details - ImportResultOutputID=49f2ff4392dd0e70e2fb5fe94de3b516 DependenciesID=8895cfe76e8aa029c0162ed02e30ab7b StaticDependenciesID=ffdb16d60037bba68f10cdef1d6ca838 
Number of updated asset objects reloaded before import = 0
Number of asset objects unloaded after import = 0
========================================================================
Received Import Request.
  Time of request: 2026-08-05T18:44:51.5545808Z
  Time since last request: 0.0002706 seconds.
  importAddress: GUID: 116bd973269b9f741b7177c8523b9e50 - Path: Packages/com.unity.render-pipelines.universal/Shaders/LitForwardPass.hlsl - Importer: ScriptedImporter/UnityEditor.QuickSearchModule:UnityEditor.Search:ASIAI0B
Importing 'GUID: 116bd973269b9f741b7177c8523b9e50 - Path: Packages/com.unity.render-pipelines.universal/Shaders/LitForwardPass.hlsl - Importer: ScriptedImporter/UnityEditor.QuickSearchModule:UnityEditor.Search:ASIAI0B' with importer (ScriptedImporter : UnityEditor.QuickSearchModule:UnityEditor.Search:ASIAI0B)
Imported 'GUID: 116bd973269b9f741b7177c8523b9e50' -> (Import Result ID: '360513c2b399edadc2e9cb12aa65c6b4') in 0.009 seconds [static and dynamic dependencies]. Details - ImportResultOutputID=73582d08c28061de76f5400db30a8ef7 DependenciesID=503fadd3d8acfa94f18dd82e8d2802dc StaticDependenciesID=a6b5b4312199736dde06e5a66d08a03d 
Number of updated asset objects reloaded before import = 0
Number of asset objects unloaded after import = 1
========================================================================
Received Import Request.
  Time of request: 2026-08-05T18:44:51.5722668Z
  Time since last request: 0.0002738 seconds.
  importAddress: GUID: c127048d39dbf5f4b849798e17e03862 - Path: Packages/com.unity.render-pipelines.universal/Editor/AssetPostProcessors/AutodeskInteractiveMaterialImport.cs - Importer: ScriptedImporter/UnityEditor.QuickSearchModule:UnityEditor.Search:ASIAI0B
Importing 'GUID: c127048d39dbf5f4b849798e17e03862 - Path: Packages/com.unity.render-pipelines.universal/Editor/AssetPostProcessors/AutodeskInteractiveMaterialImport.cs - Importer: ScriptedImporter/UnityEditor.QuickSearchModule:UnityEditor.Search:ASIAI0B' with importer (ScriptedImporter : UnityEditor.QuickSearchModule:UnityEditor.Search:ASIAI0B)
Imported 'GUID: c127048d39dbf5f4b849798e17e03862' -> (Import Result ID: '260b9f2912f1609dd6512cea310d2f4c') in 0.002 seconds [static and dynamic dependencies]. Details - ImportResultOutputID=80790c65d41a9034c6042272453cb268 DependenciesID=bc837096b98a24454ea20fb0d8e55b11 StaticDependenciesID=c583643a2f499ed933ece4eef2690893 
Number of updated asset objects reloaded before import = 0
Number of asset objects unloaded after import = 0
========================================================================
Received Import Request.
  Time of request: 2026-08-05T18:44:51.5818182Z
  Time since last request: 0.000238 seconds.
  importAddress: GUID: f9ee4ed84c1d10c49aabb9b210b0fc44 - Path: Packages/com.unity.render-pipelines.universal/Textures/BayerMatrix.png - Importer: ScriptedImporter/UnityEditor.QuickSearchModule:UnityEditor.Search:ASIAI0B
Importing 'GUID: f9ee4ed84c1d10c49aabb9b210b0fc44 - Path: Packages/com.unity.render-pipelines.universal/Textures/BayerMatrix.png - Importer: ScriptedImporter/UnityEditor.QuickSearchModule:UnityEditor.Search:ASIAI0B' with importer (ScriptedImporter : UnityEditor.QuickSearchModule:UnityEditor.Search:ASIAI0B)
Imported 'GUID: f9ee4ed84c1d10c49aabb9b210b0fc44' -> (Import Result ID: '3951ec3264eb199e8921be4a6f3fc418') in 0.004 seconds [static and dynamic dependencies]. Details - ImportResultOutputID=af28138b814368c6b0cb6c9311a84862 DependenciesID=24dc25dc1f7f7bf21935c30ff86f04aa StaticDependenciesID=2533f0913a09b09cac8d864cba60ad73 
Number of updated asset objects reloaded before import = 0
Number of asset objects unloaded after import = 1
========================================================================
Received Import Request.
  Time of request: 2026-08-05T18:44:51.605192Z
  Time since last request: 0.0124956 seconds.
  importAddress: GUID: 51493ed8d97d3c24b94c6cffe834630b - Path: Packages/com.unity.render-pipelines.universal/Editor/ScriptTemplates/ScriptableRendererFeature.txt - Importer: ScriptedImporter/UnityEditor.QuickSearchModule:UnityEditor.Search:ASIAI0B
Importing 'GUID: 51493ed8d97d3c24b94c6cffe834630b - Path: Packages/com.unity.render-pipelines.universal/Editor/ScriptTemplates/ScriptableRendererFeature.txt - Importer: ScriptedImporter/UnityEditor.QuickSearchModule:UnityEditor.Search:ASIAI0B' with importer (ScriptedImporter : UnityEditor.QuickSearchModule:UnityEditor.Search:ASIAI0B)
Imported 'GUID: 51493ed8d97d3c24b94c6cffe834630b' -> (Import Result ID: '20dd7a15f1094370377081fcd1ae4cd4') in 0.008 seconds [static and dynamic dependencies]. Details - ImportResultOutputID=28a1513fa075ac41467f19e1cf880eb1 DependenciesID=a45f989a2a452e6c71790e6566752507 StaticDependenciesID=607927c578cd732e85555b6349cac349 
Number of updated asset objects reloaded before import = 0
Number of asset objects unloaded after import = 1
========================================================================
Received Import Request.
  Time of request: 2026-08-05T18:44:51.6204924Z
  Time since last request: 0.0003006 seconds.
  importAddress: GUID: e3c6759aa8004ae458959d7fe48d6a74 - Path: Packages/com.unity.render-pipelines.universal/Editor/Gizmos/Camera_UI.png - Importer: ScriptedImporter/UnityEditor.QuickSearchModule:UnityEditor.Search:ASIAI0B
Importing 'GUID: e3c6759aa8004ae458959d7fe48d6a74 - Path: Packages/com.unity.render-pipelines.universal/Editor/Gizmos/Camera_UI.png - Importer: ScriptedImporter/UnityEditor.QuickSearchModule:UnityEditor.Search:ASIAI0B' with importer (ScriptedImporter : UnityEditor.QuickSearchModule:UnityEditor.Search:ASIAI0B)
Imported 'GUID: e3c6759aa8004ae458959d7fe48d6a74' -> (Import Result ID: '043e057e035a31a534385f74bb08c549') in 0.010 seconds [static and dynamic dependencies]. Details - ImportResultOutputID=9b8feac24a2b79c30735bb8ee95664d3 DependenciesID=07d110c6c5203dc43d6b9a7166a596e6 StaticDependenciesID=dd65404cd49feda4b3661d457833161e 
Number of updated asset objects reloaded before import = 0
Number of asset objects unloaded after import = 1
========================================================================
Received Import Request.
  Time of request: 2026-08-05T18:44:51.6379202Z
  Time since last request: 0.0002092 seconds.
  importAddress: GUID: 247994e1f5a72c2419c26a37e9334c01 - Path: Packages/com.unity.render-pipelines.universal/Editor/DefaultScene/UniversalProjectSettings.cs - Importer: ScriptedImporter/UnityEditor.QuickSearchModule:UnityEditor.Search:ASIAI0B
Importing 'GUID: 247994e1f5a72c2419c26a37e9334c01 - Path: Packages/com.unity.render-pipelines.universal/Editor/DefaultScene/UniversalProjectSettings.cs - Importer: ScriptedImporter/UnityEditor.QuickSearchModule:UnityEditor.Search:ASIAI0B' with importer (ScriptedImporter : UnityEditor.QuickSearchModule:UnityEditor.Search:ASIAI0B)
Imported 'GUID: 247994e1f5a72c2419c26a37e9334c01' -> (Import Result ID: '889ed8addb4f661aa43e055247fcb170') in 0.003 seconds [static and dynamic dependencies]. Details - ImportResultOutputID=bbcd3c131b50076c2970cb66859c2a22 DependenciesID=b495f38f2a6cc0d8e1006a08c9662b8e StaticDependenciesID=3448c27597afac1bd18cbb6e3db13ab3 
Number of updated asset objects reloaded before import = 0
Number of asset objects unloaded after import = 0
========================================================================
Received Import Request.
  Time of request: 2026-08-05T18:44:51.6499499Z
  Time since last request: 0.0003012 seconds.
  importAddress: GUID: 429f93c4cd082064ca7756102c7359ea - Path: Packages/com.unity.render-pipelines.universal/Editor/Overrides/TonemappingEditor.cs - Importer: ScriptedImporter/UnityEditor.QuickSearchModule:UnityEditor.Search:ASIAI0B
Importing 'GUID: 429f93c4cd082064ca7756102c7359ea - Path: Packages/com.unity.render-pipelines.universal/Editor/Overrides/TonemappingEditor.cs - Importer: ScriptedImporter/UnityEditor.QuickSearchModule:UnityEditor.Search:ASIAI0B' with importer (ScriptedImporter : UnityEditor.QuickSearchModule:UnityEditor.Search:ASIAI0B)
Imported 'GUID: 429f93c4cd082064ca7756102c7359ea' -> (Import Result ID: 'c0c6999e8a388894f6f87d4fae5d4ab0') in 0.002 seconds [static and dynamic dependencies]. Details - ImportResultOutputID=9300bc241ae23c879b4fcf3e9172bae2 DependenciesID=a77168a3284559ab22189f0859911a8e StaticDependenciesID=1094ce42983478acc9fe5e3328646278 
Number of updated asset objects reloaded before import = 0
Number of asset objects unloaded after import = 0
========================================================================
Received Import Request.
  Time of request: 2026-08-05T18:44:51.6599149Z
  Time since last request: 0.0002508 seconds.
  importAddress: GUID: c91e96badf0e2d4439afbed8e4befceb - Path: Packages/com.unity.render-pipelines.universal/Editor/Decal/DecalProjectorEditor.Skin.cs - Importer: ScriptedImporter/UnityEditor.QuickSearchModule:UnityEditor.Search:ASIAI0B
Importing 'GUID: c91e96badf0e2d4439afbed8e4befceb - Path: Packages/com.unity.render-pipelines.universal/Editor/Decal/DecalProjectorEditor.Skin.cs - Importer: ScriptedImporter/UnityEditor.QuickSearchModule:UnityEditor.Search:ASIAI0B' with importer (ScriptedImporter : UnityEditor.QuickSearchModule:UnityEditor.Search:ASIAI0B)
Imported 'GUID: c91e96badf0e2d4439afbed8e4befceb' -> (Import Result ID: '6236caee4f7f6c31ffed30a9aa0e1d42') in 0.002 seconds [static and dynamic dependencies]. Details - ImportResultOutputID=a1b410d2789b4cba2037cd310c7c240c DependenciesID=76b3c9113cb074d6e756473418cc0921 StaticDependenciesID=538f9da32389b4476b784950c301299a 
Number of updated asset objects reloaded before import = 0
Number of asset objects unloaded after import = 0
========================================================================
Received Import Request.
  Time of request: 2026-08-05T18:44:51.668973Z
  Time since last request: 0.0002938 seconds.
  importAddress: GUID: 1a8cdd2e9d2eeaf4e956e5592d5d0278 - Path: Packages/com.unity.render-pipelines.universal/Editor/Lighting/UniversalRenderPipelineLightUI.Drawers.cs - Importer: ScriptedImporter/UnityEditor.QuickSearchModule:UnityEditor.Search:ASIAI0B
Importing 'GUID: 1a8cdd2e9d2eeaf4e956e5592d5d0278 - Path: Packages/com.unity.render-pipelines.universal/Editor/Lighting/UniversalRenderPipelineLightUI.Drawers.cs - Importer: ScriptedImporter/UnityEditor.QuickSearchModule:UnityEditor.Search:ASIAI0B' with importer (ScriptedImporter : UnityEditor.QuickSearchModule:UnityEditor.Search:ASIAI0B)
Imported 'GUID: 1a8cdd2e9d2eeaf4e956e5592d5d0278' -> (Import Result ID: '076f3bc8c84d5c3b38c26c2f1b9a67c3') in 0.002 seconds [static and dynamic dependencies]. Details - ImportResultOutputID=b8ffa29d72a587edbefe773df7948f6d DependenciesID=45753c93732bb487332a3988a020df54 StaticDependenciesID=3500614f8691d0223009a34f6a19f644 
Number of updated asset objects reloaded before import = 0
Number of asset objects unloaded after import = 0
========================================================================
Received Import Request.
  Time of request: 2026-08-05T18:44:51.6788403Z
  Time since last request: 0.0004441 seconds.
  importAddress: GUID: a5714328aff96462894a2e15ecb5d503 - Path: Packages/com.unity.render-pipelines.universal/Editor/RendererFeatures/RenderObjectsPassFeatureEditor.cs - Importer: ScriptedImporter/UnityEditor.QuickSearchModule:UnityEditor.Search:ASIAI0B
Importing 'GUID: a5714328aff96462894a2e15ecb5d503 - Path: Packages/com.unity.render-pipelines.universal/Editor/RendererFeatures/RenderObjectsPassFeatureEditor.cs - Importer: ScriptedImporter/UnityEditor.QuickSearchModule:UnityEditor.Search:ASIAI0B' with importer (ScriptedImporter : UnityEditor.QuickSearchModule:UnityEditor.Search:ASIAI0B)
Imported 'GUID: a5714328aff96462894a2e15ecb5d503' -> (Import Result ID: 'b69bebb304e73eed56e3b4b822762abf') in 0.003 seconds [static and dynamic dependencies]. Details - ImportResultOutputID=c7e7296d0ab8a9dbb0af4013ecb21df5 DependenciesID=2c883ecfecaf42f4ac1f3bff026808ab StaticDependenciesID=8397b4379a77b84bc7a5f45527228bdd 
Number of updated asset objects reloaded before import = 0
Number of asset objects unloaded after import = 0
========================================================================
Received Import Request.
  Time of request: 2026-08-05T18:44:51.6917505Z
  Time since last request: 0.0002112 seconds.
  importAddress: GUID: e4470a4bb8b24974a828f392bdcd4d0d - Path: Packages/com.unity.render-pipelines.universal/Editor/Decal/DecalShaderGraphGUI.cs - Importer: ScriptedImporter/UnityEditor.QuickSearchModule:UnityEditor.Search:ASIAI0B
Importing 'GUID: e4470a4bb8b24974a828f392bdcd4d0d - Path: Packages/com.unity.render-pipelines.universal/Editor/Decal/DecalShaderGraphGUI.cs - Importer: ScriptedImporter/UnityEditor.QuickSearchModule:UnityEditor.Search:ASIAI0B' with importer (ScriptedImporter : UnityEditor.QuickSearchModule:UnityEditor.Search:ASIAI0B)
Imported 'GUID: e4470a4bb8b24974a828f392bdcd4d0d' -> (Import Result ID: '0d2f3631c9c9e5e4d1ce3579b67c6876') in 0.002 seconds [static and dynamic dependencies]. Details - ImportResultOutputID=326bb6ba8aed9933e24b8b0fffe53739 DependenciesID=0d09966e2641974201663b6203523015 StaticDependenciesID=577ee9d3aee31cbc739e08ac507c972c 
Number of updated asset objects reloaded before import = 0
Number of asset objects unloaded after import = 0
========================================================================
Received Import Request.
  Time of request: 2026-08-05T18:44:51.7554433Z
  Time since last request: 0.0536081 seconds.
  importAddress: GUID: eb5fc605d29533f408188a3955e8c926 - Path: Packages/com.unity.render-pipelines.universal/Editor/VFXGraph/VFXURPLitPlanarPrimitiveOutput.cs - Importer: ScriptedImporter/UnityEditor.QuickSearchModule:UnityEditor.Search:ASIAI0B
Importing 'GUID: eb5fc605d29533f408188a3955e8c926 - Path: Packages/com.unity.render-pipelines.universal/Editor/VFXGraph/VFXURPLitPlanarPrimitiveOutput.cs - Importer: ScriptedImporter/UnityEditor.QuickSearchModule:UnityEditor.Search:ASIAI0B' with importer (ScriptedImporter : UnityEditor.QuickSearchModule:UnityEditor.Search:ASIAI0B)
Imported 'GUID: eb5fc605d29533f408188a3955e8c926' -> (Import Result ID: '82eab9dbebf132d5563b9ea92dd9212e') in 0.003 seconds [static and dynamic dependencies]. Details - ImportResultOutputID=e44dd4ccb3fa7aa2bea13fe7f9883781 DependenciesID=0c4c87f96b095ddde6414c45b08638a3 StaticDependenciesID=29679ddec9d6e57d3bbb1c999d4b30b7 
Number of updated asset objects reloaded before import = 0
Number of asset objects unloaded after import = 0
========================================================================
Received Import Request.
  Time of request: 2026-08-05T18:44:51.7673128Z
  Time since last request: 0.0002622 seconds.
  importAddress: GUID: 2b54c0ca113574ce495f3b706648b6d0 - Path: Packages/com.unity.render-pipelines.universal/Editor/ShaderGUI/ParticleGUI.cs - Importer: ScriptedImporter/UnityEditor.QuickSearchModule:UnityEditor.Search:ASIAI0B
Importing 'GUID: 2b54c0ca113574ce495f3b706648b6d0 - Path: Packages/com.unity.render-pipelines.universal/Editor/ShaderGUI/ParticleGUI.cs - Importer: ScriptedImporter/UnityEditor.QuickSearchModule:UnityEditor.Search:ASIAI0B' with importer (ScriptedImporter : UnityEditor.QuickSearchModule:UnityEditor.Search:ASIAI0B)
Imported 'GUID: 2b54c0ca113574ce495f3b706648b6d0' -> (Import Result ID: '7249eb03d774f6033c8859babedc40a4') in 0.002 seconds [static and dynamic dependencies]. Details - ImportResultOutputID=b2f200c9de7f776de6948ab09a173902 DependenciesID=f8a1ab20bae8167acce330d77474e9c9 StaticDependenciesID=54f48472f38d5808ef3dcda4200a9741 
Number of updated asset objects reloaded before import = 0
Number of asset objects unloaded after import = 0
========================================================================
Received Import Request.
  Time of request: 2026-08-05T18:44:51.7762826Z
  Time since last request: 0.0001851 seconds.
  importAddress: GUID: 893e125e5d746cf4aaaf5f9a269a1f56 - Path: Packages/com.unity.render-pipelines.universal/Editor/VFXGraph/VFXAbstractParticleURPLitOutput.cs - Importer: ScriptedImporter/UnityEditor.QuickSearchModule:UnityEditor.Search:ASIAI0B
Importing 'GUID: 893e125e5d746cf4aaaf5f9a269a1f56 - Path: Packages/com.unity.render-pipelines.universal/Editor/VFXGraph/VFXAbstractParticleURPLitOutput.cs - Importer: ScriptedImporter/UnityEditor.QuickSearchModule:UnityEditor.Search:ASIAI0B' with importer (ScriptedImporter : UnityEditor.QuickSearchModule:UnityEditor.Search:ASIAI0B)
Imported 'GUID: 893e125e5d746cf4aaaf5f9a269a1f56' -> (Import Result ID: 'bcffb5584b7651578e3d6c7690a0b771') in 0.003 seconds [static and dynamic dependencies]. Details - ImportResultOutputID=0a1fec0555685436b0f2a84c030b00d9 DependenciesID=bb302904601d98e89ec03d6e596ba391 StaticDependenciesID=f9925093be79c6857120a27bbd22ecaa 
Number of updated asset objects reloaded before import = 0
Number of asset objects unloaded after import = 0
========================================================================
Received Import Request.
  Time of request: 2026-08-05T18:44:51.786504Z
  Time since last request: 0.0002576 seconds.
  importAddress: GUID: 154f2df7349f45fa897e03ab12ec09b4 - Path: Packages/com.unity.render-pipelines.universal/Runtime/FrameData/UniversalPostProcessingData.cs - Importer: ScriptedImporter/UnityEditor.QuickSearchModule:UnityEditor.Search:ASIAI0B
Importing 'GUID: 154f2df7349f45fa897e03ab12ec09b4 - Path: Packages/com.unity.render-pipelines.universal/Runtime/FrameData/UniversalPostProcessingData.cs - Importer: ScriptedImporter/UnityEditor.QuickSearchModule:UnityEditor.Search:ASIAI0B' with importer (ScriptedImporter : UnityEditor.QuickSearchModule:UnityEditor.Search:ASIAI0B)
Imported 'GUID: 154f2df7349f45fa897e03ab12ec09b4' -> (Import Result ID: '3ef2080ec61c7f6b89b459ca881e15eb') in 0.002 seconds [static and dynamic dependencies]. Details - ImportResultOutputID=e15b6ffd9c63fd5c0cbf528453f71da8 DependenciesID=1e772d1b0b0eb625e08e428b59290fed StaticDependenciesID=6c43d8fab58176df23996621bfb50fe2 
Number of updated asset objects reloaded before import = 0
Number of asset objects unloaded after import = 0
========================================================================
Received Import Request.
  Time of request: 2026-08-05T18:44:51.7978158Z
  Time since last request: 0.0003981 seconds.
  importAddress: GUID: 3b77405e9fadb4c408bbf830f615ce99 - Path: Packages/com.unity.render-pipelines.universal/Editor/Terrain/TerrainPassDefine.template.hlsl - Importer: ScriptedImporter/UnityEditor.QuickSearchModule:UnityEditor.Search:ASIAI0B
Importing 'GUID: 3b77405e9fadb4c408bbf830f615ce99 - Path: Packages/com.unity.render-pipelines.universal/Editor/Terrain/TerrainPassDefine.template.hlsl - Importer: ScriptedImporter/UnityEditor.QuickSearchModule:UnityEditor.Search:ASIAI0B' with importer (ScriptedImporter : UnityEditor.QuickSearchModule:UnityEditor.Search:ASIAI0B)
Imported 'GUID: 3b77405e9fadb4c408bbf830f615ce99' -> (Import Result ID: '6c6a878b983e1f652e0ebb4be8672d7b') in 0.007 seconds [static and dynamic dependencies]. Details - ImportResultOutputID=51d761a5454b8cec5c7da51c50f0c049 DependenciesID=a1d1a0bca540b3b018030941552ad592 StaticDependenciesID=6f618ecb9f424c83641c5058a789b017 
Number of updated asset objects reloaded before import = 0
Number of asset objects unloaded after import = 1
========================================================================
Received Import Request.
  Time of request: 2026-08-05T18:44:51.812641Z
  Time since last request: 0.000214 seconds.
  importAddress: GUID: 50139ce6dfc5481409cd02c43fbc842f - Path: Packages/com.unity.render-pipelines.universal/Runtime/2D/AssemblyInfo.cs - Importer: ScriptedImporter/UnityEditor.QuickSearchModule:UnityEditor.Search:ASIAI0B
Importing 'GUID: 50139ce6dfc5481409cd02c43fbc842f - Path: Packages/com.unity.render-pipelines.universal/Runtime/2D/AssemblyInfo.cs - Importer: ScriptedImporter/UnityEditor.QuickSearchModule:UnityEditor.Search:ASIAI0B' with importer (ScriptedImporter : UnityEditor.QuickSearchModule:UnityEditor.Search:ASIAI0B)
Imported 'GUID: 50139ce6dfc5481409cd02c43fbc842f' -> (Import Result ID: 'e2ac79502a051b235951d62429475cad') in 0.002 seconds [static and dynamic dependencies]. Details - ImportResultOutputID=5bc65079fb9fc2fa4a66387ef4036121 DependenciesID=e5a22cc087ec2059a4f6479b805b5504 StaticDependenciesID=9b326a84a8fd2306e230bbf66baaed57 
Number of updated asset objects reloaded before import = 0
Number of asset objects unloaded after import = 0
========================================================================
Received Import Request.
  Time of request: 2026-08-05T18:44:51.8222388Z
  Time since last request: 0.0002656 seconds.
  importAddress: GUID: 516a5277b8c3b4f4c8cc86b77b1591ff - Path: Packages/com.unity.render-pipelines.universal/Runtime/2D/Unity.RenderPipelines.Universal.2D.Runtime.asmdef - Importer: ScriptedImporter/UnityEditor.QuickSearchModule:UnityEditor.Search:ASIAI0B
Importing 'GUID: 516a5277b8c3b4f4c8cc86b77b1591ff - Path: Packages/com.unity.render-pipelines.universal/Runtime/2D/Unity.RenderPipelines.Universal.2D.Runtime.asmdef - Importer: ScriptedImporter/UnityEditor.QuickSearchModule:UnityEditor.Search:ASIAI0B' with importer (ScriptedImporter : UnityEditor.QuickSearchModule:UnityEditor.Search:ASIAI0B)
Imported 'GUID: 516a5277b8c3b4f4c8cc86b77b1591ff' -> (Import Result ID: '73722bb2c4b0db0081e61fdd4fa5bb7c') in 0.009 seconds [static and dynamic dependencies]. Details - ImportResultOutputID=d8a63d710ff8b844679088b9a4d571d8 DependenciesID=eb631a612b7e29d2dc004978ebd55867 StaticDependenciesID=b5185d6dae7a91163750f4549a2455dc 
Number of updated asset objects reloaded before import = 0
Number of asset objects unloaded after import = 1
========================================================================
Received Import Request.
  Time of request: 2026-08-05T18:44:51.8392869Z
  Time since last request: 0.000365 seconds.
  importAddress: GUID: fa2a3086b7ddca14ea5c28e7ff2aafd8 - Path: Packages/com.unity.render-pipelines.universal/Editor/UniversalRenderPipelineAsset/UniversalRenderPipelineAssetUI.Drawers.cs - Importer: ScriptedImporter/UnityEditor.QuickSearchModule:UnityEditor.Search:ASIAI0B
Importing 'GUID: fa2a3086b7ddca14ea5c28e7ff2aafd8 - Path: Packages/com.unity.render-pipelines.universal/Editor/UniversalRenderPipelineAsset/UniversalRenderPipelineAssetUI.Drawers.cs - Importer: ScriptedImporter/UnityEditor.QuickSearchModule:UnityEditor.Search:ASIAI0B' with importer (ScriptedImporter : UnityEditor.QuickSearchModule:UnityEditor.Search:ASIAI0B)
Imported 'GUID: fa2a3086b7ddca14ea5c28e7ff2aafd8' -> (Import Result ID: '5e9dd83447e4f2bd9d3c976e257d36b4') in 0.002 seconds [static and dynamic dependencies]. Details - ImportResultOutputID=e7edd4ca9afd4dbda49d515cd9452101 DependenciesID=ad5cccbf5bafcdf33c0689096364a995 StaticDependenciesID=d0028cd09c74e162dc53ee6de1502c55 
Number of updated asset objects reloaded before import = 0
Number of asset objects unloaded after import = 0
========================================================================
Received Import Request.
  Time of request: 2026-08-05T18:44:51.8603512Z
  Time since last request: 0.0115737 seconds.
  importAddress: GUID: 3e5bfeb218ab44b849bf614e7b230a7b - Path: Packages/com.unity.render-pipelines.universal/Runtime/History/SingleHistoryBase.cs - Importer: ScriptedImporter/UnityEditor.QuickSearchModule:UnityEditor.Search:ASIAI0B
Importing 'GUID: 3e5bfeb218ab44b849bf614e7b230a7b - Path: Packages/com.unity.render-pipelines.universal/Runtime/History/SingleHistoryBase.cs - Importer: ScriptedImporter/UnityEditor.QuickSearchModule:UnityEditor.Search:ASIAI0B' with importer (ScriptedImporter : UnityEditor.QuickSearchModule:UnityEditor.Search:ASIAI0B)
Imported 'GUID: 3e5bfeb218ab44b849bf614e7b230a7b' -> (Import Result ID: '1d98cff680fa99fa5cc43c9c06ed8e3c') in 0.003 seconds [static and dynamic dependencies]. Details - ImportResultOutputID=2257ed5abf97f990728b42ee7989815f DependenciesID=6c2c83265e4decab95573346350e1771 StaticDependenciesID=17014668b571f13c87e87d85b84834b6 
Number of updated asset objects reloaded before import = 0
Number of asset objects unloaded after import = 0
========================================================================
Received Import Request.
  Time of request: 2026-08-05T18:44:51.8704415Z
  Time since last request: 0.000632 seconds.
  importAddress: GUID: 9875a245ac49007498213638a307faa1 - Path: Packages/com.unity.render-pipelines.universal/Runtime/Materials/SpatialMappingWireframe.mat - Importer: ScriptedImporter/UnityEditor.QuickSearchModule:UnityEditor.Search:ASIAI0B
Importing 'GUID: 9875a245ac49007498213638a307faa1 - Path: Packages/com.unity.render-pipelines.universal/Runtime/Materials/SpatialMappingWireframe.mat - Importer: ScriptedImporter/UnityEditor.QuickSearchModule:UnityEditor.Search:ASIAI0B' with importer (ScriptedImporter : UnityEditor.QuickSearchModule:UnityEditor.Search:ASIAI0B)
Imported 'GUID: 9875a245ac49007498213638a307faa1' -> (Import Result ID: '5c7e1118f8930343a4b376e35d6b3fef') in 0.009 seconds [static and dynamic dependencies]. Details - ImportResultOutputID=f4398926208a76596c562b734f79dac8 DependenciesID=0e7b11c35b68b35215ddcb3105714435 StaticDependenciesID=87893862375aa4790d74c65cfa67fc70 
Number of updated asset objects reloaded before import = 0
Number of asset objects unloaded after import = 1
========================================================================
Received Import Request.
  Time of request: 2026-08-05T18:44:51.8870361Z
  Time since last request: 0.0002065 seconds.
  importAddress: GUID: 143650d3fc00425ebbb8b7ac9e5c3f78 - Path: Packages/com.unity.render-pipelines.universal/Runtime/Memory/Fixed2.cs - Importer: ScriptedImporter/UnityEditor.QuickSearchModule:UnityEditor.Search:ASIAI0B
Importing 'GUID: 143650d3fc00425ebbb8b7ac9e5c3f78 - Path: Packages/com.unity.render-pipelines.universal/Runtime/Memory/Fixed2.cs - Importer: ScriptedImporter/UnityEditor.QuickSearchModule:UnityEditor.Search:ASIAI0B' with importer (ScriptedImporter : UnityEditor.QuickSearchModule:UnityEditor.Search:ASIAI0B)
Imported 'GUID: 143650d3fc00425ebbb8b7ac9e5c3f78' -> (Import Result ID: '322699a4d5cf56d203399086ca0e5983') in 0.003 seconds [static and dynamic dependencies]. Details - ImportResultOutputID=e8c81d9dd949030a0c076aaabf32e045 DependenciesID=61d519fe8703ca0a06b168610b960e19 StaticDependenciesID=25b5126c2be3acbb59e3194b63b08cf0 
Number of updated asset objects reloaded before import = 0
Number of asset objects unloaded after import = 0
========================================================================
Received Import Request.
  Time of request: 2026-08-05T18:44:51.899073Z
  Time since last request: 0.0004665 seconds.
  importAddress: GUID: 66f335fb1ffd8684294ad653bf1c7564 - Path: Packages/com.unity.render-pipelines.universal/Runtime/Overrides/ColorAdjustments.cs - Importer: ScriptedImporter/UnityEditor.QuickSearchModule:UnityEditor.Search:ASIAI0B
Importing 'GUID: 66f335fb1ffd8684294ad653bf1c7564 - Path: Packages/com.unity.render-pipelines.universal/Runtime/Overrides/ColorAdjustments.cs - Importer: ScriptedImporter/UnityEditor.QuickSearchModule:UnityEditor.Search:ASIAI0B' with importer (ScriptedImporter : UnityEditor.QuickSearchModule:UnityEditor.Search:ASIAI0B)
Imported 'GUID: 66f335fb1ffd8684294ad653bf1c7564' -> (Import Result ID: '1095365bacc0514714d10e63f97f72fc') in 0.003 seconds [static and dynamic dependencies]. Details - ImportResultOutputID=d59e41e3e7260b4f28a31e17436b5120 DependenciesID=3b1120fb88ec3b9092695d8053d78741 StaticDependenciesID=50848a4bdd8dd20671df996efa62d36c 
Number of updated asset objects reloaded before import = 0
Number of asset objects unloaded after import = 0
========================================================================
Received Import Request.
  Time of request: 2026-08-05T18:44:51.9113925Z
  Time since last request: 0.0002379 seconds.
  importAddress: GUID: 31321ba15b8f8eb4c954353edc038b1d - Path: Packages/com.unity.render-pipelines.universal/Runtime/Materials/Lit.mat - Importer: ScriptedImporter/UnityEditor.QuickSearchModule:UnityEditor.Search:ASIAI0B
Importing 'GUID: 31321ba15b8f8eb4c954353edc038b1d - Path: Packages/com.unity.render-pipelines.universal/Runtime/Materials/Lit.mat - Importer: ScriptedImporter/UnityEditor.QuickSearchModule:UnityEditor.Search:ASIAI0B' with importer (ScriptedImporter : UnityEditor.QuickSearchModule:UnityEditor.Search:ASIAI0B)
Imported 'GUID: 31321ba15b8f8eb4c954353edc038b1d' -> (Import Result ID: '77b20da88c3bbc3d975f35ca2217abed') in 0.005 seconds [static and dynamic dependencies]. Details - ImportResultOutputID=2425fee072d90d10cb938da646625e4d DependenciesID=0824be7945f967f52e4d7b5b70aece97 StaticDependenciesID=0e19422639995845f033666674d5eeb0 
Number of updated asset objects reloaded before import = 0
Number of asset objects unloaded after import = 2
========================================================================
Received Import Request.
  Time of request: 2026-08-05T18:44:51.9244109Z
  Time since last request: 0.0001943 seconds.
  importAddress: GUID: f3b2d17925485ca479775f22b1fa74a4 - Path: Packages/com.unity.render-pipelines.universal/Runtime/FrameData/UniversalResourceBase.cs - Importer: ScriptedImporter/UnityEditor.QuickSearchModule:UnityEditor.Search:ASIAI0B
Importing 'GUID: f3b2d17925485ca479775f22b1fa74a4 - Path: Packages/com.unity.render-pipelines.universal/Runtime/FrameData/UniversalResourceBase.cs - Importer: ScriptedImporter/UnityEditor.QuickSearchModule:UnityEditor.Search:ASIAI0B' with importer (ScriptedImporter : UnityEditor.QuickSearchModule:UnityEditor.Search:ASIAI0B)
Imported 'GUID: f3b2d17925485ca479775f22b1fa74a4' -> (Import Result ID: '9537b6c231d7ca84a4012b36418811f2') in 0.002 seconds [static and dynamic dependencies]. Details - ImportResultOutputID=d7d34b1aa662cf15827d1668ac19886e DependenciesID=ab4fc664b9b42f43f018d1ffb4777abc StaticDependenciesID=ce5b801e8c6811186b8e8880d7e7d74a 
Number of updated asset objects reloaded before import = 0
Number of asset objects unloaded after import = 0
========================================================================
Received Import Request.
  Time of request: 2026-08-05T18:44:51.9355642Z
  Time since last request: 0.0002843 seconds.
  importAddress: GUID: fb60a22f311433c4c962b888d1393f88 - Path: Packages/com.unity.render-pipelines.universal/Runtime/Overrides/PaniniProjection.cs - Importer: ScriptedImporter/UnityEditor.QuickSearchModule:UnityEditor.Search:ASIAI0B
Importing 'GUID: fb60a22f311433c4c962b888d1393f88 - Path: Packages/com.unity.render-pipelines.universal/Runtime/Overrides/PaniniProjection.cs - Importer: ScriptedImporter/UnityEditor.QuickSearchModule:UnityEditor.Search:ASIAI0B' with importer (ScriptedImporter : UnityEditor.QuickSearchModule:UnityEditor.Search:ASIAI0B)
Imported 'GUID: fb60a22f311433c4c962b888d1393f88' -> (Import Result ID: 'c3d5636ec70fedfbceb80d3c0a811c14') in 0.002 seconds [static and dynamic dependencies]. Details - ImportResultOutputID=5cff01f759c37499a240827b4958069a DependenciesID=742217a906a3d58845388918de96e8d7 StaticDependenciesID=46267c99b33e24389b9b88eb56d8214b 
Number of updated asset objects reloaded before import = 0
Number of asset objects unloaded after import = 0
========================================================================
Received Import Request.
  Time of request: 2026-08-05T18:44:51.9447044Z
  Time since last request: 0.0001693 seconds.
  importAddress: GUID: 3eb4b772797da9440885e8bd939e9560 - Path: Packages/com.unity.render-pipelines.universal/Runtime/Overrides/ColorCurves.cs - Importer: ScriptedImporter/UnityEditor.QuickSearchModule:UnityEditor.Search:ASIAI0B
Importing 'GUID: 3eb4b772797da9440885e8bd939e9560 - Path: Packages/com.unity.render-pipelines.universal/Runtime/Overrides/ColorCurves.cs - Importer: ScriptedImporter/UnityEditor.QuickSearchModule:UnityEditor.Search:ASIAI0B' with importer (ScriptedImporter : UnityEditor.QuickSearchModule:UnityEditor.Search:ASIAI0B)
Imported 'GUID: 3eb4b772797da9440885e8bd939e9560' -> (Import Result ID: 'ca190cb2bcc5213280f0aac4dfa31064') in 0.002 seconds [static and dynamic dependencies]. Details - ImportResultOutputID=1728b45ac6ec4e5c672d9c68b29027ba DependenciesID=c254eea80b3d1d4e53dd58466249816f StaticDependenciesID=b691c8ddf25cfe8d982ba9507efb5ba0 
Number of updated asset objects reloaded before import = 0
Number of asset objects unloaded after import = 0
========================================================================
Received Import Request.
  Time of request: 2026-08-05T18:44:51.9777423Z
  Time since last request: 0.023714 seconds.
  importAddress: GUID: 35922f772e2f746e0a76b49701b8c04a - Path: Packages/com.unity.render-pipelines.universal/Runtime/Settings/URPReflectionProbeSettings.cs - Importer: ScriptedImporter/UnityEditor.QuickSearchModule:UnityEditor.Search:ASIAI0B
Importing 'GUID: 35922f772e2f746e0a76b49701b8c04a - Path: Packages/com.unity.render-pipelines.universal/Runtime/Settings/URPReflectionProbeSettings.cs - Importer: ScriptedImporter/UnityEditor.QuickSearchModule:UnityEditor.Search:ASIAI0B' with importer (ScriptedImporter : UnityEditor.QuickSearchModule:UnityEditor.Search:ASIAI0B)
Imported 'GUID: 35922f772e2f746e0a76b49701b8c04a' -> (Import Result ID: 'c30652f16d1a4a5f624715368fce590f') in 0.002 seconds [static and dynamic dependencies]. Details - ImportResultOutputID=a14dc71940db814797f2aea56994335c DependenciesID=408feb2993501b90a43a50d2ffc5a270 StaticDependenciesID=343cc7e71ba7e50f2f5d4abc5f102f6a 
Number of updated asset objects reloaded before import = 0
Number of asset objects unloaded after import = 0
========================================================================
Received Import Request.
  Time of request: 2026-08-05T18:44:51.9874362Z
  Time since last request: 0.00066 seconds.
  importAddress: GUID: b00045f12942b46c698459096c89274e - Path: Packages/com.unity.render-pipelines.universal/Runtime/RendererFeatures/FullScreenPassRendererFeature.cs - Importer: ScriptedImporter/UnityEditor.QuickSearchModule:UnityEditor.Search:ASIAI0B
Importing 'GUID: b00045f12942b46c698459096c89274e - Path: Packages/com.unity.render-pipelines.universal/Runtime/RendererFeatures/FullScreenPassRendererFeature.cs - Importer: ScriptedImporter/UnityEditor.QuickSearchModule:UnityEditor.Search:ASIAI0B' with importer (ScriptedImporter : UnityEditor.QuickSearchModule:UnityEditor.Search:ASIAI0B)
Imported 'GUID: b00045f12942b46c698459096c89274e' -> (Import Result ID: '8f34db22d895599f94aabd0af06be53b') in 0.002 seconds [static and dynamic dependencies]. Details - ImportResultOutputID=7d60343966d8b8c7ced3d394eb499afc DependenciesID=4dbf5bc1757e400276d9750f45f9946c StaticDependenciesID=0135f4b2b2efd3ea451b2f97bde30d0f 
Number of updated asset objects reloaded before import = 0
Number of asset objects unloaded after import = 0
========================================================================
Received Import Request.
  Time of request: 2026-08-05T18:44:51.9967734Z
  Time since last request: 0.0003717 seconds.
  importAddress: GUID: edba24b6007b9dd41824b4656ed8ebcf - Path: Packages/com.unity.render-pipelines.universal/Runtime/Passes/ScriptableRenderPass.cs - Importer: ScriptedImporter/UnityEditor.QuickSearchModule:UnityEditor.Search:ASIAI0B
Importing 'GUID: edba24b6007b9dd41824b4656ed8ebcf - Path: Packages/com.unity.render-pipelines.universal/Runtime/Passes/ScriptableRenderPass.cs - Importer: ScriptedImporter/UnityEditor.QuickSearchModule:UnityEditor.Search:ASIAI0B' with importer (ScriptedImporter : UnityEditor.QuickSearchModule:UnityEditor.Search:ASIAI0B)
Imported 'GUID: edba24b6007b9dd41824b4656ed8ebcf' -> (Import Result ID: 'a29c2993887594ecf55d2366188f4379') in 0.003 seconds [static and dynamic dependencies]. Details - ImportResultOutputID=224857a3a37925f86eb31193dfe174f2 DependenciesID=14eb0035c981a86257bc9dce81de8949 StaticDependenciesID=8425409eb41c33353cf4effa35893bfb 
Number of updated asset objects reloaded before import = 0
Number of asset objects unloaded after import = 0
========================================================================
Received Import Request.
  Time of request: 2026-08-05T18:44:52.0086169Z
  Time since last request: 0.000225 seconds.
  importAddress: GUID: ef707b0a4fc04a4fb4501a4dec1c376d - Path: Packages/com.unity.render-pipelines.universal/ShaderLibrary/Debug/DebugViewEnums.cs - Importer: ScriptedImporter/UnityEditor.QuickSearchModule:UnityEditor.Search:ASIAI0B
Importing 'GUID: ef707b0a4fc04a4fb4501a4dec1c376d - Path: Packages/com.unity.render-pipelines.universal/ShaderLibrary/Debug/DebugViewEnums.cs - Importer: ScriptedImporter/UnityEditor.QuickSearchModule:UnityEditor.Search:ASIAI0B' with importer (ScriptedImporter : UnityEditor.QuickSearchModule:UnityEditor.Search:ASIAI0B)
Imported 'GUID: ef707b0a4fc04a4fb4501a4dec1c376d' -> (Import Result ID: 'bd768d2e6867fb2b91fd45b2b13d049b') in 0.003 seconds [static and dynamic dependencies]. Details - ImportResultOutputID=07fd49f86e0805c9f292ae751e89f3fd DependenciesID=1c283d5d6a1d2150c00c4d0c6c1ea525 StaticDependenciesID=1411a817fac0eb98f4e3a4f3991e3bc7 
Number of updated asset objects reloaded before import = 0
Number of asset objects unloaded after import = 0
========================================================================
Received Import Request.
  Time of request: 2026-08-05T18:44:52.0195062Z
  Time since last request: 0.0002549 seconds.
  importAddress: GUID: 19349a0f9a7ed4c48a27445bcf92e5e1 - Path: Packages/com.unity.render-pipelines.universal/Shaders/2D/Shadow2D-Shadow-Geometry.shader - Importer: ScriptedImporter/UnityEditor.QuickSearchModule:UnityEditor.Search:ASIAI0B
Importing 'GUID: 19349a0f9a7ed4c48a27445bcf92e5e1 - Path: Packages/com.unity.render-pipelines.universal/Shaders/2D/Shadow2D-Shadow-Geometry.shader - Importer: ScriptedImporter/UnityEditor.QuickSearchModule:UnityEditor.Search:ASIAI0B' with importer (ScriptedImporter : UnityEditor.QuickSearchModule:UnityEditor.Search:ASIAI0B)
Imported 'GUID: 19349a0f9a7ed4c48a27445bcf92e5e1' -> (Import Result ID: 'a4c35d5db19613d816f20e68d13fe71e') in 0.003 seconds [static and dynamic dependencies]. Details - ImportResultOutputID=2f649d7e8bb34f5568553105b2f6d21d DependenciesID=8bd089d10b0f3beb931a47dd44a75648 StaticDependenciesID=3dbec26064fa34ffed9b02f3d42eda10 
Number of updated asset objects reloaded before import = 0
Number of asset objects unloaded after import = 1
========================================================================
Received Import Request.
  Time of request: 2026-08-05T18:44:52.0306299Z
  Time since last request: 0.0002174 seconds.
  importAddress: GUID: b36ba7cbaee8126479c1513e0e95ece8 - Path: Packages/com.unity.render-pipelines.universal/Runtime/RenderPipelineResources/UniversalRenderPipelineEditorMaterials.cs - Importer: ScriptedImporter/UnityEditor.QuickSearchModule:UnityEditor.Search:ASIAI0B
Importing 'GUID: b36ba7cbaee8126479c1513e0e95ece8 - Path: Packages/com.unity.render-pipelines.universal/Runtime/RenderPipelineResources/UniversalRenderPipelineEditorMaterials.cs - Importer: ScriptedImporter/UnityEditor.QuickSearchModule:UnityEditor.Search:ASIAI0B' with importer (ScriptedImporter : UnityEditor.QuickSearchModule:UnityEditor.Search:ASIAI0B)
Imported 'GUID: b36ba7cbaee8126479c1513e0e95ece8' -> (Import Result ID: 'f04b63f54e2ec5fa7080d54afac94173') in 0.002 seconds [static and dynamic dependencies]. Details - ImportResultOutputID=f2f01ae18f0ca1b1be874cf1ecade514 DependenciesID=86c798aa6f25e6e96296ab7a86f405a7 StaticDependenciesID=40a792c7f0388e0a9a26e113d241b373 
Number of updated asset objects reloaded before import = 0
Number of asset objects unloaded after import = 0
========================================================================
Received Import Request.
  Time of request: 2026-08-05T18:44:52.0413303Z
  Time since last request: 0.0002341 seconds.
  importAddress: GUID: a2b7f0db433bbf340871ffeb0134a898 - Path: Packages/com.unity.render-pipelines.universal/Runtime/Settings/URPShaderStrippingSetting.cs - Importer: ScriptedImporter/UnityEditor.QuickSearchModule:UnityEditor.Search:ASIAI0B
Importing 'GUID: a2b7f0db433bbf340871ffeb0134a898 - Path: Packages/com.unity.render-pipelines.universal/Runtime/Settings/URPShaderStrippingSetting.cs - Importer: ScriptedImporter/UnityEditor.QuickSearchModule:UnityEditor.Search:ASIAI0B' with importer (ScriptedImporter : UnityEditor.QuickSearchModule:UnityEditor.Search:ASIAI0B)
Imported 'GUID: a2b7f0db433bbf340871ffeb0134a898' -> (Import Result ID: 'e7ad281e6dfceb4acf944a0613606d9c') in 0.003 seconds [static and dynamic dependencies]. Details - ImportResultOutputID=a86f49917606a7419c6beca710a9272f DependenciesID=71434fe6d394004bb2c02be8ac0e1714 StaticDependenciesID=ef866817b0c0ecd713a62a732d0f012d 
Number of updated asset objects reloaded before import = 0
Number of asset objects unloaded after import = 0
========================================================================
Received Import Request.
  Time of request: 2026-08-05T18:44:52.0527913Z
  Time since last request: 0.0002662 seconds.
  importAddress: GUID: f62c9c65cf3354c93be831c8bc075510 - Path: Packages/com.unity.render-pipelines.universal/Runtime/RendererFeatures/ScreenSpaceAmbientOcclusion.cs - Importer: ScriptedImporter/UnityEditor.QuickSearchModule:UnityEditor.Search:ASIAI0B
Importing 'GUID: f62c9c65cf3354c93be831c8bc075510 - Path: Packages/com.unity.render-pipelines.universal/Runtime/RendererFeatures/ScreenSpaceAmbientOcclusion.cs - Importer: ScriptedImporter/UnityEditor.QuickSearchModule:UnityEditor.Search:ASIAI0B' with importer (ScriptedImporter : UnityEditor.QuickSearchModule:UnityEditor.Search:ASIAI0B)
Imported 'GUID: f62c9c65cf3354c93be831c8bc075510' -> (Import Result ID: '5f7399c59d02f7cab1fd7200d137c060') in 0.002 seconds [static and dynamic dependencies]. Details - ImportResultOutputID=2e194c42016a5a2faf7817b298f5f9ef DependenciesID=8f219b4e8abdb8f9b2e3e429cb93aab7 StaticDependenciesID=690a2f747f62145f3225597532291f0f 
Number of updated asset objects reloaded before import = 0
Number of asset objects unloaded after import = 0
========================================================================
Received Import Request.
  Time of request: 2026-08-05T18:44:52.0616471Z
  Time since last request: 0.0002172 seconds.
  importAddress: GUID: de02b375720b5c445afe83cd483bedf3 - Path: Packages/com.unity.render-pipelines.universal/Shaders/2D/Shadow2D-Unshadow-Sprite.shader - Importer: ScriptedImporter/UnityEditor.QuickSearchModule:UnityEditor.Search:ASIAI0B
Importing 'GUID: de02b375720b5c445afe83cd483bedf3 - Path: Packages/com.unity.render-pipelines.universal/Shaders/2D/Shadow2D-Unshadow-Sprite.shader - Importer: ScriptedImporter/UnityEditor.QuickSearchModule:UnityEditor.Search:ASIAI0B' with importer (ScriptedImporter : UnityEditor.QuickSearchModule:UnityEditor.Search:ASIAI0B)
Imported 'GUID: de02b375720b5c445afe83cd483bedf3' -> (Import Result ID: '3bd8642d6615dfe1ce938c5a774b00f1') in 0.002 seconds [static and dynamic dependencies]. Details - ImportResultOutputID=b24630baf18cab57b349349122719c91 DependenciesID=a53a4e51de2704b12c1b94ceb5524c8e StaticDependenciesID=9610375cbba854cb2af85508fdc2a8fe 
Number of updated asset objects reloaded before import = 0
Number of asset objects unloaded after import = 1
========================================================================
Received Import Request.
  Time of request: 2026-08-05T18:44:52.0794199Z
  Time since last request: 0.0074405 seconds.
  importAddress: GUID: 5ec81c81908db34429b4f6ddecadd3bd - Path: Packages/com.unity.render-pipelines.universal/Shaders/Nature/SpeedTree7Billboard.shader - Importer: ScriptedImporter/UnityEditor.QuickSearchModule:UnityEditor.Search:ASIAI0B
Importing 'GUID: 5ec81c81908db34429b4f6ddecadd3bd - Path: Packages/com.unity.render-pipelines.universal/Shaders/Nature/SpeedTree7Billboard.shader - Importer: ScriptedImporter/UnityEditor.QuickSearchModule:UnityEditor.Search:ASIAI0B' with importer (ScriptedImporter : UnityEditor.QuickSearchModule:UnityEditor.Search:ASIAI0B)
Imported 'GUID: 5ec81c81908db34429b4f6ddecadd3bd' -> (Import Result ID: '86663de5128635995611305c8bf47192') in 0.003 seconds [static and dynamic dependencies]. Details - ImportResultOutputID=88ee64739ed96229bfc80b30cbc70772 DependenciesID=1f406e3a1c04c1e31b17533e235d8bdd StaticDependenciesID=83e3f89405f837af3f3e5986502e12d6 
Number of updated asset objects reloaded before import = 0
Number of asset objects unloaded after import = 1
========================================================================
Received Import Request.
  Time of request: 2026-08-05T18:44:52.0894989Z
  Time since last request: 0.0006557 seconds.
  importAddress: GUID: b75058dfffdae7a41bf0373f3d2f264c - Path: Packages/com.unity.render-pipelines.universal/Shaders/Particles/ParticlesEditorPass.hlsl - Importer: ScriptedImporter/UnityEditor.QuickSearchModule:UnityEditor.Search:ASIAI0B
Importing 'GUID: b75058dfffdae7a41bf0373f3d2f264c - Path: Packages/com.unity.render-pipelines.universal/Shaders/Particles/ParticlesEditorPass.hlsl - Importer: ScriptedImporter/UnityEditor.QuickSearchModule:UnityEditor.Search:ASIAI0B' with importer (ScriptedImporter : UnityEditor.QuickSearchModule:UnityEditor.Search:ASIAI0B)
Imported 'GUID: b75058dfffdae7a41bf0373f3d2f264c' -> (Import Result ID: '8a130ce07cb14693a19c05c34df45a89') in 0.007 seconds [static and dynamic dependencies]. Details - ImportResultOutputID=f88750d991387e31dc888ad98540b734 DependenciesID=d2eaff14854ce56de10366b4ff63a70c StaticDependenciesID=7f2317812e9e5556fba58ec613058b3f 
Number of updated asset objects reloaded before import = 0
Number of asset objects unloaded after import = 1
========================================================================
Received Import Request.
  Time of request: 2026-08-05T18:44:52.105758Z
  Time since last request: 0.0003063 seconds.
  importAddress: GUID: c49e63ed1bbcb334780a3bd19dfed403 - Path: Packages/com.unity.render-pipelines.universal/Shaders/PostProcessing/FinalPost.shader - Importer: ScriptedImporter/UnityEditor.QuickSearchModule:UnityEditor.Search:ASIAI0B
Importing 'GUID: c49e63ed1bbcb334780a3bd19dfed403 - Path: Packages/com.unity.render-pipelines.universal/Shaders/PostProcessing/FinalPost.shader - Importer: ScriptedImporter/UnityEditor.QuickSearchModule:UnityEditor.Search:ASIAI0B' with importer (ScriptedImporter : UnityEditor.QuickSearchModule:UnityEditor.Search:ASIAI0B)
Imported 'GUID: c49e63ed1bbcb334780a3bd19dfed403' -> (Import Result ID: '721a7c7cfbe209a810ac276fc16fc9b1') in 0.003 seconds [static and dynamic dependencies]. Details - ImportResultOutputID=942d58c4dd1e6a19e10b67ea1663658a DependenciesID=fcfc14381347484f5e43127c2a791b49 StaticDependenciesID=1133e6ca921b3f0a2d67bf2a1256e341 
Number of updated asset objects reloaded before import = 0
Number of asset objects unloaded after import = 1
========================================================================
Received Import Request.
  Time of request: 2026-08-05T18:44:52.1153972Z
  Time since last request: 0.0002691 seconds.
  importAddress: GUID: d0ccc42c5a0934462a0ff237772dceff - Path: Packages/com.unity.render-pipelines.universal/Shaders/Particles/ParticlesSimpleLitForwardPass.hlsl - Importer: ScriptedImporter/UnityEditor.QuickSearchModule:UnityEditor.Search:ASIAI0B
Importing 'GUID: d0ccc42c5a0934462a0ff237772dceff - Path: Packages/com.unity.render-pipelines.universal/Shaders/Particles/ParticlesSimpleLitForwardPass.hlsl - Importer: ScriptedImporter/UnityEditor.QuickSearchModule:UnityEditor.Search:ASIAI0B' with importer (ScriptedImporter : UnityEditor.QuickSearchModule:UnityEditor.Search:ASIAI0B)
Imported 'GUID: d0ccc42c5a0934462a0ff237772dceff' -> (Import Result ID: '0587ede7af36dab8bf2ca1ad26909a59') in 0.007 seconds [static and dynamic dependencies]. Details - ImportResultOutputID=6087e20460d26ec3e5721d832e533bb3 DependenciesID=a0da7fe510822a843d38eb65552977ec StaticDependenciesID=38c7aa815693470c95e582d6a99dba80 
Number of updated asset objects reloaded before import = 0
Number of asset objects unloaded after import = 1
========================================================================
Received Import Request.
  Time of request: 2026-08-05T18:44:52.129782Z
  Time since last request: 0.0003712 seconds.
  importAddress: GUID: e8ee25143a34b8c4388709ea947055d1 - Path: Packages/com.unity.render-pipelines.universal/Shaders/PostProcessing/ScalingSetup.shader - Importer: ScriptedImporter/UnityEditor.QuickSearchModule:UnityEditor.Search:ASIAI0B
Importing 'GUID: e8ee25143a34b8c4388709ea947055d1 - Path: Packages/com.unity.render-pipelines.universal/Shaders/PostProcessing/ScalingSetup.shader - Importer: ScriptedImporter/UnityEditor.QuickSearchModule:UnityEditor.Search:ASIAI0B' with importer (ScriptedImporter : UnityEditor.QuickSearchModule:UnityEditor.Search:ASIAI0B)
Imported 'GUID: e8ee25143a34b8c4388709ea947055d1' -> (Import Result ID: '21209a988fc9be138dd1845f59237d5a') in 0.002 seconds [static and dynamic dependencies]. Details - ImportResultOutputID=0fd854744110c4df6a2bccf5d3033df3 DependenciesID=c34e1a55182dbddf1d3797fa5c2b9c95 StaticDependenciesID=85d1e925ad6bce5928e43e21675ddfa7 
Number of updated asset objects reloaded before import = 0
Number of asset objects unloaded after import = 1
========================================================================
Received Import Request.
  Time of request: 2026-08-05T18:44:52.13916Z
  Time since last request: 0.0002286 seconds.
  importAddress: GUID: 691e950f7acb24df5be4c31303d0991a - Path: Packages/com.unity.render-pipelines.universal/Shaders/PostProcessing/FXAA3_11.hlsl - Importer: ScriptedImporter/UnityEditor.QuickSearchModule:UnityEditor.Search:ASIAI0B
Importing 'GUID: 691e950f7acb24df5be4c31303d0991a - Path: Packages/com.unity.render-pipelines.universal/Shaders/PostProcessing/FXAA3_11.hlsl - Importer: ScriptedImporter/UnityEditor.QuickSearchModule:UnityEditor.Search:ASIAI0B' with importer (ScriptedImporter : UnityEditor.QuickSearchModule:UnityEditor.Search:ASIAI0B)
Imported 'GUID: 691e950f7acb24df5be4c31303d0991a' -> (Import Result ID: '9a2b33e7f0910e22e7e94e808cfa87ec') in 0.008 seconds [static and dynamic dependencies]. Details - ImportResultOutputID=62d7be8800361c9a19d8bd022b690fbf DependenciesID=08d788920415893d1ad7af4a969be397 StaticDependenciesID=b99ba5123b6cf8984768d67b2aa1df56 
Number of updated asset objects reloaded before import = 0
Number of asset objects unloaded after import = 1
========================================================================
Received Import Request.
  Time of request: 2026-08-05T18:44:52.154112Z
  Time since last request: 0.0002397 seconds.
  importAddress: GUID: 0406db5a14f94604a8c57ccfbc9f3b46 - Path: Packages/com.unity.render-pipelines.universal/Shaders/Particles/ParticlesUnlit.shader - Importer: ScriptedImporter/UnityEditor.QuickSearchModule:UnityEditor.Search:ASIAI0B
Importing 'GUID: 0406db5a14f94604a8c57ccfbc9f3b46 - Path: Packages/com.unity.render-pipelines.universal/Shaders/Particles/ParticlesUnlit.shader - Importer: ScriptedImporter/UnityEditor.QuickSearchModule:UnityEditor.Search:ASIAI0B' with importer (ScriptedImporter : UnityEditor.QuickSearchModule:UnityEditor.Search:ASIAI0B)
Imported 'GUID: 0406db5a14f94604a8c57ccfbc9f3b46' -> (Import Result ID: '4d60ae2dd6518794b331372d0a55b438') in 0.003 seconds [static and dynamic dependencies]. Details - ImportResultOutputID=6df88602f0a8ef0ffff10e6aa713df9b DependenciesID=5594fc9d1fb6a8edb010d28bdf4a5f6e StaticDependenciesID=18686b491a963ef3fc9f77e4869ce8da 
Number of updated asset objects reloaded before import = 0
Number of asset objects unloaded after import = 1
========================================================================
Received Import Request.
  Time of request: 2026-08-05T18:44:52.1641061Z
  Time since last request: 0.0002104 seconds.
  importAddress: GUID: c245162389fbe944dbc0d721bee26fe0 - Path: Packages/com.unity.render-pipelines.universal/Shaders/Nature/SpeedTreeUtility.hlsl - Importer: ScriptedImporter/UnityEditor.QuickSearchModule:UnityEditor.Search:ASIAI0B
Importing 'GUID: c245162389fbe944dbc0d721bee26fe0 - Path: Packages/com.unity.render-pipelines.universal/Shaders/Nature/SpeedTreeUtility.hlsl - Importer: ScriptedImporter/UnityEditor.QuickSearchModule:UnityEditor.Search:ASIAI0B' with importer (ScriptedImporter : UnityEditor.QuickSearchModule:UnityEditor.Search:ASIAI0B)
Imported 'GUID: c245162389fbe944dbc0d721bee26fe0' -> (Import Result ID: '4548162d5b6c2233294e40faddb9dc56') in 0.008 seconds [static and dynamic dependencies]. Details - ImportResultOutputID=0a1acd6007dd4c7baa4745f04eea8076 DependenciesID=2bb5e047fd3fa58185b15f68dec20a9a StaticDependenciesID=137a7cc962e70a964ff1a017f8a318a2 
Number of updated asset objects reloaded before import = 0
Number of asset objects unloaded after import = 1
========================================================================
Received Import Request.
  Time of request: 2026-08-05T18:44:52.2006325Z
  Time since last request: 0.0219183 seconds.
  importAddress: GUID: 119f93d0bcbf1e743bf5fcf237507d39 - Path: Packages/com.unity.render-pipelines.universal/Textures/2D/Sparkle.png - Importer: ScriptedImporter/UnityEditor.QuickSearchModule:UnityEditor.Search:ASIAI0B
Importing 'GUID: 119f93d0bcbf1e743bf5fcf237507d39 - Path: Packages/com.unity.render-pipelines.universal/Textures/2D/Sparkle.png - Importer: ScriptedImporter/UnityEditor.QuickSearchModule:UnityEditor.Search:ASIAI0B' with importer (ScriptedImporter : UnityEditor.QuickSearchModule:UnityEditor.Search:ASIAI0B)
Imported 'GUID: 119f93d0bcbf1e743bf5fcf237507d39' -> (Import Result ID: '6dc198b8a444b48039520c89b449b463') in 0.016 seconds [static and dynamic dependencies]. Details - ImportResultOutputID=721f8c574e62d3f8aa4aafbf00c00ca5 DependenciesID=d109aedc1b05891e89c8f0da23964efa StaticDependenciesID=d7cc27fb73a9012b988b71a6a0d21e82 
Number of updated asset objects reloaded before import = 0
Number of asset objects unloaded after import = 3
========================================================================
Received Import Request.
  Time of request: 2026-08-05T18:44:52.2238246Z
  Time since last request: 0.0001818 seconds.
  importAddress: GUID: 2cc7528ffe326894bb487b2ead9059fa - Path: Packages/com.unity.render-pipelines.universal/Tests/Editor/EditorTests_URPDisabled.cs - Importer: ScriptedImporter/UnityEditor.QuickSearchModule:UnityEditor.Search:ASIAI0B
Importing 'GUID: 2cc7528ffe326894bb487b2ead9059fa - Path: Packages/com.unity.render-pipelines.universal/Tests/Editor/EditorTests_URPDisabled.cs - Importer: ScriptedImporter/UnityEditor.QuickSearchModule:UnityEditor.Search:ASIAI0B' with importer (ScriptedImporter : UnityEditor.QuickSearchModule:UnityEditor.Search:ASIAI0B)
Imported 'GUID: 2cc7528ffe326894bb487b2ead9059fa' -> (Import Result ID: 'e31bc225eb515e296008499e77eda89d') in 0.002 seconds [static and dynamic dependencies]. Details - ImportResultOutputID=b050954d716535d48fac19fb390a654e DependenciesID=ccba84b61cf53e29502f5e7541a857eb StaticDependenciesID=4b7a42e58be0b8af838b3dca88e4a2fe 
Number of updated asset objects reloaded before import = 0
Number of asset objects unloaded after import = 0
========================================================================
Received Import Request.
  Time of request: 2026-08-05T18:44:52.2328098Z
  Time since last request: 0.0003257 seconds.
  importAddress: GUID: bc3b0daec27db604caf7fec37e54bf6d - Path: Packages/com.unity.render-pipelines.universal/Tests/Runtime/Unity.RenderPipelines.Universal.Runtime.Tests.asmdef - Importer: ScriptedImporter/UnityEditor.QuickSearchModule:UnityEditor.Search:ASIAI0B
Importing 'GUID: bc3b0daec27db604caf7fec37e54bf6d - Path: Packages/com.unity.render-pipelines.universal/Tests/Runtime/Unity.RenderPipelines.Universal.Runtime.Tests.asmdef - Importer: ScriptedImporter/UnityEditor.QuickSearchModule:UnityEditor.Search:ASIAI0B' with importer (ScriptedImporter : UnityEditor.QuickSearchModule:UnityEditor.Search:ASIAI0B)
Imported 'GUID: bc3b0daec27db604caf7fec37e54bf6d' -> (Import Result ID: '23c06dfe4158fc1158b856c8c64cd5bd') in 0.008 seconds [static and dynamic dependencies]. Details - ImportResultOutputID=6ad352e560744008fd595cb3ea48e3cd DependenciesID=f05c64b61008d4c4b2fe07de1414e9f2 StaticDependenciesID=f1bc7923e5617ee45256952e9fc0f9b3 
Number of updated asset objects reloaded before import = 0
Number of asset objects unloaded after import = 1
========================================================================
Received Import Request.
  Time of request: 2026-08-05T18:44:52.2499906Z
  Time since last request: 0.0002294 seconds.
  importAddress: GUID: fb0540054a4845f4896120b033478868 - Path: Packages/com.unity.render-pipelines.universal/Tests/Editor/RenderGraphTests.HelperPasses.cs - Importer: ScriptedImporter/UnityEditor.QuickSearchModule:UnityEditor.Search:ASIAI0B
Importing 'GUID: fb0540054a4845f4896120b033478868 - Path: Packages/com.unity.render-pipelines.universal/Tests/Editor/RenderGraphTests.HelperPasses.cs - Importer: ScriptedImporter/UnityEditor.QuickSearchModule:UnityEditor.Search:ASIAI0B' with importer (ScriptedImporter : UnityEditor.QuickSearchModule:UnityEditor.Search:ASIAI0B)
Imported 'GUID: fb0540054a4845f4896120b033478868' -> (Import Result ID: 'ff37a4b9fe0abbf7596f03e9b96875c4') in 0.002 seconds [static and dynamic dependencies]. Details - ImportResultOutputID=ec6afa0a107fbb623cc28cd716328b10 DependenciesID=7ad5cf6f7365c647b774f29a67ce90b1 StaticDependenciesID=ecd0c0c2051ff52b2178966920691b30 
Number of updated asset objects reloaded before import = 0
Number of asset objects unloaded after import = 0
========================================================================
Received Import Request.
  Time of request: 2026-08-05T18:44:52.259075Z
  Time since last request: 0.0002335 seconds.
  importAddress: GUID: c17132b1f77d20942aa75f8429c0f8bc - Path: Packages/com.unity.render-pipelines.universal/Shaders/Utils/Blit.shader - Importer: ScriptedImporter/UnityEditor.QuickSearchModule:UnityEditor.Search:ASIAI0B
Importing 'GUID: c17132b1f77d20942aa75f8429c0f8bc - Path: Packages/com.unity.render-pipelines.universal/Shaders/Utils/Blit.shader - Importer: ScriptedImporter/UnityEditor.QuickSearchModule:UnityEditor.Search:ASIAI0B' with importer (ScriptedImporter : UnityEditor.QuickSearchModule:UnityEditor.Search:ASIAI0B)
Imported 'GUID: c17132b1f77d20942aa75f8429c0f8bc' -> (Import Result ID: '6e3308ad7940f8820e48127eb48f9c99') in 0.003 seconds [static and dynamic dependencies]. Details - ImportResultOutputID=c29684cdbadf899d107331425aae52fd DependenciesID=b9533735af22297ab694b7cc3948250c StaticDependenciesID=c723d8bcde65740ebd7a91b75ffe6a33 
Number of updated asset objects reloaded before import = 0
Number of asset objects unloaded after import = 1
========================================================================
Received Import Request.
  Time of request: 2026-08-05T18:44:52.2690267Z
  Time since last request: 0.0002205 seconds.
  importAddress: GUID: 04c410c9937594faa893a11dceb85f7e - Path: Packages/com.unity.render-pipelines.universal/Shaders/Utils/Sampling.shader - Importer: ScriptedImporter/UnityEditor.QuickSearchModule:UnityEditor.Search:ASIAI0B
Importing 'GUID: 04c410c9937594faa893a11dceb85f7e - Path: Packages/com.unity.render-pipelines.universal/Shaders/Utils/Sampling.shader - Importer: ScriptedImporter/UnityEditor.QuickSearchModule:UnityEditor.Search:ASIAI0B' with importer (ScriptedImporter : UnityEditor.QuickSearchModule:UnityEditor.Search:ASIAI0B)
Imported 'GUID: 04c410c9937594faa893a11dceb85f7e' -> (Import Result ID: 'f3fe33d644b786418fee047f43a6efa9') in 0.003 seconds [static and dynamic dependencies]. Details - ImportResultOutputID=75ac86d8071f32955cffffcae483cfec DependenciesID=254b631b77e5525c7629d6e824344cd1 StaticDependenciesID=c3df577662dd92ca6e4fae75b5ef8b8d 
Number of updated asset objects reloaded before import = 0
Number of asset objects unloaded after import = 1
========================================================================
Received Import Request.
  Time of request: 2026-08-05T18:44:52.2785872Z
  Time since last request: 0.0002582 seconds.
  importAddress: GUID: da9d116cbd3a95840aeb4f28ba5146da - Path: Packages/com.unity.render-pipelines.universal/Tests/Editor/RenderPassCullingTests.cs - Importer: ScriptedImporter/UnityEditor.QuickSearchModule:UnityEditor.Search:ASIAI0B
Importing 'GUID: da9d116cbd3a95840aeb4f28ba5146da - Path: Packages/com.unity.render-pipelines.universal/Tests/Editor/RenderPassCullingTests.cs - Importer: ScriptedImporter/UnityEditor.QuickSearchModule:UnityEditor.Search:ASIAI0B' with importer (ScriptedImporter : UnityEditor.QuickSearchModule:UnityEditor.Search:ASIAI0B)
Imported 'GUID: da9d116cbd3a95840aeb4f28ba5146da' -> (Import Result ID: '66b34cc18eb3a682bf87052244063ccd') in 0.003 seconds [static and dynamic dependencies]. Details - ImportResultOutputID=e7f5c6052bcc0842bdb2b9e3183925d0 DependenciesID=f1158262ee0645e9945b4e63946a8a89 StaticDependenciesID=d4ee5fb210f73e48fb962454a29bec87 
Number of updated asset objects reloaded before import = 0
Number of asset objects unloaded after import = 0
========================================================================
Received Import Request.
  Time of request: 2026-08-05T18:44:52.2894833Z
  Time since last request: 0.0002521 seconds.
  importAddress: GUID: 42af586c09f391941a2a8a7bd5164b31 - Path: Packages/com.unity.render-pipelines.universal/Tests/Editor/EditorTests.cs - Importer: ScriptedImporter/UnityEditor.QuickSearchModule:UnityEditor.Search:ASIAI0B
Importing 'GUID: 42af586c09f391941a2a8a7bd5164b31 - Path: Packages/com.unity.render-pipelines.universal/Tests/Editor/EditorTests.cs - Importer: ScriptedImporter/UnityEditor.QuickSearchModule:UnityEditor.Search:ASIAI0B' with importer (ScriptedImporter : UnityEditor.QuickSearchModule:UnityEditor.Search:ASIAI0B)
Imported 'GUID: 42af586c09f391941a2a8a7bd5164b31' -> (Import Result ID: '708f21a2096cdfed7e3914445ef98370') in 0.002 seconds [static and dynamic dependencies]. Details - ImportResultOutputID=404e20d1e7984a38947ac53507454262 DependenciesID=7525f87f08ba0e999e76931379ea6484 StaticDependenciesID=00c52ad8359a4a4f01c015a7f22c0a79 
Number of updated asset objects reloaded before import = 0
Number of asset objects unloaded after import = 0
========================================================================
Received Import Request.
  Time of request: 2026-08-05T18:44:52.3225042Z
  Time since last request: 0.0240569 seconds.
  importAddress: GUID: 5f5877a9138882a4095ba0e997d19644 - Path: Packages/com.unity.render-pipelines.universal/Editor/2D/Converter/ParametricToFreeformLightUpgrader.cs - Importer: ScriptedImporter/UnityEditor.QuickSearchModule:UnityEditor.Search:ASIAI0B
Importing 'GUID: 5f5877a9138882a4095ba0e997d19644 - Path: Packages/com.unity.render-pipelines.universal/Editor/2D/Converter/ParametricToFreeformLightUpgrader.cs - Importer: ScriptedImporter/UnityEditor.QuickSearchModule:UnityEditor.Search:ASIAI0B' with importer (ScriptedImporter : UnityEditor.QuickSearchModule:UnityEditor.Search:ASIAI0B)
Imported 'GUID: 5f5877a9138882a4095ba0e997d19644' -> (Import Result ID: 'f4b07e8ecd4b9e4ef941bf304e7eea38') in 0.002 seconds [static and dynamic dependencies]. Details - ImportResultOutputID=573ff446dd60a99d43ada6148d4c47e7 DependenciesID=047facec72f2edc848f93ab4b6a10499 StaticDependenciesID=b0bddde32e411f1e58a78f096c04d2c1 
Number of updated asset objects reloaded before import = 0
Number of asset objects unloaded after import = 0
========================================================================
Received Import Request.
  Time of request: 2026-08-05T18:44:52.3319445Z
  Time since last request: 0.0004986 seconds.
  importAddress: GUID: 7cba34d70552e144586a4d3ce4a33de5 - Path: Packages/com.unity.render-pipelines.universal/Editor/2D/Resources/PixelPerfectCamera.png - Importer: ScriptedImporter/UnityEditor.QuickSearchModule:UnityEditor.Search:ASIAI0B
Importing 'GUID: 7cba34d70552e144586a4d3ce4a33de5 - Path: Packages/com.unity.render-pipelines.universal/Editor/2D/Resources/PixelPerfectCamera.png - Importer: ScriptedImporter/UnityEditor.QuickSearchModule:UnityEditor.Search:ASIAI0B' with importer (ScriptedImporter : UnityEditor.QuickSearchModule:UnityEditor.Search:ASIAI0B)
Imported 'GUID: 7cba34d70552e144586a4d3ce4a33de5' -> (Import Result ID: '23dbd79e8ed40dd044e57b044890064d') in 0.005 seconds [static and dynamic dependencies]. Details - ImportResultOutputID=2935d4a94e2d5160ed23c9014670ab11 DependenciesID=2af12f5d7ee5e43027afd9e8c501bdec StaticDependenciesID=9ffa79c92f0a1b3a617d2a709b202fa9 
Number of updated asset objects reloaded before import = 0
Number of asset objects unloaded after import = 1
========================================================================
Received Import Request.
  Time of request: 2026-08-05T18:44:52.3476664Z
  Time since last request: 0.0002339 seconds.
  importAddress: GUID: eda0e8a03dd031e41974f62cc8cc0608 - Path: Packages/com.unity.render-pipelines.universal/Editor/2D/Converter/MaterialUpgraderDefinitions.cs - Importer: ScriptedImporter/UnityEditor.QuickSearchModule:UnityEditor.Search:ASIAI0B
Importing 'GUID: eda0e8a03dd031e41974f62cc8cc0608 - Path: Packages/com.unity.render-pipelines.universal/Editor/2D/Converter/MaterialUpgraderDefinitions.cs - Importer: ScriptedImporter/UnityEditor.QuickSearchModule:UnityEditor.Search:ASIAI0B' with importer (ScriptedImporter : UnityEditor.QuickSearchModule:UnityEditor.Search:ASIAI0B)
Imported 'GUID: eda0e8a03dd031e41974f62cc8cc0608' -> (Import Result ID: 'e7f8075ae7d38c8fdf21f6f0577b9a65') in 0.003 seconds [static and dynamic dependencies]. Details - ImportResultOutputID=c4a78aa9531a5ac6bc2e6261428646ba DependenciesID=a346219b9201c9e84e70811fc4f5fc4a StaticDependenciesID=5e99d661bd28037d68452758aae311b7 
Number of updated asset objects reloaded before import = 0
Number of asset objects unloaded after import = 0
========================================================================
Received Import Request.
  Time of request: 2026-08-05T18:44:52.3598133Z
  Time since last request: 0.0002873 seconds.
  importAddress: GUID: 3f0281a9a104946b4b845f0338560878 - Path: Packages/com.unity.render-pipelines.universal/Editor/2D/LightBatchingDebugger/LightBatchingDebugger.cs - Importer: ScriptedImporter/UnityEditor.QuickSearchModule:UnityEditor.Search:ASIAI0B
Importing 'GUID: 3f0281a9a104946b4b845f0338560878 - Path: Packages/com.unity.render-pipelines.universal/Editor/2D/LightBatchingDebugger/LightBatchingDebugger.cs - Importer: ScriptedImporter/UnityEditor.QuickSearchModule:UnityEditor.Search:ASIAI0B' with importer (ScriptedImporter : UnityEditor.QuickSearchModule:UnityEditor.Search:ASIAI0B)
Imported 'GUID: 3f0281a9a104946b4b845f0338560878' -> (Import Result ID: '4a8a2d0531c4396dac5db1b92eb757bf') in 0.002 seconds [static and dynamic dependencies]. Details - ImportResultOutputID=d701283c8d0dac3b69c35f2f6874bf89 DependenciesID=92a6e28883f0232db432e1231e238905 StaticDependenciesID=93380b10df12d9acadf7418cbdcaa13e 
Number of updated asset objects reloaded before import = 0
Number of asset objects unloaded after import = 0
========================================================================
Received Import Request.
  Time of request: 2026-08-05T18:44:52.3689207Z
  Time since last request: 0.0002113 seconds.
  importAddress: GUID: dd77ffd079630404e879388999033049 - Path: Packages/com.unity.render-pipelines.universal/Textures/FilmGrain/Thin02.png - Importer: ScriptedImporter/UnityEditor.QuickSearchModule:UnityEditor.Search:ASIAI0B
Importing 'GUID: dd77ffd079630404e879388999033049 - Path: Packages/com.unity.render-pipelines.universal/Textures/FilmGrain/Thin02.png - Importer: ScriptedImporter/UnityEditor.QuickSearchModule:UnityEditor.Search:ASIAI0B' with importer (ScriptedImporter : UnityEditor.QuickSearchModule:UnityEditor.Search:ASIAI0B)
Imported 'GUID: dd77ffd079630404e879388999033049' -> (Import Result ID: '52306ef9a6777211be93dfc507932600') in 0.004 seconds [static and dynamic dependencies]. Details - ImportResultOutputID=3fa378d7dc362fe330ea0f0360493d58 DependenciesID=c4096162e2b8d5164b659a6580e8f242 StaticDependenciesID=32c63667aa8bef50432dfa9c8d8aaa13 
Number of updated asset objects reloaded before import = 0
Number of asset objects unloaded after import = 1
========================================================================
Received Import Request.
  Time of request: 2026-08-05T18:44:52.3820035Z
  Time since last request: 0.0003812 seconds.
  importAddress: GUID: f0b67500f7fad3b4c9f2b13e8f41ba6e - Path: Packages/com.unity.render-pipelines.universal/Textures/FilmGrain/Medium02.png - Importer: ScriptedImporter/UnityEditor.QuickSearchModule:UnityEditor.Search:ASIAI0B
Importing 'GUID: f0b67500f7fad3b4c9f2b13e8f41ba6e - Path: Packages/com.unity.render-pipelines.universal/Textures/FilmGrain/Medium02.png - Importer: ScriptedImporter/UnityEditor.QuickSearchModule:UnityEditor.Search:ASIAI0B' with importer (ScriptedImporter : UnityEditor.QuickSearchModule:UnityEditor.Search:ASIAI0B)
Imported 'GUID: f0b67500f7fad3b4c9f2b13e8f41ba6e' -> (Import Result ID: '373e094da12f79d005b5f6b1ae3d85c1') in 0.005 seconds [static and dynamic dependencies]. Details - ImportResultOutputID=40d83d994988bcbbb7eb42753bcc31aa DependenciesID=6f216cf172eda3b9e590f50c7085e7f6 StaticDependenciesID=6760c687c5862960fd7f19957966671f 
Number of updated asset objects reloaded before import = 0
Number of asset objects unloaded after import = 1
========================================================================
Received Import Request.
  Time of request: 2026-08-05T18:44:52.393784Z
  Time since last request: 0.0002473 seconds.
  importAddress: GUID: bd9e8c758250ef449a4b4bfaad7a2133 - Path: Packages/com.unity.render-pipelines.universal/Textures/FilmGrain/Medium04.png - Importer: ScriptedImporter/UnityEditor.QuickSearchModule:UnityEditor.Search:ASIAI0B
Importing 'GUID: bd9e8c758250ef449a4b4bfaad7a2133 - Path: Packages/com.unity.render-pipelines.universal/Textures/FilmGrain/Medium04.png - Importer: ScriptedImporter/UnityEditor.QuickSearchModule:UnityEditor.Search:ASIAI0B' with importer (ScriptedImporter : UnityEditor.QuickSearchModule:UnityEditor.Search:ASIAI0B)
Imported 'GUID: bd9e8c758250ef449a4b4bfaad7a2133' -> (Import Result ID: '2f6e3751f809d8bdc5686e06829d2971') in 0.004 seconds [static and dynamic dependencies]. Details - ImportResultOutputID=54d23b20473fc2ac1b6e3efa9d546ddf DependenciesID=b97e7ab94b292dd8b8ca748f61b9440d StaticDependenciesID=5003a9d8b608cacbcef0ad6f752dcdd4 
Number of updated asset objects reloaded before import = 0
Number of asset objects unloaded after import = 1
========================================================================
Received Import Request.
  Time of request: 2026-08-05T18:44:52.4066802Z
  Time since last request: 0.0003032 seconds.
  importAddress: GUID: b42c95bdd7efefc43900dbbedc4a39f8 - Path: Packages/com.unity.render-pipelines.universal/Editor/2D/Resources/LightCapTopRight.png - Importer: ScriptedImporter/UnityEditor.QuickSearchModule:UnityEditor.Search:ASIAI0B
Importing 'GUID: b42c95bdd7efefc43900dbbedc4a39f8 - Path: Packages/com.unity.render-pipelines.universal/Editor/2D/Resources/LightCapTopRight.png - Importer: ScriptedImporter/UnityEditor.QuickSearchModule:UnityEditor.Search:ASIAI0B' with importer (ScriptedImporter : UnityEditor.QuickSearchModule:UnityEditor.Search:ASIAI0B)
Imported 'GUID: b42c95bdd7efefc43900dbbedc4a39f8' -> (Import Result ID: '63864d48ddcc9ebcd188216d3ef5fe83') in 0.010 seconds [static and dynamic dependencies]. Details - ImportResultOutputID=b06302a44d26842df4f7f1fcce5038b9 DependenciesID=47ead08f7f3da4de902a1cbe9453c9ca StaticDependenciesID=24c175b4e6539480dc019e71ad06dd6a 
Number of updated asset objects reloaded before import = 0
Number of asset objects unloaded after import = 1
========================================================================
Received Import Request.
  Time of request: 2026-08-05T18:44:52.4418816Z
  Time since last request: 0.0186892 seconds.
  importAddress: GUID: 92228d45c1ff66740bfa9e6d97f7e280 - Path: Packages/com.unity.render-pipelines.universal/Editor/ShaderGraph/Targets/UniversalSubTarget.cs - Importer: ScriptedImporter/UnityEditor.QuickSearchModule:UnityEditor.Search:ASIAI0B
Importing 'GUID: 92228d45c1ff66740bfa9e6d97f7e280 - Path: Packages/com.unity.render-pipelines.universal/Editor/ShaderGraph/Targets/UniversalSubTarget.cs - Importer: ScriptedImporter/UnityEditor.QuickSearchModule:UnityEditor.Search:ASIAI0B' with importer (ScriptedImporter : UnityEditor.QuickSearchModule:UnityEditor.Search:ASIAI0B)
Imported 'GUID: 92228d45c1ff66740bfa9e6d97f7e280' -> (Import Result ID: '574435db92b029bd3de6950ed2d85206') in 0.002 seconds [static and dynamic dependencies]. Details - ImportResultOutputID=fc67ce3da88a76a77cb3491192c32cba DependenciesID=ec4c42a421758b64e24c811f29b7249e StaticDependenciesID=7e418aa67e3747b7745f9f0344ec9c04 
Number of updated asset objects reloaded before import = 0
Number of asset objects unloaded after import = 0
========================================================================
Received Import Request.
  Time of request: 2026-08-05T18:44:52.4514388Z
  Time since last request: 0.0005274 seconds.
  importAddress: GUID: 92f845725428c954b878da352f657fe5 - Path: Packages/com.unity.render-pipelines.universal/Editor/SceneTemplates/Materials/Emissive.mat - Importer: ScriptedImporter/UnityEditor.QuickSearchModule:UnityEditor.Search:ASIAI0B
Importing 'GUID: 92f845725428c954b878da352f657fe5 - Path: Packages/com.unity.render-pipelines.universal/Editor/SceneTemplates/Materials/Emissive.mat - Importer: ScriptedImporter/UnityEditor.QuickSearchModule:UnityEditor.Search:ASIAI0B' with importer (ScriptedImporter : UnityEditor.QuickSearchModule:UnityEditor.Search:ASIAI0B)
Imported 'GUID: 92f845725428c954b878da352f657fe5' -> (Import Result ID: 'd8a218fce44ab33478a17f3299483438') in 0.004 seconds [static and dynamic dependencies]. Details - ImportResultOutputID=3431edb4a933301ad62e4438a56f46e4 DependenciesID=60894a7f7f955872a609be5a14bb3843 StaticDependenciesID=e45b7b278bc3872b9ae6a7e3562ba3e2 
Number of updated asset objects reloaded before import = 0
Number of asset objects unloaded after import = 2
========================================================================
Received Import Request.
  Time of request: 2026-08-05T18:44:52.4633567Z
  Time since last request: 0.0002021 seconds.
  importAddress: GUID: 7b0974d577112814b864532434d162a7 - Path: Packages/com.unity.render-pipelines.universal/Editor/ShaderGraph/Includes/DecalMeshBiasTypeEnum.cs - Importer: ScriptedImporter/UnityEditor.QuickSearchModule:UnityEditor.Search:ASIAI0B
Importing 'GUID: 7b0974d577112814b864532434d162a7 - Path: Packages/com.unity.render-pipelines.universal/Editor/ShaderGraph/Includes/DecalMeshBiasTypeEnum.cs - Importer: ScriptedImporter/UnityEditor.QuickSearchModule:UnityEditor.Search:ASIAI0B' with importer (ScriptedImporter : UnityEditor.QuickSearchModule:UnityEditor.Search:ASIAI0B)
Imported 'GUID: 7b0974d577112814b864532434d162a7' -> (Import Result ID: 'a687417c3ef9e3c20f9acf6f7c4a9714') in 0.002 seconds [static and dynamic dependencies]. Details - ImportResultOutputID=6935ebb0a9478e7aac3fa522a737c28c DependenciesID=f567696d311b870875ed4f5a94f42762 StaticDependenciesID=83c2b365d21629e5716febc04ae1722b 
Number of updated asset objects reloaded before import = 0
Number of asset objects unloaded after import = 0
========================================================================
Received Import Request.
  Time of request: 2026-08-05T18:44:52.4747776Z
  Time since last request: 0.0002903 seconds.
  importAddress: GUID: 2774e65a956f7428a9ba09fe1098e1eb - Path: Packages/com.unity.render-pipelines.universal/Editor/ShaderGraph/Includes/PBRForwardPass.hlsl - Importer: ScriptedImporter/UnityEditor.QuickSearchModule:UnityEditor.Search:ASIAI0B
Importing 'GUID: 2774e65a956f7428a9ba09fe1098e1eb - Path: Packages/com.unity.render-pipelines.universal/Editor/ShaderGraph/Includes/PBRForwardPass.hlsl - Importer: ScriptedImporter/UnityEditor.QuickSearchModule:UnityEditor.Search:ASIAI0B' with importer (ScriptedImporter : UnityEditor.QuickSearchModule:UnityEditor.Search:ASIAI0B)
Imported 'GUID: 2774e65a956f7428a9ba09fe1098e1eb' -> (Import Result ID: '9b6afccb09280ebf03c33919cdee13b1') in 0.002 seconds [static and dynamic dependencies]. Details - ImportResultOutputID=d454ac5ed629c2ed1d3d856e1a7c75ec DependenciesID=f9ce04216b71fa93a05633e53c151068 StaticDependenciesID=a4e5699dc895173f0730a9dfc95f8ae1 
Number of updated asset objects reloaded before import = 0
Number of asset objects unloaded after import = 1
========================================================================
Received Import Request.
  Time of request: 2026-08-05T18:44:52.4851937Z
  Time since last request: 0.0002492 seconds.
  importAddress: GUID: 6f5f3e944558b294093fde8026e4d36e - Path: Packages/com.unity.render-pipelines.universal/Editor/SceneTemplates/Indoors/Indoors Baking Set.asset - Importer: ScriptedImporter/UnityEditor.QuickSearchModule:UnityEditor.Search:ASIAI0B
Importing 'GUID: 6f5f3e944558b294093fde8026e4d36e - Path: Packages/com.unity.render-pipelines.universal/Editor/SceneTemplates/Indoors/Indoors Baking Set.asset - Importer: ScriptedImporter/UnityEditor.QuickSearchModule:UnityEditor.Search:ASIAI0B' with importer (ScriptedImporter : UnityEditor.QuickSearchModule:UnityEditor.Search:ASIAI0B)
Imported 'GUID: 6f5f3e944558b294093fde8026e4d36e' -> (Import Result ID: 'd034a49a4e6ea6bb2d053a8b6aadb089') in 0.032 seconds [static and dynamic dependencies]. Details - ImportResultOutputID=3595c600a0cd93c6585a40d5de01d048 DependenciesID=68d19ebe1999f94a0e4ba96e88d896ac StaticDependenciesID=d9f4de58bdbb0b88a77438da5e0f84c5 
Number of updated asset objects reloaded before import = 0
Number of asset objects unloaded after import = 1
========================================================================
Received Import Request.
  Time of request: 2026-08-05T18:44:52.5252002Z
  Time since last request: 0.0002879 seconds.
  importAddress: GUID: 3e01bbae25716b24ea9da11102b44902 - Path: Packages/com.unity.render-pipelines.universal/Editor/ShaderGraph/GraphTemplates/UITKFullTemplate.shadergraph - Importer: ScriptedImporter/UnityEditor.QuickSearchModule:UnityEditor.Search:ASIAI0B
Importing 'GUID: 3e01bbae25716b24ea9da11102b44902 - Path: Packages/com.unity.render-pipelines.universal/Editor/ShaderGraph/GraphTemplates/UITKFullTemplate.shadergraph - Importer: ScriptedImporter/UnityEditor.QuickSearchModule:UnityEditor.Search:ASIAI0B' with importer (ScriptedImporter : UnityEditor.QuickSearchModule:UnityEditor.Search:ASIAI0B)
Imported 'GUID: 3e01bbae25716b24ea9da11102b44902' -> (Import Result ID: '4c26e8e2bd2e77b59af9cc4f9a323fc2') in 0.011 seconds [static and dynamic dependencies]. Details - ImportResultOutputID=f6e497cffa1ea817e5a79ad89f2316f3 DependenciesID=dba8fa465bc0440af1baf2821cd6ca37 StaticDependenciesID=51e48f3400b42f832fafe191e736b2ac 
Number of updated asset objects reloaded before import = 0
Number of asset objects unloaded after import = 5
========================================================================
Received Import Request.
  Time of request: 2026-08-05T18:44:52.5578356Z
  Time since last request: 0.014538 seconds.
  importAddress: GUID: 1202285d83908604784202e4a57aa93c - Path: Packages/com.unity.render-pipelines.universal/Runtime/2D/Lights/Light2DPoint.cs - Importer: ScriptedImporter/UnityEditor.QuickSearchModule:UnityEditor.Search:ASIAI0B
Importing 'GUID: 1202285d83908604784202e4a57aa93c - Path: Packages/com.unity.render-pipelines.universal/Runtime/2D/Lights/Light2DPoint.cs - Importer: ScriptedImporter/UnityEditor.QuickSearchModule:UnityEditor.Search:ASIAI0B' with importer (ScriptedImporter : UnityEditor.QuickSearchModule:UnityEditor.Search:ASIAI0B)
Imported 'GUID: 1202285d83908604784202e4a57aa93c' -> (Import Result ID: '31a9b848cdf1028e9a07d15755938de8') in 0.002 seconds [static and dynamic dependencies]. Details - ImportResultOutputID=66887d1e2c1df48b05dd13b1a31fdea2 DependenciesID=0227172e8c59eba53fd512d8c2eb7ecd StaticDependenciesID=369ba9a14ca2ddb358c8b617615026dc 
Number of updated asset objects reloaded before import = 0
Number of asset objects unloaded after import = 0
========================================================================
Received Import Request.
  Time of request: 2026-08-05T18:44:52.5673328Z
  Time since last request: 0.000508 seconds.
  importAddress: GUID: 9d3c965386a423a4b9b2f6b30ecad735 - Path: Packages/com.unity.render-pipelines.universal/Runtime/2D/Shadows/ShadowCasterGroup2DManager.cs - Importer: ScriptedImporter/UnityEditor.QuickSearchModule:UnityEditor.Search:ASIAI0B
Importing 'GUID: 9d3c965386a423a4b9b2f6b30ecad735 - Path: Packages/com.unity.render-pipelines.universal/Runtime/2D/Shadows/ShadowCasterGroup2DManager.cs - Importer: ScriptedImporter/UnityEditor.QuickSearchModule:UnityEditor.Search:ASIAI0B' with importer (ScriptedImporter : UnityEditor.QuickSearchModule:UnityEditor.Search:ASIAI0B)
Imported 'GUID: 9d3c965386a423a4b9b2f6b30ecad735' -> (Import Result ID: 'eaaa617fc0d2ecf2eb994f08f7b83be3') in 0.002 seconds [static and dynamic dependencies]. Details - ImportResultOutputID=20531e5c59f2a4722523a853098cea49 DependenciesID=4109d1bb349ce46818c920a2051123dd StaticDependenciesID=221dd995c41533e89859e775e3e9d925 
Number of updated asset objects reloaded before import = 0
Number of asset objects unloaded after import = 0
========================================================================
Received Import Request.
  Time of request: 2026-08-05T18:44:52.5778889Z
  Time since last request: 0.0005126 seconds.
  importAddress: GUID: 43645433359a9a8488056103f59e201d - Path: Packages/com.unity.render-pipelines.universal/Runtime/2D/RendererFeatures/ScriptableRenderPass2D.cs - Importer: ScriptedImporter/UnityEditor.QuickSearchModule:UnityEditor.Search:ASIAI0B
Importing 'GUID: 43645433359a9a8488056103f59e201d - Path: Packages/com.unity.render-pipelines.universal/Runtime/2D/RendererFeatures/ScriptableRenderPass2D.cs - Importer: ScriptedImporter/UnityEditor.QuickSearchModule:UnityEditor.Search:ASIAI0B' with importer (ScriptedImporter : UnityEditor.QuickSearchModule:UnityEditor.Search:ASIAI0B)
Imported 'GUID: 43645433359a9a8488056103f59e201d' -> (Import Result ID: 'fb353cb4c05887c89b51356eec896c01') in 0.003 seconds [static and dynamic dependencies]. Details - ImportResultOutputID=141c2980078e1090afb9cc8b94b952a2 DependenciesID=d9bab374c74c5a576838d45f0992811a StaticDependenciesID=dca13f6104c78935e013757d1db07f99 
Number of updated asset objects reloaded before import = 0
Number of asset objects unloaded after import = 0
========================================================================
Received Import Request.
  Time of request: 2026-08-05T18:44:52.5880775Z
  Time since last request: 0.0003207 seconds.
  importAddress: GUID: 074e9a8a8d8919e469b8dd79c7dc69a9 - Path: Packages/com.unity.render-pipelines.universal/Runtime/2D/Lights/Light2DShape.cs - Importer: ScriptedImporter/UnityEditor.QuickSearchModule:UnityEditor.Search:ASIAI0B
Importing 'GUID: 074e9a8a8d8919e469b8dd79c7dc69a9 - Path: Packages/com.unity.render-pipelines.universal/Runtime/2D/Lights/Light2DShape.cs - Importer: ScriptedImporter/UnityEditor.QuickSearchModule:UnityEditor.Search:ASIAI0B' with importer (ScriptedImporter : UnityEditor.QuickSearchModule:UnityEditor.Search:ASIAI0B)
Imported 'GUID: 074e9a8a8d8919e469b8dd79c7dc69a9' -> (Import Result ID: '455b625b524d5cbe9d68e5b4cbdd7c9c') in 0.002 seconds [static and dynamic dependencies]. Details - ImportResultOutputID=35f89ad335a2e636abd415e43839a517 DependenciesID=483293ef2698a8061cf42ee3f5c313dd StaticDependenciesID=97e30d526f1cc82075801fbed48e3b56 
Number of updated asset objects reloaded before import = 0
Number of asset objects unloaded after import = 0
========================================================================
Received Import Request.
  Time of request: 2026-08-05T18:44:52.5973211Z
  Time since last request: 0.000285 seconds.
  importAddress: GUID: 932911033fe1e934bbc87b0e1d9dd74e - Path: Packages/com.unity.render-pipelines.universal/Editor/Tools/Converters/BuiltInToURP3DRenderSettingsConverter.cs - Importer: ScriptedImporter/UnityEditor.QuickSearchModule:UnityEditor.Search:ASIAI0B
Importing 'GUID: 932911033fe1e934bbc87b0e1d9dd74e - Path: Packages/com.unity.render-pipelines.universal/Editor/Tools/Converters/BuiltInToURP3DRenderSettingsConverter.cs - Importer: ScriptedImporter/UnityEditor.QuickSearchModule:UnityEditor.Search:ASIAI0B' with importer (ScriptedImporter : UnityEditor.QuickSearchModule:UnityEditor.Search:ASIAI0B)
Imported 'GUID: 932911033fe1e934bbc87b0e1d9dd74e' -> (Import Result ID: 'cd76e67628517c30fc1c9a46b3682384') in 0.002 seconds [static and dynamic dependencies]. Details - ImportResultOutputID=f8a798fcd98682d2616d1a29348f0450 DependenciesID=34f5e3a1c1bb2b4f329bbdaa81cbebda StaticDependenciesID=ff86a6a0be0dfef88149f3c12f6a5456 
Number of updated asset objects reloaded before import = 0
Number of asset objects unloaded after import = 0
========================================================================
Received Import Request.
  Time of request: 2026-08-05T18:44:52.6068274Z
  Time since last request: 0.0003051 seconds.
  importAddress: GUID: b33851187d4324530b9f7abfe14d0137 - Path: Packages/com.unity.render-pipelines.universal/Editor/ShaderGUI/ShadingModels/LitGUI.cs - Importer: ScriptedImporter/UnityEditor.QuickSearchModule:UnityEditor.Search:ASIAI0B
Importing 'GUID: b33851187d4324530b9f7abfe14d0137 - Path: Packages/com.unity.render-pipelines.universal/Editor/ShaderGUI/ShadingModels/LitGUI.cs - Importer: ScriptedImporter/UnityEditor.QuickSearchModule:UnityEditor.Search:ASIAI0B' with importer (ScriptedImporter : UnityEditor.QuickSearchModule:UnityEditor.Search:ASIAI0B)
Imported 'GUID: b33851187d4324530b9f7abfe14d0137' -> (Import Result ID: '9378fb5701c1b67a43bf6a00a553b80d') in 0.002 seconds [static and dynamic dependencies]. Details - ImportResultOutputID=14111aee6a9070c289ac983cb7adc507 DependenciesID=795027f02e48b788bdd5e1788f4a4b3e StaticDependenciesID=b12acac5882e86bf9715cf33af7aab56 
Number of updated asset objects reloaded before import = 0
Number of asset objects unloaded after import = 0
========================================================================
Received Import Request.
  Time of request: 2026-08-05T18:44:52.6180751Z
  Time since last request: 0.0002657 seconds.
  importAddress: GUID: a72ab9c46e7987c40bcd48bcf9e7c0dd - Path: Packages/com.unity.render-pipelines.universal/Editor/ShaderGUI/Shaders/LitShader.cs - Importer: ScriptedImporter/UnityEditor.QuickSearchModule:UnityEditor.Search:ASIAI0B
Importing 'GUID: a72ab9c46e7987c40bcd48bcf9e7c0dd - Path: Packages/com.unity.render-pipelines.universal/Editor/ShaderGUI/Shaders/LitShader.cs - Importer: ScriptedImporter/UnityEditor.QuickSearchModule:UnityEditor.Search:ASIAI0B' with importer (ScriptedImporter : UnityEditor.QuickSearchModule:UnityEditor.Search:ASIAI0B)
Imported 'GUID: a72ab9c46e7987c40bcd48bcf9e7c0dd' -> (Import Result ID: '78da19f3fac5f5e92cee473c4e696f7d') in 0.002 seconds [static and dynamic dependencies]. Details - ImportResultOutputID=2399eaeed32b8f6957e4964cfb9aee91 DependenciesID=03bd9a232aec44bfaf3eb59ff0cde176 StaticDependenciesID=e2c64cc321fcb941f7129d6d210b388a 
Number of updated asset objects reloaded before import = 0
Number of asset objects unloaded after import = 0
========================================================================
Received Import Request.
  Time of request: 2026-08-05T18:44:52.6288544Z
  Time since last request: 0.0003236 seconds.
  importAddress: GUID: 945210f2273dc4103a75482ed684d524 - Path: Assets/Art/Cards/kenney_playing-cards-pack-2/PNG/Cards (large)/card_clubs_06.png - Importer: PreviewImporter
Importing 'GUID: 945210f2273dc4103a75482ed684d524 - Path: Assets/Art/Cards/kenney_playing-cards-pack-2/PNG/Cards (large)/card_clubs_06.png - Importer: PreviewImporter' with importer (PreviewImporter)
Imported 'GUID: 945210f2273dc4103a75482ed684d524' -> (Import Result ID: '1fc38e098e9561d1b2daccedbb186378') in 0.064 seconds [static and dynamic dependencies]. Details - ImportResultOutputID=51abe36dc32e472b96118f017ba87e3a DependenciesID=e5eba0a07fb762ac28ebc5afe357170a StaticDependenciesID=9d2a604fdf45f24b9f0f32678ec16cb1 
Number of updated asset objects reloaded before import = 0
Number of asset objects unloaded after import = 3
========================================================================
Received Import Request.
  Time of request: 2026-08-05T18:44:52.7031879Z
  Time since last request: 0.0000174 seconds.
  importAddress: GUID: ac160f8e04d8868418f09da1757e85ac - Path: Packages/com.unity.render-pipelines.universal/Runtime/VFXGraph/Shaders/VFXLitPixelOutput.hlsl - Importer: ScriptedImporter/UnityEditor.QuickSearchModule:UnityEditor.Search:ASIAI0B
Importing 'GUID: ac160f8e04d8868418f09da1757e85ac - Path: Packages/com.unity.render-pipelines.universal/Runtime/VFXGraph/Shaders/VFXLitPixelOutput.hlsl - Importer: ScriptedImporter/UnityEditor.QuickSearchModule:UnityEditor.Search:ASIAI0B' with importer (ScriptedImporter : UnityEditor.QuickSearchModule:UnityEditor.Search:ASIAI0B)
Imported 'GUID: ac160f8e04d8868418f09da1757e85ac' -> (Import Result ID: '791538cc144abd5b8d8c5f46617c6806') in 0.008 seconds [static and dynamic dependencies]. Details - ImportResultOutputID=f6b29b67da2f7ba6f1c52a9bdbe904f8 DependenciesID=347b9beb3a0674d374dceee0ffc5e11e StaticDependenciesID=9ff963fbb34a953f077f37d72016b32f 
Number of updated asset objects reloaded before import = 0
Number of asset objects unloaded after import = 1
========================================================================
Received Import Request.
  Time of request: 2026-08-05T18:44:52.7197838Z
  Time since last request: 0.0002917 seconds.
  importAddress: GUID: fc978838bb481b649b885c2d6bbbbb4f - Path: Packages/com.unity.render-pipelines.universal/Runtime/2D/Sources/Shadow2DProviderSource.cs - Importer: ScriptedImporter/UnityEditor.QuickSearchModule:UnityEditor.Search:ASIAI0B
Importing 'GUID: fc978838bb481b649b885c2d6bbbbb4f - Path: Packages/com.unity.render-pipelines.universal/Runtime/2D/Sources/Shadow2DProviderSource.cs - Importer: ScriptedImporter/UnityEditor.QuickSearchModule:UnityEditor.Search:ASIAI0B' with importer (ScriptedImporter : UnityEditor.QuickSearchModule:UnityEditor.Search:ASIAI0B)
Imported 'GUID: fc978838bb481b649b885c2d6bbbbb4f' -> (Import Result ID: '811a47a93af1ca3d95820deeb785f076') in 0.002 seconds [static and dynamic dependencies]. Details - ImportResultOutputID=c6628c87abd4be557e7967b820827bd0 DependenciesID=e43a39fea71549841155fbb9d0830cb7 StaticDependenciesID=b25182a682e1f4c35bb904a73f0680b4 
Number of updated asset objects reloaded before import = 0
Number of asset objects unloaded after import = 0
========================================================================
Received Import Request.
  Time of request: 2026-08-05T18:44:52.7303906Z
  Time since last request: 0.0002631 seconds.
  importAddress: GUID: 8820d60aea9a4c6fa6d11ddb83d1db90 - Path: Packages/com.unity.render-pipelines.universal/Runtime/Passes/PostProcess/LensFlareDataDrivenPostProcessPass.cs - Importer: ScriptedImporter/UnityEditor.QuickSearchModule:UnityEditor.Search:ASIAI0B
Importing 'GUID: 8820d60aea9a4c6fa6d11ddb83d1db90 - Path: Packages/com.unity.render-pipelines.universal/Runtime/Passes/PostProcess/LensFlareDataDrivenPostProcessPass.cs - Importer: ScriptedImporter/UnityEditor.QuickSearchModule:UnityEditor.Search:ASIAI0B' with importer (ScriptedImporter : UnityEditor.QuickSearchModule:UnityEditor.Search:ASIAI0B)
Imported 'GUID: 8820d60aea9a4c6fa6d11ddb83d1db90' -> (Import Result ID: 'fd136ae298a856695d654cbaafb2af79') in 0.003 seconds [static and dynamic dependencies]. Details - ImportResultOutputID=cf16dca3b4b5db5d23ec37e2112d0785 DependenciesID=6a1693d1d29a605d13b646c047fedbe8 StaticDependenciesID=63c75071ebb8df3c5053b6d57b0d21a1 
Number of updated asset objects reloaded before import = 0
Number of asset objects unloaded after import = 0
========================================================================
Received Import Request.
  Time of request: 2026-08-05T18:44:52.7489313Z
  Time since last request: 0.0066197 seconds.
  importAddress: GUID: 15c09e9f82634f5881e6676d62f25bcb - Path: Packages/com.unity.render-pipelines.universal/Shaders/2D/Include/InputData2D.hlsl - Importer: ScriptedImporter/UnityEditor.QuickSearchModule:UnityEditor.Search:ASIAI0B
Importing 'GUID: 15c09e9f82634f5881e6676d62f25bcb - Path: Packages/com.unity.render-pipelines.universal/Shaders/2D/Include/InputData2D.hlsl - Importer: ScriptedImporter/UnityEditor.QuickSearchModule:UnityEditor.Search:ASIAI0B' with importer (ScriptedImporter : UnityEditor.QuickSearchModule:UnityEditor.Search:ASIAI0B)
Imported 'GUID: 15c09e9f82634f5881e6676d62f25bcb' -> (Import Result ID: '5e0ef460317984a3a24e70c2d90eb0ab') in 0.010 seconds [static and dynamic dependencies]. Details - ImportResultOutputID=1c7d89a49ded6b8015f11c4a673a132c DependenciesID=06d052495cbccc7420fff8fc5f89e660 StaticDependenciesID=2cbf8ce52d6bd2638f818c6dc93c4380 
Number of updated asset objects reloaded before import = 0
Number of asset objects unloaded after import = 1
========================================================================
Received Import Request.
  Time of request: 2026-08-05T18:44:52.7669961Z
  Time since last request: 0.0003124 seconds.
  importAddress: GUID: c989e1ed85cf7154caa922fec53e6af6 - Path: Packages/com.unity.render-pipelines.universal/Textures/BlueNoise16/L/LDR_LLL1_27.png - Importer: ScriptedImporter/UnityEditor.QuickSearchModule:UnityEditor.Search:ASIAI0B
Importing 'GUID: c989e1ed85cf7154caa922fec53e6af6 - Path: Packages/com.unity.render-pipelines.universal/Textures/BlueNoise16/L/LDR_LLL1_27.png - Importer: ScriptedImporter/UnityEditor.QuickSearchModule:UnityEditor.Search:ASIAI0B' with importer (ScriptedImporter : UnityEditor.QuickSearchModule:UnityEditor.Search:ASIAI0B)
Imported 'GUID: c989e1ed85cf7154caa922fec53e6af6' -> (Import Result ID: '7a17eb5380cb06180d03e307cca0e237') in 0.005 seconds [static and dynamic dependencies]. Details - ImportResultOutputID=7c549f4b507af28412644ccac589f45a DependenciesID=501d1014b9c338fab15524ad122c6751 StaticDependenciesID=8e0f7519d722f83cbfec1514eec824e4 
Number of updated asset objects reloaded before import = 0
Number of asset objects unloaded after import = 1
========================================================================
Received Import Request.
  Time of request: 2026-08-05T18:44:52.7804918Z
  Time since last request: 0.0002229 seconds.
  importAddress: GUID: f69770e54f2823f43badf77916acad83 - Path: Packages/com.unity.render-pipelines.universal/Textures/BlueNoise16/L/LDR_LLL1_22.png - Importer: ScriptedImporter/UnityEditor.QuickSearchModule:UnityEditor.Search:ASIAI0B
Importing 'GUID: f69770e54f2823f43badf77916acad83 - Path: Packages/com.unity.render-pipelines.universal/Textures/BlueNoise16/L/LDR_LLL1_22.png - Importer: ScriptedImporter/UnityEditor.QuickSearchModule:UnityEditor.Search:ASIAI0B' with importer (ScriptedImporter : UnityEditor.QuickSearchModule:UnityEditor.Search:ASIAI0B)
Imported 'GUID: f69770e54f2823f43badf77916acad83' -> (Import Result ID: '115ac5c7f14619d2fbb6f70dbc259bfe') in 0.004 seconds [static and dynamic dependencies]. Details - ImportResultOutputID=d1a6953d53fc9cdfcdc69d5789ada033 DependenciesID=555b9e9a94d03c90f2083f09795c0918 StaticDependenciesID=0c7b492e9b9be7b3a33918119d440730 
Number of updated asset objects reloaded before import = 0
Number of asset objects unloaded after import = 1
========================================================================
Received Import Request.
  Time of request: 2026-08-05T18:44:52.7910148Z
  Time since last request: 0.0002132 seconds.
  importAddress: GUID: c9ac51d204bc24b118ec6bc5ab6c29c6 - Path: Packages/com.unity.render-pipelines.universal/Shaders/2D/Include/SpriteMaskShared.hlsl - Importer: ScriptedImporter/UnityEditor.QuickSearchModule:UnityEditor.Search:ASIAI0B
Importing 'GUID: c9ac51d204bc24b118ec6bc5ab6c29c6 - Path: Packages/com.unity.render-pipelines.universal/Shaders/2D/Include/SpriteMaskShared.hlsl - Importer: ScriptedImporter/UnityEditor.QuickSearchModule:UnityEditor.Search:ASIAI0B' with importer (ScriptedImporter : UnityEditor.QuickSearchModule:UnityEditor.Search:ASIAI0B)
Imported 'GUID: c9ac51d204bc24b118ec6bc5ab6c29c6' -> (Import Result ID: 'fd1cd3c7fc8cf572f9af12086e83e00d') in 0.008 seconds [static and dynamic dependencies]. Details - ImportResultOutputID=76ba6e9ddcb9b6bdc5f5c6e10f77d123 DependenciesID=d6ed7d82964957c44b6ca32a9c340cc5 StaticDependenciesID=0b9f4c8f986569341ab3b6a8dc719f65 
Number of updated asset objects reloaded before import = 0
Number of asset objects unloaded after import = 1
========================================================================
Received Import Request.
  Time of request: 2026-08-05T18:44:52.8067225Z
  Time since last request: 0.0002122 seconds.
  importAddress: GUID: 2861459260b14a2481f8f8e7f6637d8f - Path: Packages/com.unity.render-pipelines.universal/Shaders/2D/Include/SurfaceData2D.hlsl - Importer: ScriptedImporter/UnityEditor.QuickSearchModule:UnityEditor.Search:ASIAI0B
Importing 'GUID: 2861459260b14a2481f8f8e7f6637d8f - Path: Packages/com.unity.render-pipelines.universal/Shaders/2D/Include/SurfaceData2D.hlsl - Importer: ScriptedImporter/UnityEditor.QuickSearchModule:UnityEditor.Search:ASIAI0B' with importer (ScriptedImporter : UnityEditor.QuickSearchModule:UnityEditor.Search:ASIAI0B)
Imported 'GUID: 2861459260b14a2481f8f8e7f6637d8f' -> (Import Result ID: 'a2b9f48ab73182b332ba9a86c7086d3e') in 0.008 seconds [static and dynamic dependencies]. Details - ImportResultOutputID=b0041be61d2c6e5ed6c6c95dae4fcb5e DependenciesID=dd3694319b2941ac431df2e54579169e StaticDependenciesID=de18dd6aeb80b62567cdd298069f3b59 
Number of updated asset objects reloaded before import = 0
Number of asset objects unloaded after import = 1
========================================================================
Received Import Request.
  Time of request: 2026-08-05T18:44:52.8383964Z
  Time since last request: 0.0149402 seconds.
  importAddress: GUID: b1d9d11b6a33b4b4e83c36bd926bbb77 - Path: Packages/com.unity.render-pipelines.universal/Editor/2D/ShaderGraph/AssetCallbacks/CreateSpriteUnlitShaderGraph.cs - Importer: ScriptedImporter/UnityEditor.QuickSearchModule:UnityEditor.Search:ASIAI0B
Importing 'GUID: b1d9d11b6a33b4b4e83c36bd926bbb77 - Path: Packages/com.unity.render-pipelines.universal/Editor/2D/ShaderGraph/AssetCallbacks/CreateSpriteUnlitShaderGraph.cs - Importer: ScriptedImporter/UnityEditor.QuickSearchModule:UnityEditor.Search:ASIAI0B' with importer (ScriptedImporter : UnityEditor.QuickSearchModule:UnityEditor.Search:ASIAI0B)
Imported 'GUID: b1d9d11b6a33b4b4e83c36bd926bbb77' -> (Import Result ID: '735e31ab81fe15e5fac4d60a1e63d3ba') in 0.002 seconds [static and dynamic dependencies]. Details - ImportResultOutputID=59885330dc95a6bc3fa2f7535f2452b1 DependenciesID=411f4429265a8db4870c6cb4be976c43 StaticDependenciesID=990e75162bbfe73a19078caf0fee8d6b 
Number of updated asset objects reloaded before import = 0
Number of asset objects unloaded after import = 0
========================================================================
Received Import Request.
  Time of request: 2026-08-05T18:44:52.8478255Z
  Time since last request: 0.0005006 seconds.
  importAddress: GUID: 16b454c8be4c1854fab1aa702812af16 - Path: Packages/com.unity.render-pipelines.universal/Editor/VFXGraph/Shaders/Templates/VFXParticleCube.template - Importer: ScriptedImporter/UnityEditor.QuickSearchModule:UnityEditor.Search:ASIAI0B
Importing 'GUID: 16b454c8be4c1854fab1aa702812af16 - Path: Packages/com.unity.render-pipelines.universal/Editor/VFXGraph/Shaders/Templates/VFXParticleCube.template - Importer: ScriptedImporter/UnityEditor.QuickSearchModule:UnityEditor.Search:ASIAI0B' with importer (ScriptedImporter : UnityEditor.QuickSearchModule:UnityEditor.Search:ASIAI0B)
Imported 'GUID: 16b454c8be4c1854fab1aa702812af16' -> (Import Result ID: 'f5ff9374bd18485ad20eade5df707087') in 0.002 seconds [static and dynamic dependencies]. Details - ImportResultOutputID=3b00db674d8780895095e70da4ec91f4 DependenciesID=02429fe3c01a6e6d9956238fb5694c97 StaticDependenciesID=285a4374933a4b8c49c2b449867c6aba 
Number of updated asset objects reloaded before import = 0
Number of asset objects unloaded after import = 1
========================================================================
Received Import Request.
  Time of request: 2026-08-05T18:44:52.8576663Z
  Time since last request: 0.0003523 seconds.
  importAddress: GUID: 7f923c32ff8dfab40b5673135ddb6cd4 - Path: Packages/com.unity.render-pipelines.universal/Editor/2D/Resources/SceneViewIcons/GlobalLight.png - Importer: ScriptedImporter/UnityEditor.QuickSearchModule:UnityEditor.Search:ASIAI0B
Importing 'GUID: 7f923c32ff8dfab40b5673135ddb6cd4 - Path: Packages/com.unity.render-pipelines.universal/Editor/2D/Resources/SceneViewIcons/GlobalLight.png - Importer: ScriptedImporter/UnityEditor.QuickSearchModule:UnityEditor.Search:ASIAI0B' with importer (ScriptedImporter : UnityEditor.QuickSearchModule:UnityEditor.Search:ASIAI0B)
Imported 'GUID: 7f923c32ff8dfab40b5673135ddb6cd4' -> (Import Result ID: '76ecbb0445a93717e96d745a73f4a728') in 0.005 seconds [static and dynamic dependencies]. Details - ImportResultOutputID=ce9f9f26872d83a7b766297e762eedce DependenciesID=0da354c56f586a81651d2563277d3fe0 StaticDependenciesID=f31f434bd9b96e17fe627d86c94d0f38 
Number of updated asset objects reloaded before import = 0
Number of asset objects unloaded after import = 1
========================================================================
Received Import Request.
  Time of request: 2026-08-05T18:44:52.8725862Z
  Time since last request: 0.0002738 seconds.
  importAddress: GUID: 571ac9b288ab81e4c9c3aad150d6cb3e - Path: Packages/com.unity.render-pipelines.universal/Editor/VFXGraph/Shaders/Templates/VFXParticleLitPlanarPrimitive.template - Importer: ScriptedImporter/UnityEditor.QuickSearchModule:UnityEditor.Search:ASIAI0B
Importing 'GUID: 571ac9b288ab81e4c9c3aad150d6cb3e - Path: Packages/com.unity.render-pipelines.universal/Editor/VFXGraph/Shaders/Templates/VFXParticleLitPlanarPrimitive.template - Importer: ScriptedImporter/UnityEditor.QuickSearchModule:UnityEditor.Search:ASIAI0B' with importer (ScriptedImporter : UnityEditor.QuickSearchModule:UnityEditor.Search:ASIAI0B)
Imported 'GUID: 571ac9b288ab81e4c9c3aad150d6cb3e' -> (Import Result ID: 'b453a0de77d727d65c74508344b481e7') in 0.002 seconds [static and dynamic dependencies]. Details - ImportResultOutputID=02509dadc35e028b564dafcd29a414f4 DependenciesID=5c371408d58b85eae80aeb5163a11b98 StaticDependenciesID=5ed742ea556e446eaa1e65b2d6a86e4f 
Number of updated asset objects reloaded before import = 0
Number of asset objects unloaded after import = 1
========================================================================
Received Import Request.
  Time of request: 2026-08-05T18:44:52.8827021Z
  Time since last request: 0.0002263 seconds.
  importAddress: GUID: 78121747aa974234f94f7fda667dbbe1 - Path: Packages/com.unity.render-pipelines.universal/Editor/ShaderGraph/Includes/Terrain/DepthNormalsOnlyPass.hlsl - Importer: ScriptedImporter/UnityEditor.QuickSearchModule:UnityEditor.Search:ASIAI0B
Importing 'GUID: 78121747aa974234f94f7fda667dbbe1 - Path: Packages/com.unity.render-pipelines.universal/Editor/ShaderGraph/Includes/Terrain/DepthNormalsOnlyPass.hlsl - Importer: ScriptedImporter/UnityEditor.QuickSearchModule:UnityEditor.Search:ASIAI0B' with importer (ScriptedImporter : UnityEditor.QuickSearchModule:UnityEditor.Search:ASIAI0B)
Imported 'GUID: 78121747aa974234f94f7fda667dbbe1' -> (Import Result ID: '4bce35b5cb23ef6a379b18859982b6cf') in 0.002 seconds [static and dynamic dependencies]. Details - ImportResultOutputID=a841e0de396f7bc6ec42b814462a1124 DependenciesID=019b40eeddb82d0e95b71ee45033b09f StaticDependenciesID=68ac70c6855e92bbb35fa290cb610937 
Number of updated asset objects reloaded before import = 0
Number of asset objects unloaded after import = 1
========================================================================
Received Import Request.
  Time of request: 2026-08-05T18:44:52.8919687Z
  Time since last request: 0.0002833 seconds.
  importAddress: GUID: e9aa28223a914899adffca20c1ff4226 - Path: Packages/com.unity.render-pipelines.universal/Editor/2D/ShaderGraph/Nodes/LightTextureNode.cs - Importer: ScriptedImporter/UnityEditor.QuickSearchModule:UnityEditor.Search:ASIAI0B
Importing 'GUID: e9aa28223a914899adffca20c1ff4226 - Path: Packages/com.unity.render-pipelines.universal/Editor/2D/ShaderGraph/Nodes/LightTextureNode.cs - Importer: ScriptedImporter/UnityEditor.QuickSearchModule:UnityEditor.Search:ASIAI0B' with importer (ScriptedImporter : UnityEditor.QuickSearchModule:UnityEditor.Search:ASIAI0B)
Imported 'GUID: e9aa28223a914899adffca20c1ff4226' -> (Import Result ID: 'b644081edcb85ee43dfba2a1790db6db') in 0.003 seconds [static and dynamic dependencies]. Details - ImportResultOutputID=a8478ec0957b96be6b45f486ce18417d DependenciesID=7351344f5ae6bdeb4c416c3be16b7c74 StaticDependenciesID=b70f0786add14a073346636d65c20806 
Number of updated asset objects reloaded before import = 0
Number of asset objects unloaded after import = 0
========================================================================
Received Import Request.
  Time of request: 2026-08-05T18:44:52.9037055Z
  Time since last request: 0.0002834 seconds.
  importAddress: GUID: 349d67d896d33a54181e800b229b65ec - Path: Packages/com.unity.render-pipelines.universal/Editor/VFXGraph/Shaders/Templates/VFXParticleLinesSW.template - Importer: ScriptedImporter/UnityEditor.QuickSearchModule:UnityEditor.Search:ASIAI0B
Importing 'GUID: 349d67d896d33a54181e800b229b65ec - Path: Packages/com.unity.render-pipelines.universal/Editor/VFXGraph/Shaders/Templates/VFXParticleLinesSW.template - Importer: ScriptedImporter/UnityEditor.QuickSearchModule:UnityEditor.Search:ASIAI0B' with importer (ScriptedImporter : UnityEditor.QuickSearchModule:UnityEditor.Search:ASIAI0B)
Imported 'GUID: 349d67d896d33a54181e800b229b65ec' -> (Import Result ID: 'ae053f24f9f6bd567b33071e2e88d41d') in 0.002 seconds [static and dynamic dependencies]. Details - ImportResultOutputID=86b917e2688c8f0f3a402bf82d08eaef DependenciesID=61e1d9cbd995f5c61135a7e201613cf1 StaticDependenciesID=c0812275d55e57d339f6044eaa312752 
Number of updated asset objects reloaded before import = 0
Number of asset objects unloaded after import = 1
========================================================================
Received Import Request.
  Time of request: 2026-08-05T18:44:52.9131802Z
  Time since last request: 0.0003008 seconds.
  importAddress: GUID: b8fd50c1927bb714b8fe5141cb40f34a - Path: Packages/com.unity.render-pipelines.universal/Editor/VFXGraph/Shaders/Templates/VFXParticleDecal.template - Importer: ScriptedImporter/UnityEditor.QuickSearchModule:UnityEditor.Search:ASIAI0B
Importing 'GUID: b8fd50c1927bb714b8fe5141cb40f34a - Path: Packages/com.unity.render-pipelines.universal/Editor/VFXGraph/Shaders/Templates/VFXParticleDecal.template - Importer: ScriptedImporter/UnityEditor.QuickSearchModule:UnityEditor.Search:ASIAI0B' with importer (ScriptedImporter : UnityEditor.QuickSearchModule:UnityEditor.Search:ASIAI0B)
Imported 'GUID: b8fd50c1927bb714b8fe5141cb40f34a' -> (Import Result ID: '1ccd6acf90d53c92297ef33df2ffe5c7') in 0.002 seconds [static and dynamic dependencies]. Details - ImportResultOutputID=83a035be4d3e9c0931b2b636341f39a2 DependenciesID=e1ec9d7570da87b215fb64d4a9599167 StaticDependenciesID=5e57cd9cfa02126c00471c693f48da30 
Number of updated asset objects reloaded before import = 0
Number of asset objects unloaded after import = 1
========================================================================
Received Import Request.
  Time of request: 2026-08-05T18:44:52.9221779Z
  Time since last request: 0.0003743 seconds.
  importAddress: GUID: 39451254daebd6d40b52899c1f1c0c1b - Path: Packages/com.unity.render-pipelines.universal/Textures/BlueNoise16/L/LDR_LLL1_6.png - Importer: ScriptedImporter/UnityEditor.QuickSearchModule:UnityEditor.Search:ASIAI0B
Importing 'GUID: 39451254daebd6d40b52899c1f1c0c1b - Path: Packages/com.unity.render-pipelines.universal/Textures/BlueNoise16/L/LDR_LLL1_6.png - Importer: ScriptedImporter/UnityEditor.QuickSearchModule:UnityEditor.Search:ASIAI0B' with importer (ScriptedImporter : UnityEditor.QuickSearchModule:UnityEditor.Search:ASIAI0B)
Imported 'GUID: 39451254daebd6d40b52899c1f1c0c1b' -> (Import Result ID: '0ec114cfabcf9ee22ec4c0a05c6e7186') in 0.004 seconds [static and dynamic dependencies]. Details - ImportResultOutputID=fb71eb0ec24b01ac7abea43f31440f89 DependenciesID=ed04cb89d7dc8475db8db36bd0829bec StaticDependenciesID=33cf6f819bfa43424a05ab1fd76afb3c 
Number of updated asset objects reloaded before import = 0
Number of asset objects unloaded after import = 1
========================================================================
Received Import Request.
  Time of request: 2026-08-05T18:44:52.9346482Z
  Time since last request: 0.0003028 seconds.
  importAddress: GUID: 7edabebf429ea534a8a5bbdf10b327d1 - Path: Packages/com.unity.render-pipelines.universal/Editor/VFXGraph/Shaders/Templates/VFXParticleLitMesh.template - Importer: ScriptedImporter/UnityEditor.QuickSearchModule:UnityEditor.Search:ASIAI0B
Importing 'GUID: 7edabebf429ea534a8a5bbdf10b327d1 - Path: Packages/com.unity.render-pipelines.universal/Editor/VFXGraph/Shaders/Templates/VFXParticleLitMesh.template - Importer: ScriptedImporter/UnityEditor.QuickSearchModule:UnityEditor.Search:ASIAI0B' with importer (ScriptedImporter : UnityEditor.QuickSearchModule:UnityEditor.Search:ASIAI0B)
Imported 'GUID: 7edabebf429ea534a8a5bbdf10b327d1' -> (Import Result ID: '76576bc11e9ea5347cf30ac18d61995a') in 0.002 seconds [static and dynamic dependencies]. Details - ImportResultOutputID=e35946b7625bc8b406f9c96c623eb457 DependenciesID=5e6c125137827e49ddd9e86b8b1c887b StaticDependenciesID=ea46a65388012887a7c080986bba342c 
Number of updated asset objects reloaded before import = 0
Number of asset objects unloaded after import = 1
========================================================================
Received Import Request.
  Time of request: 2026-08-05T18:44:52.9589637Z
  Time since last request: 0.0133035 seconds.
  importAddress: GUID: c67e061ed96500e4ba8ddeabc5f46958 - Path: Packages/com.unity.render-pipelines.universal/Runtime/2D/Passes/Utility/LightBatch.cs - Importer: ScriptedImporter/UnityEditor.QuickSearchModule:UnityEditor.Search:ASIAI0B
Importing 'GUID: c67e061ed96500e4ba8ddeabc5f46958 - Path: Packages/com.unity.render-pipelines.universal/Runtime/2D/Passes/Utility/LightBatch.cs - Importer: ScriptedImporter/UnityEditor.QuickSearchModule:UnityEditor.Search:ASIAI0B' with importer (ScriptedImporter : UnityEditor.QuickSearchModule:UnityEditor.Search:ASIAI0B)
Imported 'GUID: c67e061ed96500e4ba8ddeabc5f46958' -> (Import Result ID: '5e8a3d3c1a2a8db1e380d5ef2c5f6e24') in 0.003 seconds [static and dynamic dependencies]. Details - ImportResultOutputID=a6a947cb595cb429ada3f7aaa71d93a1 DependenciesID=13680dfcc469de02677b66ff285a5387 StaticDependenciesID=c89102d47bb8d96a1dfb9e72c43a4e99 
Number of updated asset objects reloaded before import = 0
Number of asset objects unloaded after import = 0
========================================================================
Received Import Request.
  Time of request: 2026-08-05T18:44:52.9694523Z
  Time since last request: 0.0007192 seconds.
  importAddress: GUID: ed5876db37f0e544c8ef9b9802eff934 - Path: Packages/com.unity.render-pipelines.universal/Runtime/2D/Shadows/Shadow Provider Utility/ShadowUtility.cs - Importer: ScriptedImporter/UnityEditor.QuickSearchModule:UnityEditor.Search:ASIAI0B
Importing 'GUID: ed5876db37f0e544c8ef9b9802eff934 - Path: Packages/com.unity.render-pipelines.universal/Runtime/2D/Shadows/Shadow Provider Utility/ShadowUtility.cs - Importer: ScriptedImporter/UnityEditor.QuickSearchModule:UnityEditor.Search:ASIAI0B' with importer (ScriptedImporter : UnityEditor.QuickSearchModule:UnityEditor.Search:ASIAI0B)
Imported 'GUID: ed5876db37f0e544c8ef9b9802eff934' -> (Import Result ID: '47f7ad162d5758a097f93610ea1a1245') in 0.003 seconds [static and dynamic dependencies]. Details - ImportResultOutputID=7413b9ea41e080969d229fc872ccf262 DependenciesID=22810a34f2f7c5e397584f2c9ffae05b StaticDependenciesID=7108d6734ea18a8b930004e5ecfa6657 
Number of updated asset objects reloaded before import = 0
Number of asset objects unloaded after import = 0
========================================================================
Received Import Request.
  Time of request: 2026-08-05T18:44:52.9820426Z
  Time since last request: 0.0002427 seconds.
  importAddress: GUID: 7967efc2e5a28854bb33f9b07eee5675 - Path: Packages/com.unity.render-pipelines.universal/Runtime/2D/Shadows/Shadow Provider Utility/ShadowShape2D.cs - Importer: ScriptedImporter/UnityEditor.QuickSearchModule:UnityEditor.Search:ASIAI0B
Importing 'GUID: 7967efc2e5a28854bb33f9b07eee5675 - Path: Packages/com.unity.render-pipelines.universal/Runtime/2D/Shadows/Shadow Provider Utility/ShadowShape2D.cs - Importer: ScriptedImporter/UnityEditor.QuickSearchModule:UnityEditor.Search:ASIAI0B' with importer (ScriptedImporter : UnityEditor.QuickSearchModule:UnityEditor.Search:ASIAI0B)
Imported 'GUID: 7967efc2e5a28854bb33f9b07eee5675' -> (Import Result ID: '98643376aeb8677f4c7fb01389e0f81d') in 0.003 seconds [static and dynamic dependencies]. Details - ImportResultOutputID=e44f578358fc16d67b811573a0054106 DependenciesID=44c74ffad5f58d21d9161dd415b49353 StaticDependenciesID=21bcceed66b7c1f3d093b5c8763f65db 
Number of updated asset objects reloaded before import = 0
Number of asset objects unloaded after import = 0
========================================================================
Received Import Request.
  Time of request: 2026-08-05T18:44:53.0106744Z
  Time since last request: 0.0171945 seconds.
  importAddress: GUID: 40cf578c410cce34895b4a55f12d31d1 - Path: Packages/com.unity.render-pipelines.universal/Editor/VFXGraph/Shaders/Templates/ParticlePlanarPrimitivesLit/PassVelocity.template - Importer: ScriptedImporter/UnityEditor.QuickSearchModule:UnityEditor.Search:ASIAI0B
Importing 'GUID: 40cf578c410cce34895b4a55f12d31d1 - Path: Packages/com.unity.render-pipelines.universal/Editor/VFXGraph/Shaders/Templates/ParticlePlanarPrimitivesLit/PassVelocity.template - Importer: ScriptedImporter/UnityEditor.QuickSearchModule:UnityEditor.Search:ASIAI0B' with importer (ScriptedImporter : UnityEditor.QuickSearchModule:UnityEditor.Search:ASIAI0B)
Imported 'GUID: 40cf578c410cce34895b4a55f12d31d1' -> (Import Result ID: '3a0d253f4ffa92dff23bc8d4a16b6256') in 0.003 seconds [static and dynamic dependencies]. Details - ImportResultOutputID=cb9a9502f84cf681eeb3f4efef80492a DependenciesID=9c9a125036bb6b0dc52d1510a8b8402d StaticDependenciesID=b38fa3daa3cb195e1220db9f87d5f901 
Number of updated asset objects reloaded before import = 0
Number of asset objects unloaded after import = 1
========================================================================
Received Import Request.
  Time of request: 2026-08-05T18:44:53.0212629Z
  Time since last request: 0.0010223 seconds.
  importAddress: GUID: 5d1c67b3de6d65a44b641566a9d529b4 - Path: Packages/com.unity.render-pipelines.universal/Editor/Tools/Converters/PPv2/EffectConverters/MotionBlurConverter.cs - Importer: ScriptedImporter/UnityEditor.QuickSearchModule:UnityEditor.Search:ASIAI0B
Importing 'GUID: 5d1c67b3de6d65a44b641566a9d529b4 - Path: Packages/com.unity.render-pipelines.universal/Editor/Tools/Converters/PPv2/EffectConverters/MotionBlurConverter.cs - Importer: ScriptedImporter/UnityEditor.QuickSearchModule:UnityEditor.Search:ASIAI0B' with importer (ScriptedImporter : UnityEditor.QuickSearchModule:UnityEditor.Search:ASIAI0B)
Imported 'GUID: 5d1c67b3de6d65a44b641566a9d529b4' -> (Import Result ID: '0c850d660cca83aef55ac1546b7fdfd9') in 0.003 seconds [static and dynamic dependencies]. Details - ImportResultOutputID=995b26f9b6319781d10d9f85fce88f11 DependenciesID=52de29028635d4990280c659d97abf97 StaticDependenciesID=9708e65348cd0470cb53cfe85599fa08 
Number of updated asset objects reloaded before import = 0
Number of asset objects unloaded after import = 0
========================================================================
Received Import Request.
  Time of request: 2026-08-05T18:44:53.032888Z
  Time since last request: 0.0002137 seconds.
  importAddress: GUID: ef0ef98463379a649ba68d026c95ea4d - Path: Packages/com.unity.render-pipelines.universal/Editor/Tools/Converters/PPv2/EffectConverters/LensDistortionConverter.cs - Importer: ScriptedImporter/UnityEditor.QuickSearchModule:UnityEditor.Search:ASIAI0B
Importing 'GUID: ef0ef98463379a649ba68d026c95ea4d - Path: Packages/com.unity.render-pipelines.universal/Editor/Tools/Converters/PPv2/EffectConverters/LensDistortionConverter.cs - Importer: ScriptedImporter/UnityEditor.QuickSearchModule:UnityEditor.Search:ASIAI0B' with importer (ScriptedImporter : UnityEditor.QuickSearchModule:UnityEditor.Search:ASIAI0B)
Imported 'GUID: ef0ef98463379a649ba68d026c95ea4d' -> (Import Result ID: 'bf5aeb585f2f3c74e37771cd4c6f5296') in 0.002 seconds [static and dynamic dependencies]. Details - ImportResultOutputID=48c0b335fc429d4939e89cd1365f9213 DependenciesID=518a52d0d8e1a5be9d8105e276f95103 StaticDependenciesID=70a6abd3ef39556fd70d9a8bfb83a2ef 
Number of updated asset objects reloaded before import = 0
Number of asset objects unloaded after import = 0
========================================================================
Received Import Request.
  Time of request: 2026-08-05T18:44:53.0420907Z
  Time since last request: 0.0002604 seconds.
  importAddress: GUID: c93687e52abd628448c8f7666b1dbd23 - Path: Packages/com.unity.render-pipelines.universal/Editor/Tools/Converters/PPv2/EffectConverters/ColorGradingConverter.cs - Importer: ScriptedImporter/UnityEditor.QuickSearchModule:UnityEditor.Search:ASIAI0B
Importing 'GUID: c93687e52abd628448c8f7666b1dbd23 - Path: Packages/com.unity.render-pipelines.universal/Editor/Tools/Converters/PPv2/EffectConverters/ColorGradingConverter.cs - Importer: ScriptedImporter/UnityEditor.QuickSearchModule:UnityEditor.Search:ASIAI0B' with importer (ScriptedImporter : UnityEditor.QuickSearchModule:UnityEditor.Search:ASIAI0B)
Imported 'GUID: c93687e52abd628448c8f7666b1dbd23' -> (Import Result ID: '017323d1e454af22f04130b34aacf751') in 0.002 seconds [static and dynamic dependencies]. Details - ImportResultOutputID=07245cbfac149aef20f48e097c8b4230 DependenciesID=dc3102de927f8a2a6391cccf33604d59 StaticDependenciesID=e523a453fd0e9c1c07c3dd07fd0bc04a 
Number of updated asset objects reloaded before import = 0
Number of asset objects unloaded after import = 0
========================================================================
Received Import Request.
  Time of request: 2026-08-05T18:44:53.0514921Z
  Time since last request: 0.0002951 seconds.
  importAddress: GUID: df39fb04691e914469d4b4ae2a027fb4 - Path: Packages/com.unity.render-pipelines.universal/Editor/Tools/Converters/PPv2/EffectConverters/GrainConverter.cs - Importer: ScriptedImporter/UnityEditor.QuickSearchModule:UnityEditor.Search:ASIAI0B
Importing 'GUID: df39fb04691e914469d4b4ae2a027fb4 - Path: Packages/com.unity.render-pipelines.universal/Editor/Tools/Converters/PPv2/EffectConverters/GrainConverter.cs - Importer: ScriptedImporter/UnityEditor.QuickSearchModule:UnityEditor.Search:ASIAI0B' with importer (ScriptedImporter : UnityEditor.QuickSearchModule:UnityEditor.Search:ASIAI0B)
Imported 'GUID: df39fb04691e914469d4b4ae2a027fb4' -> (Import Result ID: '1f8ff22ebea4cf72f0a20ba7e04a3425') in 0.002 seconds [static and dynamic dependencies]. Details - ImportResultOutputID=7599cbad73f5392003e4da9942c0912f DependenciesID=6f3cd1dbd79357a6ee5505a5e53cd0d1 StaticDependenciesID=1e1bb8043ee85199679654cbad12aff4 
Number of updated asset objects reloaded before import = 0
Number of asset objects unloaded after import = 0
========================================================================
Received Import Request.
  Time of request: 2026-08-05T18:44:53.0609003Z
  Time since last request: 0.0002881 seconds.
  importAddress: GUID: 23f922a362522a540b38b85bb2a5353f - Path: Packages/com.unity.render-pipelines.universal/Editor/VFXGraph/Shaders/Templates/ParticleMeshesLit/PassDepth.template - Importer: ScriptedImporter/UnityEditor.QuickSearchModule:UnityEditor.Search:ASIAI0B
Importing 'GUID: 23f922a362522a540b38b85bb2a5353f - Path: Packages/com.unity.render-pipelines.universal/Editor/VFXGraph/Shaders/Templates/ParticleMeshesLit/PassDepth.template - Importer: ScriptedImporter/UnityEditor.QuickSearchModule:UnityEditor.Search:ASIAI0B' with importer (ScriptedImporter : UnityEditor.QuickSearchModule:UnityEditor.Search:ASIAI0B)
Imported 'GUID: 23f922a362522a540b38b85bb2a5353f' -> (Import Result ID: 'cd81e92a6d7599560425495a1de5da1f') in 0.002 seconds [static and dynamic dependencies]. Details - ImportResultOutputID=4afc8e84c22718ad4f6e3ca0d91a4d3c DependenciesID=b4f84f8c8df9a8a01d8f5424d3076d3c StaticDependenciesID=b386b22211f257b6cd3627644eea9c4f 
Number of updated asset objects reloaded before import = 0
Number of asset objects unloaded after import = 1
========================================================================
Received Import Request.
  Time of request: 2026-08-05T18:44:53.0821326Z
  Time since last request: 0.0109628 seconds.
  importAddress: GUID: 613783dc1674e844b87788ea74ede0f6 - Path: Packages/com.unity.2d.tilemap.extras/Runtime/Unity.2D.Tilemap.Extras.asmdef - Importer: ScriptedImporter/UnityEditor.QuickSearchModule:UnityEditor.Search:ASIAI0B
Importing 'GUID: 613783dc1674e844b87788ea74ede0f6 - Path: Packages/com.unity.2d.tilemap.extras/Runtime/Unity.2D.Tilemap.Extras.asmdef - Importer: ScriptedImporter/UnityEditor.QuickSearchModule:UnityEditor.Search:ASIAI0B' with importer (ScriptedImporter : UnityEditor.QuickSearchModule:UnityEditor.Search:ASIAI0B)
Imported 'GUID: 613783dc1674e844b87788ea74ede0f6' -> (Import Result ID: '7f397a1bf463f19e513091e2d16768ac') in 0.009 seconds [static and dynamic dependencies]. Details - ImportResultOutputID=1759b4ff5ec5bdc153e02cb5628a981c DependenciesID=3e8d5388d2667d25edf01348f9b6741f StaticDependenciesID=8045e36bcd908f0bece4161d897c4d53 
Number of updated asset objects reloaded before import = 0
Number of asset objects unloaded after import = 1
========================================================================
Received Import Request.
  Time of request: 2026-08-05T18:44:53.0993077Z
  Time since last request: 0.0002106 seconds.
  importAddress: GUID: c639c93fd368e814686381019d589f37 - Path: Packages/com.unity.render-pipelines.universal/Tests/Editor/Tools/Converters/ReadonlyMaterialConverter/ReadonlyMaterialConverterTests.cs - Importer: ScriptedImporter/UnityEditor.QuickSearchModule:UnityEditor.Search:ASIAI0B
Importing 'GUID: c639c93fd368e814686381019d589f37 - Path: Packages/com.unity.render-pipelines.universal/Tests/Editor/Tools/Converters/ReadonlyMaterialConverter/ReadonlyMaterialConverterTests.cs - Importer: ScriptedImporter/UnityEditor.QuickSearchModule:UnityEditor.Search:ASIAI0B' with importer (ScriptedImporter : UnityEditor.QuickSearchModule:UnityEditor.Search:ASIAI0B)
Imported 'GUID: c639c93fd368e814686381019d589f37' -> (Import Result ID: 'bfc125ffeab303d74488db31f68b4685') in 0.002 seconds [static and dynamic dependencies]. Details - ImportResultOutputID=c17cb44c0861483941a19516286476de DependenciesID=19a3cb3262f4c885e609c2ddb0f09785 StaticDependenciesID=8c9f2d5cb6b18ca4ea5ceeb32cd49423 
Number of updated asset objects reloaded before import = 0
Number of asset objects unloaded after import = 0
========================================================================
Received Import Request.
  Time of request: 2026-08-05T18:44:53.1090507Z
  Time since last request: 0.0002342 seconds.
  importAddress: GUID: c1da4bb8f6d579e4aa0584f149ad9256 - Path: Packages/com.unity.render-pipelines.universal/Tests/Editor/Tools/Converters/AnimationClipConverter/AnimationClipConverterTests.cs - Importer: ScriptedImporter/UnityEditor.QuickSearchModule:UnityEditor.Search:ASIAI0B
Importing 'GUID: c1da4bb8f6d579e4aa0584f149ad9256 - Path: Packages/com.unity.render-pipelines.universal/Tests/Editor/Tools/Converters/AnimationClipConverter/AnimationClipConverterTests.cs - Importer: ScriptedImporter/UnityEditor.QuickSearchModule:UnityEditor.Search:ASIAI0B' with importer (ScriptedImporter : UnityEditor.QuickSearchModule:UnityEditor.Search:ASIAI0B)
Imported 'GUID: c1da4bb8f6d579e4aa0584f149ad9256' -> (Import Result ID: 'ef8577228909a556a6f014a24edfd65f') in 0.002 seconds [static and dynamic dependencies]. Details - ImportResultOutputID=9eb13bcdf89e03165f884518157f0cf0 DependenciesID=bf31a0de24ce920337cf89883e7aab64 StaticDependenciesID=df2a2d057370a50fae1638133f7a725a 
Number of updated asset objects reloaded before import = 0
Number of asset objects unloaded after import = 0
========================================================================
Received Import Request.
  Time of request: 2026-08-05T18:44:53.1391103Z
  Time since last request: 0.0208067 seconds.
  importAddress: GUID: 35a64db21fde55046a6d60c50f766aa7 - Path: Packages/com.unity.2d.tilemap.extras/Editor/Tiles/IsometricRuleTile/IsometricRuleTileEditor.cs - Importer: ScriptedImporter/UnityEditor.QuickSearchModule:UnityEditor.Search:ASIAI0B
Importing 'GUID: 35a64db21fde55046a6d60c50f766aa7 - Path: Packages/com.unity.2d.tilemap.extras/Editor/Tiles/IsometricRuleTile/IsometricRuleTileEditor.cs - Importer: ScriptedImporter/UnityEditor.QuickSearchModule:UnityEditor.Search:ASIAI0B' with importer (ScriptedImporter : UnityEditor.QuickSearchModule:UnityEditor.Search:ASIAI0B)
Imported 'GUID: 35a64db21fde55046a6d60c50f766aa7' -> (Import Result ID: '9f1e187d8b2f0e46247966d25de379dd') in 0.002 seconds [static and dynamic dependencies]. Details - ImportResultOutputID=93cb3294cf0eb353e51b33a200a868e9 DependenciesID=24159211ffde3c2c50e7f3ba29bae0d2 StaticDependenciesID=05dd8bb68bd3e5f84a9b7224b9d624b0 
Number of updated asset objects reloaded before import = 0
Number of asset objects unloaded after import = 0
========================================================================
Received Import Request.
  Time of request: 2026-08-05T18:44:53.1485989Z
  Time since last request: 0.0006127 seconds.
  importAddress: GUID: 75b928454d106411f99eb3c22a2c2eff - Path: Packages/com.unity.2d.tilemap.extras/Editor/Brushes/GroupBrush/GroupBrush@2x.png - Importer: ScriptedImporter/UnityEditor.QuickSearchModule:UnityEditor.Search:ASIAI0B
Importing 'GUID: 75b928454d106411f99eb3c22a2c2eff - Path: Packages/com.unity.2d.tilemap.extras/Editor/Brushes/GroupBrush/GroupBrush@2x.png - Importer: ScriptedImporter/UnityEditor.QuickSearchModule:UnityEditor.Search:ASIAI0B' with importer (ScriptedImporter : UnityEditor.QuickSearchModule:UnityEditor.Search:ASIAI0B)
Imported 'GUID: 75b928454d106411f99eb3c22a2c2eff' -> (Import Result ID: 'c5e4f5f7c741992cff7d2182944d0e46') in 0.010 seconds [static and dynamic dependencies]. Details - ImportResultOutputID=0fdcedda31d787102a9558b14aeefab6 DependenciesID=e7f56fa0826cfdd03cbe89caa2c4f34c StaticDependenciesID=6a52bbb7a10a6ba98122911534112787 
Number of updated asset objects reloaded before import = 0
Number of asset objects unloaded after import = 3
========================================================================
Received Import Request.
  Time of request: 2026-08-05T18:44:53.1661698Z
  Time since last request: 0.0002453 seconds.
  importAddress: GUID: d80edd6caba93514eb01722041fe50b4 - Path: Packages/com.unity.2d.tilemap.extras/Editor/Brushes/RandomBrush/RandomBrush.cs - Importer: ScriptedImporter/UnityEditor.QuickSearchModule:UnityEditor.Search:ASIAI0B
Importing 'GUID: d80edd6caba93514eb01722041fe50b4 - Path: Packages/com.unity.2d.tilemap.extras/Editor/Brushes/RandomBrush/RandomBrush.cs - Importer: ScriptedImporter/UnityEditor.QuickSearchModule:UnityEditor.Search:ASIAI0B' with importer (ScriptedImporter : UnityEditor.QuickSearchModule:UnityEditor.Search:ASIAI0B)
Imported 'GUID: d80edd6caba93514eb01722041fe50b4' -> (Import Result ID: 'd10e4f9fd2ab11f9b273d0b0a80836e8') in 0.002 seconds [static and dynamic dependencies]. Details - ImportResultOutputID=6b251f1c2951e5de425fbed8e7a33d12 DependenciesID=827df784c882f0d65df060104c5de02c StaticDependenciesID=c3e8b2db37c7f5aa8ca21d0877fd1d4f 
Number of updated asset objects reloaded before import = 0
Number of asset objects unloaded after import = 0
========================================================================
Received Import Request.
  Time of request: 2026-08-05T18:44:53.1756082Z
  Time since last request: 0.0003016 seconds.
  importAddress: GUID: fa52298efb877496ab068b8298f7f6aa - Path: Packages/com.unity.2d.tilemap.extras/Editor/Brushes/LineBrush/d_LineBrush@2x.png - Importer: ScriptedImporter/UnityEditor.QuickSearchModule:UnityEditor.Search:ASIAI0B
Importing 'GUID: fa52298efb877496ab068b8298f7f6aa - Path: Packages/com.unity.2d.tilemap.extras/Editor/Brushes/LineBrush/d_LineBrush@2x.png - Importer: ScriptedImporter/UnityEditor.QuickSearchModule:UnityEditor.Search:ASIAI0B' with importer (ScriptedImporter : UnityEditor.QuickSearchModule:UnityEditor.Search:ASIAI0B)
Imported 'GUID: fa52298efb877496ab068b8298f7f6aa' -> (Import Result ID: '16224de4f649b8178126f56151733524') in 0.011 seconds [static and dynamic dependencies]. Details - ImportResultOutputID=0f89a136600cf1ba6014391362a94221 DependenciesID=f8b77ab1cd13858ff9e8bc41c68b2b92 StaticDependenciesID=42e536a5ea07de8012f9ab87c434c277 
Number of updated asset objects reloaded before import = 0
Number of asset objects unloaded after import = 3
========================================================================
Received Import Request.
  Time of request: 2026-08-05T18:44:53.1935736Z
  Time since last request: 0.0003221 seconds.
  importAddress: GUID: 9db2daed973f4a7bac8075fb80ef61f1 - Path: Packages/com.unity.2d.tilemap.extras/Editor/Tiles/RuleTile/RuleTileTemplateUtility.cs - Importer: ScriptedImporter/UnityEditor.QuickSearchModule:UnityEditor.Search:ASIAI0B
Importing 'GUID: 9db2daed973f4a7bac8075fb80ef61f1 - Path: Packages/com.unity.2d.tilemap.extras/Editor/Tiles/RuleTile/RuleTileTemplateUtility.cs - Importer: ScriptedImporter/UnityEditor.QuickSearchModule:UnityEditor.Search:ASIAI0B' with importer (ScriptedImporter : UnityEditor.QuickSearchModule:UnityEditor.Search:ASIAI0B)
Imported 'GUID: 9db2daed973f4a7bac8075fb80ef61f1' -> (Import Result ID: 'a239295be6ac829c61a876a7c5360a6f') in 0.002 seconds [static and dynamic dependencies]. Details - ImportResultOutputID=62827faf8692680811e60758efa820c6 DependenciesID=03f1c0884096a391b65ce97ccc6b7d06 StaticDependenciesID=6c3b579c277824ff223d257ecc603c58 
Number of updated asset objects reloaded before import = 0
Number of asset objects unloaded after import = 0
========================================================================
Received Import Request.
  Time of request: 2026-08-05T18:44:53.2031672Z
  Time since last request: 0.0002601 seconds.
  importAddress: GUID: dd977390416471341b10fd1278290da0 - Path: Packages/com.unity.2d.tilemap.extras/Editor/Tiles/RuleOverrideTile/RuleOverrideTileEditor.cs - Importer: ScriptedImporter/UnityEditor.QuickSearchModule:UnityEditor.Search:ASIAI0B
Importing 'GUID: dd977390416471341b10fd1278290da0 - Path: Packages/com.unity.2d.tilemap.extras/Editor/Tiles/RuleOverrideTile/RuleOverrideTileEditor.cs - Importer: ScriptedImporter/UnityEditor.QuickSearchModule:UnityEditor.Search:ASIAI0B' with importer (ScriptedImporter : UnityEditor.QuickSearchModule:UnityEditor.Search:ASIAI0B)
Imported 'GUID: dd977390416471341b10fd1278290da0' -> (Import Result ID: 'a4b6e11c9dcc5e879f6296c889bfbc7d') in 0.002 seconds [static and dynamic dependencies]. Details - ImportResultOutputID=149ea2f273b7c2310d31deb2f55aa249 DependenciesID=91b388c54759795124112dada0025dd7 StaticDependenciesID=62f645fe3d02716fce789c90fb9f0c0e 
Number of updated asset objects reloaded before import = 0
Number of asset objects unloaded after import = 0
========================================================================
Received Import Request.
  Time of request: 2026-08-05T18:44:53.2404493Z
  Time since last request: 0.0288024 seconds.
  importAddress: GUID: 2ba8bef1806543b47a718ff4d3cb0934 - Path: Packages/com.unity.test-framework.performance/Runtime/Measurements/FrametimeMeasurement.cs - Importer: ScriptedImporter/UnityEditor.QuickSearchModule:UnityEditor.Search:ASIAI0B
Importing 'GUID: 2ba8bef1806543b47a718ff4d3cb0934 - Path: Packages/com.unity.test-framework.performance/Runtime/Measurements/FrametimeMeasurement.cs - Importer: ScriptedImporter/UnityEditor.QuickSearchModule:UnityEditor.Search:ASIAI0B' with importer (ScriptedImporter : UnityEditor.QuickSearchModule:UnityEditor.Search:ASIAI0B)
Imported 'GUID: 2ba8bef1806543b47a718ff4d3cb0934' -> (Import Result ID: '469cdafb17a0a3a05480efbc0ec6393a') in 0.003 seconds [static and dynamic dependencies]. Details - ImportResultOutputID=edd711c2bed81ab96aa5cb8e07506f41 DependenciesID=10a24ede769572f81bdfac2a6ed2cff3 StaticDependenciesID=bc57653a62b548d5cdb503e8f64c134b 
Number of updated asset objects reloaded before import = 0
Number of asset objects unloaded after import = 0
========================================================================
Received Import Request.
  Time of request: 2026-08-05T18:44:53.2501729Z
  Time since last request: 0.0006207 seconds.
  importAddress: GUID: ee0407bcd37e40898951d92a9f60767d - Path: Packages/com.unity.2d.tilemap.extras/Editor/Tiles/AutoTile/UI/AutoTileSpriteSource.cs - Importer: ScriptedImporter/UnityEditor.QuickSearchModule:UnityEditor.Search:ASIAI0B
Importing 'GUID: ee0407bcd37e40898951d92a9f60767d - Path: Packages/com.unity.2d.tilemap.extras/Editor/Tiles/AutoTile/UI/AutoTileSpriteSource.cs - Importer: ScriptedImporter/UnityEditor.QuickSearchModule:UnityEditor.Search:ASIAI0B' with importer (ScriptedImporter : UnityEditor.QuickSearchModule:UnityEditor.Search:ASIAI0B)
Imported 'GUID: ee0407bcd37e40898951d92a9f60767d' -> (Import Result ID: 'bafee14b03b6695e9c06340b5a474659') in 0.002 seconds [static and dynamic dependencies]. Details - ImportResultOutputID=d218d49df654114e123090c1180de320 DependenciesID=93dada5d05d7f382e1443e37a9865a2c StaticDependenciesID=6b2f44a6effbce56c9c067ab017dd0aa 
Number of updated asset objects reloaded before import = 0
Number of asset objects unloaded after import = 0
========================================================================
Received Import Request.
  Time of request: 2026-08-05T18:44:53.2604103Z
  Time since last request: 0.0005623 seconds.
  importAddress: GUID: f660b03f07d34d62990e579338856f5f - Path: Packages/com.unity.test-framework.performance/Editor/UIElements/ToolbarWithSearch.cs - Importer: ScriptedImporter/UnityEditor.QuickSearchModule:UnityEditor.Search:ASIAI0B
Importing 'GUID: f660b03f07d34d62990e579338856f5f - Path: Packages/com.unity.test-framework.performance/Editor/UIElements/ToolbarWithSearch.cs - Importer: ScriptedImporter/UnityEditor.QuickSearchModule:UnityEditor.Search:ASIAI0B' with importer (ScriptedImporter : UnityEditor.QuickSearchModule:UnityEditor.Search:ASIAI0B)
Imported 'GUID: f660b03f07d34d62990e579338856f5f' -> (Import Result ID: '3fc5973a57e874dd953abbe3fb926374') in 0.003 seconds [static and dynamic dependencies]. Details - ImportResultOutputID=2e015f4763e56dec9310005755eb6fe3 DependenciesID=3c66337b1e98b97efe048061d9006cbb StaticDependenciesID=6caa88ef241aa78e5edf87acaddd6496 
Number of updated asset objects reloaded before import = 0
Number of asset objects unloaded after import = 0
========================================================================
Received Import Request.
  Time of request: 2026-08-05T18:44:53.2713382Z
  Time since last request: 0.000768 seconds.
  importAddress: GUID: f97b05006f7e8f34bbde1823b11b5308 - Path: Packages/com.unity.test-framework.performance/Runtime/Attributes/PerformanceAttribute.cs - Importer: ScriptedImporter/UnityEditor.QuickSearchModule:UnityEditor.Search:ASIAI0B
Importing 'GUID: f97b05006f7e8f34bbde1823b11b5308 - Path: Packages/com.unity.test-framework.performance/Runtime/Attributes/PerformanceAttribute.cs - Importer: ScriptedImporter/UnityEditor.QuickSearchModule:UnityEditor.Search:ASIAI0B' with importer (ScriptedImporter : UnityEditor.QuickSearchModule:UnityEditor.Search:ASIAI0B)
Imported 'GUID: f97b05006f7e8f34bbde1823b11b5308' -> (Import Result ID: 'abf08e968d73d2edeb965df2a18e0b5f') in 0.002 seconds [static and dynamic dependencies]. Details - ImportResultOutputID=5842cb9a5e06a2bf10692e5a011c0085 DependenciesID=df769c7e2f11253c9ae1efe1367b6cdb StaticDependenciesID=8bc85d648caa37612fc427affb9d0e9f 
Number of updated asset objects reloaded before import = 0
Number of asset objects unloaded after import = 0
========================================================================
Received Import Request.
  Time of request: 2026-08-05T18:44:53.2805958Z
  Time since last request: 0.0003421 seconds.
  importAddress: GUID: ea30bf37a2f167f4aa4086531e8d5b03 - Path: Packages/com.unity.test-framework.performance/Runtime/Data/SampleGroup.cs - Importer: ScriptedImporter/UnityEditor.QuickSearchModule:UnityEditor.Search:ASIAI0B
Importing 'GUID: ea30bf37a2f167f4aa4086531e8d5b03 - Path: Packages/com.unity.test-framework.performance/Runtime/Data/SampleGroup.cs - Importer: ScriptedImporter/UnityEditor.QuickSearchModule:UnityEditor.Search:ASIAI0B' with importer (ScriptedImporter : UnityEditor.QuickSearchModule:UnityEditor.Search:ASIAI0B)
Imported 'GUID: ea30bf37a2f167f4aa4086531e8d5b03' -> (Import Result ID: '6b7e523407617e7e1a6f391516902bfe') in 0.003 seconds [static and dynamic dependencies]. Details - ImportResultOutputID=e22ca13da785e8da65b69abcf1c45c03 DependenciesID=6110b572a7e25651f37ff0af1aad32a5 StaticDependenciesID=fa44bb7e6ddc9ef6f631dd5cae66701a 
Number of updated asset objects reloaded before import = 0
Number of asset objects unloaded after import = 0
========================================================================
Received Import Request.
  Time of request: 2026-08-05T18:44:53.2922614Z
  Time since last request: 0.0001951 seconds.
  importAddress: GUID: acd1f5cc793f24d4ba37a3c34952bde0 - Path: Packages/com.unity.test-framework.performance/Editor/TestResultXmlParser.cs - Importer: ScriptedImporter/UnityEditor.QuickSearchModule:UnityEditor.Search:ASIAI0B
Importing 'GUID: acd1f5cc793f24d4ba37a3c34952bde0 - Path: Packages/com.unity.test-framework.performance/Editor/TestResultXmlParser.cs - Importer: ScriptedImporter/UnityEditor.QuickSearchModule:UnityEditor.Search:ASIAI0B' with importer (ScriptedImporter : UnityEditor.QuickSearchModule:UnityEditor.Search:ASIAI0B)
Imported 'GUID: acd1f5cc793f24d4ba37a3c34952bde0' -> (Import Result ID: '8586428b474f87b6dc7e0cc85a349f77') in 0.003 seconds [static and dynamic dependencies]. Details - ImportResultOutputID=fcd4e144b2b60b07f0f99d366e3b9b36 DependenciesID=81e12f33e64581e0c482646b581ec10f StaticDependenciesID=0091d67b75d5eedb2f73f58f07b7584c 
Number of updated asset objects reloaded before import = 0
Number of asset objects unloaded after import = 0
========================================================================
Received Import Request.
  Time of request: 2026-08-05T18:44:53.3039179Z
  Time since last request: 0.0002111 seconds.
  importAddress: GUID: 6b7e8a2b3c6739c44a35905b9331e9b4 - Path: Packages/com.unity.test-framework.performance/Editor/PerformanceTestBuildAssemblyFilter.cs - Importer: ScriptedImporter/UnityEditor.QuickSearchModule:UnityEditor.Search:ASIAI0B
Importing 'GUID: 6b7e8a2b3c6739c44a35905b9331e9b4 - Path: Packages/com.unity.test-framework.performance/Editor/PerformanceTestBuildAssemblyFilter.cs - Importer: ScriptedImporter/UnityEditor.QuickSearchModule:UnityEditor.Search:ASIAI0B' with importer (ScriptedImporter : UnityEditor.QuickSearchModule:UnityEditor.Search:ASIAI0B)
Imported 'GUID: 6b7e8a2b3c6739c44a35905b9331e9b4' -> (Import Result ID: '3124955eb2bed9b0daf46ec8dd96101a') in 0.003 seconds [static and dynamic dependencies]. Details - ImportResultOutputID=1e38d4c5e752b864ce0ab6c5cfbd374d DependenciesID=6cb8e399b387145a87bbb36e1f9f0ac1 StaticDependenciesID=ff14f2708fd5b102a74624146ac0eb70 
Number of updated asset objects reloaded before import = 0
Number of asset objects unloaded after import = 0
========================================================================
Received Import Request.
  Time of request: 2026-08-05T18:44:53.3146976Z
  Time since last request: 0.0002278 seconds.
  importAddress: GUID: 60f3b660212a40e7afb5bf15edcd64f2 - Path: Packages/com.unity.test-framework.performance/Runtime/Data/RunSettings.cs - Importer: ScriptedImporter/UnityEditor.QuickSearchModule:UnityEditor.Search:ASIAI0B
Importing 'GUID: 60f3b660212a40e7afb5bf15edcd64f2 - Path: Packages/com.unity.test-framework.performance/Runtime/Data/RunSettings.cs - Importer: ScriptedImporter/UnityEditor.QuickSearchModule:UnityEditor.Search:ASIAI0B' with importer (ScriptedImporter : UnityEditor.QuickSearchModule:UnityEditor.Search:ASIAI0B)
Imported 'GUID: 60f3b660212a40e7afb5bf15edcd64f2' -> (Import Result ID: 'c9b7a1433e11642b6446020d796aa0df') in 0.002 seconds [static and dynamic dependencies]. Details - ImportResultOutputID=964bcfdc114e2521ce82f9abb178d5b4 DependenciesID=4763f5779a3b813a7ac294332dd6bda6 StaticDependenciesID=9ebaea1d111f114d7093c588d570a52d 
Number of updated asset objects reloaded before import = 0
Number of asset objects unloaded after import = 0
========================================================================
Received Import Request.
  Time of request: 2026-08-05T18:44:53.3244261Z
  Time since last request: 0.0003239 seconds.
  importAddress: GUID: 45422469be932c24aa3fc0ed68b1c6d9 - Path: Packages/com.unity.test-framework.performance/Runtime/PerformanceTestException.cs - Importer: ScriptedImporter/UnityEditor.QuickSearchModule:UnityEditor.Search:ASIAI0B
Importing 'GUID: 45422469be932c24aa3fc0ed68b1c6d9 - Path: Packages/com.unity.test-framework.performance/Runtime/PerformanceTestException.cs - Importer: ScriptedImporter/UnityEditor.QuickSearchModule:UnityEditor.Search:ASIAI0B' with importer (ScriptedImporter : UnityEditor.QuickSearchModule:UnityEditor.Search:ASIAI0B)
Imported 'GUID: 45422469be932c24aa3fc0ed68b1c6d9' -> (Import Result ID: 'bfe86c228edd0441d7c963a053f021a0') in 0.002 seconds [static and dynamic dependencies]. Details - ImportResultOutputID=dacf403cae1947672dfa9b0fdb0033ed DependenciesID=48fbf486aec59c6cf384c4ff39330812 StaticDependenciesID=c9746644021a94067054182408746dc5 
Number of updated asset objects reloaded before import = 0
Number of asset objects unloaded after import = 0
Editor requested this worker to shutdown with reason: Scaling down because of idle timeout
AcceleratorClientConnectionCallback - disconnected - :0
AssetImportWorker is now disconnected from the server
Process exiting
Exiting without the bug reporter. Application will terminate with return code 0